city,country,iso2,admin,population,capital,main_airport_iata,airport_name,airport_dist_km,all_nearby_airports,qualifies_by,aviation_score,index_score,poi_score_pending,visitor_score,lat,lng
Istanbul,Türkiye,TR,34,14804116,,IST,İstanbul Airport,34.3,IST,pop100k+airport,1.0,1.0,,1.0,41.0138,28.9497
Frankfurt am Main,Germany,DE,05,650000,,FRA,Frankfurt Main Airport,13.3,FRA,pop100k+airport,0.963,1.0,,0.981,50.1155,8.6842
London,United Kingdom,GB,ENG,7556900,yes,LHR,London Heathrow Airport,23.5,LCY+LGW+LHR,pop100k+capital+airport,0.954,1.0,,0.977,51.5085,-0.1257
New York City,United States,US,NY,8175133,,JFK,John F. Kennedy International Airport,20.8,EWR+JFK+JRA+LGA+NYS+TEB+TSS,pop100k+airport,0.943,1.0,,0.971,40.7143,-74.006
Paris,France,FR,11,2138551,yes,CDG,Charles de Gaulle International Airport,22.9,CDG+LBG+ORY,pop100k+capital+airport,0.938,1.0,,0.969,48.8534,2.3488
Marne-la-Vallée,France,FR,11,320000,,,,,CDG,index,0.938,1.0,,0.969,48.8547,2.7744
Los Angeles,United States,US,CA,3971883,,LAX,Los Angeles International Airport,19.5,BUR+HHR+LAX,pop100k+airport,0.932,1.0,,0.966,34.0522,-118.2437
Amsterdam,Netherlands,NL,07,741636,yes,AMS,Amsterdam Airport Schiphol,11.2,AMS,pop100k+capital+airport,0.931,1.0,,0.966,52.374,4.8897
San Francisco,United States,US,CA,864816,,SFO,San Francisco International Airport,17.7,OAK+SFO,pop100k+airport,0.92,1.0,,0.96,37.7749,-122.4194
Tokyo,Japan,JP,40,8336599,yes,HND,Tokyo Haneda International Airport,17.8,HND,pop100k+capital+airport,0.908,1.0,,0.954,35.6895,139.6917
Sydney,Australia,AU,02,4627345,,SYD,Sydney Kingsford Smith International Airport,9.1,LBH+SYD+WSI,pop100k+airport,0.909,1.0,,0.954,-33.8678,151.2073
Las Vegas,United States,US,NV,623747,,LAS,Harry Reid International Airport,10.3,LAS,pop100k+airport,0.905,1.0,,0.953,36.175,-115.1372
Dubai,UAE,AE,03,2956587,,DXB,Dubai International Airport,20.2,DWC+DXB,pop100k+airport,0.904,1.0,,0.952,25.0772,55.3093
Sharjah,UAE,AE,06,1324473,,DXB,Dubai International Airport,10.6,DXB+SHJ,pop100k+airport,0.904,1.0,,0.952,25.3374,55.4121
Vienna,Austria,AT,09,1691468,yes,VIE,Vienna International Airport,18.3,VIE,pop100k+capital+airport,0.899,1.0,,0.95,48.2085,16.3721
São Paulo,Brazil,BR,27,10021295,,GRU,São Paulo/Guarulhos–Governor André Franco Montoro International Airport,21.3,CGH+GRU,pop100k+airport,0.899,1.0,,0.949,-23.5475,-46.6361
Doha,Qatar,QA,01,344939,yes,DOH,Hamad International Airport,7.9,DIA+DOH,pop100k+capital+airport,0.895,1.0,,0.948,25.2855,51.531
Toronto,Canada,CA,08,2600000,,YYZ,Toronto Pearson International Airport,17.3,YTZ+YYZ,pop100k+airport,0.889,1.0,,0.944,43.7001,-79.4163
Barcelona,Spain,ES,56,1621537,,BCN,Josep Tarradellas Barcelona-El Prat Airport,12.2,BCN,pop100k+airport,0.889,1.0,,0.944,41.3888,2.159
Munich,Germany,DE,02,1260391,,MUC,Munich Airport,28.7,MUC,pop100k+airport,0.886,1.0,,0.943,48.1374,11.5755
Bangkok,Thailand,TH,40,5104476,yes,BKK,Suvarnabhumi Airport,27.7,BKK+DMK,pop100k+capital+airport,0.879,1.0,,0.94,13.754,100.5014
Brussels,Belgium,BE,BRU,1019022,yes,BRU,Brussels Airport,11.1,BRU,pop100k+capital,0.879,1.0,,0.94,50.8505,4.3488
Madrid,Spain,ES,29,3255944,yes,MAD,Adolfo Suárez Madrid–Barajas Airport,14.0,MAD,pop100k+capital+airport,0.874,1.0,,0.937,40.4165,-3.7026
Vancouver,Canada,CA,02,600000,,YVR,Vancouver International Airport,7.8,CXH+YVR,pop100k+airport,0.873,1.0,,0.937,49.2497,-123.1193
Shanghai,China,CN,23,22315474,,SHA,Shanghai Hongqiao International Airport,12.1,SHA,pop100k,0.871,1.0,,0.936,31.2222,121.4581
Delhi,India,IN,07,10927986,,DEL,Indira Gandhi International Airport,17.1,DEL+HDO,pop100k,0.872,1.0,,0.936,28.6519,77.2315
Miami,United States,US,FL,441003,,MIA,Miami International Airport,9.9,MIA+OPF,pop100k+airport,0.872,1.0,,0.936,25.7743,-80.1937
Zürich,Switzerland,CH,ZH,341730,,ZRH,Zürich Airport,10.2,ZRH,pop100k+airport,0.873,1.0,,0.936,47.3667,8.55
Buenos Aires,Argentina,AR,07,13076300,yes,AEP,Aeroparque Jorge Newbery,6.9,AEP,pop100k+capital+airport,0.87,1.0,,0.935,-34.6131,-58.3772
Orlando,United States,US,FL,270934,,MCO,Orlando International Airport,13.9,MCO+SFB,pop100k+airport,0.867,1.0,,0.934,28.5383,-81.3792
Mexico City,Mexico,MX,09,12294193,yes,MEX,Mexico City Benito Juárez International Airport,6.1,MEX+NLU,pop100k+capital+airport,0.865,1.0,,0.932,19.4285,-99.1277
Melbourne,Australia,AU,07,4246375,,MEL,Melbourne Airport,19.4,MBW+MEB+MEL,pop100k+airport,0.861,1.0,,0.93,-37.814,144.9633
Beijing,China,CN,22,11716620,yes,PEK,Beijing Capital International Airport,25.4,PEK+PKX,pop100k+capital+airport,0.854,1.0,,0.927,39.9075,116.3972
"Washington, D.C.",United States,US,DC,601723,yes,DCA,Ronald Reagan Washington National Airport,4.8,DCA,pop100k+capital+airport,0.851,1.0,,0.925,38.8951,-77.0364
Singapore,Singapore,SG,01,3547809,yes,SIN,Singapore Changi Airport,17.4,SIN+XSP,pop100k+capital+airport,0.847,1.0,,0.924,1.2897,103.8501
Montréal,Canada,CA,10,1600000,,YUL,Montreal / Pierre Elliott Trudeau International Airport,12.9,YHU+YMX+YUL,pop100k+airport,0.849,1.0,,0.924,45.5088,-73.5878
Shenzhen,China,CN,30,10358381,,SZX,Shenzhen Bao'an International Airport,29.1,SZX,pop100k+airport,0.846,1.0,,0.923,22.5455,114.0683
Rome,Italy,IT,07,2318895,yes,FCO,Rome–Fiumicino Leonardo da Vinci International Airport,23.6,CIA+FCO,pop100k+capital+airport,0.838,1.0,,0.919,41.8919,12.5113
Santiago,Chile,CL,12,4837295,yes,SCL,Comodoro Arturo Merino Benítez International Airport,14.6,SCL,pop100k+capital+airport,0.836,1.0,,0.918,-33.4569,-70.6483
Stockholm,Sweden,SE,26,1515017,yes,ARN,Stockholm-Arlanda Airport,36.4,ARN+BMA,pop100k+capital+airport,0.834,1.0,,0.917,59.3294,18.0687
Berlin,Germany,DE,16,3426354,yes,BER,Berlin Brandenburg Airport,19.1,BER,pop100k+capital+airport,0.83,1.0,,0.915,52.5244,13.4105
Lima,Peru,PE,LMA,7737002,yes,LIM,Jorge Chávez International Airport,9.7,LIM,pop100k+capital+airport,0.825,1.0,,0.913,-12.0432,-77.0282
Helsinki,Finland,FI,01,558457,yes,HEL,Helsinki Vantaa Airport,16.6,HEL,pop100k+capital,0.823,1.0,,0.912,60.1695,24.9354
Cairo,Egypt,EG,11,7734614,yes,CAI,Cairo International Airport,15.2,CAI,pop100k+capital+airport,0.82,1.0,,0.91,30.0626,31.2497
Athens,Greece,GR,ESYE31,664046,yes,ATH,Athens Eleftherios Venizelos International Airport,19.7,ATH,pop100k+capital,0.82,1.0,,0.91,37.9838,23.7278
Lisbon,Portugal,PT,14,517802,yes,LIS,Lisbon Humberto Delgado Airport,7.2,CAT+LIS,pop100k+capital+airport,0.819,1.0,,0.91,38.7167,-9.1333
Hong Kong,Hong Kong (SAR),HK,HCW,7012738,yes,HKG,Hong Kong International Airport,27.0,HHP+HKG,pop100k+capital+airport,0.817,1.0,,0.909,22.2783,114.1747
Warsaw,Poland,PL,78,1702139,yes,WAW,Warsaw Chopin Airport,7.7,WAW,pop100k+capital+airport,0.817,1.0,,0.908,52.2298,21.0118
Cancún,Mexico,MX,23,628306,,CUN,Cancún International Airport,15.1,CUN,pop100k+airport,0.817,1.0,,0.908,21.1743,-86.8466
Seoul,South Korea,KR,11,10349312,yes,ICN,Incheon International Airport,47.7,GMP+ICN,pop100k+capital+airport,0.814,1.0,,0.907,37.566,126.9784
Abu Dhabi,UAE,AE,01,603492,yes,AUH,Zayed International Airport,25.6,AUH,pop100k+capital+airport,0.81,1.0,,0.905,24.4512,54.397
Ho Chi Minh City,Vietnam,VN,20,3467331,,SGN,Tan Son Nhat International Airport,2.5,SGN,pop100k+airport,0.807,1.0,,0.904,10.823,106.6296
Copenhagen,Denmark,DK,17,1153615,yes,CPH,Copenhagen Kastrup Airport,8.6,CPH,pop100k+capital+airport,0.798,1.0,,0.899,55.6759,12.5655
Honolulu,United States,US,HI,371657,,HNL,Daniel K. Inouye International Airport,7.1,HNL,pop100k+airport,0.793,1.0,,0.897,21.3069,-157.8583
Riyadh,Saudi Arabia,SA,10,4205961,yes,RUH,King Khalid International Airport,30.1,RUH,pop100k+capital+airport,0.792,1.0,,0.896,24.6877,46.7219
Fukuoka,Japan,JP,07,1392289,,FUK,Fukuoka Airport,3.5,FUK,pop100k+airport,0.789,1.0,,0.895,33.6,130.4167
Dublin,Ireland,IE,L,1024027,yes,DUB,Dublin Airport,10.7,DUB,pop100k+capital+airport,0.781,1.0,,0.891,53.3331,-6.2489
Osaka,Japan,JP,32,2592413,,ITM,Osaka Itami International Airport,11.2,ITM+KIX,pop100k+airport,0.774,1.0,,0.887,34.6937,135.5022
Denpasar,Indonesia,ID,02,834881,,DPS,Denpasar I Gusti Ngurah Rai International Airport,12.2,DPS,pop100k,0.773,1.0,,0.887,-8.65,115.2167
Bologna,Italy,IT,05,366133,,BLQ,Bologna Guglielmo Marconi Airport,6.1,BLQ,pop100k+airport,0.773,1.0,,0.886,44.4938,11.3387
Rio de Janeiro,Brazil,BR,21,6023699,,GIG,Rio Galeão – Tom Jobim International Airport,12.8,GIG+RRJ+SDU,pop100k+airport,0.769,1.0,,0.885,-22.9064,-43.1822
Prague,Czechia,CZ,52,1165581,yes,PRG,Václav Havel Airport Prague,11.6,PRG,pop100k+capital+airport,0.771,1.0,,0.885,50.088,14.4208
Milan,Italy,IT,09,1236837,,LIN,Milano Linate Airport,7.1,LIN,pop100k+airport,0.765,1.0,,0.883,45.4643,9.1895
Edinburgh,United Kingdom,GB,SCT,464990,,EDI,Edinburgh Airport,10.9,EDI,pop100k+airport,0.766,1.0,,0.883,55.9521,-3.1965
Hanoi,Vietnam,VN,44,1431270,yes,HAN,Noi Bai International Airport,22.2,HAN,pop100k+capital,0.757,1.0,,0.878,21.0245,105.8412
Tel Aviv,Israel,IL,05,432892,,TLV,Ben Gurion International Airport,12.6,TLV,pop100k+airport,0.755,1.0,,0.878,32.0809,34.7806
Palma,Spain,ES,07,401270,,PMI,Palma de Mallorca Airport,7.8,PMI,pop100k+airport,0.755,1.0,,0.878,39.5694,2.6502
Cape Town,South Africa,ZA,11,3433441,,CPT,Cape Town International Airport,17.5,CPT,pop100k+airport,0.749,1.0,,0.875,-33.9258,18.4232
Budapest,Hungary,HU,05,1741041,yes,BUD,Budapest Liszt Ferenc International Airport,18.3,BUD,pop100k+capital+airport,0.75,1.0,,0.875,47.4984,19.0404
Antalya,Türkiye,TR,07,758188,,AYT,Antalya International Airport,9.4,AYT,pop100k+airport,0.75,1.0,,0.875,36.9081,30.6956
Sapporo,Japan,JP,12,1883027,,CTS,New Chitose Airport,42.7,CTS+OKD,pop100k+airport,0.745,1.0,,0.873,43.0667,141.35
Nice,France,FR,93,338620,,NCE,Nice-Côte d'Azur Airport,6.4,MCM+NCE,pop100k+airport,0.745,1.0,,0.872,43.7031,7.2661
Venice,Italy,IT,20,51298,,VCE,Venice Marco Polo Airport,7.7,VCE,airport,0.744,1.0,,0.872,45.4371,12.3326
Busan,South Korea,KR,10,3678555,,PUS,Gimhae International Airport,12.0,PUS,pop100k+airport,0.711,1.0,,0.855,35.1017,129.03
Valencia,Spain,ES,60,814208,,VLC,Valencia Airport,9.1,VLC,pop100k+airport,0.708,1.0,,0.854,39.4697,-0.3774
Phuket,Thailand,TH,62,89072,,HKT,Phuket International Airport,26.3,HKT,airport,0.705,1.0,,0.853,7.8906,98.3981
Verona,Italy,IT,20,219103,,VRN,Verona Villafranca Valerio Catullo Airport,8.5,VRN,pop100k+airport,0.698,1.0,,0.849,45.4299,10.9844
Macau,Macau (SAR),MO,02,520400,yes,MFM,Macau International Airport,7.4,MFM,pop100k+capital+airport,0.694,1.0,,0.847,22.2006,113.5461
Zhuhai,China,CN,30,501199,,MFM,Macau International Airport,14.4,MFM,pop100k,0.694,1.0,,0.847,22.2769,113.5678
Sevilla,Spain,ES,51,703206,,SVQ,Seville Airport,8.1,SVQ,pop100k+airport,0.691,1.0,,0.845,37.3828,-5.9732
Punta Cana,Dominican Republic,DO,10,100023,,PUJ,Punta Cana International Airport,4.5,PUJ,pop100k+airport,0.684,1.0,,0.842,18.5818,-68.4043
Taipei,Taiwan,TW,04,7871900,yes,TSA,Taipei Songshan International Airport,3.0,TSA,pop100k+capital+airport,0.679,1.0,,0.84,25.0478,121.5319
Kraków,Poland,PL,77,755050,,KRK,Kraków John Paul II International Airport,11.0,KRK,pop100k,0.677,1.0,,0.838,50.0614,19.9366
Porto,Portugal,PT,17,249633,,OPO,Francisco de Sá Carneiro Airport,12.4,OPO,pop100k+airport,0.676,1.0,,0.838,41.1496,-8.611
Johor Bahru,Malaysia,MY,01,802489,,JHB,Senai International Airport,21.8,JHB+XSP,pop100k+airport,0.668,1.0,,0.834,1.4655,103.7578
Vilnius,Lithuania,LT,65,542366,yes,VNO,Vilnius International Airport,6.1,VNO,pop100k+capital+airport,0.668,1.0,,0.834,54.6892,25.2798
Kuala Lumpur,Malaysia,MY,14,1453975,yes,SZB,Sultan Abdul Aziz Shah International Airport,15.3,SZB,pop100k+capital,0.664,1.0,,0.832,3.1412,101.6865
Medina,Saudi Arabia,SA,05,1300000,,MED,Prince Mohammad Bin Abdulaziz Airport,13.2,MED,pop100k+airport,0.664,1.0,,0.832,24.4686,39.6142
Thessaloníki,Greece,GR,ESYE12,354290,,SKG,Thessaloniki Macedonia International Airport,14.2,SKG,pop100k+airport,0.659,1.0,,0.829,40.6436,22.9309
Florence,Italy,IT,16,349296,,FLR,"Florence Airport, Peretola",4.8,FLR,pop100k+airport,0.657,1.0,,0.829,43.7792,11.2463
Tallinn,Estonia,EE,01,394024,yes,TLL,Lennart Meri Tallinn Airport,5.2,CHE+TLL,pop100k+capital+airport,0.643,1.0,,0.822,59.437,24.7535
Tbilisi,Georgia,GE,51,1049498,yes,TBS,Tbilisi International Airport,10.4,TBS,pop100k+capital+airport,0.631,1.0,,0.816,41.6941,44.8337
Marrakesh,Morocco,MA,07,839296,,RAK,Marrakesh Menara Airport,4.7,RAK,pop100k+airport,0.628,1.0,,0.814,31.6342,-7.9999
Ródos,Greece,GR,ESYE42,56128,,RHO,"Rhodes International Airport ""Diagoras""",12.6,RHO,index,0.614,1.0,,0.807,36.4356,28.222
Irákleion,Greece,GR,ESYE43,137154,,HER,Heraklion International Nikos Kazantzakis Airport,3.6,HER,pop100k+airport,0.612,1.0,,0.806,35.3279,25.1434
Guangzhou,China,CN,30,11071424,,FUO,Foshan Shadi Airport,18.7,FUO,pop100k,0.534,1.0,,0.767,23.1167,113.25
Kyoto,Japan,JP,22,1459640,,,,,,pop100k,0.0,1.0,,0.5,35.0211,135.7538
Mecca,Saudi Arabia,SA,14,1323624,,,,,,pop100k,0.0,1.0,,0.5,21.4266,39.8256
Jerusalem,Israel,IL,06,801000,,,,,,pop100k,0.0,1.0,,0.5,31.769,35.2163
Oslo,Norway,NO,12,580000,yes,,,,,pop100k+capital,0.0,1.0,,0.5,59.9127,10.7461
Sultangazi,Türkiye,TR,34,436935,,IST,İstanbul Airport,21.9,IST,pop100k,1.0,0.0,,0.5,41.1065,28.8685
Arnavutköy,Türkiye,TR,34,198165,,IST,İstanbul Airport,10.2,IST,pop100k,1.0,0.0,,0.5,41.1835,28.7402
Başakşehir,Türkiye,TR,34,193750,,IST,İstanbul Airport,21.0,IST,pop100k,1.0,0.0,,0.5,41.0931,28.802
Pattaya,Thailand,TH,46,97296,,,,,,index,0.0,1.0,,0.5,12.9333,100.8833
Chicago,United States,US,IL,2720546,,ORD,Chicago O'Hare International Airport,25.5,MDW+ORD,pop100k+airport,0.986,0.0,,0.493,41.85,-87.65
Cicero,United States,US,IL,83886,,ORD,Chicago O'Hare International Airport,19.4,MDW+ORD,airport,0.986,0.0,,0.493,41.8456,-87.7539
Des Plaines,United States,US,IL,58677,,ORD,Chicago O'Hare International Airport,6.3,ORD,airport,0.986,0.0,,0.493,42.0334,-87.8834
Berwyn,United States,US,IL,56368,,ORD,Chicago O'Hare International Airport,16.9,MDW+ORD,airport,0.986,0.0,,0.493,41.8506,-87.7937
Elmhurst,United States,US,IL,45957,,ORD,Chicago O'Hare International Airport,9.3,MDW+ORD,airport,0.986,0.0,,0.493,41.8995,-87.9403
Park Ridge,United States,US,IL,37757,,ORD,Chicago O'Hare International Airport,6.4,ORD,airport,0.986,0.0,,0.493,42.0111,-87.8406
Addison,United States,US,IL,37208,,ORD,Chicago O'Hare International Airport,8.7,ORD,airport,0.986,0.0,,0.493,41.9317,-87.989
Elk Grove Village,United States,US,IL,33238,,ORD,Chicago O'Hare International Airport,6.1,ORD,airport,0.986,0.0,,0.493,42.0039,-87.9703
Niles,United States,US,IL,29876,,ORD,Chicago O'Hare International Airport,9.5,ORD,airport,0.986,0.0,,0.493,42.0189,-87.8028
Melrose Park,United States,US,IL,25379,,ORD,Chicago O'Hare International Airport,9.5,MDW+ORD,airport,0.986,0.0,,0.493,41.9006,-87.8567
Fort Worth,United States,US,TX,833319,,FTW,Fort Worth Meacham International Airport,11.2,FTW,pop100k+airport,0.979,0.0,,0.49,32.7254,-97.3208
Haltom City,United States,US,TX,44206,,FTW,Fort Worth Meacham International Airport,8.9,DFW+FTW,airport,0.979,0.0,,0.49,32.7996,-97.2692
Saginaw,United States,US,TX,22079,,FTW,Fort Worth Meacham International Airport,4.5,FTW,airport,0.979,0.0,,0.49,32.8601,-97.3639
Arlington,United States,US,TX,388125,,DFW,Dallas Fort Worth International Airport,19.1,DFW,pop100k,0.979,0.0,,0.489,32.7357,-97.1081
Irving,United States,US,TX,236607,,DFW,Dallas Fort Worth International Airport,12.4,DAL+DFW,pop100k,0.979,0.0,,0.489,32.814,-96.9489
Grand Prairie,United States,US,TX,187809,,DFW,Dallas Fort Worth International Airport,17.2,DAL+DFW,pop100k,0.979,0.0,,0.489,32.746,-96.9978
Carrollton,United States,US,TX,133168,,DFW,Dallas Fort Worth International Airport,15.2,DAL+DFW,pop100k,0.979,0.0,,0.489,32.9537,-96.8903
Lewisville,United States,US,TX,104039,,DFW,Dallas Fort Worth International Airport,17.1,DFW,pop100k,0.979,0.0,,0.489,33.0462,-96.9942
Euless,United States,US,TX,54219,,DFW,Dallas Fort Worth International Airport,7.8,DAL+DFW,airport,0.979,0.0,,0.489,32.8371,-97.082
Grapevine,United States,US,TX,51404,,DFW,Dallas Fort Worth International Airport,5.6,DAL+DFW,airport,0.979,0.0,,0.489,32.9343,-97.0781
Coppell,United States,US,TX,41159,,DFW,Dallas Fort Worth International Airport,6.8,DAL+DFW,airport,0.979,0.0,,0.489,32.9546,-97.015
University Park,United States,US,TX,24759,,DFW,Dallas Fort Worth International Airport,22.8,DAL+DFW,airport,0.979,0.0,,0.489,32.8501,-96.8003
Atlanta,United States,US,GA,463878,,ATL,Hartsfield Jackson Atlanta International Airport,13.0,ATL+PDK,pop100k+airport,0.971,0.0,,0.485,33.749,-84.388
East Point,United States,US,GA,35467,,ATL,Hartsfield Jackson Atlanta International Airport,4.9,ATL,airport,0.971,0.0,,0.485,33.6795,-84.4394
Denver,United States,US,CO,682545,,DEN,Denver International Airport,29.8,BJC+DEN,pop100k+airport,0.967,0.0,,0.483,39.7392,-104.9847
Aurora,United States,US,CO,359407,,DEN,Denver International Airport,19.8,DEN,pop100k,0.967,0.0,,0.483,39.7294,-104.8319
Moscow,Russia,RU,48,10381222,yes,SVO,Sheremetyevo International Airport,28.0,DME+SVO+VKO+ZIA,pop100k+capital+airport,0.962,0.0,,0.481,55.7522,37.6156
Wiesbaden,Germany,DE,05,272432,,FRA,Frankfurt Main Airport,22.9,FRA,pop100k,0.963,0.0,,0.481,50.0826,8.2493
Khimki,Russia,RU,47,239967,,SVO,Sheremetyevo International Airport,8.9,SVO,pop100k+airport,0.962,0.0,,0.481,55.897,37.4297
Zelenograd,Russia,RU,48,215727,,SVO,Sheremetyevo International Airport,14.3,SVO,pop100k,0.962,0.0,,0.481,55.9825,37.1814
Mainz,Germany,DE,08,184997,,FRA,Frankfurt Main Airport,20.5,FRA,pop100k,0.963,0.0,,0.481,49.9842,8.2791
Mytishchi,Russia,RU,47,160542,,SVO,Sheremetyevo International Airport,21.2,SVO,pop100k,0.962,0.0,,0.481,55.9116,37.7308
Darmstadt,Germany,DE,05,140385,,FRA,Frankfurt Main Airport,18.5,FRA,pop100k,0.963,0.0,,0.481,49.8717,8.6503
Offenbach,Germany,DE,05,119192,,FRA,Frankfurt Main Airport,17.0,FRA,pop100k,0.963,0.0,,0.481,50.1006,8.7665
Dolgoprudnyy,Russia,RU,47,68259,,SVO,Sheremetyevo International Airport,6.4,SVO,airport,0.962,0.0,,0.481,55.9496,37.5018
Lobnya,Russia,RU,47,61772,,SVO,Sheremetyevo International Airport,5.7,SVO,airport,0.962,0.0,,0.481,56.0097,37.4819
Dreieich,Germany,DE,05,40367,,FRA,Frankfurt Main Airport,9.9,FRA,airport,0.963,0.0,,0.481,50.02,8.6961
Langen,Germany,DE,05,35416,,FRA,Frankfurt Main Airport,8.9,FRA,airport,0.963,0.0,,0.481,49.9896,8.6685
Neu Isenburg,Germany,DE,05,35293,,FRA,Frankfurt Main Airport,10.0,FRA,airport,0.963,0.0,,0.481,50.0483,8.6941
Mörfelden-Walldorf,Germany,DE,05,32753,,FRA,Frankfurt Main Airport,4.0,FRA,airport,0.963,0.0,,0.481,49.9947,8.5836
Hattersheim,Germany,DE,05,25035,,FRA,Frankfurt Main Airport,7.0,FRA,airport,0.963,0.0,,0.481,50.0691,8.4863
Flörsheim,Germany,DE,05,20023,,FRA,Frankfurt Main Airport,9.4,FRA,airport,0.963,0.0,,0.481,50.0131,8.4278
City of Westminster,United Kingdom,GB,ENG,247614,,LHR,London Heathrow Airport,22.6,LCY+LHR,pop100k,0.954,0.0,,0.477,51.4975,-0.1357
Archway,United Kingdom,GB,ENG,215667,,LHR,London Heathrow Airport,25.0,LCY+LHR,pop100k,0.954,0.0,,0.477,51.5673,-0.1341
Sutton,United Kingdom,GB,ENG,187600,,LHR,London Heathrow Airport,22.5,LCY+LGW+LHR,pop100k,0.954,0.0,,0.477,51.35,-0.2
Slough,United Kingdom,GB,ENG,163777,,LHR,London Heathrow Airport,10.3,LHR,pop100k,0.954,0.0,,0.477,51.5095,-0.5954
Watford,United Kingdom,GB,ENG,125707,,LHR,London Heathrow Airport,21.0,LHR+LTN,pop100k,0.954,0.0,,0.477,51.6553,-0.396
Woking,United Kingdom,GB,ENG,103932,,LHR,London Heathrow Airport,18.2,LHR,pop100k,0.954,0.0,,0.477,51.319,-0.5589
Southall,United Kingdom,GB,ENG,70000,,LHR,London Heathrow Airport,7.5,LHR,airport,0.954,0.0,,0.477,51.509,-0.3713
Hounslow,United Kingdom,GB,ENG,66292,,LHR,London Heathrow Airport,6.9,LHR,airport,0.954,0.0,,0.477,51.4684,-0.3609
Staines,United Kingdom,GB,ENG,51040,,LHR,London Heathrow Airport,5.5,LHR,airport,0.954,0.0,,0.477,51.4309,-0.5061
Hayes,United Kingdom,GB,ENG,50000,,LHR,London Heathrow Airport,5.6,LHR,airport,0.954,0.0,,0.477,51.5158,-0.4234
Greenford,United Kingdom,GB,ENG,38000,,LHR,London Heathrow Airport,9.7,LHR,airport,0.954,0.0,,0.477,51.5287,-0.3551
Windsor,United Kingdom,GB,ENG,33348,,LHR,London Heathrow Airport,9.8,LHR,airport,0.954,0.0,,0.477,51.4833,-0.6
Egham,United Kingdom,GB,ENG,29663,,LHR,London Heathrow Airport,7.7,LHR,airport,0.954,0.0,,0.477,51.4316,-0.5524
Sunbury-on-Thames,United Kingdom,GB,ENG,27784,,LHR,London Heathrow Airport,7.9,LHR,airport,0.954,0.0,,0.477,51.4042,-0.4182
Ashford,United Kingdom,GB,ENG,27382,,LHR,London Heathrow Airport,4.3,LHR,airport,0.954,0.0,,0.477,51.4317,-0.4576
Feltham,United Kingdom,GB,ENG,24325,,LHR,London Heathrow Airport,4.2,LHR,airport,0.954,0.0,,0.477,51.4462,-0.4139
Walton-on-Thames,United Kingdom,GB,ENG,22834,,LHR,London Heathrow Airport,9.9,LHR,airport,0.954,0.0,,0.477,51.3868,-0.4132
Isleworth,United Kingdom,GB,ENG,20500,,LHR,London Heathrow Airport,8.1,LHR,airport,0.954,0.0,,0.477,51.4752,-0.3425
Minneapolis,United States,US,MN,410939,,MSP,Minneapolis–Saint Paul International Airport / Wold–Chamberlain Field,11.6,MSP,pop100k+airport,0.944,0.0,,0.472,44.98,-93.2638
Saint Paul,United States,US,MN,285068,,MSP,Minneapolis–Saint Paul International Airport / Wold–Chamberlain Field,12.4,MSP,pop100k,0.944,0.0,,0.472,44.9444,-93.0933
Bloomington,United States,US,MN,86435,,MSP,Minneapolis–Saint Paul International Airport / Wold–Chamberlain Field,7.4,MSP,airport,0.944,0.0,,0.472,44.8408,-93.2983
Eagan,United States,US,MN,66286,,MSP,Minneapolis–Saint Paul International Airport / Wold–Chamberlain Field,9.5,MSP,airport,0.944,0.0,,0.472,44.8041,-93.1669
Richfield,United States,US,MN,36216,,MSP,Minneapolis–Saint Paul International Airport / Wold–Chamberlain Field,4.8,MSP,airport,0.944,0.0,,0.472,44.8833,-93.283
Brooklyn,United States,US,NY,2300664,,JFK,John F. Kennedy International Airport,14.4,EWR+JFK+JRA+LGA+NYS+TEB+TSS,pop100k+airport,0.943,0.0,,0.471,40.6501,-73.9496
Queens,United States,US,NY,2272771,,JFK,John F. Kennedy International Airport,6.7,JFK+JRA+LGA+NYS+TSS,pop100k+airport,0.943,0.0,,0.471,40.6815,-73.8365
Manhattan,United States,US,NY,1487536,,JFK,John F. Kennedy International Airport,22.5,EWR+JFK+JRA+LGA+NYS+TEB+TSS,pop100k+airport,0.943,0.0,,0.471,40.7834,-73.9663
The Bronx,United States,US,NY,1385108,,JFK,John F. Kennedy International Airport,24.5,JFK+JRA+LGA+NYS+TEB+TSS,pop100k+airport,0.943,0.0,,0.471,40.8499,-73.8664
Jamaica,United States,US,NY,216866,,JFK,John F. Kennedy International Airport,6.2,JFK+JRA+LGA+NYS+TSS,pop100k+airport,0.943,0.0,,0.471,40.6915,-73.8057
East Flatbush,United States,US,NY,178464,,JFK,John F. Kennedy International Airport,12.8,EWR+JFK+JRA+LGA+NYS+TEB+TSS,pop100k+airport,0.943,0.0,,0.471,40.6537,-73.9304
Astoria,United States,US,NY,150165,,JFK,John F. Kennedy International Airport,19.5,EWR+JFK+JRA+LGA+NYS+TEB+TSS,pop100k+airport,0.943,0.0,,0.471,40.7721,-73.9301
Borough Park,United States,US,NY,149248,,JFK,John F. Kennedy International Airport,18.4,EWR+JFK+JRA+LGA+NYS+TEB+TSS,pop100k,0.943,0.0,,0.471,40.634,-73.9968
Sheepshead Bay,United States,US,NY,122534,,JFK,John F. Kennedy International Airport,14.9,EWR+JFK+JRA+LGA+NYS+TSS,pop100k,0.943,0.0,,0.471,40.5912,-73.9446
East Harlem,United States,US,NY,115921,,JFK,John F. Kennedy International Airport,22.1,EWR+JFK+JRA+LGA+NYS+TEB+TSS,pop100k+airport,0.943,0.0,,0.471,40.7947,-73.9425
Elmhurst,United States,US,NY,113364,,JFK,John F. Kennedy International Airport,13.6,JFK+JRA+LGA+NYS+TEB+TSS,pop100k+airport,0.943,0.0,,0.471,40.7365,-73.8779
Bushwick,United States,US,NY,112620,,JFK,John F. Kennedy International Airport,13.2,EWR+JFK+JRA+LGA+NYS+TEB+TSS,pop100k+airport,0.943,0.0,,0.471,40.6943,-73.9188
Gravesend,United States,US,NY,112229,,JFK,John F. Kennedy International Airport,16.4,EWR+JFK+JRA+LGA+NYS+TSS,pop100k,0.943,0.0,,0.471,40.5976,-73.9651
Corona,United States,US,NY,109698,,JFK,John F. Kennedy International Airport,13.8,JFK+JRA+LGA+NYS+TEB+TSS,pop100k+airport,0.943,0.0,,0.471,40.7471,-73.8601
Richmond Hill,United States,US,NY,98984,,JFK,John F. Kennedy International Airport,8.0,JFK+JRA+LGA+NYS+TSS,airport,0.943,0.0,,0.471,40.6998,-73.8312
Flatbush,United States,US,NY,93361,,JFK,John F. Kennedy International Airport,15.2,EWR+JFK+JRA+LGA+NYS+TEB+TSS,airport,0.943,0.0,,0.471,40.6521,-73.959
Brownsville,United States,US,NY,74497,,JFK,John F. Kennedy International Airport,12.1,EWR+JFK+JRA+LGA+NYS+TEB+TSS,airport,0.943,0.0,,0.471,40.6609,-73.9201
Forest Hills,United States,US,NY,67714,,JFK,John F. Kennedy International Airport,10.4,JFK+JRA+LGA+NYS+TEB+TSS,airport,0.943,0.0,,0.471,40.7162,-73.8501
Jackson Heights,United States,US,NY,67067,,JFK,John F. Kennedy International Airport,15.7,JFK+JRA+LGA+NYS+TEB+TSS,airport,0.943,0.0,,0.471,40.7557,-73.8854
Bayside,United States,US,NY,66455,,JFK,John F. Kennedy International Airport,14.3,JFK+JRA+LGA+NYS+TSS,airport,0.943,0.0,,0.471,40.7684,-73.7771
Parkchester,United States,US,NY,65876,,JFK,John F. Kennedy International Airport,23.2,JFK+JRA+LGA+NYS+TEB+TSS,airport,0.943,0.0,,0.471,40.839,-73.8604
Cypress Hills,United States,US,NY,54944,,JFK,John F. Kennedy International Airport,10.3,EWR+JFK+JRA+LGA+NYS+TEB+TSS,airport,0.943,0.0,,0.471,40.6771,-73.8912
Ozone Park,United States,US,NY,53985,,JFK,John F. Kennedy International Airport,6.8,JFK+JRA+LGA+NYS+TSS,airport,0.943,0.0,,0.471,40.6768,-73.8438
Briarwood,United States,US,NY,53877,,JFK,John F. Kennedy International Airport,8.3,JFK+JRA+LGA+NYS+TSS,airport,0.943,0.0,,0.471,40.7094,-73.8153
Hoboken,United States,US,NJ,53635,,JFK,John F. Kennedy International Airport,24.3,EWR+JFK+JRA+LGA+NYS+TEB+TSS,airport,0.943,0.0,,0.471,40.744,-74.0324
Mott Haven,United States,US,NY,51450,,JFK,John F. Kennedy International Airport,22.4,EWR+JFK+JRA+LGA+NYS+TEB+TSS,airport,0.943,0.0,,0.471,40.809,-73.9229
Sunnyside,United States,US,NY,49833,,JFK,John F. Kennedy International Airport,17.3,EWR+JFK+JRA+LGA+NYS+TEB+TSS,airport,0.943,0.0,,0.471,40.7398,-73.9354
Maspeth,United States,US,NY,48325,,JFK,John F. Kennedy International Airport,14.6,EWR+JFK+JRA+LGA+NYS+TEB+TSS,airport,0.943,0.0,,0.471,40.7232,-73.9126
Rego Park,United States,US,NY,43925,,JFK,John F. Kennedy International Airport,11.5,JFK+JRA+LGA+NYS+TEB+TSS,airport,0.943,0.0,,0.471,40.7265,-73.8526
Woodside,United States,US,NY,41981,,JFK,John F. Kennedy International Airport,15.9,EWR+JFK+JRA+LGA+NYS+TEB+TSS,airport,0.943,0.0,,0.471,40.7454,-73.9054
Far Rockaway,United States,US,NY,39189,,JFK,John F. Kennedy International Airport,4.3,JFK+LGA+NYS+TSS,airport,0.943,0.0,,0.471,40.6054,-73.7551
Kensington,United States,US,NY,39120,,JFK,John F. Kennedy International Airport,16.2,EWR+JFK+JRA+LGA+NYS+TEB+TSS,airport,0.943,0.0,,0.471,40.6462,-73.9707
Valley Stream,United States,US,NY,37962,,JFK,John F. Kennedy International Airport,6.6,JFK+LGA+NYS+TSS,airport,0.943,0.0,,0.471,40.6643,-73.7085
Kew Gardens Hills,United States,US,NY,37479,,JFK,John F. Kennedy International Airport,10.7,JFK+JRA+LGA+NYS+TEB+TSS,airport,0.943,0.0,,0.471,40.73,-73.8234
Whitestone,United States,US,NY,36984,,JFK,John F. Kennedy International Airport,17.6,JFK+JRA+LGA+NYS+TEB+TSS,airport,0.943,0.0,,0.471,40.7946,-73.8185
Woodhaven,United States,US,NY,36555,,JFK,John F. Kennedy International Airport,8.6,JFK+JRA+LGA+NYS+TEB+TSS,airport,0.943,0.0,,0.471,40.6893,-73.8579
Glendale,United States,US,NY,34389,,JFK,John F. Kennedy International Airport,11.4,EWR+JFK+JRA+LGA+NYS+TEB+TSS,airport,0.943,0.0,,0.471,40.7015,-73.8868
Oak Hill,United States,US,VA,33811,,IAD,Washington Dulles International Airport,5.1,IAD,airport,0.942,0.0,,0.471,38.9258,-77.4016
Throgs Neck,United States,US,NY,33683,,JFK,John F. Kennedy International Airport,20.6,JFK+JRA+LGA+NYS+TEB+TSS,airport,0.943,0.0,,0.471,40.8226,-73.8196
Elmont,United States,US,NY,33198,,JFK,John F. Kennedy International Airport,8.8,JFK+LGA+NYS+TSS,airport,0.943,0.0,,0.471,40.7009,-73.7129
Springfield Gardens,United States,US,NY,30515,,JFK,John F. Kennedy International Airport,3.0,JFK+JRA+LGA+NYS+TSS,airport,0.943,0.0,,0.471,40.6631,-73.7622
Middle Village,United States,US,NY,29491,,JFK,John F. Kennedy International Airport,12.1,EWR+JFK+JRA+LGA+NYS+TEB+TSS,airport,0.943,0.0,,0.471,40.7165,-73.8812
Fresh Meadows,United States,US,NY,28397,,JFK,John F. Kennedy International Airport,10.7,JFK+JRA+LGA+NYS+TSS,airport,0.943,0.0,,0.471,40.7348,-73.7935
Sterling,United States,US,VA,27822,,IAD,Washington Dulles International Airport,7.3,IAD,airport,0.942,0.0,,0.471,39.0062,-77.4286
College Point,United States,US,NY,27307,,JFK,John F. Kennedy International Airport,17.4,JFK+JRA+LGA+NYS+TEB+TSS,airport,0.943,0.0,,0.471,40.7876,-73.846
Hunts Point,United States,US,NY,27204,,JFK,John F. Kennedy International Airport,21.2,JFK+JRA+LGA+NYS+TEB+TSS,airport,0.943,0.0,,0.471,40.8126,-73.884
Howard Beach,United States,US,NY,26148,,JFK,John F. Kennedy International Airport,5.2,JFK+JRA+LGA+NYS+TSS,airport,0.943,0.0,,0.471,40.6579,-73.8363
Rosedale,United States,US,NY,25812,,JFK,John F. Kennedy International Airport,4.5,JFK+LGA+NYS+TSS,airport,0.943,0.0,,0.471,40.6621,-73.7354
Hillside,United States,US,NY,24808,,JFK,John F. Kennedy International Airport,7.6,JFK+JRA+LGA+NYS+TSS,airport,0.943,0.0,,0.471,40.7079,-73.7868
Herndon,United States,US,VA,24568,,IAD,Washington Dulles International Airport,6.6,IAD,airport,0.942,0.0,,0.471,38.9695,-77.3861
South Riding,United States,US,VA,24256,,IAD,Washington Dulles International Airport,4.9,IAD,airport,0.942,0.0,,0.471,38.9209,-77.5039
Unionport,United States,US,NY,23895,,JFK,John F. Kennedy International Airport,21.7,JFK+JRA+LGA+NYS+TEB+TSS,airport,0.943,0.0,,0.471,40.8273,-73.8501
East Elmhurst,United States,US,NY,23150,,JFK,John F. Kennedy International Airport,15.4,JFK+JRA+LGA+NYS+TEB+TSS,airport,0.943,0.0,,0.471,40.7612,-73.8651
Morrisania,United States,US,NY,23127,,JFK,John F. Kennedy International Airport,23.7,JFK+JRA+LGA+NYS+TEB+TSS,airport,0.943,0.0,,0.471,40.8293,-73.9065
Chantilly,United States,US,VA,23039,,IAD,Washington Dulles International Airport,6.0,IAD,airport,0.942,0.0,,0.471,38.8943,-77.4311
East Tremont,United States,US,NY,22886,,JFK,John F. Kennedy International Airport,24.8,JFK+JRA+LGA+NYS+TEB+TSS,airport,0.943,0.0,,0.471,40.8454,-73.891
Melrose,United States,US,NY,22470,,JFK,John F. Kennedy International Airport,23.4,JFK+JRA+LGA+NYS+TEB+TSS,airport,0.943,0.0,,0.471,40.8246,-73.9104
Laurelton,United States,US,NY,21053,,JFK,John F. Kennedy International Airport,4.4,JFK+JRA+LGA+NYS+TSS,airport,0.943,0.0,,0.471,40.6702,-73.7466
Cambria Heights,United States,US,NY,20287,,JFK,John F. Kennedy International Airport,7.0,JFK+JRA+LGA+NYS+TSS,airport,0.943,0.0,,0.471,40.6945,-73.7385
Hollis,United States,US,NY,20269,,JFK,John F. Kennedy International Airport,8.3,JFK+JRA+LGA+NYS+TSS,airport,0.943,0.0,,0.471,40.7134,-73.7671
Argenteuil,France,FR,11,101475,,CDG,Charles de Gaulle International Airport,23.4,CDG+LBG,pop100k,0.938,0.0,,0.469,48.9479,2.2474
Saint-Denis,France,FR,11,96128,,CDG,Charles de Gaulle International Airport,16.7,CDG+LBG+ORY,airport,0.938,0.0,,0.469,48.9356,2.3539
Aulnay-sous-Bois,France,FR,11,80615,,CDG,Charles de Gaulle International Airport,9.0,CDG+LBG,airport,0.938,0.0,,0.469,48.9381,2.494
Aubervilliers,France,FR,11,70914,,CDG,Charles de Gaulle International Airport,16.1,CDG+LBG+ORY,airport,0.938,0.0,,0.469,48.9167,2.3833
Drancy,France,FR,11,62488,,CDG,Charles de Gaulle International Airport,12.2,CDG+LBG+ORY,airport,0.938,0.0,,0.469,48.9258,2.4453
Sarcelles,France,FR,11,57979,,CDG,Charles de Gaulle International Airport,12.9,CDG+LBG,airport,0.938,0.0,,0.469,48.9974,2.3782
Ivry-sur-Seine,France,FR,11,57897,,CDG,Charles de Gaulle International Airport,24.8,CDG+LBG+ORY,airport,0.938,0.0,,0.469,48.8157,2.3849
Pantin,France,FR,11,52922,,CDG,Charles de Gaulle International Airport,16.6,CDG+LBG+ORY,airport,0.938,0.0,,0.469,48.8944,2.4093
Bondy,France,FR,11,48268,,CDG,Charles de Gaulle International Airport,12.8,CDG+LBG+ORY,airport,0.938,0.0,,0.469,48.9018,2.4893
Le Blanc-Mesnil,France,FR,11,48077,,CDG,Charles de Gaulle International Airport,10.3,CDG+LBG+ORY,airport,0.938,0.0,,0.469,48.9387,2.4614
Sevran,France,FR,11,47334,,CDG,Charles de Gaulle International Airport,7.4,CDG+LBG,airport,0.938,0.0,,0.469,48.9447,2.5275
Épinay-sur-Seine,France,FR,11,46145,,CDG,Charles de Gaulle International Airport,18.5,CDG+LBG,airport,0.938,0.0,,0.469,48.9535,2.3151
Bobigny,France,FR,11,44962,,CDG,Charles de Gaulle International Airport,13.4,CDG+LBG+ORY,airport,0.938,0.0,,0.469,48.9098,2.4501
Garges-lès-Gonesse,France,FR,11,39847,,CDG,Charles de Gaulle International Airport,12.3,CDG+LBG,airport,0.938,0.0,,0.469,48.9679,2.3978
Livry-Gargan,France,FR,11,39518,,CDG,Charles de Gaulle International Airport,10.0,CDG+LBG,airport,0.938,0.0,,0.469,48.9193,2.5431
Saint-Ouen,France,FR,11,39353,,CDG,Charles de Gaulle International Airport,19.7,CDG+LBG+ORY,airport,0.938,0.0,,0.469,48.9065,2.3334
Noisy-le-Sec,France,FR,11,38955,,CDG,Charles de Gaulle International Airport,14.6,CDG+LBG+ORY,airport,0.938,0.0,,0.469,48.8915,2.4645
Alfortville,France,FR,11,37290,,CDG,Charles de Gaulle International Airport,24.6,CDG+LBG+ORY,airport,0.938,0.0,,0.469,48.8058,2.4204
La Courneuve,France,FR,11,37287,,CDG,Charles de Gaulle International Airport,14.6,CDG+LBG+ORY,airport,0.938,0.0,,0.469,48.928,2.3963
Villepinte,France,FR,11,37114,,CDG,Charles de Gaulle International Airport,5.5,CDG+LBG,airport,0.938,0.0,,0.469,48.962,2.5325
Tremblay-en-France,France,FR,11,35591,,CDG,Charles de Gaulle International Airport,6.7,CDG+LBG,airport,0.938,0.0,,0.469,48.9496,2.5684
Stains,France,FR,11,32601,,CDG,Charles de Gaulle International Airport,14.1,CDG+LBG+ORY,airport,0.938,0.0,,0.469,48.95,2.3833
Goussainville,France,FR,11,30047,,CDG,Charles de Gaulle International Airport,6.5,CDG+LBG,airport,0.938,0.0,,0.469,49.0137,2.4659
Villemomble,France,FR,11,28001,,CDG,Charles de Gaulle International Airport,14.5,CDG+LBG+ORY,airport,0.938,0.0,,0.469,48.8833,2.5
Pierrefitte-sur-Seine,France,FR,11,27914,,CDG,Charles de Gaulle International Airport,14.8,CDG+LBG,airport,0.938,0.0,,0.469,48.9669,2.361
Villiers-le-Bel,France,FR,11,27028,,CDG,Charles de Gaulle International Airport,11.4,CDG+LBG,airport,0.938,0.0,,0.469,49.0087,2.3982
Gonesse,France,FR,11,26758,,CDG,Charles de Gaulle International Airport,8.1,CDG+LBG,airport,0.938,0.0,,0.469,48.9869,2.4489
Romainville,France,FR,11,24772,,CDG,Charles de Gaulle International Airport,16.3,CDG+LBG+ORY,airport,0.938,0.0,,0.469,48.8854,2.4348
Villeparisis,France,FR,11,23931,,CDG,Charles de Gaulle International Airport,8.6,CDG+LBG,airport,0.938,0.0,,0.469,48.9421,2.6146
Villeneuve-la-Garenne,France,FR,11,22036,,CDG,Charles de Gaulle International Airport,19.1,CDG+LBG+ORY,airport,0.938,0.0,,0.469,48.9393,2.3148
Deuil-la-Barre,France,FR,11,21560,,CDG,Charles de Gaulle International Airport,16.9,CDG+LBG,airport,0.938,0.0,,0.469,48.9767,2.3272
Montmorency,France,FR,11,21156,,CDG,Charles de Gaulle International Airport,15.5,CDG+LBG,airport,0.938,0.0,,0.469,48.9883,2.3434
Les Lilas,France,FR,11,21124,,CDG,Charles de Gaulle International Airport,17.3,CDG+LBG+ORY,airport,0.938,0.0,,0.469,48.8799,2.4206
Houston,United States,US,TX,2296224,,IAH,George Bush Intercontinental Airport,24.7,HOU+IAH,pop100k+airport,0.936,0.0,,0.468,29.7633,-95.3633
Torrance,United States,US,CA,148475,,LAX,Los Angeles International Airport,13.4,HHR+LAX+LGB,pop100k+airport,0.932,0.0,,0.466,33.8359,-118.3406
Haarlem,Netherlands,NL,07,147590,,AMS,Amsterdam Airport Schiphol,11.8,AMS,pop100k,0.931,0.0,,0.466,52.3808,4.6368
Zaanstad,Netherlands,NL,07,140085,,AMS,Amsterdam Airport Schiphol,16.4,AMS,pop100k,0.931,0.0,,0.466,52.4531,4.8136
Hoofddorp,Netherlands,NL,07,132734,,AMS,Amsterdam Airport Schiphol,5.1,AMS,pop100k+airport,0.931,0.0,,0.466,52.3025,4.6889
East Los Angeles,United States,US,CA,126496,,LAX,Los Angeles International Airport,23.6,HHR+LAX+LGB,pop100k,0.932,0.0,,0.466,34.0239,-118.172
Leiden,Netherlands,NL,11,119713,,AMS,Amsterdam Airport Schiphol,24.9,AMS+RTM,pop100k,0.931,0.0,,0.466,52.1583,4.4931
Inglewood,United States,US,CA,111666,,LAX,Los Angeles International Airport,5.5,HHR+LAX+LGB,pop100k+airport,0.932,0.0,,0.466,33.9617,-118.3531
Hawthorne,United States,US,CA,88451,,LAX,Los Angeles International Airport,5.9,HHR+LAX+LGB,airport,0.932,0.0,,0.466,33.9164,-118.3526
Amstelveen,Netherlands,NL,07,79639,,AMS,Amsterdam Airport Schiphol,6.9,AMS,airport,0.931,0.0,,0.466,52.3008,4.8639
Redondo Beach,United States,US,CA,68166,,LAX,Los Angeles International Airport,10.5,HHR+LAX+LGB,airport,0.932,0.0,,0.466,33.8492,-118.3884
Florence-Graham,United States,US,CA,63387,,LAX,Los Angeles International Airport,15.3,HHR+LAX+LGB,airport,0.932,0.0,,0.466,33.9677,-118.2444
Gardena,United States,US,CA,60447,,LAX,Los Angeles International Airport,10.9,HHR+LAX+LGB,airport,0.932,0.0,,0.466,33.8884,-118.309
Paramount,United States,US,CA,55412,,LAX,Los Angeles International Airport,23.7,HHR+LAX+LGB,airport,0.932,0.0,,0.466,33.8895,-118.1598
Willowbrook,United States,US,CA,35983,,LAX,Los Angeles International Airport,14.4,HHR+LAX+LGB,airport,0.932,0.0,,0.466,33.917,-118.2551
Manhattan Beach,United States,US,CA,35818,,LAX,Los Angeles International Airport,6.4,HHR+LAX,airport,0.932,0.0,,0.466,33.8847,-118.4109
Lawndale,United States,US,CA,33430,,LAX,Los Angeles International Airport,8.0,HHR+LAX+LGB,airport,0.932,0.0,,0.466,33.8872,-118.3526
Westmont,United States,US,CA,31853,,LAX,Los Angeles International Airport,9.8,HHR+LAX+LGB,airport,0.932,0.0,,0.466,33.9414,-118.3023
Uithoorn,Netherlands,NL,07,26846,,AMS,Amsterdam Airport Schiphol,9.0,AMS,airport,0.931,0.0,,0.466,52.2375,4.8264
Aalsmeer,Netherlands,NL,07,22991,,AMS,Amsterdam Airport Schiphol,5.5,AMS,airport,0.931,0.0,,0.466,52.2592,4.7597
Lennox,United States,US,CA,22753,,LAX,Los Angeles International Airport,5.1,HHR+LAX+LGB,airport,0.932,0.0,,0.466,33.9381,-118.3526
Seattle,United States,US,WA,684451,,SEA,Seattle–Tacoma International Airport,17.7,BFI+KEH+LKE+SEA,pop100k+airport,0.929,0.0,,0.465,47.6062,-122.3321
Detroit,United States,US,MI,677116,,DTW,Detroit Metropolitan Wayne County Airport,28.5,DTW+YQG,pop100k+airport,0.929,0.0,,0.465,42.3314,-83.0457
Tacoma,United States,US,WA,207948,,SEA,Seattle–Tacoma International Airport,23.9,SEA+TIW,pop100k+airport,0.929,0.0,,0.465,47.2529,-122.4443
Bellevue,United States,US,WA,139820,,SEA,Seattle–Tacoma International Airport,19.8,BFI+KEH+LKE+SEA,pop100k,0.929,0.0,,0.465,47.6104,-122.2007
Kent,United States,US,WA,126952,,SEA,Seattle–Tacoma International Airport,9.4,BFI+SEA,pop100k+airport,0.929,0.0,,0.465,47.3809,-122.2348
Renton,United States,US,WA,100242,,SEA,Seattle–Tacoma International Airport,8.0,BFI+LKE+SEA,pop100k+airport,0.929,0.0,,0.465,47.4829,-122.2171
Taylor,United States,US,MI,61568,,DTW,Detroit Metropolitan Wayne County Airport,7.6,DTW,airport,0.929,0.0,,0.465,42.2409,-83.2696
Burien,United States,US,WA,50467,,SEA,Seattle–Tacoma International Airport,3.7,BFI+LKE+SEA,airport,0.929,0.0,,0.465,47.4704,-122.3468
Des Moines,United States,US,WA,31221,,SEA,Seattle–Tacoma International Airport,5.2,BFI+SEA+TIW,airport,0.929,0.0,,0.465,47.4018,-122.3243
SeaTac,United States,US,WA,28215,,SEA,Seattle–Tacoma International Airport,1.4,BFI+LKE+SEA,airport,0.929,0.0,,0.465,47.4485,-122.2922
Mercer Island,United States,US,WA,25042,,SEA,Seattle–Tacoma International Airport,15.2,BFI+KEH+LKE+SEA,airport,0.929,0.0,,0.465,47.5707,-122.2221
Inkster,United States,US,MI,24672,,DTW,Detroit Metropolitan Wayne County Airport,9.6,DTW,airport,0.929,0.0,,0.465,42.2942,-83.3099
Romulus,United States,US,MI,23417,,DTW,Detroit Metropolitan Wayne County Airport,3.6,DTW,airport,0.929,0.0,,0.465,42.2223,-83.3966
Tukwila,United States,US,WA,20018,,SEA,Seattle–Tacoma International Airport,4.7,BFI+LKE+SEA,airport,0.929,0.0,,0.465,47.474,-122.261
Pasadena,United States,US,TX,153784,,HOU,William P. Hobby Airport,8.3,HOU,pop100k+airport,0.929,0.0,,0.464,29.6911,-95.2091
Pearland,United States,US,TX,108821,,HOU,William P. Hobby Airport,9.1,HOU,pop100k+airport,0.929,0.0,,0.464,29.5636,-95.2861
Charlotte,United States,US,NC,827097,,CLT,Charlotte Douglas International Airport,9.2,CLT+USA,pop100k+airport,0.922,0.0,,0.461,35.2271,-80.8431
St. Louis,United States,US,MO,315685,,STL,St. Louis Lambert International Airport,20.1,STL,pop100k+airport,0.923,0.0,,0.461,38.6273,-90.1979
Florissant,United States,US,MO,52268,,STL,St. Louis Lambert International Airport,6.1,STL,airport,0.923,0.0,,0.461,38.7892,-90.3226
Maryland Heights,United States,US,MO,27389,,STL,St. Louis Lambert International Airport,6.5,STL,airport,0.923,0.0,,0.461,38.7131,-90.4298
Hazelwood,United States,US,MO,25661,,STL,St. Louis Lambert International Airport,2.5,STL,airport,0.923,0.0,,0.461,38.7714,-90.3709
Ferguson,United States,US,MO,21059,,STL,St. Louis Lambert International Airport,5.6,STL,airport,0.923,0.0,,0.461,38.7442,-90.3054
Oakland,United States,US,CA,419267,,SFO,San Francisco International Airport,22.5,OAK+SFO,pop100k+airport,0.92,0.0,,0.46,37.8044,-122.2708
Daly City,United States,US,CA,106562,,SFO,San Francisco International Airport,12.3,OAK+SFO,pop100k,0.92,0.0,,0.46,37.7058,-122.4619
San Mateo,United States,US,CA,103536,,SFO,San Francisco International Airport,7.7,OAK+SFO+SQL,pop100k+airport,0.92,0.0,,0.46,37.563,-122.3255
San Leandro,United States,US,CA,90712,,SFO,San Francisco International Airport,22.5,OAK+SFO+SQL,airport,0.92,0.0,,0.46,37.7249,-122.1561
Redwood City,United States,US,CA,85288,,SFO,San Francisco International Airport,19.3,SFO+SQL,airport,0.92,0.0,,0.46,37.4852,-122.2364
Alameda,United States,US,CA,78630,,SFO,San Francisco International Airport,19.6,OAK+SFO,airport,0.92,0.0,,0.46,37.771,-122.2609
South San Francisco,United States,US,CA,67271,,SFO,San Francisco International Airport,4.8,OAK+SFO+SQL,airport,0.92,0.0,,0.46,37.6547,-122.4077
San Bruno,United States,US,CA,43185,,SFO,San Francisco International Airport,3.4,OAK+SFO+SQL,airport,0.92,0.0,,0.46,37.6305,-122.4111
Pacifica,United States,US,CA,39260,,SFO,San Francisco International Airport,9.9,SFO+SQL,airport,0.92,0.0,,0.46,37.6138,-122.4869
Foster City,United States,US,CA,33477,,SFO,San Francisco International Airport,11.4,OAK+SFO+SQL,airport,0.92,0.0,,0.46,37.5585,-122.2711
Burlingame,United States,US,CA,30459,,SFO,San Francisco International Airport,4.0,OAK+SFO+SQL,airport,0.92,0.0,,0.46,37.5841,-122.3661
San Carlos,United States,US,CA,29931,,SFO,San Francisco International Airport,16.1,OAK+SFO+SQL,airport,0.92,0.0,,0.46,37.5072,-122.2605
Belmont,United States,US,CA,27218,,SFO,San Francisco International Airport,14.1,OAK+SFO+SQL,airport,0.92,0.0,,0.46,37.5202,-122.2758
San Lorenzo,United States,US,CA,23452,,SFO,San Francisco International Airport,23.1,OAK+SFO+SQL,airport,0.92,0.0,,0.46,37.681,-122.1244
Millbrae,United States,US,CA,22795,,SFO,San Francisco International Airport,2.6,OAK+SFO+SQL,airport,0.92,0.0,,0.46,37.5986,-122.3872
Ashland,United States,US,CA,21925,,SFO,San Francisco International Airport,24.4,OAK+SFO+SQL,airport,0.92,0.0,,0.46,37.6947,-122.1138
Boston,United States,US,MA,667137,,BOS,Boston Logan International Airport,4.3,BED+BOS,pop100k+airport,0.918,0.0,,0.459,42.3584,-71.0598
Staten Island,United States,US,NY,468730,,EWR,Newark Liberty International Airport,14.4,EWR+JRA+NYS+TSS,pop100k,0.918,0.0,,0.459,40.5623,-74.1399
Newark,United States,US,NJ,281944,,EWR,Newark Liberty International Airport,5.1,EWR+JRA+NYS+TEB+TSS,pop100k+airport,0.918,0.0,,0.459,40.7357,-74.1724
Jersey City,United States,US,NJ,264290,,EWR,Newark Liberty International Airport,8.9,EWR+JRA+LGA+NYS+TEB+TSS,pop100k+airport,0.918,0.0,,0.459,40.7282,-74.0776
Elizabeth,United States,US,NJ,129007,,EWR,Newark Liberty International Airport,4.4,EWR+JRA+NYS+TEB+TSS,pop100k+airport,0.918,0.0,,0.459,40.664,-74.2107
Cambridge,United States,US,MA,110402,,BOS,Boston Logan International Airport,8.2,BED+BOS,pop100k+airport,0.918,0.0,,0.459,42.3751,-71.1056
Clifton,United States,US,NJ,86334,,EWR,Newark Liberty International Airport,18.8,EWR+JRA+NYS+TEB+TSS,airport,0.918,0.0,,0.459,40.8584,-74.1638
Somerville,United States,US,MA,80318,,BOS,Boston Logan International Airport,8.0,BED+BOS,airport,0.918,0.0,,0.459,42.3876,-71.0995
Passaic,United States,US,NJ,71085,,EWR,Newark Liberty International Airport,18.9,EWR+JRA+LGA+NYS+TEB+TSS,airport,0.918,0.0,,0.459,40.8568,-74.1285
Union City,United States,US,NJ,69156,,EWR,Newark Liberty International Airport,15.9,EWR+JRA+LGA+NYS+TEB+TSS,airport,0.918,0.0,,0.459,40.7796,-74.0238
Bayonne,United States,US,NJ,66311,,EWR,Newark Liberty International Airport,5.3,EWR+JRA+LGA+NYS+TEB+TSS,airport,0.918,0.0,,0.459,40.6687,-74.1143
East Orange,United States,US,NJ,64949,,EWR,Newark Liberty International Airport,9.1,EWR+JRA+NYS+TEB+TSS,airport,0.918,0.0,,0.459,40.7673,-74.2049
North Bergen,United States,US,NJ,63484,,EWR,Newark Liberty International Airport,18.5,EWR+JRA+LGA+NYS+TEB+TSS,airport,0.918,0.0,,0.459,40.8043,-74.0121
Irvington,United States,US,NJ,61323,,EWR,Newark Liberty International Airport,7.2,EWR+JRA+NYS+TEB+TSS,airport,0.918,0.0,,0.459,40.7323,-74.2349
Malden,United States,US,MA,61068,,BOS,Boston Logan International Airport,8.5,BED+BOS,airport,0.918,0.0,,0.459,42.4251,-71.0662
Brookline,United States,US,MA,58732,,BOS,Boston Logan International Airport,9.9,BED+BOS,airport,0.918,0.0,,0.459,42.3318,-71.1212
Union,United States,US,NJ,56771,,EWR,Newark Liberty International Airport,7.9,EWR+JRA+NYS+TEB,airport,0.918,0.0,,0.459,40.6976,-74.2632
Revere,United States,US,MA,53422,,BOS,Boston Logan International Airport,5.2,BED+BOS,airport,0.918,0.0,,0.459,42.4084,-71.012
West New York,United States,US,NJ,53366,,EWR,Newark Liberty International Airport,17.1,EWR+JRA+LGA+NYS+TEB+TSS,airport,0.918,0.0,,0.459,40.7879,-74.0143
Everett,United States,US,MA,46050,,BOS,Boston Logan International Airport,6.4,BED+BOS,airport,0.918,0.0,,0.459,42.4084,-71.0537
Hackensack,United States,US,NJ,44834,,EWR,Newark Liberty International Airport,24.3,EWR+JRA+LGA+NYS+TEB+TSS,airport,0.918,0.0,,0.459,40.8859,-74.0435
Kearny,United States,US,NJ,42137,,EWR,Newark Liberty International Airport,9.0,EWR+JRA+LGA+NYS+TEB+TSS,airport,0.918,0.0,,0.459,40.7684,-74.1454
Linden,United States,US,NJ,42021,,EWR,Newark Liberty International Airport,9.8,EWR+JRA,airport,0.918,0.0,,0.459,40.6221,-74.2446
Chelsea,United States,US,MA,39398,,BOS,Boston Logan International Airport,3.9,BED+BOS,airport,0.918,0.0,,0.459,42.3918,-71.0328
Belleville,United States,US,NJ,36878,,EWR,Newark Liberty International Airport,11.7,EWR+JRA+LGA+NYS+TEB+TSS,airport,0.918,0.0,,0.459,40.7937,-74.1501
Fort Lee,United States,US,NJ,36672,,EWR,Newark Liberty International Airport,24.6,EWR+JRA+LGA+NYS+TEB+TSS,airport,0.918,0.0,,0.459,40.8509,-73.9701
Garfield,United States,US,NJ,31802,,EWR,Newark Liberty International Airport,21.9,EWR+JRA+LGA+NYS+TEB+TSS,airport,0.918,0.0,,0.459,40.8815,-74.1132
Lexington,United States,US,MA,31394,,BOS,Boston Logan International Airport,20.2,BED+BOS,airport,0.918,0.0,,0.459,42.4473,-71.2245
Nutley,United States,US,NJ,27572,,EWR,Newark Liberty International Airport,14.8,EWR+JRA+LGA+NYS+TEB+TSS,airport,0.918,0.0,,0.459,40.8223,-74.1599
Maplewood,United States,US,NJ,25008,,EWR,Newark Liberty International Airport,9.8,EWR+JRA+TEB,airport,0.918,0.0,,0.459,40.7312,-74.2735
Cliffside Park,United States,US,NJ,24857,,EWR,Newark Liberty International Airport,21.3,EWR+JRA+LGA+NYS+TEB+TSS,airport,0.918,0.0,,0.459,40.8215,-73.9876
Lodi,United States,US,NJ,24835,,EWR,Newark Liberty International Airport,22.7,EWR+JRA+LGA+NYS+TEB+TSS,airport,0.918,0.0,,0.459,40.8823,-74.0832
Burlington,United States,US,MA,24498,,BOS,Boston Logan International Airport,22.1,BED+BOS,airport,0.918,0.0,,0.459,42.5048,-71.1956
Hillside,United States,US,NJ,22155,,EWR,Newark Liberty International Airport,5.2,EWR+JRA+NYS+TEB+TSS,airport,0.918,0.0,,0.459,40.7012,-74.2301
Roselle,United States,US,NJ,21670,,EWR,Newark Liberty International Airport,8.5,EWR+JRA,airport,0.918,0.0,,0.459,40.6522,-74.2588
Palisades Park,United States,US,NJ,20743,,EWR,Newark Liberty International Airport,22.9,EWR+JRA+LGA+NYS+TEB+TSS,airport,0.918,0.0,,0.459,40.8482,-73.9976
Elmwood Park,United States,US,NJ,20279,,EWR,Newark Liberty International Airport,24.3,EWR+JRA+NYS+TEB+TSS,airport,0.918,0.0,,0.459,40.904,-74.1185
Yokohama,Japan,JP,19,3574443,,HND,Tokyo Haneda International Airport,17.9,HND,pop100k,0.908,0.0,,0.454,35.4333,139.65
Kawasaki,Japan,JP,19,1306785,,HND,Tokyo Haneda International Airport,7.1,HND,pop100k+airport,0.908,0.0,,0.454,35.5206,139.7172
Chōfu,Japan,JP,40,212977,,HND,Tokyo Haneda International Airport,24.8,HND,pop100k,0.908,0.0,,0.454,35.6592,139.5484
Urayasu,Japan,JP,40,143758,,HND,Tokyo Haneda International Airport,16.3,HND,pop100k,0.908,0.0,,0.454,35.6706,139.8886
Kisarazu,Japan,JP,04,122524,,HND,Tokyo Haneda International Airport,22.7,HND,pop100k,0.908,0.0,,0.454,35.3833,139.9325
Phoenix,United States,US,AZ,1563025,,PHX,Phoenix Sky Harbor International Airport,6.5,PHX,pop100k+airport,0.907,0.0,,0.453,33.4484,-112.074
Mesa,United States,US,AZ,471825,,PHX,Phoenix Sky Harbor International Airport,17.1,AZA+PHX,pop100k+airport,0.907,0.0,,0.453,33.4223,-111.8226
Henderson,United States,US,NV,285667,,LAS,Harry Reid International Airport,16.0,BLD+LAS,pop100k,0.905,0.0,,0.453,36.0397,-114.9819
Chandler,United States,US,AZ,260828,,PHX,Phoenix Sky Harbor International Airport,21.0,AZA+PHX,pop100k,0.907,0.0,,0.453,33.3062,-111.8413
Gilbert,United States,US,AZ,247542,,PHX,Phoenix Sky Harbor International Airport,22.1,AZA+PHX,pop100k,0.907,0.0,,0.453,33.3528,-111.789
Glendale,United States,US,AZ,240126,,PHX,Phoenix Sky Harbor International Airport,20.3,PHX,pop100k,0.907,0.0,,0.453,33.5386,-112.186
Scottsdale,United States,US,AZ,236839,,PHX,Phoenix Sky Harbor International Airport,12.9,PHX,pop100k,0.907,0.0,,0.453,33.5092,-111.899
North Las Vegas,United States,US,NV,234807,,LAS,Harry Reid International Airport,13.2,LAS,pop100k,0.905,0.0,,0.453,36.1989,-115.1175
Paradise,United States,US,NV,223167,,LAS,Harry Reid International Airport,1.6,LAS,pop100k+airport,0.905,0.0,,0.453,36.0972,-115.1467
Maryvale,United States,US,AZ,208189,,PHX,Phoenix Sky Harbor International Airport,17.6,PHX,pop100k,0.907,0.0,,0.453,33.502,-112.1776
Sunrise Manor,United States,US,NV,189372,,LAS,Harry Reid International Airport,15.9,LAS,pop100k,0.905,0.0,,0.453,36.2111,-115.0731
Spring Valley,United States,US,NV,178395,,LAS,Harry Reid International Airport,8.8,LAS,pop100k+airport,0.905,0.0,,0.453,36.108,-115.245
Tempe,United States,US,AZ,175826,,PHX,Phoenix Sky Harbor International Airport,9.3,PHX,pop100k+airport,0.907,0.0,,0.453,33.4148,-111.9093
Tempe Junction,United States,US,AZ,158368,,PHX,Phoenix Sky Harbor International Airport,6.3,PHX,pop100k+airport,0.907,0.0,,0.453,33.4142,-111.9435
Alhambra,United States,US,AZ,127764,,PHX,Phoenix Sky Harbor International Airport,13.8,PHX,pop100k,0.907,0.0,,0.453,33.4984,-112.1343
Enterprise,United States,US,NV,108481,,LAS,Harry Reid International Airport,10.4,LAS,pop100k,0.905,0.0,,0.453,36.0252,-115.2419
Winchester,United States,US,NV,27978,,LAS,Harry Reid International Airport,6.0,LAS,airport,0.905,0.0,,0.453,36.13,-115.1189
Addis Ababa,Ethiopia,ET,44,2757729,yes,ADD,Addis Ababa Bole International Airport,7.8,ADD,pop100k+capital+airport,0.904,0.0,,0.452,9.025,38.7469
Ajman City,UAE,AE,02,490035,,DXB,Dubai International Airport,20.1,DXB+SHJ,pop100k+airport,0.904,0.0,,0.452,25.4018,55.4788
Guarulhos,Brazil,BR,27,1169577,,GRU,São Paulo/Guarulhos–Governor André Franco Montoro International Airport,7.4,CGH+GRU,pop100k+airport,0.899,0.0,,0.449,-23.4628,-46.5333
Itaquaquecetuba,Brazil,BR,27,336679,,GRU,São Paulo/Guarulhos–Governor André Franco Montoro International Airport,13.8,GRU,pop100k,0.899,0.0,,0.449,-23.4861,-46.3483
Suzano,Brazil,BR,27,283314,,GRU,São Paulo/Guarulhos–Governor André Franco Montoro International Airport,20.4,GRU,pop100k,0.899,0.0,,0.449,-23.5425,-46.3108
Ferraz de Vasconcelos,Brazil,BR,27,167900,,GRU,São Paulo/Guarulhos–Governor André Franco Montoro International Airport,16.0,GRU,pop100k,0.899,0.0,,0.449,-23.5408,-46.3686
São Caetano do Sul,Brazil,BR,27,136453,,GRU,São Paulo/Guarulhos–Governor André Franco Montoro International Airport,22.9,CGH+GRU,pop100k,0.899,0.0,,0.449,-23.6231,-46.5511
Poá,Brazil,BR,27,107432,,GRU,São Paulo/Guarulhos–Governor André Franco Montoro International Airport,16.7,GRU,pop100k,0.899,0.0,,0.449,-23.5281,-46.3447
Ar Rayyān,Qatar,QA,06,272465,,DOH,Hamad International Airport,18.6,DIA+DOH,pop100k,0.895,0.0,,0.448,25.2919,51.4244
Brisbane,Australia,AU,04,2189878,,BNE,Brisbane International Airport,12.8,BNE,pop100k+airport,0.894,0.0,,0.447,-27.4679,153.0281
Campinas,Brazil,BR,27,1031554,,VCP,Viracopos International Airport,13.6,VCP,pop100k+airport,0.892,0.0,,0.446,-22.9056,-47.0608
Sumaré,Brazil,BR,27,227977,,VCP,Viracopos International Airport,24.7,VCP,pop100k,0.892,0.0,,0.446,-22.8219,-47.2669
Hortolândia,Brazil,BR,27,203533,,VCP,Viracopos International Airport,18.7,VCP,pop100k,0.892,0.0,,0.446,-22.8583,-47.22
Indaiatuba,Brazil,BR,27,179911,,VCP,Viracopos International Airport,12.0,VCP,pop100k,0.892,0.0,,0.446,-23.0884,-47.2119
Mississauga,Canada,CA,08,668549,,YYZ,Toronto Pearson International Airport,11.0,YTZ+YYZ,pop100k,0.889,0.0,,0.444,43.5789,-79.6583
North York,Canada,CA,08,636000,,YYZ,Toronto Pearson International Airport,19.9,YTZ+YYZ,pop100k,0.889,0.0,,0.444,43.7668,-79.4163
Brampton,Canada,CA,08,433806,,YYZ,Toronto Pearson International Airport,11.0,YYZ,pop100k,0.889,0.0,,0.444,43.6834,-79.7663
Etobicoke,Canada,CA,08,347948,,YYZ,Toronto Pearson International Airport,5.6,YTZ+YYZ,pop100k+airport,0.889,0.0,,0.444,43.6542,-79.5671
L'Hospitalet de Llobregat,Spain,ES,56,257038,,BCN,Josep Tarradellas Barcelona-El Prat Airport,7.2,BCN,pop100k+airport,0.889,0.0,,0.444,41.3597,2.1003
Vaughan,Canada,CA,08,238866,,YYZ,Toronto Pearson International Airport,20.7,YTZ+YYZ,pop100k,0.889,0.0,,0.444,43.8361,-79.4983
Badalona,Spain,ES,56,219547,,BCN,Josep Tarradellas Barcelona-El Prat Airport,22.1,BCN,pop100k,0.889,0.0,,0.444,41.45,2.2474
Santa Coloma de Gramenet,Spain,ES,56,119717,,BCN,Josep Tarradellas Barcelona-El Prat Airport,20.3,BCN,pop100k,0.889,0.0,,0.444,41.4515,2.2081
East York,Canada,CA,08,115365,,YYZ,Toronto Pearson International Airport,24.3,YTZ+YYZ,pop100k+airport,0.889,0.0,,0.444,43.6905,-79.3279
Cornellà de Llobregat,Spain,ES,56,86519,,BCN,Josep Tarradellas Barcelona-El Prat Airport,5.9,BCN,airport,0.889,0.0,,0.444,41.35,2.0833
Sant Boi de Llobregat,Spain,ES,56,82428,,BCN,Josep Tarradellas Barcelona-El Prat Airport,6.2,BCN,airport,0.889,0.0,,0.444,41.3436,2.0366
Viladecans,Spain,ES,56,63489,,BCN,Josep Tarradellas Barcelona-El Prat Airport,5.7,BCN,airport,0.889,0.0,,0.444,41.3141,2.0143
El Prat de Llobregat,Spain,ES,56,63418,,BCN,Josep Tarradellas Barcelona-El Prat Airport,3.7,BCN,airport,0.889,0.0,,0.444,41.3278,2.0947
Castelldefels,Spain,ES,56,62080,,BCN,Josep Tarradellas Barcelona-El Prat Airport,9.3,BCN,airport,0.889,0.0,,0.444,41.2779,1.9703
Esplugues de Llobregat,Spain,ES,56,46862,,BCN,Josep Tarradellas Barcelona-El Prat Airport,9.0,BCN,airport,0.889,0.0,,0.444,41.3773,2.0881
Gavà,Spain,ES,56,45994,,BCN,Josep Tarradellas Barcelona-El Prat Airport,6.5,BCN,airport,0.889,0.0,,0.444,41.306,2.0012
Sant Feliu de Llobregat,Spain,ES,56,42919,,BCN,Josep Tarradellas Barcelona-El Prat Airport,9.9,BCN,airport,0.889,0.0,,0.444,41.3833,2.05
Sant Joan Despí,Spain,ES,56,32030,,BCN,Josep Tarradellas Barcelona-El Prat Airport,8.0,BCN,airport,0.889,0.0,,0.444,41.3672,2.0574
Tehran,Iran,IR,26,7153309,yes,THR,Mehrabad International Airport,9.7,IKA+THR,pop100k+capital+airport,0.887,0.0,,0.443,35.6944,51.4215
Freising,Germany,DE,02,42570,,MUC,Munich Airport,6.2,MUC,airport,0.886,0.0,,0.443,48.4035,11.7488
Jakarta,Indonesia,ID,04,8540121,yes,CGK,Soekarno-Hatta International Airport,23.1,CGK+HLP,pop100k+capital+airport,0.884,0.0,,0.442,-6.2146,106.8451
Tangerang,Indonesia,ID,33,1372124,,CGK,Soekarno-Hatta International Airport,6.5,CGK,pop100k+airport,0.884,0.0,,0.442,-6.1781,106.63
South Tangerang,Indonesia,ID,33,1303569,,CGK,Soekarno-Hatta International Airport,19.4,CGK+HLP,pop100k,0.884,0.0,,0.442,-6.2886,106.7179
Ciputat,Indonesia,ID,30,207858,,CGK,Soekarno-Hatta International Airport,13.2,CGK+HLP,pop100k,0.884,0.0,,0.442,-6.2375,106.6956
Curug,Indonesia,ID,33,191406,,CGK,Soekarno-Hatta International Airport,19.1,CGK,pop100k,0.884,0.0,,0.442,-6.2658,106.5564
Cikupa,Indonesia,ID,30,174041,,CGK,Soekarno-Hatta International Airport,20.5,CGK,pop100k,0.884,0.0,,0.442,-6.2364,106.5083
Pasarkemis,Indonesia,ID,30,154234,,CGK,Soekarno-Hatta International Airport,14.8,CGK,pop100k,0.884,0.0,,0.442,-6.1703,106.5303
Teluknaga,Indonesia,ID,30,128275,,CGK,Soekarno-Hatta International Airport,3.6,CGK,pop100k+airport,0.884,0.0,,0.442,-6.0989,106.6381
Sepatan,Indonesia,ID,30,118439,,CGK,Soekarno-Hatta International Airport,9.0,CGK,pop100k+airport,0.884,0.0,,0.442,-6.1189,106.575
Samut Prakan,Thailand,TH,42,388920,,BKK,Suvarnabhumi Airport,18.6,BKK,pop100k,0.879,0.0,,0.44,13.5993,100.5968
Phra Pradaeng,Thailand,TH,42,171333,,BKK,Suvarnabhumi Airport,23.2,BKK,pop100k,0.879,0.0,,0.44,13.6585,100.5336
Vilvoorde,Belgium,BE,VLG,36955,,BRU,Brussels Airport,4.9,BRU,airport,0.879,0.0,,0.44,50.9281,4.4294
Grimbergen,Belgium,BE,VLG,33561,,BRU,Brussels Airport,8.7,BRU,airport,0.879,0.0,,0.44,50.9341,4.3721
Zaventem,Belgium,BE,VLG,28188,,BRU,Brussels Airport,2.1,BRU,airport,0.879,0.0,,0.44,50.8837,4.473
Zemst,Belgium,BE,VLG,21096,,BRU,Brussels Airport,9.2,ANR+BRU,airport,0.879,0.0,,0.44,50.9832,4.4608
Tervuren,Belgium,BE,VLG,20623,,BRU,Brussels Airport,8.9,BRU,airport,0.879,0.0,,0.44,50.8237,4.5142
Johannesburg,South Africa,ZA,06,2026469,,JNB,O.R. Tambo International Airport,21.4,HLA+JNB,pop100k+airport,0.877,0.0,,0.438,-26.2023,28.0436
Benoni,South Africa,ZA,06,605344,,JNB,O.R. Tambo International Airport,9.1,JNB,pop100k+airport,0.877,0.0,,0.438,-26.1885,28.3208
Tembisa,South Africa,ZA,06,511655,,JNB,O.R. Tambo International Airport,16.1,JNB,pop100k,0.877,0.0,,0.438,-25.9964,28.2268
Boksburg,South Africa,ZA,06,445168,,JNB,O.R. Tambo International Airport,8.1,JNB,pop100k+airport,0.877,0.0,,0.438,-26.212,28.2596
Brakpan,South Africa,ZA,06,305692,,JNB,O.R. Tambo International Airport,16.3,JNB,pop100k,0.877,0.0,,0.438,-26.2366,28.3694
Midrand,South Africa,ZA,06,173009,,JNB,O.R. Tambo International Airport,20.5,HLA+JNB,pop100k,0.877,0.0,,0.438,-25.9895,28.1284
Alberton,South Africa,ZA,06,121536,,JNB,O.R. Tambo International Airport,18.9,JNB,pop100k,0.877,0.0,,0.438,-26.2679,28.1223
Edenvale,South Africa,ZA,06,49292,,JNB,O.R. Tambo International Airport,9.4,JNB,airport,0.877,0.0,,0.438,-26.141,28.1525
Quezon City,Philippines,PH,NCR,2761720,,MNL,Ninoy Aquino International Airport,15.9,MNL,pop100k,0.873,0.0,,0.437,14.6488,121.0509
Manila,Philippines,PH,NCR,1600000,yes,MNL,Ninoy Aquino International Airport,11.4,MNL,pop100k+capital,0.873,0.0,,0.437,14.6042,120.9822
Caloocan City,Philippines,PH,NCR,1500000,,MNL,Ninoy Aquino International Airport,16.6,MNL,pop100k,0.873,0.0,,0.437,14.6495,120.9679
Taguig,Philippines,PH,NCR,644473,,MNL,Ninoy Aquino International Airport,6.6,MNL,pop100k+airport,0.873,0.0,,0.437,14.5243,121.0792
Pasig City,Philippines,PH,NCR,617301,,MNL,Ninoy Aquino International Airport,9.8,MNL,pop100k+airport,0.873,0.0,,0.437,14.5869,121.0614
Las Piñas,Philippines,PH,NCR,590000,,MNL,Ninoy Aquino International Airport,7.6,MNL,pop100k+airport,0.873,0.0,,0.437,14.4506,120.9828
Antipolo,Philippines,PH,40,549543,,MNL,Ninoy Aquino International Airport,17.1,MNL,pop100k,0.873,0.0,,0.437,14.6258,121.1225
Makati City,Philippines,PH,NCR,510383,,MNL,Ninoy Aquino International Airport,4.8,MNL,pop100k+airport,0.873,0.0,,0.437,14.5503,121.0327
Dasmariñas,Philippines,PH,40,441876,,MNL,Ninoy Aquino International Airport,21.8,MNL,pop100k,0.873,0.0,,0.437,14.3294,120.9367
Pasay,Philippines,PH,NCR,416522,,MNL,Ninoy Aquino International Airport,3.8,MNL,pop100k+airport,0.873,0.0,,0.437,14.5375,121.0014
Bacoor,Philippines,PH,40,356974,,MNL,Ninoy Aquino International Airport,10.4,MNL,pop100k,0.873,0.0,,0.437,14.459,120.9385
Mandaluyong City,Philippines,PH,NCR,305576,,MNL,Ninoy Aquino International Airport,8.6,MNL,pop100k+airport,0.873,0.0,,0.437,14.5832,121.0409
Biñan,Philippines,PH,40,300000,,MNL,Ninoy Aquino International Airport,19.6,MNL,pop100k,0.873,0.0,,0.437,14.3427,121.0807
Cainta,Philippines,PH,40,283172,,MNL,Ninoy Aquino International Airport,13.5,MNL,pop100k,0.873,0.0,,0.437,14.5786,121.1222
San Pedro,Philippines,PH,40,270216,,MNL,Ninoy Aquino International Airport,16.8,MNL,pop100k,0.873,0.0,,0.437,14.3595,121.0473
Navotas,Philippines,PH,NCR,249463,,MNL,Ninoy Aquino International Airport,19.1,MNL,pop100k,0.873,0.0,,0.437,14.6667,120.95
Taytay,Philippines,PH,40,231460,,MNL,Ninoy Aquino International Airport,13.4,MNL,pop100k,0.873,0.0,,0.437,14.5588,121.1329
Ciudad Lineal,Spain,ES,29,228171,,MAD,Adolfo Suárez Madrid–Barajas Airport,8.6,MAD,pop100k+airport,0.874,0.0,,0.437,40.4451,-3.6513
Binangonan,Philippines,PH,40,219204,,MNL,Ninoy Aquino International Airport,19.2,MNL,pop100k,0.873,0.0,,0.437,14.4646,121.1929
Santa Rosa,Philippines,PH,40,216650,,MNL,Ninoy Aquino International Airport,24.0,MNL,pop100k,0.873,0.0,,0.437,14.3122,121.1114
Imus,Philippines,PH,40,216099,,MNL,Ninoy Aquino International Airport,12.5,MNL,pop100k,0.873,0.0,,0.437,14.4297,120.9367
Alcalá de Henares,Spain,ES,29,204574,,MAD,Adolfo Suárez Madrid–Barajas Airport,18.0,MAD,pop100k,0.874,0.0,,0.437,40.4821,-3.36
Burnaby,Canada,CA,02,202799,,YVR,Vancouver International Airport,18.6,CXH+YVR,pop100k,0.873,0.0,,0.437,49.2664,-122.9526
Ladner,Canada,CA,02,200000,,YVR,Vancouver International Airport,13.8,CXH+YVR,pop100k,0.873,0.0,,0.437,49.0894,-123.0824
Leganés,Spain,ES,29,186066,,MAD,Adolfo Suárez Madrid–Barajas Airport,24.6,MAD,pop100k,0.874,0.0,,0.437,40.3272,-3.7635
Richmond,Canada,CA,02,182000,,YVR,Vancouver International Airport,4.3,CXH+YVR,pop100k+airport,0.873,0.0,,0.437,49.17,-123.1368
Getafe,Spain,ES,29,167164,,MAD,Adolfo Suárez Madrid–Barajas Airport,24.9,MAD,pop100k,0.874,0.0,,0.437,40.3057,-3.733
Chamartín,Spain,ES,29,140000,,MAD,Adolfo Suárez Madrid–Barajas Airport,9.5,MAD,pop100k+airport,0.874,0.0,,0.437,40.4621,-3.6766
San Mateo,Philippines,PH,40,134327,,MNL,Ninoy Aquino International Airport,23.8,MNL,pop100k,0.873,0.0,,0.437,14.6982,121.1236
San Juan,Philippines,PH,NCR,121430,,MNL,Ninoy Aquino International Airport,10.3,MNL,pop100k,0.873,0.0,,0.437,14.6,121.0333
Torrejón de Ardoz,Spain,ES,29,118162,,MAD,Adolfo Suárez Madrid–Barajas Airport,9.6,MAD,pop100k+airport,0.874,0.0,,0.437,40.4554,-3.4697
Cavite City,Philippines,PH,40,115932,,MNL,Ninoy Aquino International Airport,13.3,MNL,pop100k,0.873,0.0,,0.437,14.4837,120.8988
Alcobendas,Spain,ES,29,107514,,MAD,Adolfo Suárez Madrid–Barajas Airport,8.4,MAD,pop100k+airport,0.874,0.0,,0.437,40.5475,-3.642
Tanza,Philippines,PH,NCR,105510,,MNL,Ninoy Aquino International Airport,20.5,MNL,pop100k,0.873,0.0,,0.437,14.6753,120.9389
Delta,Canada,CA,02,101668,,YVR,Vancouver International Airport,20.9,CXH+YVR,pop100k,0.873,0.0,,0.437,49.144,-122.9068
Coslada,Spain,ES,29,90280,,MAD,Adolfo Suárez Madrid–Barajas Airport,7.8,MAD,airport,0.874,0.0,,0.437,40.4238,-3.5613
San Sebastián de los Reyes,Spain,ES,29,75912,,MAD,Adolfo Suárez Madrid–Barajas Airport,8.3,MAD,airport,0.874,0.0,,0.437,40.5555,-3.6273
North Vancouver,Canada,CA,02,48000,,YVR,Vancouver International Airport,16.0,CXH+YVR,airport,0.873,0.0,,0.437,49.3164,-123.0693
West End,Canada,CA,02,44560,,YVR,Vancouver International Airport,10.6,CXH+YVR,airport,0.873,0.0,,0.437,49.2833,-123.1333
West Vancouver,Canada,CA,02,42694,,YVR,Vancouver International Airport,19.3,CXH+YVR,airport,0.873,0.0,,0.437,49.3667,-123.1665
San Fernando de Henares,Spain,ES,29,40981,,MAD,Adolfo Suárez Madrid–Barajas Airport,8.4,MAD,airport,0.874,0.0,,0.437,40.4239,-3.5326
Najafgarh,India,IN,07,1365000,,DEL,Indira Gandhi International Airport,12.7,DEL,pop100k,0.872,0.0,,0.436,28.6092,76.9798
Panamá,Panama,PA,08,408168,yes,PTY,Tocumen International Airport,17.3,BLB+PAC+PTY,pop100k+capital+airport,0.872,0.0,,0.436,8.9936,-79.5197
San Miguelito,Panama,PA,08,321501,,PTY,Tocumen International Airport,9.9,BLB+PAC+PTY,pop100k+airport,0.872,0.0,,0.436,9.0503,-79.4707
New Delhi,India,IN,07,317797,yes,DEL,Indira Gandhi International Airport,15.4,DEL+HDO,pop100k+capital+airport,0.872,0.0,,0.436,28.6358,77.2245
Noida,India,IN,36,293908,,DEL,Indira Gandhi International Airport,23.1,DEL+HDO,pop100k,0.872,0.0,,0.436,28.58,77.33
Hialeah,United States,US,FL,237069,,MIA,Miami International Airport,6.9,MIA+OPF,pop100k+airport,0.872,0.0,,0.436,25.8576,-80.2781
Gurgaon,India,IN,10,197340,,DEL,Indira Gandhi International Airport,12.6,DEL,pop100k,0.872,0.0,,0.436,28.4601,77.0263
Nāngloi Jāt,India,IN,07,194363,,DEL,Indira Gandhi International Airport,14.0,DEL,pop100k,0.872,0.0,,0.436,28.6796,77.068
Pembroke Pines,United States,US,FL,166611,,MIA,Miami International Airport,24.0,FLL+MIA+OPF,pop100k,0.872,0.0,,0.436,26.0032,-80.2239
Bahādurgarh,India,IN,10,153613,,DEL,Indira Gandhi International Airport,21.8,DEL,pop100k,0.872,0.0,,0.436,28.6929,76.9356
Miramar,United States,US,FL,137132,,MIA,Miami International Airport,22.0,FLL+MIA+OPF,pop100k,0.872,0.0,,0.436,25.9873,-80.2323
Songjiang,China,CN,23,130218,,SHA,Shanghai Hongqiao International Airport,21.3,SHA,pop100k,0.871,0.0,,0.436,31.0359,121.2146
Deoli,India,IN,07,120000,,DEL,Indira Gandhi International Airport,14.5,DEL,pop100k,0.872,0.0,,0.436,28.5025,77.2312
Miami Gardens,United States,US,FL,113187,,MIA,Miami International Airport,16.8,FLL+MIA+OPF,pop100k+airport,0.872,0.0,,0.436,25.942,-80.2456
Juan Díaz,Panama,PA,08,100636,,PTY,Tocumen International Airport,7.7,BLB+PAC+PTY,pop100k+airport,0.872,0.0,,0.436,9.05,-79.45
Carol City,United States,US,FL,63031,,MIA,Miami International Airport,16.7,FLL+MIA+OPF,airport,0.872,0.0,,0.436,25.9407,-80.2456
North Miami,United States,US,FL,62435,,MIA,Miami International Airport,14.7,FLL+MIA+OPF,airport,0.872,0.0,,0.436,25.8901,-80.1867
Fountainebleau,United States,US,FL,59764,,MIA,Miami International Airport,6.4,MIA+OPF,airport,0.872,0.0,,0.436,25.7729,-80.3478
Doral,United States,US,FL,56035,,MIA,Miami International Airport,7.1,MIA+OPF,airport,0.872,0.0,,0.436,25.8195,-80.3553
Allapattah,United States,US,FL,54289,,MIA,Miami International Airport,6.9,MIA+OPF,airport,0.872,0.0,,0.436,25.8145,-80.2239
Pedregal,Panama,PA,08,51641,,PTY,Tocumen International Airport,5.5,BLB+PAC+PTY,airport,0.872,0.0,,0.436,9.0667,-79.4333
Coral Gables,United States,US,FL,51117,,MIA,Miami International Airport,8.6,MIA+OPF,airport,0.872,0.0,,0.436,25.7215,-80.2684
Tocumen,Panama,PA,08,50844,,PTY,Tocumen International Airport,2.0,PAC+PTY,airport,0.872,0.0,,0.436,9.0894,-79.3831
Flagami,United States,US,FL,50834,,MIA,Miami International Airport,4.6,MIA+OPF,airport,0.872,0.0,,0.436,25.7623,-80.3162
Country Club,United States,US,FL,47105,,MIA,Miami International Airport,17.1,FLL+MIA+OPF,airport,0.872,0.0,,0.436,25.9481,-80.317
West Little River,United States,US,FL,34699,,MIA,Miami International Airport,8.6,MIA+OPF,airport,0.872,0.0,,0.436,25.857,-80.237
Golden Glades,United States,US,FL,33145,,MIA,Miami International Airport,15.7,FLL+MIA+OPF,airport,0.872,0.0,,0.436,25.9118,-80.2003
Miami Lakes,United States,US,FL,30972,,MIA,Miami International Airport,12.7,FLL+MIA+OPF,airport,0.872,0.0,,0.436,25.9087,-80.3087
Westchester,United States,US,FL,29862,,MIA,Miami International Airport,5.9,MIA+OPF,airport,0.872,0.0,,0.436,25.7548,-80.3273
Faaa,French Polynesia,PF,01,29851,,PPT,Fa'a'ā International Airport,0.8,MOZ+PPT,airport,0.872,0.0,,0.436,-17.55,-149.6
University Park,United States,US,FL,26995,,MIA,Miami International Airport,9.5,MIA+OPF,airport,0.872,0.0,,0.436,25.7465,-80.3675
Papeete,French Polynesia,PF,01,26357,yes,PPT,Fa'a'ā International Airport,4.6,MOZ+PPT,capital+airport,0.872,0.0,,0.436,-17.5373,-149.5665
Punaauia,French Polynesia,PF,01,25750,,PPT,Fa'a'ā International Airport,8.9,MOZ+PPT,airport,0.872,0.0,,0.436,-17.6333,-149.6
Coral Terrace,United States,US,FL,24376,,MIA,Miami International Airport,5.8,MIA+OPF,airport,0.872,0.0,,0.436,25.7459,-80.3045
Hialeah Gardens,United States,US,FL,23926,,MIA,Miami International Airport,8.4,MIA+OPF,airport,0.872,0.0,,0.436,25.8651,-80.3245
Norland,United States,US,FL,23604,,MIA,Miami International Airport,18.7,FLL+MIA+OPF,airport,0.872,0.0,,0.436,25.949,-80.2123
Sweetwater,United States,US,FL,20840,,MIA,Miami International Airport,9.1,MIA+OPF,airport,0.872,0.0,,0.436,25.7634,-80.3731
Ancón,Panama,PA,08,20706,,PTY,Tocumen International Airport,22.2,BLB+PAC+PTY,airport,0.872,0.0,,0.436,8.9602,-79.5514
Coconut Grove,United States,US,FL,20076,,MIA,Miami International Airport,9.8,MIA+OPF,airport,0.872,0.0,,0.436,25.7126,-80.257
Auckland,New Zealand,NZ,E7,417910,,AKL,Auckland International Airport,18.3,AKL,pop100k+airport,0.871,0.0,,0.435,-36.8485,174.7635
Manukau City,New Zealand,NZ,E7,362000,,AKL,Auckland International Airport,8.6,AKL,pop100k+airport,0.871,0.0,,0.435,-36.9928,174.8799
Morón,Argentina,AR,01,319934,,AEP,Aeroparque Jorge Newbery,21.3,AEP+EZE,pop100k,0.87,0.0,,0.435,-34.6509,-58.6196
Mueang Nonthaburi,Thailand,TH,38,291555,,DMK,Don Mueang International Airport,11.5,DMK,pop100k,0.869,0.0,,0.435,13.8607,100.5148
Quilmes,Argentina,AR,01,230000,,AEP,Aeroparque Jorge Newbery,23.4,AEP,pop100k,0.87,0.0,,0.435,-34.729,-58.2637
Pak Kret,Thailand,TH,38,182926,,DMK,Don Mueang International Airport,11.7,DMK,pop100k,0.869,0.0,,0.435,13.913,100.4988
Khlong Luang,Thailand,TH,39,118551,,DMK,Don Mueang International Airport,17.4,DMK,pop100k,0.869,0.0,,0.435,14.0647,100.6458
Mangere,New Zealand,NZ,E7,55266,,AKL,Auckland International Airport,5.0,AKL,airport,0.871,0.0,,0.435,-36.9681,174.7988
Salt Lake City,United States,US,UT,192672,,SLC,Salt Lake City International Airport,8.1,SLC,pop100k+airport,0.869,0.0,,0.434,40.7608,-111.8911
West Valley City,United States,US,UT,136208,,SLC,Salt Lake City International Airport,11.0,SLC,pop100k,0.869,0.0,,0.434,40.6916,-112.0011
West Jordan,United States,US,UT,111946,,SLC,Salt Lake City International Airport,20.2,SLC,pop100k,0.869,0.0,,0.434,40.6097,-111.9391
Meadow Woods,United States,US,FL,25558,,MCO,Orlando International Airport,7.4,MCO,airport,0.867,0.0,,0.434,28.3856,-81.3665
Nairobi,Kenya,KE,05,2750547,yes,NBO,Jomo Kenyatta International Airport,13.0,NBO+WIL,pop100k+capital+airport,0.866,0.0,,0.433,-1.2833,36.8167
Crawley,United Kingdom,GB,ENG,180508,,LGW,London Gatwick Airport,4.0,LGW,pop100k+airport,0.865,0.0,,0.433,51.113,-0.1831
Reigate,United Kingdom,GB,ENG,52123,,LGW,London Gatwick Airport,10.0,LGW,airport,0.865,0.0,,0.433,51.2374,-0.2058
Horley,United Kingdom,GB,ENG,21232,,LGW,London Gatwick Airport,3.4,LGW,airport,0.865,0.0,,0.433,51.1742,-0.1592
Perth,Australia,AU,08,1896548,,PER,Perth International Airport,10.1,PER,pop100k+airport,0.864,0.0,,0.432,-31.9522,115.8614
Iztapalapa,Mexico,MX,09,1815786,,MEX,Mexico City Benito Juárez International Airport,9.0,MEX,pop100k+airport,0.865,0.0,,0.432,19.3553,-99.0622
Ecatepec de Morelos,Mexico,MX,15,1655015,,MEX,Mexico City Benito Juárez International Airport,18.8,MEX+NLU,pop100k,0.865,0.0,,0.432,19.6049,-99.0606
Gustavo Adolfo Madero,Mexico,MX,09,1185772,,MEX,Mexico City Benito Juárez International Airport,7.7,MEX,pop100k+airport,0.865,0.0,,0.432,19.4939,-99.1107
Ciudad Nezahualcoyotl,Mexico,MX,15,1104585,,MEX,Mexico City Benito Juárez International Airport,7.0,MEX,pop100k+airport,0.865,0.0,,0.432,19.4006,-99.0148
Naucalpan de Juárez,Mexico,MX,15,792211,,MEX,Mexico City Benito Juárez International Airport,18.4,MEX,pop100k,0.865,0.0,,0.432,19.4785,-99.2396
Tlalnepantla,Mexico,MX,15,653410,,MEX,Mexico City Benito Juárez International Airport,17.5,MEX,pop100k,0.865,0.0,,0.432,19.5401,-99.1954
Coyoacán,Mexico,MX,09,620416,,MEX,Mexico City Benito Juárez International Airport,13.8,MEX,pop100k,0.865,0.0,,0.432,19.3467,-99.1617
Santa María Chimalhuacán,Mexico,MX,15,612383,,MEX,Mexico City Benito Juárez International Airport,12.7,MEX,pop100k,0.865,0.0,,0.432,19.4215,-98.9504
Tlalpan,Mexico,MX,09,574577,,MEX,Mexico City Benito Juárez International Airport,18.4,MEX,pop100k,0.865,0.0,,0.432,19.2951,-99.1621
Cuauhtémoc,Mexico,MX,09,531831,,MEX,Mexico City Benito Juárez International Airport,8.0,MEX,pop100k+airport,0.865,0.0,,0.432,19.4451,-99.1461
Ciudad López Mateos,Mexico,MX,15,489160,,MEX,Mexico City Benito Juárez International Airport,23.8,MEX,pop100k,0.865,0.0,,0.432,19.5579,-99.2567
Azcapotzalco,Mexico,MX,09,414711,,MEX,Mexico City Benito Juárez International Airport,13.4,MEX,pop100k,0.865,0.0,,0.432,19.487,-99.1859
Xochimilco,Mexico,MX,09,407885,,MEX,Mexico City Benito Juárez International Airport,20.4,MEX,pop100k,0.865,0.0,,0.432,19.2547,-99.1036
Iztacalco,Mexico,MX,09,384326,,MEX,Mexico City Benito Juárez International Airport,5.3,MEX,pop100k+airport,0.865,0.0,,0.432,19.3953,-99.0978
Miguel Hidalgo,Mexico,MX,09,372889,,MEX,Mexico City Benito Juárez International Airport,13.6,MEX,pop100k,0.865,0.0,,0.432,19.4341,-99.2002
Xico,Mexico,MX,15,356352,,MEX,Mexico City Benito Juárez International Airport,22.3,MEX,pop100k,0.865,0.0,,0.432,19.2703,-98.9509
Benito Juarez,Mexico,MX,09,355017,,MEX,Mexico City Benito Juárez International Airport,10.1,MEX,pop100k,0.865,0.0,,0.432,19.3984,-99.1577
Ixtapaluca,Mexico,MX,15,322271,,MEX,Mexico City Benito Juárez International Airport,23.8,MEX,pop100k,0.865,0.0,,0.432,19.3156,-98.8828
Tláhuac,Mexico,MX,09,305076,,MEX,Mexico City Benito Juárez International Airport,17.9,MEX,pop100k,0.865,0.0,,0.432,19.2869,-99.0051
Coacalco,Mexico,MX,15,277959,,MEX,Mexico City Benito Juárez International Airport,21.8,MEX+NLU,pop100k,0.865,0.0,,0.432,19.6292,-99.1069
Magdalena Contreras,Mexico,MX,09,238431,,MEX,Mexico City Benito Juárez International Airport,18.7,MEX,pop100k,0.865,0.0,,0.432,19.3321,-99.2112
Buenavista,Mexico,MX,15,206081,,MEX,Mexico City Benito Juárez International Airport,21.8,MEX+NLU,pop100k,0.865,0.0,,0.432,19.6083,-99.1694
Chicoloapan,Mexico,MX,15,172919,,MEX,Mexico City Benito Juárez International Airport,17.8,MEX,pop100k,0.865,0.0,,0.432,19.4169,-98.902
Delegación Cuajimalpa de Morelos,Mexico,MX,09,160491,,MEX,Mexico City Benito Juárez International Airport,24.3,MEX,pop100k,0.865,0.0,,0.432,19.3692,-99.2909
Texcoco de Mora,Mexico,MX,15,105165,,MEX,Mexico City Benito Juárez International Airport,21.4,MEX,pop100k,0.865,0.0,,0.432,19.5119,-98.8829
Tepexpan,Mexico,MX,15,102667,,MEX,Mexico City Benito Juárez International Airport,24.3,MEX+NLU,pop100k,0.865,0.0,,0.432,19.6139,-98.9364
Bogotá,Colombia,CO,34,7674366,yes,BOG,El Dorado International Airport,12.5,BOG,pop100k+capital+airport,0.862,0.0,,0.431,4.6097,-74.0817
Soacha,Colombia,CO,33,313945,,BOG,El Dorado International Airport,15.6,BOG,pop100k,0.862,0.0,,0.431,4.5794,-74.2168
Funza,Colombia,CO,33,54421,,BOG,El Dorado International Airport,7.4,BOG,airport,0.862,0.0,,0.431,4.7164,-74.212
Mosquera,Colombia,CO,33,27005,,BOG,El Dorado International Airport,9.2,BOG,airport,0.862,0.0,,0.431,4.7059,-74.2302
St Albans,Australia,AU,07,37629,,MEL,Melbourne Airport,8.9,MEB+MEL,airport,0.861,0.0,,0.43,-37.745,144.8005
Sepang,Malaysia,MY,12,212050,,KUL,Kuala Lumpur International Airport,7.3,KUL,pop100k+airport,0.853,0.0,,0.427,2.6931,101.7498
Tongzhou,China,CN,22,163326,,PEK,Beijing Capital International Airport,20.1,PEK,pop100k,0.854,0.0,,0.427,39.904,116.6618
Shunyi,China,CN,22,117623,,PEK,Beijing Capital International Airport,6.6,PEK,pop100k+airport,0.854,0.0,,0.427,40.1217,116.6478
Putrajaya,Malaysia,MY,17,50000,yes,KUL,Kuala Lumpur International Airport,21.2,KUL,capital,0.853,0.0,,0.427,2.9353,101.6911
Kunming,China,CN,29,3855346,,KMG,Kunming Changshui International Airport,23.4,KMG,pop100k+airport,0.851,0.0,,0.426,25.0389,102.7183
Yonkers,United States,US,NY,201116,,LGA,LaGuardia Airport,17.3,HPN+JRA+LGA+NYS+TEB+TSS,pop100k,0.851,0.0,,0.426,40.9312,-73.8988
Washington Heights,United States,US,NY,152613,,LGA,LaGuardia Airport,9.7,JRA+LGA+NYS+TEB+TSS,pop100k+airport,0.851,0.0,,0.426,40.8501,-73.9354
Fordham,United States,US,NY,94678,,LGA,LaGuardia Airport,9.4,JRA+LGA+NYS+TEB+TSS,airport,0.851,0.0,,0.426,40.8593,-73.8985
Morris Heights,United States,US,NY,40982,,LGA,LaGuardia Airport,9.0,JRA+LGA+NYS+TEB+TSS,airport,0.851,0.0,,0.426,40.8498,-73.9199
Teaneck,United States,US,NJ,40078,,LGA,LaGuardia Airport,18.0,JRA+LGA+NYS+TEB+TSS,airport,0.851,0.0,,0.426,40.8976,-74.016
Englewood,United States,US,NJ,28539,,LGA,LaGuardia Airport,15.4,JRA+LGA+NYS+TEB+TSS,airport,0.851,0.0,,0.426,40.8929,-73.9726
University Heights,United States,US,NY,27935,,LGA,LaGuardia Airport,9.7,JRA+LGA+NYS+TEB+TSS,airport,0.851,0.0,,0.426,40.8601,-73.9093
Tremont,United States,US,NY,22870,,LGA,LaGuardia Airport,8.5,JRA+LGA+NYS+TEB+TSS,airport,0.851,0.0,,0.426,40.8495,-73.9057
Calgary,Canada,CA,01,1019942,,YYC,Calgary International Airport,9.3,YYC,pop100k+airport,0.849,0.0,,0.425,51.0501,-114.0853
Arlington,United States,US,VA,207627,,DCA,Ronald Reagan Washington National Airport,6.6,DCA,pop100k+airport,0.851,0.0,,0.425,38.881,-77.1043
Alexandria,United States,US,VA,153511,,DCA,Ronald Reagan Washington National Airport,5.3,DCA,pop100k+airport,0.851,0.0,,0.425,38.8048,-77.0469
Boulogne-Billancourt,France,FR,11,108782,,ORY,Paris-Orly Airport,14.6,LBG+ORY,pop100k,0.85,0.0,,0.425,48.8355,2.2413
Vitry-sur-Seine,France,FR,11,81001,,ORY,Paris-Orly Airport,7.2,LBG+ORY,airport,0.85,0.0,,0.425,48.7872,2.4033
Antony,France,FR,11,59845,,ORY,Paris-Orly Airport,5.3,ORY,airport,0.85,0.0,,0.425,48.7533,2.2967
Villejuif,France,FR,11,48048,,ORY,Paris-Orly Airport,7.2,LBG+ORY,airport,0.85,0.0,,0.425,48.7939,2.3599
Savigny-sur-Orge,France,FR,11,39698,,ORY,Paris-Orly Airport,5.9,ORY,airport,0.85,0.0,,0.425,48.6768,2.3483
Bagneux,France,FR,11,38900,,ORY,Paris-Orly Airport,8.3,LBG+ORY,airport,0.85,0.0,,0.425,48.7957,2.308
Massy,France,FR,11,38768,,ORY,Paris-Orly Airport,5.6,ORY,airport,0.85,0.0,,0.425,48.7269,2.283
Choisy-le-Roi,France,FR,11,35590,,ORY,Paris-Orly Airport,6.2,LBG+ORY,airport,0.85,0.0,,0.425,48.7685,2.4187
Oxon Hill-Glassmanor,United States,US,MD,35355,,DCA,Ronald Reagan Washington National Airport,8.3,DCA,airport,0.851,0.0,,0.425,38.7961,-76.975
Sainte-Geneviève-des-Bois,France,FR,11,33689,,ORY,Paris-Orly Airport,9.6,ORY,airport,0.85,0.0,,0.425,48.6468,2.3197
Suitland-Silver Hill,United States,US,MD,33515,,DCA,Ronald Reagan Washington National Airport,9.7,DCA,airport,0.851,0.0,,0.425,38.8469,-76.9259
Châtenay-Malabry,France,FR,11,32715,,ORY,Paris-Orly Airport,7.8,ORY,airport,0.85,0.0,,0.425,48.7651,2.2666
Châtillon,France,FR,11,32383,,ORY,Paris-Orly Airport,9.4,LBG+ORY,airport,0.85,0.0,,0.425,48.8024,2.2935
Palaiseau,France,FR,11,31987,,ORY,Paris-Orly Airport,8.1,ORY,airport,0.85,0.0,,0.425,48.7183,2.2498
Athis-Mons,France,FR,11,31225,,ORY,Paris-Orly Airport,3.6,ORY,airport,0.85,0.0,,0.425,48.7052,2.3915
Viry-Châtillon,France,FR,11,31131,,ORY,Paris-Orly Airport,6.9,ORY,airport,0.85,0.0,,0.425,48.6721,2.3932
Villeneuve-Saint-Georges,France,FR,11,30881,,ORY,Paris-Orly Airport,6.6,ORY,airport,0.85,0.0,,0.425,48.7322,2.4493
Thiais,France,FR,11,29724,,ORY,Paris-Orly Airport,4.8,LBG+ORY,airport,0.85,0.0,,0.425,48.765,2.3961
L'Haÿ-les-Roses,France,FR,11,29703,,ORY,Paris-Orly Airport,5.8,LBG+ORY,airport,0.85,0.0,,0.425,48.7794,2.3373
Draveil,France,FR,11,29316,,ORY,Paris-Orly Airport,6.4,ORY,airport,0.85,0.0,,0.425,48.6847,2.4142
Yerres,France,FR,11,28897,,ORY,Paris-Orly Airport,9.9,ORY,airport,0.85,0.0,,0.425,48.7178,2.4934
Le Kremlin-Bicêtre,France,FR,11,27867,,ORY,Paris-Orly Airport,9.5,LBG+ORY,airport,0.85,0.0,,0.425,48.8147,2.3607
Vigneux-sur-Seine,France,FR,11,26692,,ORY,Paris-Orly Airport,5.0,ORY,airport,0.85,0.0,,0.425,48.7029,2.4136
Cachan,France,FR,11,26540,,ORY,Paris-Orly Airport,7.6,LBG+ORY,airport,0.85,0.0,,0.425,48.7963,2.3366
Suitland,United States,US,MD,25825,,DCA,Ronald Reagan Washington National Airport,9.9,DCA,airport,0.851,0.0,,0.425,38.8487,-76.9239
Ris-Orangis,France,FR,11,25082,,ORY,Paris-Orly Airport,9.6,ORY,airport,0.85,0.0,,0.425,48.6511,2.4141
Grigny,France,FR,11,24940,,ORY,Paris-Orly Airport,8.8,ORY,airport,0.85,0.0,,0.425,48.6541,2.3934
Fresnes,France,FR,11,24803,,ORY,Paris-Orly Airport,4.0,LBG+ORY,airport,0.85,0.0,,0.425,48.7557,2.3224
Fontenay-aux-Roses,France,FR,11,24680,,ORY,Paris-Orly Airport,8.6,LBG+ORY,airport,0.85,0.0,,0.425,48.7933,2.2927
Baileys Crossroads,United States,US,VA,23643,,DCA,Ronald Reagan Washington National Airport,8.0,DCA,airport,0.851,0.0,,0.425,38.8504,-77.1297
Lincolnia,United States,US,VA,22855,,DCA,Ronald Reagan Washington National Airport,9.9,DCA,airport,0.851,0.0,,0.425,38.8184,-77.1433
Montgeron,France,FR,11,22843,,ORY,Paris-Orly Airport,7.2,ORY,airport,0.85,0.0,,0.425,48.7054,2.4504
Le Plessis-Robinson,France,FR,11,22510,,ORY,Paris-Orly Airport,9.2,LBG+ORY,airport,0.85,0.0,,0.425,48.7889,2.2708
Sceaux,France,FR,11,21511,,ORY,Paris-Orly Airport,7.3,LBG+ORY,airport,0.85,0.0,,0.425,48.7764,2.2903
Longjumeau,France,FR,11,20771,,ORY,Paris-Orly Airport,5.4,ORY,airport,0.85,0.0,,0.425,48.695,2.3074
Orly,France,FR,11,20528,,ORY,Paris-Orly Airport,3.2,LBG+ORY,airport,0.85,0.0,,0.425,48.7479,2.3925
Rose Hill,United States,US,VA,20226,,DCA,Ronald Reagan Washington National Airport,9.6,DCA,airport,0.851,0.0,,0.425,38.7887,-77.1128
Chevilly-Larue,France,FR,11,20125,,ORY,Paris-Orly Airport,4.0,LBG+ORY,airport,0.85,0.0,,0.425,48.7648,2.3503
Batam,Indonesia,ID,37,1164352,,SIN,Singapore Changi Airport,22.6,BTH+SIN,pop100k+airport,0.847,0.0,,0.424,1.1494,104.0249
Laval,Canada,CA,10,376845,,YUL,Montreal / Pierre Elliott Trudeau International Airport,12.0,YHU+YUL,pop100k,0.849,0.0,,0.424,45.5699,-73.692
Anchorage,United States,US,AK,298695,,ANC,Ted Stevens Anchorage International Airport,6.6,ANC+MRI,pop100k+airport,0.848,0.0,,0.424,61.2181,-149.9003
Woodlands,Singapore,SG,03,252530,,SIN,Singapore Changi Airport,24.8,SIN+XSP,pop100k+airport,0.847,0.0,,0.424,1.438,103.7888
Longueuil,Canada,CA,10,229330,,YUL,Montreal / Pierre Elliott Trudeau International Airport,18.8,YHU+YUL,pop100k+airport,0.849,0.0,,0.424,45.5312,-73.5181
Kampung Pasir Gudang Baru,Malaysia,MY,01,145639,,SIN,Singapore Changi Airport,18.7,SIN+XSP,pop100k+airport,0.847,0.0,,0.424,1.4726,103.878
Brossard,Canada,CA,10,69575,,YUL,Montreal / Pierre Elliott Trudeau International Airport,21.7,YHU+YUL,airport,0.849,0.0,,0.424,45.4501,-73.4658
Dollard-Des Ormeaux,Canada,CA,10,48930,,YUL,Montreal / Pierre Elliott Trudeau International Airport,7.0,YUL,airport,0.849,0.0,,0.424,45.4945,-73.8242
Châteauguay,Canada,CA,10,42786,,YUL,Montreal / Pierre Elliott Trudeau International Airport,9.4,YUL,airport,0.849,0.0,,0.424,45.3834,-73.7492
Côte-Saint-Luc,Canada,CA,10,31395,,YUL,Montreal / Pierre Elliott Trudeau International Airport,6.0,YHU+YUL,airport,0.849,0.0,,0.424,45.4654,-73.6659
Pointe-Claire,Canada,CA,10,30161,,YUL,Montreal / Pierre Elliott Trudeau International Airport,6.2,YUL,airport,0.849,0.0,,0.424,45.4487,-73.8167
Kirkland,Canada,CA,10,20491,,YUL,Montreal / Pierre Elliott Trudeau International Airport,9.8,YUL,airport,0.849,0.0,,0.424,45.4501,-73.8659
Philadelphia,United States,US,PA,1567442,,PHL,Philadelphia International Airport,11.1,PHL,pop100k+airport,0.847,0.0,,0.423,39.9523,-75.1638
Humen,China,CN,30,191891,,SZX,Shenzhen Bao'an International Airport,24.0,SZX,pop100k,0.846,0.0,,0.423,22.819,113.6731
Drexel Hill,United States,US,PA,28043,,PHL,Philadelphia International Airport,9.4,PHL,airport,0.847,0.0,,0.423,39.9471,-75.2921
Springfield,United States,US,PA,23363,,PHL,Philadelphia International Airport,9.4,PHL,airport,0.847,0.0,,0.423,39.9307,-75.3202
São Bernardo do Campo,Brazil,BR,27,743372,,CGH,Congonhas–Deputado Freitas Nobre Airport,11.7,CGH,pop100k,0.844,0.0,,0.422,-23.6939,-46.565
Osasco,Brazil,BR,27,677856,,CGH,Congonhas–Deputado Freitas Nobre Airport,17.5,CGH,pop100k,0.844,0.0,,0.422,-23.5325,-46.7917
Santo André,Brazil,BR,27,662373,,CGH,Congonhas–Deputado Freitas Nobre Airport,12.5,CGH,pop100k,0.844,0.0,,0.422,-23.6639,-46.5383
Düsseldorf,Germany,DE,07,573057,,DUS,Düsseldorf Airport,7.6,DUS,pop100k+airport,0.843,0.0,,0.422,51.2217,6.7762
Duisburg,Germany,DE,07,504358,,DUS,Düsseldorf Airport,15.9,DUS,pop100k,0.843,0.0,,0.422,51.4325,6.7652
Manchester,United Kingdom,GB,ENG,395515,,MAN,Manchester Airport,14.9,MAN,pop100k,0.845,0.0,,0.422,53.4809,-2.2374
Diadema,Brazil,BR,27,390633,,CGH,Congonhas–Deputado Freitas Nobre Airport,7.3,CGH,pop100k+airport,0.844,0.0,,0.422,-23.6861,-46.6228
Mauá,Brazil,BR,27,386069,,CGH,Congonhas–Deputado Freitas Nobre Airport,20.2,CGH,pop100k,0.844,0.0,,0.422,-23.6678,-46.4614
Carapicuíba,Brazil,BR,27,361112,,CGH,Congonhas–Deputado Freitas Nobre Airport,21.8,CGH,pop100k,0.844,0.0,,0.422,-23.5227,-46.835
Krefeld,Germany,DE,07,237984,,DUS,Düsseldorf Airport,15.7,DUS,pop100k,0.843,0.0,,0.422,51.3364,6.5538
Embu,Brazil,BR,27,221733,,CGH,Congonhas–Deputado Freitas Nobre Airport,20.3,CGH,pop100k,0.844,0.0,,0.422,-23.6489,-46.8522
Oberhausen,Germany,DE,07,219176,,DUS,Düsseldorf Airport,22.0,DUS,pop100k,0.843,0.0,,0.422,51.4781,6.8625
Taboão da Serra,Brazil,BR,27,214523,,CGH,Congonhas–Deputado Freitas Nobre Airport,14.0,CGH,pop100k,0.844,0.0,,0.422,-23.6261,-46.7917
Mülheim,Germany,DE,07,171000,,DUS,Düsseldorf Airport,17.7,DUS,pop100k,0.843,0.0,,0.422,51.4322,6.8797
Warrington,United Kingdom,GB,ENG,165456,,MAN,Manchester Airport,20.5,LPL+MAN,pop100k,0.845,0.0,,0.422,53.3925,-2.5802
Neuss,Germany,DE,07,152457,,DUS,Düsseldorf Airport,11.7,DUS,pop100k,0.843,0.0,,0.422,51.1981,6.685
Itapecerica da Serra,Brazil,BR,27,151605,,CGH,Congonhas–Deputado Freitas Nobre Airport,22.2,CGH,pop100k,0.844,0.0,,0.422,-23.7169,-46.8492
Stockport,United Kingdom,GB,ENG,139052,,MAN,Manchester Airport,10.5,MAN,pop100k,0.845,0.0,,0.422,53.4098,-2.1576
Odintsovo,Russia,RU,47,137041,,VKO,Vnukovo International Airport,9.7,VKO,pop100k+airport,0.845,0.0,,0.422,55.678,37.2777
Novo-Peredelkino,Russia,RU,48,115536,,VKO,Vnukovo International Airport,7.6,VKO,pop100k+airport,0.845,0.0,,0.422,55.6453,37.3358
Moers,Germany,DE,07,107816,,DUS,Düsseldorf Airport,20.5,DUS,pop100k,0.843,0.0,,0.422,51.4534,6.6326
Cherëmushki,Russia,RU,48,106587,,VKO,Vnukovo International Airport,20.5,VKO,pop100k,0.845,0.0,,0.422,55.6647,37.5613
Oldham,United Kingdom,GB,ENG,104782,,MAN,Manchester Airport,23.8,MAN,pop100k,0.845,0.0,,0.422,53.5405,-2.1183
Ratingen,Germany,DE,07,91606,,DUS,Düsseldorf Airport,5.8,DUS,airport,0.843,0.0,,0.422,51.2972,6.8493
Sale,United Kingdom,GB,ENG,55689,,MAN,Manchester Airport,8.9,MAN,airport,0.845,0.0,,0.422,53.4252,-2.3244
Meerbusch,Germany,DE,07,54826,,DUS,Düsseldorf Airport,6.8,DUS,airport,0.843,0.0,,0.422,51.2527,6.6881
Altrincham,United Kingdom,GB,ENG,41548,,MAN,Manchester Airport,6.2,MAN,airport,0.845,0.0,,0.422,53.3875,-2.3485
Wilmslow,United Kingdom,GB,ENG,36617,,MAN,Manchester Airport,4.0,MAN,airport,0.845,0.0,,0.422,53.328,-2.2315
Annino,Russia,RU,47,30000,,VKO,Vnukovo International Airport,0.9,VKO,airport,0.845,0.0,,0.422,55.5832,37.2602
Cheadle Hulme,United Kingdom,GB,ENG,28952,,MAN,Manchester Airport,6.7,MAN,airport,0.845,0.0,,0.422,53.3761,-2.1897
Bramhall,United Kingdom,GB,ENG,25506,,MAN,Manchester Airport,7.6,MAN,airport,0.845,0.0,,0.422,53.358,-2.1654
Vnukovo,Russia,RU,48,20000,,VKO,Vnukovo International Airport,3.1,VKO,airport,0.845,0.0,,0.422,55.6119,37.2961
Mumbai,India,IN,16,12691836,,BOM,Chhatrapati Shivaji Maharaj International Airport,2.3,BOM+NMI,pop100k+airport,0.84,0.0,,0.42,19.0728,72.8826
Thāne,India,IN,16,1261517,,BOM,Chhatrapati Shivaji Maharaj International Airport,15.7,BOM,pop100k,0.84,0.0,,0.42,19.197,72.9635
Borivli,India,IN,16,609617,,BOM,Chhatrapati Shivaji Maharaj International Airport,16.3,BOM,pop100k,0.84,0.0,,0.42,19.235,72.8598
Bhayandar,India,IN,16,520301,,BOM,Chhatrapati Shivaji Maharaj International Airport,23.7,BOM,pop100k,0.84,0.0,,0.42,19.3016,72.8511
Port Moresby,Papua New Guinea,PG,20,283733,yes,POM,Port Moresby Jacksons International Airport,8.5,POM,pop100k+capital+airport,0.84,0.0,,0.42,-9.4772,147.1509
Airoli,India,IN,16,100000,,BOM,Chhatrapati Shivaji Maharaj International Airport,15.2,BOM+NMI,pop100k,0.84,0.0,,0.42,19.151,72.9963
Powai,India,IN,16,20000,,BOM,Chhatrapati Shivaji Maharaj International Airport,4.9,BOM+NMI,airport,0.84,0.0,,0.42,19.1164,72.9047
Podolsk,Russia,RU,47,179400,,DME,Domodedovo International Airport,22.3,DME,pop100k,0.837,0.0,,0.419,55.4242,37.5547
Acilia-Castel Fusano-Ostia Antica,Italy,IT,07,129362,,FCO,Rome–Fiumicino Leonardo da Vinci International Airport,8.0,CIA+FCO,pop100k+airport,0.838,0.0,,0.419,41.7634,12.3308
Zhukovskiy,Russia,RU,47,97200,,DME,Domodedovo International Airport,24.7,DME+ZIA,airport,0.837,0.0,,0.419,55.5953,38.1203
Lido di Ostia,Italy,IT,07,79400,,FCO,Rome–Fiumicino Leonardo da Vinci International Airport,8.3,FCO,airport,0.838,0.0,,0.419,41.7321,12.2765
Fiumicino-Isola Sacra,Italy,IT,07,34556,,FCO,Rome–Fiumicino Leonardo da Vinci International Airport,3.9,FCO,airport,0.838,0.0,,0.419,41.7709,12.2366
Vatican City,Vatican City,VA,,829,yes,FCO,Rome–Fiumicino Leonardo da Vinci International Airport,20.0,CIA+FCO,capital,0.838,0.0,,0.419,41.9027,12.4541
San Bernardo,Chile,CL,12,249858,,SCL,Comodoro Arturo Merino Benítez International Airport,23.5,SCL,pop100k,0.836,0.0,,0.418,-33.5922,-70.6996
Lo Prado,Chile,CL,12,104316,,SCL,Comodoro Arturo Merino Benítez International Airport,8.0,SCL,pop100k+airport,0.836,0.0,,0.418,-33.4443,-70.7255
Saint Petersburg,Russia,RU,66,5028000,,LED,Pulkovo Airport,15.6,LED,pop100k,0.834,0.0,,0.417,59.9386,30.3141
Makassar,Indonesia,ID,38,1321717,,UPG,Sultan Hasanuddin International Airport,15.7,UPG,pop100k+airport,0.834,0.0,,0.417,-5.1486,119.4319
Sollentuna,Sweden,SE,26,139606,,ARN,Stockholm-Arlanda Airport,24.5,ARN+BMA,pop100k+airport,0.834,0.0,,0.417,59.428,17.9509
Kolpino,Russia,RU,66,138979,,LED,Pulkovo Airport,19.1,LED,pop100k,0.834,0.0,,0.417,59.7507,30.5886
Maros,Indonesia,ID,38,30000,,UPG,Sultan Hasanuddin International Airport,8.0,UPG,airport,0.834,0.0,,0.417,-5.006,119.5727
Märsta,Sweden,SE,26,27034,,ARN,Stockholm-Arlanda Airport,5.1,ARN,airport,0.834,0.0,,0.417,59.6216,17.8548
Langfang,China,CN,10,720119,,PKX,Beijing Daxing International Airport,24.1,PKX,pop100k,0.832,0.0,,0.416,39.5097,116.6947
Xianyang,China,CN,26,1034081,,XIY,Xi'an Xianyang International Airport,12.8,XIY,pop100k,0.828,0.0,,0.414,34.3378,108.7026
Fort Lauderdale,United States,US,FL,178590,,FLL,Fort Lauderdale Hollywood International Airport,5.6,FLL,pop100k+airport,0.829,0.0,,0.414,26.1223,-80.1434
Hollywood,United States,US,FL,149728,,FLL,Fort Lauderdale Hollywood International Airport,6.8,FLL+OPF,pop100k+airport,0.829,0.0,,0.414,26.0112,-80.1495
Pompano Beach,United States,US,FL,107762,,FLL,Fort Lauderdale Hollywood International Airport,18.6,FLL,pop100k,0.829,0.0,,0.414,26.2379,-80.1248
Davie,United States,US,FL,100882,,FLL,Fort Lauderdale Hollywood International Airport,8.1,FLL+OPF,pop100k+airport,0.829,0.0,,0.414,26.0629,-80.2331
Sunrise,United States,US,FL,84439,,FLL,Fort Lauderdale Hollywood International Airport,7.9,FLL,airport,0.829,0.0,,0.414,26.134,-80.1131
Lauderhill,United States,US,FL,71579,,FLL,Fort Lauderdale Hollywood International Airport,9.7,FLL,airport,0.829,0.0,,0.414,26.1404,-80.2134
Dania Beach,United States,US,FL,31446,,FLL,Fort Lauderdale Hollywood International Airport,2.4,FLL+OPF,airport,0.829,0.0,,0.414,26.0523,-80.1439
Callao,Peru,PE,07,813264,,LIM,Jorge Chávez International Airport,3.9,LIM,pop100k+airport,0.825,0.0,,0.413,-12.0566,-77.1181
Espoo,Finland,FI,01,256760,,HEL,Helsinki Vantaa Airport,21.3,HEL,pop100k,0.823,0.0,,0.412,60.2052,24.6522
Vantaa,Finland,FI,01,190058,,HEL,Helsinki Vantaa Airport,5.1,HEL,pop100k+airport,0.823,0.0,,0.412,60.2941,25.041
Fairbanks,United States,US,AK,32325,,FAI,Fairbanks International Airport,7.1,FAI,airport,0.823,0.0,,0.412,64.8378,-147.7164
Giza,Egypt,EG,08,2443203,,CAI,Cairo International Airport,21.4,CAI,pop100k,0.82,0.0,,0.41,30.0094,31.2086
New Cairo,Egypt,EG,11,200000,,CAI,Cairo International Airport,11.5,CAI+CCE,pop100k+airport,0.82,0.0,,0.41,30.03,31.47
Amadora,Portugal,PT,14,178858,,LIS,Lisbon Humberto Delgado Airport,8.8,CAT+LIS,pop100k+airport,0.819,0.0,,0.41,38.7538,-9.2308
Peristéri,Greece,GR,ESYE31,139981,,ATH,Athens Eleftherios Venizelos International Airport,23.8,ATH,pop100k,0.82,0.0,,0.41,38.0154,23.6919
Queluz,Portugal,PT,14,103399,,LIS,Lisbon Humberto Delgado Airport,10.6,CAT+LIS,pop100k+airport,0.819,0.0,,0.41,38.7566,-9.2545
Kallithéa,Greece,GR,ESYE31,100641,,ATH,Athens Eleftherios Venizelos International Airport,21.5,ATH,pop100k,0.82,0.0,,0.41,37.95,23.7
Qalyūb,Egypt,EG,12,100495,,CAI,Cairo International Airport,19.9,CAI,pop100k,0.82,0.0,,0.41,30.1792,31.2056
Cacém,Portugal,PT,14,93982,,LIS,Lisbon Humberto Delgado Airport,14.1,CAT+LIS,airport,0.819,0.0,,0.41,38.767,-9.2979
Medford,United States,US,OR,79805,,MFR,Rogue Valley International-Medford Airport,5.3,MFR,airport,0.82,0.0,,0.41,42.3265,-122.8756
Algueirão,Portugal,PT,14,66250,,LIS,Lisbon Humberto Delgado Airport,18.1,CAT+LIS,airport,0.819,0.0,,0.41,38.7976,-9.3437
Loures,Portugal,PT,14,66231,,LIS,Lisbon Humberto Delgado Airport,6.2,CAT+LIS,airport,0.819,0.0,,0.41,38.8309,-9.1684
Rio de Mouro,Portugal,PT,14,54695,,LIS,Lisbon Humberto Delgado Airport,16.7,CAT+LIS,airport,0.819,0.0,,0.41,38.7661,-9.328
Odivelas,Portugal,PT,14,54624,,LIS,Lisbon Humberto Delgado Airport,4.3,CAT+LIS,airport,0.819,0.0,,0.41,38.7927,-9.1838
São Domingos de Rana,Portugal,PT,14,46718,,LIS,Lisbon Humberto Delgado Airport,19.8,CAT+LIS,airport,0.819,0.0,,0.41,38.7019,-9.3408
Benfica,Portugal,PT,14,36985,,LIS,Lisbon Humberto Delgado Airport,6.7,CAT+LIS,airport,0.819,0.0,,0.41,38.7509,-9.2028
Oeiras,Portugal,PT,14,35000,,LIS,Lisbon Humberto Delgado Airport,18.2,CAT+LIS,airport,0.819,0.0,,0.41,38.691,-9.3109
Olivais,Portugal,PT,14,33788,,LIS,Lisbon Humberto Delgado Airport,2.8,CAT+LIS,airport,0.819,0.0,,0.41,38.7699,-9.1067
Alcabideche,Portugal,PT,14,33315,,LIS,Lisbon Humberto Delgado Airport,24.3,CAT+LIS,airport,0.819,0.0,,0.41,38.7337,-9.4093
Alvalade,Portugal,PT,14,31813,,LIS,Lisbon Humberto Delgado Airport,3.2,CAT+LIS,airport,0.819,0.0,,0.41,38.7533,-9.144
Massamá,Portugal,PT,14,28112,,LIS,Lisbon Humberto Delgado Airport,13.0,CAT+LIS,airport,0.819,0.0,,0.41,38.7528,-9.2811
Sintra,Portugal,PT,14,26193,,LIS,Lisbon Humberto Delgado Airport,21.1,CAT+LIS,airport,0.819,0.0,,0.41,38.801,-9.3783
Paço de Arcos,Portugal,PT,14,25974,,LIS,Lisbon Humberto Delgado Airport,16.5,CAT+LIS,airport,0.819,0.0,,0.41,38.6957,-9.2914
Estoril,Portugal,PT,14,23700,,LIS,Lisbon Humberto Delgado Airport,24.2,CAT+LIS,airport,0.819,0.0,,0.41,38.7057,-9.3977
Carnaxide,Portugal,PT,14,23698,,LIS,Lisbon Humberto Delgado Airport,11.3,CAT+LIS,airport,0.819,0.0,,0.41,38.7271,-9.2467
Monte Estoril,Portugal,PT,14,23375,,LIS,Lisbon Humberto Delgado Airport,24.9,CAT+LIS,airport,0.819,0.0,,0.41,38.7064,-9.406
Pontinha,Portugal,PT,14,23249,,LIS,Lisbon Humberto Delgado Airport,5.7,CAT+LIS,airport,0.819,0.0,,0.41,38.7677,-9.1994
Moscavide e Portela,Portugal,PT,14,22488,,LIS,Lisbon Humberto Delgado Airport,2.9,CAT+LIS,airport,0.819,0.0,,0.41,38.7793,-9.1022
Artémida,Greece,GR,ESYE31,21488,,ATH,Athens Eleftherios Venizelos International Airport,5.7,ATH,airport,0.82,0.0,,0.41,37.9673,23.9968
Belas,Portugal,PT,14,21019,,LIS,Lisbon Humberto Delgado Airport,11.1,CAT+LIS,airport,0.819,0.0,,0.41,38.7767,-9.2635
Linda-a-Velha,Portugal,PT,14,20895,,LIS,Lisbon Humberto Delgado Airport,11.8,CAT+LIS,airport,0.819,0.0,,0.41,38.7145,-9.2422
Carcavelos,Portugal,PT,14,20366,,LIS,Lisbon Humberto Delgado Airport,19.0,CAT+LIS,airport,0.819,0.0,,0.41,38.691,-9.3222
Camarate,Portugal,PT,14,20177,,LIS,Lisbon Humberto Delgado Airport,2.6,CAT+LIS,airport,0.819,0.0,,0.41,38.8036,-9.1281
Novosibirsk,Russia,RU,53,1419007,,OVB,Novosibirsk Tolmachevo Airport,20.3,OVB,pop100k+airport,0.818,0.0,,0.409,55.0415,82.9346
Tsuen Wan,Hong Kong (SAR),HK,NTW,288728,,HKG,Hong Kong International Airport,21.5,HHP+HKG,pop100k,0.817,0.0,,0.409,22.3714,114.1133
Genève,Switzerland,CH,GE,183981,,GVA,Geneva International Airport,4.9,GVA,pop100k+airport,0.818,0.0,,0.409,46.2022,6.1457
Yuen Long Kau Hui,Hong Kong (SAR),HK,NYL,141900,,HKG,Hong Kong International Airport,19.6,HHP+HKG,pop100k,0.817,0.0,,0.409,22.45,114.0333
Tung Chung,Hong Kong (SAR),HK,NIS,45000,,HKG,Hong Kong International Airport,3.9,HHP+HKG,airport,0.817,0.0,,0.409,22.2878,113.9424
Vernier,Switzerland,CH,GE,30086,,GVA,Geneva International Airport,3.0,GVA,airport,0.818,0.0,,0.409,46.217,6.085
Ob’,Russia,RU,53,24238,,OVB,Novosibirsk Tolmachevo Airport,7.2,OVB,airport,0.818,0.0,,0.409,54.9872,82.7166
Mokotów,Poland,PL,78,212670,,WAW,Warsaw Chopin Airport,5.6,WAW,pop100k+airport,0.817,0.0,,0.408,52.1934,21.0349
Praga Południe,Poland,PL,78,187845,,WAW,Warsaw Chopin Airport,11.9,WAW,pop100k,0.817,0.0,,0.408,52.2442,21.0855
Ursynów,Poland,PL,78,147676,,WAW,Warsaw Chopin Airport,5.9,WAW,pop100k+airport,0.817,0.0,,0.408,52.1505,21.0504
Wola,Poland,PL,78,143996,,WAW,Warsaw Chopin Airport,8.4,WAW,pop100k+airport,0.817,0.0,,0.408,52.2401,20.9887
Bielany,Poland,PL,78,134854,,WAW,Warsaw Chopin Airport,14.3,WAW,pop100k,0.817,0.0,,0.408,52.2924,20.9353
Śródmieście,Poland,PL,78,134306,,WAW,Warsaw Chopin Airport,7.8,WAW,pop100k+airport,0.817,0.0,,0.408,52.229,21.0164
Targówek,Poland,PL,78,124316,,WAW,Warsaw Chopin Airport,15.1,WAW,pop100k,0.817,0.0,,0.408,52.2918,21.0484
Bemowo,Poland,PL,78,102393,,WAW,Warsaw Chopin Airport,10.7,WAW,pop100k,0.817,0.0,,0.408,52.2546,20.9084
Ochota,Poland,PL,78,93192,,WAW,Warsaw Chopin Airport,6.3,WAW,airport,0.817,0.0,,0.408,52.221,20.9853
Honiara,Solomon Islands,SB,14,56298,yes,HIR,Honiara International Airport,11.5,HIR,capital+airport,0.816,0.0,,0.408,-9.4333,159.95
Ursus,Poland,PL,78,47285,,WAW,Warsaw Chopin Airport,6.5,WAW,airport,0.817,0.0,,0.408,52.1952,20.8842
Włochy,Poland,PL,78,36276,,WAW,Warsaw Chopin Airport,2.1,WAW,airport,0.817,0.0,,0.408,52.1794,20.9461
Piastów,Poland,PL,78,23290,,WAW,Warsaw Chopin Airport,8.9,WAW,airport,0.817,0.0,,0.408,52.1844,20.8395
Jeddah,Saudi Arabia,SA,14,2867446,,JED,King Abdulaziz International Airport,21.3,JED,pop100k+airport,0.814,0.0,,0.407,21.4901,39.1862
Incheon,South Korea,KR,12,2628000,,ICN,Incheon International Airport,22.5,GMP+ICN,pop100k,0.814,0.0,,0.407,37.4565,126.7052
Portland,United States,US,OR,632309,,PDX,Portland International Airport,9.5,PDX,pop100k+airport,0.814,0.0,,0.407,45.5234,-122.6762
Vancouver,United States,US,WA,172860,,PDX,Portland International Airport,7.4,PDX,pop100k+airport,0.814,0.0,,0.407,45.6387,-122.6615
Gresham,United States,US,OR,110553,,PDX,Portland International Airport,16.4,PDX,pop100k,0.814,0.0,,0.407,45.4982,-122.4315
Bozeman,United States,US,MT,43405,,BZN,Bozeman Yellowstone International Airport,14.2,BZN,airport,0.814,0.0,,0.407,45.6797,-111.0386
Chengdu,China,CN,32,7415590,,CTU,Chengdu Shuangliu International Airport,16.7,CTU,pop100k,0.812,0.0,,0.406,30.6667,104.0667
Bengaluru,India,IN,19,5104047,,BLR,Kempegowda International Airport Bengaluru,27.9,BLR,pop100k+airport,0.813,0.0,,0.406,12.9719,77.5937
Yelahanka,India,IN,19,116447,,BLR,Kempegowda International Airport Bengaluru,16.1,BLR,pop100k,0.813,0.0,,0.406,13.1007,77.5963
Busto Arsizio,Italy,IT,09,79519,,MXP,Milan Malpensa International Airport,9.7,MXP,airport,0.811,0.0,,0.406,45.6113,8.8491
Oak Lawn,United States,US,IL,56781,,MDW,Chicago Midway International Airport,8.4,MDW,airport,0.811,0.0,,0.406,41.7109,-87.7581
Gallarate,Italy,IT,09,50439,,MXP,Milan Malpensa International Airport,5.9,MXP,airport,0.811,0.0,,0.406,45.6602,8.7916
Burbank,United States,US,IL,29128,,MDW,Chicago Midway International Airport,6.2,MDW,airport,0.811,0.0,,0.406,41.7339,-87.7795
Devanhalli,India,IN,19,25228,,BLR,Kempegowda International Airport Bengaluru,5.4,BLR,airport,0.813,0.0,,0.406,13.2465,77.7118
Cassano Magnago,Italy,IT,09,21208,,MXP,Milan Malpensa International Airport,9.0,MXP,airport,0.811,0.0,,0.406,45.6721,8.8269
Musaffah,UAE,AE,01,243341,,AUH,Zayed International Airport,19.2,AUH,pop100k,0.81,0.0,,0.405,24.3589,54.4827
Khalifah A City,UAE,AE,01,85374,,AUH,Zayed International Airport,4.8,AUH,airport,0.81,0.0,,0.405,24.4259,54.605
Al Shamkhah City,UAE,AE,01,61710,,AUH,Zayed International Airport,8.0,AUH,airport,0.81,0.0,,0.405,24.3927,54.7078
Belo Horizonte,Brazil,BR,15,2373224,,CNF,Tancredo Neves International Airport,31.9,CNF,pop100k+airport,0.808,0.0,,0.404,-19.9208,-43.9378
Brasília,Brazil,BR,07,2207718,yes,BSB,Presidente Juscelino Kubitschek International Airport,10.0,BSB,pop100k+capital+airport,0.809,0.0,,0.404,-15.7797,-47.9297
Biên Hòa,Vietnam,VN,43,407208,,SGN,Tan Son Nhat International Airport,23.5,SGN,pop100k,0.807,0.0,,0.404,10.9447,106.8243
Ribeirão das Neves,Brazil,BR,15,406802,,CNF,Tancredo Neves International Airport,19.2,CNF,pop100k,0.808,0.0,,0.404,-19.7669,-44.0867
Santa Luzia,Brazil,BR,15,243503,,CNF,Tancredo Neves International Airport,19.2,CNF,pop100k,0.808,0.0,,0.404,-19.7697,-43.8514
Cần Giuộc,Vietnam,VN,24,152200,,SGN,Tan Son Nhat International Airport,23.5,SGN,pop100k,0.807,0.0,,0.404,10.6086,106.6714
Stamford,United States,US,CT,128874,,HPN,Westchester County Airport,14.2,HPN,pop100k,0.807,0.0,,0.404,41.0534,-73.5387
North Stamford,United States,US,CT,121230,,HPN,Westchester County Airport,15.9,HPN,pop100k,0.807,0.0,,0.404,41.1382,-73.5435
Vespasiano,Brazil,BR,15,94749,,CNF,Tancredo Neves International Airport,7.7,CNF,airport,0.808,0.0,,0.404,-19.6919,-43.9233
White Plains,United States,US,NY,58459,,HPN,Westchester County Airport,5.9,HPN,airport,0.807,0.0,,0.404,41.034,-73.7629
Pedro Leopoldo,Brazil,BR,15,49261,,CNF,Tancredo Neves International Airport,8.2,CNF,airport,0.808,0.0,,0.404,-19.6181,-44.0431
Lagoa Santa,Brazil,BR,15,38486,,CNF,Tancredo Neves International Airport,6.9,CNF,airport,0.808,0.0,,0.404,-19.6301,-43.9009
Port Chester,United States,US,NY,29620,,HPN,Westchester County Airport,8.1,HPN,airport,0.807,0.0,,0.404,41.0018,-73.6657
San Diego,United States,US,CA,1394928,,SAN,San Diego International Airport,3.1,SAN,pop100k+airport,0.806,0.0,,0.403,32.7157,-117.1647
Muscat,Oman,OM,06,797000,yes,MCT,Muscat International Airport,12.6,MCT,pop100k+capital,0.806,0.0,,0.403,23.5841,58.4078
Chula Vista,United States,US,CA,265757,,SAN,San Diego International Airport,14.4,SAN+TIJ,pop100k,0.806,0.0,,0.403,32.6401,-117.0842
Seeb,Oman,OM,06,237816,,MCT,Muscat International Airport,12.5,MCT,pop100k,0.806,0.0,,0.403,23.6703,58.1891
Bawshar,Oman,OM,06,159487,,MCT,Muscat International Airport,11.9,MCT,pop100k,0.806,0.0,,0.403,23.5777,58.3998
El Cajon,United States,US,CA,103679,,SAN,San Diego International Airport,22.3,SAN,pop100k,0.806,0.0,,0.403,32.7948,-116.9625
Coronado,United States,US,CA,24812,,SAN,San Diego International Airport,5.3,SAN,airport,0.806,0.0,,0.403,32.6859,-117.1831
Kathmandu,Nepal,NP,3,1442271,yes,KTM,Tribhuvan International Airport,3.8,KTM,pop100k+capital+airport,0.804,0.0,,0.402,27.7017,85.3206
Baltimore,United States,US,MD,621849,,BWI,Baltimore/Washington International Thurgood Marshall Airport,13.7,BWI,pop100k+airport,0.805,0.0,,0.402,39.2904,-76.6122
Wellington,New Zealand,NZ,G2,381900,yes,WLG,Wellington International Airport,5.2,WLG,pop100k+capital+airport,0.804,0.0,,0.402,-41.2866,174.7756
Pātan,Nepal,NP,3,183310,,KTM,Tribhuvan International Airport,5.0,KTM,pop100k+airport,0.804,0.0,,0.402,27.6766,85.3142
Sakura,Japan,JP,04,182549,,NRT,Narita International Airport,15.2,NRT,pop100k,0.804,0.0,,0.402,35.7167,140.2333
Lower Hutt,New Zealand,NZ,G2,101194,,WLG,Wellington International Airport,15.3,WLG,pop100k,0.804,0.0,,0.402,-41.2167,174.9167
Narita,Japan,JP,04,100641,,NRT,Narita International Airport,6.7,NRT,pop100k+airport,0.804,0.0,,0.402,35.7833,140.3167
Madhyapur Thimi,Nepal,NP,3,83036,,KTM,Tribhuvan International Airport,3.3,KTM,airport,0.804,0.0,,0.402,27.6806,85.3875
Glen Burnie,United States,US,MD,67639,,BWI,Baltimore/Washington International Thurgood Marshall Airport,4.0,BWI,airport,0.805,0.0,,0.402,39.1626,-76.6247
Kirtipur,Nepal,NP,3,44632,,KTM,Tribhuvan International Airport,8.3,KTM,airport,0.804,0.0,,0.402,27.6787,85.2775
Severn,United States,US,MD,44231,,BWI,Baltimore/Washington International Thurgood Marshall Airport,5.0,BWI,airport,0.805,0.0,,0.402,39.1371,-76.6983
Hanover,United States,US,MD,38088,,BWI,Baltimore/Washington International Thurgood Marshall Airport,5.2,BWI,airport,0.805,0.0,,0.402,39.1929,-76.7241
South Gate,United States,US,MD,29658,,BWI,Baltimore/Washington International Thurgood Marshall Airport,6.3,BWI,airport,0.805,0.0,,0.402,39.129,-76.6258
West Elkridge,United States,US,MD,28734,,BWI,Baltimore/Washington International Thurgood Marshall Airport,6.2,BWI,airport,0.805,0.0,,0.402,39.2071,-76.7269
Arbutus,United States,US,MD,20483,,BWI,Baltimore/Washington International Thurgood Marshall Airport,9.2,BWI,airport,0.805,0.0,,0.402,39.2546,-76.7
Recife,Brazil,BR,30,1478098,,REC,Recife/Guararapes - Gilberto Freyre International Airport,9.4,REC,pop100k+airport,0.802,0.0,,0.401,-8.0539,-34.8811
Jaboatão,Brazil,BR,30,702621,,REC,Recife/Guararapes - Gilberto Freyre International Airport,10.4,REC,pop100k,0.802,0.0,,0.401,-8.1803,-35.0014
Jaboatão dos Guararapes,Brazil,BR,30,630008,,REC,Recife/Guararapes - Gilberto Freyre International Airport,10.2,REC,pop100k,0.802,0.0,,0.401,-8.1128,-35.0147
Olinda,Brazil,BR,30,366754,,REC,Recife/Guararapes - Gilberto Freyre International Airport,15.1,REC,pop100k,0.802,0.0,,0.401,-8.0089,-34.8553
Christchurch,New Zealand,NZ,E9,363926,,CHC,Christchurch International Airport,9.5,CHC,pop100k+airport,0.801,0.0,,0.401,-43.5333,172.6333
Paulista,Brazil,BR,30,289971,,REC,Recife/Guararapes - Gilberto Freyre International Airport,21.5,REC,pop100k,0.802,0.0,,0.401,-7.9408,-34.8731
Cabo,Brazil,BR,30,143105,,REC,Recife/Guararapes - Gilberto Freyre International Airport,21.2,REC,pop100k,0.802,0.0,,0.401,-8.2833,-35.0333
Hyderabad,India,IN,40,3597816,,HYD,Rajiv Gandhi International Airport,17.2,HYD,pop100k+airport,0.798,0.0,,0.399,17.384,78.4564
Umraniye,Türkiye,TR,34,573265,,SAW,Istanbul Sabiha Gökçen International Airport,20.3,SAW,pop100k,0.798,0.0,,0.399,41.0164,29.1248
Maltepe,Türkiye,TR,34,427040,,SAW,Istanbul Sabiha Gökçen International Airport,13.6,SAW,pop100k,0.798,0.0,,0.399,40.9357,29.1551
Ataşehir,Türkiye,TR,34,361615,,SAW,Istanbul Sabiha Gökçen International Airport,18.7,SAW,pop100k,0.798,0.0,,0.399,40.9833,29.1167
Malmö,Sweden,SE,27,301706,,CPH,Copenhagen Kastrup Airport,21.7,CPH+MMX,pop100k+airport,0.798,0.0,,0.399,55.6059,13.0007
Sultanbeyli,Türkiye,TR,34,286622,,SAW,Istanbul Sabiha Gökçen International Airport,7.6,SAW,pop100k+airport,0.798,0.0,,0.399,40.9607,29.2707
Gebze,Türkiye,TR,41,281436,,SAW,Istanbul Sabiha Gökçen International Airport,14.8,SAW,pop100k,0.798,0.0,,0.399,40.8028,29.4307
Lal Bahadur Nagar,India,IN,40,261987,,HYD,Rajiv Gandhi International Airport,18.7,HYD,pop100k,0.798,0.0,,0.399,17.3477,78.5576
Sancaktepe,Türkiye,TR,34,241000,,SAW,Istanbul Sabiha Gökçen International Airport,13.2,SAW,pop100k,0.798,0.0,,0.399,41.0024,29.2319
Uppal Kalan,India,IN,40,118259,,HYD,Rajiv Gandhi International Airport,23.8,HYD,pop100k,0.798,0.0,,0.399,17.4058,78.5591
Port-Vila,Vanuatu,VU,18,35901,yes,VLI,Bauerfield International Airport,4.2,VLI,capital+airport,0.797,0.0,,0.399,-17.7365,168.3137
Yakutsk,Russia,RU,63,235600,,YKS,Platon Oyunsky Yakutsk International Airport,6.9,YKS,pop100k+airport,0.796,0.0,,0.398,62.0339,129.7331
Surabaya,Indonesia,ID,08,2374658,,SUB,Juanda International Airport,15.1,SUB,pop100k+airport,0.793,0.0,,0.397,-7.2492,112.7508
Banqiao,Taiwan,TW,03,543342,,TPE,Taiwan Taoyuan International Airport,24.6,TPE+TSA,pop100k,0.794,0.0,,0.397,25.0143,121.4672
Taoyuan City,Taiwan,TW,04,402014,,TPE,Taiwan Taoyuan International Airport,11.3,TPE,pop100k,0.794,0.0,,0.397,24.9937,121.297
Sidoarjo,Indonesia,ID,08,139189,,SUB,Juanda International Airport,10.7,SUB,pop100k,0.793,0.0,,0.397,-7.4478,112.7183
Bangil,Indonesia,ID,08,120000,,SUB,Juanda International Airport,24.7,SUB,pop100k,0.793,0.0,,0.397,-7.5994,112.8186
Gedangan,Indonesia,ID,08,79230,,SUB,Juanda International Airport,6.8,SUB,airport,0.793,0.0,,0.397,-7.3908,112.7267
Buduran,Indonesia,ID,08,48152,,SUB,Juanda International Airport,8.8,SUB,airport,0.793,0.0,,0.397,-7.4281,112.7234
Chikushino-shi,Japan,JP,07,100353,,FUK,Fukuoka Airport,11.6,FUK,pop100k,0.789,0.0,,0.395,33.4963,130.5156
Ōnojō,Japan,JP,07,94957,,FUK,Fukuoka Airport,6.1,FUK,airport,0.789,0.0,,0.395,33.5357,130.4786
Umi,Japan,JP,07,39772,,FUK,Fukuoka Airport,5.8,FUK,airport,0.789,0.0,,0.395,33.5683,130.5101
Sasaguri,Japan,JP,07,32588,,FUK,Fukuoka Airport,9.8,FUK,airport,0.789,0.0,,0.395,33.6156,130.5511
Luton,United Kingdom,GB,ENG,258018,,LTN,London Luton Airport,3.4,LTN,pop100k+airport,0.788,0.0,,0.394,51.8797,-0.4175
Harpenden,United Kingdom,GB,ENG,30240,,LTN,London Luton Airport,6.5,LTN,airport,0.788,0.0,,0.394,51.8168,-0.3571
Tijuana,Mexico,MX,02,1300983,,TIJ,General Abelardo L. Rodriguez International Airport,5.3,TIJ,pop100k+airport,0.786,0.0,,0.393,32.5027,-117.0037
Adelaide,Australia,AU,05,1225235,,ADL,Adelaide International Airport,6.3,ADL,pop100k+airport,0.786,0.0,,0.393,-34.9287,138.5986
Nashville,United States,US,TN,530852,,BNA,Nashville International Airport,10.6,BNA,pop100k+airport,0.786,0.0,,0.393,36.1659,-86.7844
Cairns,Australia,AU,04,153075,,CNS,Cairns International Airport,5.3,CNS,pop100k+airport,0.786,0.0,,0.393,-16.9237,145.7661
Juneau,United States,US,AK,32756,,JNU,Juneau International Airport,10.8,JNU,airport,0.787,0.0,,0.393,58.3019,-134.4197
Dallas,United States,US,TX,1300092,,DAL,Dallas Love Field,7.9,DAL,pop100k+airport,0.784,0.0,,0.392,32.7831,-96.8067
Plano,United States,US,TX,283558,,DAL,Dallas Love Field,23.9,DAL,pop100k,0.784,0.0,,0.392,33.0198,-96.6989
Garland,United States,US,TX,236897,,DAL,Dallas Love Field,20.9,DAL,pop100k,0.784,0.0,,0.392,32.9126,-96.6389
Mesquite,United States,US,TX,144788,,DAL,Dallas Love Field,24.8,DAL,pop100k,0.784,0.0,,0.392,32.7668,-96.5992
Richardson,United States,US,TX,110815,,DAL,Dallas Love Field,15.9,DAL,pop100k,0.784,0.0,,0.392,32.9482,-96.7297
Swords,Ireland,IE,L,36924,,DUB,Dublin Airport,4.5,DUB,airport,0.781,0.0,,0.391,53.4597,-6.2181
Chongqing,China,CN,33,7457600,,CKG,Chongqing Jiangbei International Airport,19.2,CKG,pop100k+airport,0.781,0.0,,0.39,29.5628,106.5528
Guadalajara,Mexico,MX,14,1495182,,GDL,Guadalajara International Airport,18.1,GDL,pop100k+airport,0.781,0.0,,0.39,20.6668,-103.3918
Zapopan,Mexico,MX,14,1142483,,GDL,Guadalajara International Airport,23.6,GDL,pop100k,0.781,0.0,,0.39,20.7236,-103.3848
Stuttgart,Germany,DE,01,589793,,STR,Stuttgart Airport,10.8,STR,pop100k+airport,0.78,0.0,,0.39,48.7823,9.177
Tlaquepaque,Mexico,MX,14,575942,,GDL,Guadalajara International Airport,13.2,GDL,pop100k,0.781,0.0,,0.39,20.6409,-103.2933
Tonalá,Mexico,MX,14,408759,,GDL,Guadalajara International Airport,13.7,GDL,pop100k,0.781,0.0,,0.39,20.6244,-103.2342
Tampa,United States,US,FL,369075,,TPA,Tampa International Airport,8.0,PIE+TPA,pop100k+airport,0.781,0.0,,0.39,27.9475,-82.4584
Paterson,United States,US,NJ,147754,,TEB,Teterboro Airport,11.9,JRA+TEB,pop100k,0.779,0.0,,0.39,40.9168,-74.1718
Reutlingen,Germany,DE,01,112627,,STR,Stuttgart Airport,22.1,STR,pop100k,0.78,0.0,,0.39,48.4914,9.2043
Beibei,China,CN,33,112019,,CKG,Chongqing Jiangbei International Airport,24.4,CKG,pop100k,0.781,0.0,,0.39,29.8274,106.4364
Brandon,United States,US,FL,103483,,TPA,Tampa International Airport,24.6,TPA,pop100k,0.781,0.0,,0.39,27.9378,-82.2859
Esslingen,Germany,DE,01,92390,,STR,Stuttgart Airport,8.2,STR,airport,0.78,0.0,,0.39,48.7396,9.3047
Hacienda Santa Fe,Mexico,MX,14,86935,,GDL,Guadalajara International Airport,7.4,GDL,airport,0.781,0.0,,0.39,20.5181,-103.3806
Town 'n' Country,United States,US,FL,78442,,TPA,Tampa International Airport,5.8,PIE+TPA,airport,0.781,0.0,,0.39,28.0106,-82.5773
Pinellas Park,United States,US,FL,51617,,TPA,Tampa International Airport,22.0,PIE+TPA,airport,0.781,0.0,,0.39,27.8428,-82.6995
Filderstadt,Germany,DE,01,43550,,STR,Stuttgart Airport,3.7,STR,airport,0.78,0.0,,0.39,48.657,9.2205
Nadi,Fiji,FJ,05,42284,,NAN,Nadi International Airport,5.1,NAN+PTF,airport,0.78,0.0,,0.39,-17.8031,177.4162
Tarawa,Kiribati,KI,01,40311,yes,TRW,Bonriki International Airport,19.8,TRW,capital,0.781,0.0,,0.39,1.3278,172.977
Leinfelden-Echterdingen,Germany,DE,01,36672,,STR,Stuttgart Airport,4.0,STR,airport,0.78,0.0,,0.39,48.6941,9.1681
Egypt Lake-Leto,United States,US,FL,35282,,TPA,Tampa International Airport,5.4,PIE+TPA,airport,0.781,0.0,,0.39,28.0177,-82.5062
Ostfildern,Germany,DE,01,33598,,STR,Stuttgart Airport,4.6,STR,airport,0.78,0.0,,0.39,48.727,9.2495
Carrollwood,United States,US,FL,33365,,TPA,Tampa International Airport,9.2,PIE+TPA,airport,0.781,0.0,,0.39,28.05,-82.4929
Las Pintitas,Mexico,MX,14,26500,,GDL,Guadalajara International Airport,4.6,GDL,airport,0.781,0.0,,0.39,20.5644,-103.3022
Las Pintas de Arriba,Mexico,MX,14,22838,,GDL,Guadalajara International Airport,5.8,GDL,airport,0.781,0.0,,0.39,20.5738,-103.3234
Kolkata,India,IN,28,4631392,,CCU,Netaji Subhash Chandra Bose International Airport,13.4,CCU,pop100k+airport,0.778,0.0,,0.389,22.5626,88.363
Hāora,India,IN,28,1027672,,CCU,Netaji Subhash Chandra Bose International Airport,15.8,CCU,pop100k,0.778,0.0,,0.389,22.5769,88.3186
Bhātpāra,India,IN,28,483129,,CCU,Netaji Subhash Chandra Bose International Airport,24.1,CCU,pop100k,0.778,0.0,,0.389,22.8664,88.4011
Shyamnagar,India,IN,28,441956,,CCU,Netaji Subhash Chandra Bose International Airport,21.6,CCU,pop100k,0.778,0.0,,0.389,22.8333,88.3667
Pānihāti,India,IN,28,378705,,CCU,Netaji Subhash Chandra Bose International Airport,8.6,CCU,pop100k+airport,0.778,0.0,,0.389,22.6909,88.374
Kāmārhāti,India,IN,28,332965,,CCU,Netaji Subhash Chandra Bose International Airport,7.7,CCU,pop100k+airport,0.778,0.0,,0.389,22.6711,88.3747
Bārāsat,India,IN,28,298127,,CCU,Netaji Subhash Chandra Bose International Airport,8.3,CCU,pop100k+airport,0.778,0.0,,0.389,22.7215,88.482
Bāli,India,IN,28,296973,,CCU,Netaji Subhash Chandra Bose International Airport,10.9,CCU,pop100k,0.778,0.0,,0.389,22.6486,88.3411
Shrīrāmpur,India,IN,28,226317,,CCU,Netaji Subhash Chandra Bose International Airport,15.4,CCU,pop100k,0.778,0.0,,0.389,22.7528,88.3422
Chandannagar,India,IN,28,180623,,CCU,Netaji Subhash Chandra Bose International Airport,24.6,CCU,pop100k,0.778,0.0,,0.389,22.8622,88.368
Madhyamgram,India,IN,28,161126,,CCU,Netaji Subhash Chandra Bose International Airport,3.9,CCU,pop100k+airport,0.778,0.0,,0.389,22.6894,88.4459
Bārākpur,India,IN,28,148174,,CCU,Netaji Subhash Chandra Bose International Airport,15.2,CCU,pop100k,0.778,0.0,,0.389,22.766,88.3634
Khardah,India,IN,28,128346,,CCU,Netaji Subhash Chandra Bose International Airport,10.1,CCU,pop100k,0.778,0.0,,0.389,22.7186,88.3781
Titāgarh,India,IN,28,127751,,CCU,Netaji Subhash Chandra Bose International Airport,12.5,CCU,pop100k,0.778,0.0,,0.389,22.7425,88.3733
Dam Dam,India,IN,28,122719,,CCU,Netaji Subhash Chandra Bose International Airport,3.4,CCU,pop100k+airport,0.778,0.0,,0.389,22.6334,88.4229
Bhadreswar,India,IN,28,121662,,CCU,Netaji Subhash Chandra Bose International Airport,22.0,CCU,pop100k,0.778,0.0,,0.389,22.8245,88.3384
Rishra,India,IN,28,117014,,CCU,Netaji Subhash Chandra Bose International Airport,13.0,CCU,pop100k,0.778,0.0,,0.389,22.7239,88.3456
Baidyabāti,India,IN,28,115504,,CCU,Netaji Subhash Chandra Bose International Airport,19.2,CCU,pop100k,0.778,0.0,,0.389,22.785,88.3259
Bekasi,Indonesia,ID,30,1520119,,HLP,Halim Perdanakusuma International Airport,11.5,HLP,pop100k,0.775,0.0,,0.388,-6.2349,106.9896
Depok,Indonesia,ID,30,1198129,,HLP,Halim Perdanakusuma International Airport,16.8,HLP,pop100k,0.775,0.0,,0.388,-6.4,106.8186
Islington,United Kingdom,GB,ENG,319143,,LCY,London City Airport,11.5,LCY,pop100k,0.775,0.0,,0.388,51.5362,-0.103
Bexley,United Kingdom,GB,ENG,228000,,LCY,London City Airport,9.6,LCY,pop100k+airport,0.775,0.0,,0.388,51.4416,0.1487
Cileungsir,Indonesia,ID,30,202190,,HLP,Halim Perdanakusuma International Airport,16.1,HLP,pop100k,0.775,0.0,,0.388,-6.3947,106.9592
Parung,Indonesia,ID,30,193898,,HLP,Halim Perdanakusuma International Airport,24.4,HLP,pop100k,0.775,0.0,,0.388,-6.4214,106.7331
Cibinong,Indonesia,ID,30,188663,,HLP,Halim Perdanakusuma International Airport,24.2,HLP,pop100k,0.775,0.0,,0.388,-6.4817,106.8542
Pamulang,Indonesia,ID,30,174557,,HLP,Halim Perdanakusuma International Airport,18.8,HLP,pop100k,0.775,0.0,,0.388,-6.3428,106.7383
Croydon,United Kingdom,GB,ENG,173314,,LCY,London City Airport,17.3,LCY,pop100k,0.775,0.0,,0.388,51.3833,-0.1
Sawangan,Indonesia,ID,30,114069,,HLP,Halim Perdanakusuma International Airport,19.8,HLP,pop100k,0.775,0.0,,0.388,-6.4028,106.7744
Citeureup,Indonesia,ID,30,110155,,HLP,Halim Perdanakusuma International Airport,24.3,HLP,pop100k,0.775,0.0,,0.388,-6.4856,106.8819
Dagenham,United Kingdom,GB,ENG,108368,,LCY,London City Airport,9.2,LCY,pop100k+airport,0.775,0.0,,0.388,51.55,0.1667
Enfield Town,United Kingdom,GB,ENG,103970,,LCY,London City Airport,18.9,LCY,pop100k,0.775,0.0,,0.388,51.6515,-0.085
Barking,United Kingdom,GB,ENG,61000,,LCY,London City Airport,3.7,LCY,airport,0.775,0.0,,0.388,51.5333,0.0833
Welling,United Kingdom,GB,ENG,42500,,LCY,London City Airport,6.0,LCY,airport,0.775,0.0,,0.388,51.4625,0.1076
Blackheath,United Kingdom,GB,ENG,25116,,LCY,London City Airport,5.6,LCY,airport,0.775,0.0,,0.388,51.4647,0.0079
Chislehurst,United Kingdom,GB,ENG,20000,,LCY,London City Airport,9.9,LCY,airport,0.775,0.0,,0.388,51.4171,0.0686
Sakai,Japan,JP,32,782339,,ITM,Osaka Itami International Airport,22.1,ITM+UKB,pop100k,0.774,0.0,,0.387,34.5833,135.4667
Nishinomiya-hama,Japan,JP,13,468925,,ITM,Osaka Itami International Airport,12.3,ITM+UKB,pop100k,0.774,0.0,,0.387,34.7156,135.332
Amagasaki,Japan,JP,13,442173,,ITM,Osaka Itami International Airport,7.5,ITM+UKB,pop100k+airport,0.774,0.0,,0.387,34.7167,135.4167
Hirakata,Japan,JP,32,406331,,ITM,Osaka Itami International Airport,19.4,ITM,pop100k,0.774,0.0,,0.387,34.8135,135.6491
Toyonaka,Japan,JP,32,384459,,ITM,Osaka Itami International Airport,2.6,ITM,pop100k+airport,0.774,0.0,,0.387,34.7824,135.4693
Takatsuki,Japan,JP,32,354468,,ITM,Osaka Itami International Airport,17.7,ITM,pop100k,0.774,0.0,,0.387,34.8483,135.6168
Suita,Japan,JP,32,351630,,ITM,Osaka Itami International Airport,7.2,ITM,pop100k+airport,0.774,0.0,,0.387,34.7614,135.5157
Pittsburgh,United States,US,PA,304391,,PIT,Pittsburgh International Airport,20.8,PIT,pop100k+airport,0.774,0.0,,0.387,40.4406,-79.9959
Ibaraki,Japan,JP,32,273992,,ITM,Osaka Itami International Airport,12.3,ITM,pop100k,0.774,0.0,,0.387,34.8164,135.5683
Yao,Japan,JP,32,273213,,ITM,Osaka Itami International Airport,23.3,ITM,pop100k,0.774,0.0,,0.387,34.6167,135.6
Neyagawa,Japan,JP,32,238549,,ITM,Osaka Itami International Airport,17.1,ITM,pop100k,0.774,0.0,,0.387,34.7662,135.6276
Takarazuka,Japan,JP,13,219789,,ITM,Osaka Itami International Airport,7.9,ITM+UKB,pop100k+airport,0.774,0.0,,0.387,34.7994,135.357
Itami,Japan,JP,13,193524,,ITM,Osaka Itami International Airport,3.6,ITM+UKB,pop100k+airport,0.774,0.0,,0.387,34.7843,135.4013
Kawanishi,Japan,JP,13,160520,,ITM,Osaka Itami International Airport,4.6,ITM,pop100k+airport,0.774,0.0,,0.387,34.8167,135.4167
Moriguchi,Japan,JP,32,148350,,ITM,Osaka Itami International Airport,12.7,ITM,pop100k,0.774,0.0,,0.387,34.7333,135.5667
Sandachō,Japan,JP,13,132858,,ITM,Osaka Itami International Airport,22.7,ITM,pop100k,0.774,0.0,,0.387,34.8844,135.2269
Kadoma,Japan,JP,32,131727,,ITM,Osaka Itami International Airport,13.1,ITM,pop100k,0.774,0.0,,0.387,34.7381,135.5744
Daitōchō,Japan,JP,32,129521,,ITM,Osaka Itami International Airport,18.0,ITM,pop100k,0.774,0.0,,0.387,34.7138,135.6203
Mino,Japan,JP,32,129127,,ITM,Osaka Itami International Airport,5.8,ITM,pop100k+airport,0.774,0.0,,0.387,34.8269,135.4706
Ikeda,Japan,JP,32,99476,,ITM,Osaka Itami International Airport,4.7,ITM,airport,0.774,0.0,,0.387,34.8221,135.4298
Kuta,Indonesia,ID,02,30012,,DPS,Denpasar I Gusti Ngurah Rai International Airport,2.8,DPS,airport,0.773,0.0,,0.387,-8.7233,115.1723
Chennai,India,IN,25,4328063,,MAA,Chennai International Airport,16.1,MAA,pop100k+airport,0.772,0.0,,0.386,13.0878,80.2785
Casablanca,Morocco,MA,06,3144909,,CMN,Mohammed V International Airport,24.6,CMN,pop100k+airport,0.772,0.0,,0.386,33.5883,-7.6114
Ambattūr,India,IN,25,341049,,MAA,Chennai International Airport,12.1,MAA,pop100k,0.772,0.0,,0.386,13.0982,80.1615
Āvadi,India,IN,25,250044,,MAA,Chennai International Airport,15.3,MAA,pop100k,0.772,0.0,,0.386,13.1147,80.1098
Tiruvottiyūr,India,IN,25,248059,,MAA,Chennai International Airport,23.6,MAA,pop100k,0.772,0.0,,0.386,13.1582,80.3018
Tambaram,India,IN,25,174787,,MAA,Chennai International Airport,8.6,MAA,pop100k+airport,0.772,0.0,,0.386,12.9246,80.1271
Pallāvaram,India,IN,25,157145,,MAA,Chennai International Airport,3.2,MAA,pop100k+airport,0.772,0.0,,0.386,12.968,80.1502
Poonamalle,India,IN,25,48837,,MAA,Chennai International Airport,8.8,MAA,airport,0.772,0.0,,0.386,13.0489,80.1149
Saint Thomas Mount,India,IN,25,43223,,MAA,Chennai International Airport,3.3,MAA,airport,0.772,0.0,,0.386,13.0033,80.1961
Casalecchio di Reno,Italy,IT,05,33789,,BLQ,Bologna Guglielmo Marconi Airport,6.7,BLQ,airport,0.773,0.0,,0.386,44.4756,11.275
Porur,India,IN,25,33060,,MAA,Chennai International Airport,5.2,MAA,airport,0.772,0.0,,0.386,13.0357,80.1582
Wuhan,China,CN,12,9785388,,WUH,Wuhan Tianhe International Airport,21.9,WUH,pop100k,0.77,0.0,,0.385,30.5833,114.2667
Nanjing,China,CN,04,7165292,,NKG,Nanjing Lukou International Airport,37.3,NKG,pop100k+airport,0.771,0.0,,0.385,32.0617,118.7778
Nova Iguaçu,Brazil,BR,21,1002118,,GIG,Rio Galeão – Tom Jobim International Airport,21.3,GIG,pop100k,0.769,0.0,,0.385,-22.7592,-43.4511
Duque de Caxias,Brazil,BR,21,818329,,GIG,Rio Galeão – Tom Jobim International Airport,6.8,GIG+RRJ+SDU,pop100k+airport,0.769,0.0,,0.385,-22.7856,-43.3117
Belford Roxo,Brazil,BR,21,466096,,GIG,Rio Galeão – Tom Jobim International Airport,16.1,GIG+RRJ,pop100k,0.769,0.0,,0.385,-22.7642,-43.3994
Niterói,Brazil,BR,21,456456,,GIG,Rio Galeão – Tom Jobim International Airport,17.1,GIG+SDU,pop100k+airport,0.769,0.0,,0.385,-22.8833,-43.1036
São João de Meriti,Brazil,BR,21,454849,,GIG,Rio Galeão – Tom Jobim International Airport,12.5,GIG+RRJ+SDU,pop100k,0.769,0.0,,0.385,-22.8039,-43.3722
Raleigh,United States,US,NC,451066,,RDU,Raleigh-Durham International Airport,17.9,RDU,pop100k,0.77,0.0,,0.385,35.7721,-78.6386
Durham,United States,US,NC,257636,,RDU,Raleigh-Durham International Airport,16.3,RDU,pop100k,0.77,0.0,,0.385,35.994,-78.8986
Cary,United States,US,NC,159769,,RDU,Raleigh-Durham International Airport,9.7,RDU,pop100k+airport,0.77,0.0,,0.385,35.7915,-78.7811
Nilópolis,Brazil,BR,21,147281,,GIG,Rio Galeão – Tom Jobim International Airport,16.7,GIG+RRJ,pop100k,0.769,0.0,,0.385,-22.8075,-43.4139
Morrisville,United States,US,NC,23820,,RDU,Raleigh-Durham International Airport,7.0,RDU,airport,0.77,0.0,,0.385,35.8235,-78.8256
Lagos,Nigeria,NG,05,9000000,,LOS,Murtala Muhammed International Airport,15.9,LOS,pop100k+airport,0.768,0.0,,0.384,6.4541,3.3947
Birmingham,United Kingdom,GB,ENG,984333,,BHX,Birmingham Airport,10.7,BHX,pop100k,0.768,0.0,,0.384,52.4814,-1.8998
Scarborough,Canada,CA,08,600000,,YTZ,Billy Bishop Toronto City Airport,19.6,YTZ,pop100k,0.767,0.0,,0.384,43.7722,-79.2567
Ebute Ikorodu,Nigeria,NG,05,535619,,LOS,Murtala Muhammed International Airport,18.6,LOS,pop100k,0.768,0.0,,0.384,6.6009,3.4882
Coventry,United Kingdom,GB,ENG,359262,,BHX,Birmingham Airport,16.8,BHX,pop100k,0.768,0.0,,0.384,52.4066,-1.5122
Anaheim,United States,US,CA,350742,,SNA,John Wayne Orange County International Airport,18.3,LGB+SNA,pop100k,0.767,0.0,,0.384,33.8353,-117.9145
Santa Ana,United States,US,CA,335400,,SNA,John Wayne Orange County International Airport,7.8,SNA,pop100k+airport,0.767,0.0,,0.384,33.7456,-117.8678
Ikeja,Nigeria,NG,05,313196,,LOS,Murtala Muhammed International Airport,3.1,LOS,pop100k+airport,0.768,0.0,,0.384,6.5965,3.342
Irvine,United States,US,CA,256927,,SNA,John Wayne Orange County International Airport,4.3,SNA,pop100k+airport,0.767,0.0,,0.384,33.6695,-117.8231
Huntington Beach,United States,US,CA,201899,,SNA,John Wayne Orange County International Airport,12.1,LGB+SNA,pop100k,0.767,0.0,,0.384,33.6603,-117.9992
Dudley,United Kingdom,GB,ENG,199059,,BHX,Birmingham Airport,23.3,BHX,pop100k,0.768,0.0,,0.384,52.5,-2.0833
Garden Grove,United States,US,CA,175393,,SNA,John Wayne Orange County International Airport,12.9,LGB+SNA,pop100k,0.767,0.0,,0.384,33.7739,-117.9415
Walsall,United Kingdom,GB,ENG,172141,,BHX,Birmingham Airport,21.6,BHX,pop100k,0.768,0.0,,0.384,52.5853,-1.984
Orange,United States,US,CA,140992,,SNA,John Wayne Orange County International Airport,12.6,SNA,pop100k,0.767,0.0,,0.384,33.7878,-117.8531
Fullerton,United States,US,CA,140847,,SNA,John Wayne Orange County International Airport,22.3,LGB+SNA,pop100k,0.767,0.0,,0.384,33.8703,-117.9253
West Bromwich,United Kingdom,GB,ENG,135618,,BHX,Birmingham Airport,18.2,BHX,pop100k,0.768,0.0,,0.384,52.5187,-1.9945
Costa Mesa,United States,US,CA,113204,,SNA,John Wayne Orange County International Airport,5.9,SNA,pop100k+airport,0.767,0.0,,0.384,33.6411,-117.9187
Sutton Coldfield,United Kingdom,GB,ENG,107030,,BHX,Birmingham Airport,13.4,BHX,pop100k,0.768,0.0,,0.384,52.5667,-1.8167
Solihull,United Kingdom,GB,ENG,96267,,BHX,Birmingham Airport,4.9,BHX,airport,0.768,0.0,,0.384,52.4143,-1.7809
Newport Beach,United States,US,CA,87127,,SNA,John Wayne Orange County International Airport,8.3,SNA,airport,0.767,0.0,,0.384,33.6189,-117.929
Tustin,United States,US,CA,80583,,SNA,John Wayne Orange County International Airport,8.8,SNA,airport,0.767,0.0,,0.384,33.7458,-117.8262
Fountain Valley,United States,US,CA,56987,,SNA,John Wayne Orange County International Airport,8.7,LGB+SNA,airport,0.767,0.0,,0.384,33.7092,-117.9537
Seal Beach,United States,US,CA,24619,,SNA,John Wayne Orange County International Airport,23.0,LGB+SNA,airport,0.767,0.0,,0.384,33.7414,-118.1048
Dortmund,Germany,DE,07,588462,,DTM,Dortmund Airport,10.1,DTM,pop100k+airport,0.766,0.0,,0.383,51.5149,7.466
Hagen,Germany,DE,07,198972,,DTM,Dortmund Airport,20.0,DTM,pop100k,0.766,0.0,,0.383,51.3608,7.4717
Hamm,Germany,DE,07,185327,,DTM,Dortmund Airport,23.1,DTM,pop100k,0.766,0.0,,0.383,51.6803,7.8209
Monza,Italy,IT,09,119618,,LIN,Milano Linate Airport,15.0,LIN,pop100k,0.765,0.0,,0.383,45.58,9.2725
Witten,Germany,DE,07,101247,,DTM,Dortmund Airport,19.8,DTM,pop100k,0.766,0.0,,0.383,51.4436,7.3526
Unna,Germany,DE,07,66734,,DTM,Dortmund Airport,5.8,DTM,airport,0.766,0.0,,0.383,51.538,7.6897
Schwerte,Germany,DE,07,50399,,DTM,Dortmund Airport,8.8,DTM,airport,0.766,0.0,,0.383,51.4439,7.5675
Kamen,Germany,DE,07,45927,,DTM,Dortmund Airport,9.0,DTM,airport,0.766,0.0,,0.383,51.5923,7.6638
Cologno Monzese,Italy,IT,09,45786,,LIN,Milano Linate Airport,9.4,LIN,airport,0.765,0.0,,0.383,45.53,9.278
Pioltello,Italy,IT,09,34203,,LIN,Milano Linate Airport,7.5,LIN,airport,0.765,0.0,,0.383,45.5015,9.3305
San Giuliano Milanese,Italy,IT,09,31050,,LIN,Milano Linate Airport,5.8,LIN,airport,0.765,0.0,,0.383,45.394,9.2911
Cernusco sul Naviglio,Italy,IT,09,29078,,LIN,Milano Linate Airport,9.9,LIN,airport,0.765,0.0,,0.383,45.5253,9.333
San Donato Milanese,Italy,IT,09,28351,,LIN,Milano Linate Airport,3.9,LIN,airport,0.765,0.0,,0.383,45.4105,9.2684
Segrate,Italy,IT,09,28296,,LIN,Milano Linate Airport,5.5,LIN,airport,0.765,0.0,,0.383,45.4918,9.2981
Algiers,Algeria,DZ,01,1977663,yes,ALG,Houari Boumediene Airport,12.1,ALG,pop100k+capital+airport,0.765,0.0,,0.382,36.7323,3.0875
Boumerdas,Algeria,DZ,40,786499,,ALG,Houari Boumediene Airport,24.8,ALG,pop100k,0.765,0.0,,0.382,36.7664,3.4772
San Juan,Puerto Rico,PR,127,418140,yes,SJU,Luis Munoz Marin International Airport,11.4,SIG+SJU,pop100k+capital+airport,0.763,0.0,,0.382,18.4663,-66.1057
Bab Ezzouar,Algeria,DZ,01,275630,,ALG,Houari Boumediene Airport,4.6,ALG,pop100k+airport,0.765,0.0,,0.382,36.7261,3.1829
Bayamón,Puerto Rico,PR,021,203499,,SJU,Luis Munoz Marin International Airport,16.9,SIG+SJU,pop100k+airport,0.763,0.0,,0.382,18.3986,-66.1557
Carolina,Puerto Rico,PR,031,170404,,SJU,Luis Munoz Marin International Airport,8.0,SIG+SJU,pop100k+airport,0.763,0.0,,0.382,18.3808,-65.9574
Bordj el Kiffan,Algeria,DZ,01,123246,,ALG,Houari Boumediene Airport,6.4,ALG,pop100k+airport,0.765,0.0,,0.382,36.7487,3.1925
Baraki,Algeria,DZ,55,105402,,ALG,Houari Boumediene Airport,11.0,ALG,pop100k,0.765,0.0,,0.382,36.6666,3.0961
Meftah,Algeria,DZ,20,59990,,ALG,Houari Boumediene Airport,8.2,ALG,airport,0.765,0.0,,0.382,36.6204,3.2225
Trujillo Alto,Puerto Rico,PR,139,54189,,SJU,Luis Munoz Marin International Airport,9.4,SIG+SJU,airport,0.763,0.0,,0.382,18.3547,-66.0074
Dar el Beïda,Algeria,DZ,01,37311,,ALG,Houari Boumediene Airport,2.2,ALG,airport,0.765,0.0,,0.382,36.7133,3.2125
Levittown,Puerto Rico,PR,137,29785,,SJU,Luis Munoz Marin International Airport,19.0,SIG+SJU,airport,0.763,0.0,,0.382,18.45,-66.1816
Cataño,Puerto Rico,PR,033,28093,,SJU,Luis Munoz Marin International Airport,12.3,SIG+SJU,airport,0.763,0.0,,0.382,18.4413,-66.1182
Rouiba,Algeria,DZ,01,20742,,ALG,Houari Boumediene Airport,7.7,ALG,airport,0.765,0.0,,0.382,36.7383,3.2808
Hangzhou,China,CN,02,6241971,,HGH,Hangzhou Xiaoshan International Airport,26.5,HGH,pop100k+airport,0.763,0.0,,0.381,30.2936,120.1614
Hamburg,Germany,DE,04,1739117,,HAM,Hamburg Helmut Schmidt Airport,8.9,HAM,pop100k+airport,0.762,0.0,,0.381,53.5507,9.993
Colombo,Sri Lanka,LK,36,648034,yes,CMB,Bandaranaike International Colombo Airport,27.6,CMB+DWO+RML,pop100k+capital+airport,0.763,0.0,,0.381,6.9355,79.8487
Basel,Switzerland,CH,BS,164488,,BSL,EuroAirport Basel–Mulhouse–Freiburg,6.1,BSL,pop100k+airport,0.762,0.0,,0.381,47.5584,7.5733
Negombo,Sri Lanka,LK,36,137223,,CMB,Bandaranaike International Colombo Airport,6.1,CMB,pop100k+airport,0.763,0.0,,0.381,7.2083,79.8358
Mulhouse,France,FR,44,111430,,BSL,EuroAirport Basel–Mulhouse–Freiburg,22.2,BSL,pop100k,0.762,0.0,,0.381,47.752,7.3287
Katunayaka,Sri Lanka,LK,36,84643,,CMB,Bandaranaike International Colombo Airport,1.3,CMB,airport,0.763,0.0,,0.381,7.1699,79.8884
Norderstedt,Germany,DE,10,71439,,HAM,Hamburg Helmut Schmidt Airport,6.2,HAM,airport,0.762,0.0,,0.381,53.6859,9.9804
Hendala,Sri Lanka,LK,36,56978,,CMB,Bandaranaike International Colombo Airport,21.1,CMB+DWO+RML,airport,0.763,0.0,,0.381,6.9909,79.883
Wattala,Sri Lanka,LK,36,30725,,CMB,Bandaranaike International Colombo Airport,21.3,CMB+DWO+RML,airport,0.763,0.0,,0.381,6.9892,79.8917
Peliyagoda,Sri Lanka,LK,36,30717,,CMB,Bandaranaike International Colombo Airport,23.6,CMB+DWO+RML,airport,0.763,0.0,,0.381,6.9685,79.8836
Weil am Rhein,Germany,DE,01,29548,,BSL,EuroAirport Basel–Mulhouse–Freiburg,7.5,BSL,airport,0.762,0.0,,0.381,47.5933,7.6208
Saint-Louis,France,FR,44,20871,,BSL,EuroAirport Basel–Mulhouse–Freiburg,3.0,BSL,airport,0.762,0.0,,0.381,47.5921,7.5592
Riehen,Switzerland,CH,BS,20000,,BSL,EuroAirport Basel–Mulhouse–Freiburg,9.7,BSL,airport,0.762,0.0,,0.381,47.5788,7.6468
Cebu City,Philippines,PH,07,798634,,CEB,Mactan Cebu International Airport,9.8,CEB,pop100k+airport,0.761,0.0,,0.38,10.3167,123.8907
Marseille,France,FR,93,794811,,MRS,Marseille Provence Airport,20.8,MRS,pop100k,0.76,0.0,,0.38,43.297,5.3811
Bristol,United Kingdom,GB,ENG,617280,,BRS,Bristol Airport,11.6,BRS,pop100k+airport,0.761,0.0,,0.38,51.4552,-2.5966
Lapu-Lapu City,Philippines,PH,07,350467,,CEB,Mactan Cebu International Airport,3.3,CEB,pop100k+airport,0.761,0.0,,0.38,10.3103,123.9494
Mandaue City,Philippines,PH,07,331320,,CEB,Mactan Cebu International Airport,6.5,CEB,pop100k+airport,0.761,0.0,,0.38,10.3236,123.9222
Aix-en-Provence,France,FR,93,146821,,MRS,Marseille Provence Airport,21.6,MRS,pop100k,0.76,0.0,,0.38,43.5283,5.4497
Talisay,Philippines,PH,07,133148,,CEB,Mactan Cebu International Airport,16.0,CEB,pop100k,0.761,0.0,,0.38,10.2447,123.8494
Consolacion,Philippines,PH,07,48638,,CEB,Mactan Cebu International Airport,7.9,CEB,airport,0.761,0.0,,0.38,10.3766,123.9573
Vitrolles,France,FR,93,38591,,MRS,Marseille Provence Airport,3.8,MRS,airport,0.76,0.0,,0.38,43.46,5.2486
Marignane,France,FR,93,35873,,MRS,Marseille Provence Airport,2.3,MRS,airport,0.76,0.0,,0.38,43.4173,5.2146
Apas,Philippines,PH,07,22566,,CEB,Mactan Cebu International Airport,9.1,CEB,airport,0.761,0.0,,0.38,10.3408,123.9026
Nailsea,United Kingdom,GB,ENG,20543,,BRS,Bristol Airport,6.3,BRS,airport,0.761,0.0,,0.38,51.4324,-2.7585
Dar es Salaam,Tanzania,TZ,23,2698652,,DAR,Julius Nyerere International Airport,8.8,DAR,pop100k+airport,0.759,0.0,,0.379,-6.8235,39.2695
Shenyang,China,CN,19,6255921,,SHE,Shenyang Taoxian International Airport,17.5,SHE,pop100k+airport,0.756,0.0,,0.378,41.7922,123.4328
Medellín,Colombia,CO,02,1999979,,MDE,Jose Maria Córdova International Airport,18.3,EOH+MDE,pop100k+airport,0.755,0.0,,0.378,6.2518,-75.5636
Bucharest,Romania,RO,10,1877155,yes,OTP,Bucharest Henri Coandă International Airport,15.5,BBU+OTP,pop100k+capital+airport,0.757,0.0,,0.378,44.4323,26.1063
Lyon,France,FR,84,472317,,LYS,Lyon Saint-Exupéry Airport,19.1,LYS,pop100k,0.756,0.0,,0.378,45.7485,4.8467
Bello,Colombia,CO,02,392939,,MDE,Jose Maria Córdova International Airport,24.3,EOH+MDE,pop100k,0.755,0.0,,0.378,6.3373,-75.558
Yokkaichi,Japan,JP,23,295841,,NGO,Chubu Centrair International Airport,21.0,NGO,pop100k,0.757,0.0,,0.378,34.9667,136.6167
Itagüí,Colombia,CO,02,281853,,MDE,Jose Maria Córdova International Airport,19.6,EOH+MDE,pop100k+airport,0.755,0.0,,0.378,6.1846,-75.5991
Rishon LeẔiyyon,Israel,IL,02,220492,,TLV,Ben Gurion International Airport,10.2,TLV,pop100k,0.755,0.0,,0.378,31.971,34.7894
Petaẖ Tiqwa,Israel,IL,02,200000,,TLV,Ben Gurion International Airport,8.4,TLV,pop100k+airport,0.755,0.0,,0.378,32.0871,34.8875
Suzuka,Japan,JP,23,191477,,NGO,Chubu Centrair International Airport,20.4,NGO,pop100k,0.757,0.0,,0.378,34.8833,136.5833
Dongling,China,CN,19,171454,,SHE,Shenyang Taoxian International Airport,20.9,SHE,pop100k,0.756,0.0,,0.378,41.8144,123.5758
H̱olon,Israel,IL,05,165787,,TLV,Ben Gurion International Airport,10.1,TLV,pop100k,0.755,0.0,,0.378,32.0103,34.7792
Envigado,Colombia,CO,02,163007,,MDE,Jose Maria Córdova International Airport,18.7,EOH+MDE,pop100k+airport,0.755,0.0,,0.378,6.1759,-75.5917
Bnei Brak,Israel,IL,05,154400,,TLV,Ben Gurion International Airport,9.2,TLV,pop100k+airport,0.755,0.0,,0.378,32.0807,34.8338
Sujiatun,China,CN,19,148113,,SHE,Shenyang Taoxian International Airport,12.2,SHE,pop100k,0.756,0.0,,0.378,41.6592,123.3392
Kuwana,Japan,JP,23,140051,,NGO,Chubu Centrair International Airport,24.8,NGO,pop100k,0.757,0.0,,0.378,35.0519,136.6696
Kariya,Japan,JP,01,139159,,NGO,Chubu Centrair International Airport,21.4,NGO,pop100k,0.757,0.0,,0.378,34.9833,136.9833
Reẖovot,Israel,IL,02,132671,,TLV,Ben Gurion International Airport,14.8,TLV,pop100k,0.755,0.0,,0.378,31.8942,34.812
Villeurbanne,France,FR,84,131445,,LYS,Lyon Saint-Exupéry Airport,16.9,LYS,pop100k,0.756,0.0,,0.378,45.766,4.8795
Bat Yam,Israel,IL,05,128979,,TLV,Ben Gurion International Airport,12.8,TLV,pop100k,0.755,0.0,,0.378,32.0238,34.7518
Ramat Gan,Israel,IL,05,128095,,TLV,Ben Gurion International Airport,10.7,TLV,pop100k,0.755,0.0,,0.378,32.0823,34.8107
Handa,Japan,JP,01,116119,,NGO,Chubu Centrair International Airport,12.0,NGO,pop100k,0.757,0.0,,0.378,34.8833,136.9333
Nishio,Japan,JP,01,103337,,NGO,Chubu Centrair International Airport,22.4,NGO,pop100k,0.757,0.0,,0.378,34.8667,137.05
Lod,Israel,IL,02,66589,,TLV,Ben Gurion International Airport,7.2,TLV,airport,0.755,0.0,,0.378,31.9467,34.8903
Ramla,Israel,IL,02,63860,,TLV,Ben Gurion International Airport,9.4,TLV,airport,0.755,0.0,,0.378,31.9292,34.8656
Rionegro,Colombia,CO,02,62291,,MDE,Jose Maria Córdova International Airport,5.6,MDE,airport,0.755,0.0,,0.378,6.1551,-75.3737
Tokoname,Japan,JP,01,49554,,NGO,Chubu Centrair International Airport,5.0,NGO,airport,0.757,0.0,,0.378,34.8833,136.85
La Estrella,Colombia,CO,02,49386,,MDE,Jose Maria Córdova International Airport,24.3,EOH+MDE,airport,0.755,0.0,,0.378,6.1577,-75.6432
Givatayim,Israel,IL,05,48000,,TLV,Ben Gurion International Airport,9.7,TLV,airport,0.755,0.0,,0.378,32.0722,34.8125
Marratxí,Spain,ES,07,33348,,PMI,Palma de Mallorca Airport,7.8,PMI,airport,0.755,0.0,,0.378,39.6214,2.7253
Or Yehuda,Israel,IL,05,30802,,TLV,Ben Gurion International Airport,3.4,TLV,airport,0.755,0.0,,0.378,32.0292,34.8579
Voluntari,Romania,RO,43,30323,,OTP,Bucharest Henri Coandă International Airport,10.7,BBU+OTP,airport,0.757,0.0,,0.378,44.49,26.1734
Yehud-Monosson,Israel,IL,05,29312,,TLV,Ben Gurion International Airport,2.0,TLV,airport,0.755,0.0,,0.378,32.0284,34.8796
Meyzieu,France,FR,84,28929,,LYS,Lyon Saint-Exupéry Airport,8.1,LYS,airport,0.756,0.0,,0.378,45.7664,5.0028
Yehud,Israel,IL,02,25600,,TLV,Ben Gurion International Airport,2.5,TLV,airport,0.755,0.0,,0.378,32.0332,34.8909
Marinilla,Colombia,CO,02,24171,,MDE,Jose Maria Córdova International Airport,9.7,MDE,airport,0.755,0.0,,0.378,6.1736,-75.3362
Shoham,Israel,IL,02,20740,,TLV,Ben Gurion International Airport,5.7,TLV,airport,0.755,0.0,,0.378,31.9987,34.9456
Ahmedabad,India,IN,09,3719710,,AMD,Sardar Vallabh Patel International Airport,7.5,AMD,pop100k+airport,0.755,0.0,,0.377,23.0258,72.5873
San Jose,United States,US,CA,1026908,,SJC,Norman Y. Mineta San Jose International Airport,4.0,SJC,pop100k+airport,0.753,0.0,,0.377,37.3394,-121.895
Edmonton,Canada,CA,01,712391,,YEG,Edmonton International Airport,27.7,YEG,pop100k+airport,0.754,0.0,,0.377,53.5501,-113.4687
Fremont,United States,US,CA,232206,,SJC,Norman Y. Mineta San Jose International Airport,21.3,SJC+SQL,pop100k,0.753,0.0,,0.377,37.5483,-121.9886
Charleroi,Belgium,BE,WAL,200132,,CRL,Brussels South Charleroi Airport,5.7,CRL,pop100k+airport,0.754,0.0,,0.377,50.4114,4.4445
Gandhinagar,India,IN,09,195985,,AMD,Sardar Vallabh Patel International Airport,16.3,AMD,pop100k,0.755,0.0,,0.377,23.2167,72.6833
Sunnyvale,United States,US,CA,151754,,SJC,Norman Y. Mineta San Jose International Airport,9.5,SJC+SQL,pop100k+airport,0.753,0.0,,0.377,37.3688,-122.0363
Santa Clara,United States,US,CA,126215,,SJC,Norman Y. Mineta San Jose International Airport,2.5,SJC,pop100k+airport,0.753,0.0,,0.377,37.3541,-121.9552
Milpitas,United States,US,CA,77604,,SJC,Norman Y. Mineta San Jose International Airport,7.6,SJC,airport,0.753,0.0,,0.377,37.4283,-121.9066
Campbell,United States,US,CA,41117,,SJC,Norman Y. Mineta San Jose International Airport,8.6,SJC,airport,0.753,0.0,,0.377,37.2872,-121.95
Châtelet,Belgium,BE,WAL,35238,,CRL,Brussels South Charleroi Airport,8.1,CRL,airport,0.754,0.0,,0.377,50.4034,4.5283
Menlo Park,United States,US,CA,33449,,SJC,Norman Y. Mineta San Jose International Airport,24.5,SJC+SQL,airport,0.753,0.0,,0.377,37.4538,-122.1822
Courcelles,Belgium,BE,WAL,29473,,CRL,Brussels South Charleroi Airport,6.0,CRL,airport,0.754,0.0,,0.377,50.4638,4.3747
Fleurus,Belgium,BE,WAL,22080,,CRL,Brussels South Charleroi Airport,6.8,CRL,airport,0.754,0.0,,0.377,50.4835,4.5501
Nassau,Bahamas,BS,23,227940,yes,NAS,Lynden Pindling International Airport,12.6,NAS,pop100k+capital+airport,0.752,0.0,,0.376,25.0582,-77.3431
Sacramento,United States,US,CA,490712,,SMF,Sacramento International Airport,15.2,SMF,pop100k+airport,0.749,0.0,,0.375,38.5816,-121.4944
Muratpaşa,Türkiye,TR,07,450000,,AYT,Antalya International Airport,3.3,AYT,pop100k+airport,0.75,0.0,,0.375,36.8916,30.765
Miri,Malaysia,MY,11,228212,,MYY,Miri Airport,8.6,MYY,pop100k+airport,0.75,0.0,,0.375,4.3993,113.9916
Gyál,Hungary,HU,16,21937,,BUD,Budapest Liszt Ferenc International Airport,5.9,BUD,airport,0.75,0.0,,0.375,47.3845,19.2214
Ankara,Türkiye,TR,68,3517182,yes,ESB,Esenboğa International Airport,26.1,ESB,pop100k+capital+airport,0.747,0.0,,0.374,39.9199,32.8543
Porto Alegre,Brazil,BR,23,1372741,,POA,Porto Alegre-Salgado Filho International Airport,7.4,POA,pop100k+airport,0.747,0.0,,0.374,-30.0328,-51.2302
Canoas,Brazil,BR,23,328291,,POA,Porto Alegre-Salgado Filho International Airport,8.6,POA,pop100k+airport,0.747,0.0,,0.374,-29.9178,-51.1836
Naha,Japan,JP,47,300795,,OKA,Naha International Airport,5.1,OKA,pop100k+airport,0.749,0.0,,0.374,26.2167,127.6833
Viamão,Brazil,BR,23,285269,,POA,Porto Alegre-Salgado Filho International Airport,16.9,POA,pop100k,0.747,0.0,,0.374,-30.0811,-51.0233
Gravataí,Brazil,BR,23,238778,,POA,Porto Alegre-Salgado Filho International Airport,17.8,POA,pop100k,0.747,0.0,,0.374,-29.9422,-50.9928
Sapucaia,Brazil,BR,23,130937,,POA,Porto Alegre-Salgado Filho International Airport,17.9,POA,pop100k,0.747,0.0,,0.374,-29.8333,-51.15
Okinawa,Japan,JP,47,125483,,OKA,Naha International Airport,22.7,OKA,pop100k,0.749,0.0,,0.374,26.3358,127.8014
Cachoeirinha,Brazil,BR,23,121084,,POA,Porto Alegre-Salgado Filho International Airport,8.5,POA,pop100k+airport,0.747,0.0,,0.374,-29.9511,-51.0939
Guaíba,Brazil,BR,23,101024,,POA,Porto Alegre-Salgado Filho International Airport,20.2,POA,pop100k,0.747,0.0,,0.374,-30.1139,-51.325
Itoman,Japan,JP,47,57184,,OKA,Naha International Airport,7.9,OKA,airport,0.749,0.0,,0.374,26.1265,127.6692
Tomigusuku,Japan,JP,47,55715,,OKA,Naha International Airport,4.3,OKA,airport,0.749,0.0,,0.374,26.1858,127.6819
Dalian,China,CN,19,4087733,,DLC,Dalian Zhoushuizi International Airport,8.1,DLC,pop100k+airport,0.747,0.0,,0.373,38.9122,121.6022
Köln,Germany,DE,07,963395,,CGN,Cologne Bonn Airport,15.5,CGN,pop100k,0.746,0.0,,0.373,50.9333,6.95
Bonn,Germany,DE,07,313125,,CGN,Cologne Bonn Airport,15.0,CGN,pop100k,0.746,0.0,,0.373,50.7344,7.0955
Jinzhou,China,CN,19,215386,,DLC,Dalian Zhoushuizi International Airport,21.4,DLC,pop100k,0.747,0.0,,0.373,39.1,121.7167
Tomakomai,Japan,JP,12,174806,,CTS,New Chitose Airport,16.9,CTS,pop100k,0.745,0.0,,0.373,42.6369,141.6033
Leverkusen,Germany,DE,07,162738,,CGN,Cologne Bonn Airport,21.4,CGN,pop100k,0.746,0.0,,0.373,51.0303,6.9843
Bergisch Gladbach,Germany,DE,07,106184,,CGN,Cologne Bonn Airport,13.3,CGN,pop100k,0.746,0.0,,0.373,50.9856,7.133
Chitose,Japan,JP,12,92942,,CTS,New Chitose Airport,5.9,CTS,airport,0.745,0.0,,0.373,42.8194,141.6522
Troisdorf,Germany,DE,07,74749,,CGN,Cologne Bonn Airport,6.3,CGN,airport,0.746,0.0,,0.373,50.809,7.1497
Tromsø,Norway,NO,54,52436,,TOS,Tromsø Airport,4.1,TOS,airport,0.747,0.0,,0.373,69.6489,18.9551
Siegburg,Germany,DE,07,39135,,CGN,Cologne Bonn Airport,8.6,CGN,airport,0.746,0.0,,0.373,50.8002,7.2077
Niederkassel,Germany,DE,07,36480,,CGN,Cologne Bonn Airport,9.3,CGN,airport,0.746,0.0,,0.373,50.815,7.0378
Lohmar,Germany,DE,07,31339,,CGN,Cologne Bonn Airport,5.8,CGN,airport,0.746,0.0,,0.373,50.8387,7.214
Rösrath,Germany,DE,07,26868,,CGN,Cologne Bonn Airport,4.3,CGN,airport,0.746,0.0,,0.373,50.8956,7.1818
Zhengzhou,China,CN,09,4253913,,CGO,Zhengzhou Xinzheng International Airport,31.6,CGO,pop100k+airport,0.744,0.0,,0.372,34.7578,113.6486
Caracas,Venezuela,VE,25,3000000,yes,CCS,Maiquetía Simón Bolívar International Airport,17.6,CCS,pop100k+capital,0.744,0.0,,0.372,10.488,-66.8792
Winnipeg,Canada,CA,03,632063,,YWG,Winnipeg / James Armstrong Richardson International Airport,7.2,YWG,pop100k+airport,0.745,0.0,,0.372,49.8844,-97.147
Málaga,Spain,ES,51,568305,,AGP,Málaga-Costa del Sol Airport,8.6,AGP,pop100k+airport,0.744,0.0,,0.372,36.7202,-4.4203
Cuiabá,Brazil,BR,14,521934,,CGB,Várzea Grande–Marechal Rondon International Airport,6.7,CGB,pop100k+airport,0.743,0.0,,0.372,-15.5961,-56.0967
Petare,Venezuela,VE,15,364684,,CCS,Maiquetía Simón Bolívar International Airport,24.4,CCS,pop100k,0.744,0.0,,0.372,10.4768,-66.8079
Wakayama,Japan,JP,43,351000,,KIX,Kansai International Airport,22.7,KIX,pop100k,0.744,0.0,,0.372,34.2333,135.1667
Várzea Grande,Brazil,BR,14,249752,,CGB,Várzea Grande–Marechal Rondon International Airport,1.8,CGB,pop100k+airport,0.743,0.0,,0.372,-15.6467,-56.1325
Baruta,Venezuela,VE,15,244216,,CCS,Maiquetía Simón Bolívar International Airport,22.6,CCS,pop100k,0.744,0.0,,0.372,10.4342,-66.8756
Kishiwada,Japan,JP,32,205561,,KIX,Kansai International Airport,12.1,KIX+UKB,pop100k,0.744,0.0,,0.372,34.4667,135.3667
Izumi,Japan,JP,32,189085,,KIX,Kansai International Airport,18.4,KIX,pop100k,0.744,0.0,,0.372,34.4833,135.4333
Mestre,Italy,IT,20,147662,,VCE,Venice Marco Polo Airport,8.4,TSF+VCE,pop100k+airport,0.744,0.0,,0.372,45.4917,12.2454
Catia La Mar,Venezuela,VE,26,106822,,CCS,Maiquetía Simón Bolívar International Airport,4.5,CCS,pop100k+airport,0.744,0.0,,0.372,10.6054,-67.0324
Izumisano,Japan,JP,32,100595,,KIX,Kansai International Airport,6.8,KIX,pop100k+airport,0.744,0.0,,0.372,34.4167,135.3167
Treviso,Italy,IT,20,77604,,VCE,Venice Marco Polo Airport,19.9,TSF+VCE,airport,0.744,0.0,,0.372,45.6667,12.2416
Torremolinos,Spain,ES,51,65448,,AGP,Málaga-Costa del Sol Airport,6.1,AGP,airport,0.744,0.0,,0.372,36.6204,-4.4998
Maiquetía,Venezuela,VE,26,52564,,CCS,Maiquetía Simón Bolívar International Airport,3.9,CCS,airport,0.744,0.0,,0.372,10.5945,-66.9562
Cagnes-sur-Mer,France,FR,93,46923,,NCE,Nice-Côte d'Azur Airport,5.5,MCM+NCE,airport,0.745,0.0,,0.372,43.6635,7.1479
Alhaurín de la Torre,Spain,ES,51,35114,,AGP,Málaga-Costa del Sol Airport,5.7,AGP,airport,0.744,0.0,,0.372,36.664,-4.5614
Monaco,Monaco,MC,00,32965,yes,NCE,Nice-Côte d'Azur Airport,18.2,MCM+NCE,capital+airport,0.745,0.0,,0.372,43.7333,7.4167
Saint-Laurent-du-Var,France,FR,93,29516,,NCE,Nice-Côte d'Azur Airport,2.7,MCM+NCE,airport,0.745,0.0,,0.372,43.6732,7.19
Kahului,United States,US,HI,26337,,OGG,Kahului International Airport,4.5,JHM+OGG,airport,0.745,0.0,,0.372,20.8895,-156.4743
La Guaira,Venezuela,VE,26,25259,,CCS,Maiquetía Simón Bolívar International Airport,6.4,CCS,airport,0.744,0.0,,0.372,10.6016,-66.9329
Austin,United States,US,TX,931830,,AUS,Austin Bergstrom International Airport,11.0,AUS,pop100k+airport,0.741,0.0,,0.371,30.2672,-97.7431
Columbus,United States,US,OH,850106,,CMH,John Glenn Columbus International Airport,10.0,CMH+LCK,pop100k+airport,0.743,0.0,,0.371,39.9612,-82.9988
Merlo,Argentina,AR,01,244168,,EZE,Ezeiza International Airport - Ministro Pistarini,24.8,EZE,pop100k,0.742,0.0,,0.371,-34.6663,-58.7293
Reynoldsburg,United States,US,OH,37158,,CMH,John Glenn Columbus International Airport,8.3,CMH+LCK,airport,0.743,0.0,,0.371,39.9548,-82.8121
Gahanna,United States,US,OH,34590,,CMH,John Glenn Columbus International Airport,2.6,CMH+LCK,airport,0.743,0.0,,0.371,40.0192,-82.8793
Changsha,China,CN,11,3093980,,CSX,Changsha Huanghua International Airport,24.4,CSX,pop100k,0.74,0.0,,0.37,28.1987,112.9709
Al Aḩmadī,Kuwait,KW,04,637411,,KWI,Kuwait International Airport,19.8,KWI,pop100k,0.739,0.0,,0.37,29.0769,48.0839
Glasgow,United Kingdom,GB,SCT,591620,,GLA,Glasgow Airport,11.0,GLA,pop100k+airport,0.74,0.0,,0.37,55.8651,-4.2576
Ḩawallī,Kuwait,KW,08,164212,,KWI,Kuwait International Airport,13.3,KWI,pop100k,0.739,0.0,,0.37,29.3328,48.0286
Şabāḩ as Sālim,Kuwait,KW,09,139163,,KWI,Kuwait International Airport,9.2,KWI,pop100k+airport,0.739,0.0,,0.37,29.2572,48.0572
Darwin,Australia,AU,03,129062,,DRW,Darwin International Airport / RAAF Darwin,6.7,DRW,pop100k+airport,0.739,0.0,,0.37,-12.4611,130.8418
Lowell,United States,US,MA,110699,,BED,Laurence G Hanscom Field,18.3,BED,pop100k,0.74,0.0,,0.37,42.6334,-71.3162
West Palm Beach,United States,US,FL,106779,,PBI,President Donald J. Trump International Airport,5.5,PBI,pop100k+airport,0.741,0.0,,0.37,26.7153,-80.0534
Al Farwānīyah,Kuwait,KW,07,86525,,KWI,Kuwait International Airport,6.0,KWI,airport,0.739,0.0,,0.37,29.2775,47.9586
Luxembourg,Luxembourg,LU,LU,76684,yes,LUX,Luxembourg-Findel International Airport,6.2,LUX,capital+airport,0.739,0.0,,0.37,49.6117,6.13
Paisley,United Kingdom,GB,SCT,76220,,GLA,Glasgow Airport,4.5,GLA,airport,0.74,0.0,,0.37,55.8317,-4.4325
Kuwait City,Kuwait,KW,02,60064,yes,KWI,Kuwait International Airport,16.2,KWI,capital+airport,0.739,0.0,,0.37,29.3697,47.9783
Billerica,United States,US,MA,39904,,BED,Laurence G Hanscom Field,10.0,BED,airport,0.74,0.0,,0.37,42.5584,-71.269
Lake Worth,United States,US,FL,37498,,PBI,President Donald J. Trump International Airport,7.7,PBI,airport,0.741,0.0,,0.37,26.6171,-80.0723
Greenacres City,United States,US,FL,32963,,PBI,President Donald J. Trump International Airport,7.2,PBI,airport,0.741,0.0,,0.37,26.6237,-80.1253
Bearsden,United Kingdom,GB,SCT,27340,,GLA,Glasgow Airport,7.9,GLA,airport,0.74,0.0,,0.37,55.9154,-4.3328
Clydebank,United Kingdom,GB,SCT,26640,,GLA,Glasgow Airport,3.7,GLA,airport,0.74,0.0,,0.37,55.9014,-4.4057
Palm Springs,United States,US,FL,22341,,PBI,President Donald J. Trump International Airport,5.3,PBI,airport,0.741,0.0,,0.37,26.6359,-80.0961
Renfrew,United Kingdom,GB,SCT,22010,,GLA,Glasgow Airport,2.5,GLA,airport,0.74,0.0,,0.37,55.872,-4.3925
Bedford,United States,US,NH,21188,,BED,Laurence G Hanscom Field,56.1,BED+MHT,airport,0.74,0.0,,0.37,42.9465,-71.5159
Lake Worth Corridor,United States,US,FL,20635,,PBI,President Donald J. Trump International Airport,7.4,PBI,airport,0.741,0.0,,0.37,26.6165,-80.101
Manaus,Brazil,BR,04,1598210,,MAO,Eduardo Gomes International Airport,7.6,MAO,pop100k+airport,0.737,0.0,,0.369,-3.1019,-60.025
Monterrey,Mexico,MX,19,1135512,,MTY,Monterrey International Airport,24.1,MTY,pop100k+airport,0.737,0.0,,0.369,25.6751,-100.3185
Guadalupe,Mexico,MX,19,673616,,MTY,Monterrey International Airport,18.8,MTY,pop100k,0.737,0.0,,0.369,25.6768,-100.2565
Ciudad Apodaca,Mexico,MX,19,467157,,MTY,Monterrey International Airport,8.2,MTY,pop100k+airport,0.737,0.0,,0.369,25.7819,-100.1884
San Nicolás de los Garza,Mexico,MX,19,443273,,MTY,Monterrey International Airport,20.0,MTY,pop100k,0.737,0.0,,0.369,25.7417,-100.3022
Ciudad General Escobedo,Mexico,MX,19,352444,,MTY,Monterrey International Airport,21.2,MTY,pop100k,0.737,0.0,,0.369,25.797,-100.3179
Ciudad Benito Juárez,Mexico,MX,19,151893,,MTY,Monterrey International Airport,14.6,MTY,pop100k,0.737,0.0,,0.369,25.6472,-100.0958
Suva,Fiji,FJ,01,77366,yes,SUV,Nausori International Airport,16.7,SUV,capital,0.739,0.0,,0.369,-18.1416,178.4415
Belize City,Belize,BZ,01,61461,,BZE,Philip S. W. Goldson International Airport,12.1,BZE+TZA,airport,0.738,0.0,,0.369,17.4995,-88.1976
Abuja,Nigeria,NG,11,590400,yes,ABV,Nnamdi Azikiwe International Airport,26.1,ABV,pop100k+capital+airport,0.735,0.0,,0.368,9.0579,7.4951
Bergen,Norway,NO,46,213585,,BGO,"Bergen Airport, Flesland",12.5,BGO,pop100k+airport,0.737,0.0,,0.368,60.393,5.3242
Suleja,Nigeria,NG,31,162135,,ABV,Nnamdi Azikiwe International Airport,21.4,ABV,pop100k,0.735,0.0,,0.368,9.1806,7.1794
Hayward,United States,US,CA,158289,,OAK,Oakland San Francisco Bay Airport,13.6,OAK+SQL,pop100k,0.737,0.0,,0.368,37.6688,-122.0808
Salzburg,Austria,AT,05,153377,,SZG,Salzburg Airport,3.0,SZG,pop100k+airport,0.736,0.0,,0.368,47.7994,13.044
Berkeley,United States,US,CA,120972,,OAK,Oakland San Francisco Bay Airport,17.4,CCR+OAK,pop100k,0.737,0.0,,0.368,37.8716,-122.2728
Walnut Creek,United States,US,CA,68910,,OAK,Oakland San Francisco Bay Airport,24.8,CCR+OAK,airport,0.737,0.0,,0.368,37.9063,-122.065
Bodø,Norway,NO,09,34073,,BOO,Bodø Airport,2.1,BOO,airport,0.736,0.0,,0.368,67.28,14.405
Dhaka,Bangladesh,BD,81,10356500,yes,DAC,Hazrat Shahjalal International Airport,14.8,DAC,pop100k+capital+airport,0.734,0.0,,0.367,23.7104,90.4074
Tungi,Bangladesh,BD,81,337579,,DAC,Hazrat Shahjalal International Airport,5.4,DAC,pop100k+airport,0.734,0.0,,0.367,23.8915,90.4023
Paltan,Bangladesh,BD,81,184492,,DAC,Hazrat Shahjalal International Airport,12.0,DAC,pop100k,0.734,0.0,,0.367,23.7362,90.4143
Medan,Indonesia,ID,26,1750971,,KNO,Kualanamu International Airport,23.4,KNO,pop100k,0.731,0.0,,0.366,3.5833,98.6667
Yekaterinburg,Russia,RU,71,1349772,,SVX,Koltsovo Airport,16.8,SVX,pop100k+airport,0.732,0.0,,0.366,56.8519,60.6122
Amman,Jordan,JO,16,1275857,yes,AMM,Queen Alia International Airport,26.3,ADJ+AMM,pop100k+capital+airport,0.732,0.0,,0.366,31.9552,35.945
Percut,Indonesia,ID,26,311063,,KNO,Kualanamu International Airport,1.6,KNO,pop100k+airport,0.731,0.0,,0.366,3.6253,98.864
Townsville,Australia,AU,04,196219,,TSV,Townsville Airport / RAAF Base Townsville,4.4,TSV,pop100k+airport,0.732,0.0,,0.366,-19.2664,146.8057
Jiaozhou,China,CN,25,165026,,TAO,Qingdao Jiaodong International Airport,11.5,TAO,pop100k,0.732,0.0,,0.366,36.2839,120.0033
Perbaungan,Indonesia,ID,26,157174,,KNO,Kualanamu International Airport,12.3,KNO,pop100k,0.731,0.0,,0.366,3.5679,98.956
Tianjin,China,CN,28,11090314,,TSN,Tianjin Binhai International Airport,14.7,TSN,pop100k+airport,0.73,0.0,,0.365,39.1422,117.1767
Kagoshima,Japan,JP,18,555352,,KOJ,Kagoshima Airport,30.8,KOJ,pop100k+airport,0.73,0.0,,0.365,31.5667,130.55
Linz,Austria,AT,04,204846,,LNZ,Linz-Hörsching Airport,10.7,LNZ,pop100k+airport,0.73,0.0,,0.365,48.3064,14.2861
Kokubu-matsuki,Japan,JP,18,57896,,KOJ,Kagoshima Airport,9.0,KOJ,airport,0.73,0.0,,0.365,31.7333,130.7667
Hamanoichi,Japan,JP,18,39475,,KOJ,Kagoshima Airport,9.7,KOJ,airport,0.73,0.0,,0.365,31.7167,130.7333
Kajiki,Japan,JP,18,22997,,KOJ,Kagoshima Airport,9.2,KOJ,airport,0.73,0.0,,0.365,31.7333,130.6667
Harbin,China,CN,08,5878939,,HRB,Harbin Taiping International Airport,34.1,HRB,pop100k+airport,0.729,0.0,,0.364,45.75,126.65
Riga,Latvia,LV,25,742572,yes,RIX,Riga International Airport,8.7,RIX,pop100k+capital+airport,0.727,0.0,,0.364,56.946,24.1059
Entebbe,Uganda,UG,C,62969,,EBB,Entebbe International Airport,4.3,EBB,airport,0.728,0.0,,0.364,0.0562,32.4795
Karachi,Pakistan,PK,05,11624219,,KHI,Jinnah International Airport,16.0,KHI,pop100k+airport,0.724,0.0,,0.362,24.8608,67.0104
Almaty,Kazakhstan,KZ,02,2000900,,ALA,Almaty International Airport,14.3,ALA,pop100k+airport,0.724,0.0,,0.362,43.2567,76.9286
Jacksonville,United States,US,FL,868031,,JAX,Jacksonville International Airport,18.1,JAX,pop100k+airport,0.724,0.0,,0.362,30.3322,-81.6556
Ottawa,Canada,CA,08,812129,yes,YOW,Ottawa Macdonald-Cartier International Airport,10.1,YND+YOW+YRO,pop100k+capital+airport,0.724,0.0,,0.362,45.4112,-75.6981
Gatineau,Canada,CA,10,242124,,YOW,Ottawa Macdonald-Cartier International Airport,17.4,YND+YOW+YRO,pop100k+airport,0.724,0.0,,0.362,45.4772,-75.7016
Nepean,Canada,CA,08,180000,,YOW,Ottawa Macdonald-Cartier International Airport,4.4,YND+YOW+YRO,pop100k+airport,0.724,0.0,,0.362,45.3362,-75.7225
Fallingbrook,Canada,CA,09,25000,,YOW,Ottawa Macdonald-Cartier International Airport,22.3,YND+YOW+YRO,airport,0.724,0.0,,0.362,45.4756,-75.484
Maputo,Mozambique,MZ,11,1191613,yes,MPM,Maputo Airport,5.1,MPM,pop100k+capital+airport,0.722,0.0,,0.361,-25.9655,32.5832
Guiyang,China,CN,18,1171633,,KWE,Guiyang Longdongbao International Airport,9.8,KWE,pop100k+airport,0.721,0.0,,0.361,26.5833,106.7167
Indianapolis,United States,US,IN,829718,,IND,Indianapolis International Airport,13.0,IND,pop100k+airport,0.722,0.0,,0.361,39.7684,-86.158
Matola,Mozambique,MZ,04,675422,,MPM,Maputo Airport,12.3,MPM,pop100k,0.722,0.0,,0.361,-25.9622,32.4589
Cleveland,United States,US,OH,388072,,CLE,Cleveland Hopkins International Airport,16.2,CLE,pop100k+airport,0.722,0.0,,0.361,41.4995,-81.6954
Eindhoven,Netherlands,NL,06,209620,,EIN,Eindhoven Airport,7.2,EIN,pop100k+airport,0.722,0.0,,0.361,51.4408,5.4778
Tilburg,Netherlands,NL,06,199613,,EIN,Eindhoven Airport,22.8,EIN,pop100k,0.722,0.0,,0.361,51.5555,5.0913
Artëm,Russia,RU,59,102300,,VVO,Vladivostok International Airport,5.2,VVO,pop100k+airport,0.723,0.0,,0.361,43.3595,132.1889
Lakewood,United States,US,OH,50656,,CLE,Cleveland Hopkins International Airport,8.9,CLE,airport,0.722,0.0,,0.361,41.482,-81.7982
Westlake,United States,US,OH,32428,,CLE,Cleveland Hopkins International Airport,7.5,CLE,airport,0.722,0.0,,0.361,41.4553,-81.9179
North Olmsted,United States,US,OH,32004,,CLE,Cleveland Hopkins International Airport,6.2,CLE,airport,0.722,0.0,,0.361,41.4156,-81.9235
Plainfield,United States,US,IN,30590,,IND,Indianapolis International Airport,9.1,IND,airport,0.722,0.0,,0.361,39.7042,-86.3994
Best,Netherlands,NL,06,29074,,EIN,Eindhoven Airport,6.5,EIN,airport,0.722,0.0,,0.361,51.5075,5.3903
Rocky River,United States,US,OH,20376,,CLE,Cleveland Hopkins International Airport,7.2,CLE,airport,0.722,0.0,,0.361,41.4756,-81.8393
Parma Heights,United States,US,OH,20246,,CLE,Cleveland Hopkins International Airport,7.9,CLE,airport,0.722,0.0,,0.361,41.3901,-81.7596
Sunderland,United Kingdom,GB,ENG,335415,,NCL,Newcastle International Airport,24.6,NCL,pop100k,0.721,0.0,,0.36,54.9046,-1.3822
Newcastle upon Tyne,United Kingdom,GB,ENG,192382,,NCL,Newcastle International Airport,8.7,NCL,pop100k+airport,0.721,0.0,,0.36,54.9733,-1.614
Newburn,United Kingdom,GB,ENG,41347,,NCL,Newcastle International Airport,6.6,NCL,airport,0.721,0.0,,0.36,54.9876,-1.7442
Cramlington,United Kingdom,GB,ENG,33180,,NCL,Newcastle International Airport,8.5,NCL,airport,0.721,0.0,,0.36,55.0865,-1.586
Gosforth,United Kingdom,GB,ENG,23975,,NCL,Newcastle International Airport,6.3,NCL,airport,0.721,0.0,,0.36,55,-1.6167
Taiyuan,China,CN,24,3426519,,TYN,Taiyuan Wusu International Airport,14.9,TYN,pop100k+airport,0.717,0.0,,0.359,37.8694,112.5603
Salvador,Brazil,BR,05,2711840,,SSA,Deputado Luiz Eduardo Magalhães International Airport,21.6,SSA,pop100k+airport,0.718,0.0,,0.359,-12.9711,-38.5108
Kota Kinabalu,Malaysia,MY,16,457326,,BKI,Kota Kinabalu International Airport,5.3,BKI,pop100k+airport,0.718,0.0,,0.359,5.9749,116.0724
New Orleans,United States,US,LA,389617,,MSY,Louis Armstrong New Orleans International Airport,18.8,MSY,pop100k+airport,0.719,0.0,,0.359,29.9547,-90.0751
Yuci,China,CN,24,235929,,TYN,Taiyuan Wusu International Airport,11.8,TYN,pop100k,0.717,0.0,,0.359,37.6803,112.7319
Camaçari,Brazil,BR,05,188758,,SSA,Deputado Luiz Eduardo Magalhães International Airport,23.5,SSA,pop100k,0.718,0.0,,0.359,-12.6975,-38.3242
Trondheim,Norway,NO,21,147139,,TRD,"Trondheim Airport, Værnes",26.5,TRD,pop100k+airport,0.717,0.0,,0.359,63.4305,10.3951
Metairie Terrace,United States,US,LA,142489,,MSY,Louis Armstrong New Orleans International Airport,9.8,MSY,pop100k+airport,0.719,0.0,,0.359,29.9785,-90.164
Lauro de Freitas,Brazil,BR,05,141280,,SSA,Deputado Luiz Eduardo Magalhães International Airport,1.7,SSA,pop100k+airport,0.718,0.0,,0.359,-12.8944,-38.3272
Metairie,United States,US,LA,138481,,MSY,Louis Armstrong New Orleans International Airport,10.8,MSY,pop100k,0.719,0.0,,0.359,29.9841,-90.1529
Simões Filho,Brazil,BR,05,116662,,SSA,Deputado Luiz Eduardo Magalhães International Airport,16.4,SSA,pop100k,0.718,0.0,,0.359,-12.7844,-38.4039
Putatan,Malaysia,MY,16,78340,,BKI,Kota Kinabalu International Airport,1.5,BKI,airport,0.718,0.0,,0.359,5.9258,116.0609
Donggongon,Malaysia,MY,16,71585,,BKI,Kota Kinabalu International Airport,6.4,BKI,airport,0.718,0.0,,0.359,5.907,116.1015
Kenner,United States,US,LA,67091,,MSY,Louis Armstrong New Orleans International Airport,2.2,MSY,airport,0.719,0.0,,0.359,29.9941,-90.2417
Antananarivo,Madagascar,MG,11,1391433,yes,TNR,Ivato International Airport,14.3,TNR,pop100k+capital+airport,0.715,0.0,,0.358,-18.9137,47.5361
Santa Cruz de la Sierra,Bolivia,BO,08,1364389,,VVI,Viru Viru International Airport,16.5,SRZ+VVI,pop100k+airport,0.717,0.0,,0.358,-17.7863,-63.1812
Hohhot,China,CN,20,774477,,HET,Hohhot Baita International Airport,15.1,HET,pop100k+airport,0.716,0.0,,0.358,40.8106,111.6522
Tunis,Tunisia,TN,36,693210,yes,TUN,Tunis Carthage International Airport,6.5,TUN,pop100k+capital+airport,0.717,0.0,,0.358,36.819,10.1658
Antwerpen,Belgium,BE,VLG,459805,,ANR,Antwerp International Airport (Deurne),5.5,ANR,pop100k+airport,0.717,0.0,,0.358,51.2205,4.4003
Ariana,Tunisia,TN,38,97687,,TUN,Tunis Carthage International Airport,3.2,TUN,airport,0.717,0.0,,0.358,36.8601,10.1934
La Goulette,Tunisia,TN,36,79795,,TUN,Tunis Carthage International Airport,7.8,TUN,airport,0.717,0.0,,0.358,36.8182,10.3052
Deurne,Belgium,BE,VLG,78747,,ANR,Antwerp International Airport (Deurne),3.4,ANR,airport,0.717,0.0,,0.358,51.2213,4.466
Al Marsá,Tunisia,TN,36,65640,,TUN,Tunis Carthage International Airport,9.2,TUN,airport,0.717,0.0,,0.358,36.8782,10.3247
Hoboken,Belgium,BE,VLG,34443,,ANR,Antwerp International Airport (Deurne),8.2,ANR,airport,0.717,0.0,,0.358,51.1761,4.3484
Schoten,Belgium,BE,VLG,33622,,ANR,Antwerp International Airport (Deurne),7.4,ANR,airport,0.717,0.0,,0.358,51.2525,4.5027
Lier,Belgium,BE,VLG,33272,,ANR,Antwerp International Airport (Deurne),10.0,ANR,airport,0.717,0.0,,0.358,51.1313,4.5704
Mortsel,Belgium,BE,VLG,24525,,ANR,Antwerp International Airport (Deurne),2.8,ANR,airport,0.717,0.0,,0.358,51.167,4.4513
Edegem,Belgium,BE,VLG,21839,,ANR,Antwerp International Airport (Deurne),4.0,ANR,airport,0.717,0.0,,0.358,51.1566,4.445
Kontich,Belgium,BE,VLG,20290,,ANR,Antwerp International Airport (Deurne),6.6,ANR,airport,0.717,0.0,,0.358,51.1321,4.4471
Xiamen,China,CN,07,3531347,,XMN,Xiamen Gaoqi International Airport,8.5,XMN,pop100k+airport,0.714,0.0,,0.357,24.4798,118.0819
Beirut,Lebanon,LB,04,1916100,yes,BEY,Beirut Rafic Hariri International Airport,8.3,BEY,pop100k+capital+airport,0.713,0.0,,0.357,33.8933,35.5016
Yogyakarta,Indonesia,ID,10,636660,,JOG,Adisutjipto International Airport,7.6,JOG+YIA,pop100k+airport,0.714,0.0,,0.357,-7.8014,110.3647
Toulouse,France,FR,76,433055,,TLS,Toulouse-Blagnac Airport,7.0,TLS,pop100k+airport,0.715,0.0,,0.357,43.6043,1.4437
Alicante,Spain,ES,60,334757,,ALC,Alicante-Elche Miguel Hernández Airport,9.7,ALC,pop100k+airport,0.714,0.0,,0.357,38.3452,-0.4815
Louisville,United States,US,KY,243639,,SDF,Louisville Muhammad Ali International Airport,9.5,SDF,pop100k+airport,0.714,0.0,,0.357,38.2542,-85.7594
Elche,Spain,ES,60,230112,,ALC,Alicante-Elche Miguel Hernández Airport,12.7,ALC,pop100k,0.714,0.0,,0.357,38.2622,-0.7011
Klaten,Indonesia,ID,07,126831,,JOG,Adisutjipto International Airport,21.3,JOG,pop100k,0.714,0.0,,0.357,-7.7058,110.6064
Depok,Indonesia,ID,10,104527,,JOG,Adisutjipto International Airport,2.9,JOG,pop100k+airport,0.714,0.0,,0.357,-7.7625,110.4317
Melati,Indonesia,ID,10,67090,,JOG,Adisutjipto International Airport,9.4,JOG,airport,0.714,0.0,,0.357,-7.7333,110.3667
Candi Prambanan,Indonesia,ID,07,44925,,JOG,Adisutjipto International Airport,8.1,JOG,airport,0.714,0.0,,0.357,-7.75,110.4942
Jincheng,Taiwan,TW,01,37507,,XMN,Xiamen Gaoqi International Airport,22.7,KNH+XMN,airport,0.714,0.0,,0.357,24.4341,118.3171
Colomiers,France,FR,76,31363,,TLS,Toulouse-Blagnac Airport,3.1,TLS,airport,0.715,0.0,,0.357,43.6106,1.3347
Tournefeuille,France,FR,76,29124,,TLS,Toulouse-Blagnac Airport,5.7,TLS,airport,0.715,0.0,,0.357,43.5887,1.3192
Blagnac,France,FR,76,24263,,TLS,Toulouse-Blagnac Airport,2.5,TLS,airport,0.715,0.0,,0.357,43.6328,1.394
Ürümqi,China,CN,13,3029372,,URC,Ürümqi Tianshan International Airport,15.8,URC,pop100k+airport,0.713,0.0,,0.356,43.801,87.6005
Belém,Brazil,BR,16,1407737,,BEL,Val de Cans/Júlio Cezar Ribeiro International Airport,9.1,BEL,pop100k+airport,0.711,0.0,,0.356,-1.4558,-48.5044
Milwaukee,United States,US,WI,600155,,MKE,General Mitchell International Airport,10.2,MKE,pop100k+airport,0.711,0.0,,0.356,43.0389,-87.9065
Rotterdam,Netherlands,NL,11,598199,,RTM,Rotterdam The Hague Airport,4.8,RTM,pop100k+airport,0.711,0.0,,0.356,51.9225,4.4792
The Hague,Netherlands,NL,11,474292,yes,RTM,Rotterdam The Hague Airport,16.4,RTM,pop100k+capital,0.711,0.0,,0.356,52.0767,4.2986
Ananindeua,Brazil,BR,16,433956,,BEL,Val de Cans/Júlio Cezar Ribeiro International Airport,11.7,BEL,pop100k,0.711,0.0,,0.356,-1.3656,-48.3722
Kupang,Indonesia,ID,18,282396,,KOE,El Tari Airport,7.0,KOE,pop100k+airport,0.713,0.0,,0.356,-10.1708,123.6069
Spokane,United States,US,WA,213272,,GEG,Spokane International Airport,9.0,GEG,pop100k+airport,0.712,0.0,,0.356,47.6597,-117.4291
Changji,China,CN,13,198776,,URC,Ürümqi Tianshan International Airport,17.5,URC,pop100k,0.713,0.0,,0.356,44.0078,87.3046
Manama,Bahrain,BH,16,147074,yes,BAH,Bahrain International Airport,6.8,BAH,pop100k+capital+airport,0.712,0.0,,0.356,26.2279,50.5857
Dordrecht,Netherlands,NL,11,119260,,RTM,Rotterdam The Hague Airport,23.0,RTM,pop100k,0.711,0.0,,0.356,51.81,4.6736
Zoetermeer,Netherlands,NL,11,115845,,RTM,Rotterdam The Hague Airport,11.8,RTM,pop100k,0.711,0.0,,0.356,52.0575,4.4931
Male,Maldives,MV,38,103693,yes,MLE,Velana International Airport,2.9,MLE,pop100k+capital+airport,0.712,0.0,,0.356,4.1752,73.5092
Al Muharraq,Bahrain,BH,15,97458,,BAH,Bahrain International Airport,2.8,BAH,airport,0.712,0.0,,0.356,26.2572,50.6119
Delft,Netherlands,NL,11,95060,,RTM,Rotterdam The Hague Airport,7.9,RTM,airport,0.711,0.0,,0.356,52.0067,4.3556
Schiedam,Netherlands,NL,11,75438,,RTM,Rotterdam The Hague Airport,5.3,RTM,airport,0.711,0.0,,0.356,51.9192,4.3889
Vlaardingen,Netherlands,NL,11,73798,,RTM,Rotterdam The Hague Airport,8.2,RTM,airport,0.711,0.0,,0.356,51.9125,4.3417
Greenfield,United States,US,WI,37349,,MKE,General Mitchell International Airport,9.6,MKE,airport,0.711,0.0,,0.356,42.9614,-88.0126
Oak Creek,United States,US,WI,35243,,MKE,General Mitchell International Airport,7.3,MKE,airport,0.711,0.0,,0.356,42.8858,-87.8631
South Milwaukee,United States,US,WI,21233,,MKE,General Mitchell International Airport,5.0,MKE,airport,0.711,0.0,,0.356,42.9106,-87.8606
Berkel en Rodenrijs,Netherlands,NL,11,20189,,RTM,Rotterdam The Hague Airport,4.9,RTM,airport,0.711,0.0,,0.356,51.9931,4.4787
Wuxi,China,CN,04,3543719,,WUX,Sunan Shuofang International Airport,15.6,WUX,pop100k+airport,0.71,0.0,,0.355,31.5689,120.2886
Quito,Ecuador,EC,18,1399814,yes,UIO,Mariscal Sucre International Airport,22.2,UIO,pop100k+capital+airport,0.711,0.0,,0.355,-0.2298,-78.525
Changwon,South Korea,KR,20,550000,,PUS,Gimhae International Airport,24.0,PUS,pop100k,0.711,0.0,,0.355,35.2281,128.6811
Nürnberg,Germany,DE,02,499237,,NUE,Nuremberg Airport,4.9,NUE,pop100k+airport,0.709,0.0,,0.355,49.4542,11.0775
Kansas City,United States,US,MO,475378,,MCI,Kansas City International Airport,25.3,MCI,pop100k+airport,0.71,0.0,,0.355,39.0997,-94.5786
Kimhae,South Korea,KR,20,356242,,PUS,Gimhae International Airport,8.0,PUS,pop100k+airport,0.711,0.0,,0.355,35.2342,128.8811
Kansas City,United States,US,KS,151306,,MCI,Kansas City International Airport,22.1,MCI,pop100k+airport,0.71,0.0,,0.355,39.1142,-94.6275
Tutamandahostel,Ecuador,EC,18,140000,,UIO,Mariscal Sucre International Airport,17.8,UIO,pop100k,0.711,0.0,,0.355,-0.1973,-78.4975
Fürth,Germany,DE,02,112025,,NUE,Nuremberg Airport,6.9,NUE,pop100k+airport,0.709,0.0,,0.355,49.4759,10.9886
Erlangen,Germany,DE,02,102675,,NUE,Nuremberg Airport,11.4,NUE,pop100k,0.709,0.0,,0.355,49.591,11.0078
Abidjan,Côte d'Ivoire,CI,93,3677115,,ABJ,Félix-Houphouët-Boigny International Airport,13.3,ABJ,pop100k+airport,0.709,0.0,,0.354,5.3544,-4.0017
Daegu,South Korea,KR,15,2566540,,TAE,Daegu International Airport,6.5,TAE,pop100k+airport,0.707,0.0,,0.354,35.8703,128.5911
Abobo,Côte d'Ivoire,CI,93,900000,,ABJ,Félix-Houphouët-Boigny International Airport,19.9,ABJ,pop100k,0.709,0.0,,0.354,5.4161,-4.0159
Ambon,Indonesia,ID,28,355596,,AMQ,Pattimura International Airport,10.6,AMQ,pop100k+airport,0.707,0.0,,0.354,-3.6958,128.1833
Cape Coral,United States,US,FL,175229,,RSW,Southwest Florida International Airport,19.8,RSW,pop100k,0.708,0.0,,0.354,26.5629,-81.9495
Gyeongsan-si,South Korea,KR,14,129903,,TAE,Daegu International Airport,10.7,TAE,pop100k,0.707,0.0,,0.354,35.8233,128.7378
Torrent,Spain,ES,60,78543,,VLC,Valencia Airport,5.9,VLC,airport,0.708,0.0,,0.354,39.437,-0.4655
Fort Myers,United States,US,FL,74013,,RSW,Southwest Florida International Airport,13.0,RSW,airport,0.708,0.0,,0.354,26.6217,-81.8406
Paterna,Spain,ES,60,64023,,VLC,Valencia Airport,3.8,VLC,airport,0.708,0.0,,0.354,39.5026,-0.4408
Mislata,Spain,ES,60,43756,,VLC,Valencia Airport,5.6,VLC,airport,0.708,0.0,,0.354,39.4752,-0.4183
Burjassot,Spain,ES,60,38433,,VLC,Valencia Airport,6.2,VLC,airport,0.708,0.0,,0.354,39.5098,-0.4133
Xirivella,Spain,ES,60,30691,,VLC,Valencia Airport,5.4,VLC,airport,0.708,0.0,,0.354,39.4659,-0.4259
Manises,Spain,ES,60,30508,,VLC,Valencia Airport,1.5,VLC,airport,0.708,0.0,,0.354,39.4914,-0.4635
Alaquàs,Spain,ES,60,30392,,VLC,Valencia Airport,4.1,VLC,airport,0.708,0.0,,0.354,39.4557,-0.461
Aldaia,Spain,ES,60,29914,,VLC,Valencia Airport,3.2,VLC,airport,0.708,0.0,,0.354,39.4657,-0.4601
Quart de Poblet,Spain,ES,60,25499,,VLC,Valencia Airport,3.7,VLC,airport,0.708,0.0,,0.354,39.4814,-0.4394
Paiporta,Spain,ES,60,23519,,VLC,Valencia Airport,8.7,VLC,airport,0.708,0.0,,0.354,39.4281,-0.4177
Moncada,Spain,ES,60,21900,,VLC,Valencia Airport,9.6,VLC,airport,0.708,0.0,,0.354,39.5455,-0.3955
Ribarroja del Turia,Spain,ES,60,20468,,VLC,Valencia Airport,10.0,VLC,airport,0.708,0.0,,0.354,39.5459,-0.5707
City of Balikpapan,Indonesia,ID,14,700000,,BPN,Sultan Aji Muhammad Sulaiman Sepinggan International Airport,2.9,BPN,pop100k+airport,0.706,0.0,,0.353,-1.242,116.8942
Balikpapan,Indonesia,ID,14,433866,,BPN,Sultan Aji Muhammad Sulaiman Sepinggan International Airport,7.3,BPN,pop100k+airport,0.706,0.0,,0.353,-1.2675,116.8289
Irkutsk,Russia,RU,20,586695,,IKT,Irkutsk International Airport,7.6,IKT,pop100k+airport,0.703,0.0,,0.352,52.2978,104.2964
Sochi,Russia,RU,38,327608,,AER,Sochi International Airport,24.9,AER,pop100k+airport,0.704,0.0,,0.352,43.5992,39.7257
Charleston,United States,US,SC,132609,,CHS,Charleston International Airport,16.6,CHS,pop100k+airport,0.704,0.0,,0.352,32.7766,-79.9309
Chelmsford,United Kingdom,GB,ENG,111511,,STN,London Stansted Airport,23.1,SEN+STN,pop100k,0.704,0.0,,0.352,51.7358,0.4696
North Charleston,United States,US,SC,108304,,CHS,Charleston International Airport,7.5,CHS,pop100k+airport,0.704,0.0,,0.352,32.8546,-79.9748
Nouméa,New Caledonia,NC,02,93060,yes,GEA,Nouméa Magenta Airport,3.1,GEA,capital+airport,0.704,0.0,,0.352,-22.2741,166.4488
Lae,Papua New Guinea,PG,14,76255,,LAE,Nadzab Tomodachi International Airport,34.4,LAE,airport,0.704,0.0,,0.352,-6.7233,146.9961
Adler,Russia,RU,38,70200,,AER,Sochi International Airport,3.5,AER,airport,0.704,0.0,,0.352,43.429,39.9239
Goose Creek,United States,US,SC,40633,,CHS,Charleston International Airport,9.4,CHS,airport,0.704,0.0,,0.352,32.981,-80.0326
Bishops Stortford,United Kingdom,GB,ENG,37838,,STN,London Stansted Airport,5.5,STN,airport,0.704,0.0,,0.352,51.8711,0.1587
Mont-Dore,New Caledonia,NC,02,24680,,GEA,Nouméa Magenta Airport,9.6,GEA,airport,0.704,0.0,,0.352,-22.2626,166.5662
Charlotte Amalie,"Virgin Islands, U.S.",VI,030,20000,yes,STT,Cyril E. King Airport,4.9,SPB+STT,capital+airport,0.703,0.0,,0.352,18.3419,-64.9307
Curitiba,Brazil,BR,18,1718421,,CWB,Curitiba-Afonso Pena International Airport,14.9,CWB,pop100k+airport,0.702,0.0,,0.351,-25.4278,-49.2731
Naples,Italy,IT,04,959470,,NAP,Naples International Airport,4.2,NAP,pop100k+airport,0.701,0.0,,0.351,40.8522,14.2681
Haikou,China,CN,31,615835,,HAK,Haikou Meilan International Airport,17.4,HAK,pop100k,0.703,0.0,,0.351,20.0458,110.3417
Halifax,Canada,CA,07,359111,,YHZ,Halifax / Stanfield International Airport,26.6,YHZ,pop100k+airport,0.701,0.0,,0.351,44.6464,-63.5729
San José,Costa Rica,CR,08,335007,yes,SJO,Juan Santamaría International Airport,15.3,SJO+SYQ,pop100k+capital+airport,0.703,0.0,,0.351,9.9333,-84.0833
Xiuying,China,CN,31,290000,,HAK,Haikou Meilan International Airport,18.8,HAK,pop100k,0.703,0.0,,0.351,20.0007,110.2936
Glendale,United States,US,CA,201020,,BUR,Hollywood Burbank/Bob Hope Airport,11.6,BUR,pop100k,0.702,0.0,,0.351,34.1425,-118.2551
Pasadena,United States,US,CA,142250,,BUR,Hollywood Burbank/Bob Hope Airport,20.6,BUR,pop100k,0.702,0.0,,0.351,34.1478,-118.1445
São José dos Pinhais,Brazil,BR,18,124224,,CWB,Curitiba-Afonso Pena International Airport,3.3,CWB,pop100k+airport,0.702,0.0,,0.351,-25.5302,-49.2084
Pinhais,Brazil,BR,18,117000,,CWB,Curitiba-Afonso Pena International Airport,9.5,CWB,pop100k+airport,0.702,0.0,,0.351,-25.4447,-49.1925
Araucária,Brazil,BR,18,111302,,CWB,Curitiba-Afonso Pena International Airport,24.6,CWB,pop100k,0.702,0.0,,0.351,-25.5931,-49.4103
Burbank,United States,US,CA,105319,,BUR,Hollywood Burbank/Bob Hope Airport,5.1,BUR,pop100k+airport,0.702,0.0,,0.351,34.1808,-118.309
Dartmouth,Canada,CA,07,101343,,YHZ,Halifax / Stanfield International Airport,23.9,YHZ,pop100k,0.701,0.0,,0.351,44.6713,-63.5772
Giugliano in Campania,Italy,IT,04,80269,,NAP,Naples International Airport,8.8,NAP,airport,0.701,0.0,,0.351,40.9285,14.202
Fuorigrotta,Italy,IT,04,71808,,NAP,Naples International Airport,9.6,NAP,airport,0.701,0.0,,0.351,40.8333,14.2
Afragola,Italy,IT,04,62775,,NAP,Naples International Airport,4.4,NAP,airport,0.701,0.0,,0.351,40.923,14.3094
Casoria,Italy,IT,04,58456,,NAP,Naples International Airport,2.4,NAP,airport,0.701,0.0,,0.351,40.9075,14.293
San Francisco,Costa Rica,CR,04,55923,,SJO,Juan Santamaría International Airport,8.7,SJO+SYQ,airport,0.703,0.0,,0.351,9.993,-84.1293
Portici,Italy,IT,04,55765,,NAP,Naples International Airport,8.7,NAP,airport,0.701,0.0,,0.351,40.8156,14.3372
Acerra,Italy,IT,04,53578,,NAP,Naples International Airport,9.4,NAP,airport,0.701,0.0,,0.351,40.9448,14.3714
Ponticelli,Italy,IT,04,52284,,NAP,Naples International Airport,4.9,NAP,airport,0.701,0.0,,0.351,40.8542,14.3304
Marano di Napoli,Italy,IT,04,49920,,NAP,Naples International Airport,8.7,NAP,airport,0.701,0.0,,0.351,40.8971,14.1882
Alajuela,Costa Rica,CR,01,47494,,SJO,Juan Santamaría International Airport,2.5,SJO+SYQ,airport,0.703,0.0,,0.351,10.0162,-84.2116
Casalnuovo di Napoli,Italy,IT,04,45796,,NAP,Naples International Airport,5.0,NAP,airport,0.701,0.0,,0.351,40.9097,14.3421
San Giorgio a Cremano,Italy,IT,04,45463,,NAP,Naples International Airport,7.3,NAP,airport,0.701,0.0,,0.351,40.8326,14.3416
Soccavo,Italy,IT,04,45314,,NAP,Naples International Airport,9.4,NAP,airport,0.701,0.0,,0.351,40.8455,14.1926
Secondigliano,Italy,IT,04,42827,,NAP,Naples International Airport,2.6,NAP,airport,0.701,0.0,,0.351,40.9,14.2667
Pomigliano d'Arco,Italy,IT,04,38921,,NAP,Naples International Airport,8.2,NAP,airport,0.701,0.0,,0.351,40.9098,14.3832
Melito di Napoli,Italy,IT,04,36933,,NAP,Naples International Airport,6.3,NAP,airport,0.701,0.0,,0.351,40.9195,14.231
Barra,Italy,IT,04,36642,,NAP,Naples International Airport,5.4,NAP,airport,0.701,0.0,,0.351,40.8426,14.3185
Arzano,Italy,IT,04,34933,,NAP,Naples International Airport,3.4,NAP,airport,0.701,0.0,,0.351,40.9096,14.2652
Caivano,Italy,IT,04,34604,,NAP,Naples International Airport,8.1,NAP,airport,0.701,0.0,,0.351,40.9575,14.3059
San Vicente de Moravia,Costa Rica,CR,08,34447,,SJO,Juan Santamaría International Airport,17.9,SJO+SYQ,airport,0.703,0.0,,0.351,9.9616,-84.0488
Mugnano di Napoli,Italy,IT,04,34231,,NAP,Naples International Airport,7.3,NAP,airport,0.701,0.0,,0.351,40.9094,14.2098
Sant'Antimo,Italy,IT,04,33561,,NAP,Naples International Airport,7.8,NAP,airport,0.701,0.0,,0.351,40.9422,14.2348
Frattamaggiore,Italy,IT,04,29822,,NAP,Naples International Airport,6.3,NAP,airport,0.701,0.0,,0.351,40.9414,14.2759
Piscinola,Italy,IT,04,27534,,NAP,Naples International Airport,4.8,NAP,airport,0.701,0.0,,0.351,40.893,14.2339
San Juan,Costa Rica,CR,08,26047,,SJO,Juan Santamaría International Airport,14.4,SJO+SYQ,airport,0.703,0.0,,0.351,9.9597,-84.0816
Mercedes,Costa Rica,CR,04,26007,,SJO,Juan Santamaría International Airport,8.3,SJO+SYQ,airport,0.703,0.0,,0.351,10.0069,-84.134
Guadalupe,Costa Rica,CR,08,26005,,SJO,Juan Santamaría International Airport,17.4,SJO+SYQ,airport,0.703,0.0,,0.351,9.9481,-84.0567
San Rafael,Costa Rica,CR,08,25410,,SJO,Juan Santamaría International Airport,10.7,SJO+SYQ,airport,0.703,0.0,,0.351,9.9279,-84.1372
Villaricca,Italy,IT,04,25074,,NAP,Naples International Airport,9.0,NAP,airport,0.701,0.0,,0.351,40.9201,14.1934
San Felipe,Costa Rica,CR,08,24985,,SJO,Juan Santamaría International Airport,15.0,SJO+SYQ,airport,0.703,0.0,,0.351,9.9049,-84.1055
Orta di Atella,Italy,IT,04,24750,,NAP,Naples International Airport,8.9,NAP,airport,0.701,0.0,,0.351,40.9644,14.2685
Miano,Italy,IT,04,23896,,NAP,Naples International Airport,3.2,NAP,airport,0.701,0.0,,0.351,40.8882,14.2534
San Giovanni a Teduccio,Italy,IT,04,23839,,NAP,Naples International Airport,5.5,NAP,airport,0.701,0.0,,0.351,40.8381,14.3061
Poggioreale,Italy,IT,04,23654,,NAP,Naples International Airport,2.3,NAP,airport,0.701,0.0,,0.351,40.8654,14.2888
Volla,Italy,IT,04,22911,,NAP,Naples International Airport,4.4,NAP,airport,0.701,0.0,,0.351,40.8736,14.3408
Cardito,Italy,IT,04,22239,,NAP,Naples International Airport,6.7,NAP,airport,0.701,0.0,,0.351,40.9459,14.2995
Heredia,Costa Rica,CR,04,21947,,SJO,Juan Santamaría International Airport,10.2,SJO+SYQ,airport,0.703,0.0,,0.351,10.0024,-84.1165
San Pablo,Costa Rica,CR,04,21662,,SJO,Juan Santamaría International Airport,12.3,SJO+SYQ,airport,0.703,0.0,,0.351,9.9956,-84.0966
Sant'Anastasia,Italy,IT,04,20733,,NAP,Naples International Airport,9.5,NAP,airport,0.701,0.0,,0.351,40.8684,14.402
Calle Blancos,Costa Rica,CR,08,20710,,SJO,Juan Santamaría International Airport,16.3,SJO+SYQ,airport,0.703,0.0,,0.351,9.95,-84.0667
Kabul,Afghanistan,AF,13,3043532,yes,KBL,Kabul International Airport,5.6,KBL,pop100k+capital+airport,0.699,0.0,,0.35,34.5281,69.1723
Accra,Ghana,GH,01,1963264,yes,ACC,Kotoka International Airport,6.4,ACC,pop100k+capital+airport,0.699,0.0,,0.35,5.556,-0.1969
La Paz,Bolivia,BO,04,812799,yes,LPB,El Alto International Airport,4.4,LPB,pop100k+capital+airport,0.7,0.0,,0.35,-16.5,-68.15
Zanzibar,Tanzania,TZ,25,403658,,ZNZ,Abeid Amani Karume International Airport,7.1,ZNZ,pop100k+airport,0.7,0.0,,0.35,-6.1639,39.1979
Belfast,United Kingdom,GB,NIR,274770,,BFS,Belfast International Airport,19.9,BFS+BHD,pop100k+airport,0.701,0.0,,0.35,54.5968,-5.9254
Atsiaman,Ghana,GH,01,202932,,ACC,Kotoka International Airport,20.6,ACC,pop100k,0.699,0.0,,0.35,5.6978,-0.3282
Tema,Ghana,GH,01,155782,,ACC,Kotoka International Airport,18.1,ACC,pop100k,0.699,0.0,,0.35,5.6698,-0.0166
Jayapura,Indonesia,ID,36,134895,,DJJ,Dortheys Hiyo Eluay International Airport,22.6,DJJ,pop100k,0.701,0.0,,0.35,-2.5337,140.7181
Medina Estates,Ghana,GH,01,101207,,ACC,Kotoka International Airport,6.8,ACC,pop100k+airport,0.699,0.0,,0.35,5.6658,-0.1631
Portland,United States,US,ME,66881,,PWM,Portland International Jetport,4.2,PWM,airport,0.699,0.0,,0.35,43.6574,-70.2589
Newtownabbey,United Kingdom,GB,NIR,63860,,BFS,Belfast International Airport,19.8,BFS+BHD,airport,0.701,0.0,,0.35,54.6598,-5.9086
Castlereagh,United Kingdom,GB,NIR,56679,,BFS,Belfast International Airport,23.3,BFS+BHD,airport,0.701,0.0,,0.35,54.5735,-5.8847
Dome,Ghana,GH,01,47260,,ACC,Kotoka International Airport,9.1,ACC,airport,0.699,0.0,,0.35,5.65,-0.2361
South Portland,United States,US,ME,25556,,PWM,Portland International Jetport,5.5,PWM,airport,0.699,0.0,,0.35,43.6415,-70.2409
South Portland Gardens,United States,US,ME,23893,,PWM,Portland International Jetport,0.9,PWM,airport,0.699,0.0,,0.35,43.639,-70.3153
Guatemala City,Guatemala,GT,07,994938,yes,GUA,La Aurora International Airport,6.6,GUA,pop100k+capital+airport,0.698,0.0,,0.349,14.6407,-90.5133
Cochabamba,Bolivia,BO,02,900414,,CBB,Jorge Wilsterman International Airport,4.1,CBB,pop100k+airport,0.697,0.0,,0.349,-17.3895,-66.1568
Kigali,Rwanda,RW,12,745261,yes,KGL,Kigali International Airport,9.2,KGL,pop100k+capital+airport,0.698,0.0,,0.349,-1.95,30.0588
Kuching,Malaysia,MY,11,570407,,KCH,Kuching International Airport,7.3,KCH,pop100k+airport,0.698,0.0,,0.349,1.55,110.3333
Mixco,Guatemala,GT,07,473080,,GUA,La Aurora International Airport,10.1,GUA,pop100k,0.698,0.0,,0.349,14.6308,-90.6071
Omaha,United States,US,NE,443885,,OMA,Eppley Airfield,6.5,OMA,pop100k+airport,0.697,0.0,,0.349,41.2563,-95.9404
Villa Nueva,Guatemala,GT,07,406830,,GUA,La Aurora International Airport,9.0,GUA,pop100k+airport,0.698,0.0,,0.349,14.5251,-90.5854
Nantes,France,FR,52,277269,,NTE,Nantes Atlantique Airport,8.3,NTE,pop100k+airport,0.698,0.0,,0.349,47.2172,-1.5534
Petapa,Guatemala,GT,07,141455,,GUA,La Aurora International Airport,9.7,GUA,pop100k+airport,0.698,0.0,,0.349,14.5019,-90.562
San Juan Sacatepéquez,Guatemala,GT,07,136886,,GUA,La Aurora International Airport,19.7,GUA,pop100k,0.698,0.0,,0.349,14.7189,-90.6442
Villa Canales,Guatemala,GT,07,122194,,GUA,La Aurora International Airport,11.1,GUA,pop100k,0.698,0.0,,0.349,14.4828,-90.5343
Billings,United States,US,MT,110263,,BIL,Billings Logan International Airport,4.2,BIL,pop100k+airport,0.699,0.0,,0.349,45.7833,-108.5007
Sacaba,Bolivia,BO,02,107628,,CBB,Jorge Wilsterman International Airport,15.0,CBB,pop100k,0.697,0.0,,0.349,-17.398,-66.0383
Santa Catarina Pinula,Guatemala,GT,07,67994,,GUA,La Aurora International Airport,3.3,GUA,airport,0.698,0.0,,0.349,14.5705,-90.4993
Council Bluffs,United States,US,IA,62597,,OMA,Eppley Airfield,5.4,OMA,airport,0.697,0.0,,0.349,41.2619,-95.8608
Saint-Herblain,France,FR,52,46898,,NTE,Nantes Atlantique Airport,7.7,NTE,airport,0.698,0.0,,0.349,47.2176,-1.6484
Rezé,France,FR,52,39248,,NTE,Nantes Atlantique Airport,5.6,NTE,airport,0.698,0.0,,0.349,47.1814,-1.5496
Nuuk,Greenland,GL,07,14798,yes,GOH,Nuuk International Airport,2.2,GOH,capital,0.699,0.0,,0.349,64.1835,-51.7216
Nanchang,China,CN,03,2357839,,KHN,Nanchang Changbei International Airport,20.7,KHN,pop100k+airport,0.697,0.0,,0.348,28.684,115.8531
Mashhad,Iran,IR,42,2307177,,MHD,Mashhad International Airport,11.2,MHD,pop100k+airport,0.697,0.0,,0.348,36.3156,59.568
Rawalpindi,Pakistan,PK,04,1743101,,ISB,Islamabad International Airport,21.3,ISB,pop100k,0.697,0.0,,0.348,33.5973,73.0479
Canberra,Australia,AU,01,367752,yes,CBR,Canberra Airport,6.6,CBR,pop100k+capital+airport,0.697,0.0,,0.348,-35.2835,149.1281
Cincinnati,United States,US,OH,296943,,CVG,Cincinnati Northern Kentucky International Airport,15.8,CVG+LUK,pop100k+airport,0.696,0.0,,0.348,39.1271,-84.5144
Covington,United States,US,KY,40997,,CVG,Cincinnati Northern Kentucky International Airport,14.3,CVG+LUK,airport,0.696,0.0,,0.348,39.0837,-84.5085
Florence,United States,US,KY,32227,,CVG,Cincinnati Northern Kentucky International Airport,6.6,CVG+LUK,airport,0.696,0.0,,0.348,38.999,-84.6266
Ningbo,China,CN,02,3491597,,NGB,Ningbo Lishe International Airport,10.2,NGB,pop100k+airport,0.694,0.0,,0.347,29.8782,121.5494
Hefei,China,CN,01,3310268,,HFE,Hefei Xinqiao International Airport,31.8,HFE,pop100k+airport,0.693,0.0,,0.347,31.8639,117.2808
Cali,Colombia,CO,29,2392877,,CLO,Alfonso Bonilla Aragon International Airport,19.5,CLO,pop100k+airport,0.693,0.0,,0.347,3.4372,-76.5225
Hannover,Germany,DE,06,515140,,HAJ,Hannover Airport,10.6,HAJ,pop100k+airport,0.694,0.0,,0.347,52.3705,9.7332
Palmira,Colombia,CO,29,247986,,CLO,Alfonso Bonilla Aragon International Airport,8.7,CLO,pop100k+airport,0.693,0.0,,0.347,3.5394,-76.3036
Bordeaux,France,FR,75,231844,,BOD,Bordeaux–Mérignac Airport,10.7,BOD,pop100k+airport,0.693,0.0,,0.347,44.8404,-0.5805
Innsbruck,Austria,AT,07,132493,,INN,Innsbruck Airport,3.8,INN,pop100k+airport,0.694,0.0,,0.347,47.2627,11.3945
Mérignac,France,FR,75,69791,,BOD,Bordeaux–Mérignac Airport,5.7,BOD,airport,0.693,0.0,,0.347,44.8425,-0.6451
Garbsen,Germany,DE,06,63355,,HAJ,Hannover Airport,8.3,HAJ,airport,0.694,0.0,,0.347,52.4137,9.5899
Pessac,France,FR,75,57944,,BOD,Bordeaux–Mérignac Airport,7.0,BOD,airport,0.693,0.0,,0.347,44.8056,-0.6324
Langenhagen,Germany,DE,06,50439,,HAJ,Hannover Airport,3.9,HAJ,airport,0.694,0.0,,0.347,52.4476,9.7374
Port of Spain,Trinidad and Tobago,TT,05,49031,yes,POS,Piarco International Airport,21.3,POS,capital+airport,0.693,0.0,,0.347,10.6667,-61.5189
Arima,Trinidad and Tobago,TT,01,35000,,POS,Piarco International Airport,7.6,POS,airport,0.693,0.0,,0.347,10.6374,-61.2823
Seelze,Germany,DE,06,32899,,HAJ,Hannover Airport,9.3,HAJ,airport,0.694,0.0,,0.347,52.3963,9.5973
Saint-Médard-en-Jalles,France,FR,75,29742,,BOD,Bordeaux–Mérignac Airport,7.4,BOD,airport,0.693,0.0,,0.347,44.8955,-0.7178
Eysines,France,FR,75,21394,,BOD,Bordeaux–Mérignac Airport,8.0,BOD,airport,0.693,0.0,,0.347,44.8844,-0.6514
Shiraz,Iran,IR,07,1249942,,SYZ,Shiraz Shahid Dastghaib International Airport,9.7,SYZ,pop100k+airport,0.692,0.0,,0.346,29.6103,52.5311
Wenzhou,China,CN,02,865672,,WNZ,Wenzhou Longwan International Airport,20.8,WNZ,pop100k,0.692,0.0,,0.346,27.9994,120.6668
Leeds,United Kingdom,GB,ENG,455123,,LBA,Leeds Bradford Airport,10.7,LBA,pop100k,0.693,0.0,,0.346,53.7965,-1.5478
Las Palmas de Gran Canaria,Spain,ES,53,381847,,LPA,Gran Canaria Airport,18.8,LPA,pop100k,0.692,0.0,,0.346,28.0997,-15.4134
Bradford,United Kingdom,GB,ENG,299310,,LBA,Leeds Bradford Airport,10.0,LBA,pop100k,0.693,0.0,,0.346,53.7939,-1.7521
Telde,Spain,ES,53,100015,,LPA,Gran Canaria Airport,7.5,LPA,pop100k+airport,0.692,0.0,,0.346,27.9924,-15.4192
Yeadon,United Kingdom,GB,ENG,37379,,LBA,Leeds Bradford Airport,1.8,LBA,airport,0.693,0.0,,0.346,53.8644,-1.6874
Pudsey,United Kingdom,GB,ENG,33109,,LBA,Leeds Bradford Airport,7.8,LBA,airport,0.693,0.0,,0.346,53.7954,-1.6613
Ingenio,Spain,ES,53,29319,,LPA,Gran Canaria Airport,4.9,LPA,airport,0.692,0.0,,0.346,27.9185,-15.4343
Agüimes,Spain,ES,53,28924,,LPA,Gran Canaria Airport,6.5,LPA,airport,0.692,0.0,,0.346,27.9054,-15.4461
Shipley,United Kingdom,GB,ENG,28544,,LBA,Leeds Bradford Airport,7.8,LBA,airport,0.693,0.0,,0.346,53.8333,-1.7667
Carrizal,Spain,ES,53,22000,,LPA,Gran Canaria Airport,2.9,LPA,airport,0.692,0.0,,0.346,27.9116,-15.4056
Guiseley,United Kingdom,GB,ENG,21000,,LBA,Leeds Bradford Airport,3.6,LBA,airport,0.693,0.0,,0.346,53.8756,-1.7123
Fortaleza,Brazil,BR,06,2400000,,FOR,Pinto Martins International Airport,6.6,FOR,pop100k+airport,0.69,0.0,,0.345,-3.7172,-38.5431
Belgrade,Serbia,RS,SE,1273651,yes,BEG,Belgrade Nikola Tesla Airport,12.4,BEG,pop100k+capital+airport,0.69,0.0,,0.345,44.804,20.4651
Caucaia,Brazil,BR,06,275019,,FOR,Pinto Martins International Airport,14.1,FOR,pop100k,0.69,0.0,,0.345,-3.7361,-38.6531
Reno,United States,US,NV,241445,,RNO,Reno Tahoe International Airport,5.2,RNO,pop100k+airport,0.69,0.0,,0.345,39.5296,-119.8138
Maracanaú,Brazil,BR,06,193529,,FOR,Pinto Martins International Airport,15.3,FOR,pop100k,0.69,0.0,,0.345,-3.8767,-38.6256
Zemun,Serbia,RS,SE,155591,,BEG,Belgrade Nikola Tesla Airport,7.9,BEG,pop100k+airport,0.69,0.0,,0.345,44.8458,20.4012
Dos Hermanas,Spain,ES,51,122943,,SVQ,Seville Airport,15.2,SVQ,pop100k,0.691,0.0,,0.345,37.2829,-5.9209
Bern,Switzerland,CH,BE,121631,yes,BRN,Bern Airport,5.5,BRN,pop100k+capital+airport,0.691,0.0,,0.345,46.9481,7.4474
Albany,United States,US,NY,98469,,ALB,Albany International Airport,11.3,ALB,airport,0.69,0.0,,0.345,42.6526,-73.7562
Sparks,United States,US,NV,96094,,RNO,Reno Tahoe International Airport,4.2,RNO,airport,0.69,0.0,,0.345,39.5349,-119.7527
West Albany,United States,US,NY,93794,,ALB,Albany International Airport,7.5,ALB,airport,0.69,0.0,,0.345,42.6831,-73.7785
Troy,United States,US,NY,49906,,ALB,Albany International Airport,9.2,ALB,airport,0.69,0.0,,0.345,42.7284,-73.6918
Köniz,Switzerland,CH,BE,37196,,BRN,Bern Airport,6.5,BRN,airport,0.691,0.0,,0.345,46.9244,7.4146
Latham,United States,US,NY,20736,,ALB,Albany International Airport,3.5,ALB,airport,0.69,0.0,,0.345,42.747,-73.759
Marigot,Saint Martin (French part),MF,00,5700,yes,SXM,Princess Juliana International Airport,4.1,AXA+SFG+SXM,capital,0.691,0.0,,0.345,18.0682,-63.083
The Valley,Anguilla,AI,11205396,2035,yes,SXM,Princess Juliana International Airport,20.3,AXA+SFG+SXM,capital,0.691,0.0,,0.345,18.217,-63.0578
Philipsburg,Sint Maarten (Dutch part),SX,,1400,yes,SXM,Princess Juliana International Airport,6.9,AXA+SFG+SXM,capital,0.691,0.0,,0.345,18.026,-63.0458
Mombasa,Kenya,KE,37,799668,,MBA,Moi International Airport,8.0,MBA,pop100k+airport,0.688,0.0,,0.344,-4.0547,39.6636
Göteborg,Sweden,SE,28,572799,,GOT,Göteborg Landvetter Airport,19.2,GOT,pop100k+airport,0.688,0.0,,0.344,57.7072,11.9668
Yuzhno-Sakhalinsk,Russia,RU,64,176484,,UUS,Yuzhno-Sakhalinsk International Airport,7.8,UUS,pop100k+airport,0.687,0.0,,0.344,46.9541,142.736
Yangon,Myanmar,MM,17,4477638,,RGN,Yangon International Airport,11.6,RGN,pop100k+airport,0.686,0.0,,0.343,16.8053,96.1561
Changchun,China,CN,05,4193073,,CGQ,Changchun Longjia International Airport,31.8,CGQ,pop100k+airport,0.686,0.0,,0.343,43.88,125.3228
İzmir,Türkiye,TR,35,2500603,,ADB,Adnan Menderes International Airport,13.5,ADB,pop100k,0.687,0.0,,0.343,38.4127,27.1384
Santo Domingo,Dominican Republic,DO,34,2201941,yes,SDQ,Las Américas International Airport,24.0,JBQ+SDQ,pop100k+capital+airport,0.685,0.0,,0.343,18.4719,-69.8923
Santo Domingo Este,Dominican Republic,DO,37,700000,,SDQ,Las Américas International Airport,20.9,JBQ+SDQ,pop100k,0.685,0.0,,0.343,18.4885,-69.8571
Fresno,United States,US,CA,520052,,FAT,Fresno Yosemite International Airport,5.8,FAT,pop100k+airport,0.686,0.0,,0.343,36.7477,-119.7724
Yinchuan,China,CN,21,475101,,INC,Yinchuan Hedong International Airport,19.3,INC,pop100k+airport,0.685,0.0,,0.343,38.4681,106.2731
Karabağlar,Türkiye,TR,35,458000,,ADB,Adnan Menderes International Airport,9.3,ADB,pop100k+airport,0.687,0.0,,0.343,38.374,27.1352
Richmond,United States,US,VA,220289,,RIC,Richmond International Airport,13.5,RIC,pop100k+airport,0.686,0.0,,0.343,37.5538,-77.4603
Chiang Mai,Thailand,TH,02,200952,,CNX,Chiang Mai International Airport,3.5,CNX,pop100k+airport,0.687,0.0,,0.343,18.7904,98.9847
Knoxville,United States,US,TN,185291,,TYS,McGhee Tyson Airport,17.9,TYS,pop100k,0.685,0.0,,0.343,35.9606,-83.9207
Jiutai,China,CN,05,175115,,CGQ,Changchun Longjia International Airport,21.0,CGQ,pop100k,0.686,0.0,,0.343,44.1525,125.8328
Boise,United States,US,ID,145987,,BOI,Boise Air Terminal/Gowen Field,5.7,BOI,pop100k+airport,0.686,0.0,,0.343,43.6135,-116.2035
Savannah,United States,US,GA,145674,,SAV,Savannah Hilton Head International Airport,10.6,SAV,pop100k+airport,0.685,0.0,,0.343,32.0835,-81.0998
Clovis,United States,US,CA,104180,,FAT,Fresno Yosemite International Airport,5.7,FAT,pop100k+airport,0.686,0.0,,0.343,36.8252,-119.7029
Boca Chica,Dominican Republic,DO,37,46300,,SDQ,Las Américas International Airport,7.6,SDQ,airport,0.685,0.0,,0.343,18.45,-69.6
Maryville,United States,US,TN,28464,,TYS,McGhee Tyson Airport,6.4,TYS,airport,0.685,0.0,,0.343,35.7565,-83.9705
Kokopo,Papua New Guinea,PG,10,26273,,RAB,Tokua Airport,12.3,RAB,airport,0.686,0.0,,0.343,-4.3432,152.2687
Pooler,United States,US,GA,23133,,SAV,Savannah Hilton Head International Airport,4.6,SAV,airport,0.685,0.0,,0.343,32.1155,-81.2471
Menderes,Türkiye,TR,35,21965,,ADB,Adnan Menderes International Airport,5.2,ADB,airport,0.687,0.0,,0.343,38.2496,27.1343
Luanda,Angola,AO,20,2776168,yes,LAD,Quatro de Fevereiro International Airport,2.4,LAD,pop100k+capital+airport,0.683,0.0,,0.342,-8.8368,13.2343
San Antonio,United States,US,TX,1469845,,SAT,San Antonio International Airport,12.4,SAT,pop100k+airport,0.684,0.0,,0.342,29.4241,-98.4936
Zaragoza,Spain,ES,52,674317,,ZAZ,Zaragoza Airport,13.7,ZAZ,pop100k+airport,0.684,0.0,,0.342,41.6561,-0.8773
Tucson,United States,US,AZ,531641,,TUS,Tucson International Airport,11.9,TUS,pop100k+airport,0.684,0.0,,0.342,32.2217,-110.9265
Tyumen,Russia,RU,78,519119,,TJM,Roshchino International Airport,12.4,TJM,pop100k+airport,0.683,0.0,,0.342,57.1522,65.5272
Virginia Beach,United States,US,VA,452745,,ORF,Norfolk International Airport,20.4,ORF,pop100k,0.684,0.0,,0.342,36.8529,-75.978
Simferopol,Ukraine,UA,11,336460,,SIP,Simferopol International Airport,15.0,SIP,pop100k+airport,0.683,0.0,,0.342,44.9572,34.1108
Norfolk,United States,US,VA,246393,,ORF,Norfolk International Airport,9.2,ORF,pop100k+airport,0.684,0.0,,0.342,36.8468,-76.2852
Chesapeake,United States,US,VA,235429,,ORF,Norfolk International Airport,10.7,ORF,pop100k,0.684,0.0,,0.342,36.819,-76.2749
Vientiane,Laos,LA,24,196731,yes,VTE,Wattay International Airport,4.1,VTE,pop100k+capital+airport,0.684,0.0,,0.342,17.9667,102.6
East Hampton,United States,US,VA,147993,,ORF,Norfolk International Airport,19.6,ORF+PHF,pop100k,0.684,0.0,,0.342,37.0374,-76.3316
Hampton,United States,US,VA,136454,,ORF,Norfolk International Airport,19.7,ORF+PHF,pop100k,0.684,0.0,,0.342,37.0299,-76.3452
Bergamo,Italy,IT,09,114162,,BGY,Il Caravaggio International Airport,4.4,BGY,pop100k+airport,0.685,0.0,,0.342,45.696,9.6672
Santa Barbara,United States,US,CA,91842,,SBA,Santa Barbara Municipal Airport,13.0,SBA,airport,0.683,0.0,,0.342,34.4208,-119.6982
Cathedral City,United States,US,CA,53826,,PSP,Palm Springs International Airport,6.8,PSP,airport,0.684,0.0,,0.342,33.7797,-116.4653
Palm Springs,United States,US,CA,47371,,PSP,Palm Springs International Airport,3.5,PSP,airport,0.684,0.0,,0.342,33.8303,-116.5453
Goleta,United States,US,CA,30944,,SBA,Santa Barbara Municipal Airport,1.6,SBA,airport,0.683,0.0,,0.342,34.4358,-119.8276
Drexel Heights,United States,US,AZ,27749,,TUS,Tucson International Airport,9.0,TUS,airport,0.684,0.0,,0.342,32.1412,-111.0284
Seriate,Italy,IT,09,23552,,BGY,Il Caravaggio International Airport,2.2,BGY,airport,0.685,0.0,,0.342,45.6853,9.7249
Isla Vista,United States,US,CA,23096,,SBA,Santa Barbara Municipal Airport,2.4,SBA,airport,0.683,0.0,,0.342,34.4133,-119.861
Dalmine,Italy,IT,09,22881,,BGY,Il Caravaggio International Airport,8.3,BGY,airport,0.685,0.0,,0.342,45.6493,9.6062
Guayaquil,Ecuador,EC,10,1952029,,GYE,José Joaquín de Olmedo International Airport,4.3,GYE,pop100k+airport,0.682,0.0,,0.341,-2.1962,-79.8862
Nur-Sultan,Kazakhstan,KZ,05,345604,yes,NQZ,Nursultan Nazarbayev International Airport,17.1,NQZ,pop100k+capital,0.683,0.0,,0.341,51.1801,71.446
Quanzhou,China,CN,07,184143,,JJN,Quanzhou Jinjiang International Airport,13.1,JJN,pop100k+airport,0.681,0.0,,0.341,24.9139,118.5858
Eloy Alfaro,Ecuador,EC,10,167784,,GYE,José Joaquín de Olmedo International Airport,3.8,GYE,pop100k+airport,0.682,0.0,,0.341,-2.1758,-79.8552
Salinas,United States,US,CA,157380,,MRY,Monterey Regional Airport,19.6,MRY,pop100k,0.682,0.0,,0.341,36.6777,-121.6555
Jinjiang,China,CN,07,89623,,JJN,Quanzhou Jinjiang International Airport,3.0,JJN,airport,0.681,0.0,,0.341,24.8198,118.5742
Seaside,United States,US,CA,33025,,MRY,Monterey Regional Airport,2.8,MRY,airport,0.682,0.0,,0.341,36.6111,-121.8516
Monterey,United States,US,CA,28338,,MRY,Monterey Regional Airport,4.8,MRY,airport,0.682,0.0,,0.341,36.6002,-121.8947
Key West,United States,US,FL,25755,,EYW,Key West International Airport,2.2,EYW,airport,0.682,0.0,,0.341,24.5552,-81.7816
Dadonghai,China,CN,31,2000000,,SYX,Sanya Phoenix International Airport,13.8,SYX,pop100k,0.68,0.0,,0.34,18.2206,109.5103
Minsk,Belarus,BY,04,1742124,yes,MSQ,Minsk National Airport,31.0,MSQ,pop100k+capital+airport,0.68,0.0,,0.34,53.9,27.5667
Albuquerque,United States,US,NM,559121,,ABQ,Albuquerque International Sunport,6.3,ABQ,pop100k+airport,0.68,0.0,,0.34,35.0845,-106.6511
Gdańsk,Poland,PL,82,461865,,GDN,Gdańsk Lech Wałęsa Airport,12.2,GDN,pop100k+airport,0.681,0.0,,0.34,54.3523,18.6491
Keelung,Taiwan,TW,04,397515,,TSA,Taipei Songshan International Airport,20.2,TSA,pop100k,0.679,0.0,,0.34,25.1283,121.7419
Córdoba,Spain,ES,51,328428,,ODB,Córdoba Airport,8.7,ODB,pop100k+airport,0.679,0.0,,0.34,37.8916,-4.7728
Riverside,United States,US,CA,322424,,ONT,Ontario International Airport,22.1,ONT+SBD,pop100k,0.68,0.0,,0.34,33.9534,-117.3962
Catania,Italy,IT,15,290927,,CTA,Catania-Fontanarossa Airport,2.8,CTA,pop100k+airport,0.68,0.0,,0.34,37.4922,15.0704
Gdynia,Poland,PL,82,253730,,GDN,Gdańsk Lech Wałęsa Airport,16.3,GDN,pop100k,0.681,0.0,,0.34,54.5189,18.5319
Fontana,United States,US,CA,207460,,ONT,Ontario International Airport,15.8,ONT+SBD,pop100k,0.68,0.0,,0.34,34.0922,-117.4351
Rancho Cucamonga,United States,US,CA,175236,,ONT,Ontario International Airport,5.7,ONT,pop100k+airport,0.68,0.0,,0.34,34.1064,-117.5931
Ontario,United States,US,CA,171214,,ONT,Ontario International Airport,4.7,ONT,pop100k+airport,0.68,0.0,,0.34,34.0633,-117.6509
Corona,United States,US,CA,164226,,ONT,Ontario International Airport,20.3,ONT,pop100k,0.68,0.0,,0.34,33.8753,-117.5664
Pomona,United States,US,CA,153266,,ONT,Ontario International Airport,13.9,ONT,pop100k,0.68,0.0,,0.34,34.0553,-117.7523
Sanya,China,CN,31,144753,,SYX,Sanya Phoenix International Airport,11.9,SYX,pop100k,0.68,0.0,,0.34,18.2431,109.505
Reykjavík,Iceland,IS,39,118918,yes,RKV,Reykjavík Domestic Airport,2.2,KEF+RKV,pop100k+capital+airport,0.68,0.0,,0.34,64.1355,-21.8954
Rialto,United States,US,CA,103132,,ONT,Ontario International Airport,22.0,ONT+SBD,pop100k,0.68,0.0,,0.34,34.1064,-117.3703
Chino,United States,US,CA,85595,,ONT,Ontario International Airport,9.5,ONT,airport,0.68,0.0,,0.34,34.0122,-117.6889
Upland,United States,US,CA,76443,,ONT,Ontario International Airport,6.4,ONT,airport,0.68,0.0,,0.34,34.0975,-117.6484
Misterbianco,Italy,IT,15,45542,,CTA,Catania-Fontanarossa Airport,7.6,CTA,airport,0.68,0.0,,0.34,37.518,15.0091
South Valley,United States,US,NM,40976,,ABQ,Albuquerque International Sunport,7.1,ABQ,airport,0.68,0.0,,0.34,35.01,-106.6781
Sopot,Poland,PL,82,40142,,GDN,Gdańsk Lech Wałęsa Airport,9.4,GDN,airport,0.681,0.0,,0.34,54.4418,18.56
Montclair,United States,US,CA,38690,,ONT,Ontario International Airport,8.5,ONT,airport,0.68,0.0,,0.34,34.0775,-117.6898
Kópavogur,Iceland,IS,39,31719,,RKV,Reykjavík Domestic Airport,2.2,RKV,airport,0.68,0.0,,0.34,64.1123,-21.913
Hafnarfjörður,Iceland,IS,39,26808,,RKV,Reykjavík Domestic Airport,6.9,RKV,airport,0.68,0.0,,0.34,64.0671,-21.9377
Jaipur,India,IN,24,2711758,,JAI,Jaipur International Airport,10.9,JAI,pop100k+airport,0.679,0.0,,0.339,26.9196,75.7878
Havana,Cuba,CU,02,2163824,yes,HAV,José Martí International Airport,16.2,HAV,pop100k+capital+airport,0.678,0.0,,0.339,23.133,-82.383
Jeju City,South Korea,KR,01,408364,,CJU,Jeju International Airport,2.7,CJU,pop100k+airport,0.678,0.0,,0.339,33.5097,126.5219
Madison,United States,US,WI,248951,,MSN,Dane County Regional Truax Field,9.1,MSN,pop100k+airport,0.679,0.0,,0.339,43.0731,-89.4012
Arroyo Naranjo,Cuba,CU,02,210053,,HAV,José Martí International Airport,6.4,HAV,pop100k+airport,0.678,0.0,,0.339,23.0381,-82.377
San Miguel del Padrón,Cuba,CU,02,159273,,HAV,José Martí International Airport,14.5,HAV,pop100k,0.678,0.0,,0.339,23.0954,-82.3267
Cerro,Cuba,CU,02,132351,,HAV,José Martí International Airport,13.4,HAV,pop100k,0.678,0.0,,0.339,23.1081,-82.3866
Sorong,Indonesia,ID,39,125535,,SOQ,Domine Eduard Osok Airport,3.3,SOQ,pop100k+airport,0.677,0.0,,0.339,-0.8796,131.261
Guanabacoa,Cuba,CU,02,112964,,HAV,José Martí International Airport,18.8,HAV,pop100k,0.678,0.0,,0.339,23.1252,-82.3007
Santiago de las Vegas,Cuba,CU,02,35241,,HAV,José Martí International Airport,3.1,HAV,airport,0.678,0.0,,0.339,22.97,-82.3869
Ponta Delgada,Portugal,PT,23,20056,,PDL,João Paulo II Airport,2.6,PDL,airport,0.679,0.0,,0.339,37.7395,-25.6687
Kinshasa,DR Congo,CD,06,7785965,yes,FIH,Ndjili International Airport,15.9,BZV+FIH,pop100k+capital+airport,0.676,0.0,,0.338,-4.3276,15.3136
Brazzaville,Congo,CG,12,1284609,yes,FIH,Ndjili International Airport,22.3,BZV+FIH,pop100k+capital+airport,0.676,0.0,,0.338,-4.2661,15.2832
Guwahati,India,IN,03,899094,,GAU,Lokpriya Gopinath Bordoloi International Airport,18.2,GAU,pop100k+airport,0.677,0.0,,0.338,26.1844,91.7458
Krasnodar,Russia,RU,38,649851,,KRR,Krasnodar Pashkovsky International Airport,15.6,KRR,pop100k+airport,0.677,0.0,,0.338,45.0448,38.976
Masina,DR Congo,CD,06,485167,,FIH,Ndjili International Airport,5.9,BZV+FIH,pop100k+airport,0.676,0.0,,0.338,-4.3836,15.3914
Angeles City,Philippines,PH,03,299391,,CRK,Clark International Airport / Clark Air Base,4.7,CRK,pop100k+airport,0.676,0.0,,0.338,15.15,120.5833
Santol,Philippines,PH,03,298976,,CRK,Clark International Airport / Clark Air Base,2.8,CRK,pop100k+airport,0.676,0.0,,0.338,15.1622,120.5675
San Fernando,Philippines,PH,03,251248,,CRK,Clark International Airport / Clark Air Base,21.5,CRK,pop100k,0.676,0.0,,0.338,15.0343,120.6844
Mabalacat City,Philippines,PH,03,188050,,CRK,Clark International Airport / Clark Air Base,4.3,CRK,pop100k+airport,0.676,0.0,,0.338,15.223,120.5712
Springfield,United States,US,MA,154341,,BDL,Bradley International Airport,19.8,BDL,pop100k,0.676,0.0,,0.338,42.1015,-72.5898
Bulaon,Philippines,PH,03,131818,,CRK,Clark International Airport / Clark Air Base,15.9,CRK,pop100k,0.676,0.0,,0.338,15.0826,120.6629
Hartford,United States,US,CT,124006,,BDL,Bradley International Airport,19.4,BDL,pop100k+airport,0.676,0.0,,0.338,41.7637,-72.6851
San Luis Obispo,United States,US,CA,47339,,SBP,San Luis County Regional Airport,5.4,SBP,airport,0.677,0.0,,0.338,35.2828,-120.6596
Enfield,United States,US,CT,45212,,BDL,Bradley International Airport,9.0,BDL,airport,0.676,0.0,,0.338,41.9762,-72.5918
Maia,Portugal,PT,17,36426,,OPO,Francisco de Sá Carneiro Airport,5.3,OPO,airport,0.676,0.0,,0.338,41.2357,-8.6199
Senhora da Hora,Portugal,PT,17,28930,,OPO,Francisco de Sá Carneiro Airport,7.3,OPO,airport,0.676,0.0,,0.338,41.1864,-8.6517
Matosinhos,Portugal,PT,17,28070,,OPO,Francisco de Sá Carneiro Airport,7.4,OPO,airport,0.676,0.0,,0.338,41.1821,-8.6891
Águas Santas,Portugal,PT,17,27686,,OPO,Francisco de Sá Carneiro Airport,9.8,OPO,airport,0.676,0.0,,0.338,41.2102,-8.576
São Mamede de Infesta,Portugal,PT,17,25940,,OPO,Francisco de Sá Carneiro Airport,8.6,OPO,airport,0.676,0.0,,0.338,41.1918,-8.6111
Telabastagan,Philippines,PH,03,25935,,CRK,Clark International Airport / Clark Air Base,9.1,CRK,airport,0.676,0.0,,0.338,15.1185,120.6077
Manibaug Pasig,Philippines,PH,03,24618,,CRK,Clark International Airport / Clark Air Base,10.0,CRK,airport,0.676,0.0,,0.338,15.0962,120.5644
Victoria,Seychelles,SC,26,22881,yes,SEZ,Seychelles International Airport,9.6,SEZ,capital+airport,0.676,0.0,,0.338,-4.62,55.455
Sofia,Bulgaria,BG,42,1152556,yes,SOF,Sofia Airport,7.6,SOF,pop100k+capital+airport,0.674,0.0,,0.337,42.6975,23.3241
Turin,Italy,IT,12,870456,,TRN,Turin Airport,14.8,TRN,pop100k,0.675,0.0,,0.337,45.0705,7.6868
Yantai,China,CN,25,719332,,YNT,Yantai Penglai International Airport,45.6,YNT,pop100k+airport,0.675,0.0,,0.337,37.4765,121.4408
Providence,United States,US,RI,179207,,PVD,Rhode Island T. F. Green International Airport,11.1,PVD,pop100k,0.674,0.0,,0.337,41.824,-71.4128
Warwick,United States,US,RI,81699,,PVD,Rhode Island T. F. Green International Airport,2.9,NPT+PVD,airport,0.674,0.0,,0.337,41.7001,-71.4162
Cranston,United States,US,RI,81073,,PVD,Rhode Island T. F. Green International Airport,6.2,PVD,airport,0.674,0.0,,0.337,41.7798,-71.4373
Central Islip,United States,US,NY,34450,,ISP,Long Island MacArthur Airport,8.4,ISP,airport,0.674,0.0,,0.337,40.7906,-73.2018
Venaria Reale,Italy,IT,12,33531,,TRN,Turin Airport,8.4,TRN,airport,0.675,0.0,,0.337,45.126,7.6314
Centereach,United States,US,NY,31578,,ISP,Long Island MacArthur Airport,6.9,ISP,airport,0.674,0.0,,0.337,40.8584,-73.0995
West Warwick,United States,US,RI,30146,,PVD,Rhode Island T. F. Green International Airport,8.6,PVD,airport,0.674,0.0,,0.337,41.6969,-71.5219
Holbrook,United States,US,NY,27195,,ISP,Long Island MacArthur Airport,2.6,ISP,airport,0.674,0.0,,0.337,40.8123,-73.0784
Medford,United States,US,NY,24142,,ISP,Long Island MacArthur Airport,8.9,ISP,airport,0.674,0.0,,0.337,40.8176,-73.0001
East Patchogue,United States,US,NY,22469,,ISP,Long Island MacArthur Airport,9.5,ISP,airport,0.674,0.0,,0.337,40.767,-72.9962
Hauppauge,United States,US,NY,20882,,ISP,Long Island MacArthur Airport,9.1,ISP,airport,0.674,0.0,,0.337,40.8257,-73.2026
Lake Ronkonkoma,United States,US,NY,20155,,ISP,Long Island MacArthur Airport,5.0,ISP,airport,0.674,0.0,,0.337,40.8351,-73.1312
Shijiazhuang,China,CN,10,2834942,,SJW,Shijiazhuang Zhengding International Airport,32.8,SJW,pop100k+airport,0.672,0.0,,0.336,38.0414,114.4786
Memphis,United States,US,TN,655770,,MEM,Memphis International Airport,13.5,MEM,pop100k+airport,0.672,0.0,,0.336,35.1495,-90.049
Leipzig,Germany,DE,13,504971,,LEJ,Leipzig/Halle Airport,13.2,LEJ,pop100k,0.672,0.0,,0.336,51.3396,12.3713
Dresden,Germany,DE,13,486854,,DRS,Dresden Airport,9.5,DRS,pop100k+airport,0.672,0.0,,0.336,51.0509,13.7383
Halle (Saale),Germany,DE,14,234107,,LEJ,Leipzig/Halle Airport,18.8,LEJ,pop100k,0.672,0.0,,0.336,51.4816,11.9795
Kisumu,Kenya,KE,26,216479,,KIS,Kisumu International Airport,4.1,KIS,pop100k+airport,0.671,0.0,,0.336,-0.1022,34.7617
Southaven,United States,US,MS,52589,,MEM,Memphis International Airport,6.9,MEM,airport,0.672,0.0,,0.336,34.989,-90.0126
Mount Hagen,Papua New Guinea,PG,16,33623,,HGU,Mount Hagen Kagamuga Airport,8.3,HGU,airport,0.672,0.0,,0.336,-5.8575,144.2306
Radebeul,Germany,DE,13,32643,,DRS,Dresden Airport,8.1,DRS,airport,0.672,0.0,,0.336,51.1065,13.6605
Haselbachtal,Germany,DE,13,0,yes,DRS,Dresden Airport,21.2,DRS,capital,0.672,0.0,,0.336,51.2357,14.0258
Jieyang,China,CN,30,1001985,,SWA,Jieyang Chaoshan International Airport,14.1,SWA,pop100k,0.669,0.0,,0.335,23.5418,116.3658
Palermo,Italy,IT,15,648260,,PMO,Falcone–Borsellino Airport,21.9,PMO,pop100k+airport,0.669,0.0,,0.335,38.132,13.3356
Oklahoma City,United States,US,OK,631346,,OKC,OKC Will Rogers World Airport,11.1,OKC,pop100k+airport,0.669,0.0,,0.335,35.4676,-97.5164
Chaozhou,China,CN,30,424787,,SWA,Jieyang Chaoshan International Airport,16.6,SWA,pop100k,0.669,0.0,,0.335,23.654,116.6226
Anbu,China,CN,30,162964,,SWA,Jieyang Chaoshan International Airport,21.4,SWA,pop100k,0.669,0.0,,0.335,23.4489,116.6809
Norman,United States,US,OK,120284,,OKC,OKC Will Rogers World Airport,23.8,OKC,pop100k,0.669,0.0,,0.335,35.2226,-97.4395
San José del Cabo,Mexico,MX,03,69788,,SJD,Los Cabos International Airport,10.6,SJD,airport,0.669,0.0,,0.335,23.0589,-109.6977
Burlington,United States,US,VT,42452,,BTV,Patrick Leahy Burlington International Airport,4.7,BTV,airport,0.671,0.0,,0.335,44.4759,-73.2121
Carini,Italy,IT,15,35082,,PMO,Falcone–Borsellino Airport,9.4,PMO,airport,0.669,0.0,,0.335,38.1324,13.1827
Lusaka,Zambia,ZM,09,1267440,yes,LUN,Kenneth Kaunda International Airport,19.7,LUN,pop100k+capital+airport,0.668,0.0,,0.334,-15.4067,28.2871
Chandigarh,India,IN,05,960787,,IXC,Shaheed Bhagat Singh International Airport,7.0,IXC,pop100k+airport,0.667,0.0,,0.334,30.7363,76.7884
Zagreb,Croatia,HR,21,698966,yes,ZAG,Zagreb Franjo Tuđman International Airport,10.6,ZAG,pop100k+capital,0.668,0.0,,0.334,45.8144,15.978
Manado,Indonesia,ID,31,451893,,MDC,Sam Ratulangi International Airport,11.3,MDC,pop100k+airport,0.668,0.0,,0.334,1.4822,124.8489
Bilbao,Spain,ES,59,354860,,BIO,Bilbao Airport,4.4,BIO,pop100k+airport,0.668,0.0,,0.334,43.2627,-2.9253
Bari,Italy,IT,13,277387,,BRI,Bari Karol Wojtyła International Airport,9.4,BRI,pop100k+airport,0.667,0.0,,0.334,41.1207,16.8698
Lille,France,FR,32,228328,,LIL,Lille Airport,8.0,LIL,pop100k+airport,0.668,0.0,,0.334,50.633,3.0586
Panchkula,India,IN,10,200000,,IXC,Shaheed Bhagat Singh International Airport,6.4,IXC,pop100k+airport,0.667,0.0,,0.334,30.6946,76.8504
Syracuse,United States,US,NY,144142,,SYR,Syracuse Hancock International Airport,7.8,SYR,pop100k+airport,0.668,0.0,,0.334,43.0481,-76.1474
Lleida,Spain,ES,56,135919,,ILD,Lleida-Alguaire Airport,14.4,ILD,pop100k+airport,0.667,0.0,,0.334,41.6167,0.6222
Mohali,India,IN,23,123484,,IXC,Shaheed Bhagat Singh International Airport,6.4,IXC,pop100k+airport,0.667,0.0,,0.334,30.68,76.7221
Barakaldo,Spain,ES,59,98460,,BIO,Bilbao Airport,6.3,BIO,airport,0.668,0.0,,0.334,43.2964,-2.9881
Taman Senai,Malaysia,MY,01,73176,,JHB,Senai International Airport,5.5,JHB,airport,0.668,0.0,,0.334,1.6006,103.6419
Kulai,Malaysia,MY,01,63762,,JHB,Senai International Airport,7.6,JHB,airport,0.668,0.0,,0.334,1.6561,103.6032
Villeneuve-d'Ascq,France,FR,32,62400,,LIL,Lille Airport,7.2,LIL,airport,0.668,0.0,,0.334,50.6167,3.1666
Santutxu,Spain,ES,59,60000,,BIO,Bilbao Airport,5.3,BIO,airport,0.668,0.0,,0.334,43.2535,-2.9161
Bitonto,Italy,IT,13,51661,,BRI,Bari Karol Wojtyła International Airport,6.7,BRI,airport,0.667,0.0,,0.334,41.1101,16.6909
Portugalete,Spain,ES,59,48105,,BIO,Bilbao Airport,9.2,BIO,airport,0.668,0.0,,0.334,43.321,-3.0206
Basauri,Spain,ES,59,42657,,BIO,Bilbao Airport,7.1,BIO,airport,0.668,0.0,,0.334,43.2397,-2.8858
Modugno,Italy,IT,13,36384,,BRI,Bari Karol Wojtyła International Airport,6.4,BRI,airport,0.667,0.0,,0.334,41.0843,16.7834
Velika Gorica,Croatia,HR,20,35072,,ZAG,Zagreb Franjo Tuđman International Airport,3.4,ZAG,airport,0.668,0.0,,0.334,45.7125,16.0756
Angamāli,India,IN,13,34399,,COK,Cochin International Airport,4.6,COK,airport,0.668,0.0,,0.334,10.1905,76.3879
Leioa,Spain,ES,59,31197,,BIO,Bilbao Airport,6.9,BIO,airport,0.668,0.0,,0.334,43.3269,-2.9888
San Paolo,Italy,IT,13,29800,,BRI,Bari Karol Wojtyła International Airport,3.1,BRI,airport,0.667,0.0,,0.334,41.1248,16.7926
Sestao,Spain,ES,59,29476,,BIO,Bilbao Airport,7.9,BIO,airport,0.668,0.0,,0.334,43.3098,-3.0072
Galdakao,Spain,ES,59,29226,,BIO,Bilbao Airport,9.6,BIO,airport,0.668,0.0,,0.334,43.2307,-2.8429
Perumpāvūr,India,IN,13,27105,,COK,Cochin International Airport,9.1,COK,airport,0.668,0.0,,0.334,10.1154,76.4761
Perumbavoor,India,IN,13,26550,,COK,Cochin International Airport,9.4,COK,airport,0.668,0.0,,0.334,10.1069,76.4737
Erandio,Spain,ES,59,24262,,BIO,Bilbao Airport,5.1,BIO,airport,0.668,0.0,,0.334,43.3044,-2.9735
Aluva,India,IN,13,24108,,COK,Cochin International Airport,7.2,COK,airport,0.668,0.0,,0.334,10.1076,76.3516
Alwaye,India,IN,13,23703,,COK,Cochin International Airport,7.1,COK,airport,0.668,0.0,,0.334,10.1065,76.3548
La Madeleine,France,FR,32,23572,,LIL,Lille Airport,9.0,LIL,airport,0.668,0.0,,0.334,50.646,3.0758
Mons-en-Barœul,France,FR,32,23006,,LIL,Lille Airport,7.5,LIL,airport,0.668,0.0,,0.334,50.6333,3.1167
Loos,France,FR,32,22107,,LIL,Lille Airport,7.6,LIL,airport,0.668,0.0,,0.334,50.6098,3.0187
Santa Cruz de Tenerife,Spain,ES,53,222417,,TFN,Tenerife Norte-Ciudad de La Laguna Airport,8.7,TFN,pop100k+airport,0.666,0.0,,0.333,28.4682,-16.2546
La Laguna,Spain,ES,53,150661,,TFN,Tenerife Norte-Ciudad de La Laguna Airport,2.1,TFN,pop100k+airport,0.666,0.0,,0.333,28.4853,-16.3201
Nelspruit,South Africa,ZA,07,110159,,MQP,Kruger Mpumalanga International Airport,16.9,MQP,pop100k,0.665,0.0,,0.333,-25.4745,30.9703
Tacoronte,Spain,ES,53,23562,,TFN,Tenerife Norte-Ciudad de La Laguna Airport,6.7,TFN,airport,0.666,0.0,,0.333,28.4769,-16.4102
Pune,India,IN,16,2935744,,PNQ,Pune International Airport,9.7,PNQ,pop100k+airport,0.664,0.0,,0.332,18.5196,73.8554
Khartoum,Sudan,SD,29,1974647,yes,KRT,Khartoum International Airport,4.7,KRT,pop100k+capital+airport,0.664,0.0,,0.332,15.5518,32.5324
Isfahan,Iran,IR,28,1547164,,IFN,Isfahan Shahid Beheshti International Airport,22.7,IFN,pop100k+airport,0.665,0.0,,0.332,32.6525,51.6746
Córdoba,Argentina,AR,05,1428214,,COR,Ingeniero Aeronáutico Ambrosio L.V. Taravella International Airport,11.5,COR,pop100k+airport,0.664,0.0,,0.332,-31.4135,-64.181
Pimpri,India,IN,16,1284606,,PNQ,Pune International Airport,12.7,PNQ,pop100k,0.664,0.0,,0.332,18.6229,73.807
Omdurman,Sudan,SD,29,1200000,,KRT,Khartoum International Airport,10.1,KRT,pop100k,0.664,0.0,,0.332,15.6445,32.4777
Sulţānah,Saudi Arabia,SA,05,946697,,MED,Prince Mohammad Bin Abdulaziz Airport,13.8,MED,pop100k,0.664,0.0,,0.332,24.4926,39.5857
Krasnoyarsk,Russia,RU,91,927200,,KJA,Krasnoyarsk International Airport,29.4,KCY+KJA,pop100k+airport,0.665,0.0,,0.332,56.0184,92.8672
Klang,Malaysia,MY,12,879867,,SZB,Sultan Abdul Aziz Shah International Airport,15.7,SZB,pop100k,0.664,0.0,,0.332,3.0367,101.4433
Kampung Baru Subang,Malaysia,MY,12,833571,,SZB,Sultan Abdul Aziz Shah International Airport,2.8,SZB,pop100k+airport,0.664,0.0,,0.332,3.15,101.5333
Lomé,Togo,TG,24,749700,yes,LFW,Lomé–Tokoin International Airport,5.5,LFW,pop100k+capital+airport,0.663,0.0,,0.332,6.1287,1.2215
Petaling Jaya,Malaysia,MY,12,520698,,SZB,Sultan Abdul Aziz Shah International Airport,6.9,SZB,pop100k+airport,0.664,0.0,,0.332,3.1073,101.6067
Shah Alam,Malaysia,MY,12,481654,,SZB,Sultan Abdul Aziz Shah International Airport,5.4,SZB,pop100k+airport,0.664,0.0,,0.332,3.0851,101.5328
Brno,Czechia,CZ,78,369559,,BRQ,Brno-Tuřany Airport,7.9,BRQ,pop100k+airport,0.664,0.0,,0.332,49.1952,16.608
Surgut,Russia,RU,32,300367,,SGC,Surgut International Airport,10.1,SGC,pop100k+airport,0.663,0.0,,0.332,61.25,73.4167
Ampang,Malaysia,MY,12,126285,,SZB,Sultan Abdul Aziz Shah International Airport,24.3,SZB,pop100k,0.664,0.0,,0.332,3.15,101.7667
Rawang,Malaysia,MY,12,120447,,SZB,Sultan Abdul Aziz Shah International Airport,21.4,SZB,pop100k,0.664,0.0,,0.332,3.3213,101.5767
Ternate,Indonesia,ID,29,101731,,TTE,Sultan Babullah Airport,4.5,TTE,pop100k+airport,0.665,0.0,,0.332,0.7906,127.3842
Khadki,India,IN,16,75654,,PNQ,Pune International Airport,7.4,PNQ,airport,0.664,0.0,,0.332,18.5635,73.8521
Larnaca,Cyprus,CY,03,72000,,LCA,Larnaca International Airport,5.3,LCA,airport,0.664,0.0,,0.332,34.9229,33.6233
Aflao,Ghana,GH,08,66546,,LFW,Lomé–Tokoin International Airport,8.8,LFW,airport,0.663,0.0,,0.332,6.1198,1.1901
Villa Allende,Argentina,AR,05,21683,,COR,Ingeniero Aeronáutico Ambrosio L.V. Taravella International Airport,8.5,COR,airport,0.664,0.0,,0.332,-31.2946,-64.2954
Aberdeen,United Kingdom,GB,SCT,196670,,ABZ,Aberdeen International Airport,8.8,ABZ,pop100k+airport,0.662,0.0,,0.331,57.1437,-2.0981
Dayton,United States,US,OH,140599,,DAY,James M. Cox Dayton International Airport,16.1,DAY,pop100k+airport,0.662,0.0,,0.331,39.7589,-84.1916
Thunder Bay,Canada,CA,08,99334,,YQT,Thunder Bay International Airport,5.6,YQT,airport,0.662,0.0,,0.331,48.382,-89.2502
Robāţ Karīm,Iran,IR,26,62753,,IKA,Imam Khomeini International Airport,9.9,IKA,airport,0.662,0.0,,0.331,35.4846,51.0829
Beauvais,France,FR,32,53393,,BVA,Beauvais-Tillé airport,3.2,BVA,airport,0.662,0.0,,0.331,49.4333,2.0833
Ibiza,Spain,ES,07,48684,,IBZ,Ibiza Airport,6.5,IBZ,airport,0.661,0.0,,0.331,38.9088,1.433
Lahore,Pakistan,PK,04,6310888,,LHE,Allama Iqbal International Airport,6.4,LHE,pop100k+airport,0.659,0.0,,0.33,31.558,74.3507
Lucknow,India,IN,36,2472011,,LKO,Chaudhary Charan Singh International Airport,9.4,LKO,pop100k+airport,0.66,0.0,,0.33,26.8393,80.9231
Nagoya,Japan,JP,01,2191279,,NKM,Nagoya Airport / JASDF Komaki Air Base,8.4,NKM,pop100k+airport,0.659,0.0,,0.33,35.1815,136.9064
Bamako,Mali,ML,01,1297281,yes,BKO,Modibo Keita International Airport,14.0,BKO,pop100k+capital+airport,0.66,0.0,,0.33,12.65,-8
Pontianak,Indonesia,ID,11,455173,,PNK,Supadio International Airport,16.0,PNK,pop100k+airport,0.66,0.0,,0.33,-0.0319,109.325
Gifu-shi,Japan,JP,09,397714,,NKM,Nagoya Airport / JASDF Komaki Air Base,23.8,NKM,pop100k,0.659,0.0,,0.33,35.4229,136.7604
Kasugai,Japan,JP,01,298589,,NKM,Nagoya Airport / JASDF Komaki Air Base,4.5,NKM,pop100k+airport,0.659,0.0,,0.33,35.2476,136.9723
Ichinomiya,Japan,JP,01,280331,,NKM,Nagoya Airport / JASDF Komaki Air Base,12.3,NKM,pop100k,0.659,0.0,,0.33,35.3,136.8
Pokhara,Nepal,NP,4,200000,,PKR,Pokhara Domestic Airport,7.5,PHH+PKR,pop100k+airport,0.66,0.0,,0.33,28.2669,83.9685
Korla,China,CN,13,179465,,KRL,Korla Licheng Airport,16.2,KRL,pop100k+airport,0.661,0.0,,0.33,41.7606,86.1523
Komaki,Japan,JP,01,151025,,NKM,Nagoya Airport / JASDF Komaki Air Base,3.1,NKM,pop100k+airport,0.659,0.0,,0.33,35.2833,136.9167
Seto,Japan,JP,01,134246,,NKM,Nagoya Airport / JASDF Komaki Air Base,16.2,NKM,pop100k,0.659,0.0,,0.33,35.2333,137.1
Kakamigahara,Japan,JP,09,132241,,NKM,Nagoya Airport / JASDF Komaki Air Base,18.6,NKM,pop100k,0.659,0.0,,0.33,35.4167,136.8667
Tajimi,Japan,JP,09,107818,,NKM,Nagoya Airport / JASDF Komaki Air Base,20.2,NKM,pop100k,0.659,0.0,,0.33,35.3167,137.1333
Inazawa,Japan,JP,01,102130,,NKM,Nagoya Airport / JASDF Komaki Air Base,12.8,NKM,pop100k,0.659,0.0,,0.33,35.25,136.7833
Kōnan,Japan,JP,01,100389,,NKM,Nagoya Airport / JASDF Komaki Air Base,9.7,NKM,pop100k+airport,0.659,0.0,,0.33,35.3317,136.8704
Solna,Sweden,SE,26,66909,,BMA,Stockholm-Bromma Airport,3.4,BMA,airport,0.66,0.0,,0.33,59.36,18.0009
Iwakura,Japan,JP,01,48007,,NKM,Nagoya Airport / JASDF Komaki Air Base,6.0,NKM,airport,0.659,0.0,,0.33,35.2833,136.8667
Sundbyberg,Sweden,SE,26,34529,,BMA,Stockholm-Bromma Airport,1.8,BMA,airport,0.66,0.0,,0.33,59.3613,17.9711
Jakobsberg,Sweden,SE,26,24046,,BMA,Stockholm-Bromma Airport,9.7,BMA,airport,0.66,0.0,,0.33,59.4227,17.8351
Gustavia,Saint Barthélemy,BL,00,5988,yes,SBH,St. Jean Airport,1.1,SBH,capital,0.66,0.0,,0.33,17.8962,-62.8498
Dakar,Senegal,SN,01,2476400,yes,DKR,Léopold Sédar Senghor International Airport,6.6,DKR+DSS,pop100k+capital+airport,0.658,0.0,,0.329,14.6937,-17.4441
Indore,India,IN,35,1837041,,IDR,Devi Ahilya Bai Holkar International Airport,3.4,IDR,pop100k+airport,0.659,0.0,,0.329,22.7179,75.8333
Ufa,Russia,RU,08,1033338,,UFA,Ufa International Airport,21.5,UFA,pop100k+airport,0.659,0.0,,0.329,54.7431,55.9678
Ulsan,South Korea,KR,21,962865,,USN,Ulsan Airport,7.0,USN,pop100k+airport,0.657,0.0,,0.329,35.5372,129.3167
Pikine,Senegal,SN,01,874062,,DKR,Léopold Sédar Senghor International Airport,9.8,DKR,pop100k+airport,0.658,0.0,,0.329,14.7646,-17.3907
Thiès,Senegal,SN,07,320000,,DSS,Blaise Diagne International Airport,20.6,DSS,pop100k,0.658,0.0,,0.329,14.7894,-16.926
George Town,Malaysia,MY,09,300000,,PEN,Penang International Airport,14.4,PEN,pop100k,0.657,0.0,,0.329,5.4112,100.3354
Thiès Nones,Senegal,SN,07,252320,,DSS,Blaise Diagne International Airport,16.9,DSS,pop100k,0.658,0.0,,0.329,14.7833,-16.9667
Bukit Mertajam,Malaysia,MY,09,212329,,PEN,Penang International Airport,22.4,PEN,pop100k,0.657,0.0,,0.329,5.363,100.4667
Prato,Italy,IT,16,181820,,FLR,"Florence Airport, Peretola",11.7,FLR,pop100k,0.657,0.0,,0.329,43.8805,11.097
Kampung Sungai Ara,Malaysia,MY,09,140849,,PEN,Penang International Airport,3.4,PEN,pop100k+airport,0.657,0.0,,0.329,5.327,100.2735
Kelowna,Canada,CA,02,125109,,YLW,Kelowna International Airport,11.2,YLW,pop100k+airport,0.658,0.0,,0.329,49.8831,-119.4857
Butterworth,Malaysia,MY,09,107591,,PEN,Penang International Airport,15.0,PEN,pop100k,0.657,0.0,,0.329,5.3991,100.3638
Kalamariá,Greece,GR,ESYE12,91617,,SKG,Thessaloniki Macedonia International Airport,7.2,SKG,airport,0.659,0.0,,0.329,40.5825,22.9503
Sesto Fiorentino,Italy,IT,16,45656,,FLR,"Florence Airport, Peretola",2.6,FLR,airport,0.657,0.0,,0.329,43.8319,11.1992
Scandicci,Italy,IT,16,44951,,FLR,"Florence Airport, Peretola",6.2,FLR,airport,0.657,0.0,,0.329,43.7542,11.1879
Campi Bisenzio,Italy,IT,16,32871,,FLR,"Florence Airport, Peretola",6.1,FLR,airport,0.657,0.0,,0.329,43.8245,11.1303
Pylaía,Greece,GR,ESYE12,23494,,SKG,Thessaloniki Macedonia International Airport,9.0,SKG,airport,0.659,0.0,,0.329,40.5992,22.9861
Semarang,Indonesia,ID,07,1288084,,SRG,Jenderal Ahmad Yani Airport,5.8,SRG,pop100k+airport,0.655,0.0,,0.328,-6.9931,110.4208
Changzhou,China,CN,04,949018,,CZX,Changzhou Benniu International Airport,23.5,CZX,pop100k+airport,0.657,0.0,,0.328,31.7736,119.954
Vila Velha,Brazil,BR,08,394930,,VIX,Eurico de Aguiar Salles International Airport,8.0,VIX,pop100k+airport,0.656,0.0,,0.328,-20.3297,-40.2925
Serra,Brazil,BR,08,394153,,VIX,Eurico de Aguiar Salles International Airport,14.6,VIX,pop100k,0.656,0.0,,0.328,-20.1286,-40.3078
Vitória,Brazil,BR,08,312656,,VIX,Eurico de Aguiar Salles International Airport,8.8,VIX,pop100k+airport,0.656,0.0,,0.328,-20.3194,-40.3378
Buffalo,United States,US,NY,258071,,BUF,Buffalo Niagara International Airport,13.3,BUF,pop100k+airport,0.657,0.0,,0.328,42.8865,-78.8784
Puerto Vallarta,Mexico,MX,14,203342,,PVR,Puerto Vallarta International Airport,7.4,PVR,pop100k+airport,0.655,0.0,,0.328,20.617,-105.2302
Grand Rapids,United States,US,MI,195097,,GRR,Gerald R. Ford International Airport,15.0,GRR,pop100k+airport,0.655,0.0,,0.328,42.9634,-85.6681
Ungaran,Indonesia,ID,07,127812,,SRG,Jenderal Ahmad Yani Airport,19.1,SRG,pop100k,0.655,0.0,,0.328,-7.1397,110.405
Amherst,United States,US,NY,122366,,BUF,Buffalo Niagara International Airport,6.9,BUF+IAG,pop100k+airport,0.657,0.0,,0.328,42.9784,-78.7998
Cheektowaga,United States,US,NY,75178,,BUF,Buffalo Niagara International Airport,4.5,BUF,airport,0.657,0.0,,0.328,42.9034,-78.7548
Sarasota,United States,US,FL,55118,,SRQ,Sarasota Bradenton International Airport,6.9,SRQ,airport,0.656,0.0,,0.328,27.3364,-82.5306
Atlantic City,United States,US,NJ,39260,,ACY,Atlantic City International Airport,16.8,ACY,airport,0.656,0.0,,0.328,39.3642,-74.4231
Ixtapa,Mexico,MX,14,29036,,PVR,Puerto Vallarta International Airport,6.6,PVR,airport,0.655,0.0,,0.328,20.7164,-105.2049
Forest Hills,United States,US,MI,25867,,GRR,Gerald R. Ford International Airport,9.2,GRR,airport,0.655,0.0,,0.328,42.9595,-85.4898
San José del Valle,Mexico,MX,14,22541,,PVR,Puerto Vallarta International Airport,9.7,PVR,airport,0.655,0.0,,0.328,20.7638,-105.2281
South Bradenton,United States,US,FL,22178,,SRQ,Sarasota Bradenton International Airport,8.1,SRQ,airport,0.656,0.0,,0.328,27.4631,-82.5818
Grand Island,United States,US,NY,20813,,BUF,Buffalo Niagara International Airport,21.4,BUF+IAG+YCM,airport,0.657,0.0,,0.328,43.0331,-78.9625
Pleasantville,United States,US,NJ,20755,,ACY,Atlantic City International Airport,8.7,ACY,airport,0.656,0.0,,0.328,39.3898,-74.524
Mezcales,Mexico,MX,18,20092,,PVR,Puerto Vallarta International Airport,6.4,PVR,airport,0.655,0.0,,0.328,20.7307,-105.2826
Nagpur,India,IN,16,2228018,,NAG,Dr. Babasaheb Ambedkar International Airport,7.2,NAG,pop100k+airport,0.654,0.0,,0.327,21.1463,79.0849
Tashkent,Uzbekistan,UZ,13,1978028,yes,TAS,Tashkent International Airport,5.5,TAS+TVT,pop100k+capital+airport,0.654,0.0,,0.327,41.2647,69.2163
Banjarmasin,Indonesia,ID,12,572837,,BDJ,Syamsudin Noor International Airport,23.2,BDJ,pop100k,0.653,0.0,,0.327,-3.3199,114.5907
Nagasaki,Japan,JP,27,410204,,NGS,Nagasaki Airport,18.8,NGS,pop100k+airport,0.654,0.0,,0.327,32.75,129.8833
Victoria,Canada,CA,02,289625,,YYJ,Victoria International Airport,24.2,YWH+YYJ,pop100k+airport,0.655,0.0,,0.327,48.4359,-123.3516
Strasbourg,France,FR,44,274845,,SXB,Strasbourg Airport,10.0,SXB,pop100k+airport,0.655,0.0,,0.327,48.5839,7.7455
Martapura,Indonesia,ID,12,131449,,BDJ,Syamsudin Noor International Airport,11.9,BDJ,pop100k,0.653,0.0,,0.327,-3.4109,114.8642
Mormugao,India,IN,33,102345,,GOI,Goa Dabolim International Airport,2.2,GOI,pop100k+airport,0.654,0.0,,0.327,15.3891,73.8149
Vasco da Gama,India,IN,33,100485,,GOI,Goa Dabolim International Airport,2.6,GOI,pop100k+airport,0.654,0.0,,0.327,15.3958,73.8157
Ōmura,Japan,JP,27,89918,,NGS,Nagasaki Airport,3.8,NGS,airport,0.654,0.0,,0.327,32.9214,129.9539
Redmond,United States,US,OR,28654,,RDM,Roberts Field,2.8,RDM,airport,0.654,0.0,,0.327,44.2726,-121.1739
Illkirch-Graffenstaden,France,FR,44,27261,,SXB,Strasbourg Airport,6.5,SXB,airport,0.655,0.0,,0.327,48.5289,7.7152
Salor,Uzbekistan,UZ,14,26494,,TAS,Tashkent International Airport,15.2,TAS+TVT,airport,0.654,0.0,,0.327,41.3722,69.3817
Bektemir,Uzbekistan,UZ,13,26380,,TAS,Tashkent International Airport,7.0,TAS+TVT,airport,0.654,0.0,,0.327,41.2097,69.3342
Palembang,Indonesia,ID,32,1441500,,PLM,Sultan Mahmud Badaruddin II Airport,5.7,PLM,pop100k+airport,0.653,0.0,,0.326,-2.9167,104.7458
Mandalay,Myanmar,MM,08,1208099,,MDL,Mandalay International Airport,32.2,MDL,pop100k+airport,0.653,0.0,,0.326,21.9747,96.0836
Sibu,Malaysia,MY,11,198239,,SBW,Sibu Airport,19.2,SBW,pop100k+airport,0.652,0.0,,0.326,2.3,111.8167
Santa Rosa,United States,US,CA,174972,,STS,Charles M. Schulz Sonoma County Airport,11.5,STS,pop100k+airport,0.651,0.0,,0.326,38.4405,-122.7144
Eugene,United States,US,OR,163460,,EUG,Eugene Airport,12.8,EUG,pop100k+airport,0.653,0.0,,0.326,44.0521,-123.0867
Montego Bay,Jamaica,JM,12,82867,,MBJ,Sangster International Airport,3.6,MBJ,airport,0.652,0.0,,0.326,18.4712,-77.9188
Ithaca,United States,US,NY,30788,,ITH,Ithaca Tompkins Regional Airport,6.4,ITH,airport,0.652,0.0,,0.326,42.4406,-76.4966
Windsor,United States,US,CA,27464,,STS,Charles M. Schulz Sonoma County Airport,4.3,STS,airport,0.651,0.0,,0.326,38.5471,-122.8164
Goiânia,Brazil,BR,29,1171195,,GYN,Santa Genoveva International Airport,6.3,GYN,pop100k+airport,0.65,0.0,,0.325,-16.6786,-49.2539
Aparecida de Goiânia,Brazil,BR,29,510770,,GYN,Santa Genoveva International Airport,21.4,GYN,pop100k,0.65,0.0,,0.325,-16.8233,-49.2439
Allentown,United States,US,PA,120207,,ABE,Lehigh Valley International Airport,6.3,ABE,pop100k+airport,0.651,0.0,,0.325,40.6084,-75.4902
Bethlehem,United States,US,PA,74892,,ABE,Lehigh Valley International Airport,6.7,ABE,airport,0.651,0.0,,0.325,40.6259,-75.3705
Greer,United States,US,SC,28365,,GSP,Greenville-Spartanburg International Airport,4.8,GSP,airport,0.651,0.0,,0.325,34.9387,-82.2271
Whitehall Township,United States,US,PA,24896,,ABE,Lehigh Valley International Airport,5.1,ABE,airport,0.651,0.0,,0.325,40.6668,-75.4999
Taylors,United States,US,SC,21617,,GSP,Greenville-Spartanburg International Airport,7.6,GSP,airport,0.651,0.0,,0.325,34.9204,-82.2962
Samara,Russia,RU,65,1134730,,KUF,Kurumoch International Airport,33.9,KUF,pop100k+airport,0.649,0.0,,0.324,53.2001,50.15
Florianópolis,Brazil,BR,26,412724,,FLN,Hercílio Luz International Airport,8.2,FLN,pop100k+airport,0.649,0.0,,0.324,-27.5967,-48.5492
Palhoça,Brazil,BR,26,122423,,FLN,Hercílio Luz International Airport,11.7,FLN,pop100k,0.649,0.0,,0.324,-27.6453,-48.6678
Harrisburg,United States,US,PA,49081,,MDT,Harrisburg International Airport,13.7,MDT,airport,0.649,0.0,,0.324,40.2737,-76.8844
Mount Isa,Australia,AU,04,22785,,ISA,Mount Isa Airport,6.6,ISA,airport,0.648,0.0,,0.324,-20.7252,139.4973
Ribeirão da Ilha,Brazil,BR,26,21000,,FLN,Hercílio Luz International Airport,3.8,FLN,airport,0.649,0.0,,0.324,-27.6993,-48.5322
Freguesia do Ribeirao da Ilha,Brazil,BR,26,21000,,FLN,Hercílio Luz International Airport,5.4,FLN,airport,0.649,0.0,,0.324,-27.7177,-48.5627
Campinas,Brazil,BR,26,20000,,FLN,Hercílio Luz International Airport,10.0,FLN,airport,0.649,0.0,,0.324,-27.5944,-48.6069
Southampton,United Kingdom,GB,ENG,246201,,SOU,Southampton Airport,6.1,SOU,pop100k+airport,0.646,0.0,,0.323,50.904,-1.4043
Graz,Austria,AT,06,222326,,GRZ,Graz Airport,8.4,GRZ,pop100k+airport,0.647,0.0,,0.323,47.0667,15.45
Des Moines,United States,US,IA,210330,,DSM,Des Moines International Airport,8.4,DSM,pop100k+airport,0.646,0.0,,0.323,41.6005,-93.6091
Saint-Denis,Réunion,RE,RE,137195,yes,RUN,Roland Garros Airport,7.2,RUN,pop100k+capital+airport,0.646,0.0,,0.323,-20.8823,55.4504
West Des Moines,United States,US,IA,64113,,DSM,Des Moines International Airport,6.6,DSM,airport,0.646,0.0,,0.323,41.5772,-93.7113
Eastleigh,United Kingdom,GB,ENG,54225,,SOU,Southampton Airport,1.9,SOU,airport,0.646,0.0,,0.323,50.9667,-1.35
Borlänge,Sweden,SE,10,41955,,BLE,Dala Airport,8.3,BLE,airport,0.646,0.0,,0.323,60.4858,15.4371
Totton,United Kingdom,GB,ENG,34169,,SOU,Southampton Airport,10.0,SOU,airport,0.646,0.0,,0.323,50.9188,-1.4904
Sainte-Marie,Réunion,RE,RE,31636,,RUN,Roland Garros Airport,3.4,RUN,airport,0.646,0.0,,0.323,-20.8969,55.5506
Sainte-Suzanne,Réunion,RE,RE,20530,,RUN,Roland Garros Airport,9.4,RUN,airport,0.646,0.0,,0.323,-20.9062,55.6079
Baghdad,Iraq,IQ,07,7216000,yes,BGW,Baghdad International Airport / New Al Muthana Air Base,17.7,BGW,pop100k+capital+airport,0.643,0.0,,0.322,33.3406,44.4009
Mogadishu,Somalia,SO,02,2587183,yes,MGQ,Aden Adde International Airport,5.0,MGQ,pop100k+capital+airport,0.643,0.0,,0.322,2.0371,45.3438
Abū Ghurayb,Iraq,IQ,07,900000,,BGW,Baghdad International Airport / New Al Muthana Air Base,6.7,BGW,pop100k+airport,0.643,0.0,,0.322,33.3056,44.1848
Nantong,China,CN,04,666251,,NTG,Nantong Xingdong International Airport,11.0,NTG,pop100k,0.644,0.0,,0.322,32.0303,120.8747
Mwanza,Tanzania,TZ,12,436801,,MWZ,Mwanza International Airport,8.8,MWZ,pop100k+airport,0.644,0.0,,0.322,-2.5167,32.9
Bandar Abbas,Iran,IR,11,352173,,BND,Bandar Abbas International Airport,10.2,BND,pop100k+airport,0.644,0.0,,0.322,27.1865,56.2808
Hobart,Australia,AU,06,216656,,HBA,Hobart International Airport,15.7,HBA,pop100k,0.644,0.0,,0.322,-42.8794,147.3294
Huntsville,United States,US,AL,190582,,HSV,Huntsville International Airport,20.2,HSV,pop100k+airport,0.643,0.0,,0.322,34.7304,-86.5859
Jinsha,China,CN,04,95647,,NTG,Nantong Xingdong International Airport,9.0,NTG,airport,0.644,0.0,,0.322,32.0898,121.0735
Madison,United States,US,AL,46962,,HSV,Huntsville International Airport,7.4,HSV,airport,0.643,0.0,,0.322,34.6993,-86.7483
Baotou,China,CN,20,1301768,,BAV,Baotou Donghe International Airport,3.1,BAV,pop100k+airport,0.642,0.0,,0.321,40.5834,110.0167
Lijiang,China,CN,29,1137600,,LJG,Lijiang Sanyi International Airport,21.4,LJG,pop100k+airport,0.642,0.0,,0.321,26.8688,100.2207
St. Petersburg,United States,US,FL,257083,,PIE,St. Petersburg Clearwater International Airport,15.5,PIE,pop100k,0.642,0.0,,0.321,27.7709,-82.6793
Saskatoon,Canada,CA,11,198958,,YXE,Saskatoon John G. Diefenbaker International Airport,4.8,YXE,pop100k+airport,0.642,0.0,,0.321,52.1324,-106.6689
Cam Ranh,Vietnam,VN,54,146771,,CXR,Cam Ranh International Airport / Cam Ranh Air Base,10.7,CXR,pop100k,0.641,0.0,,0.321,11.9214,109.1591
Ebetsu,Japan,JP,12,133953,,OKD,Sapporo Okadama Airport,13.8,OKD,pop100k,0.641,0.0,,0.321,43.1081,141.5506
Clearwater,United States,US,FL,113003,,PIE,St. Petersburg Clearwater International Airport,12.7,PIE,pop100k,0.642,0.0,,0.321,27.9658,-82.8001
Largo,United States,US,FL,81000,,PIE,St. Petersburg Clearwater International Airport,9.9,PIE,airport,0.642,0.0,,0.321,27.9098,-82.7884
Dededo Village,Guam,GU,DD,44943,,GUM,Antonio B. Won Pat International Airport,5.8,GUM,airport,0.642,0.0,,0.321,13.5178,144.8391
Granadilla de Abona,Spain,ES,53,39993,,TFS,Tenerife Sur Airport,8.3,TFS,airport,0.642,0.0,,0.321,28.1188,-16.576
Dubbo,Australia,AU,02,39863,,DBO,Dubbo City Regional Airport,4.0,DBO,airport,0.643,0.0,,0.321,-32.243,148.6048
Hagåtña,Guam,GU,AN,1051,yes,GUM,Antonio B. Won Pat International Airport,5.3,GUM,capital,0.642,0.0,,0.321,13.4757,144.7489
Guam Government House,Guam,GU,AN,0,yes,GUM,Antonio B. Won Pat International Airport,5.3,GUM,capital,0.642,0.0,,0.321,13.4719,144.7498
Gwangju,South Korea,KR,18,1416938,,KWJ,Gwangju Airport,10.6,KWJ,pop100k+airport,0.64,0.0,,0.32,35.1547,126.9156
Maceió,Brazil,BR,02,954991,,MCZ,Zumbi dos Palmares International Airport,18.1,MCZ,pop100k+airport,0.641,0.0,,0.32,-9.6658,-35.7353
Gold Coast,Australia,AU,04,591473,,OOL,Gold Coast Airport,19.9,OOL,pop100k+airport,0.641,0.0,,0.32,-28.0003,153.4309
Masan,South Korea,KR,18,434371,,KWJ,Gwangju Airport,2.4,KWJ,pop100k+airport,0.64,0.0,,0.32,35.1272,126.8315
Valladolid,Spain,ES,55,317864,,VLL,Valladolid Airport,12.1,VLL,pop100k+airport,0.64,0.0,,0.32,41.6552,-4.7237
Birmingham,United States,US,AL,212461,,BHM,Birmingham-Shuttlesworth International Airport,6.7,BHM,pop100k+airport,0.641,0.0,,0.32,33.5207,-86.8025
South Bend,United States,US,IN,101516,,SBN,South Bend International Airport,6.2,SBN,pop100k+airport,0.64,0.0,,0.32,41.6834,-86.25
Missoula,United States,US,MT,71022,,MSO,Missoula Montana Airport,8.8,MSO,airport,0.64,0.0,,0.32,46.8721,-113.994
Rio Largo,Brazil,BR,02,63387,,MCZ,Zumbi dos Palmares International Airport,7.7,MCZ,airport,0.641,0.0,,0.32,-9.4783,-35.8533
Goch,Germany,DE,07,33706,,NRN,Weeze (Niederrhein) Airport,8.7,NRN,airport,0.641,0.0,,0.32,51.6787,6.1589
Kevelaer,Germany,DE,07,28064,,NRN,Weeze (Niederrhein) Airport,7.5,NRN,airport,0.641,0.0,,0.32,51.5824,6.246
Mountain Brook,United States,US,AL,20691,,BHM,Birmingham-Shuttlesworth International Airport,6.9,BHM,airport,0.641,0.0,,0.32,33.5009,-86.7522
Douala,Cameroon,CM,05,1338082,,DLA,Douala International Airport,5.0,DLA,pop100k+airport,0.639,0.0,,0.319,4.0483,9.7043
Raipur,India,IN,37,679995,,RPR,Swami Vivekananda Airport,12.4,RPR,pop100k+airport,0.638,0.0,,0.319,21.2333,81.6333
Kerman,Iran,IR,29,577514,,KER,Ayatollah Hashemi Rafsanjani International Airport,12.5,KER,pop100k+airport,0.638,0.0,,0.319,30.2832,57.0788
San Pedro Sula,Honduras,HN,06,489466,,SAP,Ramón Villeda Morales International Airport,12.3,SAP,pop100k+airport,0.637,0.0,,0.319,15.5042,-88.025
Long Beach,United States,US,CA,474140,,LGB,Long Beach International Airport,6.6,HHR+LGB,pop100k+airport,0.639,0.0,,0.319,33.767,-118.1892
Tallahassee,United States,US,FL,189907,,TLH,Tallahassee International Airport,8.2,TLH,pop100k+airport,0.638,0.0,,0.319,30.4383,-84.2807
Choloma,Honduras,HN,06,139100,,SAP,Ramón Villeda Morales International Airport,18.3,SAP,pop100k,0.637,0.0,,0.319,15.6144,-87.953
Downey,United States,US,CA,114219,,LGB,Long Beach International Airport,13.8,HHR+LGB,pop100k,0.639,0.0,,0.319,33.94,-118.1326
Norwalk,United States,US,CA,107140,,LGB,Long Beach International Airport,11.4,HHR+LGB,pop100k,0.639,0.0,,0.319,33.9022,-118.0817
El Progreso,Honduras,HN,18,100810,,SAP,Ramón Villeda Morales International Airport,14.5,SAP,pop100k,0.637,0.0,,0.319,15.4,-87.8
St. John's,Canada,CA,05,99182,,YYT,St. John's International Airport,6.8,YYT,airport,0.639,0.0,,0.319,47.5649,-52.7093
Lakewood,United States,US,CA,81611,,LGB,Long Beach International Airport,4.4,HHR+LGB,airport,0.639,0.0,,0.319,33.8536,-118.134
Kennewick,United States,US,WA,78896,,PSC,Tri Cities Airport,6.1,PSC,airport,0.639,0.0,,0.319,46.2112,-119.1372
Bellflower,United States,US,CA,78441,,LGB,Long Beach International Airport,7.9,HHR+LGB,airport,0.639,0.0,,0.319,33.8817,-118.117
Pasco,United States,US,WA,69451,,PSC,Tri Cities Airport,3.1,PSC,airport,0.639,0.0,,0.319,46.2396,-119.1006
Cerritos,United States,US,CA,49975,,LGB,Long Beach International Airport,9.1,LGB,airport,0.639,0.0,,0.319,33.8584,-118.0648
Charlottesville,United States,US,VA,46597,,CHO,Charlottesville Albemarle Airport,12.3,CHO,airport,0.638,0.0,,0.319,38.0293,-78.4767
La Lima,Honduras,HN,06,45955,,SAP,Ramón Villeda Morales International Airport,2.3,SAP,airport,0.637,0.0,,0.319,15.4333,-87.9167
Faro,Portugal,PT,09,41355,,FAO,Faro - Gago Coutinho International Airport,3.9,FAO,airport,0.638,0.0,,0.319,37.0187,-7.9272
George Town,Cayman Islands,KY,10346796,29370,yes,GCM,Owen Roberts International Airport,1.9,GCM,capital+airport,0.639,0.0,,0.319,19.2866,-81.3744
Patna,India,IN,34,1599920,,PAT,Jay Prakash Narayan Airport,4.8,PAT,pop100k+airport,0.637,0.0,,0.318,25.5941,85.1356
Juárez,Mexico,MX,06,1321004,,ELP,El Paso International Airport,12.8,CJS+ELP,pop100k+airport,0.636,0.0,,0.318,31.7202,-106.4608
Cartagena,Colombia,CO,35,952024,,CTG,Rafael Nuñez International Airport,4.7,CTG,pop100k+airport,0.635,0.0,,0.318,10.3997,-75.5144
El Paso,United States,US,TX,681124,,ELP,El Paso International Airport,12.0,CJS+ELP,pop100k+airport,0.636,0.0,,0.318,31.7587,-106.4869
Arusha,Tanzania,TZ,26,341136,,JRO,Kilimanjaro International Airport,43.8,ARK+JRO,pop100k+airport,0.635,0.0,,0.318,-3.3667,36.6833
Cluj-Napoca,Romania,RO,13,316748,,CLJ,Avram Iancu Cluj International Airport,6.9,CLJ,pop100k+airport,0.636,0.0,,0.318,46.7667,23.6
Yuncheng,China,CN,24,201950,,YCU,Yuncheng Yanhu International Airport,11.2,YCU,pop100k,0.636,0.0,,0.318,35.0231,110.9928
Dinapore,India,IN,34,152940,,PAT,Jay Prakash Narayan Airport,6.5,PAT,pop100k+airport,0.637,0.0,,0.318,25.637,85.0479
Hājīpur,India,IN,34,133606,,PAT,Jay Prakash Narayan Airport,16.1,PAT,pop100k,0.637,0.0,,0.318,25.6854,85.2098
Praia,Cabo Verde,CV,14,113364,yes,RAI,Nelson Mandela International Airport,3.2,RAI,pop100k+capital+airport,0.636,0.0,,0.318,14.9315,-23.5125
Everett,United States,US,WA,108010,,PAE,Seattle Paine Field International Airport,10.0,PAE,pop100k+airport,0.635,0.0,,0.318,47.979,-122.2021
Shoreline,United States,US,WA,55439,,PAE,Seattle Paine Field International Airport,17.3,KEH+LKE+PAE,airport,0.635,0.0,,0.318,47.7557,-122.3415
Khagaul,India,IN,34,51577,,PAT,Jay Prakash Narayan Airport,4.5,PAT,airport,0.637,0.0,,0.318,25.579,85.0456
Bothell,United States,US,WA,42939,,PAE,Seattle Paine Field International Airport,17.0,KEH+LKE+PAE,airport,0.635,0.0,,0.318,47.7623,-122.2054
Lynnwood,United States,US,WA,36997,,PAE,Seattle Paine Field International Airport,9.8,KEH+LKE+PAE,airport,0.635,0.0,,0.318,47.8209,-122.3151
North Creek,United States,US,WA,26410,,PAE,Seattle Paine Field International Airport,12.5,KEH+LKE+PAE,airport,0.635,0.0,,0.318,47.8195,-122.1762
Picnic Point-North Lynnwood,United States,US,WA,22953,,PAE,Seattle Paine Field International Airport,4.9,KEH+PAE,airport,0.635,0.0,,0.318,47.8628,-122.295
Inglewood-Finn Hill,United States,US,WA,22707,,PAE,Seattle Paine Field International Airport,21.0,BFI+KEH+LKE+PAE,airport,0.635,0.0,,0.318,47.7205,-122.2317
Sept-Îles,Canada,CA,10,22582,,YZV,Sept-Îles Airport,8.7,YZV,airport,0.637,0.0,,0.318,50.2001,-66.3821
Kenmore,United States,US,WA,22030,,PAE,Seattle Paine Field International Airport,16.8,KEH+LKE+PAE,airport,0.635,0.0,,0.318,47.7573,-122.244
Mukilteo,United States,US,WA,21226,,PAE,Seattle Paine Field International Airport,4.6,KEH+PAE,airport,0.635,0.0,,0.318,47.9445,-122.3046
Mountlake Terrace,United States,US,WA,20989,,PAE,Seattle Paine Field International Airport,13.3,KEH+LKE+PAE,airport,0.635,0.0,,0.318,47.7882,-122.3087
Eastmont,United States,US,WA,20101,,PAE,Seattle Paine Field International Airport,7.6,KEH+PAE,airport,0.635,0.0,,0.318,47.8974,-122.1815
Mill Creek,United States,US,WA,20043,,PAE,Seattle Paine Field International Airport,7.7,KEH+PAE,airport,0.635,0.0,,0.318,47.8601,-122.2043
Zhongshan,China,CN,30,3121275,,ZHA,Zhanjiang Wuchuan International Airport,18.1,ZHA,pop100k,0.635,0.0,,0.317,21.3199,110.5723
Omsk,Russia,RU,54,1129281,,OMS,Omsk Central Airport,4.8,OMS,pop100k+airport,0.634,0.0,,0.317,54.9924,73.3686
Zhanjiang,China,CN,30,637790,,ZHA,Zhanjiang Wuchuan International Airport,34.0,ZHA,pop100k+airport,0.635,0.0,,0.317,21.2814,110.3427
Taizhou,China,CN,04,612356,,YTY,Yangzhou Taizhou Airport,19.4,YTY,pop100k,0.635,0.0,,0.317,32.4907,119.9081
Genoa,Italy,IT,08,580223,,GOA,Genoa Cristoforo Colombo Airport,8.3,GOA,pop100k+airport,0.635,0.0,,0.317,44.4048,8.9444
Khabarovsk,Russia,RU,30,579000,,KHV,Khabarovsk Novy Airport,9.2,KHV,pop100k+airport,0.634,0.0,,0.317,48.4827,135.0838
Yangzhou,China,CN,04,539715,,YTY,Yangzhou Taizhou Airport,32.4,YTY,pop100k+airport,0.635,0.0,,0.317,32.3972,119.4358
Novocherkassk,Russia,RU,61,166974,,ROV,Platov International Airport,15.0,ROV,pop100k,0.634,0.0,,0.317,47.421,40.0919
Springfield,United States,US,MO,166810,,SGF,Springfield Branson National Airport,8.7,SGF,pop100k+airport,0.634,0.0,,0.317,37.2153,-93.2982
Wuchuan,China,CN,30,104168,,ZHA,Zhanjiang Wuchuan International Airport,18.4,ZHA,pop100k,0.635,0.0,,0.317,21.4571,110.7659
Natal,Brazil,BR,22,763043,,NAT,Rio Grande do Norte/São Gonçalo do Amarante–Governador Aluízio Alves International Airport,17.6,NAT,pop100k+airport,0.632,0.0,,0.316,-5.795,-35.2094
Québec,Canada,CA,10,528595,,YQB,Quebec Jean Lesage International Airport,13.8,YQB,pop100k+airport,0.632,0.0,,0.316,46.8123,-71.2145
Rochester,United States,US,NY,209802,,ROC,Frederick Douglass Greater Rochester International Airport,6.1,ROC,pop100k+airport,0.632,0.0,,0.316,43.1548,-77.6156
Parnamirim,Brazil,BR,22,150343,,NAT,Rio Grande do Norte/São Gonçalo do Amarante–Governador Aluízio Alves International Airport,19.9,NAT,pop100k,0.632,0.0,,0.316,-5.9156,-35.2628
Coquitlam,Canada,CA,02,140000,,CXH,Vancouver Harbour Water Aerodrome,24.3,CXH,pop100k,0.632,0.0,,0.316,49.2846,-122.7822
Lévis,Canada,CA,10,126396,,YQB,Quebec Jean Lesage International Airport,16.5,YQB,pop100k,0.632,0.0,,0.316,46.8033,-71.1779
Roanoke,United States,US,VA,99897,,ROA,Roanoke–Blacksburg Regional Airport,6.8,ROA,airport,0.633,0.0,,0.316,37.271,-79.9414
Macaíba,Brazil,BR,22,40015,,NAT,Rio Grande do Norte/São Gonçalo do Amarante–Governador Aluízio Alves International Airport,9.9,NAT,airport,0.632,0.0,,0.316,-5.8583,-35.3539
Salem,United States,US,VA,25432,,ROA,Roanoke–Blacksburg Regional Airport,7.9,ROA,airport,0.633,0.0,,0.316,37.2935,-80.0548
Kobe,Japan,JP,13,1528478,,UKB,Kobe Airport,7.5,UKB,pop100k+airport,0.63,0.0,,0.315,34.6913,135.183
Liverpool,United Kingdom,GB,ENG,864122,,LPL,Liverpool John Lennon Airport,12.0,LPL,pop100k+airport,0.629,0.0,,0.315,53.4106,-2.9779
Birkenhead,United Kingdom,GB,ENG,325264,,LPL,Liverpool John Lennon Airport,12.7,LPL,pop100k,0.629,0.0,,0.315,53.3934,-3.0148
Akashi,Japan,JP,13,297279,,UKB,Kobe Airport,20.0,UKB,pop100k,0.63,0.0,,0.315,34.6552,135.0069
Stavanger,Norway,NO,14,121610,,SVG,"Stavanger Airport, Sola",11.7,SVG,pop100k+airport,0.63,0.0,,0.315,58.9701,5.7333
St Helens,United Kingdom,GB,ENG,102555,,LPL,Liverpool John Lennon Airport,14.9,LPL,pop100k,0.629,0.0,,0.315,53.45,-2.7333
Asheville,United States,US,NC,88512,,AVL,Asheville Regional Airport,18.4,AVL,airport,0.631,0.0,,0.315,35.6009,-82.554
Ellesmere Port,United Kingdom,GB,ENG,67768,,LPL,Liverpool John Lennon Airport,7.1,LPL,airport,0.629,0.0,,0.315,53.2788,-2.9013
Sandnes,Norway,NO,14,63032,,SVG,"Stavanger Airport, Sola",6.2,SVG,airport,0.63,0.0,,0.315,58.8524,5.7352
Runcorn,United Kingdom,GB,ENG,62872,,LPL,Liverpool John Lennon Airport,7.9,LPL,airport,0.629,0.0,,0.315,53.3417,-2.7312
Widnes,United Kingdom,GB,ENG,61464,,LPL,Liverpool John Lennon Airport,8.2,LPL,airport,0.629,0.0,,0.315,53.3618,-2.7341
Huyton,United Kingdom,GB,ENG,54738,,LPL,Liverpool John Lennon Airport,8.5,LPL,airport,0.629,0.0,,0.315,53.4115,-2.8394
East Pensacola Heights,United States,US,FL,54104,,PNS,Pensacola International Airport,4.9,PNS,airport,0.63,0.0,,0.315,30.4288,-87.18
Pensacola,United States,US,FL,53193,,PNS,Pensacola International Airport,6.4,PNS,airport,0.63,0.0,,0.315,30.4213,-87.2169
Saint Croix,"Virgin Islands, U.S.",VI,010,50601,,STX,Henry E. Rohlsen Airport,6.6,SSB+STX,airport,0.63,0.0,,0.315,17.7275,-64.747
Myrtle Beach,United States,US,SC,31035,,MYR,Myrtle Beach International Airport,4.0,MYR,airport,0.629,0.0,,0.315,33.6891,-78.8867
Ferry Pass,United States,US,FL,28921,,PNS,Pensacola International Airport,4.8,PNS,airport,0.63,0.0,,0.315,30.5102,-87.2125
Brent,United States,US,FL,21804,,PNS,Pensacola International Airport,4.8,PNS,airport,0.63,0.0,,0.315,30.4688,-87.2361
Ensley,United States,US,FL,20602,,PNS,Pensacola International Airport,9.7,PNS,airport,0.63,0.0,,0.315,30.5188,-87.2728
Kazan,Russia,RU,73,1104738,,KZN,Kazan International Airport,22.5,KZN,pop100k+airport,0.627,0.0,,0.314,55.7887,49.1221
Da Nang,Vietnam,VN,78,752493,,DAD,Da Nang International Airport,3.5,DAD,pop100k+airport,0.627,0.0,,0.314,16.0678,108.2208
Bakersfield,United States,US,CA,373640,,BFL,Meadows Field,7.6,BFL,pop100k+airport,0.628,0.0,,0.314,35.3733,-119.0187
Hat Yai,Thailand,TH,68,191696,,HDY,Hat Yai International Airport,12.5,HDY,pop100k+airport,0.629,0.0,,0.314,7.0084,100.4767
Midland,United States,US,TX,132950,,MAF,Midland International Air and Space Port,13.2,MAF,pop100k+airport,0.627,0.0,,0.314,31.9974,-102.0779
Odessa,United States,US,TX,118968,,MAF,Midland International Air and Space Port,19.0,MAF,pop100k,0.627,0.0,,0.314,31.8457,-102.3676
Tauranga,New Zealand,NZ,E8,110338,,TRG,Tauranga Airport,3.0,TRG,pop100k+airport,0.628,0.0,,0.314,-37.6861,176.1667
Napier,New Zealand,NZ,F2,56787,,NPE,Hawke's Bay Airport,4.7,NPE,airport,0.628,0.0,,0.314,-39.4926,176.9123
Oildale,United States,US,CA,32684,,BFL,Meadows Field,3.7,BFL,airport,0.628,0.0,,0.314,35.4197,-119.0195
Oranjestad,Aruba,AW,00,29998,yes,AUA,Queen Beatrix International Airport,2.9,AUA,capital+airport,0.628,0.0,,0.314,12.524,-70.027
Tanki Leendert,Aruba,AW,00,21500,,AUA,Queen Beatrix International Airport,4.3,AUA,airport,0.628,0.0,,0.314,12.5391,-70.02
Puyang,China,CN,02,3590000,,YIW,Yiwu Airport,18.8,YIW,pop100k,0.626,0.0,,0.313,29.4568,119.8887
Kaohsiung,Taiwan,TW,02,1519711,,KHH,Kaohsiung International Airport,5.8,KHH,pop100k+airport,0.625,0.0,,0.313,22.6163,120.3133
Davao,Philippines,PH,11,1212504,,DVO,Francisco Bangoy International Airport,6.9,DVO,pop100k+airport,0.627,0.0,,0.313,7.0731,125.6128
Lexington-Fayette,United States,US,KY,314488,,LEX,Blue Grass Airport,13.1,LEX,pop100k,0.625,0.0,,0.313,38.0498,-84.4586
Fort Wayne,United States,US,IN,260326,,FWA,Fort Wayne International Airport,17.7,FWA,pop100k+airport,0.627,0.0,,0.313,41.1306,-85.1289
Lexington,United States,US,KY,225366,,LEX,Blue Grass Airport,12.4,LEX,pop100k+airport,0.625,0.0,,0.313,37.9887,-84.4777
Dongyang,China,CN,02,130387,,YIW,Yiwu Airport,20.6,YIW,pop100k,0.626,0.0,,0.313,29.2678,120.2253
Yiwu,China,CN,02,89629,,YIW,Yiwu Airport,5.3,YIW,airport,0.626,0.0,,0.313,29.3151,120.0768
Trinidad,Bolivia,BO,03,84259,,TDD,Teniente Av. Jorge Henrich Arauz Airport,2.5,TDD,airport,0.626,0.0,,0.313,-14.8333,-64.9
Mackay,Australia,AU,04,74219,,MKY,Mackay Airport,2.6,MKY,airport,0.626,0.0,,0.313,-21.1534,149.1655
Grand Junction,United States,US,CO,60358,,GJT,Grand Junction Regional Airport,7.2,GJT,airport,0.626,0.0,,0.313,39.0639,-108.5507
Sanford,United States,US,FL,58111,,SFB,Orlando Sanford International Airport,4.8,SFB,airport,0.626,0.0,,0.313,28.8006,-81.2731
Samal,Philippines,PH,11,43526,,DVO,Francisco Bangoy International Airport,8.9,DVO,airport,0.627,0.0,,0.313,7.0744,125.7083
Bhubaneshwar,India,IN,21,762243,,BBI,Biju Patnaik International Airport,3.1,BBI,pop100k+airport,0.624,0.0,,0.312,20.2724,85.8338
Cuttack,India,IN,21,580000,,BBI,Biju Patnaik International Airport,24.7,BBI,pop100k,0.624,0.0,,0.312,20.465,85.8793
Tulsa,United States,US,OK,403505,,TUL,Tulsa International Airport,10.7,TUL,pop100k+airport,0.624,0.0,,0.312,36.154,-95.9928
Aksu,China,CN,13,340020,,AKU,Aksu Hongqipo Airport,8.8,AKU,pop100k+airport,0.625,0.0,,0.312,41.1842,80.2792
Greensboro,United States,US,NC,285342,,GSO,Piedmont Triad International Airport,13.4,GSO,pop100k+airport,0.623,0.0,,0.312,36.0726,-79.792
Hakodate,Japan,JP,12,275730,,HKD,Hakodate Airport,7.1,HKD,pop100k+airport,0.624,0.0,,0.312,41.7758,140.7367
Linyi,China,CN,25,270669,,LYI,Linyi Qiyang Airport,6.4,LYI,pop100k+airport,0.623,0.0,,0.312,35.0631,118.3428
Pyatigorsk,Russia,RU,70,142865,,MRV,Mineralnye Vody Airport,19.7,MRV,pop100k,0.625,0.0,,0.312,44.0486,43.0594
Lafayette,United States,US,LA,127657,,LFT,Lafayette Regional Airport,3.7,LFT,pop100k+airport,0.624,0.0,,0.312,30.2241,-92.0198
High Point,United States,US,NC,110268,,GSO,Piedmont Triad International Airport,17.1,GSO,pop100k,0.623,0.0,,0.312,35.9557,-80.0053
Broken Arrow,United States,US,OK,106563,,TUL,Tulsa International Airport,18.2,TUL,pop100k,0.624,0.0,,0.312,36.0526,-95.7908
Mineralnye Vody,Russia,RU,70,76280,,MRV,Mineralnye Vody Airport,4.6,MRV,airport,0.625,0.0,,0.312,44.2103,43.1353
Appleton,United States,US,WI,74139,,ATW,Appleton International Airport,8.3,ATW,airport,0.624,0.0,,0.312,44.2619,-88.4154
Khanty-Mansiysk,Russia,RU,32,67800,,HMA,Khanty Mansiysk Airport,5.3,HMA,airport,0.624,0.0,,0.312,61.0042,69.0019
Nelson,New Zealand,NZ,F5,59200,,NSN,Nelson Airport,6.1,NSN,airport,0.623,0.0,,0.312,-41.2708,173.284
Owasso,United States,US,OK,34542,,TUL,Tulsa International Airport,8.5,TUL,airport,0.624,0.0,,0.312,36.2695,-95.8547
Maó,Spain,ES,07,29125,,MAH,Menorca Airport,5.0,MAH,airport,0.624,0.0,,0.312,39.8885,4.2658
Neenah,United States,US,WI,25792,,ATW,Appleton International Airport,9.2,ATW,airport,0.624,0.0,,0.312,44.1858,-88.4626
Tegucigalpa,Honduras,HN,08,850848,yes,TGU,Toncontín Airport,2.6,TGU,pop100k+capital+airport,0.621,0.0,,0.311,14.0818,-87.2068
Aomori,Japan,JP,03,298394,,AOJ,Aomori Airport,9.9,AOJ,pop100k+airport,0.623,0.0,,0.311,40.8167,140.7333
Hirosaki,Japan,JP,03,174972,,AOJ,Aomori Airport,24.1,AOJ,pop100k,0.623,0.0,,0.311,40.5931,140.4725
Bahir Dar,Ethiopia,ET,46,168899,,BJR,Bahir Dar Airport,7.7,BJR,pop100k+airport,0.622,0.0,,0.311,11.5936,37.3908
Matsue,Japan,JP,36,156811,,IZO,Izumo Enmusubi Airport,16.4,IZO+YGJ,pop100k,0.623,0.0,,0.311,35.4833,133.05
Bintulu,Malaysia,MY,11,151617,,BTU,Bintulu Airport,5.0,BTU,pop100k+airport,0.622,0.0,,0.311,3.1667,113.0333
Goma,DR Congo,CD,11,144124,,GOM,Goma International Airport,1.3,GOM,pop100k+airport,0.622,0.0,,0.311,-1.6741,29.2284
Columbia,United States,US,SC,133803,,CAE,Columbia Metropolitan Airport,10.7,CAE,pop100k+airport,0.622,0.0,,0.311,34.0007,-81.0348
Izumo,Japan,JP,36,89286,,IZO,Izumo Enmusubi Airport,12.3,IZO,airport,0.623,0.0,,0.311,35.3667,132.7667
Gisenyi,Rwanda,RW,14,83623,,GOM,Goma International Airport,4.5,GOM,airport,0.622,0.0,,0.311,-1.7028,29.2564
Saint George,United States,US,UT,72897,,SGU,St George Regional Airport,10.0,SGU,airport,0.623,0.0,,0.311,37.1041,-113.5841
Sandefjord,Norway,NO,38,42654,,TRF,"Sandefjord Airport, Torp",6.6,TRF,airport,0.623,0.0,,0.311,59.1312,10.2166
Hiratachō,Japan,JP,36,28154,,IZO,Izumo Enmusubi Airport,7.0,IZO,airport,0.623,0.0,,0.311,35.4333,132.8167
Labasa,Fiji,FJ,03,27949,,LBS,Labasa Airport,4.6,LBS,airport,0.623,0.0,,0.311,-16.4332,179.3645
Namioka,Japan,JP,03,20681,,AOJ,Aomori Airport,8.7,AOJ,airport,0.623,0.0,,0.311,40.7107,140.5905
Ouagadougou,Burkina Faso,BF,03,1086505,yes,OUA,Ouagadougou Thomas Sankara International Airport,2.7,OUA,pop100k+capital+airport,0.619,0.0,,0.31,12.3657,-1.5339
Uberlândia,Brazil,BR,15,563536,,UDI,Ten. Cel. Aviador César Bombonato Airport,6.7,UDI,pop100k+airport,0.62,0.0,,0.31,-18.9186,-48.2772
Skopje,North Macedonia,MK,F6,474889,yes,SKP,Skopje International Airport,16.4,SKP,pop100k+capital,0.619,0.0,,0.31,41.9965,21.4314
Launceston,Australia,AU,06,106153,,LST,Launceston Airport,13.4,LST,pop100k,0.619,0.0,,0.31,-41.4388,147.1347
Kisela Voda,North Macedonia,MK,F6,58216,,SKP,Skopje International Airport,10.0,SKP,airport,0.619,0.0,,0.31,41.9489,21.5028
Harare,Zimbabwe,ZW,10,1542813,yes,HRE,Robert Gabriel Mugabe International Airport,12.3,HRE,pop100k+capital+airport,0.618,0.0,,0.309,-17.8277,31.0534
Chitungwiza,Zimbabwe,ZW,10,340360,,HRE,Robert Gabriel Mugabe International Airport,9.2,HRE,pop100k+airport,0.618,0.0,,0.309,-18.0127,31.0755
Maastricht,Netherlands,NL,05,122378,,MST,Maastricht Aachen Airport,9.0,MST,pop100k+airport,0.619,0.0,,0.309,50.8483,5.6889
Davenport,United States,US,IA,102582,,MLI,Quad City International Airport,10.2,MLI,pop100k,0.618,0.0,,0.309,41.5236,-90.5776
Les Abymes,Guadeloupe,GP,GP,63058,,PTP,Maryse Condé International Airport,3.1,PTP,airport,0.618,0.0,,0.309,16.273,-61.5051
Arrecife,Spain,ES,53,59127,,ACE,César Manrique-Lanzarote Airport,5.9,ACE,airport,0.618,0.0,,0.309,28.963,-13.5477
Moline,United States,US,IL,42681,,MLI,Quad City International Airport,6.5,MLI,airport,0.618,0.0,,0.309,41.5067,-90.5151
Rock Island,United States,US,IL,38620,,MLI,Quad City International Airport,9.0,MLI,airport,0.618,0.0,,0.309,41.5095,-90.5787
Maasmechelen,Belgium,BE,VLG,36251,,MST,Maastricht Aachen Airport,8.0,MST,airport,0.619,0.0,,0.309,50.9654,5.6945
Bettendorf,United States,US,IA,35505,,MLI,Quad City International Airport,8.5,MLI,airport,0.618,0.0,,0.309,41.5245,-90.5157
Geleen,Netherlands,NL,05,32790,,MST,Maastricht Aachen Airport,8.2,MST,airport,0.619,0.0,,0.309,50.9742,5.8292
Baie-Mahault,Guadeloupe,GP,GP,30551,,PTP,Maryse Condé International Airport,5.6,PTP,airport,0.618,0.0,,0.309,16.2674,-61.5854
Puerto del Carmen,Spain,ES,53,30000,,ACE,César Manrique-Lanzarote Airport,6.4,ACE,airport,0.618,0.0,,0.309,28.9231,-13.6658
Le Gosier,Guadeloupe,GP,GP,28698,,PTP,Maryse Condé International Airport,7.8,PTP,airport,0.618,0.0,,0.309,16.2062,-61.4931
Lanaken,Belgium,BE,VLG,24771,,MST,Maastricht Aachen Airport,8.8,MST,airport,0.619,0.0,,0.309,50.8932,5.6468
East Moline,United States,US,IL,21350,,MLI,Quad City International Airport,7.9,MLI,airport,0.618,0.0,,0.309,41.5009,-90.4443
Alexandria,Egypt,EG,06,3811516,,HBE,Alexandria International Airport,36.5,HBE,pop100k+airport,0.617,0.0,,0.308,31.2018,29.9158
Montevideo,Uruguay,UY,10,1270737,yes,MVD,Carrasco General Cesáreo L. Berisso International Airport,16.6,MVD,pop100k+capital,0.616,0.0,,0.308,-34.9033,-56.1882
São Luís,Brazil,BR,13,917237,,SLZ,Marechal Cunha Machado International Airport,9.8,SLZ,pop100k+airport,0.616,0.0,,0.308,-2.5297,-44.3028
João Pessoa,Brazil,BR,17,650883,,JPA,Presidente Castro Pinto International Airport,10.4,JPA,pop100k+airport,0.615,0.0,,0.308,-7.115,-34.8631
Tirana,Albania,AL,50,374801,yes,TIA,Tirana International Airport Mother Teresa,12.7,TIA,pop100k+capital,0.616,0.0,,0.308,41.3275,19.8189
Gainesville,United States,US,FL,130128,,GNV,Gainesville Regional Airport,6.7,GNV,pop100k+airport,0.615,0.0,,0.308,29.6516,-82.3248
Pangkalpinang,Indonesia,ID,35,125933,,PGK,Depati Amir Airport,4.6,PGK,pop100k+airport,0.617,0.0,,0.308,-2.1291,106.1138
Durrës,Albania,AL,42,122034,,TIA,Tirana International Airport Mother Teresa,24.4,TIA,pop100k,0.616,0.0,,0.308,41.3235,19.4547
Santa Rita,Brazil,BR,17,119893,,JPA,Presidente Castro Pinto International Airport,4.9,JPA,pop100k+airport,0.615,0.0,,0.308,-7.1139,-34.9781
Bayeux,Brazil,BR,17,91056,,JPA,Presidente Castro Pinto International Airport,3.3,JPA,airport,0.615,0.0,,0.308,-7.125,-34.9322
Marudi,Malaysia,MY,11,90100,,MUR,Marudi Airport,1.6,MUR,airport,0.616,0.0,,0.308,4.1833,114.3167
Silao,Mexico,MX,11,74242,,BJX,Guanajuato International Airport,7.8,BJX,airport,0.616,0.0,,0.308,20.9436,-101.427
State College,United States,US,PA,42161,,SCE,State College Regional Airport,6.3,SCE,airport,0.617,0.0,,0.308,40.7934,-77.86
Barros Blancos,Uruguay,UY,02,31650,,MVD,Carrasco General Cesáreo L. Berisso International Airport,9.5,MVD,airport,0.616,0.0,,0.308,-34.7524,-56.0026
Yaoundé,Cameroon,CM,11,1299369,yes,NSI,Yaoundé Nsimalen International Airport,16.5,NSI,pop100k+capital+airport,0.614,0.0,,0.307,3.8667,11.5167
Culiacán,Mexico,MX,25,675773,,CUL,Bachigualato Federal International Airport,9.3,CUL,pop100k+airport,0.613,0.0,,0.307,24.7903,-107.3878
Oran,Algeria,DZ,09,645984,,ORN,Oran Es-Sénia (Ahmed Ben Bella) International Airport,8.8,ORN,pop100k+airport,0.614,0.0,,0.307,35.6991,-0.6359
Poznań,Poland,PL,86,570352,,POZ,Poznań-Ławica Airport,7.4,POZ,pop100k+airport,0.615,0.0,,0.307,52.4069,16.9299
Newcastle,Australia,AU,02,308308,,NTL,Newcastle Airport,15.7,NTL,pop100k,0.615,0.0,,0.307,-32.9295,151.7801
Münster,Germany,DE,07,270184,,FMO,Münster Osnabrück Airport,19.5,FMO,pop100k,0.614,0.0,,0.307,51.9624,7.6257
Labuan,Malaysia,MY,15,73653,,LBU,Labuan Airport,2.4,LBU,airport,0.613,0.0,,0.307,5.2803,115.2475
Es Senia,Algeria,DZ,09,68084,,ORN,Oran Es-Sénia (Ahmed Ben Bella) International Airport,3.0,ORN,airport,0.614,0.0,,0.307,35.6478,-0.624
Kannur,India,IN,13,62836,,CNN,Kannur International Airport,21.1,CNN,airport,0.614,0.0,,0.307,11.8675,75.3576
Idaho Falls,United States,US,ID,59184,,IDA,Idaho Falls Regional Airport,6.1,IDA,airport,0.615,0.0,,0.307,43.4666,-112.0341
Bandar Labuan,Malaysia,MY,16,54752,,LBU,Labuan Airport,2.7,LBU,airport,0.613,0.0,,0.307,5.2888,115.2692
Mattanur,India,IN,13,45521,,CNN,Kannur International Airport,3.3,CNN,airport,0.614,0.0,,0.307,11.9302,75.5715
Greven,Germany,DE,07,35080,,FMO,Münster Osnabrück Airport,7.8,FMO,airport,0.614,0.0,,0.307,52.0936,7.594
Luboń,Poland,PL,86,26431,,POZ,Poznań-Ławica Airport,9.5,POZ,airport,0.615,0.0,,0.307,52.3471,16.8927
Birkirkara,Malta,MT,04,21676,,MLA,Malta International Airport,6.3,GZM+MLA,airport,0.614,0.0,,0.307,35.8972,14.4611
Kīsh,Iran,IR,11,20922,,KIH,Kish International Airport,5.3,KIH,airport,0.613,0.0,,0.307,26.5578,54.0194
Valletta,Malta,MT,60,6794,yes,MLA,Malta International Airport,6.3,MLA,capital,0.614,0.0,,0.307,35.8997,14.5148
Tabriz,Iran,IR,33,1424641,,TBZ,Tabriz International Airport,7.8,TBZ,pop100k+airport,0.612,0.0,,0.306,38.08,46.2919
Adana,Türkiye,TR,81,1248988,,ADA,Adana Şakirpaşa Airport,4.0,ADA+COV,pop100k+airport,0.613,0.0,,0.306,36.9862,35.3253
Baku,Azerbaijan,AZ,09,1116513,yes,GYD,Heydar Aliyev International Airport,17.1,GYD,pop100k+capital+airport,0.612,0.0,,0.306,40.3777,49.892
Yerevan,Armenia,AM,11,1093485,yes,EVN,Zvartnots International Airport,10.5,EVN,pop100k+capital+airport,0.613,0.0,,0.306,40.1811,44.5136
Amritsar,India,IN,23,1092450,,ATQ,Sri Guru Ram Das Ji International Airport,12.2,ATQ,pop100k+airport,0.612,0.0,,0.306,31.6223,74.8753
Erbil,Iraq,IQ,11,932800,,EBL,Erbil International Airport,8.3,EBL,pop100k+airport,0.612,0.0,,0.306,36.1833,44.0119
Thiruvananthapuram,India,IN,13,784153,,TRV,Thiruvananthapuram International Airport,3.2,TRV,pop100k+airport,0.613,0.0,,0.306,8.4855,76.9492
Ashgabat,Turkmenistan,TM,S,727700,yes,ASB,Ashgabat International Airport,4.5,ASB,pop100k+capital+airport,0.612,0.0,,0.306,37.95,58.3833
Hermosillo,Mexico,MX,26,715061,,HMO,General Ignacio L. Pesqueira International Airport,7.4,HMO,pop100k+airport,0.612,0.0,,0.306,29.1026,-110.9773
Matsuyama,Japan,JP,05,443322,,MYJ,Matsuyama Airport,6.2,MYJ,pop100k+airport,0.612,0.0,,0.306,33.8392,132.7657
Kozhikode,India,IN,13,439922,,CCJ,Calicut International Airport,22.8,CCJ,pop100k,0.613,0.0,,0.306,11.248,75.7804
Palu,Indonesia,ID,21,282431,,PLW,Mutiara - SIS Al-Jufrie Airport,4.3,PLW,pop100k+airport,0.612,0.0,,0.306,-0.9083,119.8708
Scranton,United States,US,PA,77118,,AVP,Wilkes-Barre/Scranton International Airport,9.4,AVP,airport,0.612,0.0,,0.306,41.4092,-75.6649
Bakıxanov,Azerbaijan,AZ,09,66686,,GYD,Heydar Aliyev International Airport,9.3,GYD,airport,0.612,0.0,,0.306,40.4189,49.9669
Vagharshapat,Armenia,AM,03,46540,,EVN,Zvartnots International Airport,9.0,EVN,airport,0.613,0.0,,0.306,40.1656,44.2946
Maştağa,Azerbaijan,AZ,09,40092,,GYD,Heydar Aliyev International Airport,7.4,GYD,airport,0.612,0.0,,0.306,40.5298,50.0062
Iyo,Japan,JP,05,30760,,MYJ,Matsuyama Airport,8.4,MYJ,airport,0.612,0.0,,0.306,33.7514,132.7014
Masaki-chō,Japan,JP,05,30548,,MYJ,Matsuyama Airport,4.5,MYJ,airport,0.612,0.0,,0.306,33.7876,132.7112
Amirdzhan,Azerbaijan,AZ,09,26798,,GYD,Heydar Aliyev International Airport,7.7,GYD,airport,0.612,0.0,,0.306,40.4264,49.9836
Buzovna,Azerbaijan,AZ,09,24795,,GYD,Heydar Aliyev International Airport,7.4,GYD,airport,0.612,0.0,,0.306,40.519,50.1144
Biny Selo,Azerbaijan,AZ,09,24596,,GYD,Heydar Aliyev International Airport,3.9,GYD,airport,0.612,0.0,,0.306,40.4508,50.0869
Zabrat,Azerbaijan,AZ,09,21396,,GYD,Heydar Aliyev International Airport,9.3,GYD,airport,0.612,0.0,,0.306,40.4775,49.9417
Sabunçu,Azerbaijan,AZ,09,20996,,GYD,Heydar Aliyev International Airport,9.3,GYD,airport,0.612,0.0,,0.306,40.4425,49.9481
Durban,South Africa,ZA,02,3120282,,DUR,King Shaka International Airport,28.4,DUR,pop100k+airport,0.609,0.0,,0.305,-29.8579,31.0292
Port-au-Prince,Haiti,HT,11,1234742,yes,PAP,Toussaint Louverture International Airport,6.3,PAP,pop100k+capital+airport,0.61,0.0,,0.305,18.5435,-72.3388
Hiroshima,Japan,JP,11,1143841,,HIJ,Hiroshima Airport,43.2,HIJ,pop100k+airport,0.61,0.0,,0.305,34.4,132.45
Srinagar,India,IN,12,975857,,SXR,Sheikh ul Alam International Airport,11.3,SXR,pop100k+airport,0.611,0.0,,0.305,34.0857,74.8055
Tainan,Taiwan,TW,04,771235,,TNN,Tainan International Airport / Tainan Air Base,4.6,TNN,pop100k+airport,0.61,0.0,,0.305,22.9908,120.2133
Wrocław,Poland,PL,72,634893,,WRO,Copernicus Wrocław Airport,10.6,WRO,pop100k+airport,0.61,0.0,,0.305,51.1,17.0333
Kaliningrad,Russia,RU,23,434954,,KGD,Khrabrovo Airport,21.3,KGD,pop100k+airport,0.61,0.0,,0.305,54.7065,20.511
Delmas 73,Haiti,HT,11,382920,,PAP,Toussaint Louverture International Airport,4.1,PAP,pop100k+airport,0.61,0.0,,0.305,18.5447,-72.3028
Pétionville,Haiti,HT,11,283052,,PAP,Toussaint Louverture International Airport,7.5,PAP,pop100k+airport,0.61,0.0,,0.305,18.5125,-72.2853
Croix-des-Bouquets,Haiti,HT,11,229127,,PAP,Toussaint Louverture International Airport,7.0,PAP,pop100k+airport,0.61,0.0,,0.305,18.5768,-72.2262
Oceanside,United States,US,CA,175691,,CLD,McClellan-Palomar Airport,11.9,CLD,pop100k,0.611,0.0,,0.305,33.1959,-117.3795
Sioux Falls,United States,US,SD,171544,,FSD,Sioux Falls Regional Airport,5.1,FSD,pop100k+airport,0.61,0.0,,0.305,43.55,-96.7003
Escondido,United States,US,CA,151451,,CLD,McClellan-Palomar Airport,18.1,CLD,pop100k,0.611,0.0,,0.305,33.1192,-117.0864
Carlsbad,United States,US,CA,113453,,CLD,McClellan-Palomar Airport,7.4,CLD,pop100k+airport,0.611,0.0,,0.305,33.1581,-117.3506
Soyībug,India,IN,12,104000,,SXR,Sheikh ul Alam International Airport,11.8,SXR,pop100k,0.611,0.0,,0.305,34.0768,74.7057
Vista,United States,US,CA,100890,,CLD,McClellan-Palomar Airport,8.7,CLD,pop100k+airport,0.611,0.0,,0.305,33.2,-117.2425
Zhangjiajie,China,CN,11,86083,,DYG,Zhangjiajie Hehua International Airport,4.4,DYG,airport,0.611,0.0,,0.305,29.1294,110.4783
Trenton,United States,US,NJ,84225,,TTN,Trenton Mercer Airport,8.9,TTN,airport,0.611,0.0,,0.305,40.2171,-74.7429
Brindisi,Italy,IT,13,78548,,BDS,Brindisi Airport,3.0,BDS,airport,0.61,0.0,,0.305,40.6322,17.9361
Lancaster,United States,US,PA,59339,,LNS,Lancaster Airport,9.4,LNS,airport,0.609,0.0,,0.305,40.0379,-76.3055
Ewing,United States,US,NJ,36559,,TTN,Trenton Mercer Airport,1.4,TTN,airport,0.611,0.0,,0.305,40.2698,-74.7999
Ordos,China,CN,20,1940653,,DSN,Ordos Ejin Horo International Airport,14.5,DSN,pop100k+airport,0.608,0.0,,0.304,39.6086,109.7816
Ahvaz,Iran,IR,15,841145,,AWZ,Qasem Soleimani International Airport,7.8,AWZ,pop100k+airport,0.607,0.0,,0.304,31.319,48.6842
Zunyi,China,CN,18,466292,,ZYI,Zunyi Xinzhou Airport,36.2,WMT+ZYI,pop100k+airport,0.609,0.0,,0.304,27.6867,106.9072
Wichita,United States,US,KS,389965,,ICT,Wichita Dwight D. Eisenhower National Airport,9.3,ICT,pop100k+airport,0.607,0.0,,0.304,37.6922,-97.3375
Windhoek,Namibia,NA,21,268132,yes,WDH,Hosea Kutako International Airport,40.8,ERS+WDH,pop100k+capital+airport,0.607,0.0,,0.304,-22.5594,17.0832
Dire Dawa,Ethiopia,ET,48,252279,,DIR,Aba Tenna Dejazmach Yilma International Airport,3.6,DIR,pop100k+airport,0.608,0.0,,0.304,9.5931,41.8661
Livorno,Italy,IT,16,153773,,PSA,Pisa International Airport,16.4,PSA,pop100k,0.607,0.0,,0.304,43.5443,10.3262
Pisa,Italy,IT,16,77007,,PSA,Pisa International Airport,2.9,PSA,airport,0.607,0.0,,0.304,43.7085,10.4036
Palmerston North,New Zealand,NZ,F3,75996,,PMR,Palmerston North Airport,4.0,PMR,airport,0.607,0.0,,0.304,-40.3564,175.6111
San Andrés,Colombia,CO,25,58257,,ADZ,Gustavo Rojas Pinilla International Airport,0.5,ADZ,airport,0.609,0.0,,0.304,12.5832,-81.7064
Moroni,Comoros,KM,02,42872,yes,HAH,Prince Said Ibrahim International Airport,18.8,HAH,capital+airport,0.609,0.0,,0.304,-11.7022,43.2551
Linton Military Camp,New Zealand,NZ,F3,0,yes,PMR,Palmerston North Airport,9.6,PMR,capital,0.607,0.0,,0.304,-40.4031,175.583
Varanasi,India,IN,36,1164404,,VNS,Lal Bahadur Shastri International Airport,21.2,VNS,pop100k+airport,0.606,0.0,,0.303,25.3167,83.0104
Sendai,Japan,JP,24,1063103,,SDJ,Sendai Airport,14.8,SDJ,pop100k,0.605,0.0,,0.303,38.2667,140.8667
Libreville,Gabon,GA,01,578156,yes,LBV,Libreville Leon M'ba International Airport,8.7,LBV,pop100k+capital+airport,0.607,0.0,,0.303,0.3924,9.4536
Shymkent,Kazakhstan,KZ,1537272,414032,,CIT,Shymkent International Airport,12.5,CIT,pop100k+airport,0.606,0.0,,0.303,42.3,69.6
Katowice,Poland,PL,83,317316,,KTW,Katowice Wojciech Korfanty International Airport,24.5,KTW,pop100k+airport,0.606,0.0,,0.303,50.2584,19.0275
Sosnowiec,Poland,PL,83,227295,,KTW,Katowice Wojciech Korfanty International Airport,21.1,KTW,pop100k,0.606,0.0,,0.303,50.2868,19.1039
Bytom,Poland,PL,83,189186,,KTW,Katowice Wojciech Korfanty International Airport,17.7,KTW,pop100k,0.606,0.0,,0.303,50.348,18.9328
Labuan Bajo,Indonesia,ID,18,188724,,LBJ,Komodo Airport,1.7,LBJ,pop100k+airport,0.607,0.0,,0.303,-8.4964,119.8877
Jackson,United States,US,MS,170674,,JAN,Jackson-Medgar Wiley Evers International Airport,10.3,JAN,pop100k+airport,0.606,0.0,,0.303,32.2988,-90.1848
Dąbrowa Górnicza,Poland,PL,83,130601,,KTW,Katowice Wojciech Korfanty International Airport,18.1,KTW,pop100k,0.606,0.0,,0.303,50.3339,19.2048
Dunedin,New Zealand,NZ,F7,114347,,DUD,Dunedin International Airport,24.4,DUD,pop100k+airport,0.606,0.0,,0.303,-45.8742,170.5036
Chorzów,Poland,PL,83,113430,,KTW,Katowice Wojciech Korfanty International Airport,20.4,KTW,pop100k,0.606,0.0,,0.303,50.3058,18.9742
Hurghada,Egypt,EG,02,95622,,HRG,Hurghada International Airport,9.1,HRG,airport,0.607,0.0,,0.303,27.2574,33.8129
Norrköping,Sweden,SE,16,93765,,NRK,Norrköping Airport,4.0,NRK,airport,0.605,0.0,,0.303,58.5942,16.1826
Bloomington,United States,US,IL,78292,,BMI,Central Illinois Regional Airport at Bloomington-Normal,6.6,BMI,airport,0.607,0.0,,0.303,40.4842,-88.9937
Normal,United States,US,IL,54373,,BMI,Central Illinois Regional Airport at Bloomington-Normal,7.5,BMI,airport,0.607,0.0,,0.303,40.5142,-88.9906
Iwanuma,Japan,JP,24,42411,,SDJ,Sendai Airport,6.4,SDJ,airport,0.605,0.0,,0.303,38.1047,140.8594
Hilton Head Island,United States,US,SC,40512,,HHH,Hilton Head Airport,5.1,HHH,airport,0.605,0.0,,0.303,32.1938,-80.7382
Hilton Head,United States,US,SC,37099,,HHH,Hilton Head Airport,5.3,HHH,airport,0.605,0.0,,0.303,32.2163,-80.7526
Pearl,United States,US,MS,26462,,JAN,Jackson-Medgar Wiley Evers International Airport,6.7,JAN,airport,0.606,0.0,,0.303,32.2746,-90.132
Saint John’s,Antigua and Barbuda,AG,04,24226,yes,ANU,V. C. Bird International Airport,5.7,ANU,capital+airport,0.605,0.0,,0.303,17.121,-61.8433
Brandon,United States,US,MS,23529,,JAN,Jackson-Medgar Wiley Evers International Airport,9.5,JAN,airport,0.606,0.0,,0.303,32.2732,-89.9859
Rosario,Argentina,AR,21,1173533,,ROS,Rosario Islas Malvinas International Airport,14.4,ROS,pop100k+airport,0.603,0.0,,0.302,-32.9468,-60.6393
Goyang-si,South Korea,KR,13,1073069,,GMP,Gimpo International Airport,11.6,GMP,pop100k,0.604,0.0,,0.302,37.6564,126.835
Port Elizabeth,South Africa,ZA,05,967677,,PLZ,Chief Dawid Stuurman International Airport,3.2,PLZ,pop100k+airport,0.603,0.0,,0.302,-33.9611,25.6149
Bucheon-si,South Korea,KR,13,850731,,GMP,Gimpo International Airport,6.6,GMP,pop100k+airport,0.604,0.0,,0.302,37.4989,126.7831
Anyang-si,South Korea,KR,13,634367,,GMP,Gimpo International Airport,22.0,GMP,pop100k,0.604,0.0,,0.302,37.3925,126.9269
Surakarta,Indonesia,ID,07,555308,,SOC,Adisoemarmo International Airport,9.3,SOC,pop100k+airport,0.604,0.0,,0.302,-7.5561,110.8317
Kwangmyŏng,South Korea,KR,13,357545,,GMP,Gimpo International Airport,11.2,GMP,pop100k,0.604,0.0,,0.302,37.4772,126.8664
Ciudad del Este,Paraguay,PY,01,320782,,IGU,Cataratas International Airport,15.4,AGT+IGU,pop100k+airport,0.605,0.0,,0.302,-25.5097,-54.6111
Miyazaki,Japan,JP,25,311203,,KMI,Miyazaki Airport,5.3,KMI,pop100k+airport,0.603,0.0,,0.302,31.9167,131.4167
Foz do Iguaçu,Brazil,BR,18,293523,,IGU,Cataratas International Airport,11.2,IGR+IGU,pop100k+airport,0.605,0.0,,0.302,-25.5478,-54.5881
Trabzon,Türkiye,TR,61,244083,,TZX,Trabzon International Airport,5.4,TZX,pop100k+airport,0.603,0.0,,0.302,41.005,39.7269
Baton Rouge,United States,US,LA,228590,,BTR,Baton Rouge Metropolitan Airport,10.6,BTR,pop100k+airport,0.605,0.0,,0.302,30.4433,-91.1875
Liège,Belgium,BE,WAL,182597,,LGG,Liège Airport,8.7,LGG,pop100k+airport,0.604,0.0,,0.302,50.6337,5.5675
Split,Croatia,HR,15,176314,,SPU,Split Saint Jerome Airport,11.9,SPU,pop100k+airport,0.603,0.0,,0.302,43.5089,16.4392
Puerto Montt,Chile,CL,14,160054,,PMC,El Tepual International Airport,13.0,PMC,pop100k+airport,0.604,0.0,,0.302,-41.4693,-72.9424
Grogol,Indonesia,ID,07,100613,,SOC,Adisoemarmo International Airport,11.6,SOC,pop100k,0.604,0.0,,0.302,-7.6011,110.8186
Kartasura,Indonesia,ID,07,88927,,SOC,Adisoemarmo International Airport,4.5,SOC,airport,0.604,0.0,,0.302,-7.5519,110.7378
Seraing,Belgium,BE,WAL,60737,,LGG,Liège Airport,7.3,LGG,airport,0.604,0.0,,0.302,50.5836,5.5011
Bastia,France,FR,94,41001,,BIA,Bastia-Poretta International airport,16.9,BIA,airport,0.604,0.0,,0.302,42.7028,9.45
Bodrum,Türkiye,TR,48,39317,,BJV,Milas Bodrum International Airport,31.4,BJV,airport,0.604,0.0,,0.302,37.0383,27.4292
Prince Albert,Canada,CA,11,35102,,YPA,Prince Albert Glass Field,6.5,YPA,airport,0.603,0.0,,0.302,53.2001,-105.7677
Salisbury,United States,US,MD,32899,,SBY,Salisbury Ocean City Wicomico Regional Airport,8.1,SBY,airport,0.604,0.0,,0.302,38.3607,-75.5994
Granadero Baigorria,Argentina,AR,21,32427,,ROS,Rosario Islas Malvinas International Airport,8.2,ROS,airport,0.603,0.0,,0.302,-32.8568,-60.7175
Puerto Iguazú,Argentina,AR,14,32038,,IGU,Cataratas International Airport,8.5,IGR+IGU,airport,0.605,0.0,,0.302,-25.5991,-54.5735
Ans,Belgium,BE,WAL,27297,,LGG,Liège Airport,6.0,LGG,airport,0.604,0.0,,0.302,50.6623,5.5203
Colomadu,Indonesia,ID,07,26274,,SOC,Adisoemarmo International Airport,2.1,SOC,airport,0.604,0.0,,0.302,-7.5333,110.75
Flémalle-Haute,Belgium,BE,WAL,25144,,LGG,Liège Airport,4.3,LGG,airport,0.604,0.0,,0.302,50.5999,5.4447
Ngemplak,Indonesia,ID,07,23750,,SOC,Adisoemarmo International Airport,5.9,SOC,airport,0.604,0.0,,0.302,-7.5497,110.7164
Saint-Nicolas,Belgium,BE,WAL,22586,,LGG,Liège Airport,6.3,LGG,airport,0.604,0.0,,0.302,50.6284,5.5324
Mendoza,Argentina,AR,13,876884,,MDZ,Governor Francisco Gabrielli International Airport,7.3,MDZ,pop100k+airport,0.602,0.0,,0.301,-32.8908,-68.8272
Padang,Indonesia,ID,24,840352,,PDG,Minangkabau International Airport,19.9,PDG,pop100k,0.602,0.0,,0.301,-0.9492,100.3543
Pekanbaru,Indonesia,ID,37,703956,,PKU,Sultan Syarif Kasim II International Airport / Roesmin Nurjadin AFB,6.5,PKU,pop100k+airport,0.601,0.0,,0.301,0.5167,101.4417
Haiphong,Vietnam,VN,13,602695,,HPH,Cat Bi International Airport,6.8,HPH,pop100k+airport,0.603,0.0,,0.301,20.8648,106.6834
Juba,South Sudan,SS,11550569,450000,yes,JUB,Juba International Airport,3.1,JUB,pop100k+capital+airport,0.603,0.0,,0.301,4.8517,31.5825
Kochi,Japan,JP,20,335570,,KCZ,Kochi Ryoma Airport,12.7,KCZ,pop100k,0.603,0.0,,0.301,33.55,133.5333
Bahía Blanca,Argentina,AR,01,276546,,BHI,Comandante Espora Airport,9.0,BHI,pop100k+airport,0.603,0.0,,0.301,-38.7196,-62.2724
Syktyvkar,Russia,RU,34,230139,,SCW,Syktyvkar Airport,2.5,SCW,pop100k+airport,0.602,0.0,,0.301,61.664,50.815
Vinh,Vietnam,VN,58,163759,,VII,Vinh Airport,7.5,VII,pop100k+airport,0.602,0.0,,0.301,18.6734,105.6923
Calama,Chile,CL,03,143084,,CJC,El Loa Airport,5.1,CJC,pop100k+airport,0.602,0.0,,0.301,-22.4567,-68.9237
Comodoro Rivadavia,Argentina,AR,04,140850,,CRD,General Enrique Mosconi International Airport,9.0,CRD,pop100k+airport,0.601,0.0,,0.301,-45.8641,-67.4966
Peoria,United States,US,IL,115070,,PIA,General Wayne A. Downing Peoria International Airport,9.3,PIA,pop100k+airport,0.601,0.0,,0.301,40.6936,-89.589
North Peoria,United States,US,IL,113004,,PIA,General Wayne A. Downing Peoria International Airport,10.9,PIA,pop100k,0.601,0.0,,0.301,40.7175,-89.5843
Yên Vinh,Vietnam,VN,58,107082,,VII,Vinh Airport,7.9,VII,pop100k+airport,0.602,0.0,,0.301,18.6667,105.6667
Bridgetown,Barbados,BB,08,98511,yes,BGI,Grantley Adams International Airport,14.5,BGI,capital+airport,0.601,0.0,,0.301,13.1073,-59.6202
Rapid City,United States,US,SD,73569,,RAP,Rapid City Regional Airport,14.4,RAP,airport,0.602,0.0,,0.301,44.0805,-103.231
Prince George,Canada,CA,02,65558,,YXS,Prince George (International) Airport,6.7,YXS,airport,0.602,0.0,,0.301,53.9166,-122.753
Manokwari,Indonesia,ID,39,53190,,MKW,Rendani Airport,3.6,MKW,airport,0.603,0.0,,0.301,-0.8629,134.064
Memmingen,Germany,DE,02,41135,,FMM,Memmingen Allgau Airport,4.0,FMM,airport,0.601,0.0,,0.301,47.9837,10.1853
East Peoria,United States,US,IL,23080,,PIA,General Wayne A. Downing Peoria International Airport,9.5,PIA,airport,0.601,0.0,,0.301,40.6662,-89.5801
Kalispell,United States,US,MT,22052,,FCA,Glacier Park International Airport,13.4,FCA,airport,0.601,0.0,,0.301,48.1958,-114.3129
Chelyabinsk,Russia,RU,13,1062919,,CEK,Kurchatov Chelyabinsk International Airport,17.3,CEK,pop100k+airport,0.6,0.0,,0.3,55.154,61.4291
Lilongwe,Malawi,MW,C,646750,yes,LLW,Kamuzu International Airport,19.8,LLW,pop100k+capital,0.6,0.0,,0.3,-13.9669,33.7873
Yancheng,China,CN,04,628441,,YNZ,Yancheng Nanyang International Airport,9.1,YNZ,pop100k+airport,0.6,0.0,,0.3,33.3575,120.1573
Colorado Springs,United States,US,CO,456568,,COS,City of Colorado Springs Municipal Airport,10.9,COS,pop100k+airport,0.6,0.0,,0.3,38.8339,-104.8214
Ndola,Zambia,ZM,08,394518,,NLA,Simon Mwansa Kapwepwe International Airport,13.1,NLA,pop100k+airport,0.601,0.0,,0.3,-12.9587,28.6366
Mianyang,China,CN,32,264136,,MIG,Mianyang Nanjiao Airport,7.2,MIG,pop100k+airport,0.601,0.0,,0.3,31.4678,104.6817
Jerez de la Frontera,Spain,ES,51,207532,,XRY,Jerez Airport,9.4,XRY,pop100k+airport,0.599,0.0,,0.3,36.6865,-6.1361
Aktau,Kazakhstan,KZ,09,147443,,SCO,Aktau International Airport,24.1,SCO,pop100k+airport,0.6,0.0,,0.3,43.65,51.1667
Luanshya,Zambia,ZM,08,113365,,NLA,Simon Mwansa Kapwepwe International Airport,21.9,NLA,pop100k,0.601,0.0,,0.3,-13.1367,28.4166
Klagenfurt am Wörthersee,Austria,AT,02,90610,,KLU,Klagenfurt Airport,3.2,KLU,airport,0.6,0.0,,0.3,46.6247,14.3053
Kristiansand,Norway,NO,42,63814,,KRS,Kristiansand Airport,8.3,KRS,airport,0.6,0.0,,0.3,58.1467,7.9956
Mamoudzou,Mayotte,YT,97611,54831,yes,DZA,Dzaoudzi Pamandzi International Airport,6.5,DZA,capital+airport,0.6,0.0,,0.3,-12.7823,45.2288
Security-Widefield,United States,US,CO,32882,,COS,City of Colorado Springs Municipal Airport,6.6,COS,airport,0.6,0.0,,0.3,38.7473,-104.7144
Bandung,Indonesia,ID,30,1699719,,BDO,Husein Sastranegara International Airport,4.2,BDO,pop100k+airport,0.598,0.0,,0.299,-6.9222,107.6069
Santiago de los Caballeros,Dominican Republic,DO,25,1200000,,STI,Cibao International Airport,11.1,STI,pop100k,0.598,0.0,,0.299,19.4517,-70.697
Visakhapatnam,India,IN,02,1063178,,VTZ,Visakhapatnam International Airport,5.6,VTZ,pop100k+airport,0.598,0.0,,0.299,17.6801,83.2016
Kumamoto,Japan,JP,21,680423,,KMJ,Kumamoto Airport,15.6,KMJ,pop100k+airport,0.598,0.0,,0.299,32.8059,130.6918
Cimahi,Indonesia,ID,30,493698,,BDO,Husein Sastranegara International Airport,4.9,BDO,pop100k+airport,0.598,0.0,,0.299,-6.8722,107.5425
Aracaju,Brazil,BR,28,490175,,AJU,Aracaju - Santa Maria Airport,8.1,AJU,pop100k+airport,0.597,0.0,,0.299,-10.9111,-37.0717
Gajuwaka,India,IN,02,258944,,VTZ,Visakhapatnam International Airport,2.9,VTZ,pop100k+airport,0.598,0.0,,0.299,17.7,83.2167
Lembang,Indonesia,ID,30,183130,,BDO,Husein Sastranegara International Airport,10.9,BDO,pop100k,0.598,0.0,,0.299,-6.8117,107.6175
Banjaran,Indonesia,ID,30,164952,,BDO,Husein Sastranegara International Airport,16.1,BDO,pop100k,0.598,0.0,,0.299,-7.0453,107.5878
Nossa Senhora do Socorro,Brazil,BR,28,163993,,AJU,Aracaju - Santa Maria Airport,15.5,AJU,pop100k,0.597,0.0,,0.299,-10.855,-37.1261
Soreang,Indonesia,ID,30,150932,,BDO,Husein Sastranegara International Airport,16.0,BDO,pop100k,0.598,0.0,,0.299,-7.0331,107.5183
Cedar Rapids,United States,US,IA,130405,,CID,The Eastern Iowa Airport,14.8,CID,pop100k+airport,0.598,0.0,,0.299,42.0083,-91.6441
Padalarang,Indonesia,ID,30,124946,,BDO,Husein Sastranegara International Airport,13.4,BDO,pop100k,0.598,0.0,,0.299,-6.8378,107.4728
Porto Seguro,Brazil,BR,05,123173,,BPS,Porto Seguro International Airport,2.1,BPS,pop100k+airport,0.598,0.0,,0.299,-16.4497,-39.0647
Cileunyi,Indonesia,ID,30,111476,,BDO,Husein Sastranegara International Airport,20.0,BDO,pop100k,0.598,0.0,,0.299,-6.9389,107.7528
Concepción de La Vega,Dominican Republic,DO,30,102426,,STI,Cibao International Airport,21.7,STI,pop100k,0.598,0.0,,0.299,19.2221,-70.5296
Margahayukencana,Indonesia,ID,30,83119,,BDO,Husein Sastranegara International Airport,7.9,BDO,airport,0.598,0.0,,0.299,-6.9708,107.5675
Bismarck,United States,US,ND,71167,,BIS,Bismarck Municipal Airport,4.9,BIS,airport,0.599,0.0,,0.299,46.8083,-100.7837
Moca,Dominican Republic,DO,08,61834,,STI,Cibao International Airport,8.3,STI,airport,0.598,0.0,,0.299,19.3935,-70.526
Ajaccio,France,FR,94,54364,,AJA,Ajaccio Napoléon Bonaparte airport,5.4,AJA,airport,0.599,0.0,,0.299,41.9189,8.7381
New Plymouth,New Zealand,NZ,F9,49168,,NPL,New Plymouth Airport,10.5,NPL,airport,0.599,0.0,,0.299,-39.0667,174.0833
Ōzu,Japan,JP,21,29820,,KMJ,Kumamoto Airport,5.0,KMJ,airport,0.598,0.0,,0.299,32.8804,130.8716
Barra dos Coqueiros,Brazil,BR,28,28586,,AJU,Aracaju - Santa Maria Airport,9.1,AJU,airport,0.597,0.0,,0.299,-10.9089,-37.0386
Vepagunta,India,IN,02,26881,,VTZ,Visakhapatnam International Airport,6.2,VTZ,airport,0.598,0.0,,0.299,17.7784,83.2158
Tamboril,Dominican Republic,DO,25,23304,,STI,Cibao International Airport,9.1,STI,airport,0.598,0.0,,0.299,19.4854,-70.611
Saint Peter Port,Guernsey,GG,6417228,16488,yes,GCI,Guernsey Airport,5.6,GCI,capital,0.599,0.0,,0.299,49.4598,-2.5353
Lviv,Ukraine,UA,15,717803,,LWO,Lviv International Airport,5.6,LWO,pop100k+airport,0.595,0.0,,0.298,49.8383,24.0232
Xiangyang,China,CN,12,462956,,XFN,Xiangyang Liuji Airport,18.5,XFN,pop100k,0.595,0.0,,0.298,32.0422,112.1448
Antofagasta,Chile,CL,03,309832,,ANF,Andrés Sabella Gálvez International Airport,23.6,ANF,pop100k+airport,0.597,0.0,,0.298,-23.6524,-70.3954
Mannheim,Germany,DE,01,307960,,MHG,Mannheim-City Airport,3.9,MHG,pop100k+airport,0.596,0.0,,0.298,49.4891,8.4669
Tirupati,India,IN,02,250821,,TIR,Tirupati International Airport,13.0,TIR,pop100k+airport,0.595,0.0,,0.298,13.6355,79.4199
Ludwigshafen am Rhein,Germany,DE,08,163196,,MHG,Mannheim-City Airport,5.0,MHG,pop100k+airport,0.596,0.0,,0.298,49.4812,8.4464
Heidelberg,Germany,DE,01,143345,,MHG,Mannheim-City Airport,14.7,MHG,pop100k,0.596,0.0,,0.298,49.4077,8.6908
Magadan,Russia,RU,44,95282,,GDX,Sokol Airport,38.9,GDX,airport,0.597,0.0,,0.298,59.5638,150.8035
Kirkland,United States,US,WA,87281,,BFI,King County International Airport - Boeing Field,18.5,BFI+KEH+LKE,airport,0.596,0.0,,0.298,47.6815,-122.2087
Praya,Indonesia,ID,17,35183,,LOP,Lombok International Airport,6.1,LOP,airport,0.597,0.0,,0.298,-8.7054,116.2704
Queen Creek,United States,US,AZ,34614,,AZA,Mesa Gateway Airport,6.9,AZA,airport,0.596,0.0,,0.298,33.2487,-111.6343
Viernheim,Germany,DE,05,32620,,MHG,Mannheim-City Airport,8.8,MHG,airport,0.596,0.0,,0.298,49.5403,8.5782
Renigunta,India,IN,02,25895,,TIR,Tirupati International Airport,3.7,TIR,airport,0.595,0.0,,0.298,13.6514,79.5126
Coimbatore,India,IN,25,959823,,CJB,Coimbatore International Airport,8.9,CJB,pop100k+airport,0.593,0.0,,0.297,11.0055,76.9661
Bucaramanga,Colombia,CO,26,571820,,BGA,Palonegro Airport,7.2,BGA,pop100k+airport,0.594,0.0,,0.297,7.1254,-73.1198
Floridablanca,Colombia,CO,26,252267,,BGA,Palonegro Airport,13.0,BGA,pop100k,0.594,0.0,,0.297,7.0622,-73.0864
Eldoret,Kenya,KE,52,218446,,EDL,Eldoret International Airport,13.3,EDL,pop100k+airport,0.594,0.0,,0.297,0.5204,35.2699
Erfurt,Germany,DE,15,203254,,ERF,Erfurt-Weimar Airport,5.0,ERF,pop100k+airport,0.595,0.0,,0.297,50.9787,11.0328
Chattanooga,United States,US,TN,176588,,CHA,Chattanooga Metropolitan Airport (Lovell Field),9.7,CHA,pop100k+airport,0.594,0.0,,0.297,35.0456,-85.3097
East Chattanooga,United States,US,TN,154024,,CHA,Chattanooga Metropolitan Airport (Lovell Field),5.3,CHA,pop100k+airport,0.594,0.0,,0.297,35.0654,-85.2491
New Haven,United States,US,CT,130322,,HVN,Tweed New Haven Airport,6.1,HVN,pop100k+airport,0.594,0.0,,0.297,41.3081,-72.9282
Manchester,United States,US,NH,110229,,MHT,Manchester-Boston Regional Airport,7.2,MHT,pop100k+airport,0.594,0.0,,0.297,42.9956,-71.4548
Girón,Colombia,CO,26,108466,,BGA,Palonegro Airport,6.7,BGA,pop100k+airport,0.594,0.0,,0.297,7.0682,-73.1698
Hanamaki,Japan,JP,16,73115,,HNA,Iwate Hanamaki Airport,5.3,HNA,airport,0.593,0.0,,0.297,39.3833,141.1167
West Haven,United States,US,CT,54927,,HVN,Tweed New Haven Airport,5.0,HVN,airport,0.594,0.0,,0.297,41.2707,-72.9471
Singānallūr,India,IN,25,31239,,CJB,Coimbatore International Airport,3.7,CJB,airport,0.593,0.0,,0.297,10.999,77.0324
Branford,United States,US,CT,29438,,HVN,Tweed New Haven Airport,6.3,HVN,airport,0.594,0.0,,0.297,41.2795,-72.8151
East Haven,United States,US,CT,29257,,HVN,Tweed New Haven Airport,2.2,HVN,airport,0.594,0.0,,0.297,41.2762,-72.8684
Merrimack,United States,US,NH,26726,,MHT,Manchester-Boston Regional Airport,8.9,MHT,airport,0.594,0.0,,0.297,42.8651,-71.4934
Sulur,India,IN,25,26183,,CJB,Coimbatore International Airport,9.0,CJB,airport,0.593,0.0,,0.297,11.0243,77.1256
Newport,United States,US,RI,24232,,NPT,Newport State Airport,5.4,NPT,airport,0.593,0.0,,0.297,41.4901,-71.3128
East Ridge,United States,US,TN,20979,,CHA,Chattanooga Metropolitan Airport (Lovell Field),5.0,CHA,airport,0.594,0.0,,0.297,35.0142,-85.2519
Ranchi,India,IN,38,846454,,IXR,Birsa Munda Airport,3.4,IXR,pop100k+airport,0.592,0.0,,0.296,23.3432,85.3094
Campo Grande,Brazil,BR,11,729151,,CGR,Campo Grande Airport,4.2,CGR,pop100k+airport,0.592,0.0,,0.296,-20.4428,-54.6464
Ribeirão Preto,Brazil,BR,27,619746,,RAO,Leite Lopes Airport,6.1,RAO,pop100k+airport,0.592,0.0,,0.296,-21.1775,-47.8103
Pohang,South Korea,KR,14,500000,,KPO,Pohang Airport (G-815/K-3),6.8,KPO,pop100k+airport,0.591,0.0,,0.296,36.0292,129.3648
Montpellier,France,FR,76,248252,,MPL,Montpellier-Méditerranée Airport,7.9,MPL,pop100k+airport,0.592,0.0,,0.296,43.6109,3.8772
Shreveport,United States,US,LA,197204,,SHV,Shreveport Regional Airport,11.5,SHV,pop100k+airport,0.591,0.0,,0.296,32.5251,-93.7502
Gyeongju,South Korea,KR,14,155237,,KPO,Pohang Airport (G-815/K-3),24.8,KPO,pop100k,0.591,0.0,,0.296,35.8428,129.2117
Yeonil,South Korea,KR,14,40852,,KPO,Pohang Airport (G-815/K-3),6.2,KPO,airport,0.591,0.0,,0.296,35.9953,129.3516
Saint Helier,Jersey,JE,3237864,28000,yes,JER,Jersey Airport,6.9,JER,capital+airport,0.593,0.0,,0.296,49.188,-2.1049
Madang,Papua New Guinea,PG,12,27419,,MAG,Madang Airport,1.6,MAG,airport,0.593,0.0,,0.296,-5.2215,145.7869
N'Djamena,Chad,TD,21,721081,yes,NDJ,N'Djamena International Airport,3.2,NDJ,pop100k+capital+airport,0.59,0.0,,0.295,12.1067,15.0444
Bremen,Germany,DE,03,546501,,BRE,Bremen Airport,3.4,BRE,pop100k+airport,0.59,0.0,,0.295,53.0758,8.8072
Kousséri,Cameroon,CM,12,435547,,NDJ,N'Djamena International Airport,6.3,NDJ,pop100k+airport,0.59,0.0,,0.295,12.0769,15.0306
Buraydah,Saudi Arabia,SA,08,391336,,ELQ,Prince Naif bin Abdulaziz International Airport,20.2,ELQ,pop100k,0.59,0.0,,0.295,26.326,43.975
Ostrava,Czechia,CZ,85,313088,,OSR,Leoš Janáček Airport Ostrava,19.7,OSR,pop100k,0.59,0.0,,0.295,49.8347,18.282
Xichang,China,CN,32,126787,,XIC,Xichang Qingshan Airport,12.9,XIC,pop100k,0.59,0.0,,0.295,27.8964,102.2634
Fargo,United States,US,ND,118523,,FAR,Hector International Airport,5.2,FAR,pop100k+airport,0.589,0.0,,0.295,46.8772,-96.7898
Funchal,Portugal,PT,10,100847,,FNC,Cristiano Ronaldo International Airport,14.6,FNC,pop100k+airport,0.589,0.0,,0.295,32.6657,-16.9255
Jinghong,China,CN,29,62105,,JHG,Xishuangbanna Gasa International Airport,3.4,JHG,airport,0.589,0.0,,0.295,21.991,100.7341
Moorhead,United States,US,MN,42005,,FAR,Hector International Airport,6.3,FAR,airport,0.589,0.0,,0.295,46.8739,-96.7695
West Fargo,United States,US,ND,33597,,FAR,Hector International Airport,8.2,FAR,airport,0.589,0.0,,0.295,46.875,-96.9004
Stuhr,Germany,DE,06,32507,,BRE,Bremen Airport,3.0,BRE,airport,0.59,0.0,,0.295,53.0333,8.75
Caniço,Portugal,PT,10,23368,,FNC,Cristiano Ronaldo International Airport,7.9,FNC,airport,0.589,0.0,,0.295,32.6508,-16.8375
Bhopal,India,IN,35,1599914,,BHO,Raja Bhoj International Airport,7.6,BHO,pop100k+airport,0.587,0.0,,0.294,23.2547,77.4029
Kingston,Jamaica,JM,17,937700,yes,KIN,Norman Manley International Airport,6.8,KIN+KTP,pop100k+capital+airport,0.588,0.0,,0.294,17.997,-76.7936
Teresina,Brazil,BR,20,744512,,THE,Senador Petrônio Portela Airport,4.0,THE,pop100k+airport,0.588,0.0,,0.294,-5.0892,-42.8019
Yazd,Iran,IR,40,477905,,AZD,Shahid Sadooghi Airport,8.6,AZD,pop100k+airport,0.587,0.0,,0.294,31.8972,54.3675
Southend-on-Sea,United Kingdom,GB,ENG,295310,,SEN,London Southend Airport,3.9,SEN,pop100k+airport,0.588,0.0,,0.294,51.5378,0.7143
Ljubljana,Slovenia,SI,61,272220,yes,LJU,Ljubljana Jože Pučnik Airport,19.5,LJU,pop100k+capital,0.588,0.0,,0.294,46.0511,14.5051
Udon Thani,Thailand,TH,76,247231,,UTH,Udon Thani International Airport,3.3,UTH,pop100k+airport,0.588,0.0,,0.294,17.4157,102.7859
Rennes,France,FR,53,209375,,RNS,Rennes-Saint-Jacques Airport,6.5,RNS,pop100k+airport,0.587,0.0,,0.294,48.112,-1.6743
Gaborone,Botswana,BW,14,208411,yes,GBE,Sir Seretse Khama International Airport,11.1,GBE,pop100k+capital+airport,0.589,0.0,,0.294,-24.6545,25.9086
Hamilton,New Zealand,NZ,G1,152641,,HLZ,Hamilton International Airport,10.2,HLZ,pop100k+airport,0.587,0.0,,0.294,-37.7833,175.2833
Spanish Town,Jamaica,JM,10,145018,,KIN,Norman Manley International Airport,19.0,KIN+KTP,pop100k,0.588,0.0,,0.294,17.9911,-76.9574
Basildon,United Kingdom,GB,ENG,144859,,SEN,London Southend Airport,16.3,SEN,pop100k,0.588,0.0,,0.294,51.5684,0.4578
Timon,Brazil,BR,13,124427,,THE,Senador Petrônio Portela Airport,4.0,THE,pop100k+airport,0.588,0.0,,0.294,-5.0942,-42.8367
Portmore,Jamaica,JM,10,102861,,KIN,Norman Manley International Airport,10.1,KIN+KTP,pop100k+airport,0.588,0.0,,0.294,17.9503,-76.8821
Gillingham,United Kingdom,GB,ENG,101187,,SEN,London Southend Airport,22.5,SEN,pop100k,0.588,0.0,,0.294,51.3891,0.5486
Great Falls,United States,US,MT,59638,,GTF,Great Falls International Airport,5.7,GTF,airport,0.587,0.0,,0.294,47.5002,-111.3008
Friedrichshafen,Germany,DE,01,58403,,FDH,Bodensee Airport Friedrichshafen,3.1,ACH+FDH,airport,0.588,0.0,,0.294,47.6569,9.4755
South Benfleet,United Kingdom,GB,ENG,48824,,SEN,London Southend Airport,9.5,SEN,airport,0.588,0.0,,0.294,51.553,0.5596
Mogoditshane,Botswana,BW,06,43394,,GBE,Sir Seretse Khama International Airport,9.6,GBE,airport,0.589,0.0,,0.294,-24.6269,25.8656
Canvey Island,United Kingdom,GB,ENG,38170,,SEN,London Southend Airport,9.5,SEN,airport,0.588,0.0,,0.294,51.522,0.5809
Kranj,Slovenia,SI,52,36874,,LJU,Ljubljana Jože Pučnik Airport,8.0,LJU,airport,0.588,0.0,,0.294,46.2389,14.3556
Puerto del Rosario,Spain,ES,53,35667,,FUE,Fuerteventura Airport,5.3,FUE,airport,0.587,0.0,,0.294,28.5004,-13.8627
Rayleigh,United Kingdom,GB,ENG,30196,,SEN,London Southend Airport,6.4,SEN,airport,0.588,0.0,,0.294,51.5857,0.6046
Dubrovnik,Croatia,HR,03,28428,,DBV,Dubrovnik Ruđer Bošković Airport,15.5,DBV,airport,0.587,0.0,,0.294,42.6412,18.1091
Chihuahua,Mexico,MX,06,809232,,CUU,General Roberto Fierro Villalobos International Airport,14.3,CUU,pop100k+airport,0.585,0.0,,0.293,28.6353,-106.0889
Akita,Japan,JP,02,320069,,AXT,Akita Airport,14.2,AXT,pop100k+airport,0.585,0.0,,0.293,39.7167,140.1167
Talcahuano,Chile,CL,06,252968,,CCP,Carriel Sur International Airport,7.1,CCP,pop100k+airport,0.585,0.0,,0.293,-36.7249,-73.1168
Iquique,Chile,CL,15,227499,,IQQ,Diego Aracena International Airport,36.1,IQQ,pop100k+airport,0.587,0.0,,0.293,-20.2133,-70.1503
Concepción,Chile,CL,06,215413,,CCP,Carriel Sur International Airport,6.2,CCP,pop100k+airport,0.585,0.0,,0.293,-36.827,-73.0498
Agartala,India,IN,26,203264,,IXA,Agartala - Maharaja Bir Bikram Airport,6.9,IXA,pop100k+airport,0.586,0.0,,0.293,23.8361,91.2794
Itajaí,Brazil,BR,26,155716,,NVT,Ministro Victor Konder International Airport,3.3,NVT,pop100k+airport,0.586,0.0,,0.293,-26.9078,-48.6619
Dali,China,CN,29,134040,,DLU,Dali Fengyi Airport,12.9,DLU,pop100k,0.587,0.0,,0.293,25.5847,100.2123
Evansville,United States,US,IN,119943,,EVV,Evansville Regional Airport,7.2,EVV,pop100k+airport,0.586,0.0,,0.293,37.9748,-87.5559
Myitkyina,Myanmar,MM,04,90894,,MYT,Myitkyina Airport,4.5,MYT,airport,0.585,0.0,,0.293,25.3833,97.3964
Navegantes,Brazil,BR,26,47781,,NVT,Ministro Victor Konder International Airport,2.2,NVT,airport,0.586,0.0,,0.293,-26.8989,-48.6542
Penco,Chile,CL,06,46091,,CCP,Carriel Sur International Airport,7.0,CCP,airport,0.585,0.0,,0.293,-36.7407,-72.9953
Asunción,Paraguay,PY,22,1482200,yes,ASU,Silvio Pettirossi International Airport,13.8,ASU,pop100k+capital+airport,0.584,0.0,,0.292,-25.2865,-57.647
Tiruchirappalli,India,IN,25,775484,,TRZ,Tiruchirappalli International Airport,6.3,TRZ,pop100k+airport,0.583,0.0,,0.292,10.8155,78.6965
Niamey,Niger,NE,08,774235,yes,NIM,Diori Hamani International Airport,8.7,NIM,pop100k+capital+airport,0.583,0.0,,0.292,13.5137,2.1098
Gorakhpur,India,IN,36,674246,,GOP,Gorakhpur Airport,8.6,GOP,pop100k+airport,0.584,0.0,,0.292,26.7663,83.3689
Beira,Mozambique,MZ,05,530604,,BEW,Beira International Airport,8.9,BEW,pop100k+airport,0.584,0.0,,0.292,-19.8436,34.8389
Beihai,China,CN,16,289568,,BHY,Beihai Fucheng Airport,21.0,BHY,pop100k+airport,0.583,0.0,,0.292,21.4833,109.1
San Lorenzo,Paraguay,PY,06,227876,,ASU,Silvio Pettirossi International Airport,11.1,ASU,pop100k,0.584,0.0,,0.292,-25.3397,-57.5088
Mek'ele,Ethiopia,ET,53,215546,,MQX,Mekele Alula Aba Nega Airport,7.1,MQX,pop100k+airport,0.583,0.0,,0.292,13.4967,39.4753
Amarillo,United States,US,TX,198645,,AMA,Rick Husband Amarillo International Airport,11.4,AMA,pop100k+airport,0.583,0.0,,0.292,35.222,-101.8313
Capiatá,Paraguay,PY,06,198553,,ASU,Silvio Pettirossi International Airport,14.8,ASU,pop100k,0.584,0.0,,0.292,-25.3552,-57.4455
Wanxian,China,CN,33,188980,,WXN,Wanzhou Wuqiao Airport,6.1,WXN,pop100k+airport,0.583,0.0,,0.292,30.8154,108.3709
Kindu,DR Congo,CD,10,135698,,KND,Kindu Airport,2.8,KND,pop100k+airport,0.584,0.0,,0.292,-2.9437,25.9224
Lambaré,Paraguay,PY,06,126377,,ASU,Silvio Pettirossi International Airport,14.8,ASU,pop100k,0.584,0.0,,0.292,-25.3468,-57.6065
Fernando de la Mora,Paraguay,PY,06,120167,,ASU,Silvio Pettirossi International Airport,10.9,ASU,pop100k,0.584,0.0,,0.292,-25.3386,-57.5217
Wilmington,United States,US,NC,115933,,ILM,Wilmington International Airport,6.3,ILM,pop100k+airport,0.585,0.0,,0.292,34.2257,-77.9447
Limpio,Paraguay,PY,06,96143,,ASU,Silvio Pettirossi International Airport,8.9,ASU,airport,0.584,0.0,,0.292,-25.1661,-57.4856
Quibdó,Colombia,CO,11,75104,,UIB,El Caraño Airport,1.9,UIB,airport,0.583,0.0,,0.292,5.6919,-76.6583
Mariano Roque Alonso,Paraguay,PY,06,72008,,ASU,Silvio Pettirossi International Airport,3.8,ASU,airport,0.584,0.0,,0.292,-25.2079,-57.532
Rockhampton,Australia,AU,04,61724,,ROK,Rockhampton Airport,3.1,ROK,airport,0.584,0.0,,0.292,-23.3803,150.506
Jijiga,Ethiopia,ET,52,56821,,JIJ,Gerad Wilwal International Airport,12.4,JIJ,airport,0.585,0.0,,0.292,9.35,42.8
Bangor,United States,US,ME,32391,,BGR,Bangor International Airport,3.9,BGR,airport,0.585,0.0,,0.292,44.8012,-68.7778
Tripoli,Libya,LY,77,1150989,yes,MJI,Mitiga International Airport,9.4,MJI,pop100k+capital+airport,0.583,0.0,,0.291,32.8874,13.1873
Mérida,Mexico,MX,31,777615,,MID,Manuel Crescencio Rejón International Airport,5.8,MID,pop100k+airport,0.581,0.0,,0.291,20.9754,-89.617
Agadir,Morocco,MA,09,698310,,AGA,Al Massira Airport,20.9,AGA,pop100k,0.582,0.0,,0.291,30.4202,-9.5982
Sarajevo,Bosnia and Herzegovina,BA,01,696731,yes,SJJ,Sarajevo International Airport,3.3,SJJ,pop100k+capital+airport,0.582,0.0,,0.291,43.8486,18.3564
Morelia,Mexico,MX,16,597511,,MLM,General Francisco J. Mujica International Airport,23.5,MLM,pop100k+airport,0.582,0.0,,0.291,19.7008,-101.1844
Siliguri,India,IN,28,515574,,IXB,Bagdogra Airport,10.4,IXB,pop100k+airport,0.583,0.0,,0.291,26.71,88.4285
Sandakan,Malaysia,MY,16,392288,,SDK,Sandakan Airport,9.4,SDK,pop100k+airport,0.582,0.0,,0.291,5.8402,118.1179
London,Canada,CA,08,346765,,YXU,London International Airport,8.8,YXU,pop100k+airport,0.582,0.0,,0.291,42.9834,-81.233
Huizhou,China,CN,30,289201,,HUZ,Huizhou Pingtan Airport,20.1,HUZ,pop100k,0.583,0.0,,0.291,23.1115,114.4152
Karamay,China,CN,13,260000,,KRY,Karamay Airport,14.1,KRY,pop100k+airport,0.582,0.0,,0.291,45.5847,84.8872
Lubbock,United States,US,TX,249042,,LBB,Lubbock Preston Smith International Airport,10.0,LBB,pop100k+airport,0.583,0.0,,0.291,33.5779,-101.8552
Nizhnevartovsk,Russia,RU,32,244937,,NJC,Nizhnevartovsk Airport,4.1,NJC,pop100k+airport,0.583,0.0,,0.291,60.9344,76.5531
Tanga,Tanzania,TZ,18,224876,,TGT,Tanga Airport,4.0,TGT,pop100k+airport,0.581,0.0,,0.291,-5.0689,39.0988
Şalālah,Oman,OM,08,163140,,SLL,Salalah International Airport,2.6,SLL,pop100k+airport,0.582,0.0,,0.291,17.015,54.0924
Pingshan,China,CN,30,113631,,HUZ,Huizhou Pingtan Airport,13.2,HUZ,pop100k,0.583,0.0,,0.291,22.9938,114.7131
Palm Bay,United States,US,FL,107888,,MLB,Melbourne Orlando International Airport,9.1,MLB,pop100k+airport,0.581,0.0,,0.291,28.0345,-80.5887
Tagiura,Libya,LY,77,100000,,MJI,Mitiga International Airport,6.0,MJI,pop100k+airport,0.583,0.0,,0.291,32.8817,13.3506
Melbourne,United States,US,FL,80127,,MLB,Melbourne Orlando International Airport,3.8,MLB,airport,0.581,0.0,,0.291,28.0836,-80.6081
Kanasín,Mexico,MX,31,77240,,MID,Manuel Crescencio Rejón International Airport,9.0,MID,airport,0.581,0.0,,0.291,20.9348,-89.5587
Bandar Seri Begawan,Brunei,BN,02,64409,yes,BWN,Brunei International Airport,6.1,BWN+LMN,capital+airport,0.582,0.0,,0.291,4.8903,114.9401
Barnstable,United States,US,MA,47821,,HYA,Cape Cod Gateway Airport,3.8,HYA,airport,0.581,0.0,,0.291,41.7001,-70.2995
Limbang,Malaysia,MY,11,26199,,BWN,Brunei International Airport,23.0,BWN+LMN,airport,0.582,0.0,,0.291,4.75,115
Yarmouth,United States,US,MA,25243,,HYA,Cape Cod Gateway Airport,5.9,HYA,airport,0.581,0.0,,0.291,41.7057,-70.2286
West Melbourne,United States,US,FL,20679,,MLB,Melbourne Orlando International Airport,3.6,MLB,airport,0.581,0.0,,0.291,28.0717,-80.6534
Mata-Utu,Wallis and Futuna,WF,98613,1200,yes,WLS,Hihifo Airport,5.4,WLS,capital,0.582,0.0,,0.291,-13.2816,-176.1745
Aguascalientes,Mexico,MX,01,722250,,AGU,Aguascalientes International Airport,20.7,AGU,pop100k+airport,0.58,0.0,,0.29,21.8823,-102.2826
Londrina,Brazil,BR,18,471832,,LDB,Governor José Richa Airport,4.4,LDB,pop100k+airport,0.58,0.0,,0.29,-23.3103,-51.1628
Pereira,Colombia,CO,24,440118,,PEI,Matecaña International Airport,4.8,PEI,pop100k+airport,0.58,0.0,,0.29,4.8133,-75.6961
Samarinda,Indonesia,ID,14,355160,,AAP,Aji Pangeran Tumenggung Pranoto International Airport,17.4,AAP,pop100k+airport,0.58,0.0,,0.29,-0.4917,117.1458
Kashgar,China,CN,13,274717,,KHG,Kashgar Laining International Airport,8.4,KHG,pop100k+airport,0.58,0.0,,0.29,39.4707,75.9895
Ðà Lạt,Vietnam,VN,23,197000,,DLI,Lien Khuong Airport,23.3,DLI,pop100k,0.58,0.0,,0.29,11.9465,108.4419
Dosquebradas,Colombia,CO,24,179583,,PEI,Matecaña International Airport,8.5,PEI,pop100k+airport,0.58,0.0,,0.29,4.8392,-75.6673
Đưc Trọng,Vietnam,VN,23,161232,,DLI,Lien Khuong Airport,1.8,DLI,pop100k+airport,0.58,0.0,,0.29,11.7356,108.3733
Greater Sudbury,Canada,CA,08,157857,,YSB,Sudbury Airport,20.9,YSB,pop100k,0.58,0.0,,0.29,46.49,-80.99
Weihai,China,CN,25,152595,,WEH,Weihai Dashuibo Airport,37.2,WEH,pop100k+airport,0.579,0.0,,0.29,37.5091,122.1136
Cartago,Colombia,CO,29,134827,,PEI,Matecaña International Airport,20.5,PEI,pop100k,0.58,0.0,,0.29,4.7464,-75.9117
Tianfu,China,CN,25,115370,,WEH,Weihai Dashuibo Airport,17.8,WEH,pop100k,0.579,0.0,,0.29,37.2637,122.0523
Lamezia Terme,Italy,IT,03,70501,,SUF,Lamezia Terme Sant'Eufemia International Airport,8.3,SUF,airport,0.579,0.0,,0.29,38.9626,16.3094
Itaituba,Brazil,BR,16,64756,,ITB,Itaituba Airport,4.2,ITB,airport,0.581,0.0,,0.29,-4.2761,-55.9836
Magong,Taiwan,TW,04,56435,,MZG,Penghu Magong Airport,4.3,MZG,airport,0.58,0.0,,0.29,23.5654,119.5863
Charleston,United States,US,WV,49736,,CRW,Yeager Airport,4.3,CRW,airport,0.58,0.0,,0.29,38.3498,-81.6326
Olbia,Italy,IT,14,42930,,OLB,Olbia Costa Smeralda Airport,3.2,OLB,airport,0.581,0.0,,0.29,40.9234,9.498
Krabi,Thailand,TH,63,31219,,KBV,Krabi International Airport,9.0,KBV,airport,0.581,0.0,,0.29,8.0726,98.9105
Blenheim,New Zealand,NZ,F4,26550,,BHE,Woodbourne Airport,6.9,BHE+PCN,airport,0.581,0.0,,0.29,-41.516,173.9528
Portsmouth,United States,US,NH,21530,,PSM,Portsmouth International Airport at Pease,5.3,PSM,airport,0.581,0.0,,0.29,43.077,-70.7577
Sambiase,Italy,IT,03,20000,,SUF,Lamezia Terme Sant'Eufemia International Airport,7.5,SUF,airport,0.579,0.0,,0.29,38.9667,16.2833
Allahābād,India,IN,36,1073438,,IXD,Prayagraj Airport,11.0,IXD,pop100k+airport,0.578,0.0,,0.289,25.4448,81.8432
Cotonou,Benin,BJ,14,780000,yes,COO,Cotonou Cadjehoun International Airport,3.9,COO,pop100k+capital+airport,0.578,0.0,,0.289,6.3654,2.4183
Djibouti,Djibouti,DJ,07,623891,yes,JIB,Djibouti-Ambouli Airport,4.9,JIB,pop100k+capital+airport,0.577,0.0,,0.289,11.589,43.145
Dehra Dūn,India,IN,39,522081,,DED,Dehradun Jolly Grant Airport,20.3,DED,pop100k,0.578,0.0,,0.289,30.3244,78.0339
Iloilo,Philippines,PH,06,387681,,ILO,Iloilo International Airport,17.0,ILO,pop100k,0.579,0.0,,0.289,10.6969,122.5644
Khamis Mushait,Saudi Arabia,SA,11,387553,,AHB,Abha International Airport,10.5,AHB,pop100k,0.578,0.0,,0.289,18.3,42.7333
Abomey-Calavi,Benin,BJ,09,385755,,COO,Cotonou Cadjehoun International Airport,10.6,COO,pop100k,0.578,0.0,,0.289,6.4485,2.3557
Nanyang,China,CN,09,251532,,NNY,Nanyang Jiangying Airport,8.0,NNY,pop100k+airport,0.577,0.0,,0.289,32.9947,112.5328
Abha,Saudi Arabia,SA,11,210886,,AHB,Abha International Airport,16.2,AHB,pop100k+airport,0.578,0.0,,0.289,18.2164,42.5053
Kassel,Germany,DE,05,194501,,KSF,Kassel Airport,13.6,KSF,pop100k,0.577,0.0,,0.289,51.3167,9.5
Linköping,Sweden,SE,16,106502,,LPI,Linköping City Airport,3.7,LPI,pop100k+airport,0.578,0.0,,0.289,58.4109,15.6216
Shenjiamen,China,CN,02,95433,,HSN,Zhoushan Putuoshan International Airport,6.7,HSN,airport,0.578,0.0,,0.289,29.9576,122.298
Redding,United States,US,CA,91582,,RDD,Redding Municipal Airport,12.0,RDD,airport,0.579,0.0,,0.289,40.5865,-122.3917
Fort-de-France,Martinique,MQ,MQ,89995,yes,FDF,Martinique Aimé Césaire International Airport,7.8,FDF,capital+airport,0.578,0.0,,0.289,14.6037,-61.0742
Zhoushan,China,CN,02,84380,,HSN,Zhoushan Putuoshan International Airport,16.3,HSN,airport,0.578,0.0,,0.289,29.9887,122.2049
Casper,United States,US,WY,60285,,CPR,Casper-Natrona County International Airport,12.9,CPR,airport,0.578,0.0,,0.289,42.8666,-106.3131
Ishigaki,Japan,JP,47,44802,,ISG,New Ishigaki Airport,10.6,ISG,airport,0.577,0.0,,0.289,24.3448,124.1572
Luleå,Sweden,SE,14,43574,,LLA,Luleå Airport,4.7,LLA,airport,0.579,0.0,,0.289,65.5841,22.1547
Le Lamentin,Martinique,MQ,MQ,39229,,FDF,Martinique Aimé Césaire International Airport,2.5,FDF,airport,0.578,0.0,,0.289,14.6134,-60.9996
Lawas,Malaysia,MY,11,38385,,LWY,Lawas Airport,1.3,LWY,airport,0.578,0.0,,0.289,4.8604,115.409
Val-d'Or,Canada,CA,10,25541,,YVO,Val-d'Or Airport,5.0,YVO,airport,0.577,0.0,,0.289,48.0974,-77.7974
Shiyan,China,CN,12,3460000,,WDS,Shiyan Wudangshan Airport,13.5,WDS,pop100k,0.576,0.0,,0.288,32.6475,110.7781
Vijayawada,India,IN,02,874587,,VGA,Vijayawada International Airport,17.1,VGA,pop100k+airport,0.576,0.0,,0.288,16.5074,80.6466
Reynosa,Mexico,MX,28,589466,,MFE,McAllen Miller International Airport,11.8,MFE+REX,pop100k+airport,0.577,0.0,,0.288,26.0806,-98.2883
Huai'an,China,CN,04,555230,,HIA,Huai'an Lianshui Airport,24.8,HIA,pop100k+airport,0.575,0.0,,0.288,33.5886,119.0192
Cardiff,United Kingdom,GB,WLS,447287,,CWL,Cardiff International Airport,14.6,CWL,pop100k+airport,0.577,0.0,,0.288,51.48,-3.18
Xinpu,China,CN,04,392444,,LYG,Lianyungang Huaguoshan International Airport,20.7,LYG,pop100k,0.577,0.0,,0.288,34.5997,119.1594
Rājahmundry,India,IN,02,304804,,RJA,Rajahmundry Airport,11.8,RJA,pop100k,0.577,0.0,,0.288,17.0052,81.7778
Tacloban,Philippines,PH,08,242089,,TAC,Daniel Z. Romualdez Airport,3.1,TAC,pop100k+airport,0.576,0.0,,0.288,11.2433,125.0047
Panalanoy,Philippines,PH,08,189090,,TAC,Daniel Z. Romualdez Airport,3.5,TAC,pop100k+airport,0.576,0.0,,0.288,11.2511,125.0064
Atyrau,Kazakhstan,KZ,06,180000,,GUW,Atyrau International Airport,4.8,GUW,pop100k+airport,0.577,0.0,,0.288,47.1167,51.8833
McAllen,United States,US,TX,140269,,MFE,McAllen Miller International Airport,3.1,MFE+REX,pop100k+airport,0.577,0.0,,0.288,26.2034,-98.23
Gudivāda,India,IN,02,116161,,VGA,Vijayawada International Airport,22.9,VGA,pop100k,0.576,0.0,,0.288,16.4355,80.9955
Flint,United States,US,MI,98310,,FNT,Bishop International Airport,6.6,FNT,airport,0.577,0.0,,0.288,43.0125,-83.6875
Nanaimo,Canada,CA,02,84905,,YCD,Nanaimo Airport,13.4,SYF+YCD+ZNA,airport,0.576,0.0,,0.288,49.1664,-123.94
Mission,United States,US,TX,83298,,MFE,McAllen Miller International Airport,9.8,MFE+REX,airport,0.577,0.0,,0.288,26.2159,-98.3253
Pharr,United States,US,TX,76538,,MFE,McAllen Miller International Airport,5.8,MFE+REX,airport,0.577,0.0,,0.288,26.1948,-98.1836
Kamloops,Canada,CA,02,68714,,YKA,Kamloops John Moose Fulton Field Regional Airport,10.0,YKA,airport,0.575,0.0,,0.288,50.6665,-120.3192
Sault Ste. Marie,Canada,CA,08,66313,,YAM,Sault Ste Marie Airport,13.9,YAM,airport,0.577,0.0,,0.288,46.5168,-84.3333
Lugano,Switzerland,CH,TI,63000,,LUG,Lugano Airport,3.9,LUG,airport,0.577,0.0,,0.288,46.0101,8.96
Barry,United Kingdom,GB,WLS,54673,,CWL,Cardiff International Airport,4.1,CWL,airport,0.577,0.0,,0.288,51.3998,-3.2838
Liberia,Costa Rica,CR,03,45380,,LIR,Daniel Oduber Quirós International Airport,12.5,LIR,airport,0.577,0.0,,0.288,10.635,-85.4377
San Juan,United States,US,TX,36556,,MFE,McAllen Miller International Airport,8.4,MFE+REX,airport,0.577,0.0,,0.288,26.1892,-98.1553
Managua,Nicaragua,NI,10,973087,yes,MGA,Augusto C. Sandino (Managua) International Airport,9.0,MGA,pop100k+capital+airport,0.573,0.0,,0.287,12.1328,-86.2504
Nottingham,United Kingdom,GB,ENG,729977,,EMA,East Midlands Airport,18.1,EMA,pop100k,0.573,0.0,,0.287,52.9536,-1.1505
Blantyre,Malawi,MW,S,584877,,BLZ,Chileka International Airport,12.6,BLZ,pop100k+airport,0.574,0.0,,0.287,-15.785,35.0085
Orenburg,Russia,RU,55,550204,,REN,Orenburg Central Airport,24.8,REN,pop100k+airport,0.574,0.0,,0.287,51.7727,55.0988
Windsor,Canada,CA,08,278013,,YQG,Windsor International Airport,5.7,YQG,pop100k+airport,0.575,0.0,,0.287,42.3001,-83.0165
Derby,United Kingdom,GB,ENG,270468,,EMA,East Midlands Airport,14.3,EMA,pop100k,0.573,0.0,,0.287,52.9228,-1.4766
Yibin,China,CN,32,242111,,YBP,Yibin Wuliangye Airport,15.6,YBP,pop100k,0.575,0.0,,0.287,28.7593,104.6399
Geelong,Australia,AU,07,226034,,AVV,Melbourne Avalon International Airport,15.1,AVV,pop100k,0.575,0.0,,0.287,-38.1471,144.3607
Sucre,Bolivia,BO,01,224838,yes,SRE,Alcantarí International Airport,26.5,SRE,pop100k+capital+airport,0.573,0.0,,0.287,-19.0333,-65.2627
Imphal,India,IN,17,223523,,IMF,Bir Tikendrajit International Airport,7.2,IMF,pop100k+airport,0.574,0.0,,0.287,24.8081,93.9442
Nicosia,Cyprus,CY,04,200452,yes,ECN,Ercan International Airport,13.2,ECN,pop100k+capital,0.574,0.0,,0.287,35.1753,33.3642
Mobile,United States,US,AL,194288,,MOB,Mobile Regional Airport,19.1,MOB,pop100k+airport,0.574,0.0,,0.287,30.6944,-88.043
Tarija,Bolivia,BO,09,159269,,TJA,Capitan Oriel Lea Plaza Airport,3.7,TJA,pop100k+airport,0.574,0.0,,0.287,-21.5355,-64.7296
Warren,United States,US,MI,134056,,YQG,Windsor International Airport,24.4,YQG,pop100k,0.575,0.0,,0.287,42.4904,-83.013
Masaya,Nicaragua,NI,11,130113,,MGA,Augusto C. Sandino (Managua) International Airport,20.2,MGA,pop100k,0.573,0.0,,0.287,11.9744,-86.0942
Isiro,DR Congo,CD,16,127076,,IRP,Matari Airport,6.7,IRP,pop100k+airport,0.574,0.0,,0.287,2.7739,27.616
Burton upon Trent,United Kingdom,GB,ENG,122199,,EMA,East Midlands Airport,21.3,EMA,pop100k,0.573,0.0,,0.287,52.8073,-1.6426
Erie,United States,US,PA,99475,,ERI,Erie International Tom Ridge Field,8.9,ERI,airport,0.575,0.0,,0.287,42.1292,-80.0851
San Carlos de Bariloche,Argentina,AR,16,95394,,BRC,Teniente Luis Candelaria International Airport,12.6,BRC,airport,0.573,0.0,,0.287,-41.1456,-71.3082
Lynchburg,United States,US,VA,79812,,LYH,Lynchburg Regional Airport - Preston Glenn Field,11.0,LYH,airport,0.573,0.0,,0.287,37.4138,-79.1423
West Lynchburg,United States,US,VA,65517,,LYH,Lynchburg Regional Airport - Preston Glenn Field,8.7,LYH,airport,0.573,0.0,,0.287,37.4032,-79.1781
Tipitapa,Nicaragua,NI,10,50000,,MGA,Augusto C. Sandino (Managua) International Airport,9.9,MGA,airport,0.573,0.0,,0.287,12.1973,-86.0971
Long Eaton,United Kingdom,GB,ENG,47898,,EMA,East Midlands Airport,8.4,EMA,airport,0.573,0.0,,0.287,52.8986,-1.2714
Hirara,Japan,JP,47,34354,,MMY,Miyako Airport,2.4,MMY+SHI,airport,0.575,0.0,,0.287,24.8038,125.3022
Newburgh,United States,US,NY,28290,,SWF,New York Stewart International Airport,8.2,SWF,airport,0.574,0.0,,0.287,41.5034,-74.0104
Camayenne,Guinea,GN,04,1871242,,CKY,Ahmed Sékou Touré International Airport,9.5,CKY,pop100k+airport,0.572,0.0,,0.286,9.535,-13.6878
Conakry,Guinea,GN,04,1767200,yes,CKY,Ahmed Sékou Touré International Airport,8.4,CKY,pop100k+capital+airport,0.572,0.0,,0.286,9.538,-13.6773
Kota Bharu,Malaysia,MY,03,1459994,,KBR,Sultan Ismail Petra Airport,7.3,KBR,pop100k+airport,0.571,0.0,,0.286,6.1236,102.2433
Gaziantep,Türkiye,TR,83,1065975,,GZT,Gaziantep Oğuzeli International Airport,15.1,GZT,pop100k+airport,0.571,0.0,,0.286,37.0594,37.3825
Taichung,Taiwan,TW,04,1040725,,RMQ,Taichung International Airport / Ching Chuang Kang Air Base,14.6,RMQ,pop100k,0.573,0.0,,0.286,24.1469,120.6839
Trujillo,Peru,PE,13,747450,,TRU,Capitán FAP Carlos Martínez de Pinillos International Airport,9.4,TRU,pop100k+airport,0.571,0.0,,0.286,-8.116,-79.03
Mangalore,India,IN,19,417387,,IXE,Mangaluru International Airport,5.3,IXE,pop100k+airport,0.573,0.0,,0.286,12.9172,74.856
Nampula,Mozambique,MZ,06,388526,,APL,Nampula Airport,2.0,APL,pop100k+airport,0.573,0.0,,0.286,-15.1165,39.2666
Aswan,Egypt,EG,16,241261,,ASW,Aswan International Airport,16.5,ASW,pop100k+airport,0.572,0.0,,0.286,24.0908,32.8994
Petropavlovsk-Kamchatsky,Russia,RU,92,187282,,PKC,Yelizovo Airport,19.2,PKC,pop100k+airport,0.572,0.0,,0.286,53.0444,158.6508
Abbotsford,Canada,CA,02,151683,,YXX,Abbotsford International Airport,8.7,YXX,pop100k+airport,0.573,0.0,,0.286,49.058,-122.2526
Le Mans,France,FR,52,144515,,LME,Le Mans-Arnage Airport,5.8,LME,pop100k+airport,0.572,0.0,,0.286,48.0004,0.2047
Bunia,DR Congo,CD,17,96764,,BUX,Bunia Airport,3.6,BUX,airport,0.572,0.0,,0.286,1.5594,30.2522
Flagstaff,United States,US,AZ,70320,,FLG,Flagstaff Pulliam Airport,6.7,FLG,airport,0.571,0.0,,0.286,35.1981,-111.6513
Dothan,United States,US,AL,68567,,DHN,Dothan Regional Airport,12.3,DHN,airport,0.573,0.0,,0.286,31.2232,-85.3905
Yelizovo,Russia,RU,92,40692,,PKC,Yelizovo Airport,5.2,PKC,airport,0.572,0.0,,0.286,53.1891,158.3813
Sūrat,India,IN,09,2894504,,STV,Surat International Airport,12.7,STV,pop100k+airport,0.57,0.0,,0.285,21.1959,72.8302
Hubli,India,IN,19,840214,,HBX,Hubballi Airport,5.7,HBX,pop100k+airport,0.57,0.0,,0.285,15.3478,75.1338
Barnaul,Russia,RU,04,599579,,BAX,Barnaul Gherman Titov International Airport,14.9,BAX,pop100k+airport,0.57,0.0,,0.285,53.3606,83.7636
Ōita,Japan,JP,30,448907,,OIT,Oita Airport,30.2,OIT,pop100k+airport,0.57,0.0,,0.285,33.2333,131.6
São José do Rio Preto,Brazil,BR,27,374699,,SJP,Prof. Eribelto Manoel Reino State Airport,2.9,SJP,pop100k+airport,0.57,0.0,,0.285,-20.8197,-49.3794
Lincoln,United States,US,NE,277348,,LNK,Lincoln Airport,9.4,LNK,pop100k+airport,0.569,0.0,,0.285,40.8,-96.667
Dibrugarh,India,IN,03,122155,,DIB,Dibrugarh Airport,10.7,DIB,pop100k+airport,0.571,0.0,,0.285,27.4799,94.9084
Hotan,China,CN,13,114000,,HTN,Hotan Airport,9.9,HTN,pop100k+airport,0.571,0.0,,0.285,37.1075,79.9355
Sandy Springs,United States,US,GA,105330,,PDK,DeKalb Peachtree Airport,8.8,PDK,pop100k+airport,0.57,0.0,,0.285,33.9243,-84.3785
Duluth,United States,US,MN,86110,,DLH,Duluth International Airport,9.6,DLH,airport,0.569,0.0,,0.285,46.7833,-92.1066
Santa Fe,United States,US,NM,84099,,SAF,Santa Fe Municipal Airport,15.7,SAF,airport,0.57,0.0,,0.285,35.687,-105.9378
Shache,China,CN,13,82509,,QSZ,Shache Airport,24.9,QSZ,airport,0.57,0.0,,0.285,38.4167,77.2406
Ende,Indonesia,ID,18,77205,,ENE,H. Hasan Aroeboesman (Ende) Airport,0.7,ENE,airport,0.569,0.0,,0.285,-8.8432,121.6623
Wilmington,United States,US,DE,71948,,ILG,Wilmington Airport,9.1,ILG,airport,0.57,0.0,,0.285,39.746,-75.5466
Brookhaven,United States,US,GA,51910,,PDK,DeKalb Peachtree Airport,4.0,PDK,airport,0.57,0.0,,0.285,33.8584,-84.3402
Dunwoody,United States,US,GA,48733,,PDK,DeKalb Peachtree Airport,8.3,PDK,airport,0.57,0.0,,0.285,33.9462,-84.3346
North Atlanta,United States,US,GA,40456,,PDK,DeKalb Peachtree Airport,3.4,PDK,airport,0.57,0.0,,0.285,33.8651,-84.3366
Chamblee,United States,US,GA,28244,,PDK,DeKalb Peachtree Airport,1.8,PDK,airport,0.57,0.0,,0.285,33.892,-84.2988
Tucker,United States,US,GA,27581,,PDK,DeKalb Peachtree Airport,8.2,PDK,airport,0.57,0.0,,0.285,33.8546,-84.2171
Palikir - National Government Center,Micronesia,FM,02,0,yes,PNI,Pohnpei International Airport,8.6,PNI,capital,0.57,0.0,,0.285,6.9248,158.1611
Chittagong,Bangladesh,BD,84,3920222,,CGP,Shah Amanat International Airport,10.1,CGP,pop100k,0.568,0.0,,0.284,22.3384,91.8317
Luoyang,China,CN,09,1390581,,LYA,Luoyang Beijiao Airport,8.8,LYA,pop100k+airport,0.568,0.0,,0.284,34.6836,112.4536
Volgograd,Russia,RU,84,1011417,,VOG,Volgograd International Airport,13.8,VOG,pop100k+airport,0.568,0.0,,0.284,48.7194,44.5018
Perm,Russia,RU,90,982419,,PEE,Perm International Airport,17.2,PEE,pop100k+airport,0.569,0.0,,0.284,58.0105,56.2502
Benghazi,Libya,LY,69,650629,,BEN,Benina International Airport,19.0,BEN,pop100k,0.567,0.0,,0.284,32.1149,20.0686
Veracruz,Mexico,MX,30,428323,,VER,General Heriberto Jara International Airport,6.6,VER,pop100k+airport,0.567,0.0,,0.284,19.1809,-96.1429
Varna,Bulgaria,BG,61,312770,,VAR,Varna Airport,7.6,VAR,pop100k+airport,0.567,0.0,,0.284,43.2167,27.9167
Blagoveshchensk,Russia,RU,05,221296,,BQS,Ignatyevo Airport,18.6,BQS+HEK,pop100k,0.567,0.0,,0.284,50.2796,127.5405
Springfield,United States,US,IL,116565,,SPI,Abraham Lincoln Capital Airport,5.5,SPI,pop100k+airport,0.568,0.0,,0.284,39.8017,-89.6437
Heihe,China,CN,08,109427,,BQS,Ignatyevo Airport,20.9,BQS+HEK,pop100k+airport,0.567,0.0,,0.284,50.2441,127.4902
Moncton,Canada,CA,04,108620,,YQM,Greater Moncton Roméo LeBlanc International Airport,9.4,YQM,pop100k+airport,0.568,0.0,,0.284,46.0945,-64.7965
Monroe,United States,US,LA,49598,,MLU,Monroe Regional Airport,7.7,MLU,airport,0.567,0.0,,0.284,32.5093,-92.1193
Albany,Australia,AU,08,33650,,ALH,Albany Airport,11.5,ALH,airport,0.568,0.0,,0.284,-35.0269,117.8837
Mildura,Australia,AU,07,32936,,MQL,Mildura Airport,8.6,MQL,airport,0.569,0.0,,0.284,-34.1855,142.1625
Valente Diaz,Mexico,MX,30,25700,,VER,General Heriberto Jara International Airport,4.0,VER,airport,0.567,0.0,,0.284,19.1635,-96.2165
Saratov,Russia,RU,67,863725,,GSV,Gagarin International Airport,22.2,GSV,pop100k+airport,0.565,0.0,,0.283,51.5406,46.0086
Bandar Lampung,Indonesia,ID,15,800348,,TKG,Radin Inten II International Airport,22.1,TKG,pop100k+airport,0.566,0.0,,0.283,-5.4292,105.2611
Nouakchott,Mauritania,MR,,661400,yes,NKC,Nouakchott–Oumtounsy International Airport,24.9,NKC,pop100k+capital+airport,0.566,0.0,,0.283,18.0858,-15.9785
Rasht,Iran,IR,08,594590,,RAS,Sardar-e-Jangal Airport,5.9,RAS,pop100k+airport,0.566,0.0,,0.283,37.2761,49.5886
Onitsha,Nigeria,NG,25,561066,,ABB,Asaba International Airport,14.6,ABB,pop100k,0.565,0.0,,0.283,6.1498,6.7857
Najaf,Iraq,IQ,17,482576,,NJF,Al Najaf International Airport,6.8,NJF,pop100k+airport,0.566,0.0,,0.283,32.0259,44.3462
Belgaum,India,IN,19,428720,,IXG,Belagavi Airport,12.2,IXG,pop100k+airport,0.566,0.0,,0.283,15.8521,74.5045
Iaşi,Romania,RO,23,318012,,IAS,Iaşi International Airport,2.2,IAS,pop100k+airport,0.566,0.0,,0.283,47.1667,27.6
Cần Thơ,Vietnam,VN,87,259598,,VCA,Can Tho International Airport,10.1,VCA,pop100k+airport,0.565,0.0,,0.283,10.0371,105.7883
Atani,Nigeria,NG,25,230000,,ABB,Asaba International Airport,23.2,ABB,pop100k,0.565,0.0,,0.283,6.0128,6.7477
Sa Dec,Vietnam,VN,09,203588,,VCA,Can Tho International Airport,23.6,VCA,pop100k,0.565,0.0,,0.283,10.2909,105.7563
Little Rock,United States,US,AR,197992,,LIT,Bill & Hillary Clinton National Airport/Adams Field,6.3,LIT,pop100k+airport,0.567,0.0,,0.283,34.7465,-92.2896
Santarém,Brazil,BR,16,189047,,STM,Santarém - Maestro Wilson Fonseca International Airport,9.7,STM,pop100k+airport,0.566,0.0,,0.283,-2.4431,-54.7083
Metro,Indonesia,ID,15,149526,,TKG,Radin Inten II International Airport,20.3,TKG,pop100k,0.566,0.0,,0.283,-5.1131,105.3067
Khon Kaen,Thailand,TH,22,147579,,KKC,Khon Kaen Airport,5.7,KKC,pop100k+airport,0.566,0.0,,0.283,16.4467,102.833
Foggia,Italy,IT,13,137032,,FOG,Foggia Gino Lisa Airport,3.1,FOG,pop100k+airport,0.566,0.0,,0.283,41.4584,15.5519
Bandar-e Anzalī,Iran,IR,08,110826,,RAS,Sardar-e-Jangal Airport,21.8,RAS,pop100k,0.566,0.0,,0.283,37.4732,49.4579
Kufa,Iraq,IQ,17,110000,,NJF,Al Najaf International Airport,7.5,NJF,pop100k+airport,0.566,0.0,,0.283,32.0511,44.4402
Nkpor,Nigeria,NG,25,103733,,ABB,Asaba International Airport,19.2,ABB,pop100k,0.565,0.0,,0.283,6.1504,6.8304
Arraiján,Panama,PA,13,76815,,PAC,Marcos A. Gelabert International Airport,11.7,BLB+PAC,airport,0.567,0.0,,0.283,8.9519,-79.6601
Asaba,Nigeria,NG,36,73374,,ABB,Asaba International Airport,7.4,ABB,airport,0.565,0.0,,0.283,6.1982,6.7319
North Little Rock,United States,US,AR,66504,,LIT,Bill & Hillary Clinton National Airport/Adams Field,6.0,LIT,airport,0.567,0.0,,0.283,34.7695,-92.2671
Saint Cloud,United States,US,MN,65842,,STC,Saint Cloud Regional Airport,8.1,STC,airport,0.565,0.0,,0.283,45.5608,-94.1625
Sherwood,United States,US,AR,30517,,LIT,Bill & Hillary Clinton National Airport/Adams Field,9.5,LIT,airport,0.567,0.0,,0.283,34.8151,-92.2243
Watertown,United States,US,NY,26780,,ART,Watertown International Airport,9.1,ART,airport,0.566,0.0,,0.283,43.9748,-75.9108
Alice Springs,Australia,AU,03,25186,,ASP,Alice Springs Airport,12.3,ASP,airport,0.566,0.0,,0.283,-23.6975,133.8836
Vadodara,India,IN,09,1409476,,BDQ,Vadodara International Airport,4.5,BDQ,pop100k+airport,0.564,0.0,,0.282,22.2994,73.2081
Lubumbashi,DR Congo,CD,14,1373770,,FBM,Lubumbashi International Airport,9.5,FBM,pop100k+airport,0.564,0.0,,0.282,-11.6609,27.4794
Santiago de Querétaro,Mexico,MX,22,626495,,QRO,Querétaro Intercontinental Airport,21.3,QRO,pop100k,0.565,0.0,,0.282,20.5881,-100.3881
Tawau,Malaysia,MY,16,306462,,TWU,Tawau Airport,26.7,TWU,pop100k+airport,0.564,0.0,,0.282,4.2448,117.8911
Yeosu,South Korea,KR,16,295538,,RSU,Yeosu Airport,10.0,RSU,pop100k+airport,0.563,0.0,,0.282,34.7606,127.6621
Suncheon,South Korea,KR,16,230796,,RSU,Yeosu Airport,16.8,RSU,pop100k,0.563,0.0,,0.282,34.9505,127.4878
Hailar,China,CN,20,211066,,HLD,Hulunbuir Hailar Airport,8.9,HLD,pop100k+airport,0.563,0.0,,0.282,49.2,119.7
Bournemouth,United Kingdom,GB,ENG,163600,,BOH,Bournemouth Airport,7.2,BOH,pop100k+airport,0.564,0.0,,0.282,50.7205,-1.8795
Poole,United Kingdom,GB,ENG,150092,,BOH,Bournemouth Airport,12.6,BOH,pop100k,0.564,0.0,,0.282,50.7143,-1.9846
Toowoomba,Australia,AU,04,131258,,WTB,Toowoomba Wellcamp Airport,15.8,WTB,pop100k+airport,0.565,0.0,,0.282,-27.5606,151.9539
Bharatpur,Nepal,NP,3,107157,,BHR,Bharatpur Airport,0.7,BHR,pop100k+airport,0.565,0.0,,0.282,27.6768,84.4359
Lahad Datu,Malaysia,MY,16,105622,,LDU,Lahad Datu Airport,1.2,LDU,pop100k+airport,0.564,0.0,,0.282,5.023,118.329
Christchurch,United Kingdom,GB,ENG,42396,,BOH,Bournemouth Airport,6.4,BOH,airport,0.564,0.0,,0.282,50.7358,-1.7813
Mirny,Russia,RU,63,40308,,MJZ,Mirny Airport,4.0,MJZ,airport,0.565,0.0,,0.282,62.5353,113.9611
Marino,Italy,IT,07,38013,,CIA,Ciampino–G. B. Pastine International Airport,6.2,CIA,airport,0.564,0.0,,0.282,41.7698,12.6592
Ciampino,Italy,IT,07,35174,,CIA,Ciampino–G. B. Pastine International Airport,0.6,CIA,airport,0.564,0.0,,0.282,41.8006,12.6016
Mirabel,Canada,CA,10,34626,,YMX,Montreal Mirabel International Airport,4.7,YMX,airport,0.565,0.0,,0.282,45.6501,-74.0825
Albano Laziale,Italy,IT,07,26684,,CIA,Ciampino–G. B. Pastine International Airport,9.5,CIA,airport,0.564,0.0,,0.282,41.7275,12.659
Mount Gambier,Australia,AU,05,25030,,MGB,Mount Gambier Airport,9.7,MGB,airport,0.564,0.0,,0.282,-37.8318,140.7792
Frascati,Italy,IT,07,20036,,CIA,Ciampino–G. B. Pastine International Airport,7.1,CIA,airport,0.564,0.0,,0.282,41.8091,12.6794
Road Town,"Virgin Islands, British",VG,00,8449,yes,EIS,Terrance B. Lettsome International Airport,8.6,EIS+VIJ,capital,0.564,0.0,,0.282,18.4269,-64.6208
Madurai,India,IN,25,909908,,IXM,Madurai Airport,9.8,IXM,pop100k+airport,0.563,0.0,,0.281,9.919,78.1195
Groznyy,Russia,RU,12,226100,,GRV,Akhmat Kadyrov Grozny International Airport,8.5,GRV,pop100k+airport,0.562,0.0,,0.281,43.312,45.6889
Owerri,Nigeria,NG,28,215038,,QOW,Sam Mbakwe International Cargo Airport,20.1,QOW,pop100k+airport,0.561,0.0,,0.281,5.4836,7.0332
Gondar,Ethiopia,ET,46,153914,,GDQ,Gondar Airport,9.6,GDQ,pop100k+airport,0.563,0.0,,0.281,12.6,37.4667
Metz,France,FR,44,123914,,ETZ,Metz-Nancy-Lorraine Airport,16.3,ETZ,pop100k,0.562,0.0,,0.281,49.1191,6.1727
Musoma,Tanzania,TZ,08,121119,,MUZ,Musoma Airport,0.4,MUZ,pop100k+airport,0.561,0.0,,0.281,-1.5,33.8
Rochester,United States,US,MN,112225,,RST,Rochester International Airport,12.8,RST,pop100k+airport,0.561,0.0,,0.281,44.0216,-92.4699
Girona,Spain,ES,56,96188,,GRO,Girona-Costa Brava Airport,10.2,GRO,airport,0.562,0.0,,0.281,41.9831,2.8249
Jharsuguda,India,IN,21,79492,,JRG,Jharsuguda Airport,7.9,JRG,airport,0.562,0.0,,0.281,21.8553,84.007
Tirupparangunram,India,IN,25,42696,,IXM,Madurai Airport,5.7,IXM,airport,0.563,0.0,,0.281,9.8815,78.0731
Salt,Spain,ES,56,29985,,GRO,Girona-Costa Brava Airport,8.2,GRO,airport,0.562,0.0,,0.281,41.9749,2.7928
Coffs Harbour,Australia,AU,02,26672,,CFS,Coffs Harbour Airport,2.7,CFS,airport,0.563,0.0,,0.281,-30.2963,153.1135
Voronezh,Russia,RU,86,848752,,VOZ,Voronezh International Airport,16.1,VOZ,pop100k+airport,0.56,0.0,,0.28,51.672,39.1843
Pietermaritzburg,South Africa,ZA,02,750845,,PZB,Pietermaritzburg Airport,3.6,PZB,pop100k+airport,0.559,0.0,,0.28,-29.6168,30.3928
Changde,China,CN,11,517780,,CGD,Changde Taohuayuan Airport,13.8,CGD,pop100k,0.561,0.0,,0.28,29.0321,111.6984
Jining,China,CN,25,450327,,JNG,Jining Da'an Airport,30.7,JNG,pop100k+airport,0.559,0.0,,0.28,35.405,116.5814
Bratislava,Slovakia,SK,02,423737,yes,BTS,M. R. Štefánik Airport,8.2,BTS,pop100k+capital+airport,0.561,0.0,,0.28,48.1482,17.1067
Huế,Vietnam,VN,66,287217,,HUI,Phu Bai International Airport,13.3,HUI,pop100k+airport,0.561,0.0,,0.28,16.4619,107.5955
Turku,Finland,FI,02,175945,,TKU,Turku Airport,7.0,TKU,pop100k+airport,0.56,0.0,,0.28,60.4515,22.2687
Coquimbo,Chile,CL,07,161317,,LSC,La Florida Airport,14.1,LSC,pop100k,0.561,0.0,,0.28,-29.9533,-71.3395
La Serena,Chile,CL,07,154521,,LSC,La Florida Airport,4.9,LSC,pop100k+airport,0.561,0.0,,0.28,-29.9045,-71.2489
Gulfport,United States,US,MS,71856,,GPT,Gulfport Biloxi International Airport,4.8,GPT,airport,0.561,0.0,,0.28,30.3674,-89.0928
West Gulfport,United States,US,MS,71329,,GPT,Gulfport Biloxi International Airport,2.3,GPT,airport,0.561,0.0,,0.28,30.4041,-89.0942
Invercargill,New Zealand,NZ,F8,47287,,IVC,Invercargill Airport,3.2,IVC,airport,0.56,0.0,,0.28,-46.4,168.35
Inverness,United Kingdom,GB,SCT,46870,,INV,Inverness Airport,12.7,INV,airport,0.56,0.0,,0.28,57.4791,-4.224
Corfu,Greece,GR,ESYE22,27003,,CFU,Corfu Ioannis Kapodistrias International Airport,2.6,CFU,airport,0.56,0.0,,0.28,39.6244,19.9202
Raisio,Finland,FI,02,23597,,TKU,Turku Airport,6.0,TKU,airport,0.56,0.0,,0.28,60.4859,22.1689
Goleniów,Poland,PL,87,22505,,SZZ,Solidarity Szczecin–Goleniów Airport,5.4,SZZ,airport,0.561,0.0,,0.28,53.5639,14.8285
Kahrīz,Iran,IR,13,766706,,KSH,Shahid Ashrafi Esfahani Airport,10.3,KSH,pop100k,0.558,0.0,,0.279,34.3838,47.0553
Mexicali,Mexico,MX,02,689775,,MXL,General Rodolfo Sánchez Taboada International Airport,19.8,MXL,pop100k+airport,0.558,0.0,,0.279,32.6278,-115.4545
Kermanshah,Iran,IR,13,621100,,KSH,Shahid Ashrafi Esfahani Airport,9.2,KSH,pop100k+airport,0.558,0.0,,0.279,34.3142,47.065
Kanazawa,Japan,JP,15,458937,,KMQ,Komatsu Airport / JASDF Komatsu Air Base,29.7,KMQ,pop100k+airport,0.559,0.0,,0.279,36.6,136.6167
Cusco,Peru,PE,08,312140,,CUZ,Alejandro Velasco Astete International Airport,3.4,CUZ,pop100k+airport,0.558,0.0,,0.279,-13.5226,-71.9673
Yamagata,Japan,JP,44,254538,,GAJ,Yamagata Airport,19.9,GAJ,pop100k,0.557,0.0,,0.279,38.2333,140.3667
Biratnagar,Nepal,NP,1,182324,,BIR,Biratnagar Airport,3.0,BIR,pop100k+airport,0.559,0.0,,0.279,26.455,87.2701
Cagliari,Italy,IT,14,149257,,CAG,Cagliari Elmas Airport,6.1,CAG,pop100k+airport,0.559,0.0,,0.279,39.2305,9.1192
Malindi,Kenya,KE,23,118265,,MYD,Malindi International Airport,2.1,MYD,pop100k+airport,0.559,0.0,,0.279,-3.218,40.1169
Exeter,United Kingdom,GB,ENG,117763,,EXT,Exeter International Airport,8.1,EXT,pop100k+airport,0.558,0.0,,0.279,50.7236,-3.5275
Komatsu,Japan,JP,15,109045,,KMQ,Komatsu Airport / JASDF Komatsu Air Base,4.1,KMQ,pop100k+airport,0.559,0.0,,0.279,36.4026,136.4509
Green Bay,United States,US,WI,105207,,GRB,Austin Straubel International Airport,9.7,GRB,pop100k+airport,0.558,0.0,,0.279,44.5192,-88.0198
Rotorua,New Zealand,NZ,E8,65901,,ROT,Rotorua Regional Airport,7.1,ROT,airport,0.558,0.0,,0.279,-38.1387,176.2452
Tendō,Japan,JP,44,65393,,GAJ,Yamagata Airport,6.5,GAJ,airport,0.557,0.0,,0.279,38.3536,140.3697
Higashine,Japan,JP,44,45779,,GAJ,Yamagata Airport,4.0,GAJ,airport,0.557,0.0,,0.279,38.4389,140.4006
Sagae,Japan,JP,44,43544,,GAJ,Yamagata Airport,9.6,GAJ,airport,0.557,0.0,,0.279,38.3725,140.2725
Jogbani,India,IN,34,33300,,BIR,Biratnagar Airport,9.2,BIR,airport,0.559,0.0,,0.279,26.399,87.2652
Popondetta,Papua New Guinea,PG,04,28198,,PNP,Girua Airport,9.5,PNP,airport,0.558,0.0,,0.279,-8.7654,148.2325
Assemini,Italy,IT,14,25257,,CAG,Cagliari Elmas Airport,6.5,CAG,airport,0.559,0.0,,0.279,39.2912,8.9988
De Pere,United States,US,WI,24724,,GRB,Austin Straubel International Airport,6.8,GRB,airport,0.558,0.0,,0.279,44.4489,-88.0604
Selargius,Italy,IT,14,23285,,CAG,Cagliari Elmas Airport,9.4,CAG,airport,0.559,0.0,,0.279,39.2578,9.1632
Monserrato,Italy,IT,14,20193,,CAG,Cagliari Elmas Airport,7.8,CAG,airport,0.559,0.0,,0.279,39.2564,9.1444
Basrah,Iraq,IQ,02,2600000,,BSR,Basra International Airport,12.2,BSR,pop100k,0.556,0.0,,0.278,30.5085,47.7804
Datong,China,CN,24,1052678,,DAT,Datong Yungang International Airport,16.5,DAT,pop100k+airport,0.555,0.0,,0.278,40.0936,113.2914
Mazatlán,Mexico,MX,25,381583,,MZT,General Rafael Buelna International Airport,16.4,MZT,pop100k+airport,0.556,0.0,,0.278,23.2329,-106.4062
Timişoara,Romania,RO,36,315053,,TSR,Timișoara Traian Vuia International Airport,10.7,TSR,pop100k+airport,0.556,0.0,,0.278,45.7537,21.2257
Pucallpa,Peru,PE,25,310750,,PCL,Cap FAP David Abenzur Rengifo International Airport,2.3,PCL,pop100k+airport,0.555,0.0,,0.278,-8.3791,-74.5539
Rio Branco,Brazil,BR,01,257642,,RBR,Rio Branco-Plácido de Castro International Airport,14.9,RBR,pop100k+airport,0.556,0.0,,0.278,-9.9747,-67.81
Neuquén,Argentina,AR,15,242092,,NQN,Presidente Perón International Airport,8.4,NQN,pop100k+airport,0.557,0.0,,0.278,-38.9516,-68.0591
Rostock,Germany,DE,12,198293,,RLG,Rostock-Laage Airport,21.0,RLG,pop100k,0.557,0.0,,0.278,54.0887,12.1405
Kendari,Indonesia,ID,22,195006,,KDI,Haluoleo Airport,15.8,KDI,pop100k+airport,0.555,0.0,,0.278,-3.9778,122.5151
Worcester,United States,US,MA,184815,,ORH,Worcester Regional Airport,6.1,ORH,pop100k+airport,0.556,0.0,,0.278,42.2626,-71.8023
Kushiro,Japan,JP,12,183612,,KUH,Kushiro Airport,16.5,KUH,pop100k+airport,0.556,0.0,,0.278,42.975,144.3747
Az Zubayr,Iraq,IQ,02,122676,,BSR,Basra International Airport,17.9,BSR,pop100k,0.556,0.0,,0.278,30.3921,47.7017
David,Panama,PA,02,81957,,DAV,Enrique Malek International Airport,4.3,DAV,airport,0.555,0.0,,0.278,8.4273,-82.4309
Plottier,Argentina,AR,15,25186,,NQN,Presidente Perón International Airport,7.0,NQN,airport,0.557,0.0,,0.278,-38.9667,-68.2333
Nizhniy Novgorod,Russia,RU,51,1284164,,GOJ,Nizhny Novgorod / Strigino International Airport,17.5,GOJ,pop100k,0.554,0.0,,0.277,56.3287,44.002
Mar del Plata,Argentina,AR,01,553935,,MDQ,Ástor Piazzola International Airport,7.5,MDQ,pop100k+airport,0.554,0.0,,0.277,-38.0004,-57.5562
Kisangani,DR Congo,CD,30,539158,,FKI,Bangoka International Airport,16.8,FKI,pop100k+airport,0.555,0.0,,0.277,0.5153,25.191
Makhachkala,Russia,RU,17,497959,,MCX,Makhachkala Uytash International Airport,21.5,MCX,pop100k+airport,0.554,0.0,,0.277,42.9764,47.5024
Murmansk,Russia,RU,49,319263,,MMK,Emperor Nicholas II Murmansk Airport,25.9,MMK,pop100k+airport,0.554,0.0,,0.277,68.9792,33.0925
Oaxaca,Mexico,MX,20,255029,,OAX,Xoxocotlán International Airport,7.4,OAX,pop100k+airport,0.554,0.0,,0.277,17.0654,-96.7237
Dzerzhinsk,Russia,RU,51,233126,,GOJ,Nizhny Novgorod / Strigino International Airport,20.4,GOJ,pop100k,0.554,0.0,,0.277,56.2414,43.4554
Puerto Princesa,Philippines,PH,41,222673,,PPS,Puerto Princesa International Airport / PAF Antonio Bautista Air Base,2.6,PPS,pop100k+airport,0.553,0.0,,0.277,9.7392,118.7353
Palmas,Brazil,BR,31,196272,,PMW,Brigadeiro Lysias Rodrigues Airport,14.2,PMW,pop100k+airport,0.553,0.0,,0.277,-10.1675,-48.3277
Saarbrücken,Germany,DE,09,181227,,SCN,Saarbrücken Airport,7.5,SCN,pop100k+airport,0.554,0.0,,0.277,49.2326,7.0098
Fujieda,Japan,JP,37,132859,,FSZ,Mount Fuji Shizuoka Airport,10.5,FSZ,pop100k,0.554,0.0,,0.277,34.8667,138.2667
Yaizu,Japan,JP,37,121057,,FSZ,Mount Fuji Shizuoka Airport,14.3,FSZ,pop100k,0.554,0.0,,0.277,34.8688,138.3195
Bellingham,United States,US,WA,85146,,BLI,Bellingham International Airport,5.2,BLI,airport,0.554,0.0,,0.277,48.7595,-122.4882
Kaspiysk,Russia,RU,17,81752,,MCX,Makhachkala Uytash International Airport,7.3,MCX,airport,0.554,0.0,,0.277,42.8817,47.6392
Shimada,Japan,JP,37,75781,,FSZ,Mount Fuji Shizuoka Airport,2.5,FSZ,airport,0.554,0.0,,0.277,34.8167,138.1833
Eau Claire,United States,US,WI,67778,,EAU,Chippewa Valley Regional Airport,6.2,EAU,airport,0.554,0.0,,0.277,44.8113,-91.4985
Santa Cruz Xoxocotlán,Mexico,MX,20,67086,,OAX,Xoxocotlán International Airport,3.6,OAX,airport,0.554,0.0,,0.277,17.0296,-96.7352
Tamworth,Australia,AU,02,47597,,TMW,Tamworth Airport,8.1,TMW,airport,0.554,0.0,,0.277,-31.0905,150.929
Sankt Ingbert,Germany,DE,09,38697,,SCN,Saarbrücken Airport,7.0,SCN,airport,0.554,0.0,,0.277,49.277,7.1167
Kanaya,Japan,JP,37,20286,,FSZ,Mount Fuji Shizuoka Airport,6.4,FSZ,airport,0.554,0.0,,0.277,34.8202,138.1277
San Antonio de la Cal,Mexico,MX,20,20198,,OAX,Xoxocotlán International Airport,4.3,OAX,airport,0.554,0.0,,0.277,17.0292,-96.7009
Peshawar,Pakistan,PK,03,1218773,,PEW,Bacha Khan International Airport,6.1,PEW,pop100k+airport,0.551,0.0,,0.276,34.008,71.5785
Mysore,India,IN,19,868313,,MYQ,Mysore Airport,7.7,MYQ,pop100k+airport,0.551,0.0,,0.276,12.2979,76.6393
Santa Marta,Colombia,CO,38,431781,,SMR,Simón Bolívar International Airport,13.9,SMR,pop100k+airport,0.552,0.0,,0.276,11.2408,-74.199
Pasto,Colombia,CO,20,382236,,PSO,Antonio Nariño Airport,20.4,PSO,pop100k,0.553,0.0,,0.276,1.2136,-77.2811
Chifeng,China,CN,20,346654,,CIF,Chifeng Yulong Airport,15.7,CIF,pop100k+airport,0.553,0.0,,0.276,42.2683,118.9636
Porto Velho,Brazil,BR,24,306180,,PVH,Governador Jorge Teixeira de Oliveira International Airport,5.9,PVH,pop100k+airport,0.553,0.0,,0.276,-8.7619,-63.9039
Akron,United States,US,OH,197542,,CAK,Akron Canton Regional Airport,19.5,CAK,pop100k+airport,0.553,0.0,,0.276,41.0814,-81.519
Buôn Ma Thuột,Vietnam,VN,88,146975,,BMV,Buon Ma Thuot Airport,8.9,BMV,pop100k+airport,0.552,0.0,,0.276,12.6675,108.0378
Nador,Morocco,MA,02,129260,,MLN,Melilla Airport,12.6,MLN+NDR,pop100k,0.551,0.0,,0.276,35.1681,-2.9335
College Station,United States,US,TX,107889,,CLL,Easterwood Field,5.2,CLL,pop100k+airport,0.552,0.0,,0.276,30.628,-96.3344
New Bedford,United States,US,MA,94958,,EWB,New Bedford Regional Airport,5.2,EWB,airport,0.552,0.0,,0.276,41.6353,-70.927
Novyy Urengoy,Russia,RU,87,94212,,NUX,Novy Urengoy Airport,5.3,NUX,airport,0.551,0.0,,0.276,66.0833,76.6333
Pau,France,FR,75,82697,,PUF,Pau Pyrénées Airport,9.2,PUF,airport,0.552,0.0,,0.276,43.3112,-0.3558
Bryan,United States,US,TX,82118,,CLL,Easterwood Field,9.6,CLL,airport,0.552,0.0,,0.276,30.6744,-96.37
Melilla,Spain,ES,ML,73460,,MLN,Melilla Airport,2.2,MLN,airport,0.551,0.0,,0.276,35.2937,-2.9383
Mujiayingzi,China,CN,20,60627,,CIF,Chifeng Yulong Airport,6.7,CIF,airport,0.553,0.0,,0.276,42.1167,118.7833
Kalibo (poblacion),Philippines,PH,06,56845,,KLO,Kalibo International Airport,3.2,KLO,airport,0.551,0.0,,0.276,11.7061,122.3644
Minot,United States,US,ND,49450,,MOT,Minot International Airport,3.1,MOT,airport,0.551,0.0,,0.276,48.2325,-101.2963
Alexandria,United States,US,LA,47889,,AEX,Alexandria International Airport,9.8,AEX,airport,0.552,0.0,,0.276,31.3113,-92.4451
Gisborne,New Zealand,NZ,F1,34274,,GIS,Gisborne Airport,2.5,GIS,airport,0.552,0.0,,0.276,-38.6533,178.0042
Green,United States,US,OH,25898,,CAK,Akron Canton Regional Airport,4.8,CAK,airport,0.553,0.0,,0.276,40.9459,-81.4832
Castries,Saint Lucia,LC,03,20000,yes,SLU,George F. L. Charles Airport,3.1,SLU,capital+airport,0.552,0.0,,0.276,13.9957,-61.0061
Avarua,Cook Islands,CK,11695425,13373,yes,RAR,Rarotonga International Airport,3.2,RAR,capital,0.552,0.0,,0.276,-21.2075,-159.7755
Xinyang,China,CN,09,1590668,,XAI,Xinyang Minggang Airport,46.5,XAI,pop100k+airport,0.549,0.0,,0.275,32.1228,114.0656
Luqiao,China,CN,02,427890,,HYN,Taizhou Luqiao Airport,5.6,HYN,pop100k+airport,0.551,0.0,,0.275,28.5802,121.3749
Ironville,United States,US,KY,288649,,HTS,Tri-State Airport / Milton J. Ferguson Field,15.4,HTS,pop100k,0.551,0.0,,0.275,38.4565,-82.6924
Meads,United States,US,KY,288649,,HTS,Tri-State Airport / Milton J. Ferguson Field,14.1,HTS,pop100k,0.551,0.0,,0.275,38.4126,-82.7091
Norwich,United Kingdom,GB,ENG,213166,,NWI,Norwich Airport,5.4,NWI,pop100k+airport,0.551,0.0,,0.275,52.6278,1.2983
Huangyan,China,CN,02,150448,,HYN,Taizhou Luqiao Airport,18.7,HYN,pop100k,0.551,0.0,,0.275,28.6501,121.2659
Concord,United States,US,CA,128667,,CCR,Buchanan Field,2.6,CCR,pop100k+airport,0.549,0.0,,0.275,37.978,-122.0311
Vallejo,United States,US,CA,121253,,CCR,Buchanan Field,21.6,CCR,pop100k,0.549,0.0,,0.275,38.1041,-122.2566
Thanh Hóa,Vietnam,VN,34,112473,,THD,Tho Xuan Airport,33.2,THD,pop100k+airport,0.551,0.0,,0.275,19.8,105.7667
Antioch,United States,US,CA,110542,,CCR,Buchanan Field,22.1,CCR,pop100k,0.549,0.0,,0.275,38.0049,-121.8058
Pemba,Mozambique,MZ,01,108737,,POL,Pemba Airport,2.3,POL,pop100k+airport,0.551,0.0,,0.275,-12.974,40.5177
Tamanrasset,Algeria,DZ,53,73128,,TMR,Aguenar – Hadj Bey Akhamok Airport,7.9,TMR,airport,0.549,0.0,,0.275,22.785,5.5228
Minggang,China,CN,09,67945,,XAI,Xinyang Minggang Airport,9.6,XAI,airport,0.549,0.0,,0.275,32.4586,114.0486
Tanjung Pandan,Indonesia,ID,35,62374,,TJQ,H A S Hanandjoeddin International Airport,13.4,TJQ,airport,0.551,0.0,,0.275,-2.7335,107.6348
La Crosse,United States,US,WI,52306,,LSE,La Crosse Regional Airport,8.7,LSE,airport,0.55,0.0,,0.275,43.8014,-91.2396
North La Crosse,United States,US,WI,50470,,LSE,La Crosse Regional Airport,3.7,LSE,airport,0.55,0.0,,0.275,43.8464,-91.2482
Huntington,United States,US,WV,48638,,HTS,Tri-State Airport / Milton J. Ferguson Field,11.4,HTS,airport,0.551,0.0,,0.275,38.4192,-82.4451
Binghamton,United States,US,NY,46032,,BGM,Greater Binghamton/Edwin A Link field,13.3,BGM,airport,0.55,0.0,,0.275,42.0987,-75.918
Martinez,United States,US,CA,38137,,CCR,Buchanan Field,7.5,CCR,airport,0.549,0.0,,0.275,38.0194,-122.1341
Pleasant Hill,United States,US,CA,34810,,CCR,Buchanan Field,4.7,CCR,airport,0.549,0.0,,0.275,37.948,-122.0608
Busselton,Australia,AU,08,21898,,BQB,Busselton Margaret River Regional Airport,6.4,BQB,airport,0.549,0.0,,0.275,-33.6525,115.3455
Bay Point,United States,US,CA,21534,,CCR,Buchanan Field,9.4,CCR,airport,0.549,0.0,,0.275,38.0291,-121.9616
Bowthorpe,United Kingdom,GB,ENG,20000,,NWI,Norwich Airport,6.0,NWI,airport,0.551,0.0,,0.275,52.6388,1.2188
Ulan-Ude,Russia,RU,11,360278,,UUD,Baikal International Airport,11.6,UUD,pop100k+airport,0.548,0.0,,0.274,51.8272,107.6063
Arkhangel’sk,Russia,RU,06,356051,,ARH,Talagi Airport,10.6,ARH,pop100k,0.548,0.0,,0.274,64.5401,40.5433
Takamatsu,Japan,JP,17,334223,,TAK,Takamatsu Airport,13.5,TAK,pop100k+airport,0.549,0.0,,0.274,34.3333,134.05
Newport News,United States,US,VA,182385,,PHF,Newport News Williamsburg International Airport,5.8,PHF,pop100k+airport,0.549,0.0,,0.274,37.0834,-76.4697
La Ceiba,Honduras,HN,01,130218,,LCE,Golosón International Airport,7.8,LCE,pop100k+airport,0.549,0.0,,0.274,15.7597,-86.7822
Tete,Mozambique,MZ,08,129316,,TET,Tete Airport,8.1,TET,pop100k+airport,0.548,0.0,,0.274,-16.1564,33.5867
Willemstad,Curaçao,CW,,125000,yes,CUR,Hato International Airport,9.4,CUR,pop100k+capital+airport,0.548,0.0,,0.274,12.1084,-68.9335
Aalborg,Denmark,DK,19,122219,,AAL,Aalborg Airport,6.7,AAL,pop100k+airport,0.548,0.0,,0.274,57.048,9.9187
Livingstone,Zambia,ZM,07,109203,,LVI,Harry Mwanga Nkumbula International Airport,4.3,LVI,pop100k+airport,0.547,0.0,,0.274,-17.8419,25.8543
Río Gallegos,Argentina,AR,20,85700,,RGL,Piloto Civil Norberto Fernández International Airport,6.5,RGL,airport,0.548,0.0,,0.274,-51.6226,-69.2181
Quzhou,China,CN,02,82216,,JUZ,Quzhou Airport,3.0,JUZ,airport,0.548,0.0,,0.274,28.9594,118.8686
Grand Island,United States,US,NE,51440,,GRI,Central Nebraska Regional Airport,5.5,GRI,airport,0.549,0.0,,0.274,40.925,-98.342
Victoria Falls,Zimbabwe,ZW,06,35761,,LVI,Harry Mwanga Nkumbula International Airport,12.4,LVI+VFA,airport,0.547,0.0,,0.274,-17.9328,25.8307
New Bern,United States,US,NC,30070,,EWN,Coastal Carolina Regional Airport,3.9,EWN,airport,0.547,0.0,,0.274,35.1085,-77.0441
Fukuechō,Japan,JP,27,26636,,FUJ,Fukue Airport,3.6,FUJ,airport,0.547,0.0,,0.274,32.6973,128.8456
Nørresundby,Denmark,DK,19,22083,,AAL,Aalborg Airport,6.0,AAL,airport,0.548,0.0,,0.274,57.0588,9.9228
Nanchong,China,CN,32,7150000,,NAO,Nanchong Gaoping Airport,7.6,NAO,pop100k+airport,0.546,0.0,,0.273,30.7951,106.0847
Pointe-Noire,Congo,CG,15,659084,,PNR,Antonio Agostinho-Neto International Airport,5.1,PNR,pop100k+airport,0.547,0.0,,0.273,-4.7761,11.8635
Diyarbakır,Türkiye,TR,21,644763,,DIY,Diyarbakır Airport,2.6,DIY,pop100k+airport,0.545,0.0,,0.273,37.9136,40.2172
Okayama,Japan,JP,31,639652,,OKJ,Okayama Momotaro Airport,13.9,OKJ,pop100k+airport,0.547,0.0,,0.273,34.65,133.9333
Zamboanga,Philippines,PH,09,457623,,ZAM,Zamboanga International Airport,2.0,ZAM,pop100k+airport,0.547,0.0,,0.273,6.9103,122.0739
Kurashiki,Japan,JP,31,437581,,OKJ,Okayama Momotaro Airport,20.9,OKJ,pop100k,0.547,0.0,,0.273,34.5833,133.7667
Ibagué,Colombia,CO,28,421685,,IBE,Perales Airport,11.1,IBE,pop100k+airport,0.547,0.0,,0.273,4.4389,-75.2322
Van,Türkiye,TR,65,371713,,VAN,Van Ferit Melen Airport,5.3,VAN,pop100k+airport,0.545,0.0,,0.273,38.4946,43.3832
Chita,Russia,RU,93,308500,,HTA,Chita-Kadala International Airport,13.4,HTA,pop100k+airport,0.547,0.0,,0.273,52.0317,113.5009
Gaoping,China,CN,32,204368,,NAO,Nanchong Gaoping Airport,6.4,NAO,pop100k+airport,0.546,0.0,,0.273,30.7758,106.1029
León,Spain,ES,55,134305,,LEN,León Airport,6.9,LEN,pop100k+airport,0.547,0.0,,0.273,42.6,-5.5703
Punta Arenas,Chile,CL,10,117430,,PUQ,President Carlos Ibáñez International Airport,17.3,PUQ,pop100k+airport,0.545,0.0,,0.273,-53.1548,-70.9113
Bolzano,Italy,IT,17,99049,,BZO,Bolzano Airport,3.6,BZO,airport,0.546,0.0,,0.273,46.4907,11.3398
Trelew,Argentina,AR,04,93442,,REL,Almirante Marco Andres Zar Airport,5.1,REL,airport,0.547,0.0,,0.273,-43.249,-65.305
Champaign,United States,US,IL,86096,,CMI,University of Illinois Willard Airport,9.0,CMI,airport,0.545,0.0,,0.273,40.1164,-88.2434
Sioux City,United States,US,IA,82821,,SUX,Sioux Gateway Airport / Brigadier General Bud Day Field,11.5,SUX,airport,0.546,0.0,,0.273,42.5,-96.4003
Kalamazoo,United States,US,MI,76041,,AZO,Kalamazoo/Battle Creek International Airport,7.3,AZO,airport,0.546,0.0,,0.273,42.2917,-85.5872
Bundaberg,Australia,AU,04,70826,,BDB,Bundaberg Airport,5.0,BDB,airport,0.546,0.0,,0.273,-24.8662,152.3479
Mukah,Malaysia,MY,11,49900,,MKM,Mukah Airport,5.5,MKM,airport,0.546,0.0,,0.273,2.8944,112.0914
Portage,United States,US,MI,48177,,AZO,Kalamazoo/Battle Creek International Airport,4.3,AZO,airport,0.546,0.0,,0.273,42.2011,-85.58
Urbana,United States,US,IL,42311,,CMI,University of Illinois Willard Airport,9.8,CMI,airport,0.545,0.0,,0.273,40.1106,-88.2073
San Andrés del Rabanedo,Spain,ES,55,30906,,LEN,León Airport,3.8,LEN,airport,0.547,0.0,,0.273,42.6117,-5.6167
Rawson,Argentina,AR,04,26335,,REL,Almirante Marco Andres Zar Airport,16.9,REL,airport,0.547,0.0,,0.273,-43.3002,-65.1023
Lamu,Kenya,KE,30,24525,,LAU,Manda Airport,2.5,LAU,airport,0.546,0.0,,0.273,-2.2717,40.902
Moutsamoudou,Comoros,KM,01,23594,,AJN,Ouani Airport,5.2,AJN,airport,0.545,0.0,,0.273,-12.1667,44.3994
Loandjili,Congo,CG,15,23204,,PNR,Antonio Agostinho-Neto International Airport,7.4,PNR,airport,0.547,0.0,,0.273,-4.7561,11.8578
Maracaibo,Venezuela,VE,23,2225000,,MAR,La Chinita International Airport,17.6,MAR,pop100k+airport,0.543,0.0,,0.272,10.6666,-71.6124
Kumasi,Ghana,GH,02,1468609,,KMS,Prempeh I International Airport,4.7,KMS,pop100k+airport,0.545,0.0,,0.272,6.6885,-1.6244
Qiqihar,China,CN,08,882364,,NDG,Qiqihar Sanjiazi Airport,12.8,NDG,pop100k+airport,0.545,0.0,,0.272,47.3409,123.9604
Hengyang,China,CN,11,759602,,HNY,Hengyang Nanyue Airport,18.6,HNY,pop100k+airport,0.543,0.0,,0.272,26.8895,112.6189
As Sulaymānīyah,Iraq,IQ,05,723170,,ISU,Jalal Talabani International Airport,10.7,ISU,pop100k,0.544,0.0,,0.272,35.565,45.4329
Constantine,Algeria,DZ,04,450097,,CZL,Mohamed Boudiaf International Airport,9.9,CZL,pop100k+airport,0.543,0.0,,0.272,36.365,6.6147
Belgorod,Russia,RU,09,345289,,EGO,Belgorod International Airport,3.7,EGO,pop100k+airport,0.544,0.0,,0.272,50.6107,36.5802
Villavicencio,Colombia,CO,19,321717,,VVC,Vanguardia Airport,3.2,VVC,pop100k+airport,0.543,0.0,,0.272,4.142,-73.6266
Toledo,United States,US,OH,279789,,TOL,Eugene F. Kranz Toledo Express Airport,22.7,TOL,pop100k+airport,0.545,0.0,,0.272,41.6639,-83.5552
Hulan Ergi,China,CN,08,265344,,NDG,Qiqihar Sanjiazi Airport,21.4,NDG,pop100k,0.545,0.0,,0.272,47.2042,123.6333
Chapecó,Brazil,BR,26,160157,,XAP,Serafin Enoss Bertaso Airport,5.7,XAP,pop100k+airport,0.544,0.0,,0.272,-27.0964,-52.6183
Hami,China,CN,13,137072,,HMI,Hami Airport,13.3,HMI,pop100k+airport,0.544,0.0,,0.272,42.8339,93.506
Ubon Ratchathani,Thailand,TH,75,122533,,UBP,Ubon Ratchathani Airport,2.7,UBP,pop100k+airport,0.544,0.0,,0.272,15.2384,104.8487
Dumaguete,Philippines,PH,07,113541,,DGT,Sibulan Airport,3.0,DGT,pop100k+airport,0.545,0.0,,0.272,9.3072,123.3026
Greenville,United States,US,NC,90597,,PGV,Pitt-Greenville Airport,3.0,PGV,airport,0.544,0.0,,0.272,35.6127,-77.3663
El Khroub,Algeria,DZ,04,83746,,CZL,Mohamed Boudiaf International Airport,6.7,CZL,airport,0.543,0.0,,0.272,36.2633,6.6936
Qal‘at Bīshah,Saudi Arabia,SA,11,81828,,BHH,Bisha Airport,2.4,BHH,airport,0.543,0.0,,0.272,20.0005,42.6052
Fredericton,Canada,CA,04,52337,,YFC,Fredericton International Airport,13.5,YFC,airport,0.544,0.0,,0.272,45.9454,-66.6656
Tafo,Ghana,GH,02,50457,,KMS,Prempeh I International Airport,3.2,KMS,airport,0.545,0.0,,0.272,6.7316,-1.6137
Augusta,United States,US,GA,43459,,AGS,Augusta Regional At Bush Field,11.3,AGS,airport,0.544,0.0,,0.272,33.471,-81.9748
Warin Chamrap,Thailand,TH,75,43102,,UBP,Ubon Ratchathani Airport,6.5,UBP,airport,0.544,0.0,,0.272,15.1932,104.8628
Fajardo,Puerto Rico,PR,053,34068,,NRR,José Aponte de la Torre Airport,8.8,NRR,airport,0.544,0.0,,0.272,18.3258,-65.6524
Sibulan,Philippines,PH,07,28079,,DGT,Sibulan Airport,3.3,DGT,airport,0.545,0.0,,0.272,9.3584,123.285
San Luis Potosí,Mexico,MX,24,722772,,SLP,Ponciano Arriaga International Airport,13.3,SLP,pop100k+airport,0.542,0.0,,0.271,22.1498,-100.9792
Soledad de Graciano Sánchez,Mexico,MX,24,255015,,SLP,Ponciano Arriaga International Airport,8.1,SLP,pop100k+airport,0.542,0.0,,0.271,22.1891,-100.9379
Linfen,China,CN,24,232566,,LFQ,Linfen Yaodu Airport,12.0,LFQ,pop100k,0.542,0.0,,0.271,36.0889,111.5189
La Paz,Mexico,MX,03,215178,,LAP,Manuel Márquez de León International Airport,10.2,LAP,pop100k+airport,0.542,0.0,,0.271,24.1444,-110.3005
Cork,Ireland,IE,M,190384,,ORK,Cork International Airport,6.5,ORK,pop100k+airport,0.542,0.0,,0.271,51.898,-8.4706
Ilhéus,Brazil,BR,05,155499,,IOS,Bahia - Jorge Amado Airport,2.6,IOS,pop100k+airport,0.542,0.0,,0.271,-14.7936,-39.0395
Tours,France,FR,24,141621,,TUF,Tours Val de Loire Airport,4.5,TUF,pop100k+airport,0.541,0.0,,0.271,47.3948,0.704
Santiago de Compostela,Spain,ES,58,95092,,SCQ,Santiago-Rosalía de Castro Airport,10.8,SCQ,airport,0.542,0.0,,0.271,42.8805,-8.5457
Chiang Rai,Thailand,TH,03,78756,,CEI,Mae Fah Luang - Chiang Rai International Airport,7.2,CEI,airport,0.542,0.0,,0.271,19.9086,99.8325
Mthatha,South Africa,ZA,05,78663,,UTT,K. D. Matanzima Airport,11.5,UTT,airport,0.541,0.0,,0.271,-31.5889,28.7844
Manhattan,United States,US,KS,56308,,MHK,Manhattan Regional Airport,9.8,MHK,airport,0.542,0.0,,0.271,39.1836,-96.5717
Port Macquarie,Australia,AU,02,45692,,PQQ,Port Macquarie Airport,4.4,PQQ,airport,0.542,0.0,,0.271,-31.4308,152.9089
Pangkalanbuun,Indonesia,ID,13,38057,,PKN,Iskandar Airport,5.8,PKN,airport,0.542,0.0,,0.271,-2.6832,111.6259
Joué-lès-Tours,France,FR,24,37466,,TUF,Tours Val de Loire Airport,9.9,TUF,airport,0.541,0.0,,0.271,47.3522,0.6691
Lewiston,United States,US,ID,32544,,LWS,Lewiston Nez Perce County Airport,4.7,LWS,airport,0.543,0.0,,0.271,46.4166,-117.0177
Lewiston Orchards,United States,US,ID,31422,,LWS,Lewiston Nez Perce County Airport,3.1,LWS,airport,0.543,0.0,,0.271,46.3804,-116.9754
Helena,United States,US,MT,30581,,HLN,Helena Regional Airport,4.3,HLN,airport,0.543,0.0,,0.271,46.5927,-112.0361
Cockburn Town,Turks and Caicos Islands,TC,00,3720,yes,GDT,JAGS McCartney International Airport,1.9,GDT+SLX,capital,0.543,0.0,,0.271,21.4612,-71.1419
Barranquilla,Colombia,CO,04,1380425,,BAQ,Ernesto Cortissoz International Airport,8.8,BAQ,pop100k+airport,0.541,0.0,,0.27,10.9685,-74.7813
Pristina,Kosovo,XK,10097360,550000,yes,PRN,Priština Adem Jashari International Airport,15.4,PRN,pop100k+capital,0.541,0.0,,0.27,42.6727,21.1669
Hamilton,Canada,CA,08,519949,,YHM,John C. Munro Hamilton International Airport,10.8,YHM,pop100k+airport,0.54,0.0,,0.27,43.2501,-79.8496
Lipetsk,Russia,RU,43,515655,,LPK,Lipetsk Airport,11.3,LPK,pop100k+airport,0.54,0.0,,0.27,52.6031,39.5708
Hargeysa,Somalia,SO,20,477876,,HGA,Egal International Airport,5.5,HGA,pop100k+airport,0.54,0.0,,0.27,9.56,44.065
Jammu,India,IN,12,465567,,IXJ,Jammu Airport,6.0,IXJ,pop100k+airport,0.54,0.0,,0.27,32.7357,74.8691
Soledad,Colombia,CO,04,342556,,BAQ,Ernesto Cortissoz International Airport,3.7,BAQ,pop100k+airport,0.541,0.0,,0.27,10.9184,-74.7646
Rizhao,China,CN,25,246387,,RIZ,Rizhao Shanzihe Airport,12.1,RIZ,pop100k,0.541,0.0,,0.27,35.4275,119.4553
Georgetown,Guyana,GY,12,235017,yes,GEO,Cheddi Jagan International Airport,35.7,GEO+OGL,pop100k+capital+airport,0.54,0.0,,0.27,6.8045,-58.1553
Imperatriz,Brazil,BR,13,218106,,IMP,Prefeito Renato Moreira Airport,3.5,IMP,pop100k+airport,0.54,0.0,,0.27,-5.5264,-47.4917
Osh,Kyrgyzstan,KG,08,200000,,OSS,Osh International Airport,9.0,OSS,pop100k+airport,0.54,0.0,,0.27,40.5283,72.7985
Burlington,Canada,CA,08,164415,,YHM,John C. Munro Hamilton International Airport,24.8,YHM,pop100k,0.54,0.0,,0.27,43.3862,-79.8371
Brest,France,FR,53,144899,,BES,Brest Bretagne airport,8.1,BES,pop100k+airport,0.54,0.0,,0.27,48.3903,-4.4863
Surat Thani,Thailand,TH,60,127201,,URT,Surat Thani Airport,21.7,URT,pop100k+airport,0.54,0.0,,0.27,9.1401,99.3331
Malambo,Colombia,CO,04,101534,,BAQ,Ernesto Cortissoz International Airport,3.4,BAQ,pop100k+airport,0.541,0.0,,0.27,10.8595,-74.7739
Huangshan,China,CN,01,77000,,TXN,Huangshan Tunxi International Airport,6.0,TXN,airport,0.539,0.0,,0.27,29.7114,118.3125
Ancaster,Canada,CA,08,33232,,YHM,John C. Munro Hamilton International Airport,6.7,YHM,airport,0.54,0.0,,0.27,43.2181,-79.9872
Gwalior,India,IN,35,882458,,GWL,Gwalior Airport,8.9,GWL,pop100k+airport,0.538,0.0,,0.269,26.2298,78.1734
East London,South Africa,ZA,05,478676,,ELS,King Phalo Airport,8.3,ELS,pop100k+airport,0.538,0.0,,0.269,-33.0153,27.9116
Neiva,Colombia,CO,16,352855,,NVA,Benito Salas Airport,2.9,NVA,pop100k+airport,0.538,0.0,,0.269,2.9273,-75.2819
Butuan,Philippines,PH,13,309709,,BXU,Bancasi Airport,7.1,BXU,pop100k+airport,0.539,0.0,,0.269,8.9492,125.5436
Libertad,Philippines,PH,13,250353,,BXU,Bancasi Airport,2.7,BXU,pop100k+airport,0.539,0.0,,0.269,8.9442,125.5019
Almería,Spain,ES,51,188810,,LEI,Almería Airport,8.0,LEI,pop100k+airport,0.538,0.0,,0.269,36.8381,-2.4597
Palangkaraya,Indonesia,ID,13,148139,,PKY,Tjilik Riwut Airport,3.6,PKY,pop100k+airport,0.538,0.0,,0.269,-2.2083,113.9167
Middlesbrough,United Kingdom,GB,ENG,142707,,MME,Teesside International Airport,14.6,MME,pop100k,0.537,0.0,,0.269,54.5762,-1.2348
Columbia,United States,US,MO,119108,,COU,Columbia Regional Airport,17.9,COU,pop100k+airport,0.538,0.0,,0.269,38.9517,-92.3341
Provo,United States,US,UT,115264,,PVU,Provo Municipal Airport,5.7,PVU,pop100k+airport,0.538,0.0,,0.269,40.2338,-111.6585
Orem,United States,US,UT,94457,,PVU,Provo Municipal Airport,9.0,PVU,airport,0.538,0.0,,0.269,40.2969,-111.6946
Darlington,United Kingdom,GB,ENG,92363,,MME,Teesside International Airport,8.0,MME,airport,0.537,0.0,,0.269,54.5243,-1.5504
Merced,United States,US,CA,82436,,MCE,Merced Regional Macready Field,3.4,MCE,airport,0.538,0.0,,0.269,37.3022,-120.483
Stockton-on-Tees,United Kingdom,GB,ENG,79957,,MME,Teesside International Airport,9.7,MME,airport,0.537,0.0,,0.269,54.5685,-1.3187
Siddharthanagar,Nepal,NP,5,63367,,BWA,Gautam Buddha International Airport,3.9,BWA,airport,0.539,0.0,,0.269,27.5,83.45
Yopal,Colombia,CO,32,61029,,EYP,El Alcaravan - Yopal Airport,2.5,EYP,airport,0.537,0.0,,0.269,5.3377,-72.3959
Morār,India,IN,35,44451,,GWL,Gwalior Airport,7.4,GWL,airport,0.538,0.0,,0.269,26.2264,78.2248
Nautanwa,India,IN,36,32587,,BWA,Gautam Buddha International Airport,8.6,BWA,airport,0.539,0.0,,0.269,27.4275,83.4179
Morgantown,United States,US,WV,30708,,MGW,Morgantown Municipal Airport Walter L. (Bill) Hart Field,3.6,MGW,airport,0.537,0.0,,0.269,39.6295,-79.9559
Thornaby-on-Tees,United Kingdom,GB,ENG,22356,,MME,Teesside International Airport,8.8,MME,airport,0.537,0.0,,0.269,54.5333,-1.3
Tianshui,China,CN,15,3500000,,THQ,Tianshui Maijishan Airport,11.0,THQ,pop100k,0.535,0.0,,0.268,34.5795,105.7424
Tangier,Morocco,MA,01,688356,,TNG,Tangier Ibn Battuta Airport,11.7,TNG,pop100k+airport,0.536,0.0,,0.268,35.7673,-5.7998
Niigata,Japan,JP,29,505272,,KIJ,Niigata Airport,12.0,KIJ,pop100k+airport,0.536,0.0,,0.268,37.8864,139.0059
Tabuk,Saudi Arabia,SA,19,455450,,TUU,Prince Sultan bin Abdulaziz International Airport,6.1,TUU,pop100k+airport,0.537,0.0,,0.268,28.3998,36.5715
Temuco,Chile,CL,04,238129,,ZCO,La Araucanía International Airport,21.2,ZCO,pop100k+airport,0.537,0.0,,0.268,-38.7396,-72.5984
Granada,Spain,ES,51,234325,,GRX,F.G.L. Airport Granada-Jaén Airport,15.1,GRX,pop100k+airport,0.537,0.0,,0.268,37.1882,-3.6067
Columbus,United States,US,GA,200579,,CSG,Columbus Airport,7.6,CSG,pop100k+airport,0.535,0.0,,0.268,32.461,-84.9877
Yanbu,Saudi Arabia,SA,05,200161,,YNB,Prince Abdulmohsen Bin Abdulaziz International Airport,6.1,YNB,pop100k+airport,0.537,0.0,,0.268,24.0895,38.0618
Yichun,China,CN,03,152169,,YIC,Yichun Mingyueshan Airport,9.8,YIC,pop100k+airport,0.537,0.0,,0.268,27.8333,114.4
Beidao,China,CN,15,74767,,THQ,Tianshui Maijishan Airport,3.2,THQ,airport,0.535,0.0,,0.268,34.5686,105.8933
Upington,South Africa,ZA,08,71373,,UTN,Upington Airport,5.3,UTN,airport,0.536,0.0,,0.268,-28.4478,21.2561
Houmt El Souk,Tunisia,TN,28,62583,,DJE,Djerba Zarzis International Airport,7.4,DJE,airport,0.535,0.0,,0.268,33.8758,10.8575
Owensboro,United States,US,KY,59042,,OWB,Owensboro Daviess County Airport,6.0,OWB,airport,0.537,0.0,,0.268,37.7742,-87.1133
Hervey Bay,Australia,AU,04,52230,,HVB,Hervey Bay Airport,11.8,HVB,airport,0.536,0.0,,0.268,-25.2876,152.7694
Prescott,United States,US,AZ,41899,,PRC,Prescott Regional Airport - Ernest A. Love Field,13.4,PRC,airport,0.536,0.0,,0.268,34.54,-112.4685
Phenix City,United States,US,AL,37570,,CSG,Columbus Airport,7.6,CSG,airport,0.535,0.0,,0.268,32.471,-85.0008
Kameda-honchō,Japan,JP,29,32765,,KIJ,Niigata Airport,9.1,KIJ,airport,0.536,0.0,,0.268,37.8721,139.1099
Foshan,China,CN,30,3600000,,FUO,Foshan Shadi Airport,8.8,FUO,pop100k+airport,0.534,0.0,,0.267,23.0268,113.1315
Kitakyushu,Japan,JP,07,997536,,KKJ,Kitakyushu Airport,17.1,KKJ,pop100k+airport,0.534,0.0,,0.267,33.8518,130.8503
Kayseri,Türkiye,TR,38,592840,,ASR,Kayseri Erkilet International Airport,4.3,ASR,pop100k+airport,0.534,0.0,,0.267,38.7322,35.4853
Ta’if,Saudi Arabia,SA,14,530848,,TIF,Taif International Airport,27.3,TIF,pop100k+airport,0.533,0.0,,0.267,21.2703,40.4158
Salta,Argentina,AR,17,512686,,SLA,Martín Miguel de Güemes International Airport,10.8,SLA,pop100k+airport,0.533,0.0,,0.267,-24.7859,-65.4117
Montes Claros,Brazil,BR,15,332379,,MOC,Mário Ribeiro Airport,5.5,MOC,pop100k+airport,0.534,0.0,,0.267,-16.735,-43.8617
Bujumbura,Burundi,BI,24,331700,,BJM,Bujumbura Melchior Ndadaye International Airport,8.0,BJM,pop100k+airport,0.535,0.0,,0.267,-3.3819,29.3614
Maringá,Brazil,BR,18,311724,,MGF,Regional de Maringá - Sílvio Name Júnior Airport,9.7,MGF,pop100k+airport,0.534,0.0,,0.267,-23.4253,-51.9386
Shimonoseki,Japan,JP,45,245786,,KKJ,Kitakyushu Airport,14.0,KKJ,pop100k,0.534,0.0,,0.267,33.95,130.95
Ube,Japan,JP,45,173733,,KKJ,Kitakyushu Airport,22.7,KKJ+UBJ,pop100k+airport,0.534,0.0,,0.267,33.9431,131.2511
Uvira,DR Congo,CD,12,170391,,BJM,Bujumbura Melchior Ndadaye International Airport,21.6,BJM,pop100k,0.535,0.0,,0.267,-3.3953,29.1378
Sanshui,China,CN,30,153714,,FUO,Foshan Shadi Airport,20.0,FUO,pop100k,0.534,0.0,,0.267,23.1549,112.8916
Shangri-La,China,CN,29,130000,,DIG,Diqing Shangri-La Airport,4.6,DIG,pop100k+airport,0.533,0.0,,0.267,27.8251,99.7078
Jizan,Saudi Arabia,SA,17,105198,,GIZ,Jizan Regional Airport / King Abdullah bin Abdulaziz Airport,3.9,GIZ,pop100k+airport,0.535,0.0,,0.267,16.8892,42.5511
Poitiers,France,FR,75,85960,,PIS,Poitiers-Biard Airport,2.9,PIS,airport,0.534,0.0,,0.267,46.5826,0.3435
Shiwan,China,CN,30,82031,,FUO,Foshan Shadi Airport,9.1,FUO,airport,0.534,0.0,,0.267,23.0011,113.077
Gelendzhik,Russia,RU,38,50715,,GDZ,Gelendzhik Airport,6.1,GDZ,airport,0.535,0.0,,0.267,44.5622,38.0848
Roswell,United States,US,NM,48544,,ROW,Roswell Air Center Airport,10.3,ROW,airport,0.533,0.0,,0.267,33.3944,-104.5249
Misawa,Japan,JP,03,42805,,MSJ,Misawa Airport / Misawa Air Base,2.6,MSJ,airport,0.535,0.0,,0.267,40.6868,141.3897
Kanda,Japan,JP,07,36122,,KKJ,Kitakyushu Airport,8.4,KKJ,airport,0.534,0.0,,0.267,33.7833,130.9833
Paiçandu,Brazil,BR,18,34365,,MGF,Regional de Maringá - Sílvio Name Júnior Airport,3.9,MGF,airport,0.534,0.0,,0.267,-23.4575,-52.0486
Walla Walla,United States,US,WA,32237,,ALW,Walla Walla Regional Airport,5.4,ALW,airport,0.534,0.0,,0.267,46.0646,-118.343
Saint George's,Grenada,GD,03,7500,yes,GND,Maurice Bishop International Airport,6.5,GND,capital,0.535,0.0,,0.267,12.0529,-61.7523
Jabalpur,India,IN,35,1030168,,JLR,Jabalpur Airport,10.5,JLR,pop100k+airport,0.533,0.0,,0.266,23.167,79.9501
Tomsk,Russia,RU,75,485519,,TOF,Tomsk Kamov Airport,19.4,TOF,pop100k+airport,0.533,0.0,,0.266,56.4977,84.9744
Luxor,Egypt,EG,28,422407,,LXR,Luxor International Airport,7.2,LXR,pop100k+airport,0.533,0.0,,0.266,25.6989,32.6421
Mokpo,South Korea,KR,16,268402,,MWX,Muan International Airport,19.9,MWX,pop100k,0.531,0.0,,0.266,34.8128,126.3918
Ha'il,Saudi Arabia,SA,13,267005,,HAS,Hail International Airport,9.3,HAS,pop100k+airport,0.532,0.0,,0.266,27.5219,41.6907
Regina,Canada,CA,11,176183,,YQR,Regina International Airport,3.7,YQR,pop100k+airport,0.532,0.0,,0.266,50.4501,-104.6178
Niagara Falls,Canada,CA,08,82000,,IAG,Niagara Falls International Airport,9.8,IAG+YCM,airport,0.532,0.0,,0.266,43.1001,-79.0663
Muan,South Korea,KR,16,75718,,MWX,Muan International Airport,8.8,MWX,airport,0.531,0.0,,0.266,34.9901,126.479
Daytona Beach,United States,US,FL,64736,,DAB,Daytona Beach International Airport,4.7,DAB,airport,0.531,0.0,,0.266,29.2108,-81.0228
Port Orange,United States,US,FL,59866,,DAB,Daytona Beach International Airport,7.9,DAB,airport,0.531,0.0,,0.266,29.1383,-80.9956
Ushuaia,Argentina,AR,23,58028,,USH,Ushuaia - Malvinas Argentinas International Airport,3.8,USH,airport,0.531,0.0,,0.266,-54.8108,-68.3159
Niagara Falls,United States,US,NY,48916,,IAG,Niagara Falls International Airport,9.1,IAG+YCM,airport,0.532,0.0,,0.266,43.0945,-79.0567
Florence,United States,US,SC,38228,,FLO,Florence Regional Airport,3.7,FLO,airport,0.532,0.0,,0.266,34.1954,-79.7626
Nanyuki,Kenya,KE,29,36142,,NYK,Nanyuki Civil Airport,8.4,NYK,airport,0.532,0.0,,0.266,0.0062,37.074
Majuro,Marshall Islands,MH,190,25400,yes,MAJ,Marshall Islands International Airport,12.3,MAJ,capital,0.532,0.0,,0.266,7.0897,171.3803
RMI Capitol,Marshall Islands,MH,190,0,yes,MAJ,Marshall Islands International Airport,12.3,MAJ,capital,0.532,0.0,,0.266,7.0893,171.3805
Multan,Pakistan,PK,04,1437230,,MUX,Multan International Airport,5.7,MUX,pop100k+airport,0.53,0.0,,0.265,30.1968,71.4782
Cúcuta,Colombia,CO,21,721398,,CUC,Camilo Daza International Airport,3.8,CUC+SVZ,pop100k+airport,0.53,0.0,,0.265,7.8939,-72.5078
Durgapur,India,IN,28,518872,,RDP,Kazi Nazrul Islam Airport,13.6,RDP,pop100k+airport,0.529,0.0,,0.265,23.5158,87.308
Yanji,China,CN,05,326957,,YNJ,Yanji Chaoyangchuan Airport,5.4,YNJ,pop100k+airport,0.529,0.0,,0.265,42.9075,129.5078
Sari,Iran,IR,35,255396,,SRY,Sari Dasht-e Naz International Airport,14.6,SRY,pop100k+airport,0.53,0.0,,0.265,36.5633,53.0601
Montgomery,United States,US,AL,200602,,MGM,Montgomery Regional (Dannelly Field) Airport,11.5,MGM,pop100k+airport,0.531,0.0,,0.265,32.3668,-86.3
Pamplona,Spain,ES,32,198491,,PNA,Pamplona Airport,5.2,PNA,pop100k+airport,0.53,0.0,,0.265,42.8169,-1.6432
Petrolina,Brazil,BR,30,194650,,PNZ,Senador Nilo Coelho Airport,8.5,PNZ,pop100k+airport,0.529,0.0,,0.265,-9.3986,-40.5008
Sittwe,Myanmar,MM,01,177743,,AKY,Sittwe Airport,3.2,AKY,pop100k+airport,0.53,0.0,,0.265,20.1462,92.8983
Jāmuria,India,IN,28,160242,,RDP,Kazi Nazrul Islam Airport,19.1,RDP,pop100k,0.529,0.0,,0.265,23.7047,87.0787
Dawei,Myanmar,MM,12,136783,,TVY,Dawei Airport,2.7,TVY,pop100k+airport,0.53,0.0,,0.265,14.0823,98.1915
Rānīganj,India,IN,28,131261,,RDP,Kazi Nazrul Islam Airport,11.5,RDP,pop100k,0.529,0.0,,0.265,23.6164,87.1306
Longjing,China,CN,05,117185,,YNJ,Yanji Chaoyangchuan Airport,12.6,YNJ,pop100k,0.529,0.0,,0.265,42.7714,129.4233
Thimphu,Bhutan,BT,20,98676,yes,PBH,Paro International Airport,22.6,PBH,capital,0.53,0.0,,0.265,27.4661,89.6419
Bijie,China,CN,18,77645,,BFJ,Bijie Feixiong Airport,18.8,BFJ,airport,0.531,0.0,,0.265,27.3019,105.2863
Türkmenbaşy,Turkmenistan,TM,02,68292,,KRW,Turkmenbaşy International Airport,6.2,KRW,airport,0.529,0.0,,0.265,40.0222,52.9552
Sampit,Indonesia,ID,13,66053,,SMQ,Sampit (H.Asan) Airport,4.6,SMQ,airport,0.53,0.0,,0.265,-2.5315,112.9496
Villa del Rosario,Colombia,CO,21,64951,,CUC,Camilo Daza International Airport,11.2,CUC+SVZ,airport,0.53,0.0,,0.265,7.8339,-72.4742
Los Patios,Colombia,CO,21,58661,,CUC,Camilo Daza International Airport,10.0,CUC+SVZ,airport,0.53,0.0,,0.265,7.8379,-72.5037
Joplin,United States,US,MO,51818,,JLN,Joplin Regional Airport,7.6,JLN,airport,0.53,0.0,,0.265,37.0842,-94.5133
Nekā,Iran,IR,35,48847,,SRY,Sari Dasht-e Naz International Airport,9.9,SRY,airport,0.53,0.0,,0.265,36.6508,53.2991
Maumere,Indonesia,ID,18,47598,,MOF,Frans Xavier Seda Airport,3.7,MOF,airport,0.53,0.0,,0.265,-8.6199,122.2111
Altoona,United States,US,PA,45344,,AOO,Altoona Blair County Airport,25.5,AOO,airport,0.53,0.0,,0.265,40.5187,-78.3947
San Antonio del Táchira,Venezuela,VE,20,32458,,CUC,Camilo Daza International Airport,14.7,CUC+SVZ,airport,0.53,0.0,,0.265,7.8145,-72.4431
Greenville,United States,US,MS,32156,,GLH,Mid Delta Regional Airport,10.7,GLH,airport,0.53,0.0,,0.265,33.409,-91.0598
Iturrama,Spain,ES,32,24846,,PNA,Pamplona Airport,4.4,PNA,airport,0.53,0.0,,0.265,42.8085,-1.6583
Primer Ensanche,Spain,ES,32,22538,,PNA,Pamplona Airport,5.0,PNA,airport,0.53,0.0,,0.265,42.8148,-1.649
Segundo Ensanche,Spain,ES,32,22538,,PNA,Pamplona Airport,4.9,PNA,airport,0.53,0.0,,0.265,42.8139,-1.6429
Barañáin,Spain,ES,32,22110,,PNA,Pamplona Airport,4.7,PNA,airport,0.53,0.0,,0.265,42.8057,-1.6773
Nashik,India,IN,16,1289497,,ISK,Nashik International Airport,18.6,ISK,pop100k+airport,0.527,0.0,,0.264,19.9973,73.791
Joinville,Brazil,BR,26,461304,,JOI,Lauro Carneiro de Loyola Airport,10.1,JOI,pop100k+airport,0.528,0.0,,0.264,-26.3044,-48.8456
Erzurum,Türkiye,TR,25,420691,,ERZ,Erzurum International Airport,10.5,ERZ,pop100k+airport,0.528,0.0,,0.264,39.9086,41.2769
Nuevo Laredo,Mexico,MX,28,373725,,LRD,Laredo International Airport,9.2,LRD+NLD,pop100k+airport,0.528,0.0,,0.264,27.4763,-99.5164
Cherepovets,Russia,RU,85,315738,,CEE,Cherepovets Airport,16.9,CEE,pop100k+airport,0.529,0.0,,0.264,59.1333,37.9
Valledupar,Colombia,CO,10,308237,,VUP,Alfonso López Pumarejo Airport,3.2,VUP,pop100k+airport,0.528,0.0,,0.264,10.4631,-73.2532
Darbhanga,India,IN,34,287150,,DBR,Darbhanga Airport,4.9,DBR,pop100k+airport,0.528,0.0,,0.264,26.1522,85.8971
Laredo,United States,US,TX,255473,,LRD,Laredo International Airport,6.1,LRD+NLD,pop100k+airport,0.528,0.0,,0.264,27.5064,-99.5075
Abakan,Russia,RU,31,167289,,ABA,Abakan International Airport,4.0,ABA,pop100k+airport,0.528,0.0,,0.264,53.7156,91.4292
Salem,United States,US,OR,164549,,SLE,Salem-Willamette Valley Airport/McNary Field,4.5,SLE,pop100k+airport,0.527,0.0,,0.264,44.9429,-123.0351
Rockford,United States,US,IL,148278,,RFD,Chicago Rockford International Airport,8.4,RFD,pop100k+airport,0.529,0.0,,0.264,42.2711,-89.094
Marabá,Brazil,BR,16,145860,,MAB,João Correa da Rocha Airport,1.6,MAB,pop100k+airport,0.529,0.0,,0.264,-5.3815,-49.1323
Yonago,Japan,JP,41,141368,,YGJ,Yonago Kitaro Airport / JASDF Miho Air Base,11.0,YGJ,pop100k+airport,0.529,0.0,,0.264,35.4333,133.3333
Dazhou,China,CN,32,130749,,DAX,Dachuan Airport,11.7,DAX+DZH,pop100k,0.529,0.0,,0.264,31.2159,107.5009
Maseru,Lesotho,LS,14,118355,yes,MSU,Moshoeshoe I International Airport,17.0,MSU,pop100k+capital,0.528,0.0,,0.264,-29.3167,27.4833
Decatur,United States,US,IL,73254,,DEC,Decatur Airport,7.6,DEC,airport,0.527,0.0,,0.264,39.8403,-88.9548
Bima,Indonesia,ID,17,66970,,BMU,Sultan Muhammad Salahuddin Airport,9.7,BMU,airport,0.528,0.0,,0.264,-8.4601,118.7267
Pechora,Russia,RU,34,46113,,PEX,Pechora Airport,5.2,PEX,airport,0.528,0.0,,0.264,65.1472,57.2244
Ozar,India,IN,16,44935,,ISK,Nashik International Airport,3.1,ISK,airport,0.527,0.0,,0.264,20.0947,73.9282
Muskegon,United States,US,MI,38401,,MKG,Muskegon County Airport,7.2,MKG,airport,0.528,0.0,,0.264,43.2342,-86.2484
Keizer,United States,US,OR,37895,,SLE,Salem-Willamette Valley Airport/McNary Field,9.1,SLE,airport,0.527,0.0,,0.264,44.9901,-123.0262
Sakaiminato,Japan,JP,41,36324,,YGJ,Yonago Kitaro Airport / JASDF Miho Air Base,5.1,YGJ,airport,0.529,0.0,,0.264,35.5377,133.2309
Nyköping,Sweden,SE,18,32224,,NYO,Stockholm Skavsta Airport,6.9,NYO,airport,0.528,0.0,,0.264,58.753,17.0079
Yasugichō,Japan,JP,36,29368,,YGJ,Yonago Kitaro Airport / JASDF Miho Air Base,7.9,YGJ,airport,0.529,0.0,,0.264,35.4215,133.2422
Norton Shores,United States,US,MI,24208,,MKG,Muskegon County Airport,2.1,MKG,airport,0.528,0.0,,0.264,43.1689,-86.2639
Kano,Nigeria,NG,29,3626068,,KAN,Mallam Aminu Kano International Airport,5.1,KAN,pop100k+airport,0.527,0.0,,0.263,12.0001,8.5167
Yueyang,China,CN,11,1200000,,YYA,Yueyang Sanhe Airport,19.4,YYA,pop100k,0.526,0.0,,0.263,29.3745,113.0948
Monrovia,Liberia,LR,14,939524,yes,ROB,Roberts International Airport,48.6,MLW+ROB,pop100k+capital+airport,0.526,0.0,,0.263,6.3005,-10.7969
Ardabīl,Iran,IR,32,410753,,ADU,Ardabil Airport,14.2,ADU,pop100k+airport,0.525,0.0,,0.263,38.2498,48.2933
Resistencia,Argentina,AR,03,387158,,RES,Resistencia International Airport,7.2,CNQ+RES,pop100k+airport,0.527,0.0,,0.263,-27.4606,-58.9839
Krugersdorp,South Africa,ZA,06,378821,,HLA,Lanseria International Airport,22.3,HLA,pop100k,0.526,0.0,,0.263,-26.0858,27.7752
Corrientes,Argentina,AR,06,339067,,RES,Resistencia International Airport,22.0,CNQ+RES,pop100k+airport,0.527,0.0,,0.263,-27.4678,-58.8344
Randburg,South Africa,ZA,06,337053,,HLA,Lanseria International Airport,18.8,HLA,pop100k,0.526,0.0,,0.263,-26.0941,28.0012
Vitória da Conquista,Brazil,BR,05,253137,,VDC,Glauber de Andrade Rocha Airport,9.3,VDC,pop100k+airport,0.526,0.0,,0.263,-14.8661,-40.8394
Banda Aceh,Indonesia,ID,01,250757,,BTJ,Sultan Iskandar Muda International Airport,9.8,BTJ,pop100k+airport,0.525,0.0,,0.263,5.5417,95.3333
Messina,Italy,IT,15,219948,,REG,Reggio Calabria Airport,16.2,REG,pop100k,0.526,0.0,,0.263,38.1939,15.5526
Dehiwala-Mount Lavinia,Sri Lanka,LK,36,219827,,RML,Colombo Ratmalana International Airport,2.6,DWO+RML,pop100k+airport,0.525,0.0,,0.263,6.8402,79.8712
Antakya,Türkiye,TR,31,210000,,HTY,Hatay Airport,20.7,HTY,pop100k+airport,0.526,0.0,,0.263,36.2066,36.1572
Moratuwa,Sri Lanka,LK,36,185031,,RML,Colombo Ratmalana International Airport,5.4,DWO+RML,pop100k+airport,0.525,0.0,,0.263,6.773,79.8816
Reggio Calabria,Italy,IT,03,169140,,REG,Reggio Calabria Airport,4.4,REG,pop100k+airport,0.526,0.0,,0.263,38.1105,15.6613
Malabo,Equatorial Guinea,GQ,04,155963,yes,SSG,Malabo International Airport,8.1,SSG,pop100k+capital+airport,0.527,0.0,,0.263,3.7558,8.7817
Altay,China,CN,13,139341,,AAT,Altay Xuedu Airport,11.5,AAT,pop100k+airport,0.525,0.0,,0.263,47.8486,88.1336
Salerno,Italy,IT,04,125797,,QSR,Salerno Costa d'Amalfi Airport,11.7,QSR,pop100k+airport,0.527,0.0,,0.263,40.6754,14.7933
Pita Kotte,Sri Lanka,LK,36,118179,,RML,Colombo Ratmalana International Airport,7.8,DWO+RML,pop100k+airport,0.525,0.0,,0.263,6.8905,79.9015
Sri Jayewardenepura Kotte,Sri Lanka,LK,36,115826,,RML,Colombo Ratmalana International Airport,7.2,DWO+RML,pop100k+airport,0.525,0.0,,0.263,6.883,79.9071
Tarakan,Indonesia,ID,42,97478,,TRK,Juwata International Airport / Suharnoko Harbani AFB,3.3,TRK,airport,0.526,0.0,,0.263,3.3133,117.5915
Battaramulla South,Sri Lanka,LK,36,75633,,RML,Colombo Ratmalana International Airport,9.0,DWO+RML,airport,0.525,0.0,,0.263,6.8964,79.9181
Maharagama,Sri Lanka,LK,36,66576,,RML,Colombo Ratmalana International Airport,5.4,DWO+RML,airport,0.525,0.0,,0.263,6.848,79.9265
Kotikawatta,Sri Lanka,LK,36,64565,,RML,Colombo Ratmalana International Airport,12.0,DWO+RML,airport,0.525,0.0,,0.263,6.9269,79.9095
Kolonnawa,Sri Lanka,LK,36,58076,,RML,Colombo Ratmalana International Airport,12.4,DWO+RML,airport,0.525,0.0,,0.263,6.9329,79.8848
Battipaglia,Italy,IT,04,47104,,QSR,Salerno Costa d'Amalfi Airport,6.1,QSR,airport,0.527,0.0,,0.263,40.6086,14.9821
Salekhard,Russia,RU,87,38025,,SLY,Salekhard Airport,6.8,SLY,airport,0.525,0.0,,0.263,66.53,66.6019
Puerto Maldonado,Peru,PE,17,37543,,PEM,Padre Aldamiz International Airport,4.8,PEM,airport,0.527,0.0,,0.263,-12.5933,-69.1891
Hot Springs,United States,US,AR,35635,,HOT,Memorial Field Airport,4.7,HOT,airport,0.526,0.0,,0.263,34.5037,-93.0552
Hot Springs National Park,United States,US,AR,35193,,HOT,Memorial Field Airport,6.6,HOT,airport,0.526,0.0,,0.263,34.5317,-93.0638
Mulleriyawa,Sri Lanka,LK,36,33540,,RML,Colombo Ratmalana International Airport,13.3,DWO+RML,airport,0.525,0.0,,0.263,6.933,79.9297
Puerto Asís,Colombia,CO,22,29782,,PUU,Tres De Mayo Airport,0.6,PUU,airport,0.525,0.0,,0.263,0.5051,-76.4957
Kelaniya,Sri Lanka,LK,36,28846,,RML,Colombo Ratmalana International Airport,15.4,DWO+RML,airport,0.525,0.0,,0.263,6.9553,79.922
Geraldton,Australia,AU,08,26872,,GET,Geraldton Airport,9.2,GET,airport,0.527,0.0,,0.263,-28.779,114.6146
Fontana,Argentina,AR,03,26745,,RES,Resistencia International Airport,4.8,RES,airport,0.527,0.0,,0.263,-27.4181,-59.0239
Douglas,Isle of Man,IM,9782170,26218,yes,IOM,Isle of Man Airport,11.8,IOM,capital,0.526,0.0,,0.263,54.15,-4.4833
Orkney,United Kingdom,GB,SCT,20100,,KOI,Kirkwall Airport,4.3,KOI,airport,0.525,0.0,,0.263,58.9847,-2.9595
Beloyarskiy,Russia,RU,32,20087,,EYK,Beloyarskiy Airport,3.1,EYK,airport,0.526,0.0,,0.263,63.7119,66.6722
Quetta,Pakistan,PK,02,733675,,UET,Quetta International Airport,9.7,UET,pop100k+airport,0.523,0.0,,0.262,30.1841,67.0014
Shihezi,China,CN,13,572772,,SHF,Shihezi Huayuan Airport,13.4,SHF,pop100k+airport,0.524,0.0,,0.262,44.3023,86.0369
Cheboksary,Russia,RU,16,446781,,CSY,Cheboksary Airport,7.5,CSY,pop100k+airport,0.523,0.0,,0.262,56.1322,47.2519
Garoua,Cameroon,CM,13,436899,,GOU,Garoua International Airport,4.7,GOU,pop100k+airport,0.525,0.0,,0.262,9.3014,13.3977
Stockton,United States,US,CA,305658,,SCK,Stockton Metropolitan Airport,8.5,SCK,pop100k+airport,0.525,0.0,,0.262,37.9577,-121.2908
Ciudad Obregón,Mexico,MX,26,298625,,CEN,Ciudad Obregón International Airport,14.9,CEN,pop100k+airport,0.524,0.0,,0.262,27.4864,-109.9408
Tacna,Peru,PE,23,280098,,TCQ,Coronel FAP Carlos Ciriani Santa Rosa International Airport,4.9,TCQ,pop100k+airport,0.525,0.0,,0.262,-18.0146,-70.2536
Aktobe,Kazakhstan,KZ,04,262457,,AKX,Aktobe International Airport,3.5,AKX,pop100k+airport,0.524,0.0,,0.262,50.2797,57.2072
Novocheboksarsk,Russia,RU,16,128468,,CSY,Cheboksary Airport,8.4,CSY,pop100k+airport,0.523,0.0,,0.262,56.111,47.4776
Rayong,Thailand,TH,47,106737,,UTP,U-Tapao–Rayong–Pattaya International Airport,27.4,UTP,pop100k+airport,0.523,0.0,,0.262,12.6809,101.258
Enshi,China,CN,12,95227,,ENH,Enshi Xujiaping Airport,2.3,ENH,airport,0.523,0.0,,0.262,30.3,109.4833
Maun,Botswana,BW,11,49945,,MUB,Maun International Airport,2.1,MUB,airport,0.524,0.0,,0.262,-19.9833,23.4167
Belleville,United States,US,IL,42034,,BLV,Scott AFB/Midamerica Airport,13.2,BLV,airport,0.524,0.0,,0.262,38.52,-89.984
O'Fallon,United States,US,IL,29002,,BLV,Scott AFB/Midamerica Airport,8.4,BLV,airport,0.524,0.0,,0.262,38.5923,-89.9112
Ban Chang,Thailand,TH,47,28204,,UTP,U-Tapao–Rayong–Pattaya International Airport,7.4,UTP,airport,0.523,0.0,,0.262,12.7254,101.0553
Lathrop,United States,US,CA,20866,,SCK,Stockton Metropolitan Airport,8.5,SCK,airport,0.525,0.0,,0.262,37.8227,-121.2766
Puebla,Mexico,MX,21,1434062,,PBC,Hermanos Serdán International Airport,22.2,PBC,pop100k+airport,0.522,0.0,,0.261,19.0379,-98.2035
Freetown,Sierra Leone,SL,04,802639,yes,FNA,Lungi International Airport,15.0,FNA,pop100k+capital,0.522,0.0,,0.261,8.4871,-13.2356
San Miguel de Tucumán,Argentina,AR,24,781023,,TUC,Teniente Benjamín Matienzo International Airport,11.8,TUC,pop100k+airport,0.521,0.0,,0.261,-26.8241,-65.2226
Zahedan,Iran,IR,04,551980,,ZAH,Zahedan International Airport,4.8,ZAH,pop100k+airport,0.523,0.0,,0.261,29.4963,60.8629
Tuxtla,Mexico,MX,05,537102,,TGZ,Angel Albino Corzo International Airport,23.9,TGZ,pop100k,0.522,0.0,,0.261,16.7597,-93.1131
Kemerovo,Russia,RU,29,477090,,KEJ,Alexei Leonov Kemerovo International Airport,7.2,KEJ,pop100k+airport,0.523,0.0,,0.261,55.3333,86.0833
Tongliao,China,CN,20,261110,,TGO,Tongliao Airport,8.1,TGO,pop100k+airport,0.522,0.0,,0.261,43.6125,122.2653
Cox’s Bāzār,Bangladesh,BD,84,253788,,CXB,Cox's Bazar Airport,5.2,CXB,pop100k+airport,0.522,0.0,,0.261,21.4397,92.0096
Guangyuan,China,CN,32,213365,,GYS,Guangyuan Panlong Airport,13.4,GYS,pop100k,0.522,0.0,,0.261,32.442,105.823
Daqing,China,CN,08,203488,,DQA,Daqing Sartu Airport,21.4,DQA,pop100k+airport,0.522,0.0,,0.261,46.5833,125
Fayetteville,United States,US,NC,201963,,FAY,Fayetteville Regional Airport - Grannis Field,6.8,FAY,pop100k+airport,0.522,0.0,,0.261,35.0527,-78.8784
Burgas,Bulgaria,BG,39,195966,,BOJ,Burgas Airport,8.1,BOJ,pop100k+airport,0.522,0.0,,0.261,42.5061,27.4678
Longfeng,China,CN,08,152074,,DQA,Daqing Sartu Airport,24.5,DQA,pop100k,0.522,0.0,,0.261,46.5317,125.1038
Norilsk,Russia,RU,91,140800,,NSK,Alykel International Airport,34.8,NSK,pop100k+airport,0.523,0.0,,0.261,69.3535,88.2027
Jiayuguan,China,CN,15,122396,,JGN,Jiayuguan International Airport,7.0,JGN,pop100k+airport,0.523,0.0,,0.261,39.8112,98.2862
Saint John,Canada,CA,04,87857,,YSJ,Saint John Airport,13.9,YSJ,airport,0.522,0.0,,0.261,45.2708,-66.0562
Twin Falls,United States,US,ID,47468,,TWF,Joslin Field Magic Valley Regional Airport,9.3,TWF,airport,0.522,0.0,,0.261,42.563,-114.4609
Ålesund,Norway,NO,08,44096,,AES,Ålesund Airport,10.1,AES,airport,0.522,0.0,,0.261,62.4723,6.1549
Timmins,Canada,CA,08,42997,,YTS,Timmins/Victor M. Power,11.9,YTS,airport,0.523,0.0,,0.261,48.4669,-81.3331
Alderetes,Argentina,AR,24,38466,,TUC,Teniente Benjamín Matienzo International Airport,3.7,TUC,airport,0.521,0.0,,0.261,-26.8167,-65.1333
Pullman,United States,US,WA,32816,,PUW,Pullman-Moscow Regional Airport,5.3,PUW,airport,0.522,0.0,,0.261,46.7313,-117.1796
Huejotzingo,Mexico,MX,21,25684,,PBC,Hermanos Serdán International Airport,3.9,PBC,airport,0.522,0.0,,0.261,19.1589,-98.4082
Moscow,United States,US,ID,25060,,PUW,Pullman-Moscow Regional Airport,8.6,PUW,airport,0.522,0.0,,0.261,46.7324,-117.0002
Astrakhan,Russia,RU,07,502533,,ASF,Astrakhan Narimanovo Boris M. Kustodiev International Airport,7.8,ASF,pop100k+airport,0.521,0.0,,0.26,46.3497,48.0408
Bacolod City,Philippines,PH,06,454898,,BCD,Bacolod-Silay International Airport,14.3,BCD,pop100k+airport,0.52,0.0,,0.26,10.6667,122.95
Mansilingan,Philippines,PH,06,454150,,BCD,Bacolod-Silay International Airport,16.7,BCD,pop100k,0.52,0.0,,0.26,10.6311,122.9789
Campina Grande,Brazil,BR,17,348936,,CPV,Presidente João Suassuna Airport,4.7,CPV,pop100k+airport,0.52,0.0,,0.26,-7.2306,-35.8811
Richards Bay,South Africa,ZA,02,252968,,RCB,Richards Bay Airport,7.1,RCB,pop100k+airport,0.521,0.0,,0.26,-28.783,32.0377
Fuyang,China,CN,01,170023,,FUG,Fuyang Xiguan Airport,7.9,FUG,pop100k+airport,0.52,0.0,,0.26,32.9,115.8167
Gorontalo,Indonesia,ID,34,144195,,GTO,Jalaluddin Airport,26.1,GTO,pop100k+airport,0.519,0.0,,0.26,0.5375,123.0625
Tuzla,Bosnia and Herzegovina,BA,01,142486,,TZL,Tuzla International Airport,9.8,TZL,pop100k+airport,0.52,0.0,,0.26,44.5384,18.6671
Birgañj,Nepal,NP,2,133238,,SIF,Simara Airport,18.7,SIF,pop100k,0.519,0.0,,0.26,27.0171,84.8808
Polokwane,South Africa,ZA,09,123749,,PTG,Polokwane International Airport,6.7,PTG,pop100k+airport,0.521,0.0,,0.26,-23.9045,29.4688
Lansing,United States,US,MI,115056,,LAN,Capital Region International Airport,5.6,LAN,pop100k+airport,0.52,0.0,,0.26,42.7325,-84.5555
Santa Maria,United States,US,CA,105093,,SMX,Santa Maria Public Airport Captain G Allan Hancock Field,6.3,SMX,pop100k+airport,0.52,0.0,,0.26,34.953,-120.4357
Janakpur,Nepal,NP,2,93767,,JKR,Janakpur Airport,2.3,JKR,airport,0.519,0.0,,0.26,26.7288,85.9263
Binonga,Philippines,PH,06,83980,,BCD,Bacolod-Silay International Airport,4.1,BCD,airport,0.52,0.0,,0.26,10.7719,122.9817
Talisay,Philippines,PH,06,65265,,BCD,Bacolod-Silay International Airport,7.2,BCD,airport,0.52,0.0,,0.26,10.7375,122.9666
Nepalgunj,Nepal,NP,5,64400,,KEP,Nepalgunj Airport,7.7,KEP,airport,0.519,0.0,,0.26,28.05,81.6167
East Lansing,United States,US,MI,48471,,LAN,Capital Region International Airport,9.5,LAN,airport,0.52,0.0,,0.26,42.737,-84.4839
Luang Prabang,Laos,LA,17,47378,,LPQ,Luang Phabang International Airport,3.9,LPQ,airport,0.521,0.0,,0.26,19.886,102.135
Paphos,Cyprus,CY,06,35961,,PFO,Paphos International Airport,8.6,PFO,airport,0.52,0.0,,0.26,34.7768,32.4245
Courtenay,Canada,CA,02,32793,,YQQ,Comox Valley International Airport / CFB Comox,8.1,YQQ,airport,0.521,0.0,,0.26,49.6866,-124.9936
Orcutt,United States,US,CA,28905,,SMX,Santa Maria Public Airport Captain G Allan Hancock Field,4.2,SMX,airport,0.52,0.0,,0.26,34.8653,-120.436
Waverly,United States,US,MI,23925,,LAN,Capital Region International Airport,5.1,LAN,airport,0.52,0.0,,0.26,42.7392,-84.6208
Handan,China,CN,10,1358318,,HDG,Handan Airport,9.3,HDG,pop100k+airport,0.519,0.0,,0.259,36.6006,114.4678
Port Harcourt,Nigeria,NG,50,1148665,,PHC,Port Harcourt International Airport,27.4,PHC+PHG,pop100k+airport,0.519,0.0,,0.259,4.7774,7.0134
Ajmer,India,IN,24,517911,,KQH,Kishangarh Airport Ajmer,23.2,KQH,pop100k,0.518,0.0,,0.259,26.4521,74.6387
Kōriyama,Japan,JP,08,340560,,FKS,Fukushima Airport,19.6,FKS,pop100k,0.517,0.0,,0.259,37.4,140.3833
Armenia,Colombia,CO,23,315328,,AXM,El Eden Airport,13.1,AXM,pop100k+airport,0.517,0.0,,0.259,4.5339,-75.6811
Semey,Kazakhstan,KZ,15,292780,,PLX,Semei International Airport,8.7,PLX,pop100k+airport,0.519,0.0,,0.259,50.4267,80.2667
Tokushima,Japan,JP,39,267345,,TKS,Tokushima Awaodori Airport / JMSDF Tokushima Air Base,8.2,TKS,pop100k+airport,0.518,0.0,,0.259,34.0667,134.5667
Lyubertsy,Russia,RU,47,154650,,ZIA,Zhukovsky International Airport,21.2,ZIA,pop100k,0.518,0.0,,0.259,55.6772,37.8932
Meizhou,China,CN,30,144212,,MXZ,Meizhou Meixian Changgangji International Airport,3.4,MXZ,pop100k+airport,0.518,0.0,,0.259,24.2886,116.1177
Kimberley,South Africa,ZA,08,142089,,KIM,Kimberley Airport,8.1,KIM,pop100k+airport,0.518,0.0,,0.259,-28.7323,24.7623
Zheleznodorozhnyy,Russia,RU,47,141648,,ZIA,Zhukovsky International Airport,22.8,ZIA,pop100k,0.518,0.0,,0.259,55.744,38.0168
Hawassa,Ethiopia,ET,54,133097,,AWA,Hawassa International Airport,9.8,AWA,pop100k+airport,0.518,0.0,,0.259,7.0621,38.4763
Kishangarh,India,IN,24,131749,,KQH,Kishangarh Airport Ajmer,4.1,KQH,pop100k+airport,0.518,0.0,,0.259,26.5901,74.854
Port Blair,India,IN,01,112050,,IXZ,Veer Savarkar International Airport / INS Utkrosh,3.4,IXZ,pop100k+airport,0.517,0.0,,0.259,11.6661,92.7464
Linshui,China,CN,10,109955,,HDG,Handan Airport,22.6,HDG,pop100k,0.519,0.0,,0.259,36.4247,114.2047
Ramenskoye,Russia,RU,47,96000,,ZIA,Zhukovsky International Airport,5.3,ZIA,airport,0.518,0.0,,0.259,55.5669,38.2303
Sukagawa,Japan,JP,08,68790,,FKS,Fukushima Airport,7.5,FKS,airport,0.517,0.0,,0.259,37.2833,140.3833
Narutochō-mitsuishi,Japan,JP,39,64082,,TKS,Tokushima Awaodori Airport / JMSDF Tokushima Air Base,7.4,TKS,airport,0.518,0.0,,0.259,34.1993,134.6093
Lake Havasu City,United States,US,AZ,53553,,HII,Lake Havasu City Airport,10.2,HII,airport,0.518,0.0,,0.259,34.4839,-114.3225
Östersund,Sweden,SE,07,49806,,OSD,Åre Östersund Airport,6.8,OSD,airport,0.518,0.0,,0.259,63.1792,14.6357
Waingapu,Indonesia,ID,18,48828,,WGP,Umbu Mehang Kunda Airport,4.4,WGP,airport,0.518,0.0,,0.259,-9.6567,120.2641
Cape Girardeau,United States,US,MO,39462,,CGI,Cape Girardeau Regional Airport,10.1,CGI,airport,0.518,0.0,,0.259,37.3059,-89.5182
Wenatchee,United States,US,WA,33636,,EAT,Pangborn Memorial Airport,8.2,EAT,airport,0.517,0.0,,0.259,47.4235,-120.3103
Jinka,Ethiopia,ET,54,32115,,BCO,Jinka Airport,14.9,BCO,airport,0.518,0.0,,0.259,5.65,36.65
La Tebaida,Colombia,CO,23,27098,,AXM,El Eden Airport,2.3,AXM,airport,0.517,0.0,,0.259,4.4527,-75.7875
Williston,United States,US,ND,26977,,XWA,Williston Basin International Airport,16.1,XWA,airport,0.517,0.0,,0.259,48.147,-103.618
Cobija,Bolivia,BO,06,26585,,CIJ,Capitán Aníbal Arab Airport,2.0,CIJ,airport,0.517,0.0,,0.259,-11.0267,-68.7692
Novokuznetsk,Russia,RU,29,539616,,NOZ,Spichenkovo Airport,16.5,NOZ,pop100k+airport,0.515,0.0,,0.258,53.7557,87.1099
Serekunda,Gambia,GM,01,340000,,BJL,Banjul International Airport,11.5,BJL,pop100k,0.516,0.0,,0.258,13.4383,-16.6781
Jingdezhen,China,CN,03,310565,,JDZ,Jingdezhen Luojia Airport,5.8,JDZ,pop100k+airport,0.516,0.0,,0.258,29.2947,117.2079
Prokop’yevsk,Russia,RU,29,219000,,NOZ,Spichenkovo Airport,14.8,NOZ,pop100k,0.515,0.0,,0.258,53.9059,86.719
Kutaisi,Georgia,GE,66,178338,,KUT,David the Builder Kutaisi International Airport,20.0,KUT,pop100k,0.517,0.0,,0.258,42.2679,42.6946
Bushehr,Iran,IR,22,165377,,BUZ,Bushehr Airport,2.7,BUZ,pop100k+airport,0.516,0.0,,0.258,28.9689,50.8366
Desē,Ethiopia,ET,46,136056,,DSE,Kombolcha Airport,10.4,DSE,pop100k,0.516,0.0,,0.258,11.1333,39.6333
Batumi,Georgia,GE,04,121806,,BUS,Alexander Kartveli Batumi International Airport,4.6,BUS,pop100k+airport,0.516,0.0,,0.258,41.6423,41.6339
Port-Gentil,Gabon,GA,08,109163,,POG,Port Gentil International Airport,3.1,POG,pop100k+airport,0.516,0.0,,0.258,-0.7193,8.7815
Kiselëvsk,Russia,RU,29,104000,,NOZ,Spichenkovo Airport,24.4,NOZ,pop100k,0.515,0.0,,0.258,53.99,86.6621
Kombolcha,Ethiopia,ET,46,93605,,DSE,Kombolcha Airport,3.7,DSE,airport,0.516,0.0,,0.258,11.0816,39.7434
Macon,United States,US,GA,91351,,MCN,Middle Georgia Regional Airport,16.5,MCN,airport,0.516,0.0,,0.258,32.8407,-83.6324
Brikama,Gambia,GM,05,77700,,BJL,Banjul International Airport,7.4,BJL,airport,0.516,0.0,,0.258,13.2714,-16.6494
Warner Robins,United States,US,GA,73490,,MCN,Middle Georgia Regional Airport,8.8,MCN,airport,0.516,0.0,,0.258,32.6157,-83.6266
Nadym,Russia,RU,87,46339,,NYM,Nadym Airport,10.2,NYM,airport,0.517,0.0,,0.258,65.5333,72.5167
Hilo,United States,US,HI,43263,,ITO,Hilo International Airport,4.8,ITO,airport,0.517,0.0,,0.258,19.7299,-155.0907
Penticton,Canada,CA,02,37721,,YYF,Penticton Airport,2.3,YYF,airport,0.515,0.0,,0.258,49.4806,-119.5858
Banjul,Gambia,GM,01,34589,yes,BJL,Banjul International Airport,15.1,BJL,capital,0.516,0.0,,0.258,13.4527,-16.578
Kemi,Finland,FI,19,22641,,KEM,Kemi-Tornio Airport,4.8,KEM,airport,0.515,0.0,,0.258,65.7364,24.5637
Fès,Morocco,MA,03,964891,,FEZ,Fes Saïss International Airport,11.9,FEZ,pop100k,0.514,0.0,,0.257,34.0331,-5.0003
Heroica Matamoros,Mexico,MX,28,449815,,BRO,Brownsville South Padre Island International Airport,8.5,BRO+MAM,pop100k+airport,0.513,0.0,,0.257,25.8797,-97.5042
Anqing,China,CN,01,358661,,AQG,Anqing Tianzhushan Airport / Anqing North Air Base,7.6,AQG,pop100k+airport,0.514,0.0,,0.257,30.5136,117.0472
Manizales,Colombia,CO,37,357814,,MZL,La Nubia Airport,7.3,MZL,pop100k+airport,0.513,0.0,,0.257,5.0689,-75.5174
Cascavel,Brazil,BR,18,257172,,CAC,Coronel Adalberto Mendes da Silva Airport,6.8,CAC,pop100k+airport,0.514,0.0,,0.257,-24.9558,-53.4553
San Bernardino,United States,US,CA,216108,,SBD,San Bernardino International Airport,5.1,SBD,pop100k+airport,0.513,0.0,,0.257,34.1083,-117.2898
Moreno Valley,United States,US,CA,204198,,SBD,San Bernardino International Airport,17.7,SBD,pop100k,0.513,0.0,,0.257,33.9375,-117.2306
Arica,Chile,CL,16,185999,,ARI,Chacalluta International Airport,14.7,ARI,pop100k+airport,0.514,0.0,,0.257,-18.4746,-70.2979
Brownsville,United States,US,TX,183887,,BRO,Brownsville South Padre Island International Airport,7.3,BRO+MAM,pop100k+airport,0.513,0.0,,0.257,25.9017,-97.4975
Saga,Japan,JP,33,165236,,HSG,Kyushu Saga International Airport,9.3,HSG,pop100k+airport,0.513,0.0,,0.257,33.2333,130.3
Rzeszów,Poland,PL,80,158382,,RZE,Rzeszów-Jasionka Airport,7.8,RZE,pop100k+airport,0.515,0.0,,0.257,50.0413,21.999
Arar,Saudi Arabia,SA,15,148540,,RAE,Arar Domestic Airport,12.2,RAE,pop100k+airport,0.514,0.0,,0.257,30.9753,41.0381
Dimāpur,India,IN,20,135860,,DMU,Dimapur Airport,5.8,DMU,pop100k+airport,0.514,0.0,,0.257,25.9117,93.7217
Ōmuta,Japan,JP,07,131974,,HSG,Kyushu Saga International Airport,18.9,HSG,pop100k,0.513,0.0,,0.257,33.0333,130.45
Noyabrsk,Russia,RU,87,110000,,NOJ,Noyabrsk Airport,8.5,NOJ,pop100k+airport,0.514,0.0,,0.257,63.1931,75.4373
Yakima,United States,US,WA,93701,,YKM,Yakima Air Terminal McAllister Field,4.8,YKM,airport,0.514,0.0,,0.257,46.6021,-120.5059
Nouadhibou,Mauritania,MR,08,72337,,NDB,Nouadhibou International Airport,1.4,NDB,airport,0.514,0.0,,0.257,20.9419,-17.0384
Lafayette,United States,US,IN,71111,,LAF,Purdue University Airport,5.4,LAF,airport,0.514,0.0,,0.257,40.4167,-86.8753
Redlands,United States,US,CA,71035,,SBD,San Bernardino International Airport,6.8,SBD,airport,0.513,0.0,,0.257,34.0556,-117.1825
Highland,United States,US,CA,54854,,SBD,San Bernardino International Airport,4.4,SBD,airport,0.513,0.0,,0.257,34.1283,-117.2087
Colton,United States,US,CA,54621,,SBD,San Bernardino International Airport,7.5,SBD,airport,0.513,0.0,,0.257,34.0739,-117.3136
West Lafayette,United States,US,IN,45550,,LAF,Purdue University Airport,3.0,LAF,airport,0.514,0.0,,0.257,40.4259,-86.9081
Yanagawa,Japan,JP,07,40386,,HSG,Kyushu Saga International Airport,9.3,HSG,airport,0.513,0.0,,0.257,33.1667,130.4
Ōkawa,Japan,JP,07,39223,,HSG,Kyushu Saga International Airport,9.2,HSG,airport,0.513,0.0,,0.257,33.2057,130.3753
Villamaría,Colombia,CO,37,35302,,MZL,La Nubia Airport,5.8,MZL,airport,0.513,0.0,,0.257,5.0457,-75.5147
San Benito,Guatemala,GT,12,30764,,FRS,Mundo Maya International Airport,5.6,FRS,airport,0.514,0.0,,0.257,16.9168,-89.919
Loma Linda,United States,US,CA,24045,,SBD,San Bernardino International Airport,5.8,SBD,airport,0.513,0.0,,0.257,34.0483,-117.2612
Vero Beach South,United States,US,FL,23092,,VRB,Vero Beach Regional Airport,4.4,VRB,airport,0.513,0.0,,0.257,27.6164,-80.4131
Flores,Guatemala,GT,12,20464,,FRS,Mundo Maya International Airport,3.7,FRS,airport,0.514,0.0,,0.257,16.9226,-89.8994
Faisalabad,Pakistan,PK,04,2506595,,LYP,Faisalabad International Airport,10.6,LYP,pop100k+airport,0.511,0.0,,0.256,31.4155,73.0897
Aurangabad,India,IN,16,1016441,,IXU,Aurangabad Airport,5.9,IXU,pop100k+airport,0.513,0.0,,0.256,19.8776,75.3423
Wenshan City,China,CN,29,450000,,WNH,Wenshan Puzhehei Airport,23.0,WNH,pop100k,0.512,0.0,,0.256,23.3631,104.2505
Abadan,Iran,IR,15,370180,,ABD,Abadan Ayatollah Jami International Airport,7.8,ABD,pop100k+airport,0.512,0.0,,0.256,30.3392,48.3043
Khorramshahr,Iran,IR,15,330606,,ABD,Abadan Ayatollah Jami International Airport,9.2,ABD,pop100k+airport,0.512,0.0,,0.256,30.4408,48.1843
Mazār-e Sharīf,Afghanistan,AF,30,303282,,MZR,Mazar-i-Sharif International Airport,8.9,MZR,pop100k+airport,0.512,0.0,,0.256,36.709,67.1109
Presidente Prudente,Brazil,BR,27,209502,,PPB,Presidente Prudente Airport,6.6,PPB,pop100k+airport,0.512,0.0,,0.256,-22.1256,-51.3889
Ayacucho,Peru,PE,05,140033,,AYP,Air Force Colonel Alfredo Mendivil Duarte Airport,2.1,AYP,pop100k+airport,0.512,0.0,,0.256,-13.1588,-74.2232
Iwakuni,Japan,JP,45,104004,,IWK,Iwakuni Kintaikyo Airport,3.1,IWK,pop100k+airport,0.512,0.0,,0.256,34.163,132.22
Lake Charles,United States,US,LA,76070,,LCH,Lake Charles Regional Airport,9.8,LCH,airport,0.512,0.0,,0.256,30.2131,-93.2044
Whangarei,New Zealand,NZ,F6,50900,,WRE,Whangarei Airport,5.5,WRE,airport,0.512,0.0,,0.256,-35.7317,174.3239
Hagerstown,United States,US,MD,40432,,HGR,Hagerstown Regional Richard A Henson Field,7.5,HGR,airport,0.512,0.0,,0.256,39.6418,-77.72
Ōtake,Japan,JP,11,30151,,IWK,Iwakuni Kintaikyo Airport,7.2,IWK,airport,0.512,0.0,,0.256,34.2075,132.2206
Monfalcone,Italy,IT,06,26706,,TRS,Trieste Airport,5.7,TRS,airport,0.512,0.0,,0.256,45.8046,13.5329
Whitehorse,Canada,CA,12,23272,,YXY,Whitehorse / Erik Nielsen International Airport,1.1,YXY,airport,0.512,0.0,,0.256,60.7161,-135.0538
Carepa,Colombia,CO,02,20627,,APO,Antonio Roldán Betancur Airport,9.2,APO,airport,0.513,0.0,,0.256,7.7585,-76.6526
Hamilton,Bermuda,BM,03,902,yes,BDA,L.F. Wade International Airport,12.5,BDA,capital,0.512,0.0,,0.256,32.2949,-64.783
Tangshan,China,CN,10,3372102,,TVS,Tangshan Sannühe Airport,18.1,TVS,pop100k,0.51,0.0,,0.255,39.6333,118.1833
Jodhpur,India,IN,24,921476,,JDH,Jodhpur Airport,4.7,JDH,pop100k+airport,0.51,0.0,,0.255,26.2684,73.0059
Malang,Indonesia,ID,08,746716,,MLG,Abdul Rachman Saleh Airport,10.8,MLG,pop100k+airport,0.509,0.0,,0.255,-7.9797,112.6304
Bloemfontein,South Africa,ZA,03,463064,,BFN,Bram Fischer International Airport,9.1,BFN,pop100k+airport,0.509,0.0,,0.255,-29.1211,26.214
Samarkand,Uzbekistan,UZ,10,319366,,SKD,Samarkand International Airport,5.6,SKD,pop100k+airport,0.51,0.0,,0.255,39.6542,66.9597
Tampere,Finland,FI,06,202687,,TMP,Tampere-Pirkkala Airport,13.5,TMP,pop100k,0.511,0.0,,0.255,61.4991,23.7871
Lawang,Indonesia,ID,08,159380,,MLG,Abdul Rachman Saleh Airport,10.6,MLG,pop100k,0.509,0.0,,0.255,-7.8353,112.6947
Zacatecas,Mexico,MX,32,129011,,ZCL,General Leobardo C. Ruiz International Airport,17.8,ZCL,pop100k+airport,0.51,0.0,,0.255,22.7684,-102.5814
Guadalupe,Mexico,MX,32,124623,,ZCL,General Leobardo C. Ruiz International Airport,23.8,ZCL,pop100k,0.51,0.0,,0.255,22.7475,-102.5187
Pleiku,Vietnam,VN,49,114225,,PXU,Pleiku Airport,3.0,PXU,pop100k+airport,0.51,0.0,,0.255,13.9833,108
Kitami,Japan,JP,12,113137,,MMB,Memanbetsu Airport,23.5,MMB,pop100k,0.511,0.0,,0.255,43.8031,143.8908
Trincomalee,Sri Lanka,LK,37,108420,,TRR,China Bay Airport,6.8,TRR,pop100k+airport,0.51,0.0,,0.255,8.5778,81.2289
Banyuwangi,Indonesia,ID,08,108166,,BWX,Banyuwangi Airport,8.8,BWX,pop100k+airport,0.51,0.0,,0.255,-8.2325,114.3576
Kuqa,China,CN,13,68105,,KCA,Kuqa Qiuci Airport,6.5,KCA,airport,0.509,0.0,,0.255,41.7171,82.9306
Singosari,Indonesia,ID,08,57793,,MLG,Abdul Rachman Saleh Airport,6.7,MLG,airport,0.509,0.0,,0.255,-7.8924,112.6658
Víctor Rosales,Mexico,MX,32,32721,,ZCL,General Leobardo C. Ruiz International Airport,6.2,ZCL,airport,0.51,0.0,,0.255,22.9489,-102.7022
Gillette,United States,US,WY,32649,,GCC,Northeast Wyoming Regional Airport,7.1,GCC,airport,0.51,0.0,,0.255,44.2911,-105.5022
Michigan City,United States,US,IN,31459,,MGC,Michigan City Municipal Airport,6.1,MGC,airport,0.509,0.0,,0.255,41.7075,-86.895
Gladstone,Australia,AU,04,30489,,GLT,Gladstone Airport,4.0,GLT,airport,0.51,0.0,,0.255,-23.8485,151.2577
Cedar City,United States,US,UT,30184,,CDC,Cedar City Regional Airport,4.2,CDC,airport,0.509,0.0,,0.255,37.6775,-113.0619
Nokia,Finland,FI,06,28676,,TMP,Tampere-Pirkkala Airport,8.1,TMP,airport,0.511,0.0,,0.255,61.4667,23.5
Mason City,United States,US,IA,27366,,MCW,Mason City Municipal Airport,10.5,MCW,airport,0.509,0.0,,0.255,43.1536,-93.201
Garden City,United States,US,KS,27005,,GCK,Garden City Regional Airport,13.9,GCK,airport,0.511,0.0,,0.255,37.9717,-100.8727
Paducah,United States,US,KY,24864,,PAH,Barkley Regional Airport,15.6,PAH,airport,0.51,0.0,,0.255,37.0834,-88.6
Fort Dodge,United States,US,IA,24649,,FOD,Fort Dodge Regional Airport,6.4,FOD,airport,0.509,0.0,,0.255,42.4975,-94.168
Chios,Greece,GR,ESYE41,23953,,JKH,Chios Island National Airport,2.9,JKH,airport,0.509,0.0,,0.255,38.3687,26.1372
Armidale,Australia,AU,02,23741,,ARM,Armidale Airport,5.5,ARM,airport,0.51,0.0,,0.255,-30.5012,151.6655
Motomachi,Japan,JP,12,22972,,MMB,Memanbetsu Airport,8.1,MMB,airport,0.511,0.0,,0.255,43.8263,144.0964
Acapulco de Juárez,Mexico,MX,12,673479,,ACA,General Juan N. Álvarez International Airport,19.5,ACA,pop100k,0.508,0.0,,0.254,16.8494,-99.9089
Torreón,Mexico,MX,07,608836,,TRC,Francisco Sarabia Tinoco International Airport,2.5,TRC,pop100k+airport,0.508,0.0,,0.254,25.5439,-103.419
Montería,Colombia,CO,12,272420,,MTR,Los Garzones Airport,10.4,MTR,pop100k+airport,0.508,0.0,,0.254,8.748,-75.8814
Hafar Al-Batin,Saudi Arabia,SA,06,271642,,AQI,Qaisumah–Hafar Al-Batin International Airport,18.7,AQI,pop100k,0.508,0.0,,0.254,28.4328,45.9708
Gómez Palacio,Mexico,MX,10,257352,,TRC,Francisco Sarabia Tinoco International Airport,9.2,TRC,pop100k+airport,0.508,0.0,,0.254,25.5698,-103.4959
Bratsk,Russia,RU,20,256600,,BTK,Bratsk Airport,26.9,BTK,pop100k+airport,0.509,0.0,,0.254,56.1325,101.6142
Nizhnekamsk,Russia,RU,73,234297,,NBC,Begishevo Airport,18.6,NBC,pop100k+airport,0.507,0.0,,0.254,55.6366,51.8245
Ngaoundéré,Cameroon,CM,10,231357,,NGE,N'Gaoundéré Airport,4.3,NGE,pop100k+airport,0.507,0.0,,0.254,7.3277,13.5847
Passo Fundo,Brazil,BR,23,179529,,PFB,Lauro Kurtz Airport,8.0,PFB,pop100k+airport,0.509,0.0,,0.254,-28.2628,-52.4067
Salamanca,Spain,ES,55,155619,,SLM,Salamanca Airport,13.7,SLM,pop100k+airport,0.508,0.0,,0.254,40.9688,-5.6639
Podgorica,Montenegro,ME,16,136473,yes,TGD,Podgorica Airport / Podgorica Golubovci Airbase,9.1,TGD,pop100k+capital+airport,0.508,0.0,,0.254,42.4411,19.2636
Copiapó,Chile,CL,05,129280,,CPO,Desierto de Atacama Airport,45.8,CPO,pop100k+airport,0.509,0.0,,0.254,-27.3668,-70.3314
Sinop,Brazil,BR,14,116013,,OPS,Presidente João Batista Figueiredo Airport,9.4,OPS,pop100k+airport,0.509,0.0,,0.254,-11.8642,-55.5025
Muş,Türkiye,TR,49,82536,,MSR,Muş Airport,15.4,MSR,airport,0.508,0.0,,0.254,38.7316,41.4848
Cereté,Colombia,CO,12,55513,,MTR,Los Garzones Airport,7.8,MTR,airport,0.508,0.0,,0.254,8.8848,-75.7905
Gambēla,Ethiopia,ET,49,42366,,GMB,Gambela Airport,13.7,GMB,airport,0.507,0.0,,0.254,8.25,34.5833
University Place,United States,US,WA,32842,,TIW,Tacoma Narrows Airport,4.1,TIW,airport,0.508,0.0,,0.254,47.2356,-122.5504
Āsosa,Ethiopia,ET,47,30512,,ASO,Asosa Airport,7.9,ASO,airport,0.508,0.0,,0.254,10.0667,34.5333
Qaisumah,Saudi Arabia,SA,06,20685,,AQI,Qaisumah–Hafar Al-Batin International Airport,2.7,AQI,airport,0.508,0.0,,0.254,28.3112,46.1273
Orūmīyeh,Iran,IR,01,577307,,OMH,Urmia Airport,12.8,OMH,pop100k,0.505,0.0,,0.253,37.5527,45.0761
Iquitos,Peru,PE,16,437620,,IQT,Coronel FAP Francisco Secada Vignetta International Airport,7.3,IQT,pop100k+airport,0.506,0.0,,0.253,-3.7491,-73.2538
Mişrātah,Libya,LY,72,386120,,MRA,Misrata International Airport,6.3,MRA,pop100k+airport,0.505,0.0,,0.253,32.3753,15.0925
Herāt,Afghanistan,AF,11,272806,,HEA,Herat - Khwaja Abdullah Ansari International Airport,15.6,HEA,pop100k,0.505,0.0,,0.253,34.3482,62.1997
Los Mochis,Mexico,MX,25,256613,,LMM,Valle del Fuerte International Airport,14.6,LMM,pop100k+airport,0.507,0.0,,0.253,25.793,-108.9981
Obihiro,Japan,JP,12,173890,,OBO,Tokachi-Obihiro Airport,20.5,OBO,pop100k+airport,0.505,0.0,,0.253,42.9172,143.2044
Silchar,India,IN,03,152393,,IXS,Silchar Airport,20.6,IXS,pop100k+airport,0.505,0.0,,0.253,24.8273,92.7979
Sibiu,Romania,RO,33,151894,,SBZ,Sibiu International Airport,5.2,SBZ,pop100k+airport,0.505,0.0,,0.253,45.8,24.15
Puerto Plata,Dominican Republic,DO,18,146000,,POP,Gregorio Luperon International Airport,13.0,POP,pop100k+airport,0.505,0.0,,0.253,19.7934,-70.6884
Jimma,Ethiopia,ET,51,128306,,JIM,Jimma Airport,2.1,JIM,pop100k+airport,0.506,0.0,,0.253,7.6734,36.8344
Brugge,Belgium,BE,VLG,116709,,OST,Ostend-Bruges International Airport,24.4,OST,pop100k,0.507,0.0,,0.253,51.2089,3.2242
Perpignan,France,FR,76,110706,,PGF,Perpignan-Rivesaltes (Llabanère) Airport,5.2,PGF,pop100k+airport,0.506,0.0,,0.253,42.6976,2.8954
Tumaco,Colombia,CO,20,86713,,TCO,La Florida Airport,5.5,TCO,airport,0.506,0.0,,0.253,1.7911,-78.7927
Mayagüez,Puerto Rico,PR,097,78647,,MAZ,Eugenio Maria De Hostos Airport,6.1,MAZ,airport,0.506,0.0,,0.253,18.2011,-67.1396
Ostend,Belgium,BE,VLG,69011,,OST,Ostend-Bruges International Airport,4.0,OST,airport,0.507,0.0,,0.253,51.2155,2.927
Tefé,Brazil,BR,04,44942,,TFF,Tefé Airport,1.7,TFF,airport,0.506,0.0,,0.253,-3.3684,-64.7205
Butte,United States,US,MT,34190,,BTM,Bert Mooney Airport,6.2,BTM,airport,0.505,0.0,,0.253,46.0038,-112.5347
Cheongju-si,South Korea,KR,05,634596,,CJJ,Cheongju International Airport/Cheongju Air Base (K-59/G-513),8.8,CJJ,pop100k+airport,0.504,0.0,,0.252,36.6372,127.4897
Udaipur,India,IN,24,422784,,UDR,Maharana Pratap Airport,18.8,UDR,pop100k+airport,0.504,0.0,,0.252,24.5858,73.7135
Weifang,China,CN,25,394732,,WEF,Weifang Nanyuan Airport,7.2,WEF,pop100k+airport,0.504,0.0,,0.252,36.71,119.1019
Samsun,Türkiye,TR,55,394050,,SZF,Samsun-Çarşamba Airport,19.6,SZF,pop100k+airport,0.505,0.0,,0.252,41.2798,36.3361
Ras Al Khaimah City,UAE,AE,05,351943,,RKT,Ras Al Khaimah International Airport,19.6,RKT,pop100k,0.503,0.0,,0.252,25.7895,55.9432
Cuenca,Ecuador,EC,02,276964,,CUE,Mariscal Lamar Airport,2.6,CUE,pop100k+airport,0.504,0.0,,0.252,-2.9005,-79.0045
Aizawl,India,IN,31,265331,,AJL,Lengpui Airport,15.9,AJL,pop100k,0.505,0.0,,0.252,23.7289,92.7179
Sylhet,Bangladesh,BD,86,237000,,ZYL,Osmany International Airport,7.3,ZYL,pop100k+airport,0.504,0.0,,0.252,24.899,91.872
Sejong,South Korea,KR,22,230327,,CJJ,Cheongju International Airport/Cheongju Air Base (K-59/G-513),23.1,CJJ,pop100k,0.504,0.0,,0.252,36.5924,127.2922
Sousse,Tunisia,TN,23,164123,,MIR,Monastir Habib Bourguiba International Airport,13.0,MIR,pop100k,0.505,0.0,,0.252,35.8254,10.637
Lampang,Thailand,TH,06,156139,,LPT,Lampang Airport,2.7,LPT,pop100k+airport,0.504,0.0,,0.252,18.2923,99.4928
Killeen,United States,US,TX,140806,,GRK,Killeen Regional Airport / Robert Gray Army Airfield,11.1,GRK,pop100k,0.504,0.0,,0.252,31.1171,-97.7278
Toliara,Madagascar,MG,51,115319,,TLE,Toliara Airport,7.3,TLE,pop100k+airport,0.504,0.0,,0.252,-23.35,43.6667
Anqiu,China,CN,25,105665,,WEF,Weifang Nanyuan Airport,24.5,WEF,pop100k,0.504,0.0,,0.252,36.4342,119.1925
Qurayyat,Saudi Arabia,SA,20,102903,,URY,Gurayat Domestic Airport,10.8,URY,pop100k,0.503,0.0,,0.252,31.3318,37.3428
Talara,Peru,PE,20,99074,,TYL,Captain Victor Montes Arias International Airport,2.0,TYL,airport,0.504,0.0,,0.252,-4.5772,-81.2719
Monastir,Tunisia,TN,16,71546,,MIR,Monastir Habib Bourguiba International Airport,6.8,MIR,airport,0.505,0.0,,0.252,35.778,10.8262
Skanes,Tunisia,TN,16,64222,,MIR,Monastir Habib Bourguiba International Airport,5.0,MIR,airport,0.505,0.0,,0.252,35.7833,10.8
Pocatello,United States,US,ID,54441,,PIH,Pocatello Regional Airport,13.0,PIH,airport,0.504,0.0,,0.252,42.8713,-112.4455
Guayaramerín,Bolivia,BO,03,36008,,GYA,Guayaramerín Airport,7.4,GYA,airport,0.504,0.0,,0.252,-10.8258,-65.3581
Copperas Cove,United States,US,TX,33081,,GRK,Killeen Regional Airport / Robert Gray Army Airfield,9.5,GRK,airport,0.504,0.0,,0.252,31.1241,-97.9031
Fort Hood,United States,US,TX,29589,,GRK,Killeen Regional Airport / Robert Gray Army Airfield,9.1,GRK,airport,0.504,0.0,,0.252,31.1349,-97.7756
Ciudad Guayana,Venezuela,VE,06,746535,,PZO,General Manuel Carlos Piar International Airport,14.9,PZO,pop100k,0.502,0.0,,0.251,8.3512,-62.641
Penza,Russia,RU,57,512602,,PEZ,Penza Airport,10.1,PEZ,pop100k+airport,0.502,0.0,,0.251,53.2007,45.0046
Uyo,Nigeria,NG,21,436606,,QUO,Akwa Ibom International Airport,26.6,QUO,pop100k+airport,0.502,0.0,,0.251,5.0513,7.9335
San Luis,Argentina,AR,19,183982,,LUQ,Brigadier Mayor D Cesar Raul Ojeda Airport,3.1,LUQ,pop100k+airport,0.503,0.0,,0.251,-33.295,-66.3356
Bacău,Romania,RO,04,171396,,BCM,Bacău George Enescu International  Airport,5.0,BCM,pop100k+airport,0.503,0.0,,0.251,46.5672,26.9138
Manzanillo,Mexico,MX,08,130035,,ZLO,Playa de Oro International Airport,23.0,ZLO,pop100k+airport,0.502,0.0,,0.251,19.1169,-104.3421
Esuk Oron,Nigeria,NG,21,112033,,QUO,Akwa Ibom International Airport,19.4,CBQ+QUO,pop100k,0.502,0.0,,0.251,4.8029,8.2534
El Vigía,Venezuela,VE,14,59092,,VIG,Juan Pablo Pérez Alfonso Airport,2.1,VIG,airport,0.502,0.0,,0.251,8.6135,-71.657
Roi Et,Thailand,TH,25,39328,,ROI,Roi Et Airport,14.5,ROI,airport,0.502,0.0,,0.251,16.0567,103.6531
Campbell River,Canada,CA,02,33430,,YBL,Campbell River Airport,7.5,YBL+YHH,airport,0.503,0.0,,0.251,50.0163,-125.2446
Kanpur,India,IN,36,2823249,,KNU,Kanpur Airport,9.1,KNU,pop100k+airport,0.5,0.0,,0.25,26.4652,80.3498
Şanlıurfa,Türkiye,TR,63,449549,,GNY,Şanlıurfa GAP Airport,32.3,GNY,pop100k+airport,0.5,0.0,,0.25,37.1671,38.7939
Chinju,South Korea,KR,20,307242,,HIN,Sacheon Airport / Sacheon Air Base,11.6,HIN,pop100k,0.499,0.0,,0.25,35.1928,128.0847
Kuala Terengganu,Malaysia,MY,13,285065,,TGG,Sultan Mahmud Airport,7.2,TGG,pop100k+airport,0.5,0.0,,0.25,5.3302,103.1408
Oral,Kazakhstan,KZ,07,200000,,URA,Manshuk Mametova International Airport,15.3,URA,pop100k,0.5,0.0,,0.25,51.2333,51.3667
Jaffna,Sri Lanka,LK,38,169102,,JAF,Jaffna International Airport,15.4,JAF,pop100k+airport,0.501,0.0,,0.25,9.6684,80.0074
Unnāo,India,IN,36,161671,,KNU,Kanpur Airport,17.7,KNU,pop100k,0.5,0.0,,0.25,26.5471,80.4878
Zhalantun,China,CN,20,132224,,NZL,Zhalantun Genghis Khan Airport,16.1,NZL,pop100k+airport,0.499,0.0,,0.25,48.0095,122.7365
Nakhon Si Thammarat,Thailand,TH,64,120836,,NST,Nakhon Si Thammarat Airport,12.1,NST,pop100k+airport,0.501,0.0,,0.25,8.4333,99.9667
Tumbes,Peru,PE,24,109223,,TBP,Captain Pedro Canga Rodríguez International Airport,8.0,TBP,pop100k+airport,0.501,0.0,,0.25,-3.5669,-80.4515
Lakeland,United States,US,FL,104401,,LAL,Lakeland Linder International Airport,8.9,LAL,pop100k+airport,0.501,0.0,,0.25,28.0395,-81.9498
Bendigo,Australia,AU,07,100617,,BXG,Bendigo Airport,4.9,BXG,pop100k+airport,0.501,0.0,,0.25,-36.7582,144.2802
Waterloo,United States,US,IA,68460,,ALO,Waterloo Regional Airport,8.6,ALO,airport,0.5,0.0,,0.25,42.4928,-92.343
Pula,Croatia,HR,04,59078,,PUY,Pula Airport,6.5,PUY,airport,0.5,0.0,,0.25,44.8683,13.8481
Myawadi,Myanmar,MM,05,45000,,MAQ,Mae Sot Airport,4.0,MAQ,airport,0.5,0.0,,0.25,16.6891,98.5089
Mae Sot,Thailand,TH,08,44563,,MAQ,Mae Sot Airport,3.0,MAQ,airport,0.5,0.0,,0.25,16.7167,98.5667
Adrar,Algeria,DZ,34,43903,,AZR,Touat-Cheikh Sidi Mohamed Belkebir Airport,11.3,AZR,airport,0.5,0.0,,0.25,27.8743,-0.2939
Cedar Falls,United States,US,IA,41255,,ALO,Waterloo Regional Airport,4.9,ALO,airport,0.5,0.0,,0.25,42.5278,-92.4455
Hobbs,United States,US,NM,38416,,HOB,Lea County Regional Airport,7.8,HOB,airport,0.499,0.0,,0.25,32.7026,-103.136
Plant City,United States,US,FL,37406,,LAL,Lakeland Linder International Airport,9.8,LAL,airport,0.501,0.0,,0.25,28.0189,-82.1147
Tupelo,United States,US,MS,35680,,TUP,Tupelo Regional Airport,6.1,TUP,airport,0.5,0.0,,0.25,34.2581,-88.7046
Laramie,United States,US,WY,32158,,LAR,Laramie Regional Airport,7.0,LAR,airport,0.5,0.0,,0.25,41.3114,-105.5911
Elko,United States,US,NV,20279,,EKO,Elko Regional Airport,2.6,EKO,airport,0.499,0.0,,0.25,40.8324,-115.7631
Qionghai,China,CN,31,480000,,BAR,Qionghai Bo'ao Airport,11.4,BAR,pop100k,0.498,0.0,,0.249,19.2425,110.4642
Sialkot,Pakistan,PK,04,477396,,SKT,Sialkot International Airport,16.4,SKT,pop100k+airport,0.498,0.0,,0.249,32.4927,74.5313
San Juan,Argentina,AR,18,447048,,UAQ,Domingo Faustino Sarmiento Airport,11.8,UAQ,pop100k+airport,0.498,0.0,,0.249,-31.5375,-68.5364
Jambi City,Indonesia,ID,05,420323,,DJB,Sultan Thaha Airport,5.3,DJB,pop100k+airport,0.498,0.0,,0.249,-1.6,103.6167
Campos dos Goytacazes,Brazil,BR,21,387417,,CAW,Bartolomeu Lisandro Airport,6.7,CAW,pop100k+airport,0.498,0.0,,0.249,-21.7523,-41.3304
Botoşani,Romania,RO,07,114783,,SCV,Suceava Ștefan cel Mare International Airport,24.4,SCV,pop100k,0.498,0.0,,0.249,47.75,26.6667
Suceava,Romania,RO,34,105796,,SCV,Suceava Ștefan cel Mare International Airport,9.9,SCV,pop100k+airport,0.498,0.0,,0.249,47.6333,26.25
Galle,Sri Lanka,LK,34,93118,,KCT,Koggala Airport,13.5,KCT,airport,0.497,0.0,,0.249,6.0461,80.2103
Sambrial,Pakistan,PK,04,62874,,SKT,Sialkot International Airport,6.5,SKT,airport,0.498,0.0,,0.249,32.4783,74.3534
North Bay,Canada,CA,08,50396,,YYB,North Bay Jack Garland Airport,6.2,YYB,airport,0.498,0.0,,0.249,46.3168,-79.4663
Santa Lucía,Argentina,AR,18,43565,,UAQ,Domingo Faustino Sarmiento Airport,8.1,UAQ,airport,0.498,0.0,,0.249,-31.5399,-68.495
Haugesund,Norway,NO,14,40321,,HAU,"Haugesund Airport, Karmøy",8.3,HAU,airport,0.498,0.0,,0.249,59.4138,5.268
Mendi,Papua New Guinea,PG,05,26252,,MDU,Mendi Airport,0.1,MDU,airport,0.498,0.0,,0.249,-6.1475,143.6563
Rock Springs,United States,US,WY,23962,,RKS,Southwest Wyoming Regional Airport,11.5,RKS,airport,0.499,0.0,,0.249,41.5875,-109.2029
Sovetskiy,Russia,RU,32,23685,,OVS,Sovetskiy Airport,4.0,OVS,airport,0.497,0.0,,0.249,61.3614,63.5842
Liberal,United States,US,KS,20746,,LBL,Liberal Mid-America Regional Airport,3.5,LBL,airport,0.498,0.0,,0.249,37.0431,-100.921
Zhangjiakou,China,CN,10,692602,,ZQZ,Zhangjiakou Ningyuan Airport,9.1,ZQZ,pop100k+airport,0.497,0.0,,0.248,40.81,114.8794
Santa Fe,Argentina,AR,21,489505,,SFN,Sauce Viejo Airport,12.0,SFN,pop100k+airport,0.497,0.0,,0.248,-31.6488,-60.7087
Oujda-Angad,Morocco,MA,02,405253,,OUD,Oujda Angads Airport,12.1,OUD,pop100k,0.496,0.0,,0.248,34.6814,-1.9086
Zhangjiakou Shi Xuanhua Qu,China,CN,10,373422,,ZQZ,Zhangjiakou Ningyuan Airport,17.1,ZQZ,pop100k,0.497,0.0,,0.248,40.6103,115.0447
Stavropol’,Russia,RU,70,363064,,STW,Stavropol Shpakovskoye Airport,13.2,STW,pop100k+airport,0.497,0.0,,0.248,45.0428,41.9734
Elazığ,Türkiye,TR,23,298004,,EZS,Elazığ Airport,10.0,EZS,pop100k+airport,0.495,0.0,,0.248,38.6743,39.2232
Mito,Japan,JP,14,246538,,IBR,Ibaraki Airport,19.0,IBR,pop100k,0.496,0.0,,0.248,36.35,140.45
Formosa,Argentina,AR,09,221383,,FMA,Formosa National Airport,6.3,FMA,pop100k+airport,0.496,0.0,,0.248,-26.1849,-58.1731
Ulanhot,China,CN,20,165846,,HLH,Ulanhot Yilelite Airport,13.7,HLH,pop100k+airport,0.497,0.0,,0.248,46.0833,122.0833
Katsuta,Japan,JP,14,155968,,IBR,Ibaraki Airport,24.8,IBR,pop100k,0.496,0.0,,0.248,36.3833,140.5333
Mahajanga,Madagascar,MG,41,154657,,MJN,Amborovy Airport,6.7,MJN,pop100k+airport,0.496,0.0,,0.248,-15.7167,46.3167
Playa del Carmen,Mexico,MX,23,149923,,CZM,Cozumel International Airport,20.1,CZM,pop100k,0.496,0.0,,0.248,20.6274,-87.0799
Ordu,Türkiye,TR,52,116788,,OGU,Ordu–Giresun Airport,16.5,OGU,pop100k+airport,0.496,0.0,,0.248,40.9778,37.8905
Sakata,Japan,JP,44,100446,,SYO,Shonai Airport,13.0,SYO,pop100k,0.496,0.0,,0.248,38.9167,139.855
Ogden,United States,US,UT,85444,,OGD,Ogden Hinckley Airport,4.4,OGD,airport,0.496,0.0,,0.248,41.223,-111.9738
Cozumel,Mexico,MX,23,77236,,CZM,Cozumel International Airport,2.2,CZM,airport,0.496,0.0,,0.248,20.5004,-86.9427
Lethbridge,Canada,CA,01,70617,,YQL,Lethbridge County Airport,7.9,YQL,airport,0.496,0.0,,0.248,49.7,-112.8186
Mikhaylovsk,Russia,RU,70,59198,,STW,Stavropol Shpakovskoye Airport,7.2,STW,airport,0.497,0.0,,0.248,45.1283,42.0256
Santo Tomé,Argentina,AR,21,59072,,SFN,Sauce Viejo Airport,7.0,SFN,airport,0.497,0.0,,0.248,-31.6627,-60.7653
Salina,United States,US,KS,47813,,SLN,Salina Municipal Airport,6.5,SLN,airport,0.497,0.0,,0.248,38.8403,-97.6114
Charlottetown,Canada,CA,09,42402,,YYG,Charlottetown Airport,6.0,YYG,airport,0.495,0.0,,0.248,46.2346,-63.1256
Roy,United States,US,UT,37964,,OGD,Ogden Hinckley Airport,4.0,OGD,airport,0.496,0.0,,0.248,41.1616,-112.0263
Clearfield,United States,US,UT,30653,,OGD,Ogden Hinckley Airport,9.5,OGD,airport,0.496,0.0,,0.248,41.1108,-112.026
Williamsport,United States,US,PA,29201,,IPT,Williamsport Regional Airport,6.6,IPT,airport,0.497,0.0,,0.248,41.2412,-77.0011
Dodge City,United States,US,KS,27912,,DDC,Dodge City Regional Airport,4.7,DDC,airport,0.496,0.0,,0.248,37.7528,-100.0171
Ängelholm,Sweden,SE,27,23240,,AGH,Ängelholm-Helsingborg Airport,6.0,AGH,airport,0.496,0.0,,0.248,56.2428,12.8622
Watertown,United States,US,SD,22073,,ATY,Watertown Regional Airport,3.5,ATY,airport,0.495,0.0,,0.248,44.8994,-97.1151
Clinton,United States,US,UT,21399,,OGD,Ogden Hinckley Airport,7.0,OGD,airport,0.496,0.0,,0.248,41.1397,-112.0505
Jauja,Peru,PE,12,21057,,JAU,Francisco Carle Airport,2.6,JAU,airport,0.496,0.0,,0.248,-11.7758,-75.4966
Izhevsk,Russia,RU,80,631038,,IJK,Izhevsk Airport,15.8,IJK,pop100k+airport,0.493,0.0,,0.247,56.8498,53.2045
Magnitogorsk,Russia,RU,13,413351,,MQF,Magnitogorsk International Airport,19.6,MQF,pop100k+airport,0.495,0.0,,0.247,53.4186,59.0472
Kuantan,Malaysia,MY,06,366229,,KUA,Kuantan Airport,13.5,KUA,pop100k+airport,0.494,0.0,,0.247,3.8077,103.326
Villahermosa,Mexico,MX,27,353577,,VSA,Carlos Rovirosa Pérez International Airport,11.9,VSA,pop100k+airport,0.493,0.0,,0.247,17.9869,-92.9303
Toyama,Japan,JP,42,325532,,TOY,Toyama Kitokito Airport,6.3,TOY,pop100k+airport,0.494,0.0,,0.247,36.7,137.2167
Corpus Christi,United States,US,TX,324074,,CRP,Corpus Christi International Airport,10.8,CRP,pop100k+airport,0.493,0.0,,0.247,27.8006,-97.3964
Kingston upon Hull,United Kingdom,GB,ENG,314018,,HUY,Humberside Airport,18.8,HUY,pop100k,0.494,0.0,,0.247,53.7446,-0.3352
Najrān,Saudi Arabia,SA,16,258573,,EAM,Najran Domestic Airport,33.6,EAM,pop100k+airport,0.493,0.0,,0.247,17.4933,44.1277
Alor Setar,Malaysia,MY,02,217368,,AOR,Sultan Abdul Halim Airport,8.7,AOR,pop100k+airport,0.493,0.0,,0.247,6.121,100.3601
Takaoka,Japan,JP,42,170077,,TOY,Toyama Kitokito Airport,19.0,TOY,pop100k,0.494,0.0,,0.247,36.75,137.0167
Okap,Haiti,HT,09,134815,,CAP,Cap Haitien International Airport,3.8,CAP,pop100k+airport,0.494,0.0,,0.247,19.7594,-72.1981
Grimsby,United Kingdom,GB,ENG,134160,,HUY,Humberside Airport,18.1,HUY,pop100k,0.494,0.0,,0.247,53.5654,-0.0755
Sydney,Canada,CA,07,105968,,YQY,Sydney / J.A. Douglas McCurdy Airport,10.7,YQY,pop100k+airport,0.495,0.0,,0.247,46.1351,-60.1831
Yuma,United States,US,AZ,94139,,YUM,Yuma International Airport / Marine Corps Air Station Yuma,8.4,YUM,airport,0.494,0.0,,0.247,32.7253,-114.6244
Ozamiz City,Philippines,PH,10,93082,,OZC,Labo Airport,3.4,OZC,airport,0.494,0.0,,0.247,8.1481,123.8405
Bukoba,Tanzania,TZ,19,70628,,BKZ,Bukoba Airport,1.0,BKZ,airport,0.493,0.0,,0.247,-1.3317,31.8122
Jitra,Malaysia,MY,02,63489,,AOR,Sultan Abdul Halim Airport,9.1,AOR,airport,0.493,0.0,,0.247,6.2681,100.4217
Medicine Hat,Canada,CA,01,63138,,YXH,Medicine Hat Regional Airport,3.9,YXH,airport,0.493,0.0,,0.247,50.0393,-110.6766
Dubuque,United States,US,IA,58799,,DBQ,Dubuque Regional Airport,11.6,DBQ,airport,0.493,0.0,,0.247,42.5006,-90.6646
Jaén,Peru,PE,06,52493,,JAE,Shumba Airport,13.3,JAE,airport,0.493,0.0,,0.247,-5.7073,-78.8079
Quincy,United States,US,IL,40780,,UIN,Quincy Regional Airport Baldwin Field,18.4,UIN,airport,0.493,0.0,,0.247,39.9356,-91.4099
Kearney,United States,US,NE,33021,,EAR,Kearney Regional Airport,7.0,EAR,airport,0.493,0.0,,0.247,40.6995,-99.0815
Mytilene,Greece,GR,ESYE41,28322,,MJT,Mytilene International Airport,6.7,MJT,airport,0.495,0.0,,0.247,39.1077,26.5553
Burlington,United States,US,IA,25410,,BRL,Southeast Iowa Regional Airport,2.9,BRL,airport,0.493,0.0,,0.247,40.8075,-91.1129
Taupo,New Zealand,NZ,G1,22469,,TUO,Taupo Airport,6.3,TUO,airport,0.493,0.0,,0.247,-38.6833,176.0833
Kolhāpur,India,IN,16,516142,,KLH,Kolhapur Airport,7.0,KLH,pop100k+airport,0.493,0.0,,0.246,16.6956,74.2317
Bengkulu,Indonesia,ID,03,309712,,BKS,Fatmawati Soekarno Airport,10.8,BKS,pop100k+airport,0.491,0.0,,0.246,-3.8004,102.2655
Ichalkaranji,India,IN,16,274383,,KLH,Kolhapur Airport,18.5,KLH,pop100k,0.493,0.0,,0.246,16.6912,74.4605
Chimoio,Mozambique,MZ,10,256936,,VPY,Chimoio Airport,6.9,VPY,pop100k+airport,0.493,0.0,,0.246,-19.1164,33.4833
Matsumoto,Japan,JP,26,210667,,MMJ,Shinshu-Matsumoto Airport,8.4,MMJ,pop100k+airport,0.492,0.0,,0.246,36.2333,137.9667
Quelimane,Mozambique,MZ,09,188964,,UEL,Quelimane Airport,3.3,UEL,pop100k+airport,0.492,0.0,,0.246,-17.8786,36.8883
Shillong,India,IN,18,132842,,SHL,Shillong Airport,17.8,SHL,pop100k+airport,0.491,0.0,,0.246,25.5689,91.8831
Abilene,United States,US,TX,121721,,ABI,Abilene Regional Airport,6.4,ABI,pop100k+airport,0.491,0.0,,0.246,32.4487,-99.7331
Forlì,Italy,IT,05,93638,,FRL,Forlì-Luigi Ridolfi International Airport,3.8,FRL,airport,0.492,0.0,,0.246,44.2218,12.0414
Avilés,Spain,ES,34,84242,,OVD,Asturias Airport,8.9,OVD,airport,0.493,0.0,,0.246,43.5547,-5.9248
Antsiranana,Madagascar,MG,71,82937,,DIE,Arrachart Airport,3.6,DIE,airport,0.493,0.0,,0.246,-12.3173,49.2919
Bosaso,Somalia,SO,03,74287,,BSA,Bender Qassim International Airport,4.7,BSA,airport,0.493,0.0,,0.246,11.2842,49.1816
Zadar,Croatia,HR,19,71258,,ZAD,Zadar Airport,10.5,ZAD,airport,0.492,0.0,,0.246,44.1158,15.2251
Shiojiri,Japan,JP,26,67159,,MMJ,Shinshu-Matsumoto Airport,8.4,MMJ,airport,0.492,0.0,,0.246,36.1,137.9667
Harlingen,United States,US,TX,65774,,HRL,Valley International Airport,5.9,HRL,airport,0.492,0.0,,0.246,26.1906,-97.6961
Florence,United States,US,AL,40026,,MSL,Northwest Alabama Regional Airport,8.5,MSL,airport,0.491,0.0,,0.246,34.7998,-87.6773
East Florence,United States,US,AL,35733,,MSL,Northwest Alabama Regional Airport,7.9,MSL,airport,0.491,0.0,,0.246,34.8095,-87.6495
Sambava,Madagascar,MG,72,31522,,SVB,Sambava Airport,1.6,SVB,airport,0.493,0.0,,0.246,-14.2667,50.1667
Kwang Binh,Vietnam,VN,62,31040,,VDH,Dong Hoi Airport,6.1,VDH,airport,0.493,0.0,,0.246,17.4688,106.6223
Dandong,China,CN,19,631973,,DDG,Dandong Langtou International Airport,14.7,DDG,pop100k,0.491,0.0,,0.245,40.1292,124.3947
Akure,Nigeria,NG,48,420594,,AKR,Akure Airport,11.9,AKR,pop100k+airport,0.49,0.0,,0.245,7.2526,5.1931
Tamale,Ghana,GH,06,360579,,TML,Yakubu Tali International Airport,17.3,TML,pop100k+airport,0.489,0.0,,0.245,9.4008,-0.8393
Shangrao,China,CN,03,318769,,SQD,Shangrao Sanqingshan Airport,8.3,SQD,pop100k+airport,0.49,0.0,,0.245,28.4518,117.9429
Vladikavkaz,Russia,RU,68,317370,,OGZ,Vladikavkaz Beslan International Airport,19.4,OGZ,pop100k,0.49,0.0,,0.245,43.0367,44.6678
Sinŭiju,North Korea,KP,11,288112,,DDG,Dandong Langtou International Airport,12.6,DDG,pop100k,0.491,0.0,,0.245,40.1006,124.3981
Oruro,Bolivia,BO,05,208684,,ORU,Juan Mendoza International Airport,8.4,ORU,pop100k+airport,0.49,0.0,,0.245,-17.9833,-67.15
Toamasina,Madagascar,MG,31,206373,,TMM,Toamasina Ambalamanasy Airport,4.1,TMM,pop100k+airport,0.49,0.0,,0.245,-18.1492,49.4023
Nazran’,Russia,RU,19,164131,,OGZ,Vladikavkaz Beslan International Airport,13.7,IGT+OGZ,pop100k,0.49,0.0,,0.245,43.226,44.7732
Pueblo,United States,US,CO,109412,,PUB,Pueblo Memorial Airport,10.5,PUB,pop100k+airport,0.49,0.0,,0.245,38.2544,-104.6091
Pakse,Laos,LA,02,88332,,PKZ,Pakse International Airport,2.6,PKZ,airport,0.489,0.0,,0.245,15.1202,105.799
Fort Smith,United States,US,AR,88194,,FSM,Fort Smith Regional Airport,6.2,FSM,airport,0.49,0.0,,0.245,35.3859,-94.3986
Batticaloa,Sri Lanka,LK,37,86742,,BTC,Batticaloa International Airport,1.8,BTC,airport,0.491,0.0,,0.245,7.7102,81.6924
Arauca,Colombia,CO,03,69264,,AUC,Santiago Perez Airport,3.0,AUC,airport,0.489,0.0,,0.245,7.0847,-70.7591
Langtoucun,China,CN,19,59046,,DDG,Dandong Langtou International Airport,4.5,DDG,airport,0.491,0.0,,0.245,40.0407,124.3353
Bayonne,France,FR,75,44396,,BIQ,Biarritz Pays Basque airport,4.9,BIQ,airport,0.49,0.0,,0.245,43.4932,-1.473
Anglet,France,FR,75,40658,,BIQ,Biarritz Pays Basque airport,2.3,BIQ,airport,0.49,0.0,,0.245,43.4892,-1.5192
Beslan,Russia,RU,68,35604,,OGZ,Vladikavkaz Beslan International Airport,5.3,OGZ,airport,0.49,0.0,,0.245,43.1922,44.5431
Biarritz,France,FR,75,33188,,BIQ,Biarritz Pays Basque airport,3.0,BIQ+EAS,airport,0.49,0.0,,0.245,43.4806,-1.5568
Savelugu,Ghana,GH,06,29310,,TML,Yakubu Tali International Airport,9.0,TML,airport,0.489,0.0,,0.245,9.6244,-0.8253
Rabat,Morocco,MA,04,1655753,yes,RBA,Rabat-Salé Airport,8.6,RBA,pop100k+capital+airport,0.489,0.0,,0.244,34.0132,-6.8326
Valencia,Venezuela,VE,07,1385083,,VLN,Arturo Michelena International Airport,8.8,VLN,pop100k+airport,0.488,0.0,,0.244,10.162,-68.0076
Sale,Morocco,MA,04,903485,,RBA,Rabat-Salé Airport,4.3,RBA,pop100k+airport,0.489,0.0,,0.244,34.0531,-6.7985
Ulyanovsk,Russia,RU,81,640680,,ULV,Ulyanovsk Baratayevka Airport,12.3,ULV,pop100k+airport,0.488,0.0,,0.244,54.3282,48.3866
Aden,Yemen,YE,02,550602,,ADE,Aden International Airport,5.6,ADE,pop100k+airport,0.488,0.0,,0.244,12.7794,45.0367
Malatya,Türkiye,TR,44,441805,,MLX,Malatya Erhaç Airport,21.8,MLX,pop100k+airport,0.489,0.0,,0.244,38.3502,38.3167
Temara,Morocco,MA,04,313510,,RBA,Rabat-Salé Airport,19.8,RBA,pop100k,0.489,0.0,,0.244,33.9287,-6.9066
Tampico,Mexico,MX,28,309003,,TAM,General Francisco Javier Mina International Airport,1.4,TAM,pop100k+airport,0.488,0.0,,0.244,22.2852,-97.8778
Salé Al Jadida,Morocco,MA,04,200000,,RBA,Rabat-Salé Airport,6.1,RBA,pop100k+airport,0.489,0.0,,0.244,33.9972,-6.7405
Ciudad Madero,Mexico,MX,28,197216,,TAM,General Francisco Javier Mina International Airport,3.9,TAM,pop100k+airport,0.488,0.0,,0.244,22.2723,-97.8362
Zinder,Niger,NE,07,191424,,ZND,Zinder Airport,3.2,ZND,pop100k+airport,0.488,0.0,,0.244,13.8072,8.9881
Naga,Philippines,PH,05,174931,,WNP,Naga Airport,10.3,WNP,pop100k+airport,0.488,0.0,,0.244,13.6192,123.1814
Guacara,Venezuela,VE,07,151752,,VLN,Arturo Michelena International Airport,10.2,VLN,pop100k,0.488,0.0,,0.244,10.2261,-67.877
Urganch,Uzbekistan,UZ,05,150110,,UGC,Urgench International Airport,3.7,UGC,pop100k+airport,0.488,0.0,,0.244,41.55,60.6333
Kalemie,DR Congo,CD,29,146974,,FMI,Kalemie Airport,10.1,FMI,pop100k+airport,0.488,0.0,,0.244,-5.9475,29.1947
Clermont-Ferrand,France,FR,84,138681,,CFE,Clermont-Ferrand Auvergne airport,6.4,CFE,pop100k+airport,0.488,0.0,,0.244,45.7797,3.0868
Sakakah,Saudi Arabia,SA,20,128332,,AJF,Al-Jawf International Airport,23.1,AJF,pop100k,0.487,0.0,,0.244,29.9697,40.2064
Xilin Hot,China,CN,20,120965,,XIL,Xilinhot Airport,7.9,XIL,pop100k+airport,0.488,0.0,,0.244,43.9667,116.0333
Miramar,Mexico,MX,28,118614,,TAM,General Francisco Javier Mina International Airport,8.3,TAM,pop100k+airport,0.488,0.0,,0.244,22.3609,-97.9
Corumbá,Brazil,BR,11,96520,,CMG,Corumbá International Airport,2.1,CMG+PSZ,airport,0.488,0.0,,0.244,-19.0092,-57.6533
Aqaba,Jordan,JO,21,95048,,AQJ,King Hussein International Airport,9.5,AQJ+ETM+TCP,airport,0.489,0.0,,0.244,29.5267,35.0078
Tanabe,Japan,JP,43,69563,,SHM,Nanki Shirahama Airport,7.9,SHM,airport,0.488,0.0,,0.244,33.7333,135.3667
Kawthoung,Myanmar,MM,12,57949,,KAW,Kawthoung Airport,7.6,KAW+UNN,airport,0.488,0.0,,0.244,9.9824,98.5503
Eilat,Israel,IL,01,45588,,AQJ,King Hussein International Airport,9.0,AQJ+ETM+TCP,airport,0.489,0.0,,0.244,29.5581,34.9482
Tacarigua,Venezuela,VE,07,39205,,VLN,Arturo Michelena International Airport,7.1,VLN,airport,0.488,0.0,,0.244,10.0862,-67.9198
Leh,India,IN,41,37475,,IXL,Leh Kushok Bakula Rimpochee Airport,4.7,IXL,airport,0.488,0.0,,0.244,34.165,77.584
Al Aaroui,Morocco,MA,02,36021,,NDR,Nador Al Aaroui International Airport,3.0,NDR,airport,0.488,0.0,,0.244,35.0109,-3.0094
Leticia,Colombia,CO,01,29666,,TBT,Tabatinga International Airport,4.5,LET+TBT,airport,0.489,0.0,,0.244,-4.2153,-69.9406
Tabatinga,Brazil,BR,04,28229,,TBT,Tabatinga International Airport,2.7,LET+TBT,airport,0.489,0.0,,0.244,-4.2312,-69.9386
Ranong,Thailand,TH,59,24561,,KAW,Kawthoung Airport,14.1,KAW+UNN,airport,0.488,0.0,,0.244,9.9658,98.6348
Chamalières,France,FR,84,20298,,CFE,Clermont-Ferrand Auvergne airport,8.1,CFE,airport,0.488,0.0,,0.244,45.7736,3.067
Konya,Türkiye,TR,71,875530,,KYA,Konya Airport,13.8,KYA,pop100k+airport,0.486,0.0,,0.243,37.8713,32.4846
Santiago de Cuba,Cuba,CU,15,555865,,SCU,Antonio Maceo International Airport,5.2,SCU,pop100k+airport,0.485,0.0,,0.243,20.0208,-75.8267
Victoria de Durango,Mexico,MX,10,518709,,DGO,General Guadalupe Victoria International Airport,17.6,DGO,pop100k,0.486,0.0,,0.243,24.0203,-104.6576
Karagandy,Kazakhstan,KZ,12,451800,,KGF,Sary-Arka Airport,22.2,KGF,pop100k,0.485,0.0,,0.243,49.8019,73.1021
Jixi,China,CN,08,403759,,JXA,Jixi Xingkaihu Airport,18.5,JXA,pop100k+airport,0.486,0.0,,0.243,45.3011,130.9572
Vigo,Spain,ES,58,297332,,VGO,Vigo Airport,7.9,VGO,pop100k+airport,0.486,0.0,,0.243,42.2328,-8.7226
Wuhai,China,CN,20,218427,,WUA,Wuhai Airport,12.2,WUA,pop100k+airport,0.485,0.0,,0.243,39.6844,106.8158
Annaba,Algeria,DZ,37,206570,,AAE,Annaba Rabah Bitat Airport,9.1,AAE,pop100k+airport,0.485,0.0,,0.243,36.9,7.7667
Dodoma,Tanzania,TZ,03,180541,yes,DOD,Dodoma Airport,1.8,DOD,pop100k+capital+airport,0.486,0.0,,0.243,-6.1722,35.7395
Gāndhīdhām,India,IN,09,166388,,IXY,Kandla Airport,4.7,IXY,pop100k+airport,0.486,0.0,,0.243,23.0833,70.1333
Fendou,China,CN,08,164844,,JXA,Jixi Xingkaihu Airport,24.4,JXA,pop100k,0.486,0.0,,0.243,45.2124,130.9025
Tottori,Japan,JP,41,154098,,TTJ,Tottori Sand Dunes Conan Airport,7.0,TTJ,pop100k+airport,0.486,0.0,,0.243,35.5,134.2333
Kızıltepe,Türkiye,TR,72,150174,,MQM,Mardin Airport,6.2,MQM,pop100k+airport,0.486,0.0,,0.243,37.1884,40.5772
Lawton,United States,US,OK,96655,,LAW,Lawton Fort Sill Regional Airport,5.2,LAW,airport,0.486,0.0,,0.243,34.6087,-98.3903
Longview,United States,US,TX,82287,,GGG,East Texas Regional Airport,13.3,GGG,airport,0.486,0.0,,0.243,32.5007,-94.7405
Mardin,Türkiye,TR,72,71373,,MQM,Mardin Airport,14.1,MQM,airport,0.486,0.0,,0.243,37.3131,40.7436
Victoria,United States,US,TX,67574,,VCT,Victoria Regional Airport,9.8,VCT,airport,0.487,0.0,,0.243,28.8053,-97.0036
Jackson,United States,US,TN,66975,,MKL,McKellar-Sipes Regional Airport,9.3,MKL,airport,0.486,0.0,,0.243,35.6145,-88.814
Anjār,India,IN,09,66888,,IXY,Kandla Airport,7.5,IXY,airport,0.486,0.0,,0.243,23.1132,70.0267
Cayenne,French Guiana,GF,GF,61550,yes,CAY,Cayenne – Félix Eboué Airport,13.0,CAY,capital,0.487,0.0,,0.243,4.9333,-52.3333
Vaasa,Finland,FI,15,57014,,VAA,Vaasa Airport,9.0,VAA,airport,0.486,0.0,,0.243,63.096,21.6158
Tachilek,Myanmar,MM,11,51553,,THL,Tachileik Airport,7.0,THL,airport,0.486,0.0,,0.243,20.4475,99.8808
El Hadjar,Algeria,DZ,37,46656,,AAE,Annaba Rabah Bitat Airport,7.3,AAE,airport,0.485,0.0,,0.243,36.8038,7.7368
Tôlanaro,Madagascar,MG,53,45141,,FTU,Tôlanaro Airport,2.8,FTU,airport,0.486,0.0,,0.243,-25.0325,46.9833
Wanganui,New Zealand,NZ,F3,40268,,WAG,Wanganui Airport,4.0,WAG,airport,0.486,0.0,,0.243,-39.9333,175.05
Redondela,Spain,ES,58,30001,,VGO,Vigo Airport,5.9,VGO,airport,0.486,0.0,,0.243,42.2834,-8.6096
Mae Sai,Thailand,TH,03,27520,,THL,Tachileik Airport,8.3,THL,airport,0.486,0.0,,0.243,20.4335,99.8762
Bongao,Philippines,PH,14,26518,,TWT,Sanga Sanga Airport,3.9,TWT,airport,0.485,0.0,,0.243,5.0292,119.7731
Matoury,French Guiana,GF,GF,26350,,CAY,Cayenne – Félix Eboué Airport,5.3,CAY,airport,0.487,0.0,,0.243,4.8492,-52.3235
Kāndla,India,IN,09,25845,,IXY,Kandla Airport,14.8,IXY,airport,0.486,0.0,,0.243,23.0333,70.2167
Agra,India,IN,36,1430055,,AGR,Agra Airport / Agra Air Force Station,6.2,AGR,pop100k+airport,0.484,0.0,,0.242,27.1833,78.0167
Asmara,Eritrea,ER,05,563930,yes,ASM,Asmara International Airport,5.6,ASM,pop100k+capital+airport,0.485,0.0,,0.242,15.3381,38.9318
Kahramanmaraş,Türkiye,TR,46,376045,,KCM,Kahramanmaraş Airport,5.6,KCM,pop100k+airport,0.485,0.0,,0.242,37.5847,36.9264
Maroua,Cameroon,CM,12,319941,,MVR,Salak Airport,16.8,MVR,pop100k+airport,0.485,0.0,,0.242,10.5909,14.3159
Kyzylorda,Kazakhstan,KZ,14,300000,,KZO,Korkyt Ata International Airport,17.5,KZO,pop100k+airport,0.483,0.0,,0.242,44.8528,65.5092
Uberaba,Brazil,BR,15,260843,,UBA,Mário de Almeida Franco Airport,3.9,UBA,pop100k+airport,0.483,0.0,,0.242,-19.7483,-47.9319
Jessore,Bangladesh,BD,82,243987,,JSR,Jessore Airport,5.6,JSR,pop100k+airport,0.484,0.0,,0.242,23.1697,89.2137
Kostanay,Kazakhstan,KZ,13,210000,,KSN,Kostanay International Airport,5.0,KSN,pop100k+airport,0.483,0.0,,0.242,53.2144,63.6246
Saidpur,Bangladesh,BD,83,199422,,SPD,Saidpur Airport,2.7,SPD,pop100k+airport,0.484,0.0,,0.242,25.7777,88.8917
Santander,Spain,ES,39,182700,,SDR,Seve Ballesteros-Santander Airport,4.4,SDR,pop100k+airport,0.484,0.0,,0.242,43.4647,-3.8044
Beaumont,United States,US,TX,118129,,BPT,Jack Brooks Regional Airport,16.9,BPT,pop100k,0.484,0.0,,0.242,30.0861,-94.1018
Cruzeiro do Sul,Brazil,BR,01,79819,,CZS,Cruzeiro do Sul Airport,10.6,CZS,airport,0.485,0.0,,0.242,-7.6276,-72.6776
Tuy Hòa,Vietnam,VN,61,69596,,TBB,Dong Tac Airport,5.3,TBB,airport,0.484,0.0,,0.242,13.0955,109.3209
Trang,Thailand,TH,65,66713,,TST,Trang Airport,5.3,TST,airport,0.484,0.0,,0.242,7.5563,99.6114
Saipan,Northern Mariana Islands,MP,110,48220,yes,SPN,Saipan International Airport,10.7,SPN,capital,0.484,0.0,,0.242,15.2123,145.7545
Lucaya,Bahamas,BS,25,46525,,FPO,Grand Bahama International Airport,4.0,FPO,airport,0.483,0.0,,0.242,26.5333,-78.6667
Camargo,Spain,ES,39,31404,,SDR,Seve Ballesteros-Santander Airport,5.7,SDR,airport,0.484,0.0,,0.242,43.4074,-3.885
Aberdeen,United States,US,SD,28102,,ABR,Aberdeen Regional Airport,5.3,ABR,airport,0.483,0.0,,0.242,45.4647,-98.4865
Freeport,Bahamas,BS,25,26910,,FPO,Grand Bahama International Airport,2.8,FPO,airport,0.483,0.0,,0.242,26.5333,-78.7
Visby,Sweden,SE,05,23402,,VBY,Visby Airport,3.9,VBY,airport,0.483,0.0,,0.242,57.6409,18.296
Mudanjiang,China,CN,08,665915,,MDG,Mudanjiang Hailang International Airport,6.9,MDG,pop100k+airport,0.482,0.0,,0.241,44.5833,129.6
Bangui,Central African Republic,CF,18,542393,yes,BGF,Bangui M'Poko International Airport,5.8,BGF,pop100k+capital+airport,0.481,0.0,,0.241,4.3612,18.555
Bauru,Brazil,BR,27,335024,,JTC,Bauru/Arealva–Moussa Nakhal Tobias State Airport,17.1,JTC,pop100k+airport,0.481,0.0,,0.241,-22.3147,-49.0606
A Coruña,Spain,ES,58,246056,,LCG,A Coruña Airport,7.8,LCG,pop100k+airport,0.482,0.0,,0.241,43.3713,-8.396
Boa Vista,Brazil,BR,25,235150,,BVB,Atlas Brasil Cantanhede International Airport,3.5,BVB,pop100k+airport,0.482,0.0,,0.241,2.8197,-60.6733
Juazeiro do Norte,Brazil,BR,06,225230,,JDO,Orlando Bezerra de Menezes Airport,5.1,JDO,pop100k+airport,0.482,0.0,,0.241,-7.2131,-39.3153
San-Pédro,Côte d'Ivoire,CI,76,196751,,SPY,San Pedro Airport,2.7,SPY,pop100k+airport,0.483,0.0,,0.241,4.7485,-6.6363
Araçatuba,Brazil,BR,27,170024,,ARU,Araçatuba Airport,7.5,ARU,pop100k+airport,0.481,0.0,,0.241,-21.2089,-50.4328
Tabora,Tanzania,TZ,17,145292,,TBO,Tabora Airport,6.7,TBO,pop100k+airport,0.482,0.0,,0.241,-5.0162,32.8266
Bimbo,Central African Republic,CF,17,129655,,BGF,Bangui M'Poko International Airport,19.5,BGF,pop100k,0.481,0.0,,0.241,4.2567,18.4158
Ouargla,Algeria,DZ,50,129402,,OGX,Ain Beida Airport,9.0,OGX,pop100k+airport,0.482,0.0,,0.241,31.9493,5.325
Birigui,Brazil,BR,27,102277,,ARU,Araçatuba Airport,18.6,ARU,pop100k,0.481,0.0,,0.241,-21.2886,-50.34
Rouissat,Algeria,DZ,50,80784,,OGX,Ain Beida Airport,6.0,OGX,airport,0.482,0.0,,0.241,31.9243,5.3502
Tarbes,France,FR,76,52106,,LDE,Tarbes-Lourdes-Pyrénées Airport,9.5,LDE,airport,0.482,0.0,,0.241,43.2333,0.0833
Olympia,United States,US,WA,50302,,OLM,Olympia Regional Airport,7.6,OLM,airport,0.481,0.0,,0.241,47.0379,-122.9007
Lacey,United States,US,WA,46409,,OLM,Olympia Regional Airport,9.4,OLM,airport,0.481,0.0,,0.241,47.0343,-122.8232
El Centro,United States,US,CA,43956,,IPL,Imperial County Airport,4.9,IPL,airport,0.481,0.0,,0.241,32.792,-115.5631
Uray,Russia,RU,32,39878,,URJ,Uray Airport,3.7,URJ,airport,0.483,0.0,,0.241,60.1304,64.789
Nakhon Phanom,Thailand,TH,73,34595,,KOP,Nakhon Phanom Airport,14.7,KOP,airport,0.483,0.0,,0.241,17.4108,104.7786
Oleiros,Spain,ES,58,33443,,LCG,A Coruña Airport,6.0,LCG,airport,0.482,0.0,,0.241,43.3333,-8.3167
Culleredo,Spain,ES,58,28227,,LCG,A Coruña Airport,1.8,LCG,airport,0.482,0.0,,0.241,43.2879,-8.3886
Cambre,Spain,ES,58,23231,,LCG,A Coruña Airport,2.6,LCG,airport,0.482,0.0,,0.241,43.2944,-8.3474
Nuku‘alofa,Tonga,TO,02,22400,yes,TBU,Fua'amotu International Airport,12.6,TBU,capital,0.483,0.0,,0.241,-21.1394,-175.2018
Ibadan,Nigeria,NG,32,3565108,,IBA,Ibadan Airport,8.2,IBA,pop100k+airport,0.481,0.0,,0.24,7.3776,3.9059
Enugu,Nigeria,NG,47,688862,,ENU,Akanu Ibiam International Airport,7.7,ENU,pop100k+airport,0.481,0.0,,0.24,6.4413,7.4988
Dushanbe,Tajikistan,TJ,04,679400,yes,DYU,Dushanbe International Airport,3.9,DYU,pop100k+capital+airport,0.479,0.0,,0.24,38.5358,68.779
Kandahār,Afghanistan,AF,23,391190,,KDH,Ahmad Shah Baba International Airport,17.7,KDH,pop100k+airport,0.481,0.0,,0.24,31.6133,65.7101
Heze,China,CN,25,254602,,HZA,Heze Mudan Airport,24.1,HZA,pop100k,0.48,0.0,,0.24,35.2393,115.4736
Coatzacoalcos,Mexico,MX,30,235983,,MTT,Minatitlán/Coatzacoalcos International Airport,15.2,MTT,pop100k,0.48,0.0,,0.24,18.149,-94.4447
Kitchener,Canada,CA,08,233700,,YKF,Region of Waterloo International Airport,11.4,YKF,pop100k,0.48,0.0,,0.24,43.4254,-80.5112
Ikire,Nigeria,NG,42,222160,,IBA,Ibadan Airport,22.9,IBA,pop100k,0.481,0.0,,0.24,7.3698,4.1863
San Fernando del Valle de Catamarca,Argentina,AR,02,188812,,CTC,Coronel Felipe Varela International Airport,14.1,CTC,pop100k,0.479,0.0,,0.24,-28.4696,-65.7852
Korhogo,Côte d'Ivoire,CI,87,167359,,HGO,Korhogo Airport,11.2,HGO,pop100k+airport,0.481,0.0,,0.24,9.458,-5.6296
Fergana,Uzbekistan,UZ,03,164322,,FEG,Fergana International Airport,4.4,FEG,pop100k+airport,0.48,0.0,,0.24,40.3842,71.7843
La Rioja,Argentina,AR,12,162620,,IRJ,Capitan V A Almonacid Airport,6.2,IRJ,pop100k+airport,0.48,0.0,,0.24,-29.411,-66.8507
Barreiras,Brazil,BR,05,158292,,BRA,Dom Ricardo Weberberger Airport,8.5,BRA,pop100k+airport,0.481,0.0,,0.24,-12.1528,-44.99
Xinzhou,China,CN,24,154003,,WUT,Xinzhou Wutaishan Airport,29.3,WUT,pop100k+airport,0.48,0.0,,0.24,38.4092,112.7333
Marg‘ilon,Uzbekistan,UZ,03,133490,,FEG,Fergana International Airport,12.7,FEG,pop100k,0.48,0.0,,0.24,40.4724,71.7246
Florencia,Colombia,CO,08,130337,,FLA,Gustavo Artunduaga Paredes Airport,5.4,FLA,pop100k+airport,0.481,0.0,,0.24,1.6144,-75.6062
Cambridge,Canada,CA,08,120372,,YKF,Region of Waterloo International Airport,12.4,YKF,pop100k,0.48,0.0,,0.24,43.3601,-80.3127
Guelph,Canada,CA,08,115760,,YKF,Region of Waterloo International Airport,13.7,YKF,pop100k,0.48,0.0,,0.24,43.5459,-80.256
Minatitlán,Mexico,MX,30,112046,,MTT,Minatitlán/Coatzacoalcos International Airport,11.8,MTT,pop100k,0.48,0.0,,0.24,18.0001,-94.5569
Caen,France,FR,28,110624,,CFR,Caen Carpiquet airport,7.0,CFR,pop100k+airport,0.48,0.0,,0.24,49.1859,-0.3591
Río Grande,Argentina,AR,23,52681,,RGA,Gobernador Ramón Trejo Noel International Airport,2.8,RGA,airport,0.48,0.0,,0.24,-53.7877,-67.7095
Sumbawa Besar,Indonesia,ID,17,52654,,SWQ,Sultan Muhammad Kaharuddin III Airport,1.0,SWQ,airport,0.479,0.0,,0.24,-8.4932,117.4202
Wakkanai,Japan,JP,12,41556,,WKJ,Wakkanai Airport,9.9,WKJ,airport,0.48,0.0,,0.24,45.4094,141.6739
Makubetsu,Japan,JP,12,25935,,WKJ,Wakkanai Airport,4.0,WKJ,airport,0.48,0.0,,0.24,45.3714,141.8211
Nan,Thailand,TH,04,24670,,NNT,Nan Airport,2.7,NNT,airport,0.481,0.0,,0.24,18.7838,100.779
Boshkengash,Tajikistan,TJ,04,23696,,DYU,Dushanbe International Airport,8.8,DYU,airport,0.479,0.0,,0.24,38.4661,68.8053
Cosoleacaque,Mexico,MX,30,22454,,MTT,Minatitlán/Coatzacoalcos International Airport,13.0,MTT,airport,0.48,0.0,,0.24,17.9991,-94.6359
Kirguli,Uzbekistan,UZ,03,20459,,FEG,Fergana International Airport,8.7,FEG,airport,0.48,0.0,,0.24,40.4355,71.7672
Ipoh,Malaysia,MY,07,673318,,IPH,Sultan Azlan Shah Airport,2.1,IPH,pop100k+airport,0.478,0.0,,0.239,4.5841,101.0829
Murcia,Spain,ES,31,436870,,RMU,Region of Murcia International Airport,20.5,RMU,pop100k,0.477,0.0,,0.239,37.987,-1.13
Bissau,Guinea-Bissau,GW,11,388028,yes,OXB,Osvaldo Vieira International Airport,7.0,OXB,pop100k+capital+airport,0.478,0.0,,0.239,11.8636,-15.5977
Batman,Türkiye,TR,76,381990,,BAL,Batman Airport,4.8,BAL,pop100k+airport,0.479,0.0,,0.239,37.8874,41.1322
Paraná,Argentina,AR,08,262295,,PRA,General Urquiza Airport,8.3,PRA,pop100k+airport,0.479,0.0,,0.239,-31.7327,-60.529
Lobito,Angola,AO,01,207932,,CBT,Catumbela Airport,13.8,CBT,pop100k,0.478,0.0,,0.239,-12.3644,13.536
Benguela,Angola,AO,01,151226,,CBT,Catumbela Airport,14.0,CBT,pop100k,0.478,0.0,,0.239,-12.5763,13.4055
Matanzas,Cuba,CU,03,146733,,VRA,Juan Gualberto Gomez International Airport,14.6,VRA,pop100k+airport,0.479,0.0,,0.239,23.0411,-81.5775
Dakhla,Western Sahara,EH,CE,75000,,VIL,Dakhla Airport,4.6,VIL,airport,0.479,0.0,,0.239,23.6848,-15.958
São Tomé,Sao Tome and Principe,ST,02,53300,yes,TMS,São Tomé International Airport,4.9,TMS,capital+airport,0.477,0.0,,0.239,0.3365,6.7273
Alghero,Italy,IT,14,34261,,AHO,Alghero-Fertilia Airport,8.4,AHO,airport,0.479,0.0,,0.239,40.5597,8.3195
Limonar,Cuba,CU,03,25421,,VRA,Juan Gualberto Gomez International Airport,9.7,VRA,airport,0.479,0.0,,0.239,22.9504,-81.4106
Kingstown,Saint Vincent and the Grenadines,VC,04,24518,yes,SVD,Argyle International Airport,8.5,BQU+SVD,capital+airport,0.478,0.0,,0.239,13.1553,-61.2274
Basseterre,Saint Kitts and Nevis,KN,03,12920,yes,SKB,Robert L. Bradshaw International Airport,1.8,NEV+SKB,capital,0.478,0.0,,0.239,17.2955,-62.725
Anshan,China,CN,19,1199275,,AOG,Anshan Teng'ao Airport / Anshan Air Base,11.6,AOG,pop100k+airport,0.476,0.0,,0.238,41.1236,122.99
Ilorin,Nigeria,NG,30,814192,,ILR,General Tunde Idiagbon International Airport,8.2,ILR,pop100k+airport,0.475,0.0,,0.238,8.4966,4.5421
Dadukou,China,CN,32,461513,,PZI,Panzhihua Bao'anying Airport,9.3,PZI,pop100k+airport,0.476,0.0,,0.238,26.5479,101.7054
Gaya,India,IN,34,423692,,GAY,Gaya Airport,7.9,GAY,pop100k+airport,0.477,0.0,,0.238,24.7969,85.0038
Kursk,Russia,RU,41,409431,,URS,Kursk East Airport,7.6,URS,pop100k+airport,0.477,0.0,,0.238,51.7373,36.1874
Governador Valadares,Brazil,BR,15,250878,,GVR,Coronel Altino Machado Airport,6.1,GVR,pop100k+airport,0.476,0.0,,0.238,-18.8511,-41.9494
Marília,Brazil,BR,27,212218,,MII,Frank Miloye Milenkowichi–Marília State Airport,2.7,MII,pop100k+airport,0.477,0.0,,0.238,-22.2139,-49.9458
Tapachula,Mexico,MX,05,202672,,TAP,Tapachula International Airport,17.1,TAP,pop100k+airport,0.477,0.0,,0.238,14.9039,-92.2575
Bīrjand,Iran,IR,41,196982,,XBJ,Birjand International Airport,6.5,XBJ,pop100k+airport,0.475,0.0,,0.238,32.8663,59.2211
Yulin,China,CN,16,148485,,YLX,Yulin Fumian Airport,22.5,YLX,pop100k+airport,0.476,0.0,,0.238,22.6333,110.15
Paderborn,Germany,DE,07,142161,,PAD,Paderborn Lippstadt Airport,15.1,PAD,pop100k,0.477,0.0,,0.238,51.7191,8.7544
Jiupu,China,CN,19,123843,,AOG,Anshan Teng'ao Airport / Anshan Air Base,9.1,AOG,pop100k+airport,0.476,0.0,,0.238,41.0667,122.95
Algeciras,Spain,ES,51,116209,,GIB,Gibraltar Airport,9.3,GIB,pop100k+airport,0.476,0.0,,0.238,36.1333,-5.4505
Mary,Turkmenistan,TM,05,114680,,MYP,Mary International Airport,6.6,MYP,pop100k+airport,0.475,0.0,,0.238,37.5938,61.8303
San Angelo,United States,US,TX,100450,,SJT,San Angelo Regional Mathis Field,13.1,SJT,pop100k+airport,0.476,0.0,,0.238,31.4638,-100.437
Ağrı,Türkiye,TR,04,92022,,AJI,Ağrı Airport,7.4,AJI,airport,0.475,0.0,,0.238,39.7194,43.0514
La Línea de la Concepción,Spain,ES,51,64595,,GIB,Gibraltar Airport,1.8,GIB,airport,0.476,0.0,,0.238,36.1681,-5.3478
Manzhouli,China,CN,20,54808,,NZH,Manzhouli Xijiao Airport,8.3,NZH,airport,0.475,0.0,,0.238,49.6,117.4333
Şırnak,Türkiye,TR,80,52743,,NKT,Şırnak Şerafettin Elçi Airport,38.7,NKT,airport,0.476,0.0,,0.238,37.5139,42.4543
Usinsk,Russia,RU,34,44078,,USK,Usinsk Airport,7.4,USK,airport,0.477,0.0,,0.238,65.9939,57.5281
Apia,Samoa,WS,10,40407,yes,APW,Faleolo International Airport,26.1,APW,capital+airport,0.475,0.0,,0.238,-13.8333,-171.7667
Meridian,United States,US,MS,39661,,MEI,Key Field / Meridian Regional Airport,5.7,MEI,airport,0.476,0.0,,0.238,32.3643,-88.7037
Clovis,United States,US,NM,39480,,CVN,Clovis Municipal Airport,11.8,CVN,airport,0.476,0.0,,0.238,34.4048,-103.2052
Buddh Gaya,India,IN,34,35188,,GAY,Gaya Airport,6.3,GAY,airport,0.477,0.0,,0.238,24.6981,84.9869
San Roque,Spain,ES,51,29249,,GIB,Gibraltar Airport,7.2,GIB,airport,0.476,0.0,,0.238,36.2107,-5.3841
Esquel,Argentina,AR,04,28486,,EQS,Esquel Brigadier Antonio Parodi International Airport,14.7,EQS,airport,0.475,0.0,,0.238,-42.9115,-71.3195
Al Wajh,Saudi Arabia,SA,19,26636,,EJH,Al Wajh Domestic Airport,5.7,EJH,airport,0.475,0.0,,0.238,26.2455,36.4525
Gibraltar,Gibraltar,GI,00,26544,yes,GIB,Gibraltar Airport,0.8,GIB,capital+airport,0.476,0.0,,0.238,36.1447,-5.3526
Falconara Marittima,Italy,IT,10,25948,,AOI,Marche Airport,3.2,AOI,airport,0.476,0.0,,0.238,43.6256,13.3995
Salzkotten,Germany,DE,07,24561,,PAD,Paderborn Lippstadt Airport,6.7,PAD,airport,0.477,0.0,,0.238,51.6717,8.6009
Büren,Germany,DE,07,22263,,PAD,Paderborn Lippstadt Airport,7.9,PAD,airport,0.477,0.0,,0.238,51.5511,8.5596
Geseke,Germany,DE,07,20602,,PAD,Paderborn Lippstadt Airport,8.0,PAD,airport,0.477,0.0,,0.238,51.6409,8.5109
Flying Fish Cove,Christmas Island,CX,00,500,yes,XCH,Christmas Island International Airport,3.4,XCH,capital,0.476,0.0,,0.238,-10.4217,105.6791
Ngerulmud,Palau,PW,07,0,yes,ROR,Roman Tmetuchl International Airport,17.3,ROR,capital,0.476,0.0,,0.238,7.5008,134.6238
Jiamusi,China,CN,08,549549,,JMU,Jiamusi Songjiang International Airport,12.3,JMU,pop100k+airport,0.473,0.0,,0.237,46.7993,130.3163
Warri,Nigeria,NG,36,536023,,QRW,Warri Airport,11.8,QRW,pop100k,0.475,0.0,,0.237,5.5174,5.7501
Sincelejo,Colombia,CO,27,261187,,CZU,Las Brujas Airport,12.7,CZU,pop100k,0.475,0.0,,0.237,9.3047,-75.3978
Laayoune,Western Sahara,EH,,196331,,EUN,Laayoune Hassan I International Airport,3.7,EUN,pop100k+airport,0.475,0.0,,0.237,27.1418,-13.188
Dili,Timor-Leste,TL,DI,150000,yes,DIL,Presidente Nicolau Lobato International Airport,5.6,DIL,pop100k+capital+airport,0.474,0.0,,0.237,-8.5586,125.5736
Cuddapah,India,IN,02,127010,,CDP,Kadapa Airport,6.9,CDP,pop100k+airport,0.474,0.0,,0.237,14.48,78.8235
Albany,United States,US,GA,74843,,ABY,Southwest Georgia Regional Airport,6.4,ABY,airport,0.474,0.0,,0.237,31.5785,-84.1557
Chinnachowk,India,IN,02,64053,,CDP,Kadapa Airport,8.3,CDP,airport,0.474,0.0,,0.237,14.4752,78.8354
Vilhena,Brazil,BR,24,63231,,BVH,Brigadeiro Camarão Airport,7.3,BVH,airport,0.474,0.0,,0.237,-12.7406,-60.1458
Grande Prairie,Canada,CA,01,41462,,YQU,Grande Prairie Airport,5.4,YQU,airport,0.473,0.0,,0.237,55.1667,-118.8027
Corozal,Colombia,CO,27,39800,,CZU,Las Brujas Airport,1.8,CZU,airport,0.475,0.0,,0.237,9.3185,-75.2933
Dover,United States,US,DE,37522,,DOV,Dover Civil Air Terminal/Dover Air Force Base,6.0,DOV,airport,0.475,0.0,,0.237,39.1582,-75.5244
West Island,Cocos (Keeling) Islands,CC,,120,yes,CCK,Cocos (Keeling) Islands Airport,4.1,CCK,capital,0.473,0.0,,0.237,-12.1568,96.8225
Jalandhar,India,IN,23,785178,,AIP,Adampur Airport,20.9,AIP,pop100k,0.472,0.0,,0.236,31.3256,75.5792
Shashi,China,CN,12,498780,,SHS,Jingzhou Shashi Airport,19.6,SHS,pop100k,0.473,0.0,,0.236,30.3072,112.2447
Gulbarga,India,IN,19,483615,,GBI,Kalaburagi Airport,13.9,GBI,pop100k,0.472,0.0,,0.236,17.3358,76.8376
Thoothukudi,India,IN,25,410760,,TCR,Tuticorin Airport,12.8,TCR,pop100k,0.472,0.0,,0.236,8.7674,78.1342
Macapá,Brazil,BR,03,338936,,MCP,Macapá - Alberto Alcolumbre International Airport,1.5,MCP,pop100k+airport,0.471,0.0,,0.236,0.0389,-51.0664
Mbeya,Tanzania,TZ,09,291649,,MBI,Songwe Airport,19.5,MBI,pop100k+airport,0.472,0.0,,0.236,-8.9,33.45
Wuzhou,China,CN,16,265846,,WUZ,Wuzhou Xijiang Airport,24.5,WUZ,pop100k,0.473,0.0,,0.236,23.4833,111.3167
Juliaca,Peru,PE,21,245675,,JUL,Inca Manco Capac International Airport,4.4,JUL,pop100k+airport,0.473,0.0,,0.236,-15.5,-70.1333
Košice,Slovakia,SK,03,236563,,KSC,Košice International Airport,5.8,KSC,pop100k+airport,0.472,0.0,,0.236,48.7139,21.2581
Sohag,Egypt,EG,24,209419,,HMB,Suhaj International Airport,24.3,HMB,pop100k,0.472,0.0,,0.236,26.557,31.6948
Pagadian,Philippines,PH,09,186852,,PAG,Pagadian Airport,2.5,PAG,pop100k+airport,0.473,0.0,,0.236,7.8257,123.437
Donostia / San Sebastián,Spain,ES,59,185357,,EAS,San Sebastián Airport,15.7,EAS,pop100k,0.473,0.0,,0.236,43.3128,-1.975
Hoshiārpur,India,IN,23,158142,,AIP,Adampur Airport,18.6,AIP,pop100k,0.472,0.0,,0.236,31.5372,75.9127
Chizhou,China,CN,01,148375,,JUH,Chizhou Jiuhuashan Airport,21.7,JUH,pop100k+airport,0.471,0.0,,0.236,30.6613,117.4778
Nîmes,France,FR,76,148236,,FNI,Nîmes-Arles-Camargue Airport,9.6,FNI,pop100k+airport,0.472,0.0,,0.236,43.8338,4.3596
Muricay,Philippines,PH,09,132094,,PAG,Pagadian Airport,2.1,PAG,pop100k+airport,0.473,0.0,,0.236,7.8275,123.4782
Jirjā,Egypt,EG,24,128250,,HMB,Suhaj International Airport,14.8,HMB,pop100k,0.472,0.0,,0.236,26.3383,31.8916
Maxixe,Mozambique,MZ,03,119868,,INH,Inhambane Airport,6.5,INH,pop100k+airport,0.473,0.0,,0.236,-23.8597,35.3472
Santa Rosa,Argentina,AR,11,111424,,RSA,Santa Rosa Airport,3.2,RSA,pop100k+airport,0.472,0.0,,0.236,-36.6167,-64.2833
Buhe,China,CN,12,106347,,SHS,Jingzhou Shashi Airport,21.0,SHS,pop100k,0.473,0.0,,0.236,30.2876,112.2298
Phitsanulok,Thailand,TH,12,103427,,PHS,Phitsanulok Airport,5.1,PHS,pop100k+airport,0.471,0.0,,0.236,16.8248,100.2586
Las Cruces,United States,US,NM,101643,,LRU,Las Cruces International Airport,13.7,LRU,pop100k+airport,0.471,0.0,,0.236,32.3123,-106.7783
Phagwāra,India,IN,23,100146,,AIP,Adampur Airport,23.3,AIP,pop100k,0.472,0.0,,0.236,31.2245,75.7739
Concord,United States,US,NC,87696,,USA,Concord-Padgett Regional Airport,11.8,USA,airport,0.473,0.0,,0.236,35.4089,-80.5816
Tulcán,Ecuador,EC,05,86498,,IPI,San Luis Airport,7.5,IPI+TUA,airport,0.471,0.0,,0.236,0.8119,-77.7173
Ipiales,Colombia,CO,20,77729,,IPI,San Luis Airport,5.4,IPI+TUA,airport,0.471,0.0,,0.236,0.825,-77.6397
Inhambane,Mozambique,MZ,03,73884,,INH,Inhambane Airport,2.9,INH,airport,0.473,0.0,,0.236,-23.865,35.3833
Irun,Spain,ES,59,60951,,EAS,San Sebastián Airport,1.9,EAS,airport,0.473,0.0,,0.236,43.339,-1.7894
Stillwater,United States,US,OK,48967,,SWO,Stillwater Regional Airport,5.7,SWO,airport,0.472,0.0,,0.236,36.1156,-97.0584
Carlsbad,United States,US,NM,28957,,CNM,Cavern City Air Terminal,9.8,CNM,airport,0.471,0.0,,0.236,32.4207,-104.2288
Lensk,Russia,RU,63,23694,,ULK,Lensk Airport,5.6,ULK,airport,0.471,0.0,,0.236,60.7253,114.9278
Wuyishan,China,CN,07,23041,,WUS,Nanping Wuyishan Airport,7.1,WUS,airport,0.471,0.0,,0.236,27.7599,118.0307
Hays,United States,US,KS,21092,,HYS,Hays Regional Airport,6.0,HYS,airport,0.472,0.0,,0.236,38.8792,-99.3268
Nueva Gerona,Cuba,CU,04,20264,,GER,Rafael Cabrera Airport,6.2,GER,airport,0.472,0.0,,0.236,21.8867,-82.8056
Santo Domingo Oeste,Dominican Republic,DO,37,701269,,JBQ,La Isabela International Airport,8.2,JBQ,pop100k+airport,0.469,0.0,,0.235,18.5,-70
Bulawayo,Zimbabwe,ZW,09,699385,,BUQ,Joshua Mqabuko Nkomo International Airport,15.4,BUQ,pop100k+airport,0.471,0.0,,0.235,-20.15,28.5833
Kirov,Russia,RU,33,457383,,KVX,Pobedilovo Airport,20.8,KVX,pop100k+airport,0.471,0.0,,0.235,58.5966,49.6601
Barcelona,Venezuela,VE,02,424795,,BLA,General José Antonio Anzoategui International Airport,2.9,BLA,pop100k+airport,0.469,0.0,,0.235,10.1363,-64.6862
Kaunas,Lithuania,LT,57,374643,,KUN,Kaunas International Airport,13.2,KUN,pop100k+airport,0.47,0.0,,0.235,54.9027,23.9096
Puerto La Cruz,Venezuela,VE,02,370000,,BLA,General José Antonio Anzoategui International Airport,13.1,BLA,pop100k,0.469,0.0,,0.235,10.2138,-64.6328
Lublin,Poland,PL,75,360044,,LUZ,Lublin Airport,10.3,LUZ,pop100k+airport,0.47,0.0,,0.235,51.25,22.5667
Hualien City,Taiwan,TW,04,350468,,HUN,Hualien Chiashan Airport,5.3,HUN,pop100k+airport,0.47,0.0,,0.235,23.9769,121.6044
Khorramabad,Iran,IR,23,329825,,KHD,Khoram Abad Airport,8.9,KHD,pop100k+airport,0.469,0.0,,0.235,33.4878,48.3558
San Salvador de Jujuy,Argentina,AR,10,305891,,JUJ,Gobernador Horacio Guzman International Airport,29.9,JUJ,pop100k+airport,0.469,0.0,,0.235,-24.1946,-65.2971
Türkmenabat,Turkmenistan,TM,04,234817,,CRZ,Türkmenabat International Airport,15.9,CRZ,pop100k+airport,0.47,0.0,,0.235,39.0733,63.5786
San Cristóbal,Dominican Republic,DO,33,154040,,JBQ,La Isabela International Airport,21.1,JBQ,pop100k,0.469,0.0,,0.235,18.4167,-70.1
Saguenay,Canada,CA,10,143692,,YBG,Saguenay-Bagotville Airport,11.1,YBG,pop100k+airport,0.47,0.0,,0.235,48.4168,-71.0657
Huaihua,China,CN,11,127322,,HJJ,Huaihua Zhijiang Airport,32.4,HJJ,pop100k+airport,0.47,0.0,,0.235,27.5634,110.004
Ji Paraná,Brazil,BR,24,107697,,JPR,Ji-Paraná Airport,11.6,JPR,pop100k+airport,0.47,0.0,,0.235,-10.8853,-61.9517
Mtwara,Tanzania,TZ,11,96602,,MYW,Mtwara Airport,7.7,MYW,airport,0.471,0.0,,0.235,-10.2667,40.1833
Dipolog,Philippines,PH,09,93549,,DPL,Dipolog Airport,4.0,DPL,airport,0.47,0.0,,0.235,8.567,123.3347
Umeå,Sweden,SE,23,83249,,UME,Umeå Airport,4.2,UME,airport,0.469,0.0,,0.235,63.8284,20.2597
Jagdalpur,India,IN,37,76465,,JGB,Jagdalpur Airport,1.8,JGB,airport,0.469,0.0,,0.235,19.0814,82.0213
Riberalta,Bolivia,BO,03,74014,,RIB,Capitán Av. Selin Zeitun Lopez Airport,1.4,RIB,airport,0.469,0.0,,0.235,-11.0065,-66.0631
Cabinda,Angola,AO,03,66020,,CAB,Cabinda Airport,5.5,CAB,airport,0.47,0.0,,0.235,-5.55,12.2
Changli,China,CN,10,64476,,BPE,Qinhuangdao Beidaihe Airport,8.7,BPE,airport,0.471,0.0,,0.235,39.7042,119.1506
Kogalym,Russia,RU,32,57800,,KGP,Kogalym International Airport,8.8,KGP,airport,0.469,0.0,,0.235,62.2654,74.4791
Ouarzazat,Morocco,MA,08,57245,,OZZ,Ouarzazate International Airport,2.7,OZZ,airport,0.47,0.0,,0.235,30.9189,-6.8934
Vittoria,Italy,IT,15,50852,,CIY,Comiso Airport,8.7,CIY,airport,0.469,0.0,,0.235,36.9515,14.5279
Świdnik,Poland,PL,75,40050,,LUZ,Lublin Airport,2.6,LUZ,airport,0.47,0.0,,0.235,51.219,22.6962
Comiso,Italy,IT,15,26298,,CIY,Comiso Airport,5.2,CIY,airport,0.469,0.0,,0.235,36.9489,14.6073
Muang Xay,Laos,LA,07,25000,,ODY,Oudomsay Airport,1.5,ODY,airport,0.47,0.0,,0.235,20.6923,101.9837
North Platte,United States,US,NE,24194,,LBF,North Platte Regional Airport Lee Bird Field,6.8,LBF,airport,0.469,0.0,,0.235,41.1239,-100.7654
Dickinson,United States,US,ND,23765,,DIK,Dickinson Theodore Roosevelt Regional Airport,9.1,DIK,airport,0.469,0.0,,0.235,46.8792,-102.7896
Chaoyang,China,CN,19,410005,,CHG,Chaoyang Airport,4.1,CHG,pop100k+airport,0.467,0.0,,0.234,41.5703,120.4586
Paramaribo,Suriname,SR,16,223757,yes,PBM,Johan Adolf Pengel International Airport,46.0,EAX+ORG+PBM,pop100k+capital+airport,0.468,0.0,,0.234,5.8664,-55.1668
Ankang,China,CN,26,132654,,AKA,Ankang Fuqiang Airport,15.9,AKA,pop100k,0.467,0.0,,0.234,32.68,109.0172
Lichinga,Mozambique,MZ,07,109839,,VXC,Lichinga Airport,5.1,VXC,pop100k+airport,0.468,0.0,,0.234,-13.3128,35.2406
Laoag,Philippines,PH,01,102105,,LAO,Laoag International Airport,7.3,LAO,pop100k+airport,0.468,0.0,,0.234,18.1978,120.5957
Kars,Türkiye,TR,84,77486,,KSY,Kars Airport,4.7,KSY,airport,0.469,0.0,,0.234,40.5983,43.0855
Jonesboro,United States,US,AR,73907,,JBR,Jonesboro Municipal Airport,5.3,JBR,airport,0.468,0.0,,0.234,35.8423,-90.7043
Gaalkacyo,Somalia,SO,10,61200,,GLK,Galcaio Airport,2.9,GLK,airport,0.467,0.0,,0.234,6.7697,47.4308
Nyagan,Russia,RU,32,52137,,NYA,Nyagan Airport,12.0,NYA,airport,0.468,0.0,,0.234,62.1406,65.3936
Dien Bien Phu,Vietnam,VN,92,40282,,DIN,Dien Bien Phu Airport,2.0,DIN,airport,0.468,0.0,,0.234,21.386,103.023
Ruteng,Indonesia,ID,18,34569,,RTG,Frans Sales Lega Airport,2.3,RTG,airport,0.468,0.0,,0.234,-8.6114,120.4644
San Nicolas,Philippines,PH,01,34237,,LAO,Laoag International Airport,6.8,LAO,airport,0.468,0.0,,0.234,18.1725,120.5953
Rouyn-Noranda,Canada,CA,10,23504,,YUY,Rouyn Noranda Airport,14.3,YUY,airport,0.467,0.0,,0.234,48.2366,-79.0231
Port Sudan,Sudan,SD,36,489725,,PZU,Port Sudan New International Airport,20.4,PZU,pop100k+airport,0.466,0.0,,0.233,19.6175,37.2164
Orsk,Russia,RU,55,246836,,OSW,Orsk Airport,14.9,OSW,pop100k+airport,0.466,0.0,,0.233,51.2049,58.5669
Caruaru,Brazil,BR,30,235371,,CAU,Caruaru Airport,4.1,CAU,pop100k+airport,0.466,0.0,,0.233,-8.2833,-35.9761
Tanjung Pinang,Indonesia,ID,40,192493,,TNJ,Raja Haji Fisabilillah International Airport,8.4,TNJ,pop100k+airport,0.465,0.0,,0.233,0.9167,104.4583
Toulon,France,FR,93,168701,,TLN,Toulon-Hyères Airport,17.9,TLN,pop100k,0.467,0.0,,0.233,43.1244,5.9284
Daşoguz,Turkmenistan,TM,03,166500,,TAZ,Dashoguz International Airport,13.8,TAZ,pop100k+airport,0.465,0.0,,0.233,41.8362,59.9666
Hanzhong,China,CN,26,145986,,HZG,Hanzhong Chenggu Airport,18.1,HZG,pop100k,0.467,0.0,,0.233,33.0751,107.0221
Novotroitsk,Russia,RU,55,106186,,OSW,Orsk Airport,23.7,OSW,pop100k,0.466,0.0,,0.233,51.203,58.3267
Altamira,Brazil,BR,16,70888,,ATM,Altamira Interstate Airport,7.7,ATM,airport,0.466,0.0,,0.233,-3.2033,-52.2064
Jorhāt,India,IN,03,69033,,JRH,Jorhat Airport,4.1,JRH,airport,0.466,0.0,,0.233,26.7575,94.2031
Serra Talhada,Brazil,BR,30,51203,,SET,Santa Magalhães Airport,8.4,SET,airport,0.466,0.0,,0.233,-7.9919,-38.2983
Hyères,France,FR,93,50487,,TLN,Toulon-Hyères Airport,2.9,TLN,airport,0.467,0.0,,0.233,43.1204,6.1286
Castres,France,FR,76,47275,,DCM,Castres Mazamet Airport,6.8,DCM,airport,0.467,0.0,,0.233,43.6059,2.2399
Toyooka,Japan,JP,13,46500,,TJH,Konotori Tajima Airport,4.3,TJH,airport,0.466,0.0,,0.233,35.5401,134.8204
Breves,Brazil,BR,16,46473,,BVS,Breves Airport,6.5,BVS,airport,0.465,0.0,,0.233,-1.6822,-50.4803
Zouerate,Mauritania,MR,11,38000,,OUZ,Tazadit Airport,2.7,OUZ,airport,0.467,0.0,,0.233,22.7354,-12.4713
Aurillac,France,FR,84,34724,,AUR,Aurillac airport,4.0,AUR,airport,0.467,0.0,,0.233,44.9254,2.4398
North Cowichan,Canada,CA,02,32272,,YAQ,Maple Bay Seaplane Base,6.3,YAQ+YBQ+YGG+YMF,airport,0.466,0.0,,0.233,48.8413,-123.686
Duncan,Canada,CA,02,22199,,YAQ,Maple Bay Seaplane Base,7.9,YAQ+YBQ+YGG,airport,0.466,0.0,,0.233,48.7829,-123.7027
Newquay,United Kingdom,GB,ENG,20189,,NQY,Cornwall Airport Newquay,6.2,NQY,airport,0.466,0.0,,0.233,50.4156,-5.0732
Bouaké,Côte d'Ivoire,CI,90,567481,,BYK,Bouaké Airport,6.9,BYK,pop100k+airport,0.465,0.0,,0.232,7.6939,-5.0303
Calabar,Nigeria,NG,22,461796,,CBQ,Margaret Ekpo International Airport,2.9,CBQ,pop100k+airport,0.463,0.0,,0.232,4.9589,8.327
Kurnool,India,IN,02,460184,,KJB,Kurnool Airport,19.0,KJB,pop100k,0.465,0.0,,0.232,15.8289,78.036
Chengde,China,CN,10,449325,,CDE,Chengde Puning Airport,21.3,CDE,pop100k+airport,0.465,0.0,,0.232,40.9519,117.9588
Caxias do Sul,Brazil,BR,23,381270,,CXJ,Hugo Cantergiani Regional Airport,3.3,CXJ,pop100k+airport,0.464,0.0,,0.232,-29.1681,-51.1794
Pavlodar,Kazakhstan,KZ,11,329002,,PWQ,Pavlodar International Airport,12.2,PWQ,pop100k+airport,0.463,0.0,,0.232,52.2833,76.9667
Craiova,Romania,RO,17,304142,,CRA,Craiova International Airport,7.1,CRA,pop100k+airport,0.463,0.0,,0.232,44.3167,23.8
Nal’chik,Russia,RU,22,272800,,NAL,Nalchik Airport,2.2,NAL,pop100k+airport,0.463,0.0,,0.232,43.4981,43.6189
Uruapan,Mexico,MX,16,264439,,UPN,Uruapan - Licenciado y General Ignacio Lopez Rayon International Airport,2.4,UPN,pop100k+airport,0.464,0.0,,0.232,19.4112,-102.0564
Ziguinchor,Senegal,SN,12,159778,,ZIG,Ziguinchor Airport,1.8,ZIG,pop100k+airport,0.464,0.0,,0.232,12.568,-16.2733
Ponce,Puerto Rico,PR,113,152634,,PSE,Mercedita International Airport,6.5,PSE,pop100k+airport,0.463,0.0,,0.232,18.0103,-66.624
Erzincan,Türkiye,TR,24,114027,,ERC,Erzincan Airport,4.5,ERC,pop100k+airport,0.463,0.0,,0.232,39.7392,39.4901
Elista,Russia,RU,24,106971,,ESL,Elista Airport,9.3,ESL,pop100k+airport,0.464,0.0,,0.232,46.3078,44.2558
Ukhta,Russia,RU,34,102187,,UCT,Ukhta Airport,6.0,UCT,pop100k+airport,0.464,0.0,,0.232,63.5671,53.6835
Francistown,Botswana,BW,13,89979,,FRW,Phillip Gaonwe Matante International Airport,4.2,FRW,airport,0.464,0.0,,0.232,-21.17,27.5078
Bingöl,Türkiye,TR,12,80568,,BGG,Bingöl Airport,9.1,BGG,airport,0.465,0.0,,0.232,38.8847,40.4939
Iğdır,Türkiye,TR,88,75721,,IGD,Iğdır Airport,15.5,IGD,airport,0.464,0.0,,0.232,39.9237,44.045
Arba Minch,Ethiopia,ET,54,69622,,AMH,Arba Minch Airport,4.5,AMH,airport,0.464,0.0,,0.232,6.0333,37.55
Grand Forks,United States,US,ND,57011,,GFK,Grand Forks International Airport,11.0,GFK,airport,0.465,0.0,,0.232,47.9253,-97.0328
Cacoal,Brazil,BR,24,55560,,OAL,Cacoal Airport,6.4,OAL,airport,0.465,0.0,,0.232,-11.4386,-61.4472
Ohrid,North Macedonia,MK,E2,54908,,OHD,Ohrid St. Paul the Apostle Airport,8.6,OHD,airport,0.464,0.0,,0.232,41.1172,20.8019
Struga,North Macedonia,MK,E6,37387,,OHD,Ohrid St. Paul the Apostle Airport,5.4,OHD,airport,0.464,0.0,,0.232,41.178,20.6778
Sosnogorsk,Russia,RU,34,29343,,UCT,Ukhta Airport,5.5,UCT,airport,0.464,0.0,,0.232,63.6023,53.8817
Brandon,Canada,CA,03,26234,,YBR,Brandon Municipal Airport,7.0,YBR,airport,0.464,0.0,,0.232,49.8469,-99.9531
Gallup,United States,US,NM,23240,,GUP,Gallup Municipal Airport,4.5,GUP,airport,0.464,0.0,,0.232,35.5281,-108.7426
Dnipro,Ukraine,UA,04,1032822,,DNK,Dnipro International Airport,12.2,DNK,pop100k+airport,0.461,0.0,,0.231,48.4593,35.0386
Asyūţ,Egypt,EG,17,420585,,ATZ,Asyut International Airport,22.6,ATZ,pop100k+airport,0.463,0.0,,0.231,27.181,31.1837
Taraz,Kazakhstan,KZ,17,358153,,DMB,Taraz International Airport,7.3,DMB,pop100k+airport,0.461,0.0,,0.231,42.9,71.3667
Kurgan,Russia,RU,40,343129,,KRO,Kurgan Airport,5.9,KRO,pop100k+airport,0.462,0.0,,0.231,55.45,65.3333
Kherson,Ukraine,UA,08,320477,,KHE,Kherson International Airport,8.8,KHE,pop100k+airport,0.461,0.0,,0.231,46.6558,32.6178
Cotabato,Philippines,PH,14,179433,,CBO,Cotabato (Awang) Airport,7.7,CBO,pop100k+airport,0.461,0.0,,0.231,7.2236,124.2464
Palopo,Indonesia,ID,38,129273,,LLO,Bua - Palopo Lagaligo Airport,11.3,LLO,pop100k+airport,0.463,0.0,,0.231,-2.9925,120.1969
Hakkâri,Türkiye,TR,70,77699,,YKO,Hakkari Yüksekova Airport,43.9,YKO,airport,0.462,0.0,,0.231,37.5744,43.7408
Yüksekova,Türkiye,TR,70,71729,,YKO,Hakkari Yüksekova Airport,5.1,YKO,airport,0.462,0.0,,0.231,37.5736,44.2872
Valdosta,United States,US,GA,55724,,VLD,Valdosta Regional Airport,5.7,VLD,airport,0.461,0.0,,0.231,30.8333,-83.2803
Alexandroupoli,Greece,GR,ESYE11,52979,,AXD,Alexandroupoli Democritus Airport,6.7,AXD,airport,0.462,0.0,,0.231,40.8499,25.8764
Viedma,Argentina,AR,16,48940,,VDM,Gobernador Castello Airport,6.2,VDM,airport,0.462,0.0,,0.231,-40.8135,-62.9967
Kozáni,Greece,GR,ESYE13,36481,,KZI,Kozani National Airport Filippos,4.7,KZI,airport,0.462,0.0,,0.231,40.3007,21.789
Brades,Montserrat,MS,03,1000,yes,MNI,John A. Osborne Airport,1.8,MNI,capital,0.461,0.0,,0.231,16.7918,-62.2106
Plymouth,Montserrat,MS,01,0,yes,MNI,John A. Osborne Airport,9.8,MNI,capital,0.461,0.0,,0.231,16.7055,-62.2129
Niš,Serbia,RS,SE,250000,,INI,Niš Constantine the Great Airport,4.0,INI,pop100k+airport,0.46,0.0,,0.23,43.3247,21.9033
Oradea,Romania,RO,05,206614,,OMR,Oradea International Airport,2.6,OMR,pop100k+airport,0.46,0.0,,0.23,47.0458,21.9183
Ciudad del Carmen,Mexico,MX,04,169466,,CME,Ciudad del Carmen International Airport,3.3,CME,pop100k+airport,0.46,0.0,,0.23,18.6459,-91.8299
Sabhā,Libya,LY,75,130000,,SEB,Sabha Airport,6.3,SEB,pop100k+airport,0.46,0.0,,0.23,27.0377,14.4283
Al Jadīd,Libya,LY,75,126386,,SEB,Sabha Airport,9.2,SEB,pop100k+airport,0.46,0.0,,0.23,27.05,14.4
Turbat,Pakistan,PK,02,75694,,TUK,Turbat International Airport,2.7,TUK,airport,0.461,0.0,,0.23,26.0012,63.0485
Cheyenne,United States,US,WY,63335,,CYS,Cheyenne Regional Jerry Olson Field,1.9,CYS,airport,0.46,0.0,,0.23,41.14,-104.8203
Kalamata,Greece,GR,ESYE25,54100,,KLX,Kalamata Airport,8.4,KLX,airport,0.46,0.0,,0.23,37.0391,22.1126
Kavála,Greece,GR,ESYE11,54027,,KVA,Kavala Alexander the Great International Airport,18.1,KVA,airport,0.459,0.0,,0.23,40.9396,24.4069
Kralendijk,"Bonaire, Sint Eustatius and Saba",BQ,BO,3081,yes,BON,Flamingo International Airport,2.1,BON,capital,0.459,0.0,,0.23,12.15,-68.2667
Juiz de Fora,Brazil,BR,15,470193,,JDF,Francisco de Assis Airport,4.8,IZA+JDF,pop100k+airport,0.458,0.0,,0.229,-21.7642,-43.3503
Kananga,DR Congo,CD,23,463546,,KGA,Kananga Airport,5.8,KGA,pop100k+airport,0.458,0.0,,0.229,-5.8962,22.4166
Ivanovo,Russia,RU,21,420839,,IWA,Ivanovo South Airport,6.7,IWA,pop100k+airport,0.458,0.0,,0.229,56.9972,40.9714
Tepic,Mexico,MX,18,332863,,TPQ,Amado Nervo National Airport,11.4,TPQ,pop100k+airport,0.459,0.0,,0.229,21.5095,-104.8957
Wollongong,Australia,AU,02,292190,,WOL,Shellharbour Airport,18.0,WOL,pop100k,0.457,0.0,,0.229,-34.424,150.8935
Bilāspur,India,IN,37,282705,,PAB,Bilaspur Airport,11.2,PAB,pop100k+airport,0.458,0.0,,0.229,22.08,82.1554
Tarragona,Spain,ES,56,140323,,REU,Reus Airport,7.6,REU,pop100k+airport,0.457,0.0,,0.229,41.1167,1.25
Reus,Spain,ES,56,107118,,REU,Reus Airport,5.2,REU,pop100k+airport,0.457,0.0,,0.229,41.1561,1.1069
Avignon,France,FR,93,89769,,AVN,Avignon Caumont airport,8.7,AVN,airport,0.458,0.0,,0.229,43.9483,4.8089
Atambua,Indonesia,ID,18,35793,,ABU,AA Bere Tallo (Haliwen) Airport,3.7,ABU,airport,0.458,0.0,,0.229,-9.1061,124.8925
Xalisco,Mexico,MX,18,35702,,TPQ,Amado Nervo National Airport,6.7,TPQ,airport,0.459,0.0,,0.229,21.451,-104.8983
Kokhma,Russia,RU,21,28984,,IWA,Ivanovo South Airport,9.2,IWA,airport,0.458,0.0,,0.229,56.9349,41.0915
Salou,Spain,ES,56,26649,,REU,Reus Airport,8.2,REU,airport,0.457,0.0,,0.229,41.0766,1.1416
Vila-seca,Spain,ES,56,20866,,REU,Reus Airport,4.4,REU,airport,0.457,0.0,,0.229,41.1112,1.1476
Almeirim,Brazil,BR,16,20464,,GGF,Almeirim Airport,4.9,GGF,airport,0.458,0.0,,0.229,-1.5233,-52.5817
Bryansk,Russia,RU,10,427236,,BZK,Bryansk International Airport,13.7,BZK,pop100k+airport,0.456,0.0,,0.228,53.2521,34.3717
Denizli,Türkiye,TR,20,313238,,DNZ,Çardak Airport,54.0,DNZ,pop100k+airport,0.456,0.0,,0.228,37.7742,29.0875
Saransk,Russia,RU,46,303394,,SKX,Saransk International Airport,7.0,SKX,pop100k+airport,0.457,0.0,,0.228,54.1838,45.1749
Sfax,Tunisia,TN,32,277278,,SFA,Sfax Thyna International Airport,6.8,SFA,pop100k+airport,0.455,0.0,,0.228,34.7406,10.7603
Sabzevar,Iran,IR,42,226183,,AFZ,Sabzevar National Airport,9.2,AFZ,pop100k+airport,0.456,0.0,,0.228,36.2126,57.6819
Bukavu,DR Congo,CD,12,225389,,KME,Kamembe Airport,7.9,KME,pop100k+airport,0.456,0.0,,0.228,-2.4908,28.8428
Adıyaman,Türkiye,TR,02,223744,,ADF,Adıyaman Airport,17.3,ADF,pop100k+airport,0.456,0.0,,0.228,37.7644,38.2763
Banja Luka,Bosnia and Herzegovina,BA,02,221106,,BNX,Banja Luka International Airport,19.9,BNX,pop100k,0.456,0.0,,0.228,44.7784,17.1939
Bojnūrd,Iran,IR,43,192041,,BJB,Bojnord Airport,2.7,BJB,pop100k+airport,0.456,0.0,,0.228,37.4747,57.329
Haldwani,India,IN,39,139497,,PGH,Pantnagar Airport,21.7,PGH,pop100k,0.457,0.0,,0.228,29.2225,79.5286
Porbandar,India,IN,09,138872,,PBD,Porbandar Airport,4.9,PBD,pop100k+airport,0.457,0.0,,0.228,21.6422,69.6093
Roxas City,Philippines,PH,06,102688,,RXS,Roxas Airport,1.4,RXS,pop100k+airport,0.456,0.0,,0.228,11.5853,122.7511
Dogonbadan,Iran,IR,05,94638,,GCH,Gachsaran Airport,4.4,GCH,airport,0.456,0.0,,0.228,30.3586,50.7981
Cyangugu,Rwanda,RW,14,63883,,KME,Kamembe Airport,2.5,KME,airport,0.456,0.0,,0.228,-2.4846,28.9075
Catarman,Philippines,PH,08,47449,,CRM,Catarman National Airport,0.4,CRM,airport,0.455,0.0,,0.228,12.4989,124.6377
Turaif,Saudi Arabia,SA,15,40819,,TUI,Turaif Domestic Airport,6.8,TUI,airport,0.455,0.0,,0.228,31.6725,38.6637
Kajaani,Finland,FI,18,35375,,KAJ,Kajaani Airport,6.7,KAJ,airport,0.457,0.0,,0.228,64.2273,27.7285
Gremda,Tunisia,TN,32,33744,,SFA,Sfax Thyna International Airport,9.2,SFA,airport,0.455,0.0,,0.228,34.75,10.7833
Takanosu,Japan,JP,02,20542,,ONJ,Odate Noshiro Airport,3.4,ONJ,airport,0.456,0.0,,0.228,40.2227,140.3661
Sokoto,Nigeria,NG,51,563861,,SKO,Sadiq Abubakar III International Airport,16.8,SKO,pop100k+airport,0.454,0.0,,0.227,13.0627,5.2432
Tonghua,China,CN,05,510000,,TNH,Tonghua Sanyuanpu Airport,39.9,TNH,pop100k+airport,0.453,0.0,,0.227,41.7197,125.9264
Toluca,Mexico,MX,15,489333,,TLC,Adolfo López Mateos International Airport,10.7,TLC,pop100k+airport,0.454,0.0,,0.227,19.2879,-99.6532
Turpan,China,CN,13,254900,,TLQ,Turpan Jiaohe Airport,11.3,TLQ,pop100k+airport,0.454,0.0,,0.227,42.9477,89.1789
Liupanshui,China,CN,18,251900,,LPF,Liupanshui Yuezhao Airport,14.6,LPF,pop100k,0.455,0.0,,0.227,26.5944,104.8333
Gasteiz / Vitoria,Spain,ES,59,235661,,VIT,Vitoria Airport,5.6,VIT,pop100k+airport,0.454,0.0,,0.227,42.85,-2.6727
Takoradi,Ghana,GH,09,232919,,TKD,Takoradi Airport,1.6,TKD,pop100k+airport,0.454,0.0,,0.227,4.8982,-1.7603
Debrecen,Hungary,HU,10,204124,,DEB,Debrecen International Airport,4.7,DEB,pop100k+airport,0.453,0.0,,0.227,47.5317,21.6244
Kigoma,Tanzania,TZ,05,164268,,TKQ,Kigoma Airport,5.0,TKQ,pop100k+airport,0.453,0.0,,0.227,-4.8769,29.6267
Rondonópolis,Brazil,BR,14,152912,,ROO,Maestro Marinho Franco Airport,15.8,ROO,pop100k+airport,0.454,0.0,,0.227,-16.4708,-54.6356
Sekondi-Takoradi,Ghana,GH,09,138872,,TKD,Takoradi Airport,3.9,TKD,pop100k+airport,0.454,0.0,,0.227,4.9268,-1.7577
Huixquilucan,Mexico,MX,15,124846,,TLC,Adolfo López Mateos International Airport,22.8,TLC,pop100k,0.454,0.0,,0.227,19.3599,-99.3502
Cabo Frio,Brazil,BR,21,108239,,CFB,Cabo Frio Airport,6.0,CFB,pop100k+airport,0.455,0.0,,0.227,-22.8872,-42.0262
San Mateo Atenco,Mexico,MX,15,67890,,TLC,Adolfo López Mateos International Airport,8.5,TLC,airport,0.454,0.0,,0.227,19.2676,-99.5321
San Salvador Tizatlalli,Mexico,MX,15,61367,,TLC,Adolfo López Mateos International Airport,8.9,TLC,airport,0.454,0.0,,0.227,19.2603,-99.5908
Puerto Barrios,Guatemala,GT,09,56605,,PBR,Puerto Barrios Airport,1.2,PBR,airport,0.453,0.0,,0.227,15.7278,-88.5944
São Pedro da Aldeia,Brazil,BR,21,55014,,CFB,Cabo Frio Airport,9.7,CFB,airport,0.455,0.0,,0.227,-22.8392,-42.1028
San Pablo Autopan,Mexico,MX,17,35141,,TLC,Adolfo López Mateos International Airport,9.8,TLC,airport,0.454,0.0,,0.227,19.3564,-99.6572
San José Guadalupe Otzacatipan,Mexico,MX,15,31299,,TLC,Adolfo López Mateos International Airport,2.9,TLC,airport,0.454,0.0,,0.227,19.3447,-99.5919
Baie-Comeau,Canada,CA,10,29808,,YBC,Baie-Comeau Airport,10.2,YBC,airport,0.455,0.0,,0.227,49.2168,-68.1489
Metepec,Mexico,MX,15,28205,,TLC,Adolfo López Mateos International Airport,9.4,TLC,airport,0.454,0.0,,0.227,19.2593,-99.6017
Arraial do Cabo,Brazil,BR,21,26163,,CFB,Cabo Frio Airport,6.7,CFB,airport,0.455,0.0,,0.227,-22.9661,-42.0278
Lerma de Villada,Mexico,MX,15,22713,,TLC,Adolfo López Mateos International Airport,7.8,TLC,airport,0.454,0.0,,0.227,19.2888,-99.5116
San Mateo Otzacatipan,Mexico,MX,17,22656,,TLC,Adolfo López Mateos International Airport,4.0,TLC,airport,0.454,0.0,,0.227,19.3327,-99.6034
San Pedro Totoltepec,Mexico,MX,17,21076,,TLC,Adolfo López Mateos International Airport,2.9,TLC,airport,0.454,0.0,,0.227,19.3111,-99.572
Xonacatlán,Mexico,MX,15,20680,,TLC,Adolfo López Mateos International Airport,8.6,TLC,airport,0.454,0.0,,0.227,19.4051,-99.5281
Kaduna,Nigeria,NG,23,1582102,,KAD,Kaduna International Airport,22.9,KAD,pop100k+airport,0.451,0.0,,0.226,10.5264,7.4388
Benin City,Nigeria,NG,37,1125058,,BNI,Benin Airport,3.7,BNI,pop100k+airport,0.452,0.0,,0.226,6.3381,5.6258
Yaroslavl,Russia,RU,88,606730,,IAR,Golden Ring Yaroslavl International Airport,18.6,IAR,pop100k,0.452,0.0,,0.226,57.6299,39.8737
Nanded,India,IN,16,550564,,NDC,Nanded Airport,2.6,NDC,pop100k+airport,0.452,0.0,,0.226,19.1602,77.315
Sukkur,Pakistan,PK,05,417767,,SKZ,Begum Nusrat Bhutto International Airport Sukkur,6.9,SKZ,pop100k+airport,0.453,0.0,,0.226,27.7032,68.8589
Tétouan,Morocco,MA,01,326261,,TTU,Sania Ramel Airport,4.7,TTU,pop100k+airport,0.453,0.0,,0.226,35.5784,-5.3684
Holguín,Cuba,CU,12,319102,,HOG,Frank Pais International Airport,12.6,HOG,pop100k+airport,0.452,0.0,,0.226,20.8872,-76.2631
Al Hufūf,Saudi Arabia,SA,06,293179,,HOF,Al-Ahsa International Airport,13.6,HOF,pop100k,0.452,0.0,,0.226,25.3647,49.5876
Al Mubarraz,Saudi Arabia,SA,06,290802,,HOF,Al-Ahsa International Airport,17.2,HOF,pop100k,0.452,0.0,,0.226,25.4077,49.5903
Petrozavodsk,Russia,RU,28,265025,,PES,Petrozavodsk Airport,15.0,PES,pop100k+airport,0.452,0.0,,0.226,61.7849,34.3469
Sivas,Türkiye,TR,58,264022,,VAS,Sivas Nuri Demirağ Airport,12.1,VAS,pop100k+airport,0.453,0.0,,0.226,39.7483,37.0161
Waco,United States,US,TX,132356,,ACT,Waco Regional Airport,10.5,ACT,pop100k+airport,0.451,0.0,,0.226,31.5493,-97.1467
Pakokku,Myanmar,MM,15,126938,,NYU,Bagan Airport,23.6,NYU,pop100k,0.452,0.0,,0.226,21.3349,95.0844
Khairpur Mir’s,Pakistan,PK,05,124602,,SKZ,Begum Nusrat Bhutto International Airport Sukkur,21.6,SKZ,pop100k,0.453,0.0,,0.226,27.5295,68.7592
Pescara,Italy,IT,01,116596,,PSR,Abruzzo Airport,3.4,PSR,pop100k+airport,0.452,0.0,,0.226,42.4584,14.2028
Wichita Falls,United States,US,TX,104710,,SPS,Wichita Falls Municipal Airport / Sheppard Air Force Base,8.4,SPS,pop100k+airport,0.451,0.0,,0.226,33.9137,-98.4934
Tyler,United States,US,TX,103700,,TYR,Tyler Pounds Regional Airport,9.5,TYR,pop100k+airport,0.451,0.0,,0.226,32.3513,-95.3011
Lengshuitan,China,CN,11,88935,,LLF,Yongzhou Lingling Airport,8.2,LLF,airport,0.452,0.0,,0.226,26.4111,111.5956
Nevşehir,Türkiye,TR,50,75527,,NAV,Nevşehir Kapadokya Airport,22.5,NAV,airport,0.453,0.0,,0.226,38.625,34.7122
Montesilvano Marina,Italy,IT,01,45991,,PSR,Abruzzo Airport,9.5,PSR,airport,0.452,0.0,,0.226,42.5114,14.1451
Chieti,Italy,IT,01,44444,,PSR,Abruzzo Airport,9.3,PSR,airport,0.452,0.0,,0.226,42.3483,14.1649
Cacocum,Cuba,CU,12,42623,,HOG,Frank Pais International Airport,5.4,HOG,airport,0.452,0.0,,0.226,20.7377,-76.3257
Edremit,Türkiye,TR,10,40777,,EDO,Balıkesir Koca Seyit Airport,5.0,EDO,airport,0.452,0.0,,0.226,39.5961,27.0244
Martil,Morocco,MA,01,39738,,TTU,Sania Ramel Airport,4.8,TTU,airport,0.453,0.0,,0.226,35.6166,-5.2752
Burhaniye,Türkiye,TR,10,38083,,EDO,Balıkesir Koca Seyit Airport,6.6,EDO,airport,0.452,0.0,,0.226,39.5004,26.9727
Texarkana,United States,US,TX,37280,,TXK,Texarkana Regional Airport (Webb Field),6.1,TXK,airport,0.451,0.0,,0.226,33.4251,-94.0477
Loei,Thailand,TH,18,35273,,LOE,Loei Airport,5.7,LOE,airport,0.452,0.0,,0.226,17.4905,101.7275
Birendranagar,Nepal,NP,6,31381,,SKH,Surkhet Airport,1.8,SKH,airport,0.451,0.0,,0.226,28.6019,81.6339
Texarkana,United States,US,AR,30353,,TXK,Texarkana Regional Airport (Webb Field),4.5,TXK,airport,0.451,0.0,,0.226,33.4418,-94.0377
Francavilla al Mare,Italy,IT,01,21095,,PSR,Abruzzo Airport,8.2,PSR,airport,0.452,0.0,,0.226,42.4216,14.2822
Mariehamn,Åland Islands,AX,211,10682,yes,MHQ,Mariehamn Airport,3.4,MHQ,capital,0.451,0.0,,0.226,60.0973,19.9348
Funafuti,Tuvalu,TV,FUN,4492,yes,FUN,Funafuti International Airport,0.3,FUN,capital,0.452,0.0,,0.226,-8.5243,179.1942
General Santos,Philippines,PH,12,679588,,GES,General Santos International Airport,10.4,GES,pop100k+airport,0.45,0.0,,0.225,6.1128,125.1717
Jinzhou,China,CN,19,604269,,JNZ,Jinzhou Bay Airport,22.2,JNZ,pop100k,0.449,0.0,,0.225,41.1078,121.1417
Posadas,Argentina,AR,14,323739,,PSS,Libertador Gral D Jose De San Martin Airport,7.7,ENO+PSS,pop100k+airport,0.45,0.0,,0.225,-27.3671,-55.8961
Pelotas,Brazil,BR,23,320674,,PET,João Simões Lopes Neto International Airport,6.0,PET,pop100k+airport,0.45,0.0,,0.225,-31.77,-52.341
Santa Maria,Brazil,BR,23,249219,,RIA,Santa Maria Airport,11.9,RIA,pop100k+airport,0.45,0.0,,0.225,-29.6842,-53.8069
Rạch Giá,Vietnam,VN,21,228356,,VKG,Rach Gia Airport,8.3,VKG,pop100k+airport,0.45,0.0,,0.225,10.0124,105.0809
Nacala,Mozambique,MZ,06,224795,,MNC,Nacala International Airport,8.8,MNC,pop100k+airport,0.449,0.0,,0.225,-14.5626,40.6854
Pskov,Russia,RU,60,201990,,PKV,Princess Olga Pskov International Airport,4.4,PKV,pop100k+airport,0.449,0.0,,0.225,57.8136,28.3496
Sihanoukville,Cambodia,KH,28,156691,,KOS,Sihanouk International Airport,12.0,KOS,pop100k,0.45,0.0,,0.225,10.6093,103.5296
Yichun,China,CN,08,155762,,LDS,Yichun Lindu Airport,11.3,LDS,pop100k+airport,0.45,0.0,,0.225,47.7214,128.8753
Chetumal,Mexico,MX,23,151243,,CTM,Chetumal International Airport,2.7,CTM+CZH,pop100k+airport,0.45,0.0,,0.225,18.5141,-88.3038
Tuguegarao,Philippines,PH,02,115105,,TUG,Tuguegarao Airport,3.3,TUG,pop100k+airport,0.451,0.0,,0.225,17.6158,121.7228
Surigao,Philippines,PH,13,87832,,SUG,Surigao Airport,4.0,SUG,airport,0.451,0.0,,0.225,9.789,125.495
Amasya,Türkiye,TR,05,82896,,MZH,Amasya Merzifon Airport,32.7,MZH,airport,0.45,0.0,,0.225,40.6533,35.8331
Três Lagoas,Brazil,BR,11,78712,,TJL,Plínio Alarcom Airport,4.5,TJL,airport,0.449,0.0,,0.225,-20.7876,-51.7034
La Rochelle,France,FR,75,76810,,LRH,La Rochelle Île de Ré Airport,3.8,LRH,airport,0.449,0.0,,0.225,46.1631,-1.1522
Sakon Nakhon,Thailand,TH,20,76237,,SNO,Sakon Nakhon Airport,4.8,SNO,airport,0.449,0.0,,0.225,17.1612,104.1472
Encarnación,Paraguay,PY,11,74983,,PSS,Libertador Gral D Jose De San Martin Airport,12.0,ENO+PSS,airport,0.45,0.0,,0.225,-27.3306,-55.8667
Solana,Philippines,PH,02,71475,,TUG,Tuguegarao Airport,4.6,TUG,airport,0.451,0.0,,0.225,17.6528,121.691
Växjö,Sweden,SE,12,65383,,VXO,Växjö Kronoberg Airport,7.5,VXO,airport,0.45,0.0,,0.225,56.8777,14.8091
Tezpur,India,IN,03,58851,,TEZ,Tezpur Airport,8.6,TEZ,airport,0.45,0.0,,0.225,26.6333,92.8
Merzifon,Türkiye,TR,05,50658,,MZH,Amasya Merzifon Airport,7.0,MZH,airport,0.45,0.0,,0.225,40.8733,35.4631
Sinop,Türkiye,TR,57,34834,,NOP,Sinop Airport,7.6,NOP,airport,0.451,0.0,,0.225,42.0268,35.1625
Damascus,Syria,SY,13,1569394,yes,DAM,Damascus International Airport,23.5,DAM,pop100k+capital+airport,0.449,0.0,,0.224,33.5102,36.2913
Yingkou,China,CN,19,591159,,YKH,Yingkou Lanqi Airport,17.5,YKH,pop100k,0.448,0.0,,0.224,40.6648,122.2283
Santa Clara,Cuba,CU,16,250512,,SNU,Abel Santamaria International Airport,9.7,SNU,pop100k+airport,0.447,0.0,,0.224,22.4069,-79.9647
Bukhara,Uzbekistan,UZ,02,247644,,BHK,Bukhara International Airport,4.6,BHK,pop100k+airport,0.447,0.0,,0.224,39.7747,64.4286
Mossoró,Brazil,BR,22,202005,,MVF,Dix-Sept Rosado Airport,2.7,MVF,pop100k+airport,0.449,0.0,,0.224,-5.1875,-37.3442
Douma,Syria,SY,08,111864,,DAM,Damascus International Airport,20.7,DAM,pop100k,0.449,0.0,,0.224,33.5718,36.4027
San Rafael,Argentina,AR,13,109163,,AFA,Suboficial Ay Santiago Germano Airport,7.5,AFA,pop100k+airport,0.449,0.0,,0.224,-34.6177,-68.3301
Halmstad,Sweden,SE,06,66124,,HAD,Halmstad Airport,2.9,HAD,airport,0.448,0.0,,0.224,56.6745,12.8568
Kogon Shahri,Uzbekistan,UZ,02,62620,,BHK,Bukhara International Airport,8.2,BHK,airport,0.447,0.0,,0.224,39.7275,64.5547
Hua Hin,Thailand,TH,57,50456,,HHQ,Hua Hin Airport,7.3,HHQ,airport,0.449,0.0,,0.224,12.5707,99.9588
Wajir,Kenya,KE,54,45771,,WJR,Wajir Airport,4.1,WJR,airport,0.448,0.0,,0.224,1.7471,40.0573
Khanbari,Nepal,NP,1,22903,,TMI,Tumling Tar Airport,6.9,TMI,airport,0.448,0.0,,0.224,27.376,87.2077
Bhavnagar,India,IN,09,554978,,BHU,Bhavnagar Airport,3.5,BHU,pop100k+airport,0.446,0.0,,0.223,21.7629,72.1533
Bobo-Dioulasso,Burkina Faso,BF,09,360106,,BOY,Bobo Dioulasso Airport,4.1,BOY,pop100k+airport,0.446,0.0,,0.223,11.1771,-4.2979
Colima,Mexico,MX,08,137383,,CLQ,Licenciado Miguel de la Madrid International Airport,16.0,CLQ,pop100k+airport,0.445,0.0,,0.223,19.25,-103.7271
Ciudad de Villa de Álvarez,Mexico,MX,08,117600,,CLQ,Licenciado Miguel de la Madrid International Airport,16.9,CLQ,pop100k,0.445,0.0,,0.223,19.2672,-103.7378
Esbjerg,Denmark,DK,21,72205,,EBJ,Esbjerg Airport,8.9,EBJ,airport,0.447,0.0,,0.223,55.4703,8.4519
Calbayog City,Philippines,PH,08,67921,,CYP,Calbayog Airport,5.6,CYP,airport,0.447,0.0,,0.223,12.0668,124.5962
North Lakhimpur,India,IN,03,59841,,IXI,Lilabari North Lakhimpur Airport,6.8,IXI,airport,0.445,0.0,,0.223,27.2352,94.1036
Masbate,Philippines,PH,05,47490,,MBT,Moises R. Espinosa Airport,0.6,MBT,airport,0.446,0.0,,0.223,12.3717,123.6249
Muang Phônsavan,Laos,LA,14,37507,,XKH,Xieng Khouang Airport,3.5,XKH,airport,0.445,0.0,,0.223,19.4494,103.1917
Nikolayevsk-on-Amure,Russia,RU,30,27152,,NLI,Nikolayevsk-na-Amure Airport,4.9,NLI,airport,0.445,0.0,,0.223,53.1466,140.7229
Puerto Escondido,Mexico,MX,20,25902,,PXM,Puerto Escondido International Airport,1.5,PXM,airport,0.445,0.0,,0.223,15.8704,-97.0773
Diu,India,IN,32,23779,,DIU,Diu Airport,6.3,DIU,airport,0.446,0.0,,0.223,20.7141,70.9822
Nukus,Uzbekistan,UZ,09,230006,,NCU,Nukus International Airport,4.1,NCU,pop100k+airport,0.443,0.0,,0.222,42.4531,59.6103
Târgu-Mureş,Romania,RO,27,146863,,TGM,Târgu Mureş Transilvania International Airport,13.9,TGM,pop100k,0.443,0.0,,0.222,46.5425,24.5575
Parma,Italy,IT,05,146299,,PMF,Parma Airport,3.8,PMF,pop100k+airport,0.443,0.0,,0.222,44.7993,10.3262
Jinchang,China,CN,15,144363,,JIC,Jinchang Jinchuan Airport,14.2,JIC,pop100k+airport,0.444,0.0,,0.222,38.5006,102.1938
Jiagedaqi,China,CN,20,135760,,JGD,Daxing'anling Elunchun Airport,5.0,JGD,pop100k+airport,0.445,0.0,,0.222,50.4167,124.1167
Satu Mare,Romania,RO,32,112490,,SUJ,Satu Mare International Airport,10.8,SUJ,pop100k+airport,0.443,0.0,,0.222,47.7993,22.8625
Morondava,Madagascar,MG,54,36803,,MOQ,Morondava Airport,0.4,MOQ,airport,0.443,0.0,,0.222,-20.2887,44.3178
Barquisimeto,Venezuela,VE,13,809490,,BRM,Jacinto Lara International Airport,2.4,BRM,pop100k+airport,0.441,0.0,,0.221,10.0647,-69.357
Jamnagar,India,IN,09,492056,,JGA,Jamnagar Airport,5.6,JGA,pop100k+airport,0.443,0.0,,0.221,22.4729,70.0667
Gunsan,South Korea,KR,03,243406,,KUV,Gunsan Airport / Gunsan Air Base,12.0,KUV,pop100k+airport,0.442,0.0,,0.221,35.9786,126.7114
Wŏnju,South Korea,KR,06,243387,,WJU,Wonju Airport / Hoengseong Air Base (K-38/K-46),9.6,WJU,pop100k+airport,0.442,0.0,,0.221,37.3514,127.9453
Barrancabermeja,Colombia,CO,26,191403,,EJA,Yariguíes Airport,7.0,EJA,pop100k+airport,0.442,0.0,,0.221,7.0653,-73.8547
Dundee,United Kingdom,GB,SCT,147710,,DND,Dundee Airport,3.6,DND,pop100k+airport,0.442,0.0,,0.221,56.4691,-2.9749
Rafsanjān,Iran,IR,29,147680,,RJN,Rafsanjan Airport,13.2,RJN,pop100k+airport,0.441,0.0,,0.221,30.4067,55.9939
Valdivia,Chile,CL,17,133419,,ZAL,Pichoy Airport,22.8,ZAL,pop100k+airport,0.442,0.0,,0.221,-39.8142,-73.2459
Oulu,Finland,FI,17,128618,,OUL,Oulu Airport,10.6,OUL,pop100k,0.443,0.0,,0.221,65.0124,25.4682
Pārsābād,Iran,IR,32,101661,,PFQ,Parsabad-Moghan Airport,5.8,PFQ,pop100k+airport,0.441,0.0,,0.221,39.6482,47.9174
Zhangye,China,CN,15,100000,,YZY,Zhangye Ganzhou Airport,24.3,YZY,pop100k,0.443,0.0,,0.221,38.9342,100.4517
Bam,Iran,IR,29,99268,,BXR,Bam Airport,9.4,BXR,airport,0.441,0.0,,0.221,29.106,58.357
Çanakkale,Türkiye,TR,17,87791,,CKZ,Çanakkale Airport,2.3,CKZ,airport,0.441,0.0,,0.221,40.1555,26.4127
Sunzha,Russia,RU,19,71841,,IGT,Magas Airport,3.0,IGT,airport,0.442,0.0,,0.221,43.3195,45.0491
Jaisalmer,India,IN,24,67604,,JSA,Jaisalmer Airport,5.0,JSA,airport,0.442,0.0,,0.221,26.9176,70.9039
Chumphon,Thailand,TH,58,55835,,CJM,Chumphon Airport,31.1,CJM,airport,0.443,0.0,,0.221,10.4957,99.1797
Karabulak,Russia,RU,19,34511,,IGT,Magas Airport,9.4,IGT,airport,0.442,0.0,,0.221,43.3051,44.8995
Troitskaya,Russia,RU,19,23745,,IGT,Magas Airport,3.0,IGT,airport,0.442,0.0,,0.221,43.3066,44.984
Bedi,India,IN,09,21327,,JGA,Jamnagar Airport,5.1,JGA,airport,0.443,0.0,,0.221,22.5014,70.0436
Longyearbyen,Svalbard and Jan Mayen,SJ,21,2060,yes,LYR,"Svalbard Airport, Longyear",4.8,LYR,capital,0.443,0.0,,0.221,78.2233,15.6469
Bydgoszcz,Poland,PL,73,366452,,BZG,Ignacy Jan Paderewski Bydgoszcz Airport,3.6,BZG,pop100k+airport,0.44,0.0,,0.22,53.1235,18.0076
Makurdi,Nigeria,NG,26,292645,,MDI,Makurdi Airport,10.7,MDI,pop100k+airport,0.441,0.0,,0.22,7.7337,8.5214
Lakewood,United States,US,CO,152597,,BJC,Rocky Mountain Metropolitan Airport,22.9,BJC,pop100k,0.439,0.0,,0.22,39.7047,-105.0814
Khujand,Tajikistan,TJ,03,144865,,LBD,Khujand International Airport,9.7,LBD,pop100k+airport,0.439,0.0,,0.22,40.2826,69.6222
Thornton,United States,US,CO,133451,,BJC,Rocky Mountain Metropolitan Airport,13.2,BJC,pop100k,0.439,0.0,,0.22,39.868,-104.9719
Lashio,Myanmar,MM,11,131016,,LSH,Lashio Airport,4.7,LSH,pop100k+airport,0.44,0.0,,0.22,22.9359,97.7498
Arvada,United States,US,CO,115368,,BJC,Rocky Mountain Metropolitan Airport,12.1,BJC,pop100k,0.439,0.0,,0.22,39.8028,-105.0875
Westminster,United States,US,CO,113130,,BJC,Rocky Mountain Metropolitan Airport,10.5,BJC,pop100k,0.439,0.0,,0.22,39.8366,-105.0372
Cà Mau,Vietnam,VN,77,111894,,CAH,Cà Mau Airport,2.8,CAH,pop100k+airport,0.441,0.0,,0.22,9.1768,105.1524
Boulder,United States,US,CO,107349,,BJC,Rocky Mountain Metropolitan Airport,17.6,BJC,pop100k,0.439,0.0,,0.22,40.015,-105.2706
Gao,Mali,ML,09,87000,,GAQ,Gao International Airport,4.9,GAQ,airport,0.441,0.0,,0.22,16.2717,-0.0447
Broomfield,United States,US,CO,65065,,BJC,Rocky Mountain Metropolitan Airport,2.9,BJC,airport,0.439,0.0,,0.22,39.9205,-105.0867
Joensuu,Finland,FI,12,53388,,JOE,Joensuu Airport,9.8,JOE,airport,0.441,0.0,,0.22,62.6012,29.7632
Masuda,Japan,JP,36,48576,,IWJ,Iwami Airport,5.6,IWJ,airport,0.439,0.0,,0.22,34.6667,131.85
Ust’-Kut,Russia,RU,20,48202,,UKX,Ust-Kut Airport,7.4,UKX,airport,0.439,0.0,,0.22,56.7938,105.7672
Lloydminster,Canada,CA,01,31400,,YLL,Lloydminster Airport,5.3,YLL,airport,0.439,0.0,,0.22,53.2724,-110.0226
Lafayette,United States,US,CO,27729,,BJC,Rocky Mountain Metropolitan Airport,9.7,BJC,airport,0.439,0.0,,0.22,39.9936,-105.0897
Buston,Tajikistan,TJ,03,21537,,LBD,Khujand International Airport,2.1,LBD,airport,0.439,0.0,,0.22,40.2342,69.6948
Louisville,United States,US,CO,20396,,BJC,Rocky Mountain Metropolitan Airport,7.8,BJC,airport,0.439,0.0,,0.22,39.9778,-105.1319
Namangan,Uzbekistan,UZ,06,432456,,NMA,Namangan International Airport,9.8,NMA,pop100k+airport,0.437,0.0,,0.219,40.9983,71.6726
Kassala,Sudan,SD,52,401477,,KSL,Kassala Airport,10.4,KSL,pop100k+airport,0.438,0.0,,0.219,15.451,36.4
Baicheng,China,CN,05,316970,,DBC,Baicheng Chang'an Airport,19.2,DBC,pop100k+airport,0.438,0.0,,0.219,45.6075,122.8208
Constanţa,Romania,RO,14,303399,,CND,Mihail Kogălniceanu International Airport,23.3,CND,pop100k+airport,0.437,0.0,,0.219,44.1807,28.6343
Lübeck,Germany,DE,10,212207,,LBC,Lübeck Blankensee Airport,7.4,LBC,pop100k+airport,0.438,0.0,,0.219,53.8689,10.6873
Isparta,Türkiye,TR,33,172334,,ISE,Süleyman Demirel International Airport,19.1,ISE,pop100k+airport,0.439,0.0,,0.219,37.7644,30.5522
Rijeka,Croatia,HR,12,141172,,RJK,Rijeka Airport,15.9,RJK,pop100k,0.439,0.0,,0.219,45.3267,14.4424
Baia Mare,Romania,RO,25,136553,,BAY,Maramureș International Airport,7.8,BAY,pop100k+airport,0.437,0.0,,0.219,47.6573,23.5681
Uruguaiana,Brazil,BR,23,123480,,URG,Rubem Berta Airport,5.7,URG,pop100k+airport,0.438,0.0,,0.219,-29.7547,-57.0883
Rimini,Italy,IT,05,118673,,RMI,Federico Fellini International Airport,5.6,RMI,pop100k+airport,0.439,0.0,,0.219,44.0575,12.5653
Pardubice,Czechia,CZ,86,88741,,PED,Pardubice Airport,3.9,PED,airport,0.438,0.0,,0.219,50.0408,15.7766
Kayes,Mali,ML,03,78406,,KYS,Kayes Dag Dag Airport,6.3,KYS,airport,0.439,0.0,,0.219,14.4469,-11.4445
Ioánnina,Greece,GR,ESYE21,65574,,IOA,Ioannina King Pyrrhus National Airport,4.3,IOA,airport,0.439,0.0,,0.219,39.6649,20.8519
Santo Ângelo,Brazil,BR,23,64606,,GEL,Santo Ângelo Airport,9.3,GEL,airport,0.437,0.0,,0.219,-28.2992,-54.2631
Hassi Messaoud,Algeria,DZ,50,53000,,HME,Hassi Messaoud-Oued Irara Krim Belkacem Airport,6.4,HME,airport,0.439,0.0,,0.219,31.6804,6.0729
Paso de los Libres,Argentina,AR,06,43805,,URG,Rubem Berta Airport,9.1,URG,airport,0.438,0.0,,0.219,-29.7125,-57.0877
Riccione,Italy,IT,05,32744,,RMI,Federico Fellini International Airport,4.2,RMI,airport,0.439,0.0,,0.219,43.9994,12.6569
Toshbuloq,Uzbekistan,UZ,06,28562,,NMA,Namangan International Airport,7.8,NMA,airport,0.437,0.0,,0.219,40.9162,71.5782
To‘rqao‘rg‘on,Uzbekistan,UZ,06,27862,,NMA,Namangan International Airport,4.2,NMA,airport,0.437,0.0,,0.219,40.9998,71.5116
Santiago de Tolú,Colombia,CO,27,27390,,TLU,Golfo de Morrosquillo Airport,1.7,TLU,airport,0.439,0.0,,0.219,9.5239,-75.5814
Chrudim,Czechia,CZ,86,23630,,PED,Pardubice Airport,8.2,PED,airport,0.438,0.0,,0.219,49.9511,15.7956
Bandar-e Lengeh,Iran,IR,11,22768,,BDH,Bandar Lengeh International Airport,6.2,BDH,airport,0.438,0.0,,0.219,26.5579,54.8807
San Marino,San Marino,SM,07,4500,yes,RMI,Federico Fellini International Airport,16.2,RMI,capital,0.439,0.0,,0.219,43.9367,12.4464
Çorlu,Türkiye,TR,59,202578,,TEQ,Tekirdağ Çorlu Airport,10.2,TEQ,pop100k+airport,0.436,0.0,,0.218,41.1592,27.8
Myeik,Myanmar,MM,12,173298,,MGZ,Myeik Airport,2.3,MGZ,pop100k+airport,0.435,0.0,,0.218,12.4395,98.6003
Badajoz,Spain,ES,57,148334,,BJZ,Badajoz Airport,13.0,BJZ,pop100k+airport,0.435,0.0,,0.218,38.8779,-6.9706
Kokshetau,Kazakhstan,KZ,03,124444,,KOV,Kokshetau International Airport,13.9,KOV,pop100k+airport,0.436,0.0,,0.218,53.2833,69.4
Puerto Francisco de Orellana,Ecuador,EC,24,48144,,OCC,Francisco De Orellana Airport,0.4,OCC,airport,0.436,0.0,,0.218,-0.4664,-76.9872
Zagora,Morocco,MA,08,35154,,OZG,Zagora Airport,7.7,OZG,airport,0.435,0.0,,0.218,30.3324,-5.8384
Wuhu,China,CN,01,507524,,WHA,Wuhu Xuanzhou Airport,38.1,WHA,pop100k+airport,0.435,0.0,,0.217,31.3373,118.3735
Anshun,China,CN,18,351936,,AVA,Anshun Huangguoshu Airport,6.1,AVA,pop100k+airport,0.433,0.0,,0.217,26.25,105.9333
Ust-Kamenogorsk,Kazakhstan,KZ,15,319067,,UKK,Oskemen International Airport,10.6,UKK,pop100k,0.434,0.0,,0.217,49.9714,82.6059
Limoges,France,FR,75,141176,,LIG,Limoges Airport,6.2,LIG,pop100k+airport,0.434,0.0,,0.217,45.8336,1.2476
Cẩm Phả Mines,Vietnam,VN,30,135477,,VDO,Van Don International Airport,16.6,VDO,pop100k,0.435,0.0,,0.217,21.0167,107.3
İnegol,Türkiye,TR,16,133959,,YEI,Bursa Yenişehir Airport,20.1,YEI,pop100k,0.434,0.0,,0.217,40.0781,29.5133
Xuanzhou,China,CN,01,127758,,WHA,Wuhu Xuanzhou Airport,18.9,WHA,pop100k,0.435,0.0,,0.217,30.9525,118.7553
Vorkuta,Russia,RU,34,80039,,VKT,Vorkuta Airport,2.8,VKT,airport,0.433,0.0,,0.217,67.4988,64.0525
Neryungri,Russia,RU,63,66320,,NER,Chulman Airport,32.2,NER,airport,0.434,0.0,,0.217,56.6664,124.6382
I-n-Salah,Algeria,DZ,53,49223,,INZ,In Salah Airport,8.2,INZ,airport,0.435,0.0,,0.217,27.1935,2.4607
Margate,South Africa,ZA,02,34407,,MGH,Margate Airport,2.7,MGH,airport,0.434,0.0,,0.217,-30.8636,30.3705
Timbuktu,Mali,ML,08,32460,,TOM,Tombouktou Airport,4.8,TOM,airport,0.434,0.0,,0.217,16.7735,-3.0074
Yenişehir,Türkiye,TR,16,28656,,YEI,Bursa Yenişehir Airport,7.7,YEI,airport,0.434,0.0,,0.217,40.2644,29.6531
Rahim Yar Khan,Pakistan,PK,04,788915,,RYK,Shaikh Zaid Airport,4.6,RYK,pop100k+airport,0.432,0.0,,0.216,28.4199,70.3034
Saddiqabad,Pakistan,PK,04,189876,,RYK,Shaikh Zaid Airport,17.1,RYK,pop100k,0.432,0.0,,0.216,28.3091,70.1265
Gemena,DR Congo,CD,02,117639,,GMA,Gemena Airport,2.4,GMA,pop100k+airport,0.433,0.0,,0.216,3.2565,19.7723
Araguaína,Brazil,BR,31,105019,,AUX,Araguaína Airport,5.5,AUX,pop100k+airport,0.433,0.0,,0.216,-7.1911,-48.2072
Kingston,Norfolk Island,NF,00,880,yes,NLK,Norfolk Island International Airport,3.0,NLK,capital,0.432,0.0,,0.216,-29.0546,167.9663
Chiclayo,Peru,PE,14,577375,,CIX,Capitán FAP José A. Quiñones González International Airport,2.4,CIX,pop100k+airport,0.429,0.0,,0.215,-6.7714,-79.8409
Sétif,Algeria,DZ,12,288461,,QSF,Ain Arnat Airport,7.7,QSF,pop100k+airport,0.429,0.0,,0.215,36.1911,5.4137
Bejaïa,Algeria,DZ,18,164103,,BJA,Soummam–Abane Ramdane Airport,5.0,BJA,pop100k+airport,0.43,0.0,,0.215,36.7559,5.0843
Huánuco,Peru,PE,10,147959,,HUU,Alferez Fap David Figueroa Fernandini Airport,7.1,HUU,pop100k+airport,0.429,0.0,,0.215,-9.9306,-76.2422
Les Cayes,Haiti,HT,12,125799,,CYA,Antoine-Simon International Airport,9.7,CYA,pop100k+airport,0.429,0.0,,0.215,18.1933,-73.746
Perugia,Italy,IT,18,120137,,PEG,Perugia San Francesco d'Assisi – Umbria International Airport,10.3,PEG,pop100k,0.43,0.0,,0.215,43.1122,12.3888
Kŭlob,Tajikistan,TJ,02,78786,,TJU,Kulob International Airport,8.4,TJU,airport,0.429,0.0,,0.215,37.9146,69.7845
Fort McMurray,Canada,CA,01,76000,,YMM,Fort McMurray International Airport,12.7,YMM,airport,0.431,0.0,,0.215,56.7268,-111.381
Puerto Madryn,Argentina,AR,04,64555,,PMY,El Tehuelche Airport,5.4,PMY,airport,0.429,0.0,,0.215,-42.7692,-65.0385
Aïn Arnat,Algeria,DZ,12,35088,,QSF,Ain Arnat Airport,1.7,QSF,airport,0.429,0.0,,0.215,36.1868,5.3135
Fuyuan,China,CN,08,30000,,FYJ,Fuyuan Dongji Airport,19.2,FYJ,airport,0.43,0.0,,0.215,48.3631,134.2892
Sønderborg,Denmark,DK,21,27033,,SGD,Sønderborg Airport,6.2,SGD,airport,0.431,0.0,,0.215,54.909,9.7892
bishopric of Perugia,Italy,IT,18,0,yes,PEG,Perugia San Francesco d'Assisi – Umbria International Airport,10.2,PEG,capital,0.43,0.0,,0.215,43.1126,12.389
Camagüey,Cuba,CU,05,347562,,CMW,Ignacio Agramonte International Airport,8.4,CMW,pop100k+airport,0.427,0.0,,0.214,21.3808,-77.9169
Popayán,Colombia,CO,09,258653,,PPN,Guillermo León Valencia Airport,1.8,PPN,pop100k+airport,0.428,0.0,,0.214,2.4382,-76.6132
Parauapebas,Brazil,BR,16,196259,,CKS,Carajás Airport,12.5,CKS,pop100k+airport,0.429,0.0,,0.214,-6.0675,-49.9022
Gyumri,Armenia,AM,07,148381,,LWN,Shirak International Airport,5.0,LWN,pop100k+airport,0.428,0.0,,0.214,40.7942,43.8453
Tlemcen,Algeria,DZ,15,132341,,TLM,Zenata – Messali El Hadj Airport,19.8,TLM,pop100k,0.427,0.0,,0.214,34.8783,-1.315
Wau,South Sudan,SS,11550565,127384,,WUU,Wau Airport,3.2,WUU,pop100k+airport,0.428,0.0,,0.214,7.7011,27.9897
Sohar,Oman,OM,11,108274,,OHS,Suhar International Airport,9.5,OHS,pop100k+airport,0.428,0.0,,0.214,24.3474,56.7094
Kyzyl,Russia,RU,79,108240,,KYZ,Kyzyl Airport,5.9,KYZ,pop100k+airport,0.428,0.0,,0.214,51.7108,94.4534
Errachidia,Morocco,MA,08,92374,,ERH,Moulay Ali Cherif Airport,3.2,ERH,airport,0.428,0.0,,0.214,31.9314,-4.4266
Saint-Pierre,Réunion,RE,RE,76655,,ZSE,Saint-Pierre Pierrefonds Airport,6.2,ZSE,airport,0.428,0.0,,0.214,-21.3393,55.4781
Chālūs,Iran,IR,35,69638,,NSH,Nowshahr Airport,3.9,NSH,airport,0.428,0.0,,0.214,36.655,51.4204
Remchi,Algeria,DZ,15,51224,,TLM,Zenata – Messali El Hadj Airport,5.9,TLM,airport,0.427,0.0,,0.214,35.062,-1.4336
Saint-Louis,Réunion,RE,RE,47881,,ZSE,Saint-Pierre Pierrefonds Airport,3.9,ZSE,airport,0.428,0.0,,0.214,-21.2858,55.4112
Franceville,Gabon,GA,02,42967,,MVB,M'Vengue El Hadj Omar Bongo Ondimba International Airport,16.4,MVB,airport,0.429,0.0,,0.214,-1.6333,13.5836
Nowshahr,Iran,IR,35,40000,,NSH,Nowshahr Airport,3.5,NSH,airport,0.428,0.0,,0.214,36.6485,51.4962
Szczytno,Poland,PL,85,26044,,SZY,Olsztyn-Mazury Airport,9.6,SZY,airport,0.428,0.0,,0.214,53.5626,20.9875
Maiduguri,Nigeria,NG,27,1112449,,MIU,Maiduguri International Airport,8.4,MIU,pop100k+airport,0.427,0.0,,0.213,11.8469,13.1571
Xinyuan,China,CN,13,300000,,NLT,Xinyuan Nalati Airport,10.4,NLT,pop100k+airport,0.426,0.0,,0.213,43.4265,83.2496
Jimeta,Nigeria,NG,35,248148,,YOL,Yola Airport,3.9,YOL,pop100k+airport,0.427,0.0,,0.213,9.2795,12.4582
Yola,Nigeria,NG,35,96006,,YOL,Yola Airport,7.8,YOL,airport,0.427,0.0,,0.213,9.2084,12.4815
Ilo,Peru,PE,18,53476,,ILQ,General Jorge Fernandez Maldon Airport,7.0,ILQ,airport,0.426,0.0,,0.213,-17.6319,-71.3411
At Tāj,Libya,LY,65,46050,,AKF,Kufra Airport,4.1,AKF,airport,0.426,0.0,,0.213,24.2049,23.2857
Rovaniemi,Finland,FI,19,34781,,RVN,Rovaniemi Airport,8.6,RVN,airport,0.426,0.0,,0.213,66.5,25.7167
Bergerac,France,FR,75,28317,,EGC,Bergerac Dordogne-Périgord airport,4.1,EGC,airport,0.425,0.0,,0.213,44.8516,0.4817
Maroantsetra,Madagascar,MG,32,23859,,WMN,Maroantsetra Airport,5.2,WMN,airport,0.426,0.0,,0.213,-15.4353,49.7379
Rājshāhi,Bangladesh,BD,83,700133,,RJH,Shah Makhdum Airport,7.2,RJH,pop100k+airport,0.425,0.0,,0.212,24.374,88.6011
Asahikawa,Japan,JP,12,356612,,AKJ,Asahikawa Airport,12.9,AKJ,pop100k,0.424,0.0,,0.212,43.7706,142.3649
Ponta Grossa,Brazil,BR,18,292177,,PGZ,Ponta Grossa Airport - Comandante Antonio Amilton Beraldo,10.1,PGZ,pop100k+airport,0.423,0.0,,0.212,-25.095,-50.1619
Buenaventura,Colombia,CO,29,240387,,BUN,Gerardo Tobar López Airport,8.1,BUN,pop100k+airport,0.425,0.0,,0.212,3.8801,-77.0312
Huambo,Angola,AO,08,226145,,NOV,Albano Machado Airport,4.3,NOV,pop100k+airport,0.424,0.0,,0.212,-12.7761,15.7392
Barisāl,Bangladesh,BD,85,202242,,BZL,Barisal Airport,12.8,BZL,pop100k+airport,0.425,0.0,,0.212,22.705,90.3701
Manta,Ecuador,EC,14,183166,,MEC,Eloy Alfaro International Airport,4.2,MEC,pop100k+airport,0.425,0.0,,0.212,-0.9621,-80.7127
Puthia,Bangladesh,BD,83,159406,,RJH,Shah Makhdum Airport,23.5,RJH,pop100k,0.425,0.0,,0.212,24.3654,88.8343
Grenoble,France,FR,84,158552,,GNB,Grenoble Alpes Isère Airport,36.5,GNB,pop100k+airport,0.423,0.0,,0.212,45.1787,5.7148
Béchar,Algeria,DZ,38,143382,,CBH,Béchar Boudghene Ben Ali Lotfi Airport,6.0,CBH,pop100k+airport,0.424,0.0,,0.212,31.6167,-2.2167
Tirmiz,Uzbekistan,UZ,12,140385,,TMJ,Termez Airport,7.6,TMJ,pop100k+airport,0.424,0.0,,0.212,37.2242,67.2783
Lubango,Angola,AO,09,102541,,SDD,Lubango Mukanka International Airport,9.1,SDD,pop100k+airport,0.424,0.0,,0.212,-14.9172,13.4925
Riohacha,Colombia,CO,17,92431,,RCH,Almirante Padilla Airport,2.9,RCH,airport,0.423,0.0,,0.212,11.5444,-72.9072
Karlovy Vary,Czechia,CZ,81,51807,,KLV,Karlovy Vary Airport,4.5,KLV,airport,0.424,0.0,,0.212,50.2327,12.8712
Tindouf,Algeria,DZ,54,45966,,TIN,Tindouf Airport,3.8,TIN,airport,0.424,0.0,,0.212,27.6711,-8.1474
Tame,Colombia,CO,03,29099,,TME,Gustavo Vargas Airport,2.9,TME,airport,0.425,0.0,,0.212,6.4607,-71.7362
Buenaventura,Colombia,CO,29,24842,,BUN,Gerardo Tobar López Airport,26.3,BUN,airport,0.425,0.0,,0.212,3.5833,-77
San José del Guaviare,Colombia,CO,14,22136,,SJE,Jorge E. Gonzalez Torres Airport,1.0,SJE,airport,0.425,0.0,,0.212,2.5729,-72.6459
Nyala,Sudan,SD,49,565734,,UYL,Nyala Airport,8.2,UYL,pop100k+airport,0.422,0.0,,0.211,12.0489,24.8807
Ciudad Victoria,Mexico,MX,28,305155,,CVM,General Pedro Jose Mendez International Airport,19.8,CVM,pop100k+airport,0.422,0.0,,0.211,23.7417,-99.146
Campeche,Mexico,MX,04,220389,,CPE,Ingeniero Alberto Acuña Ongay International Airport,4.1,CPE,pop100k+airport,0.422,0.0,,0.211,19.8439,-90.5255
La Romana,Dominican Republic,DO,12,208437,,LRM,Casa De Campo International Airport,7.1,LRM,pop100k+airport,0.423,0.0,,0.211,18.4273,-68.9728
Pathānkot,India,IN,23,174306,,IXP,Pathankot Airport,4.9,IXP,pop100k+airport,0.422,0.0,,0.211,32.2748,75.6529
Piedras Negras,Mexico,MX,07,150178,,PDS,Piedras Negras International Airport,8.1,PDS,pop100k+airport,0.422,0.0,,0.211,28.7001,-100.5235
Navoiy,Uzbekistan,UZ,07,129725,,NVI,Navoi International Airport,17.9,NVI,pop100k,0.422,0.0,,0.211,40.0844,65.3792
Zhezqazghan,Kazakhstan,KZ,12,104357,,DZN,Zhezkazgan National Airport,8.5,DZN,pop100k+airport,0.421,0.0,,0.211,47.7833,67.7667
Juchitán de Zaragoza,Mexico,MX,20,74825,,IZT,General Antonio Cárdenas Rodríguez National Airport / Ixtepec Air Base,8.0,IZT,airport,0.422,0.0,,0.211,16.436,-95.0198
Kalmar,Sweden,SE,09,38408,,KLR,Kalmar Airport,5.2,KLR,airport,0.421,0.0,,0.211,56.6616,16.3616
Eagle Pass,United States,US,TX,28765,,PDS,Piedras Negras International Airport,9.7,PDS,airport,0.422,0.0,,0.211,28.7091,-100.4995
Termas de Río Hondo,Argentina,AR,22,27838,,RHD,Termas de Río Hondo international Airport,7.5,RHD,airport,0.422,0.0,,0.211,-27.4936,-64.8597
Ixtepec,Mexico,MX,20,25381,,IZT,General Antonio Cárdenas Rodríguez National Airport / Ixtepec Air Base,12.8,IZT,airport,0.422,0.0,,0.211,16.5605,-95.1038
Puerto Natales,Chile,CL,10,20000,,PNT,Lieutenant Julio Gallardo Airport,6.8,PNT+RYO,airport,0.423,0.0,,0.211,-51.7299,-72.506
Mbuji-Mayi,DR Congo,CD,04,874761,,MJM,Mbuji Mayi Airport,2.8,MJM,pop100k+airport,0.42,0.0,,0.21,-6.136,23.5898
Arequipa,Peru,PE,04,841130,,AQP,Rodríguez Ballón International Airport,7.4,AQP,pop100k+airport,0.42,0.0,,0.21,-16.3989,-71.535
Jos,Nigeria,NG,49,816824,,JOS,Yakubu Gowon Airport,32.2,JOS,pop100k+airport,0.42,0.0,,0.21,9.9285,8.8921
Łódź,Poland,PL,74,768755,,LCJ,Łódź Władysław Reymont Airport,7.5,LCJ,pop100k+airport,0.42,0.0,,0.21,51.7706,19.4739
Bahawalpur,Pakistan,PK,04,552607,,BHV,Bahawalpur Airport,6.9,BHV,pop100k+airport,0.42,0.0,,0.21,29.3978,71.6752
Eskişehir,Türkiye,TR,26,514869,,AOE,Hasan Polatkan Airport,3.9,AOE,pop100k+airport,0.42,0.0,,0.21,39.7767,30.5206
Andijon,Uzbekistan,UZ,01,318419,,AZN,Andijan International Airport,7.4,AZN,pop100k+airport,0.421,0.0,,0.21,40.7821,72.3442
Biskra,Algeria,DZ,19,307987,,BSK,Biskra - Mohamed Khider Airport,6.4,BSK,pop100k+airport,0.421,0.0,,0.21,34.8504,5.728
Batna,Algeria,DZ,03,280798,,BLJ,Batna Mostefa Ben Boulaid Airport,25.0,BLJ,pop100k+airport,0.42,0.0,,0.21,35.556,6.1741
Ivano-Frankivsk,Ukraine,UA,06,204200,,IFO,Ivano-Frankivsk International Airport,4.5,IFO,pop100k+airport,0.419,0.0,,0.21,48.9215,24.7097
Groningen,Netherlands,NL,04,181194,,GRQ,Groningen Airport Eelde,11.2,GRQ,pop100k+airport,0.421,0.0,,0.21,53.2192,6.5667
Parnaíba,Brazil,BR,20,138008,,PHB,Parnaíba - Prefeito Doutor João Silva Filho International Airport,5.1,PHB,pop100k+airport,0.42,0.0,,0.21,-2.9047,-41.7767
Osorno,Chile,CL,14,135773,,ZOS,Cañal Bajo Carlos Hott Siebert Airport,7.4,ZOS,pop100k+airport,0.42,0.0,,0.21,-40.574,-73.1335
El Oued,Algeria,DZ,43,134699,,ELU,Guemar Airport - مطار قمار بالوادي,19.0,ELU,pop100k,0.42,0.0,,0.21,33.3561,6.8632
San Jose,Philippines,PH,41,118807,,SJI,San Jose Airport,2.4,SJI,pop100k+airport,0.42,0.0,,0.21,12.3528,121.0676
Pabianice,Poland,PL,74,70542,,LCJ,Łódź Władysław Reymont Airport,7.1,LCJ,airport,0.42,0.0,,0.21,51.6645,19.3547
Keshod,India,IN,09,68518,,IXK,Keshod Airport,2.7,IXK,airport,0.42,0.0,,0.21,21.3033,70.2486
Caldas Novas,Brazil,BR,29,63675,,CLV,Nelson Ribeiro Guimarães Airport,3.1,CLV,airport,0.42,0.0,,0.21,-17.7443,-48.6279
Reguiba,Algeria,DZ,43,62185,,ELU,Guemar Airport - مطار قمار بالوادي,9.0,ELU,airport,0.42,0.0,,0.21,33.5639,6.7033
Zhob,Pakistan,PK,02,50537,,PZH,Zhob Airport,2.4,PZH,airport,0.42,0.0,,0.21,31.3408,69.4493
Skellefteå,Sweden,SE,23,35516,,SFT,Skellefteå Airport,15.2,SFT,airport,0.42,0.0,,0.21,64.7507,20.9528
Kudat,Malaysia,MY,16,32393,,KUD,Kudat Airport,4.4,KUD,airport,0.421,0.0,,0.21,6.8873,116.8236
Dalnerechensk,Russia,RU,59,28300,,DLR,Dalnerechensk Airport,5.7,DLR,airport,0.42,0.0,,0.21,45.9315,133.7391
Piura,Peru,PE,20,325466,,PIU,PAF Captain Guillermo Concha Iberico International Airport,2.2,PIU,pop100k+airport,0.419,0.0,,0.209,-5.1945,-80.6328
Puducherry,India,IN,22,227411,,PNY,Pondicherry Airport,4.3,PNY,pop100k+airport,0.418,0.0,,0.209,11.9338,79.8298
Poza Rica de Hidalgo,Mexico,MX,30,185242,,PAZ,El Tajín National Airport,7.7,PAZ,pop100k+airport,0.418,0.0,,0.209,20.5331,-97.4595
Chlef,Algeria,DZ,41,178616,,CFK,Chlef Aboubakr Belkaid International Airport,5.7,CFK,pop100k+airport,0.418,0.0,,0.209,36.1653,1.3345
Ech Chettia,Algeria,DZ,41,167955,,CFK,Chlef Aboubakr Belkaid International Airport,8.0,CFK,pop100k+airport,0.418,0.0,,0.209,36.1959,1.2554
Cuddalore,India,IN,25,158569,,PNY,Pondicherry Airport,24.1,PNY,pop100k,0.418,0.0,,0.209,11.7562,79.7669
Fayzabad,Afghanistan,AF,01,44421,,FBD,Fayzabad Airport,5.3,FBD,airport,0.418,0.0,,0.209,37.1166,70.58
Ciudad Constitución,Mexico,MX,03,40935,,CUA,Ciudad Constitución National Airport,5.4,CUA,airport,0.418,0.0,,0.209,25.0321,-111.6626
Nay Pyi Taw,Myanmar,MM,18,925000,yes,NYT,Nay Pyi Taw International Airport,15.4,NYT,pop100k+capital,0.416,0.0,,0.208,19.745,96.1297
El Obeid,Sudan,SD,56,393311,,EBD,El-Obeid Airport,3.9,EBD,pop100k+airport,0.416,0.0,,0.208,13.1842,30.2167
Jember,Indonesia,ID,08,298585,,JBB,Notohadinegoro Airport,7.9,JBB,pop100k+airport,0.415,0.0,,0.208,-8.1721,113.6995
El Fasher,Sudan,SD,55,252609,,ELF,El Fasher Airport,3.0,ELF,pop100k+airport,0.416,0.0,,0.208,13.6279,25.3494
Machala,Ecuador,EC,08,198123,,ETR,Santa Rosa - Artillery Colonel Victor Larrea International Airport,20.8,ETR,pop100k,0.417,0.0,,0.208,-3.2586,-79.9605
Malakal,South Sudan,SS,11550575,160765,,MAK,Malakal International Airport,3.0,MAK,pop100k+airport,0.416,0.0,,0.208,9.5334,31.6605
Zonguldak,Türkiye,TR,85,100229,,ONQ,Zonguldak Çaycuma Airport,25.4,ONQ,pop100k+airport,0.417,0.0,,0.208,41.4514,31.7931
Essaouira,Morocco,MA,07,70634,,ESU,Essaouira-Mogador Airport,15.3,ESU,airport,0.416,0.0,,0.208,31.5125,-9.77
Chambéry,France,FR,84,61640,,CMF,Chambéry Aix les Bains airport,8.6,CMF,airport,0.416,0.0,,0.208,45.5663,5.9208
Santa Rosa,Ecuador,EC,08,41816,,ETR,Santa Rosa - Artillery Colonel Victor Larrea International Airport,4.2,ETR,airport,0.417,0.0,,0.208,-3.4488,-79.9595
Hondomachi-hondo,Japan,JP,21,40787,,AXJ,Amakusa Airport,2.6,AXJ,airport,0.416,0.0,,0.208,32.4599,130.1671
Aix-les-Bains,France,FR,84,27651,,CMF,Chambéry Aix les Bains airport,6.4,CMF,airport,0.416,0.0,,0.208,45.6917,5.9086
Lustenau,Austria,AT,08,22821,,ACH,Sankt Gallen Altenrhein Airport,9.8,ACH,airport,0.416,0.0,,0.208,47.4264,9.6585
Çaycuma,Türkiye,TR,85,21773,,ONQ,Zonguldak Çaycuma Airport,9.0,ONQ,airport,0.417,0.0,,0.208,41.4264,32.0756
Santiago del Estero,Argentina,AR,22,354692,,SDE,Vicecomodoro Angel D. La Paz Aragonés Airport,5.8,SDE,pop100k+airport,0.414,0.0,,0.207,-27.7951,-64.2615
Le Havre,France,FR,28,185972,,DOL,Deauville Normandie airport,14.7,DOL,pop100k,0.414,0.0,,0.207,49.4938,0.1077
Jérémie,Haiti,HT,14,97503,,JEE,Jérémie Airport,5.8,JEE,airport,0.415,0.0,,0.207,18.65,-74.1167
Namibe,Angola,AO,13,80149,,MSZ,Welwitschia Mirabilis International Airport,7.3,MSZ,airport,0.414,0.0,,0.207,-15.1961,12.1522
Nakhchivan,Azerbaijan,AZ,35,64754,,NAJ,Nakhchivan International Airport,4.6,NAJ,airport,0.413,0.0,,0.207,39.2089,45.4122
Bathurst,Australia,AU,02,33110,,BHS,Bathurst Airport,6.6,BHS,airport,0.414,0.0,,0.207,-33.4166,149.5806
Mombetsu,Japan,JP,12,26895,,MBE,Monbetsu Airport,6.8,MBE,airport,0.413,0.0,,0.207,44.3525,143.3525
Chachapoyas,Peru,PE,01,20279,,CHH,Chachapoyas Airport,3.6,CHH,airport,0.415,0.0,,0.207,-6.2317,-77.869
Pago Pago,American Samoa,AS,010,11500,yes,PPG,Pago Pago International Airport,5.9,PPG,capital,0.413,0.0,,0.207,-14.2781,-170.7025
Saint-Pierre,Saint Pierre and Miquelon,PM,97502,6200,yes,FSP,Saint-Pierre Pointe-Blanche Airport,1.8,FSP,capital,0.413,0.0,,0.207,46.7791,-56.1773
Jamestown,"Saint Helena, Ascension and Tristan da Cunha",SH,02,637,yes,HLE,Saint Helena International Airport,7.9,HLE,capital,0.414,0.0,,0.207,-15.9387,-5.7168
Alofi,Niue,NU,00,624,yes,IUE,Niue International Airport,2.9,IUE,capital,0.413,0.0,,0.207,-19.0545,-169.9177
Jining,China,CN,20,258757,,UCB,Ulanqab Jining Airport,11.4,UCB,pop100k,0.411,0.0,,0.206,41.0275,113.1058
Lankaran,Azerbaijan,AZ,29,240300,,LLK,Lankaran International Airport,3.8,LLK,pop100k+airport,0.411,0.0,,0.206,38.7543,48.8506
Abéché,Chad,TD,12,74188,,AEH,Abeche Airport,2.4,AEH,airport,0.412,0.0,,0.206,13.8292,20.8324
Lorient,France,FR,53,58112,,LRT,Lorient South Brittany (Bretagne Sud) Airport,5.7,LRT,airport,0.411,0.0,,0.206,47.7459,-3.3664
Örnsköldsvik,Sweden,SE,24,32493,,OER,Örnsköldsvik Airport,18.9,OER,airport,0.412,0.0,,0.206,63.2909,18.7153
Lanester,France,FR,53,24352,,LRT,Lorient South Brittany (Bretagne Sud) Airport,7.5,LRT,airport,0.411,0.0,,0.206,47.7613,-3.3396
Una,Brazil,BR,05,22613,,UNA,Una-Comandatuba Airport,10.7,UNA,airport,0.412,0.0,,0.206,-15.2933,-39.0753
Ploemeur,France,FR,53,20652,,LRT,Lorient South Brittany (Bretagne Sud) Airport,3.1,LRT,airport,0.411,0.0,,0.206,47.7333,-3.4333
Qarshi,Uzbekistan,UZ,08,222898,,KSQ,Karshi Airport,6.6,KSQ,pop100k+airport,0.409,0.0,,0.205,38.8606,65.7891
Jijel,Algeria,DZ,24,148000,,GJL,Jijel Ferhat Abbas Airport,10.3,GJL,pop100k,0.409,0.0,,0.205,36.821,5.7635
Cajamarca,Peru,PE,06,135000,,CJA,Mayor General FAP Armando Revoredo Iglesias Airport,3.0,CJA,pop100k+airport,0.411,0.0,,0.205,-7.1638,-78.5003
Heroica Guaymas,Mexico,MX,26,113082,,GYM,General José María Yáñez International Airport,6.2,GYM,pop100k+airport,0.411,0.0,,0.205,27.9193,-110.8975
Pori,Finland,FI,04,76772,,POR,Pori Airport,2.6,POR,airport,0.409,0.0,,0.205,61.4833,21.7833
Poprad,Slovakia,SK,05,57431,,TAT,Poprad-Tatry Airport,4.3,TAT,airport,0.409,0.0,,0.205,49.0614,20.298
Timimoun,Algeria,DZ,34,49237,,TMX,Timimoun Airport,5.3,TMX,airport,0.41,0.0,,0.205,29.2639,0.231
Tozeur,Tunisia,TN,35,34943,,TOE,Tozeur Nefta International Airport,3.1,TOE,airport,0.41,0.0,,0.205,33.9197,8.1335
Rodez,France,FR,76,28337,,RDZ,Rodez–Aveyron Airport,9.5,RDZ,airport,0.409,0.0,,0.205,44.3526,2.5734
Khajuraho Group of Monuments,India,IN,35,25662,,HJR,Khajuraho Airport,3.7,HJR,airport,0.41,0.0,,0.205,24.8481,79.9335
Yaren,Nauru,NR,14,1100,yes,INU,Nauru International Airport,0.7,INU,capital,0.411,0.0,,0.205,-0.5508,166.9252
Tébessa,Algeria,DZ,33,634332,,TEE,Cheikh Larbi Tébessi Airport,3.1,TEE,pop100k+airport,0.407,0.0,,0.204,35.4042,8.1242
Taitung City,Taiwan,TW,04,109584,,TTT,Taitung Airport,4.4,TTT,pop100k+airport,0.408,0.0,,0.204,22.7583,121.1444
Bugul’ma,Russia,RU,73,91900,,UUA,Bugulma Airport,11.5,UUA,airport,0.409,0.0,,0.204,54.5378,52.7985
Puerto Peñasco,Mexico,MX,26,56756,,PPE,Mar de Cortés International Airport,22.4,PPE,airport,0.408,0.0,,0.204,31.3172,-113.538
Świnoujście,Poland,PL,87,40919,,HDF,Heringsdorf Airport,7.2,HDF,airport,0.407,0.0,,0.204,53.9105,14.2471
Sanaa,Yemen,YE,16,1937451,yes,SAH,Sanaa International Airport,13.6,SAH,pop100k+capital+airport,0.406,0.0,,0.203,15.3547,44.2067
Aleppo,Syria,SY,09,1602264,,ALP,Aleppo International Airport,6.3,ALP,pop100k+airport,0.405,0.0,,0.203,36.2012,37.1612
Sanandaj,Iran,IR,16,349176,,SDG,Sanandaj Airport,7.7,SDG,pop100k+airport,0.407,0.0,,0.203,35.315,46.9988
Mbandaka,DR Congo,CD,02,184185,,MDK,Mbandaka Airport,4.3,MDK,pop100k+airport,0.406,0.0,,0.203,0.0486,18.2603
Arad,Romania,RO,02,169065,,ARW,Arad International Airport,4.1,ARW,pop100k+airport,0.405,0.0,,0.203,46.1833,21.3167
Gabès,Tunisia,TN,29,110075,,GAE,Gabès Matmata International Airport,23.3,GAE,pop100k+airport,0.407,0.0,,0.203,33.8815,10.0982
Gafsa,Tunisia,TN,30,81232,,GAF,Gafsa Ksar International Airport,3.5,GAF,airport,0.407,0.0,,0.203,34.425,8.7842
Saint-Nazaire,France,FR,52,67054,,SNR,Saint-Nazaire-Montoir Airport,5.6,SNR,airport,0.406,0.0,,0.203,47.2796,-2.2099
Qŭrghonteppa,Tajikistan,TJ,02,65000,,KQT,Bokhtar International Airport,8.1,KQT,airport,0.407,0.0,,0.203,37.834,68.7819
Mersa Matruh,Egypt,EG,22,62042,,MUH,Mersa Matruh International Airport,3.5,MUH,airport,0.407,0.0,,0.203,31.3529,27.2372
Touggourt,Algeria,DZ,50,49044,,TGR,Touggourt Sidi Madhi Airport,5.1,TGR,airport,0.407,0.0,,0.203,33.1053,6.058
Roskilde,Denmark,DK,20,44285,,RKE,Copenhagen Roskilde Airport,7.0,RKE,airport,0.406,0.0,,0.203,55.6415,12.0803
Tebesbest,Algeria,DZ,50,41091,,TGR,Touggourt Sidi Madhi Airport,5.5,TGR,airport,0.407,0.0,,0.203,33.1167,6.0833
Dole,France,FR,27,25878,,DLE,Dole Tavaux Airport,7.6,DLE,airport,0.406,0.0,,0.203,47.0922,5.4897
Komsomolsk-on-Amur,Russia,RU,30,275908,,KXK,Komsomolsk-on-Amur Airport,16.6,KXK,pop100k+airport,0.403,0.0,,0.202,50.5503,137.01
Gombe,Nigeria,NG,55,250258,,GMO,Gombe Lawanti International Airport,29.3,GMO,pop100k+airport,0.403,0.0,,0.202,10.2897,11.1673
Chernivtsi,Ukraine,UA,03,236250,,CWC,Chernivtsi International Airport,4.7,CWC,pop100k+airport,0.403,0.0,,0.202,48.2915,25.9403
Odense,Denmark,DK,21,145931,,ODE,Odense Hans Christian Andersen Airport,9.6,ODE,pop100k+airport,0.403,0.0,,0.202,55.3959,10.3883
Čačak,Serbia,RS,SE,117072,,KVO,Morava Airport,20.7,KVO,pop100k,0.404,0.0,,0.202,43.8914,20.3497
Mostar,Bosnia and Herzegovina,BA,01,104518,,OMO,Mostar International Airport,7.4,OMO,pop100k+airport,0.404,0.0,,0.202,43.3433,17.8081
Kraljevo,Serbia,RS,SE,82846,,KVO,Morava Airport,13.1,KVO,airport,0.404,0.0,,0.202,43.7258,20.6894
Karlstad,Sweden,SE,22,61492,,KSD,Karlstad Airport,11.9,KSD,airport,0.403,0.0,,0.202,59.3793,13.5036
Dongguan,China,CN,30,8000000,,,,,,pop100k,0.0,0.0,,0.0,23.018,113.7487
Xi’an,China,CN,26,6501190,,,,,,pop100k,0.0,0.0,,0.0,34.2583,108.9286
Tai’an,China,CN,25,5499000,,,,,,pop100k,0.0,0.0,,0.0,36.1853,117.12
Suzhou,China,CN,04,5345961,,,,,,pop100k,0.0,0.0,,0.0,31.3041,120.5954
Shantou,China,CN,30,5329024,,,,,,pop100k,0.0,0.0,,0.0,23.3681,116.7148
Jinan,China,CN,25,4335989,,,,,,pop100k,0.0,0.0,,0.0,36.6683,116.9972
Qingdao,China,CN,25,3718835,,,,,,pop100k,0.0,0.0,,0.0,36.0649,120.3804
Pyongyang,North Korea,KP,12,3222000,yes,FNJ,Pyongyang Sunan International Airport,22.4,FNJ,pop100k+capital+airport,0.0,0.0,,0.0,39.0339,125.7543
Zibo,China,CN,25,3129228,,,,,,pop100k,0.0,0.0,,0.0,36.7906,118.0633
Kyiv,Ukraine,UA,12,2797553,yes,,,,,pop100k+capital,0.0,0.0,,0.0,50.4547,30.5238
Lanzhou,China,CN,15,2628426,,,,,,pop100k,0.0,0.0,,0.0,36.057,103.8399
Yunfu,China,CN,30,2612800,,,,,,pop100k,0.0,0.0,,0.0,22.9283,112.0395
Kowloon,Hong Kong (SAR),HK,KKC,2019533,,HHP,Shun Tak Heliport,4.4,HHP,pop100k+airport,0.0,0.0,,0.0,22.3167,114.1833
Jilin,China,CN,05,1881977,,,,,,pop100k,0.0,0.0,,0.0,43.8508,126.5603
Bayan Nur,China,CN,20,1760000,,,,,,pop100k,0.0,0.0,,0.0,40.7414,107.386
Maracay,Venezuela,VE,04,1754256,,,,,,pop100k,0.0,0.0,,0.0,10.2354,-67.5911
Mosul,Iraq,IQ,15,1739800,,,,,,pop100k,0.0,0.0,,0.0,36.335,43.1189
Soweto,South Africa,ZA,06,1695047,,,,,,pop100k,0.0,0.0,,0.0,-26.2678,27.8585
Pretoria,South Africa,ZA,06,1619438,yes,,,,,pop100k+capital,0.0,0.0,,0.0,-25.7449,28.1878
Kunshan,China,CN,04,1600000,,,,,,pop100k,0.0,0.0,,0.0,31.3776,120.9543
Phnom Penh,Cambodia,KH,22,1573544,yes,KTI,Techo International Airport,22.5,KTI,pop100k+capital,0.0,0.0,,0.0,11.5625,104.916
Ludhiāna,India,IN,23,1545368,,,,,,pop100k,0.0,0.0,,0.0,30.912,75.8538
Daejeon,South Korea,KR,19,1475221,,,,,,pop100k,0.0,0.0,,0.0,36.3491,127.3849
Karaj,Iran,IR,44,1448075,,PYK,Payam International Airport,16.1,PYK,pop100k+airport,0.0,0.0,,0.0,35.8327,50.9915
Tirunelveli,India,IN,25,1435844,,,,,,pop100k,0.0,0.0,,0.0,8.7274,77.6838
Kharkiv,Ukraine,UA,07,1430885,,,,,,pop100k,0.0,0.0,,0.0,49.9808,36.2527
Bursa,Türkiye,TR,16,1412701,,,,,,pop100k,0.0,0.0,,0.0,40.1956,29.0601
Fushun,China,CN,19,1400646,,,,,,pop100k,0.0,0.0,,0.0,41.8867,123.9436
Hyderabad,Pakistan,PK,05,1386330,,HDD,Hyderabad Airport,8.3,HDD,pop100k+airport,0.0,0.0,,0.0,25.3924,68.3737
Gujranwala,Pakistan,PK,04,1384471,,,,,,pop100k,0.0,0.0,,0.0,32.1557,74.187
Guankou,China,CN,11,1380000,,,,,,pop100k,0.0,0.0,,0.0,28.1586,113.6271
Kampala,Uganda,UG,C,1353189,yes,,,,,pop100k+capital,0.0,0.0,,0.0,0.3163,32.5822
Khulna,Bangladesh,BD,82,1342339,,,,,,pop100k,0.0,0.0,,0.0,22.8098,89.5644
Gorakhpur,India,IN,10,1324570,,,,,,pop100k,0.0,0.0,,0.0,29.4477,75.6721
Budta,Philippines,PH,14,1273715,,,,,,pop100k,0.0,0.0,,0.0,7.2042,124.4397
Xuchang,China,CN,09,1265536,,,,,,pop100k,0.0,0.0,,0.0,34.0319,113.863
Kalyān,India,IN,16,1262255,,,,,,pop100k,0.0,0.0,,0.0,19.2437,73.1355
Suwon,South Korea,KR,13,1242724,,,,,,pop100k,0.0,0.0,,0.0,37.2911,127.0089
León de los Aldama,Mexico,MX,11,1238962,,,,,,pop100k,0.0,0.0,,0.0,21.1291,-101.6737
Meerut,India,IN,36,1223184,,,,,,pop100k,0.0,0.0,,0.0,28.98,77.7064
Nowrangapur,India,IN,21,1220946,,,,,,pop100k,0.0,0.0,,0.0,19.2311,82.5483
Faridabad,India,IN,10,1220229,,,,,,pop100k,0.0,0.0,,0.0,28.4112,77.3132
Tongshan,China,CN,04,1199193,,,,,,pop100k,0.0,0.0,,0.0,34.1805,117.1571
Ghāziābād,India,IN,36,1199191,,HDO,Hindon Airport / Hindon Air Force Station,9.1,HDO,pop100k+airport,0.0,0.0,,0.0,28.6654,77.4391
Saitama,Japan,JP,34,1193350,,,,,,pop100k,0.0,0.0,,0.0,35.9081,139.6566
Dombivli,India,IN,16,1193000,,,,,,pop100k,0.0,0.0,,0.0,19.2167,73.0833
Fuzhou,China,CN,07,1179720,,,,,,pop100k,0.0,0.0,,0.0,26.0614,119.3061
Rājkot,India,IN,09,1177362,,HSR,Rajkot International Airport,27.1,HSR,pop100k+airport,0.0,0.0,,0.0,22.2916,70.7932
Malingao,Philippines,PH,12,1121974,,,,,,pop100k,0.0,0.0,,0.0,7.1608,124.475
Yono,Japan,JP,34,1077730,,,,,,pop100k,0.0,0.0,,0.0,35.8833,139.6333
Rostov-na-Donu,Russia,RU,61,1074482,,,,,,pop100k,0.0,0.0,,0.0,47.2313,39.7233
Changshu City,China,CN,04,1047700,,,,,,pop100k,0.0,0.0,,0.0,31.6461,120.7422
Seongnam-si,South Korea,KR,13,1031935,,,,,,pop100k,0.0,0.0,,0.0,37.4386,127.1378
Huainan,China,CN,01,1027655,,,,,,pop100k,0.0,0.0,,0.0,32.6264,116.9969
Donetsk,Ukraine,UA,05,1024700,,,,,,pop100k,0.0,0.0,,0.0,48.023,37.8022
Odessa,Ukraine,UA,17,1001558,,,,,,pop100k,0.0,0.0,,0.0,46.4775,30.7326
Zhu Cheng City,China,CN,25,1000000,,,,,,pop100k,0.0,0.0,,0.0,35.995,119.4026
Solāpur,India,IN,16,997281,,,,,,pop100k,0.0,0.0,,0.0,17.6715,75.9104
Baoding,China,CN,10,995652,,,,,,pop100k,0.0,0.0,,0.0,38.8511,115.4903
Benxi,China,CN,19,987717,,,,,,pop100k,0.0,0.0,,0.0,41.2886,123.765
Zaria,Nigeria,NG,23,975153,,,,,,pop100k,0.0,0.0,,0.0,11.1113,7.7227
Chiba,Japan,JP,04,919729,,,,,,pop100k,0.0,0.0,,0.0,35.6,140.1167
Huaibei,China,CN,01,903039,,,,,,pop100k,0.0,0.0,,0.0,33.9744,116.7917
Kaifeng,China,CN,09,900000,,,,,,pop100k,0.0,0.0,,0.0,34.7986,114.3074
Qom,Iran,IR,39,900000,,,,,,pop100k,0.0,0.0,,0.0,34.6401,50.8764
Bishkek,Kyrgyzstan,KG,01,900000,yes,BSZ,Manas International Airport,23.2,BSZ,pop100k+capital+airport,0.0,0.0,,0.0,42.87,74.59
Aba,Nigeria,NG,45,897560,,,,,,pop100k,0.0,0.0,,0.0,5.1066,7.3667
Pingdingshan,China,CN,09,889675,,,,,,pop100k,0.0,0.0,,0.0,33.7385,113.3012
Ulan Bator,Mongolia,MN,20,844818,yes,,,,,pop100k+capital,0.0,0.0,,0.0,47.9077,106.8832
Takeo,Cambodia,KH,19,843931,,,,,,pop100k,0.0,0.0,,0.0,10.9908,104.785
Nanning,China,CN,16,803788,,,,,,pop100k,0.0,0.0,,0.0,22.8167,108.3167
Bogor,Indonesia,ID,30,800000,,,,,,pop100k,0.0,0.0,,0.0,-6.5944,106.7892
Narela,India,IN,07,800000,,,,,,pop100k,0.0,0.0,,0.0,28.8527,77.0929
Zaporizhia,Ukraine,UA,26,796217,,,,,,pop100k,0.0,0.0,,0.0,47.8229,35.1903
Zarqa,Jordan,JO,17,792665,,ADJ,Marka International (Amman Civil) Airport,14.4,ADJ,pop100k,0.0,0.0,,0.0,32.0727,36.088
Çankaya,Türkiye,TR,68,792189,,,,,,pop100k,0.0,0.0,,0.0,39.9179,32.8627
Pasragad Branch,Iran,IR,09,787878,,HDM,Hamadan Airport,12.8,HDM,pop100k,0.0,0.0,,0.0,34.7777,48.4717
Anyang,China,CN,09,781129,,HQQ,Anyang Hongqiqu Airport,26.0,HQQ,pop100k+airport,0.0,0.0,,0.0,36.096,114.3828
Salem,India,IN,25,778396,,,,,,pop100k,0.0,0.0,,0.0,11.6538,78.1554
Homs,Syria,SY,11,775404,,,,,,pop100k,0.0,0.0,,0.0,34.7268,36.7234
Shangyu,China,CN,02,770000,,,,,,pop100k,0.0,0.0,,0.0,30.0156,120.8711
Dammam,Saudi Arabia,SA,06,768602,,,,,,pop100k,0.0,0.0,,0.0,26.4344,50.1033
Xining,China,CN,06,767531,,,,,,pop100k,0.0,0.0,,0.0,36.6255,101.7574
Kota,India,IN,24,763088,,,,,,pop100k,0.0,0.0,,0.0,25.1825,75.8391
Qinhuangdao,China,CN,10,759718,,,,,,pop100k,0.0,0.0,,0.0,39.9317,119.5883
Alīgarh,India,IN,36,753207,,HRH,Aligarh Airport,7.3,HRH,pop100k+airport,0.0,0.0,,0.0,27.8815,78.0746
Bareilly,India,IN,36,745435,,BEK,Bareilly Air Force Station,6.4,BEK,pop100k+airport,0.0,0.0,,0.0,28.3668,79.4317
Xinxiang,China,CN,09,743601,,,,,,pop100k,0.0,0.0,,0.0,35.1903,113.8015
Hegang,China,CN,08,743307,,,,,,pop100k,0.0,0.0,,0.0,47.3512,130.3001
Oyo,Nigeria,NG,32,736072,,,,,,pop100k,0.0,0.0,,0.0,7.8526,3.9312
Muzaffarābād,Pakistan,PK,06,725000,,MFG,Muzaffarabad Airport,4.9,MFG,pop100k+airport,0.0,0.0,,0.0,34.37,73.4708
Bağcılar,Türkiye,TR,34,724270,,,,,,pop100k,0.0,0.0,,0.0,41.039,28.8567
Morādābād,India,IN,36,721139,,MZS,Moradabad Airport,14.3,MZS,pop100k+airport,0.0,0.0,,0.0,28.8389,78.7768
Zhumadian,China,CN,09,720000,,,,,,pop100k,0.0,0.0,,0.0,32.9794,114.0294
Jeonju,South Korea,KR,03,711424,,,,,,pop100k,0.0,0.0,,0.0,35.8219,127.1489
Saltillo,Mexico,MX,07,709671,,SLW,Plan de Guadalupe International Airport,14.9,SLW,pop100k+airport,0.0,0.0,,0.0,25.4232,-101.0053
Zhuzhou,China,CN,11,709358,,,,,,pop100k,0.0,0.0,,0.0,27.8333,113.15
Bhiwandi,India,IN,16,707035,,,,,,pop100k,0.0,0.0,,0.0,19.3002,73.0588
Tol’yatti,Russia,RU,65,702879,,,,,,pop100k,0.0,0.0,,0.0,53.5303,49.3461
Shizuoka,Japan,JP,37,701561,,,,,,pop100k,0.0,0.0,,0.0,34.9833,138.3833
Battagram,Pakistan,PK,03,700000,,,,,,pop100k,0.0,0.0,,0.0,34.6772,73.0233
Changzhi,China,CN,24,699514,,,,,,pop100k,0.0,0.0,,0.0,35.2089,111.7386
La Plata,Argentina,AR,01,694167,,,,,,pop100k,0.0,0.0,,0.0,-34.9215,-57.9545
Zigong,China,CN,32,689961,,,,,,pop100k,0.0,0.0,,0.0,29.3416,104.7769
Fuxin,China,CN,19,689050,,,,,,pop100k,0.0,0.0,,0.0,42.0156,121.6589
Huangshi,China,CN,12,688090,,EHU,Ezhou Huahu International Airport,10.5,EHU,pop100k,0.0,0.0,,0.0,30.2471,115.0481
Liaoyang,China,CN,19,687890,,,,,,pop100k,0.0,0.0,,0.0,41.2719,123.1731
Sheffield,United Kingdom,GB,ENG,685368,,,,,,pop100k,0.0,0.0,,0.0,53.383,-1.4659
Xiangtan,China,CN,11,674189,,,,,,pop100k,0.0,0.0,,0.0,27.85,112.9
Puyang Chengguanzhen,China,CN,09,666322,,,,,,pop100k,0.0,0.0,,0.0,35.7051,115.0141
Kryvyi Rih,Ukraine,UA,04,652380,,KWG,Kryvyi Rih International Airport,19.5,KWG,pop100k+airport,0.0,0.0,,0.0,47.9097,33.3804
Ansan-si,South Korea,KR,13,650728,,,,,,pop100k,0.0,0.0,,0.0,37.3236,126.8219
Guilin,China,CN,16,649352,,,,,,pop100k,0.0,0.0,,0.0,25.2819,110.2864
Kotli,Pakistan,PK,06,640000,,,,,,pop100k,0.0,0.0,,0.0,33.5184,73.9022
Chisinau,Moldova,MD,57,635994,yes,RMO,Chişinău International Airport,10.3,RMO,pop100k+capital+airport,0.0,0.0,,0.0,47.0056,28.8575
Zhenjiang,China,CN,04,632552,,,,,,pop100k,0.0,0.0,,0.0,32.2109,119.4551
Shaoguan,China,CN,30,628749,,HSC,Shaoguan Danxia Airport,25.7,HSC,pop100k+airport,0.0,0.0,,0.0,24.8,113.5833
Contagem,Brazil,BR,15,627123,,,,,,pop100k,0.0,0.0,,0.0,-19.9317,-44.0536
Bhilai,India,IN,37,625138,,,,,,pop100k,0.0,0.0,,0.0,21.2092,81.4285
Panshan,China,CN,19,625040,,,,,,pop100k,0.0,0.0,,0.0,41.1881,122.0494
Al Ḩudaydah,Yemen,YE,08,617871,,,,,,pop100k,0.0,0.0,,0.0,14.7978,42.9545
Jamshedpur,India,IN,38,616338,,,,,,pop100k,0.0,0.0,,0.0,22.8028,86.1855
Ta‘izz,Yemen,YE,25,615222,,TAI,Taiz International Airport,17.4,TAI,pop100k,0.0,0.0,,0.0,13.5795,44.0209
São José dos Campos,Brazil,BR,27,613764,,SJK,Professor Urbano Ernesto Stumpf Airport,6.1,SJK,pop100k+airport,0.0,0.0,,0.0,-23.1794,-45.8869
Xingtai,China,CN,10,611739,,,,,,pop100k,0.0,0.0,,0.0,37.0631,114.4942
Hamamatsu,Japan,JP,37,605098,,,,,,pop100k,0.0,0.0,,0.0,34.7,137.7333
Cochin,India,IN,13,604696,,,,,,pop100k,0.0,0.0,,0.0,9.9399,76.2602
Amrāvati,India,IN,16,603837,,,,,,pop100k,0.0,0.0,,0.0,20.9333,77.75
Islamabad,Pakistan,PK,08,601600,yes,,,,,pop100k+capital,0.0,0.0,,0.0,33.7215,73.0433
Kirkuk,Iraq,IQ,13,601433,,KIK,Kirkuk International Airport,3.9,KIK,pop100k+airport,0.0,0.0,,0.0,35.4681,44.3922
Sāngli,India,IN,16,601214,,,,,,pop100k,0.0,0.0,,0.0,16.8544,74.5642
Shuangyashan,China,CN,08,600000,,,,,,pop100k,0.0,0.0,,0.0,46.6361,131.1539
Situbondo,Indonesia,ID,08,600000,,,,,,pop100k,0.0,0.0,,0.0,-7.7062,114.0098
Luancheng,China,CN,10,597130,,,,,,pop100k,0.0,0.0,,0.0,37.8792,114.6517
Abeokuta,Nigeria,NG,16,593100,,,,,,pop100k,0.0,0.0,,0.0,7.1557,3.3451
Essen,Germany,DE,07,593085,,,,,,pop100k,0.0,0.0,,0.0,51.4566,7.0123
Zhangzhou,China,CN,07,589831,,,,,,pop100k,0.0,0.0,,0.0,24.5133,117.6556
Vladivostok,Russia,RU,59,587022,,,,,,pop100k,0.0,0.0,,0.0,43.1056,131.8735
Üsküdar,Türkiye,TR,34,582666,,,,,,pop100k,0.0,0.0,,0.0,41.0227,29.0137
Hachiōji,Japan,JP,40,579399,,,,,,pop100k,0.0,0.0,,0.0,35.6558,139.3239
Bahçelievler,Türkiye,TR,34,576799,,,,,,pop100k,0.0,0.0,,0.0,41.0023,28.8598
Bengbu,China,CN,01,576648,,BFY,Bengbu Tenghu Airport,37.7,BFY,pop100k+airport,0.0,0.0,,0.0,32.9408,117.3608
Bīkaner,India,IN,24,576015,,,,,,pop100k,0.0,0.0,,0.0,28.0176,73.3149
Hamhŭng,North Korea,KP,03,559056,,DSO,Sondok Airport,20.0,DSO,pop100k,0.0,0.0,,0.0,39.9183,127.5364
Sorocaba,Brazil,BR,27,558862,,SOD,Sorocaba Airport,4.2,SOD,pop100k+airport,0.0,0.0,,0.0,-23.5017,-47.4581
Warangal,India,IN,40,557802,,,,,,pop100k,0.0,0.0,,0.0,18,79.5833
Siping,China,CN,05,555609,,,,,,pop100k,0.0,0.0,,0.0,43.1614,124.3778
Neijiang,China,CN,32,546854,,,,,,pop100k,0.0,0.0,,0.0,29.5835,105.0622
Meknès,Morocco,MA,03,545705,,,,,,pop100k,0.0,0.0,,0.0,33.8935,-5.5473
Sargodha,Pakistan,PK,04,542603,,,,,,pop100k,0.0,0.0,,0.0,32.0859,72.6742
Port Said,Egypt,EG,19,538378,,PSD,Port Said International Airport,6.0,PSD,pop100k+airport,0.0,0.0,,0.0,31.2653,32.3019
Mersin,Türkiye,TR,32,537842,,,,,,pop100k,0.0,0.0,,0.0,36.812,34.6389
Raurkela,India,IN,21,536450,,,,,,pop100k,0.0,0.0,,0.0,22.225,84.8641
Guli,China,CN,02,536000,,,,,,pop100k,0.0,0.0,,0.0,28.8816,120.0331
Tanggu,China,CN,28,535298,,,,,,pop100k,0.0,0.0,,0.0,39.0211,117.6469
Jiangmen,China,CN,30,532419,,,,,,pop100k,0.0,0.0,,0.0,22.5833,113.0833
Guntur,India,IN,02,530577,,,,,,pop100k,0.0,0.0,,0.0,16.2997,80.4573
Touba,Senegal,SN,03,529176,,,,,,pop100k,0.0,0.0,,0.0,14.85,-15.8833
Hamadān,Iran,IR,09,528256,,HDM,Hamadan Airport,8.6,HDM,pop100k+airport,0.0,0.0,,0.0,34.7992,48.5146
Cangzhou,China,CN,10,527681,,,,,,pop100k,0.0,0.0,,0.0,38.3167,116.8667
San Salvador,El Salvador,SV,10,525990,yes,ILS,Ilopango International Airport,7.4,ILS,pop100k+capital+airport,0.0,0.0,,0.0,13.6893,-89.1872
Esenler,Türkiye,TR,34,520235,,,,,,pop100k,0.0,0.0,,0.0,41.0435,28.8762
Ryazan’,Russia,RU,62,520173,,,,,,pop100k,0.0,0.0,,0.0,54.6269,39.6916
Jiaozuo,China,CN,09,517540,,,,,,pop100k,0.0,0.0,,0.0,35.2397,113.2331
Ulhasnagar,India,IN,16,516584,,,,,,pop100k,0.0,0.0,,0.0,19.2167,73.15
Āzādshahr,Iran,IR,09,514102,,HDM,Hamadan Airport,8.5,HDM,pop100k+airport,0.0,0.0,,0.0,34.7905,48.5701
Bilimora,India,IN,09,510879,,,,,,pop100k,0.0,0.0,,0.0,20.7696,72.9613
Mykolayiv,Ukraine,UA,16,510840,,,,,,pop100k,0.0,0.0,,0.0,46.9659,31.9974
Puente Alto,Chile,CL,12,510417,,,,,,pop100k,0.0,0.0,,0.0,-33.6117,-70.5758
Naberezhnyye Chelny,Russia,RU,73,509870,,,,,,pop100k,0.0,0.0,,0.0,55.7255,52.4112
Leicester,United Kingdom,GB,ENG,508916,,,,,,pop100k,0.0,0.0,,0.0,52.6386,-1.1317
Āsansol,India,IN,28,504271,,,,,,pop100k,0.0,0.0,,0.0,23.6833,86.9833
Arāk,Iran,IR,34,503647,,,,,,pop100k,0.0,0.0,,0.0,34.0949,49.6981
Wuwei,China,CN,15,493092,,,,,,pop100k,0.0,0.0,,0.0,37.9267,102.632
Jianshui,China,CN,29,490000,,,,,,pop100k,0.0,0.0,,0.0,24.2774,101.224
Suez,Egypt,EG,15,488125,,,,,,pop100k,0.0,0.0,,0.0,29.9737,32.5263
Sahāranpur,India,IN,36,484873,,,,,,pop100k,0.0,0.0,,0.0,29.9679,77.5452
Cuautitlán Izcalli,Mexico,MX,15,484573,,NLU,Felipe Ángeles International Airport,23.8,NLU,pop100k,0.0,0.0,,0.0,19.6439,-99.216
Feira de Santana,Brazil,BR,05,481911,,FEC,João Durval Carneiro Airport,9.9,FEC,pop100k+airport,0.0,0.0,,0.0,-12.2667,-38.9667
Mariupol,Ukraine,UA,05,481626,,MPW,Mariupol International Airport,7.3,MPW,pop100k+airport,0.0,0.0,,0.0,47.0951,37.5413
Himeji,Japan,JP,13,481493,,,,,,pop100k,0.0,0.0,,0.0,34.8167,134.7
Homyel',Belarus,BY,02,480951,,GME,Gomel Airport,10.7,GME,pop100k,0.0,0.0,,0.0,52.4345,30.9754
Okene,Nigeria,NG,41,479178,,,,,,pop100k,0.0,0.0,,0.0,7.5512,6.2359
Uijeongbu-si,South Korea,KR,13,479141,,,,,,pop100k,0.0,0.0,,0.0,37.7415,127.0474
Yichang,China,CN,12,476725,,,,,,pop100k,0.0,0.0,,0.0,30.7144,111.2847
Hwaseong-si,South Korea,KR,13,476297,,,,,,pop100k,0.0,0.0,,0.0,37.2068,126.8169
Vereeniging,South Africa,ZA,06,474681,,,,,,pop100k,0.0,0.0,,0.0,-26.6731,27.9261
Matsudo,Japan,JP,04,470277,,,,,,pop100k,0.0,0.0,,0.0,35.7799,139.9014
Tula,Russia,RU,76,468825,,,,,,pop100k,0.0,0.0,,0.0,54.1961,37.6182
Kawaguchi,Japan,JP,34,468565,,,,,,pop100k,0.0,0.0,,0.0,35.8052,139.7107
Jiaxing,China,CN,02,466101,,JNH,Jiaxing Nanhu Airport,10.3,JNH,pop100k,0.0,0.0,,0.0,30.7522,120.75
Liaoyuan,China,CN,05,465249,,,,,,pop100k,0.0,0.0,,0.0,42.9036,125.1358
Ḩamāh,Syria,SY,10,460602,,,,,,pop100k,0.0,0.0,,0.0,35.1318,36.7578
Ujjain,India,IN,35,457346,,,,,,pop100k,0.0,0.0,,0.0,23.1824,75.7764
Hengshui,China,CN,10,456356,,,,,,pop100k,0.0,0.0,,0.0,37.7322,115.7011
Namp’o,North Korea,KP,15,455000,,,,,,pop100k,0.0,0.0,,0.0,38.7375,125.4078
Rāmgundam,India,IN,40,452261,,,,,,pop100k,0.0,0.0,,0.0,18.8008,79.4521
Luhansk,Ukraine,UA,14,452000,,,,,,pop100k,0.0,0.0,,0.0,48.5671,39.3171
Utsunomiya,Japan,JP,38,449865,,,,,,pop100k,0.0,0.0,,0.0,36.5667,139.8833
Cagayan de Oro,Philippines,PH,10,445103,,,,,,pop100k,0.0,0.0,,0.0,8.4822,124.6472
Nangi,India,IN,28,440894,,,,,,pop100k,0.0,0.0,,0.0,22.5083,88.2153
Mawlamyine,Myanmar,MM,13,438861,,MNU,Mawlamyine Airport,6.2,MNU,pop100k+airport,0.0,0.0,,0.0,16.4905,97.6282
Sunch’ŏn,North Korea,KP,15,437000,,,,,,pop100k,0.0,0.0,,0.0,39.4317,125.9328
Bei’an,China,CN,08,436444,,,,,,pop100k,0.0,0.0,,0.0,48.2667,126.6
Mālegaon,India,IN,16,435362,,,,,,pop100k,0.0,0.0,,0.0,20.5497,74.5346
Davangere,India,IN,19,435128,,,,,,pop100k,0.0,0.0,,0.0,14.4669,75.9269
Karbala,Iraq,IQ,12,434450,,,,,,pop100k,0.0,0.0,,0.0,32.616,44.0249
Katsina,Nigeria,NG,24,432149,,DKA,Umaru Musa Yar'adua Airport,6.6,DKA,pop100k+airport,0.0,0.0,,0.0,12.9908,7.6018
Welkom,South Africa,ZA,03,431944,,,,,,pop100k,0.0,0.0,,0.0,-27.9774,26.7351
Al Maḩallah al Kubrá,Egypt,EG,05,431052,,,,,,pop100k,0.0,0.0,,0.0,30.9706,31.1669
Jalgaon,India,IN,16,429298,,JLG,Jalgaon Airport,7.8,JLG,pop100k+airport,0.0,0.0,,0.0,21.0029,75.566
Yokosuka,Japan,JP,19,428992,,,,,,pop100k,0.0,0.0,,0.0,35.2836,139.6672
Akola,India,IN,16,428857,,,,,,pop100k,0.0,0.0,,0.0,20.7096,76.9981
Al Kharj,Saudi Arabia,SA,10,425300,,,,,,pop100k,0.0,0.0,,0.0,24.1554,47.3346
Xalapa de Enríquez,Mexico,MX,30,424755,,,,,,pop100k,0.0,0.0,,0.0,19.5312,-96.9159
Ado-Ekiti,Nigeria,NG,54,424340,,,,,,pop100k,0.0,0.0,,0.0,7.6233,5.2209
Likasi,DR Congo,CD,14,422414,,,,,,pop100k,0.0,0.0,,0.0,-10.983,26.7384
Shaoxing,China,CN,02,421283,,,,,,pop100k,0.0,0.0,,0.0,30.0024,120.5786
Al Manşūrah,Egypt,EG,01,420195,,,,,,pop100k,0.0,0.0,,0.0,31.0364,31.3807
Korba,India,IN,37,419146,,,,,,pop100k,0.0,0.0,,0.0,22.3458,82.6963
Bokāro,India,IN,38,418533,,,,,,pop100k,0.0,0.0,,0.0,23.7871,85.9564
Kolwezi,DR Congo,CD,22,418000,,KWZ,Kolwezi Airport,7.1,KWZ,pop100k+airport,0.0,0.0,,0.0,-10.7148,25.4667
Luohe,China,CN,09,417356,,,,,,pop100k,0.0,0.0,,0.0,33.5639,114.0427
Sevastopol,Ukraine,UA,20,416263,,,,,,pop100k,0.0,0.0,,0.0,44.608,33.5213
Yangquan,China,CN,24,413394,,,,,,pop100k,0.0,0.0,,0.0,37.8575,113.5633
Jhānsi,India,IN,36,412927,,,,,,pop100k,0.0,0.0,,0.0,25.4589,78.5799
Santos,Brazil,BR,27,411403,,,,,,pop100k,0.0,0.0,,0.0,-23.9608,-46.3336
Maturín,Venezuela,VE,16,410972,,MUN,José Tadeo Monagas International Airport,3.3,MUN,pop100k+airport,0.0,0.0,,0.0,9.7457,-63.1832
Gaza,Palestine,PS,GZ,410000,,,,,,pop100k,0.0,0.0,,0.0,31.5016,34.4667
Szczecin,Poland,PL,87,407811,,,,,,pop100k,0.0,0.0,,0.0,53.4289,14.553
Tanda,Egypt,EG,05,404901,,,,,,pop100k,0.0,0.0,,0.0,30.7885,31.0019
Newcastle,South Africa,ZA,02,404838,,,,,,pop100k,0.0,0.0,,0.0,-27.758,29.9318
Nellore,India,IN,02,404158,,,,,,pop100k,0.0,0.0,,0.0,14.4499,79.987
Hsinchu,Taiwan,TW,04,404109,,,,,,pop100k,0.0,0.0,,0.0,24.8036,120.9686
Lekki,Nigeria,NG,05,401272,,,,,,pop100k,0.0,0.0,,0.0,6.4095,4.0915
Kitwe,Zambia,ZM,08,400914,,,,,,pop100k,0.0,0.0,,0.0,-12.8024,28.2132
Nasiriyah,Iraq,IQ,09,400249,,,,,,pop100k,0.0,0.0,,0.0,31.058,46.2573
Tver,Russia,RU,77,400212,,,,,,pop100k,0.0,0.0,,0.0,56.8584,35.9006
Machida,Japan,JP,40,399969,,,,,,pop100k,0.0,0.0,,0.0,35.5403,139.4508
Yangjiang,China,CN,30,399735,,,,,,pop100k,0.0,0.0,,0.0,21.8556,111.9627
Khmelnytskyi,Ukraine,UA,09,398346,,,,,,pop100k,0.0,0.0,,0.0,49.4216,26.9965
Tiruppur,India,IN,25,397521,,,,,,pop100k,0.0,0.0,,0.0,11.1154,77.3546
Al Hoceïma,Morocco,MA,01,395644,,,,,,pop100k,0.0,0.0,,0.0,35.2516,-3.9372
Surrey,Canada,CA,02,394976,,,,,,pop100k,0.0,0.0,,0.0,49.1063,-122.8251
Fujisawa,Japan,JP,19,394624,,,,,,pop100k,0.0,0.0,,0.0,35.3493,139.4767
Kollam,India,IN,13,394163,,,,,,pop100k,0.0,0.0,,0.0,8.8811,76.5847
Bamenda,Cameroon,CM,07,393835,,,,,,pop100k,0.0,0.0,,0.0,5.9597,10.146
Comilla,Bangladesh,BD,84,389411,,,,,,pop100k,0.0,0.0,,0.0,23.4619,91.185
Bochum,Germany,DE,07,385729,,,,,,pop100k,0.0,0.0,,0.0,51.4817,7.2165
Betim,Brazil,BR,15,384000,,,,,,pop100k,0.0,0.0,,0.0,-19.9678,-44.1983
Fukuyama,Japan,JP,11,383298,,,,,,pop100k,0.0,0.0,,0.0,34.4833,133.3667
N’dalatando,Angola,AO,05,383100,,,,,,pop100k,0.0,0.0,,0.0,-9.2978,14.9116
Nizhny Tagil,Russia,RU,71,381116,,,,,,pop100k,0.0,0.0,,0.0,57.9194,59.965
Irapuato,Mexico,MX,11,380941,,,,,,pop100k,0.0,0.0,,0.0,20.6767,-101.3563
Dezhou,China,CN,25,379555,,,,,,pop100k,0.0,0.0,,0.0,37.4513,116.3105
Shibganj,Bangladesh,BD,83,378701,,,,,,pop100k,0.0,0.0,,0.0,25.0015,89.3227
Toyohashi,Japan,JP,01,378374,,,,,,pop100k,0.0,0.0,,0.0,34.7667,137.3833
Zhoukou,China,CN,09,377061,,,,,,pop100k,0.0,0.0,,0.0,33.6333,114.6333
Huancayo,Peru,PE,12,376657,,,,,,pop100k,0.0,0.0,,0.0,-12.0651,-75.2049
Makiyivka,Ukraine,UA,05,376610,,,,,,pop100k,0.0,0.0,,0.0,48.0478,37.9258
Putian,China,CN,07,376558,,,,,,pop100k,0.0,0.0,,0.0,25.4394,119.0103
Minato,Japan,JP,43,375339,,,,,,pop100k,0.0,0.0,,0.0,34.2152,135.1501
Seremban,Malaysia,MY,05,372917,,,,,,pop100k,0.0,0.0,,0.0,2.7297,101.9381
Stoke-on-Trent,United Kingdom,GB,ENG,372775,,,,,,pop100k,0.0,0.0,,0.0,53.0042,-2.1854
Pingxiang,China,CN,03,372123,,,,,,pop100k,0.0,0.0,,0.0,27.6167,113.8535
Fenghuang,China,CN,11,370000,,,,,,pop100k,0.0,0.0,,0.0,27.9356,109.5996
Mahilyow,Belarus,BY,06,369200,,MVQ,Mogilev Airport,16.9,MVQ,pop100k,0.0,0.0,,0.0,53.9168,30.3449
Natore,Bangladesh,BD,83,369138,,,,,,pop100k,0.0,0.0,,0.0,24.4111,88.9867
Nara-shi,Japan,JP,28,367353,,,,,,pop100k,0.0,0.0,,0.0,34.685,135.8048
Ahmadnagar,India,IN,16,367140,,,,,,pop100k,0.0,0.0,,0.0,19.0946,74.7384
Dhūlia,India,IN,16,366980,,,,,,pop100k,0.0,0.0,,0.0,20.9013,74.7774
Kenitra,Morocco,MA,04,366570,,,,,,pop100k,0.0,0.0,,0.0,34.261,-6.5802
Cheonan,South Korea,KR,17,365114,,,,,,pop100k,0.0,0.0,,0.0,36.8065,127.1522
Larkana,Pakistan,PK,05,364033,,,,,,pop100k,0.0,0.0,,0.0,27.559,68.212
Al Qadarif,Sudan,SD,39,363945,,,,,,pop100k,0.0,0.0,,0.0,14.0349,35.3834
Toyota,Japan,JP,01,362383,,,,,,pop100k,0.0,0.0,,0.0,35.0833,137.15
Zhaoqing,China,CN,30,361969,,,,,,pop100k,0.0,0.0,,0.0,23.0489,112.4609
Bhāgalpur,India,IN,34,361548,,,,,,pop100k,0.0,0.0,,0.0,25.2445,86.9718
Shekhupura,Pakistan,PK,04,361303,,,,,,pop100k,0.0,0.0,,0.0,31.7129,73.9856
Wuppertal,Germany,DE,07,360797,,,,,,pop100k,0.0,0.0,,0.0,51.2563,7.1482
Nagano,Japan,JP,26,360176,,,,,,pop100k,0.0,0.0,,0.0,36.65,138.1833
Huocheng,China,CN,13,360000,,,,,,pop100k,0.0,0.0,,0.0,44.053,80.8717
San Jose del Monte,Philippines,PH,03,357828,,,,,,pop100k,0.0,0.0,,0.0,14.8139,121.0453
Zanjān,Iran,IR,36,357471,,,,,,pop100k,0.0,0.0,,0.0,36.6764,48.4963
Iwaki,Japan,JP,08,357309,,,,,,pop100k,0.0,0.0,,0.0,37.05,140.8833
Barinas,Venezuela,VE,05,353442,,BNS,Barinas Airport,1.1,BNS,pop100k+airport,0.0,0.0,,0.0,8.6226,-70.2075
Okazaki,Japan,JP,01,352361,,,,,,pop100k,0.0,0.0,,0.0,34.95,137.1667
Vinnytsia,Ukraine,UA,23,352115,,,,,,pop100k,0.0,0.0,,0.0,49.2328,28.481
Punāsa,India,IN,35,350000,,,,,,pop100k,0.0,0.0,,0.0,22.2351,76.3933
Muzaffarnagar,India,IN,36,349706,,,,,,pop100k,0.0,0.0,,0.0,29.4709,77.7033
Latur,India,IN,16,348967,,LTU,Murod Kond Airport,11.0,LTU,pop100k+airport,0.0,0.0,,0.0,18.3972,76.5678
Hŭngnam,North Korea,KP,03,346082,,DSO,Sondok Airport,15.7,DSO,pop100k,0.0,0.0,,0.0,39.8317,127.6186
Kosti,Sudan,SD,41,345068,,,,,,pop100k,0.0,0.0,,0.0,13.1629,32.6635
Taihecun,China,CN,08,345033,,,,,,pop100k,0.0,0.0,,0.0,45.7635,130.8505
Turmero,Venezuela,VE,04,344700,,,,,,pop100k,0.0,0.0,,0.0,10.2286,-67.4742
Rangpur,Bangladesh,BD,87,343122,,,,,,pop100k,0.0,0.0,,0.0,25.7466,89.2517
Bhimbar,Pakistan,PK,06,342900,,,,,,pop100k,0.0,0.0,,0.0,32.9746,74.0785
Vitebsk,Belarus,BY,07,342700,,,,,,pop100k,0.0,0.0,,0.0,55.1904,30.2049
Iligan,Philippines,PH,10,342618,,,,,,pop100k,0.0,0.0,,0.0,8.2289,124.2434
Shiqi,China,CN,30,342306,,,,,,pop100k,0.0,0.0,,0.0,22.5168,113.3852
Piracicaba,Brazil,BR,27,342209,,,,,,pop100k,0.0,0.0,,0.0,-22.7253,-47.6492
Kūkatpalli,India,IN,40,341709,,,,,,pop100k,0.0,0.0,,0.0,17.4849,78.4138
Jhang Sadr,Pakistan,PK,04,341210,,,,,,pop100k,0.0,0.0,,0.0,31.2698,72.3169
Plovdiv,Bulgaria,BG,51,340494,,PDV,Plovdiv International Airport,12.4,PDV,pop100k+airport,0.0,0.0,,0.0,42.15,24.75
Celaya,Mexico,MX,11,340387,,,,,,pop100k,0.0,0.0,,0.0,20.5235,-100.8157
Kashiwa,Japan,JP,04,340221,,,,,,pop100k,0.0,0.0,,0.0,35.8622,139.9773
Latakia,Syria,SY,02,340181,,LTK,Latakia International Airport,20.4,LTK,pop100k+airport,0.0,0.0,,0.0,35.5317,35.7901
Tokorozawa,Japan,JP,34,339435,,,,,,pop100k,0.0,0.0,,0.0,35.7992,139.469
Kaluga,Russia,RU,25,338978,,,,,,pop100k,0.0,0.0,,0.0,54.5293,36.2754
Cuernavaca,Mexico,MX,17,338650,,,,,,pop100k,0.0,0.0,,0.0,18.9261,-99.2308
Kaesŏng,North Korea,KP,06,338155,,,,,,pop100k,0.0,0.0,,0.0,37.9708,126.5544
Ciudad Bolívar,Venezuela,VE,06,338000,,,,,,pop100k,0.0,0.0,,0.0,8.1292,-63.5409
Kawagoe,Japan,JP,34,337931,,,,,,pop100k,0.0,0.0,,0.0,35.9086,139.4853
Bellary,India,IN,19,336681,,,,,,pop100k,0.0,0.0,,0.0,15.142,76.924
Tieling,China,CN,19,333907,,,,,,pop100k,0.0,0.0,,0.0,42.2931,123.8414
Qazvin,Iran,IR,38,333635,,,,,,pop100k,0.0,0.0,,0.0,36.2688,50.0041
Muzaffarpur,India,IN,34,333200,,,,,,pop100k,0.0,0.0,,0.0,26.1226,85.3906
Wad Medani,Sudan,SD,38,332714,,,,,,pop100k,0.0,0.0,,0.0,14.4012,33.5199
Jincheng,China,CN,24,332650,,,,,,pop100k,0.0,0.0,,0.0,35.5022,112.8328
Bielefeld,Germany,DE,07,331906,,,,,,pop100k,0.0,0.0,,0.0,52.0333,8.5333
Mathura,India,IN,36,330511,,,,,,pop100k,0.0,0.0,,0.0,27.5035,77.6722
Soyapango,El Salvador,SV,10,329708,,ILS,Ilopango International Airport,2.5,ILS,pop100k+airport,0.0,0.0,,0.0,13.7102,-89.1399
Patiāla,India,IN,23,329224,,,,,,pop100k,0.0,0.0,,0.0,30.3362,76.3922
Wŏnsan,North Korea,KP,09,329207,,WOS,Wonsan Kalma Airport,4.1,WOS,pop100k+airport,0.0,0.0,,0.0,39.1528,127.4436
Chānda,India,IN,16,328351,,,,,,pop100k,0.0,0.0,,0.0,19.9508,79.2952
Chongjin,North Korea,KP,17,327000,,,,,,pop100k,0.0,0.0,,0.0,41.7956,129.7758
Bhīlwāra,India,IN,24,326431,,,,,,pop100k,0.0,0.0,,0.0,25.3471,74.6408
Mogi das Cruzes,Brazil,BR,27,325746,,,,,,pop100k,0.0,0.0,,0.0,-23.5228,-46.1883
Thrissur,India,IN,13,325110,,,,,,pop100k,0.0,0.0,,0.0,10.5167,76.2167
Brahmapur,India,IN,21,324726,,,,,,pop100k,0.0,0.0,,0.0,19.3115,84.7929
São Vicente,Brazil,BR,27,324457,,,,,,pop100k,0.0,0.0,,0.0,-23.9631,-46.3919
Orël,Russia,RU,56,324200,,,,,,pop100k,0.0,0.0,,0.0,52.9651,36.0785
Suizhou,China,CN,12,323945,,,,,,pop100k,0.0,0.0,,0.0,31.7111,113.3631
Al ‘Amārah,Iraq,IQ,14,323302,,,,,,pop100k,0.0,0.0,,0.0,31.8356,47.1448
Volzhskiy,Russia,RU,84,323293,,,,,,pop100k,0.0,0.0,,0.0,48.7858,44.7797
Jundiaí,Brazil,BR,27,321589,,,,,,pop100k,0.0,0.0,,0.0,-23.1864,-46.8842
Smolensk,Russia,RU,69,320991,,,,,,pop100k,0.0,0.0,,0.0,54.7818,32.0401
Shāhjānpur,India,IN,36,320434,,,,,,pop100k,0.0,0.0,,0.0,27.8817,79.9092
Anápolis,Brazil,BR,29,319587,,,,,,pop100k,0.0,0.0,,0.0,-16.3267,-48.9528
Shimoga,India,IN,19,319550,,,,,,pop100k,0.0,0.0,,0.0,13.9316,75.5679
Ad Dīwānīyah,Iraq,IQ,04,318801,,,,,,pop100k,0.0,0.0,,0.0,31.9929,44.9255
Mataram,Indonesia,ID,17,318674,,,,,,pop100k,0.0,0.0,,0.0,-8.5833,116.1167
Reading,United Kingdom,GB,ENG,318014,,,,,,pop100k,0.0,0.0,,0.0,51.4562,-0.9711
Poltava,Ukraine,UA,18,317847,,,,,,pop100k,0.0,0.0,,0.0,49.5937,34.5407
Koshigaya,Japan,JP,34,317437,,,,,,pop100k,0.0,0.0,,0.0,35.8903,139.7892
Hrodna,Belarus,BY,03,317365,,,,,,pop100k,0.0,0.0,,0.0,53.6884,23.8258
Rohtak,India,IN,10,317245,,,,,,pop100k,0.0,0.0,,0.0,28.8945,76.5892
Chimbote,Peru,PE,02,316966,,CHM,FAP Lieutenant Jaime Andres de Montreuil Morales Airport,9.3,CHM,pop100k+airport,0.0,0.0,,0.0,-9.0853,-78.5783
Calamba,Philippines,PH,40,316612,,,,,,pop100k,0.0,0.0,,0.0,14.2117,121.1653
Bauchi,Nigeria,NG,46,316149,,BCU,Sir Abubakar Tafawa Balewa Bauchi State International Airport,22.1,BCU,pop100k+airport,0.0,0.0,,0.0,10.3103,9.8439
Al Kūt,Iraq,IQ,16,315162,,,,,,pop100k,0.0,0.0,,0.0,32.5128,45.8182
Vologda,Russia,RU,85,314900,,,,,,pop100k,0.0,0.0,,0.0,59.2239,39.884
Şişli,Türkiye,TR,34,314684,,,,,,pop100k,0.0,0.0,,0.0,41.0605,28.9872
Preston,United Kingdom,GB,ENG,313332,,,,,,pop100k,0.0,0.0,,0.0,53.7628,-2.7045
Ganja,Azerbaijan,AZ,20,313300,,GNJ,Ganja International Airport,7.1,GNJ,pop100k+airport,0.0,0.0,,0.0,40.6828,46.3606
Lianshan,China,CN,19,313247,,,,,,pop100k,0.0,0.0,,0.0,40.7643,120.8533
Wusong,China,CN,01,312588,,,,,,pop100k,0.0,0.0,,0.0,30.95,117.7833
Iligan City,Philippines,PH,12,312323,,,,,,pop100k,0.0,0.0,,0.0,8.25,124.4
Guarujá,Brazil,BR,27,310424,,,,,,pop100k,0.0,0.0,,0.0,-23.9931,-46.2564
Sariwŏn,North Korea,KP,07,310100,,,,,,pop100k,0.0,0.0,,0.0,38.5072,125.7558
Vladimir,Russia,RU,83,310024,,,,,,pop100k,0.0,0.0,,0.0,56.1365,40.3966
Botshabelo,South Africa,ZA,03,309714,,,,,,pop100k,0.0,0.0,,0.0,-29.2674,26.726
Oshawa,Canada,CA,08,308875,,,,,,pop100k,0.0,0.0,,0.0,43.9001,-78.8496
Cabuyao,Philippines,PH,40,308745,,,,,,pop100k,0.0,0.0,,0.0,14.2726,121.1262
Chernihiv,Ukraine,UA,02,307684,,,,,,pop100k,0.0,0.0,,0.0,51.5055,31.2849
Irbid,Jordan,JO,18,307480,,,,,,pop100k,0.0,0.0,,0.0,32.5556,35.85
Tumkūr,India,IN,19,307359,,,,,,pop100k,0.0,0.0,,0.0,13.3414,77.1022
Newport,United Kingdom,GB,WLS,306844,,,,,,pop100k,0.0,0.0,,0.0,51.5877,-2.9983
Shengli,China,CN,25,306450,,,,,,pop100k,0.0,0.0,,0.0,37.4627,118.4917
Fīrozābād,India,IN,36,306409,,,,,,pop100k,0.0,0.0,,0.0,27.1509,78.3978
Al Fayyūm,Egypt,EG,04,306393,,,,,,pop100k,0.0,0.0,,0.0,29.31,30.8418
Nizāmābād,India,IN,40,305438,,,,,,pop100k,0.0,0.0,,0.0,18.6715,78.0988
Kulti,India,IN,28,305405,,,,,,pop100k,0.0,0.0,,0.0,23.7317,86.8437
Franca,Brazil,BR,27,305041,,,,,,pop100k,0.0,0.0,,0.0,-20.5386,-47.4008
Barddhamān,India,IN,28,301725,,,,,,pop100k,0.0,0.0,,0.0,23.2557,87.8569
Gujrat,Pakistan,PK,04,301506,,,,,,pop100k,0.0,0.0,,0.0,32.5742,74.0754
Brest,Belarus,BY,01,300715,,BQT,Brest International Airport,14.3,BQT,pop100k+airport,0.0,0.0,,0.0,52.0975,23.6878
Mardan,Pakistan,PK,03,300424,,,,,,pop100k,0.0,0.0,,0.0,34.1979,72.0496
Swansea,United Kingdom,GB,WLS,300352,,,,,,pop100k,0.0,0.0,,0.0,51.6208,-3.9432
Yangshuo,China,CN,16,300000,,,,,,pop100k,0.0,0.0,,0.0,24.7808,110.4897
Winejok,South Sudan,SS,11550582,300000,,,,,,pop100k,0.0,0.0,,0.0,9.0122,27.5708
Mérida,Venezuela,VE,14,300000,,,,,,pop100k,0.0,0.0,,0.0,8.5897,-71.1561
Ōtsu,Japan,JP,35,298164,,,,,,pop100k,0.0,0.0,,0.0,35,135.8667
Cherkasy,Ukraine,UA,01,297568,,,,,,pop100k,0.0,0.0,,0.0,49.4285,32.0621
Hisar,India,IN,10,296436,,HSS,Maharaja Agrasen International Airport,4.0,HSS,pop100k+airport,0.0,0.0,,0.0,29.1539,75.7229
Rāmpur,India,IN,36,296418,,MZS,Moradabad Airport,10.3,MZS,pop100k,0.0,0.0,,0.0,28.8101,79.027
Morioka,Japan,JP,16,295172,,,,,,pop100k,0.0,0.0,,0.0,39.7,141.15
Viña del Mar,Chile,CL,01,294551,,,,,,pop100k,0.0,0.0,,0.0,-33.0246,-71.5518
Sumy,Ukraine,UA,21,294456,,,,,,pop100k,0.0,0.0,,0.0,50.9216,34.8003
Fukushima,Japan,JP,08,294237,,,,,,pop100k,0.0,0.0,,0.0,37.75,140.4667
Galaţi,Romania,RO,18,294087,,,,,,pop100k,0.0,0.0,,0.0,45.4369,28.0503
Blumenau,Brazil,BR,26,293949,,,,,,pop100k,0.0,0.0,,0.0,-26.9194,-49.0661
Greater Noida,India,IN,36,293908,,,,,,pop100k,0.0,0.0,,0.0,28.4962,77.536
Kākināda,India,IN,02,292923,,,,,,pop100k,0.0,0.0,,0.0,16.9604,82.2381
Pānīpat,India,IN,10,292808,,,,,,pop100k,0.0,0.0,,0.0,29.3875,76.9682
Minna,Nigeria,NG,31,291905,,,,,,pop100k,0.0,0.0,,0.0,9.6152,6.5478
Białystok,Poland,PL,81,291855,,,,,,pop100k,0.0,0.0,,0.0,53.1333,23.1643
Gumi,South Korea,KR,14,291006,,,,,,pop100k,0.0,0.0,,0.0,36.1136,128.336
Tambov,Russia,RU,72,290933,,,,,,pop100k,0.0,0.0,,0.0,52.7317,41.4433
Bafoussam,Cameroon,CM,08,290768,,,,,,pop100k,0.0,0.0,,0.0,5.4778,10.4176
Kasur,Pakistan,PK,04,290643,,,,,,pop100k,0.0,0.0,,0.0,31.1187,74.4502
Utrecht,Netherlands,NL,09,290529,,,,,,pop100k,0.0,0.0,,0.0,52.0908,5.1222
Al Ḩillah,Iraq,IQ,06,289709,,,,,,pop100k,0.0,0.0,,0.0,32.4637,44.4196
Limeira,Brazil,BR,27,289665,,,,,,pop100k,0.0,0.0,,0.0,-22.5647,-47.4017
Parbhani,India,IN,16,289629,,,,,,pop100k,0.0,0.0,,0.0,19.2686,76.7708
Zeytinburnu,Türkiye,TR,34,288743,,,,,,pop100k,0.0,0.0,,0.0,40.9944,28.9042
Safi,Morocco,MA,07,288163,,,,,,pop100k,0.0,0.0,,0.0,32.2994,-9.2372
Adapazarı,Türkiye,TR,54,286787,,,,,,pop100k,0.0,0.0,,0.0,40.7806,30.4033
Zagazig,Egypt,EG,14,285097,,,,,,pop100k,0.0,0.0,,0.0,30.5877,31.502
Ismailia,Egypt,EG,07,284813,,,,,,pop100k,0.0,0.0,,0.0,30.6043,32.2722
Alto Barinas,Venezuela,VE,05,284289,,BNS,Barinas Airport,2.8,BNS,pop100k+airport,0.0,0.0,,0.0,8.5931,-70.2261
Dihok,Iraq,IQ,08,284000,,,,,,pop100k,0.0,0.0,,0.0,36.8671,42.9885
Karlsruhe,Germany,DE,01,283799,,,,,,pop100k,0.0,0.0,,0.0,49.0094,8.4044
Ichihara,Japan,JP,04,283531,,,,,,pop100k,0.0,0.0,,0.0,35.5167,140.0833
Iksan,South Korea,KR,03,283501,,,,,,pop100k,0.0,0.0,,0.0,35.9439,126.9544
Nha Trang,Vietnam,VN,54,283441,,,,,,pop100k,0.0,0.0,,0.0,12.2451,109.1943
Alwar,India,IN,24,283228,,,,,,pop100k,0.0,0.0,,0.0,27.5625,76.625
Maebashi,Japan,JP,10,282711,,,,,,pop100k,0.0,0.0,,0.0,36.4,139.0833
Logan City,Australia,AU,04,282673,,,,,,pop100k,0.0,0.0,,0.0,-27.6392,153.1094
Valparaíso,Chile,CL,01,282448,,,,,,pop100k,0.0,0.0,,0.0,-33.036,-71.6296
Zhytomyr,Ukraine,UA,27,282192,,,,,,pop100k,0.0,0.0,,0.0,50.2649,28.6767
Nicolás Romero,Mexico,MX,15,281799,,,,,,pop100k,0.0,0.0,,0.0,19.6418,-99.3068
Narsingdi,Bangladesh,BD,81,281080,,,,,,pop100k,0.0,0.0,,0.0,23.923,90.7177
Chuzhou,China,CN,01,280582,,,,,,pop100k,0.0,0.0,,0.0,32.3219,118.2978
Merkezefendi,Türkiye,TR,20,280341,,,,,,pop100k,0.0,0.0,,0.0,37.8054,29.0424
Mingora,Pakistan,PK,03,279914,,,,,,pop100k,0.0,0.0,,0.0,34.7795,72.3627
Ensenada,Mexico,MX,02,279765,,,,,,pop100k,0.0,0.0,,0.0,31.8715,-116.6007
Efon-Alaaye,Nigeria,NG,54,279319,,,,,,pop100k,0.0,0.0,,0.0,7.6565,4.9223
Yoshkar-Ola,Russia,RU,45,279100,,,,,,pop100k,0.0,0.0,,0.0,56.6388,47.8908
Taganrog,Russia,RU,61,279056,,TGK,Taganrog Yuzhny Airport,5.5,TGK,pop100k+airport,0.0,0.0,,0.0,47.2362,38.8969
Santa Teresa del Tuy,Venezuela,VE,15,278890,,,,,,pop100k,0.0,0.0,,0.0,10.2329,-66.6647
Horlivka,Ukraine,UA,05,278550,,,,,,pop100k,0.0,0.0,,0.0,48.3358,38.0532
Ilesa,Nigeria,NG,42,277904,,,,,,pop100k,0.0,0.0,,0.0,7.6279,4.7416
Kostroma,Russia,RU,37,277656,,KMW,Kostroma Sokerkino Airport,6.4,KMW,pop100k+airport,0.0,0.0,,0.0,57.7665,40.9269
Gijón,Spain,ES,34,277554,,,,,,pop100k,0.0,0.0,,0.0,43.5357,-5.6615
Khomeynī Shahr,Iran,IR,28,277334,,,,,,pop100k,0.0,0.0,,0.0,32.6856,51.5361
Owo,Nigeria,NG,48,276574,,,,,,pop100k,0.0,0.0,,0.0,7.1962,5.5868
Sukabumi,Indonesia,ID,30,276414,,,,,,pop100k,0.0,0.0,,0.0,-6.9181,106.9267
Braşov,Romania,RO,09,276088,,GHV,Brașov-Ghimbav International Airport,9.1,GHV,pop100k+airport,0.0,0.0,,0.0,45.6486,25.6061
Mokolo,Cameroon,CM,12,275239,,,,,,pop100k,0.0,0.0,,0.0,10.7424,13.8023
Ramadi,Iraq,IQ,01,274539,,,,,,pop100k,0.0,0.0,,0.0,33.4206,43.3078
Guantánamo,Cuba,CU,10,272801,,,,,,pop100k,0.0,0.0,,0.0,20.1444,-75.2092
Baguio,Philippines,PH,15,272714,,,,,,pop100k,0.0,0.0,,0.0,16.4164,120.5931
Petrópolis,Brazil,BR,21,272691,,,,,,pop100k,0.0,0.0,,0.0,-22.505,-43.1786
Kakogawachō-honmachi,Japan,JP,13,271634,,,,,,pop100k,0.0,0.0,,0.0,34.7694,134.829
Tasikmalaya,Indonesia,ID,30,271143,,,,,,pop100k,0.0,0.0,,0.0,-7.3274,108.2207
Bijapur,India,IN,19,271064,,,,,,pop100k,0.0,0.0,,0.0,16.8244,75.7154
Gelsenkirchen,Germany,DE,07,270028,,,,,,pop100k,0.0,0.0,,0.0,51.5051,7.0965
Santa Catarina,Mexico,MX,19,268347,,,,,,pop100k,0.0,0.0,,0.0,25.6732,-100.4581
Russeifa,Jordan,JO,17,268237,,ADJ,Marka International (Amman Civil) Airport,7.2,ADJ,pop100k+airport,0.0,0.0,,0.0,32.0178,36.0464
Tshikapa,DR Congo,CD,18,267462,,,,,,pop100k,0.0,0.0,,0.0,-6.4162,20.7999
Kafr ad Dawwār,Egypt,EG,03,267370,,,,,,pop100k,0.0,0.0,,0.0,31.1338,30.1297
Haifa,Israel,IL,04,267300,,HFA,Uri Michaeli Haifa International Airport,5.2,HFA,pop100k+airport,0.0,0.0,,0.0,32.8184,34.9885
Sterlitamak,Russia,RU,08,267231,,,,,,pop100k,0.0,0.0,,0.0,53.6246,55.9502
Bagerhat,Bangladesh,BD,82,266388,,,,,,pop100k,0.0,0.0,,0.0,22.6566,89.7912
Chengzhong,China,CN,12,265886,,,,,,pop100k,0.0,0.0,,0.0,30.9445,113.5528
Aachen,Germany,DE,07,265208,,,,,,pop100k,0.0,0.0,,0.0,50.7766,6.0834
Sumqayıt,Azerbaijan,AZ,54,265150,,,,,,pop100k,0.0,0.0,,0.0,40.5897,49.6686
Mantampay,Philippines,PH,10,265032,,,,,,pop100k,0.0,0.0,,0.0,8.1667,124.2167
El Daein,Sudan,SD,60,264734,,,,,,pop100k,0.0,0.0,,0.0,11.4619,26.1258
Umuahia,Nigeria,NG,45,264662,,,,,,pop100k,0.0,0.0,,0.0,5.5249,7.4946
Witbank,South Africa,ZA,07,262491,,,,,,pop100k,0.0,0.0,,0.0,-25.8713,29.2332
Jālna,India,IN,16,262034,,,,,,pop100k,0.0,0.0,,0.0,19.841,75.8864
Mönchengladbach,Germany,DE,07,261742,,,,,,pop100k,0.0,0.0,,0.0,51.1854,6.4417
Markham,Canada,CA,08,261573,,,,,,pop100k,0.0,0.0,,0.0,43.8668,-79.2663
Dewas,India,IN,35,261218,,,,,,pop100k,0.0,0.0,,0.0,22.9658,76.0553
Plymouth,United Kingdom,GB,ENG,260203,,,,,,pop100k,0.0,0.0,,0.0,50.3715,-4.143
Aral,China,CN,13,260000,,ACF,Aral Tarim Airport,11.9,ACF,pop100k+airport,0.0,0.0,,0.0,40.5418,81.2657
Nakuru,Kenya,KE,39,259903,,,,,,pop100k,0.0,0.0,,0.0,-0.3072,36.0722
Augsburg,Germany,DE,02,259196,,,,,,pop100k,0.0,0.0,,0.0,48.3715,10.8985
Hiratsuka,Japan,JP,19,259052,,,,,,pop100k,0.0,0.0,,0.0,35.3278,139.3373
Jiujiang,China,CN,03,258807,,JIU,Jiujiang Lushan Airport,31.9,JIU,pop100k+airport,0.0,0.0,,0.0,29.7048,116.0021
Mukalla,Yemen,YE,04,258132,,,,,,pop100k,0.0,0.0,,0.0,14.5425,49.1242
Pekalongan,Indonesia,ID,07,257945,,,,,,pop100k,0.0,0.0,,0.0,-6.8886,109.6753
Cumaná,Venezuela,VE,19,257783,,CUM,Antonio José de Sucre Airport,5.7,CUM,pop100k+airport,0.0,0.0,,0.0,10.454,-64.1826
Satna,India,IN,35,257778,,,,,,pop100k,0.0,0.0,,0.0,24.5773,80.8272
Etāwah,India,IN,36,257448,,,,,,pop100k,0.0,0.0,,0.0,26.7762,79.0213
Ondo,Nigeria,NG,48,257005,,,,,,pop100k,0.0,0.0,,0.0,7.0932,4.8353
Pachuca de Soto,Mexico,MX,13,256584,,,,,,pop100k,0.0,0.0,,0.0,20.117,-98.7333
Tarsus,Türkiye,TR,32,256482,,COV,Çukurova International Airport,16.1,COV,pop100k+airport,0.0,0.0,,0.0,36.9177,34.8928
Durg,India,IN,37,255283,,,,,,pop100k,0.0,0.0,,0.0,21.1915,81.2762
Rivne,Ukraine,UA,19,255106,,RWN,Rivne International Airport,6.3,RWN,pop100k+airport,0.0,0.0,,0.0,50.6231,26.2274
Ikot Ekpene,Nigeria,NG,21,254806,,,,,,pop100k,0.0,0.0,,0.0,5.1819,7.7148
Cirebon,Indonesia,ID,30,254298,,,,,,pop100k,0.0,0.0,,0.0,-6.7063,108.557
Novo Hamburgo,Brazil,BR,23,253841,,,,,,pop100k,0.0,0.0,,0.0,-29.6783,-51.1306
Naihāti,India,IN,28,253221,,,,,,pop100k,0.0,0.0,,0.0,22.894,88.4152
Laohekou,China,CN,12,253112,,,,,,pop100k,0.0,0.0,,0.0,32.3858,111.6678
Wolverhampton,United Kingdom,GB,ENG,252791,,,,,,pop100k,0.0,0.0,,0.0,52.5855,-2.123
Suihua,China,CN,08,252245,,,,,,pop100k,0.0,0.0,,0.0,46.6395,126.9951
Barueri,Brazil,BR,27,251994,,,,,,pop100k,0.0,0.0,,0.0,-23.5106,-46.8761
Borūjerd,Iran,IR,23,251958,,,,,,pop100k,0.0,0.0,,0.0,33.8973,48.7516
Qarchak,Iran,IR,26,251834,,,,,,pop100k,0.0,0.0,,0.0,35.4287,51.5754
Taubaté,Brazil,BR,27,251641,,,,,,pop100k,0.0,0.0,,0.0,-23.0264,-45.5553
Morogoro,Tanzania,TZ,10,250902,,,,,,pop100k,0.0,0.0,,0.0,-6.821,37.6612
Wafangdian,China,CN,19,250591,,,,,,pop100k,0.0,0.0,,0.0,39.6183,122.0081
Sonīpat,India,IN,10,250521,,,,,,pop100k,0.0,0.0,,0.0,28.9948,77.0194
Iwo,Nigeria,NG,42,250443,,,,,,pop100k,0.0,0.0,,0.0,7.6353,4.1816
Praia Grande,Brazil,BR,27,250027,,,,,,pop100k,0.0,0.0,,0.0,-24.0058,-46.4028
Port-de-Paix,Haiti,HT,03,250000,,,,,,pop100k,0.0,0.0,,0.0,19.9398,-72.8304
Singa,Sudan,SD,58,250000,,,,,,pop100k,0.0,0.0,,0.0,13.1483,33.9312
Volta Redonda,Brazil,BR,21,249580,,,,,,pop100k,0.0,0.0,,0.0,-22.5231,-44.1042
Kropyvnytskyi,Ukraine,UA,10,249454,,,,,,pop100k,0.0,0.0,,0.0,48.5132,32.2597
Tehuacán,Mexico,MX,21,248716,,,,,,pop100k,0.0,0.0,,0.0,18.4642,-97.3974
Fukui-shi,Japan,JP,06,248707,,,,,,pop100k,0.0,0.0,,0.0,36.0644,136.2226
Kamianske,Ukraine,UA,04,248575,,,,,,pop100k,0.0,0.0,,0.0,48.5113,34.6021
Częstochowa,Poland,PL,83,248125,,,,,,pop100k,0.0,0.0,,0.0,50.7965,19.1241
Saugor,India,IN,35,247333,,,,,,pop100k,0.0,0.0,,0.0,23.8388,78.7387
Chemnitz,Germany,DE,13,247220,,,,,,pop100k,0.0,0.0,,0.0,50.8357,12.9292
Ica,Peru,PE,11,246844,,,,,,pop100k,0.0,0.0,,0.0,-14.0678,-75.7286
Vanderbijlpark,South Africa,ZA,06,246754,,,,,,pop100k,0.0,0.0,,0.0,-26.7117,27.8379
San Cristóbal,Venezuela,VE,20,246583,,,,,,pop100k,0.0,0.0,,0.0,7.7669,-72.225
Kyain Seikgyi Township,Myanmar,MM,05,246065,,,,,,pop100k,0.0,0.0,,0.0,15.8229,98.2526
Mau,India,IN,36,246050,,,,,,pop100k,0.0,0.0,,0.0,25.9417,83.5611
Ji’an,China,CN,03,245000,,,,,,pop100k,0.0,0.0,,0.0,27.1172,114.9793
Gorgān,Iran,IR,37,244937,,,,,,pop100k,0.0,0.0,,0.0,36.8427,54.4439
Braunschweig,Germany,DE,06,244715,,,,,,pop100k,0.0,0.0,,0.0,52.2659,10.5267
Hebi,China,CN,09,244662,,HQQ,Anyang Hongqiqu Airport,24.5,HQQ,pop100k,0.0,0.0,,0.0,35.8992,114.1925
Bago,Myanmar,MM,16,244376,,,,,,pop100k,0.0,0.0,,0.0,17.3352,96.4814
Bihār Sharīf,India,IN,34,244230,,,,,,pop100k,0.0,0.0,,0.0,25.2008,85.5239
Manisa,Türkiye,TR,45,243971,,,,,,pop100k,0.0,0.0,,0.0,38.612,27.4265
Angarsk,Russia,RU,20,243158,,,,,,pop100k,0.0,0.0,,0.0,52.5367,103.8864
Hāpur,India,IN,36,242920,,,,,,pop100k,0.0,0.0,,0.0,28.7298,77.7807
Bathinda,India,IN,23,242800,,,,,,pop100k,0.0,0.0,,0.0,30.2075,74.9389
Deir ez-Zor,Syria,SY,07,242565,,,,,,pop100k,0.0,0.0,,0.0,35.3359,40.1408
Huayin,China,CN,26,242488,,,,,,pop100k,0.0,0.0,,0.0,34.5653,110.0664
Berbera,Somalia,SO,20,242344,,BBO,Berbera Airport,10.4,BBO,pop100k+airport,0.0,0.0,,0.0,10.4396,45.0143
Ojo de Agua,Mexico,MX,15,242272,,NLU,Felipe Ángeles International Airport,7.1,NLU,pop100k+airport,0.0,0.0,,0.0,19.6803,-99.01
Novorossiysk,Russia,RU,38,241856,,,,,,pop100k,0.0,0.0,,0.0,44.7244,37.7675
Winston-Salem,United States,US,NC,241218,,,,,,pop100k,0.0,0.0,,0.0,36.0999,-80.2442
Farrukhābād,India,IN,36,241152,,,,,,pop100k,0.0,0.0,,0.0,27.3913,79.5793
Takasaki,Japan,JP,10,240857,,,,,,pop100k,0.0,0.0,,0.0,36.3333,139.0167
Anantapur,India,IN,02,240442,,,,,,pop100k,0.0,0.0,,0.0,14.6778,77.6081
Fuji,Japan,JP,37,240014,,,,,,pop100k,0.0,0.0,,0.0,35.1667,138.6833
Blackpool,United Kingdom,GB,ENG,239409,,,,,,pop100k,0.0,0.0,,0.0,53.8167,-3.05
Xiantao,China,CN,12,239406,,,,,,pop100k,0.0,0.0,,0.0,30.3708,113.4429
Hachinohe,Japan,JP,03,239046,,,,,,pop100k,0.0,0.0,,0.0,40.5,141.5
Nāgarpur,Bangladesh,BD,81,238422,,,,,,pop100k,0.0,0.0,,0.0,24.0578,89.877
Kurume,Japan,JP,07,238197,,,,,,pop100k,0.0,0.0,,0.0,33.3167,130.5167
Balıkesir,Türkiye,TR,10,238151,,BZI,Balıkesir Airport,4.8,BZI,pop100k+airport,0.0,0.0,,0.0,39.6492,27.8861
Bārāsat,India,IN,28,237783,,,,,,pop100k,0.0,0.0,,0.0,22.2252,88.4509
Århus,Denmark,DK,18,237551,,,,,,pop100k,0.0,0.0,,0.0,56.1567,10.2108
Sasebo,Japan,JP,27,237444,,,,,,pop100k,0.0,0.0,,0.0,33.1683,129.725
Batangas,Philippines,PH,40,237370,,,,,,pop100k,0.0,0.0,,0.0,13.7567,121.0584
Al Jubayl,Saudi Arabia,SA,06,237274,,,,,,pop100k,0.0,0.0,,0.0,27.0174,49.6225
Pathein,Myanmar,MM,03,237089,,BSX,Pathein Airport,6.5,BSX,pop100k+airport,0.0,0.0,,0.0,16.7792,94.7321
Tegal,Indonesia,ID,07,237084,,,,,,pop100k,0.0,0.0,,0.0,-6.8694,109.1402
Djougou,Benin,BJ,13,237040,,,,,,pop100k,0.0,0.0,,0.0,9.7085,1.666
Ratlām,India,IN,35,236843,,,,,,pop100k,0.0,0.0,,0.0,23.3303,75.0403
Dera Ghazi Khan,Pakistan,PK,04,236093,,DEA,Dera Ghazi Khan Airport,17.6,DEA,pop100k+airport,0.0,0.0,,0.0,30.0459,70.6403
Sahiwal,Pakistan,PK,04,235695,,,,,,pop100k,0.0,0.0,,0.0,30.6659,73.1019
Ternopil,Ukraine,UA,22,235676,,,,,,pop100k,0.0,0.0,,0.0,49.5534,25.5892
Qinā,Egypt,EG,23,235362,,,,,,pop100k,0.0,0.0,,0.0,26.1642,32.7267
Kediri,Indonesia,ID,08,235143,,DHX,Dhoho International Airport,10.7,DHX,pop100k+airport,0.0,0.0,,0.0,-7.8167,112.0167
Ramagundam,India,IN,40,235000,,,,,,pop100k,0.0,0.0,,0.0,18.755,79.474
Kismayo,Somalia,SO,09,234852,,,,,,pop100k,0.0,0.0,,0.0,-0.3582,42.5454
Ibb,Yemen,YE,23,234837,,,,,,pop100k,0.0,0.0,,0.0,13.9667,44.1833
Porto-Novo,Benin,BJ,16,234168,yes,,,,,pop100k+capital,0.0,0.0,,0.0,6.4965,2.6036
Centurion,South Africa,ZA,06,233386,,,,,,pop100k,0.0,0.0,,0.0,-25.8589,28.1858
Magugpo Poblacion,Philippines,PH,11,233254,,,,,,pop100k,0.0,0.0,,0.0,7.4475,125.8046
Kiel,Germany,DE,10,232758,,,,,,pop100k,0.0,0.0,,0.0,54.3213,10.1349
Beni,DR Congo,CD,11,232000,,,,,,pop100k,0.0,0.0,,0.0,0.4911,29.4731
Gangānagar,India,IN,24,231838,,,,,,pop100k,0.0,0.0,,0.0,29.9201,73.875
Chigasaki,Japan,JP,19,231657,,,,,,pop100k,0.0,0.0,,0.0,35.3364,139.4043
Gent,Belgium,BE,VLG,231493,,,,,,pop100k,0.0,0.0,,0.0,51.05,3.7167
Sōka,Japan,JP,34,231445,,,,,,pop100k,0.0,0.0,,0.0,35.8364,139.7996
José C. Paz,Argentina,AR,01,230208,,,,,,pop100k,0.0,0.0,,0.0,-34.5154,-58.7681
Marka,Somalia,SO,14,230100,,,,,,pop100k,0.0,0.0,,0.0,1.7159,44.7717
Ḩalwān,Egypt,EG,11,230000,,,,,,pop100k,0.0,0.0,,0.0,29.8414,31.3008
Milton Keynes,United Kingdom,GB,ENG,229941,,,,,,pop100k,0.0,0.0,,0.0,52.0417,-0.7558
Magdeburg,Germany,DE,14,229826,,,,,,pop100k,0.0,0.0,,0.0,52.1277,11.6292
Rio Verde,Brazil,BR,29,229651,,,,,,pop100k,0.0,0.0,,0.0,-17.7981,-50.9281
Nawabshah,Pakistan,PK,05,229504,,WNS,Shaheed Benazirabad Airport,2.6,WNS,pop100k+airport,0.0,0.0,,0.0,26.2394,68.4037
Tripoli,Lebanon,LB,09,229398,,,,,,pop100k,0.0,0.0,,0.0,34.4335,35.8441
Bharatpur,India,IN,24,229384,,,,,,pop100k,0.0,0.0,,0.0,27.2173,77.4901
Atsugi,Japan,JP,19,229199,,,,,,pop100k,0.0,0.0,,0.0,35.4427,139.3693
Uitenhage,South Africa,ZA,05,228912,,,,,,pop100k,0.0,0.0,,0.0,-33.7576,25.3971
Ploieşti,Romania,RO,30,228851,,,,,,pop100k,0.0,0.0,,0.0,44.95,26.0167
Sungai Petani,Malaysia,MY,02,228843,,,,,,pop100k,0.0,0.0,,0.0,5.647,100.4877
Binjai,Indonesia,ID,26,228763,,,,,,pop100k,0.0,0.0,,0.0,3.6001,98.4854
Lucena,Philippines,PH,40,228758,,,,,,pop100k,0.0,0.0,,0.0,13.9314,121.6172
Ipatinga,Brazil,BR,15,228746,,IPN,Usiminas Airport,5.2,IPN,pop100k+airport,0.0,0.0,,0.0,-19.4683,-42.5367
Karīmnagar,India,IN,40,228745,,,,,,pop100k,0.0,0.0,,0.0,18.4392,79.1286
Damanhūr,Egypt,EG,03,227943,,,,,,pop100k,0.0,0.0,,0.0,31.0341,30.4682
Kremenchuk,Ukraine,UA,18,227494,,,,,,pop100k,0.0,0.0,,0.0,49.068,33.4204
Al Minyā,Egypt,EG,10,227150,,,,,,pop100k,0.0,0.0,,0.0,28.0919,30.7581
Staryy Oskol,Russia,RU,09,226977,,,,,,pop100k,0.0,0.0,,0.0,51.2967,37.8417
Liaocheng,China,CN,25,226930,,,,,,pop100k,0.0,0.0,,0.0,36.456,115.9777
Gusau,Nigeria,NG,57,226857,,,,,,pop100k,0.0,0.0,,0.0,12.1702,6.6641
Radom,Poland,PL,78,226794,,RDO,Warsaw Radom Airport,4.9,RDO,pop100k+airport,0.0,0.0,,0.0,51.4025,21.1471
Pilar,Argentina,AR,01,226517,,,,,,pop100k,0.0,0.0,,0.0,-34.4587,-58.9142
Rāichūr,India,IN,19,225962,,,,,,pop100k,0.0,0.0,,0.0,16.2055,77.3557
Huanggang,China,CN,30,225956,,,,,,pop100k,0.0,0.0,,0.0,23.677,116.9996
Quthbullapur,India,IN,40,225816,,,,,,pop100k,0.0,0.0,,0.0,17.5011,78.4582
Mubi,Nigeria,NG,35,225705,,,,,,pop100k,0.0,0.0,,0.0,10.2686,13.267
Mymensingh,Bangladesh,BD,H,225126,,,,,,pop100k,0.0,0.0,,0.0,24.7564,90.4065
Karnāl,India,IN,10,225049,,,,,,pop100k,0.0,0.0,,0.0,29.692,76.9845
Roodepoort,South Africa,ZA,06,225000,,,,,,pop100k,0.0,0.0,,0.0,-26.1625,27.8725
Jingling,China,CN,12,224871,,,,,,pop100k,0.0,0.0,,0.0,30.65,113.1
Ashdod,Israel,IL,01,224656,,,,,,pop100k,0.0,0.0,,0.0,31.7921,34.6497
Minamirinkan,Japan,JP,19,224015,,,,,,pop100k,0.0,0.0,,0.0,35.4953,139.4428
Oviedo,Spain,ES,34,224005,,,,,,pop100k,0.0,0.0,,0.0,43.3603,-5.8448
Arrah,India,IN,34,223676,,,,,,pop100k,0.0,0.0,,0.0,25.5563,84.6633
Okara,Pakistan,PK,04,223648,,,,,,pop100k,0.0,0.0,,0.0,30.8103,73.4515
Nārāyanganj,Bangladesh,BD,81,223622,,,,,,pop100k,0.0,0.0,,0.0,23.6135,90.503
Tongchuanshi,China,CN,26,223603,,,,,,pop100k,0.0,0.0,,0.0,35.0747,109.085
Najafābād,Iran,IR,28,223450,,,,,,pop100k,0.0,0.0,,0.0,32.6346,51.3653
Gosāba,India,IN,28,222764,,,,,,pop100k,0.0,0.0,,0.0,22.1655,88.8007
Xintai,China,CN,25,222459,,,,,,pop100k,0.0,0.0,,0.0,35.9006,117.7519
Haeju,North Korea,KP,06,222396,,,,,,pop100k,0.0,0.0,,0.0,38.0406,125.7147
Shakhty,Russia,RU,61,221312,,,,,,pop100k,0.0,0.0,,0.0,47.7091,40.2144
Olongapo,Philippines,PH,03,221178,,SFS,Subic Bay International Airport / Naval Air Station Cubi Point,4.0,SFS,pop100k+airport,0.0,0.0,,0.0,14.8292,120.2828
Neyshābūr,Iran,IR,42,220929,,,,,,pop100k,0.0,0.0,,0.0,36.2133,58.7957
Wuxue,China,CN,12,220661,,,,,,pop100k,0.0,0.0,,0.0,29.8506,115.5525
Babruysk,Belarus,BY,06,220517,,,,,,pop100k,0.0,0.0,,0.0,53.1384,29.2214
Cabanatuan City,Philippines,PH,03,220250,,,,,,pop100k,0.0,0.0,,0.0,15.4859,120.9665
Mirzāpur,India,IN,36,220029,,,,,,pop100k,0.0,0.0,,0.0,25.1449,82.5653
Kharagpur,India,IN,28,219665,,,,,,pop100k,0.0,0.0,,0.0,22.3397,87.325
Dhanbād,India,IN,38,219636,,,,,,pop100k,0.0,0.0,,0.0,23.802,86.4432
Tanjore,India,IN,25,219571,,,,,,pop100k,0.0,0.0,,0.0,10.7852,79.1391
Ageoshimo,Japan,JP,34,219401,,,,,,pop100k,0.0,0.0,,0.0,35.9714,139.6138
Chon Buri,Thailand,TH,46,219164,,,,,,pop100k,0.0,0.0,,0.0,13.3622,100.9835
Bertoua,Cameroon,CM,04,218111,,,,,,pop100k,0.0,0.0,,0.0,4.5773,13.6846
San Pedro de Macorís,Dominican Republic,DO,24,217899,,,,,,pop100k,0.0,0.0,,0.0,18.4539,-69.3086
Amarnāth,India,IN,16,217780,,,,,,pop100k,0.0,0.0,,0.0,19.2,73.1667
Taiping,Malaysia,MY,07,217647,,,,,,pop100k,0.0,0.0,,0.0,4.85,100.7333
Purwokerto,Indonesia,ID,07,217222,,,,,,pop100k,0.0,0.0,,0.0,-7.4214,109.2344
Colombo,Brazil,BR,18,217000,,,,,,pop100k,0.0,0.0,,0.0,-25.2917,-49.2242
Rybinsk,Russia,RU,88,216724,,RYB,Staroselye Airport,8.4,RYB,pop100k+airport,0.0,0.0,,0.0,58.0446,38.8426
Freiburg,Germany,DE,01,215966,,,,,,pop100k,0.0,0.0,,0.0,47.9959,7.8522
Northampton,United Kingdom,GB,ENG,215963,,,,,,pop100k,0.0,0.0,,0.0,52.25,-0.8833
Purwakarta,Indonesia,ID,30,215803,,,,,,pop100k,0.0,0.0,,0.0,-6.5569,107.4433
Mirpur Khas,Pakistan,PK,05,215657,,,,,,pop100k,0.0,0.0,,0.0,25.5276,69.0126
Daloa,Côte d'Ivoire,CI,96,215652,,,,,,pop100k,0.0,0.0,,0.0,6.8773,-6.4502
Biysk,Russia,RU,04,215430,,,,,,pop100k,0.0,0.0,,0.0,52.5364,85.2072
Novi Sad,Serbia,RS,VO,215400,,,,,,pop100k,0.0,0.0,,0.0,45.2517,19.8369
Monclova,Mexico,MX,07,215271,,,,,,pop100k,0.0,0.0,,0.0,26.9069,-101.4206
Mucumpiz,Venezuela,VE,14,215259,,,,,,pop100k,0.0,0.0,,0.0,8.4167,-71.1333
Velikiy Novgorod,Russia,RU,52,215062,,,,,,pop100k,0.0,0.0,,0.0,58.5213,31.271
Shagamu,Nigeria,NG,16,214558,,,,,,pop100k,0.0,0.0,,0.0,6.8485,3.6463
Nazrēt,Ethiopia,ET,51,213995,,,,,,pop100k,0.0,0.0,,0.0,8.55,39.2667
Nāgercoil,India,IN,25,213858,,,,,,pop100k,0.0,0.0,,0.0,8.179,77.4323
Lutsk,Ukraine,UA,24,213661,,,,,,pop100k,0.0,0.0,,0.0,50.7593,25.3424
Brăila,Romania,RO,08,213569,,,,,,pop100k,0.0,0.0,,0.0,45.2715,27.9743
Naz̧arābād,Iran,IR,44,213388,,,,,,pop100k,0.0,0.0,,0.0,35.9541,50.6061
Būkān,Iran,IR,01,213331,,,,,,pop100k,0.0,0.0,,0.0,36.521,46.2089
Jacareí,Brazil,BR,27,213110,,SJK,Professor Urbano Ernesto Stumpf Airport,13.6,SJK,pop100k,0.0,0.0,,0.0,-23.3053,-45.9658
Loa Janan,Indonesia,ID,14,212816,,,,,,pop100k,0.0,0.0,,0.0,-0.5829,117.095
Rancagua,Chile,CL,08,212695,,,,,,pop100k,0.0,0.0,,0.0,-34.1708,-70.7444
Nogales,Mexico,MX,26,212533,,,,,,pop100k,0.0,0.0,,0.0,31.3086,-110.9422
Lipa City,Philippines,PH,40,212287,,,,,,pop100k,0.0,0.0,,0.0,13.9411,121.1631
Cartagena,Spain,ES,31,211996,,,,,,pop100k,0.0,0.0,,0.0,37.6051,-0.9862
Esenyurt,Türkiye,TR,34,211330,,,,,,pop100k,0.0,0.0,,0.0,41.027,28.6773
Modesto,United States,US,CA,211266,,,,,,pop100k,0.0,0.0,,0.0,37.6391,-120.9969
Kırıkkale,Türkiye,TR,79,211138,,,,,,pop100k,0.0,0.0,,0.0,39.8453,33.5064
Terrassa,Spain,ES,56,210941,,,,,,pop100k,0.0,0.0,,0.0,41.5667,2.0167
Tarhuna,Libya,LY,82,210697,,,,,,pop100k,0.0,0.0,,0.0,32.435,13.6332
Idkū,Egypt,EG,03,210678,,,,,,pop100k,0.0,0.0,,0.0,31.3073,30.2981
Daliang,China,CN,30,210411,,,,,,pop100k,0.0,0.0,,0.0,22.8407,113.2503
Qui Nhon,Vietnam,VN,46,210338,,,,,,pop100k,0.0,0.0,,0.0,13.7765,109.2237
Pāli,India,IN,24,210103,,,,,,pop100k,0.0,0.0,,0.0,25.7728,73.3234
Bogra,Bangladesh,BD,83,210000,,,,,,pop100k,0.0,0.0,,0.0,24.851,89.3711
Chuncheon,South Korea,KR,06,209746,,,,,,pop100k,0.0,0.0,,0.0,37.8747,127.7342
Vũng Tàu,Vietnam,VN,45,209683,,,,,,pop100k,0.0,0.0,,0.0,10.346,107.0843
Pematangsiantar,Indonesia,ID,26,209614,,,,,,pop100k,0.0,0.0,,0.0,2.9595,99.0687
Kanggye,North Korea,KP,01,209530,,,,,,pop100k,0.0,0.0,,0.0,40.9695,126.5852
Sanming,China,CN,07,209444,,,,,,pop100k,0.0,0.0,,0.0,26.2486,117.6186
São Leopoldo,Brazil,BR,23,209229,,,,,,pop100k,0.0,0.0,,0.0,-29.7603,-51.1472
Ijebu-Ode,Nigeria,NG,16,209175,,,,,,pop100k,0.0,0.0,,0.0,6.8194,3.9173
Yamunānagar,India,IN,10,208931,,,,,,pop100k,0.0,0.0,,0.0,30.128,77.2837
Nakhon Ratchasima,Thailand,TH,27,208781,,,,,,pop100k,0.0,0.0,,0.0,14.9707,102.102
Toruń,Poland,PL,73,208717,,,,,,pop100k,0.0,0.0,,0.0,53.0138,18.5981
Kielce,Poland,PL,84,208598,,,,,,pop100k,0.0,0.0,,0.0,50.8703,20.6275
Rewa,India,IN,35,208461,,REW,"Rewa Airport, Chorhata, REWA",8.0,REW,pop100k+airport,0.0,0.0,,0.0,24.5326,81.2923
Hangu,China,CN,28,208369,,,,,,pop100k,0.0,0.0,,0.0,39.2489,117.7892
Sirjan,Iran,IR,29,207645,,,,,,pop100k,0.0,0.0,,0.0,29.4514,55.6809
San Pablo,Philippines,PH,40,207577,,,,,,pop100k,0.0,0.0,,0.0,14.0683,121.3256
Oxnard,United States,US,CA,207254,,,,,,pop100k,0.0,0.0,,0.0,34.1975,-119.177
Ciampea,Indonesia,ID,30,207212,,,,,,pop100k,0.0,0.0,,0.0,-6.5547,106.7008
Kasukabe,Japan,JP,34,206915,,,,,,pop100k,0.0,0.0,,0.0,35.9831,139.7497
Sabadell,Spain,ES,56,206493,,,,,,pop100k,0.0,0.0,,0.0,41.5433,2.1094
Móstoles,Spain,ES,29,206478,,,,,,pop100k,0.0,0.0,,0.0,40.3223,-3.865
Dinājpur,Bangladesh,BD,87,206234,,,,,,pop100k,0.0,0.0,,0.0,25.6274,88.6378
Itabuna,Brazil,BR,05,205660,,,,,,pop100k,0.0,0.0,,0.0,-14.7856,-39.2803
Suzhou,China,CN,01,205130,,,,,,pop100k,0.0,0.0,,0.0,33.6361,116.9789
São Carlos,Brazil,BR,27,205035,,,,,,pop100k,0.0,0.0,,0.0,-22.0175,-47.8908
Numazu,Japan,JP,37,204318,,,,,,pop100k,0.0,0.0,,0.0,35.1,138.8667
Secunderabad,India,IN,40,204182,,,,,,pop100k,0.0,0.0,,0.0,17.5043,78.5426
Jōetsu,Japan,JP,29,204137,,,,,,pop100k,0.0,0.0,,0.0,37.1483,138.2364
Bīdar,India,IN,19,204071,,,,,,pop100k,0.0,0.0,,0.0,17.908,77.5152
Padova,Italy,IT,20,203725,,,,,,pop100k,0.0,0.0,,0.0,45.408,11.8859
Las Tunas,Cuba,CU,13,203684,,VTU,Hermanos Ameijeiras Airport,3.3,VTU,pop100k+airport,0.0,0.0,,0.0,20.9617,-76.9511
Monghyr,India,IN,34,203163,,,,,,pop100k,0.0,0.0,,0.0,25.3746,86.4745
Edéa,Cameroon,CM,05,203149,,,,,,pop100k,0.0,0.0,,0.0,3.8,10.1333
Odawara,Japan,JP,19,203035,,,,,,pop100k,0.0,0.0,,0.0,35.2556,139.1597
Osmaniye,Türkiye,TR,91,202837,,,,,,pop100k,0.0,0.0,,0.0,37.0742,36.2478
Bābol,Iran,IR,35,202796,,,,,,pop100k,0.0,0.0,,0.0,36.551,52.6786
Burhānpur,India,IN,35,202695,,,,,,pop100k,0.0,0.0,,0.0,21.3087,76.2303
Yiyang,China,CN,11,202608,,,,,,pop100k,0.0,0.0,,0.0,28.5892,112.3283
Linxia Chengguanzhen,China,CN,15,202402,,,,,,pop100k,0.0,0.0,,0.0,35.6003,103.2064
Nadiād,India,IN,09,202067,,,,,,pop100k,0.0,0.0,,0.0,22.6939,72.8616
Al Khums,Libya,LY,82,201943,,,,,,pop100k,0.0,0.0,,0.0,32.6486,14.2619
Chiniot,Pakistan,PK,04,201781,,,,,,pop100k,0.0,0.0,,0.0,31.7209,72.9784
Itapevi,Brazil,BR,27,201748,,,,,,pop100k,0.0,0.0,,0.0,-23.5489,-46.9342
Chāpra,India,IN,34,201597,,,,,,pop100k,0.0,0.0,,0.0,25.7803,84.7471
Rengasdengklok,Indonesia,ID,30,201463,,,,,,pop100k,0.0,0.0,,0.0,-6.1592,107.2981
Sete Lagoas,Brazil,BR,15,201334,,,,,,pop100k,0.0,0.0,,0.0,-19.4658,-44.2467
La Pintana,Chile,CL,12,201178,,,,,,pop100k,0.0,0.0,,0.0,-33.5833,-70.6342
Petropavl,Kazakhstan,KZ,16,200920,,PPK,Petropavl International Airport,10.4,PPK,pop100k+airport,0.0,0.0,,0.0,54.8667,69.15
Cabimas,Venezuela,VE,23,200818,,,,,,pop100k,0.0,0.0,,0.0,10.3991,-71.4521
Dindigul,India,IN,25,200797,,,,,,pop100k,0.0,0.0,,0.0,10.369,77.9804
Aurora,United States,US,IL,200661,,,,,,pop100k,0.0,0.0,,0.0,41.7606,-88.3201
Santo Domingo de los Colorados,Ecuador,EC,26,200421,,,,,,pop100k,0.0,0.0,,0.0,-0.253,-79.1754
Jalālābād,Afghanistan,AF,18,200331,,,,,,pop100k,0.0,0.0,,0.0,34.4265,70.4515
Ugep,Nigeria,NG,22,200276,,,,,,pop100k,0.0,0.0,,0.0,5.8087,8.081
São José,Brazil,BR,26,200000,,,,,,pop100k,0.0,0.0,,0.0,-28.2117,-49.1632
Sumedang,Indonesia,ID,30,200000,,,,,,pop100k,0.0,0.0,,0.0,-6.8586,107.9164
Thika,Kenya,KE,05,200000,,,,,,pop100k,0.0,0.0,,0.0,-1.0333,37.0693
Az Zāwīyah,Libya,LY,68,200000,,,,,,pop100k,0.0,0.0,,0.0,32.7571,12.7276
Chakwama,Nigeria,NG,39,200000,,,,,,pop100k,0.0,0.0,,0.0,11.5596,9.6641
Shahkot,Pakistan,PK,04,200000,,,,,,pop100k,0.0,0.0,,0.0,31.5709,73.4853
Sīkar,India,IN,24,199932,,,,,,pop100k,0.0,0.0,,0.0,27.6121,75.14
Balakovo,Russia,RU,67,199572,,BWO,Balakovo Airport,19.2,BWO,pop100k+airport,0.0,0.0,,0.0,52.0278,47.8007
Armavir,Russia,RU,38,199548,,,,,,pop100k,0.0,0.0,,0.0,44.9892,41.1234
Kamoke,Pakistan,PK,04,199531,,,,,,pop100k,0.0,0.0,,0.0,31.9753,74.223
Āmol,Iran,IR,35,199382,,,,,,pop100k,0.0,0.0,,0.0,36.4696,52.3507
Bila Tserkva,Ukraine,UA,13,199163,,,,,,pop100k,0.0,0.0,,0.0,49.8094,30.1121
Gliwice,Poland,PL,83,198835,,,,,,pop100k,0.0,0.0,,0.0,50.2976,18.6766
Malolos,Philippines,PH,03,198748,,,,,,pop100k,0.0,0.0,,0.0,14.8443,120.8104
Bulandshahr,India,IN,36,198612,,,,,,pop100k,0.0,0.0,,0.0,28.4039,77.8577
Purnia,India,IN,34,198453,,,,,,pop100k,0.0,0.0,,0.0,25.7789,87.4742
Kaiyuan,China,CN,29,198423,,,,,,pop100k,0.0,0.0,,0.0,23.6977,103.3037
Hospet,India,IN,19,197846,,,,,,pop100k,0.0,0.0,,0.0,15.2695,76.3871
Fuenlabrada,Spain,ES,29,197836,,,,,,pop100k,0.0,0.0,,0.0,40.2842,-3.7942
Mentougou,China,CN,22,197772,,,,,,pop100k,0.0,0.0,,0.0,39.9382,116.0931
Talca,Chile,CL,11,197479,,,,,,pop100k,0.0,0.0,,0.0,-35.4264,-71.6554
Kure,Japan,JP,11,196624,,,,,,pop100k,0.0,0.0,,0.0,34.2322,132.5666
İzmit,Türkiye,TR,41,196571,,,,,,pop100k,0.0,0.0,,0.0,40.765,29.9293
Reims,France,FR,44,196565,,,,,,pop100k,0.0,0.0,,0.0,49.2653,4.0285
Icheon-si,South Korea,KR,13,196230,,,,,,pop100k,0.0,0.0,,0.0,37.2792,127.4425
Sambhal,India,IN,36,196109,,,,,,pop100k,0.0,0.0,,0.0,28.585,78.5696
Americana,Brazil,BR,27,196022,,,,,,pop100k,0.0,0.0,,0.0,-22.7392,-47.3314
Engel’s,Russia,RU,67,196011,,,,,,pop100k,0.0,0.0,,0.0,51.4839,46.1053
Murwāra,India,IN,35,195856,,,,,,pop100k,0.0,0.0,,0.0,23.8378,80.394
Nagaoka,Japan,JP,29,195318,,,,,,pop100k,0.0,0.0,,0.0,37.45,138.85
Guri-si,South Korea,KR,13,195236,,,,,,pop100k,0.0,0.0,,0.0,37.5986,127.1394
Coro,Venezuela,VE,11,195227,,CZE,José Leonardo Chirinos Airport,1.4,CZE,pop100k+airport,0.0,0.0,,0.0,11.4045,-69.6734
Nishi-Tokyo-shi,Japan,JP,40,195164,,,,,,pop100k,0.0,0.0,,0.0,35.7253,139.5383
Xinhui,China,CN,30,195129,,,,,,pop100k,0.0,0.0,,0.0,22.456,113.0482
Yamoussoukro,Côte d'Ivoire,CI,81,194530,yes,,,,,pop100k+capital,0.0,0.0,,0.0,6.8205,-5.2767
Severodvinsk,Russia,RU,06,194292,,,,,,pop100k,0.0,0.0,,0.0,64.5635,39.8302
Portsmouth,United Kingdom,GB,ENG,194150,,,,,,pop100k,0.0,0.0,,0.0,50.799,-1.0913
Nnewi,Nigeria,NG,25,193987,,,,,,pop100k,0.0,0.0,,0.0,6.0196,6.9173
Divinópolis,Brazil,BR,15,193832,,,,,,pop100k,0.0,0.0,,0.0,-20.1436,-44.8907
Ezhou,China,CN,12,193652,,EHU,Ezhou Huahu International Airport,20.8,EHU,pop100k+airport,0.0,0.0,,0.0,30.4,114.8333
Nam Định,Vietnam,VN,82,193499,,,,,,pop100k,0.0,0.0,,0.0,20.4339,106.1773
Uji,Japan,JP,22,192925,,,,,,pop100k,0.0,0.0,,0.0,34.8904,135.8032
Machilīpatnam,India,IN,02,192827,,,,,,pop100k,0.0,0.0,,0.0,16.1875,81.1389
Hyesan,North Korea,KP,13,192680,,,,,,pop100k,0.0,0.0,,0.0,41.4017,128.1778
Bayamo,Cuba,CU,09,192632,,BYM,Carlos Manuel de Cespedes Airport,3.4,BYM,pop100k+airport,0.0,0.0,,0.0,20.3742,-76.6436
Katihar,India,IN,34,192555,,,,,,pop100k,0.0,0.0,,0.0,25.5385,87.5704
Pār Naogaon,Bangladesh,BD,83,192464,,,,,,pop100k,0.0,0.0,,0.0,24.8042,88.9488
Klaipėda,Lithuania,LT,58,192307,,,,,,pop100k,0.0,0.0,,0.0,55.7068,21.1391
Zabrze,Poland,PL,83,192177,,,,,,pop100k,0.0,0.0,,0.0,50.3249,18.7858
Guatire,Venezuela,VE,15,191903,,,,,,pop100k,0.0,0.0,,0.0,10.474,-66.5424
Sidi Bel Abbès,Algeria,DZ,30,191769,,,,,,pop100k,0.0,0.0,,0.0,35.1899,-0.6309
Haicheng,China,CN,19,191651,,,,,,pop100k,0.0,0.0,,0.0,40.8516,122.7475
Zlatoust,Russia,RU,13,191366,,,,,,pop100k,0.0,0.0,,0.0,55.1711,59.6508
Ormoc,Philippines,PH,08,191200,,,,,,pop100k,0.0,0.0,,0.0,11.0064,124.6075
Bhiwāni,India,IN,10,190855,,,,,,pop100k,0.0,0.0,,0.0,28.793,76.1397
Zoucheng,China,CN,25,190537,,,,,,pop100k,0.0,0.0,,0.0,35.4006,116.9656
Al Fallūjah,Iraq,IQ,01,190159,,,,,,pop100k,0.0,0.0,,0.0,33.3491,43.786
Ise-Ekiti,Nigeria,NG,54,190063,,,,,,pop100k,0.0,0.0,,0.0,7.4648,5.4233
Kōfu,Japan,JP,46,190000,,,,,,pop100k,0.0,0.0,,0.0,35.6667,138.5667
Paarl,South Africa,ZA,11,190000,,,,,,pop100k,0.0,0.0,,0.0,-33.7338,18.9752
Banī Suwayf,Egypt,EG,18,189624,,,,,,pop100k,0.0,0.0,,0.0,29.0744,31.0979
Planaltina,Brazil,BR,07,189412,,,,,,pop100k,0.0,0.0,,0.0,-15.6179,-47.6487
Syzran’,Russia,RU,65,189338,,,,,,pop100k,0.0,0.0,,0.0,53.1585,48.4681
Mwene-Ditu,DR Congo,CD,21,189177,,,,,,pop100k,0.0,0.0,,0.0,-7.0091,23.4528
Kabwe,Zambia,ZM,02,188979,,,,,,pop100k,0.0,0.0,,0.0,-14.4469,28.4464
Donghai,China,CN,30,188602,,,,,,pop100k,0.0,0.0,,0.0,22.9459,115.642
Baiyin,China,CN,15,188533,,,,,,pop100k,0.0,0.0,,0.0,36.547,104.1702
Santa Bárbara d'Oeste,Brazil,BR,27,188000,,,,,,pop100k,0.0,0.0,,0.0,-22.7536,-47.4136
Laizhou,China,CN,25,188000,,,,,,pop100k,0.0,0.0,,0.0,37.1807,119.9422
Kultali,India,IN,28,187942,,,,,,pop100k,0.0,0.0,,0.0,21.9,88.4
Rio Grande,Brazil,BR,23,187838,,,,,,pop100k,0.0,0.0,,0.0,-32.035,-52.0986
Mohammedia,Morocco,MA,06,187708,,,,,,pop100k,0.0,0.0,,0.0,33.6861,-7.383
Qo‘qon,Uzbekistan,UZ,03,187477,,,,,,pop100k,0.0,0.0,,0.0,40.5286,70.9425
Chilpancingo,Mexico,MX,12,187251,,,,,,pop100k,0.0,0.0,,0.0,17.5506,-99.5058
Trieste,Italy,IT,06,187056,,,,,,pop100k,0.0,0.0,,0.0,45.6495,13.7768
Cachoeiro de Itapemirim,Brazil,BR,08,187019,,,,,,pop100k,0.0,0.0,,0.0,-20.8489,-41.1128
Kikwit,DR Congo,CD,20,186991,,KKW,Kikwit Airport,3.4,KKW,pop100k+airport,0.0,0.0,,0.0,-5.041,18.8162
Pinar del Río,Cuba,CU,01,186990,,,,,,pop100k,0.0,0.0,,0.0,22.4167,-83.6967
Pābna,Bangladesh,BD,83,186781,,,,,,pop100k,0.0,0.0,,0.0,24.0064,89.2372
Cienfuegos,Cuba,CU,08,186644,,CFG,Jaime Gonzalez Airport,3.3,CFG,pop100k+airport,0.0,0.0,,0.0,22.1496,-80.4466
Beersheba,Israel,IL,01,186600,,,,,,pop100k,0.0,0.0,,0.0,31.2518,34.7913
Overland Park,United States,US,KS,186515,,,,,,pop100k,0.0,0.0,,0.0,38.9822,-94.6708
Raebareli,India,IN,36,186433,,,,,,pop100k,0.0,0.0,,0.0,26.2309,81.2331
Shibīn al Kawm,Egypt,EG,09,186345,,,,,,pop100k,0.0,0.0,,0.0,30.5526,31.009
Hitachi,Japan,JP,14,186307,,,,,,pop100k,0.0,0.0,,0.0,36.6,140.65
Antsirabe,Madagascar,MG,12,186253,,,,,,pop100k,0.0,0.0,,0.0,-19.8659,47.0333
Zawiya,Libya,LY,68,186123,,,,,,pop100k,0.0,0.0,,0.0,32.7522,12.7278
Madiun,Indonesia,ID,08,186099,,,,,,pop100k,0.0,0.0,,0.0,-7.6298,111.5239
Haridwar,India,IN,39,186079,,,,,,pop100k,0.0,0.0,,0.0,29.9479,78.1603
Ad-Damazin,Sudan,SD,42,186051,,,,,,pop100k,0.0,0.0,,0.0,11.7891,34.3592
Swindon,United Kingdom,GB,ENG,185609,,,,,,pop100k,0.0,0.0,,0.0,51.558,-1.7812
Singrauli,India,IN,35,185580,,,,,,pop100k,0.0,0.0,,0.0,24.1997,82.6753
Richmond Hill,Canada,CA,08,185541,,,,,,pop100k,0.0,0.0,,0.0,43.8711,-79.4373
Jamaame,Somalia,SO,09,185270,,,,,,pop100k,0.0,0.0,,0.0,0.0697,42.745
Kütahya,Türkiye,TR,43,185008,,,,,,pop100k,0.0,0.0,,0.0,39.4242,29.9833
Meycauayan,Philippines,PH,03,184839,,,,,,pop100k,0.0,0.0,,0.0,14.7369,120.9608
Brescia,Italy,IT,09,184826,,VBS,Brescia Gabriele d'Annunzio Airport,14.9,VBS,pop100k,0.0,0.0,,0.0,45.5356,10.2147
Zaoyang,China,CN,12,184509,,,,,,pop100k,0.0,0.0,,0.0,32.1272,112.7542
Jūnāgadh,India,IN,09,184447,,,,,,pop100k,0.0,0.0,,0.0,21.5197,70.4598
Mutare,Zimbabwe,ZW,01,184205,,,,,,pop100k,0.0,0.0,,0.0,-18.9707,32.6709
Pemalang,Indonesia,ID,07,184149,,,,,,pop100k,0.0,0.0,,0.0,-6.8919,109.3826
Tarlac City,Philippines,PH,03,183930,,,,,,pop100k,0.0,0.0,,0.0,15.4802,120.5979
Būrewāla,Pakistan,PK,04,183915,,,,,,pop100k,0.0,0.0,,0.0,30.1667,72.65
Baishan,China,CN,05,183880,,,,,,pop100k,0.0,0.0,,0.0,41.9385,126.4197
Sūjāngarh,India,IN,24,183808,,,,,,pop100k,0.0,0.0,,0.0,27.7,74.4667
Zaozhuang,China,CN,25,183665,,,,,,pop100k,0.0,0.0,,0.0,34.8647,117.5542
Cergy-Pontoise,France,FR,11,183430,,,,,,pop100k,0.0,0.0,,0.0,49.0389,2.0781
Çorum,Türkiye,TR,19,183418,,,,,,pop100k,0.0,0.0,,0.0,40.5489,34.9533
Ellore,India,IN,02,183387,,,,,,pop100k,0.0,0.0,,0.0,16.7131,81.1044
Bhusāval,India,IN,16,183001,,JLG,Jalgaon Airport,18.7,JLG,pop100k,0.0,0.0,,0.0,21.0436,75.7851
Khandwa,India,IN,35,182841,,,,,,pop100k,0.0,0.0,,0.0,21.8243,76.3509
Cúa,Venezuela,VE,15,182558,,,,,,pop100k,0.0,0.0,,0.0,10.1624,-66.8825
Kamensk-Ural’skiy,Russia,RU,71,182500,,,,,,pop100k,0.0,0.0,,0.0,56.4185,61.9329
Itaboraí,Brazil,BR,21,182498,,,,,,pop100k,0.0,0.0,,0.0,-22.7444,-42.8594
Blida,Algeria,DZ,20,182447,,,,,,pop100k,0.0,0.0,,0.0,36.47,2.8277
Santa Clarita,United States,US,CA,182371,,,,,,pop100k,0.0,0.0,,0.0,34.3917,-118.5426
Carletonville,South Africa,ZA,06,182304,,,,,,pop100k,0.0,0.0,,0.0,-26.3609,27.3977
Bahraigh,India,IN,36,182218,,,,,,pop100k,0.0,0.0,,0.0,27.5743,81.5947
Barrie,Canada,CA,08,182041,,YLK,Barrie-Lake Simcoe Regional Airport,13.0,YLK,pop100k+airport,0.0,0.0,,0.0,44.4001,-79.6663
Monywa,Myanmar,MM,10,182011,,,,,,pop100k,0.0,0.0,,0.0,22.1086,95.1358
Probolinggo,Indonesia,ID,08,181656,,,,,,pop100k,0.0,0.0,,0.0,-7.7543,113.2159
Sirsa,India,IN,10,181639,,,,,,pop100k,0.0,0.0,,0.0,29.5349,75.029
Guarenas,Venezuela,VE,15,181612,,,,,,pop100k,0.0,0.0,,0.0,10.4703,-66.6193
Anda,China,CN,08,181271,,,,,,pop100k,0.0,0.0,,0.0,46.402,125.3145
Shangqiu,China,CN,09,181218,,,,,,pop100k,0.0,0.0,,0.0,34.45,115.65
Wādī as Sīr,Jordan,JO,16,181212,,ADJ,Marka International (Amman Civil) Airport,16.5,ADJ,pop100k,0.0,0.0,,0.0,31.9545,35.8183
Taranto,Italy,IT,13,181082,,,,,,pop100k,0.0,0.0,,0.0,40.4644,17.2471
Malacca,Malaysia,MY,04,180671,,MKZ,Malacca International Airport,7.9,MKZ,pop100k+airport,0.0,0.0,,0.0,2.196,102.2405
Gangneung,South Korea,KR,06,180611,,,,,,pop100k,0.0,0.0,,0.0,37.7527,128.8724
Baharampur,India,IN,28,180547,,,,,,pop100k,0.0,0.0,,0.0,24.1047,88.2515
Rio Claro,Brazil,BR,27,180147,,,,,,pop100k,0.0,0.0,,0.0,-22.4114,-47.5614
Tāngāil,Bangladesh,BD,81,180144,,,,,,pop100k,0.0,0.0,,0.0,24.2498,89.9166
Matadi,DR Congo,CD,08,180109,,,,,,pop100k,0.0,0.0,,0.0,-5.8386,13.4631
Castelló de la Plana,Spain,ES,60,180005,,,,,,pop100k,0.0,0.0,,0.0,39.9857,-0.0493
Yangju,South Korea,KR,13,179923,,,,,,pop100k,0.0,0.0,,0.0,37.8331,127.0617
Surendranagar,India,IN,09,179628,,,,,,pop100k,0.0,0.0,,0.0,22.7271,71.6486
Varāmīn,Iran,IR,26,179603,,,,,,pop100k,0.0,0.0,,0.0,35.3242,51.6457
Xianning,China,CN,12,179494,,,,,,pop100k,0.0,0.0,,0.0,29.8435,114.322
Legaspi,Philippines,PH,05,179481,,DRP,Bicol International Airport,7.7,DRP,pop100k+airport,0.0,0.0,,0.0,13.1412,123.7407
Vizianagaram,India,IN,02,179358,,,,,,pop100k,0.0,0.0,,0.0,18.1169,83.4115
Ila Orangun,Nigeria,NG,42,179192,,,,,,pop100k,0.0,0.0,,0.0,8.0171,4.9042
Qianjiang,China,CN,12,179079,,,,,,pop100k,0.0,0.0,,0.0,30.421,112.8919
Chenzhou,China,CN,11,179038,,HCZ,Chenzhou Beihu Airport,19.5,HCZ,pop100k+airport,0.0,0.0,,0.0,25.8,113.0333
Burgos,Spain,ES,55,178966,,,,,,pop100k,0.0,0.0,,0.0,42.3411,-3.7018
Klerksdorp,South Africa,ZA,10,178921,,,,,,pop100k,0.0,0.0,,0.0,-26.8521,26.6667
Si Racha,Thailand,TH,46,178916,,,,,,pop100k,0.0,0.0,,0.0,13.1737,100.9311
Tiaret,Algeria,DZ,13,178915,,,,,,pop100k,0.0,0.0,,0.0,35.371,1.317
Ipswich,United Kingdom,GB,ENG,178835,,,,,,pop100k,0.0,0.0,,0.0,52.0592,1.1555
Saki,Nigeria,NG,32,178677,,,,,,pop100k,0.0,0.0,,0.0,8.6676,3.3939
Anjō,Japan,JP,01,178402,,,,,,pop100k,0.0,0.0,,0.0,34.9583,137.0805
Jingzhou,China,CN,12,177878,,,,,,pop100k,0.0,0.0,,0.0,30.3503,112.1903
Proddatūr,India,IN,02,177797,,,,,,pop100k,0.0,0.0,,0.0,14.7502,78.5481
Ar Raqqah,Syria,SY,04,177636,,,,,,pop100k,0.0,0.0,,0.0,35.9528,39.0079
Meiktila,Myanmar,MM,08,177442,,,,,,pop100k,0.0,0.0,,0.0,20.8778,95.8584
Loum,Cameroon,CM,05,177429,,,,,,pop100k,0.0,0.0,,0.0,4.7182,9.7351
Vellore,India,IN,25,177081,,,,,,pop100k,0.0,0.0,,0.0,12.9184,79.1325
Hugli,India,IN,28,177005,,,,,,pop100k,0.0,0.0,,0.0,22.9088,88.3967
Alappuzha,India,IN,13,176783,,,,,,pop100k,0.0,0.0,,0.0,9.49,76.3264
Santa Ana,El Salvador,SV,11,176661,,,,,,pop100k,0.0,0.0,,0.0,13.9942,-89.5597
Malāyer,Iran,IR,09,176573,,,,,,pop100k,0.0,0.0,,0.0,34.3016,48.8217
Bielsko-Biala,Poland,PL,83,176515,,,,,,pop100k,0.0,0.0,,0.0,49.8225,19.0469
Almere Stad,Netherlands,NL,16,176432,,,,,,pop100k,0.0,0.0,,0.0,52.3702,5.2141
Saint-Étienne,France,FR,84,176280,,,,,,pop100k,0.0,0.0,,0.0,45.4339,4.39
Amroha,India,IN,36,176253,,,,,,pop100k,0.0,0.0,,0.0,28.9031,78.4698
Zhenzhou,China,CN,04,176006,,,,,,pop100k,0.0,0.0,,0.0,32.2803,119.17
Saint-Louis,Senegal,SN,14,176000,,,,,,pop100k,0.0,0.0,,0.0,16.0179,-16.4896
Xindi,China,CN,12,175761,,,,,,pop100k,0.0,0.0,,0.0,29.8167,113.4667
Tsukuba,Japan,JP,14,175589,,,,,,pop100k,0.0,0.0,,0.0,36.2,140.1
Sāveh,Iran,IR,34,175533,,,,,,pop100k,0.0,0.0,,0.0,35.0213,50.3566
Wigan,United Kingdom,GB,ENG,175405,,,,,,pop100k,0.0,0.0,,0.0,53.543,-2.6371
Khowy,Iran,IR,01,175370,,,,,,pop100k,0.0,0.0,,0.0,38.5503,44.9521
Mzuzu,Malawi,MW,N,175345,,,,,,pop100k,0.0,0.0,,0.0,-11.4656,34.0207
Siverek,Türkiye,TR,63,175341,,,,,,pop100k,0.0,0.0,,0.0,37.755,39.3167
Cotia,Brazil,BR,27,174828,,,,,,pop100k,0.0,0.0,,0.0,-23.6039,-46.9192
Bo,Sierra Leone,SL,03,174354,,,,,,pop100k,0.0,0.0,,0.0,7.9647,-11.7383
Hadano,Japan,JP,19,174281,,,,,,pop100k,0.0,0.0,,0.0,35.3711,139.2236
Bozhou,China,CN,01,174140,,,,,,pop100k,0.0,0.0,,0.0,33.8772,115.7703
Bhind,India,IN,35,174035,,,,,,pop100k,0.0,0.0,,0.0,26.5667,78.7873
Puerto Cabello,Venezuela,VE,07,174000,,,,,,pop100k,0.0,0.0,,0.0,10.4731,-68.0125
Kramators’k,Ukraine,UA,05,173700,,,,,,pop100k,0.0,0.0,,0.0,48.7231,37.5563
Shimla,India,IN,11,173503,,,,,,pop100k,0.0,0.0,,0.0,31.1044,77.1666
Khān Yūnis,Palestine,PS,GZ,173183,,,,,,pop100k,0.0,0.0,,0.0,31.3402,34.3063
Bata,Equatorial Guinea,GQ,08,173046,,BSG,Bata International Airport,6.4,BSG,pop100k+airport,0.0,0.0,,0.0,1.8639,9.7658
Ongole,India,IN,02,172872,,,,,,pop100k,0.0,0.0,,0.0,15.5036,80.0445
Gadag-Betageri,India,IN,19,172813,,,,,,pop100k,0.0,0.0,,0.0,15.4167,75.6167
Licheng,China,CN,30,172775,,,,,,pop100k,0.0,0.0,,0.0,23.2955,113.8247
Salatiga,Indonesia,ID,07,172645,,,,,,pop100k,0.0,0.0,,0.0,-7.3319,110.4928
Miskolc,Hungary,HU,04,172637,,,,,,pop100k,0.0,0.0,,0.0,48.1031,20.7781
Weinan,China,CN,26,172321,,,,,,pop100k,0.0,0.0,,0.0,34.5035,109.5089
Kaolack,Senegal,SN,10,172305,,,,,,pop100k,0.0,0.0,,0.0,14.152,-16.0726
Herne,Germany,DE,07,172108,,,,,,pop100k,0.0,0.0,,0.0,51.5388,7.2257
Mansfield,United Kingdom,GB,ENG,171958,,,,,,pop100k,0.0,0.0,,0.0,53.1333,-1.2
Olsztyn,Poland,PL,85,171803,,,,,,pop100k,0.0,0.0,,0.0,53.7799,20.4942
Francisco Morato,Brazil,BR,27,171790,,,,,,pop100k,0.0,0.0,,0.0,-23.2817,-46.7453
Hino,Japan,JP,40,171777,,,,,,pop100k,0.0,0.0,,0.0,35.6731,139.4003
Netanya,Israel,IL,02,171676,,,,,,pop100k,0.0,0.0,,0.0,32.3329,34.8599
Nanping,China,CN,07,171674,,,,,,pop100k,0.0,0.0,,0.0,26.645,118.1736
Bida,Nigeria,NG,31,171656,,,,,,pop100k,0.0,0.0,,0.0,9.0804,6.0099
Prizren,Kosovo,XK,10097361,171464,,,,,,pop100k,0.0,0.0,,0.0,42.2139,20.7397
Oxford,United Kingdom,GB,ENG,171380,,,,,,pop100k,0.0,0.0,,0.0,51.7522,-1.256
Dagupan,Philippines,PH,01,171271,,,,,,pop100k,0.0,0.0,,0.0,16.0431,120.3333
Peoria,United States,US,AZ,171237,,,,,,pop100k,0.0,0.0,,0.0,33.5806,-112.2374
Navsāri,India,IN,09,171109,,,,,,pop100k,0.0,0.0,,0.0,20.9424,72.9247
Kulim,Malaysia,MY,02,170889,,,,,,pop100k,0.0,0.0,,0.0,5.365,100.5618
Puri,India,IN,21,170841,,,,,,pop100k,0.0,0.0,,0.0,19.7982,85.8249
Haldia,India,IN,28,170695,,,,,,pop100k,0.0,0.0,,0.0,22.0605,88.1098
Temirtau,Kazakhstan,KZ,12,170600,,,,,,pop100k,0.0,0.0,,0.0,50.0549,72.9646
Jacobabad,Pakistan,PK,05,170588,,,,,,pop100k,0.0,0.0,,0.0,28.2819,68.4376
Khammam,India,IN,40,170503,,,,,,pop100k,0.0,0.0,,0.0,17.2477,80.1437
Portoviejo,Ecuador,EC,14,170326,,,,,,pop100k,0.0,0.0,,0.0,-1.0546,-80.4544
Rāiganj,India,IN,28,170252,,,,,,pop100k,0.0,0.0,,0.0,25.6128,88.1245
Ingrāj Bāzār,India,IN,28,170039,,,,,,pop100k,0.0,0.0,,0.0,25.0045,88.1457
Kluang,Malaysia,MY,01,169828,,,,,,pop100k,0.0,0.0,,0.0,2.0305,103.3169
Albacete,Spain,ES,54,169716,,,,,,pop100k,0.0,0.0,,0.0,38.9942,-1.8564
Laiyang,China,CN,25,169594,,,,,,pop100k,0.0,0.0,,0.0,36.9758,120.7136
Jaunpur,India,IN,36,169572,,,,,,pop100k,0.0,0.0,,0.0,25.7536,82.6869
Baranovichi,Belarus,BY,01,168772,,,,,,pop100k,0.0,0.0,,0.0,53.1327,26.0139
Chalco,Mexico,MX,15,168720,,,,,,pop100k,0.0,0.0,,0.0,19.2617,-98.8978
Jabālyā,Palestine,PS,GZ,168568,,,,,,pop100k,0.0,0.0,,0.0,31.5272,34.4835
Araraquara,Brazil,BR,27,168468,,AQA,Araraquara Airport,4.8,AQA,pop100k+airport,0.0,0.0,,0.0,-21.7944,-48.1756
Bordj Bou Arreridj,Algeria,DZ,39,168346,,,,,,pop100k,0.0,0.0,,0.0,36.0732,4.7611
Angers,France,FR,52,168279,,,,,,pop100k,0.0,0.0,,0.0,47.4738,-0.5477
Pátra,Greece,GR,ESYE23,168034,,,,,,pop100k,0.0,0.0,,0.0,38.2444,21.7344
Alcorcón,Spain,ES,29,167967,,,,,,pop100k,0.0,0.0,,0.0,40.3458,-3.8249
Jamālpur,Bangladesh,BD,H,167900,,,,,,pop100k,0.0,0.0,,0.0,24.9197,89.9481
Chirchiq,Uzbekistan,UZ,14,167842,,TVT,Tashkent-Khumo International Airport,23.3,TVT,pop100k,0.0,0.0,,0.0,41.4689,69.5822
Jingmen,China,CN,12,167750,,,,,,pop100k,0.0,0.0,,0.0,31.0336,112.2047
Berezniki,Russia,RU,90,167748,,,,,,pop100k,0.0,0.0,,0.0,59.4091,56.8204
Awka,Nigeria,NG,25,167738,,,,,,pop100k,0.0,0.0,,0.0,6.2127,7.072
Volgodonsk,Russia,RU,61,167731,,,,,,pop100k,0.0,0.0,,0.0,47.5136,42.1514
Khouribga,Morocco,MA,05,167673,,,,,,pop100k,0.0,0.0,,0.0,32.8811,-6.9063
Breda,Netherlands,NL,06,167673,,,,,,pop100k,0.0,0.0,,0.0,51.5866,4.776
Piteşti,Romania,RO,03,167669,,,,,,pop100k,0.0,0.0,,0.0,44.85,24.8667
Ijero-Ekiti,Nigeria,NG,54,167632,,,,,,pop100k,0.0,0.0,,0.0,7.8151,5.0672
Miass,Russia,RU,13,167500,,,,,,pop100k,0.0,0.0,,0.0,55.045,60.1083
Berazategui,Argentina,AR,01,167498,,,,,,pop100k,0.0,0.0,,0.0,-34.7653,-58.2128
Fianarantsoa,Madagascar,MG,21,167227,,,,,,pop100k,0.0,0.0,,0.0,-21.4527,47.0857
Plumbon,Indonesia,ID,30,167105,,,,,,pop100k,0.0,0.0,,0.0,-6.705,108.4728
Banhā,Egypt,EG,12,167029,,,,,,pop100k,0.0,0.0,,0.0,30.4598,31.1842
Elk Grove,United States,US,CA,166913,,,,,,pop100k,0.0,0.0,,0.0,38.4088,-121.3716
Arapiraca,Brazil,BR,02,166562,,,,,,pop100k,0.0,0.0,,0.0,-9.7525,-36.6611
Fuling,China,CN,33,166507,,,,,,pop100k,0.0,0.0,,0.0,29.706,107.3958
Fatehpur,India,IN,36,166480,,,,,,pop100k,0.0,0.0,,0.0,25.9277,80.8127
Osnabrück,Germany,DE,06,166462,,,,,,pop100k,0.0,0.0,,0.0,52.2726,8.0498
Beni Mellal,Morocco,MA,05,166399,,BEM,Beni Mellal Airport,7.9,BEM,pop100k+airport,0.0,0.0,,0.0,32.3372,-6.3498
Ocumare del Tuy,Venezuela,VE,15,166072,,,,,,pop100k,0.0,0.0,,0.0,10.1182,-66.7751
Gaozhou,China,CN,30,166069,,,,,,pop100k,0.0,0.0,,0.0,21.9392,110.8461
Kamakura,Japan,JP,19,166016,,,,,,pop100k,0.0,0.0,,0.0,35.3089,139.5503
Khobar,Saudi Arabia,SA,06,165799,,,,,,pop100k,0.0,0.0,,0.0,26.2794,50.2083
Shanwei,China,CN,30,165699,,,,,,pop100k,0.0,0.0,,0.0,22.782,115.3475
Oakville,Canada,CA,08,165697,,,,,,pop100k,0.0,0.0,,0.0,43.4501,-79.6829
Deer Valley,United States,US,AZ,165656,,,,,,pop100k,0.0,0.0,,0.0,33.6839,-112.1349
Tuluá,Colombia,CO,29,165501,,,,,,pop100k,0.0,0.0,,0.0,4.0847,-76.1954
Nandyāl,India,IN,02,165337,,,,,,pop100k,0.0,0.0,,0.0,15.478,78.4836
Esmeraldas,Ecuador,EC,09,165216,,ESM,Carlos Concha Torres International Airport,3.7,ESM,pop100k+airport,0.0,0.0,,0.0,0.9592,-79.654
Muzaffargarh,Pakistan,PK,04,165192,,,,,,pop100k,0.0,0.0,,0.0,30.0726,71.1938
Udupi,India,IN,19,165000,,,,,,pop100k,0.0,0.0,,0.0,13.3347,74.7462
Szeged,Hungary,HU,06,164883,,,,,,pop100k,0.0,0.0,,0.0,46.253,20.1482
Loni,India,IN,36,164810,,HDO,Hindon Airport / Hindon Air Force Station,8.3,HDO,pop100k+airport,0.0,0.0,,0.0,28.7514,77.2902
Serang,Indonesia,ID,33,164767,,,,,,pop100k,0.0,0.0,,0.0,-6.1153,106.1542
Lages,Brazil,BR,26,164676,,LAJ,Lages Airport,5.8,LAJ,pop100k+airport,0.0,0.0,,0.0,-27.8161,-50.3261
Port Saint Lucie,United States,US,FL,164603,,,,,,pop100k,0.0,0.0,,0.0,27.2939,-80.3503
Sītāpur,India,IN,36,164435,,,,,,pop100k,0.0,0.0,,0.0,27.5619,80.6826
Zenica,Bosnia and Herzegovina,BA,01,164423,,,,,,pop100k,0.0,0.0,,0.0,44.2017,17.904
Solingen,Germany,DE,07,164359,,,,,,pop100k,0.0,0.0,,0.0,51.1734,7.0845
Muridke,Pakistan,PK,04,164246,,,,,,pop100k,0.0,0.0,,0.0,31.8026,74.2577
Shivpuri,India,IN,35,164215,,,,,,pop100k,0.0,0.0,,0.0,25.4238,77.6622
Pilsen,Czechia,CZ,87,164180,,,,,,pop100k,0.0,0.0,,0.0,49.7475,13.3776
Inisa,Nigeria,NG,42,164161,,,,,,pop100k,0.0,0.0,,0.0,7.8486,4.3298
Barra Mansa,Brazil,BR,21,164052,,,,,,pop100k,0.0,0.0,,0.0,-22.5442,-44.1714
Bhadrāvati,India,IN,19,163903,,,,,,pop100k,0.0,0.0,,0.0,13.8485,75.705
Parakou,Benin,BJ,10,163753,,,,,,pop100k,0.0,0.0,,0.0,9.3372,2.6303
Piraeus,Greece,GR,ESYE31,163688,,,,,,pop100k,0.0,0.0,,0.0,37.942,23.6462
Ādoni,India,IN,02,163631,,,,,,pop100k,0.0,0.0,,0.0,15.6279,77.275
Sidon,Lebanon,LB,06,163554,,,,,,pop100k,0.0,0.0,,0.0,33.5575,35.3715
Maradi,Niger,NE,04,163487,,,,,,pop100k,0.0,0.0,,0.0,13.5,7.1017
Tsu,Japan,JP,23,163461,,,,,,pop100k,0.0,0.0,,0.0,34.7333,136.5167
Peterborough,United Kingdom,GB,ENG,163379,,,,,,pop100k,0.0,0.0,,0.0,52.5736,-0.2478
Verāval,India,IN,09,163326,,,,,,pop100k,0.0,0.0,,0.0,20.9077,70.3679
Büyükçekmece,Türkiye,TR,34,163140,,,,,,pop100k,0.0,0.0,,0.0,41.0207,28.585
Aydın,Türkiye,TR,09,163022,,,,,,pop100k,0.0,0.0,,0.0,37.845,27.8396
Geneina,Sudan,SD,47,162981,,,,,,pop100k,0.0,0.0,,0.0,13.4526,22.4473
McKinney,United States,US,TX,162898,,,,,,pop100k,0.0,0.0,,0.0,33.1976,-96.6153
Sambalpur,India,IN,21,162887,,,,,,pop100k,0.0,0.0,,0.0,21.4653,83.9757
Skikda,Algeria,DZ,31,162702,,,,,,pop100k,0.0,0.0,,0.0,36.8762,6.9092
Gadag,India,IN,19,162569,,,,,,pop100k,0.0,0.0,,0.0,15.4298,75.6297
Boma,DR Congo,CD,08,162521,,,,,,pop100k,0.0,0.0,,0.0,-5.851,13.0536
Mahābād,Iran,IR,01,162434,,,,,,pop100k,0.0,0.0,,0.0,36.7631,45.7222
Jiutepec,Mexico,MX,17,162427,,,,,,pop100k,0.0,0.0,,0.0,18.8814,-99.1778
Dourados,Brazil,BR,11,162202,,,,,,pop100k,0.0,0.0,,0.0,-22.2211,-54.8056
Criciúma,Brazil,BR,26,161954,,CCM,Forquilhinha - Criciúma  Airport,7.6,CCM,pop100k+airport,0.0,0.0,,0.0,-28.6775,-49.3697
Kunduz,Afghanistan,AF,24,161902,,,,,,pop100k,0.0,0.0,,0.0,36.7289,68.857
San Miguel,El Salvador,SV,09,161880,,,,,,pop100k,0.0,0.0,,0.0,13.4833,-88.1833
Sapele,Nigeria,NG,36,161686,,,,,,pop100k,0.0,0.0,,0.0,5.8941,5.6767
Budaun,India,IN,36,161555,,,,,,pop100k,0.0,0.0,,0.0,28.0381,79.1267
Jīnd,India,IN,10,161260,,,,,,pop100k,0.0,0.0,,0.0,29.3158,76.315
Fort Collins,United States,US,CO,161175,,,,,,pop100k,0.0,0.0,,0.0,40.5853,-105.0844
Lancaster,United States,US,CA,161103,,,,,,pop100k,0.0,0.0,,0.0,34.698,-118.1367
Rubtsovsk,Russia,RU,04,161065,,,,,,pop100k,0.0,0.0,,0.0,51.5147,81.2061
Sayama,Japan,JP,34,160843,,,,,,pop100k,0.0,0.0,,0.0,35.8529,139.4121
Sullana,Peru,PE,20,160789,,,,,,pop100k,0.0,0.0,,0.0,-4.9039,-80.6853
Phan Thiết,Vietnam,VN,47,160652,,,,,,pop100k,0.0,0.0,,0.0,10.9289,108.1021
La Gi,Vietnam,VN,47,160652,,,,,,pop100k,0.0,0.0,,0.0,10.6599,107.7721
Hebron,Palestine,PS,WE,160470,,,,,,pop100k,0.0,0.0,,0.0,31.5294,35.0938
Xiaogan,China,CN,12,160437,,,,,,pop100k,0.0,0.0,,0.0,30.9269,113.9222
Mejicanos,El Salvador,SV,10,160317,,ILS,Ilopango International Airport,7.8,ILS,pop100k+airport,0.0,0.0,,0.0,13.724,-89.188
Salamanca,Mexico,MX,11,160169,,,,,,pop100k,0.0,0.0,,0.0,20.572,-101.1915
Taunggyi,Myanmar,MM,11,160115,,,,,,pop100k,0.0,0.0,,0.0,20.7892,97.0378
Dhamār,Yemen,YE,11,160114,,,,,,pop100k,0.0,0.0,,0.0,14.5427,44.4051
Qapqal,China,CN,13,160000,,,,,,pop100k,0.0,0.0,,0.0,43.8019,81.0872
İskenderun,Türkiye,TR,31,159965,,,,,,pop100k,0.0,0.0,,0.0,36.5872,36.1735
Oyama,Japan,JP,38,159936,,,,,,pop100k,0.0,0.0,,0.0,36.3,139.8
Salavat,Russia,RU,08,159893,,,,,,pop100k,0.0,0.0,,0.0,53.3837,55.9077
Ashikaga,Japan,JP,38,159671,,,,,,pop100k,0.0,0.0,,0.0,36.3333,139.45
Zhicheng,China,CN,12,159383,,,,,,pop100k,0.0,0.0,,0.0,30.2956,111.5047
Oldenburg,Germany,DE,06,159218,,,,,,pop100k,0.0,0.0,,0.0,53.1412,8.2147
Osan,South Korea,KR,13,158978,,,,,,pop100k,0.0,0.0,,0.0,37.1522,127.0706
Modena,Italy,IT,05,158886,,,,,,pop100k,0.0,0.0,,0.0,44.6478,10.9254
Nijmegen,Netherlands,NL,03,158732,,,,,,pop100k,0.0,0.0,,0.0,51.8425,5.8528
Jaigaon,India,IN,28,158664,,,,,,pop100k,0.0,0.0,,0.0,26.8477,89.3756
Pasuruan,Indonesia,ID,08,158600,,,,,,pop100k,0.0,0.0,,0.0,-7.6453,112.9075
Sāmarrā’,Iraq,IQ,18,158508,,,,,,pop100k,0.0,0.0,,0.0,34.1959,43.8857
Cambridge,United Kingdom,GB,ENG,158434,,,,,,pop100k,0.0,0.0,,0.0,52.2,0.1167
Palmdale,United States,US,CA,158351,,,,,,pop100k,0.0,0.0,,0.0,34.5794,-118.1165
El Achir,Algeria,DZ,39,158333,,,,,,pop100k,0.0,0.0,,0.0,36.0639,4.6274
Huzhou,China,CN,02,158320,,,,,,pop100k,0.0,0.0,,0.0,30.8703,120.0933
Orai,India,IN,36,158265,,,,,,pop100k,0.0,0.0,,0.0,25.9902,79.4533
Long Xuyên,Vietnam,VN,01,158153,,,,,,pop100k,0.0,0.0,,0.0,10.3864,105.4352
Doncaster,United Kingdom,GB,ENG,158141,,,,,,pop100k,0.0,0.0,,0.0,53.5228,-1.1312
San Luis Río Colorado,Mexico,MX,26,158089,,,,,,pop100k,0.0,0.0,,0.0,32.4561,-114.7719
San Cristóbal de las Casas,Mexico,MX,05,158027,,,,,,pop100k,0.0,0.0,,0.0,16.7318,-92.6413
Melitopol,Ukraine,UA,26,158000,,,,,,pop100k,0.0,0.0,,0.0,46.8489,35.3653
Sobral,Brazil,BR,06,157996,,JSO,Dr. Luciano de Arruda Coelho Regional Airport,15.4,JSO,pop100k+airport,0.0,0.0,,0.0,-3.6861,-40.3497
Sunggal,Indonesia,ID,26,157914,,,,,,pop100k,0.0,0.0,,0.0,3.5765,98.6151
Ţalkhā,Egypt,EG,01,157737,,,,,,pop100k,0.0,0.0,,0.0,31.0539,31.3779
San Miguel,Argentina,AR,01,157532,,,,,,pop100k,0.0,0.0,,0.0,-34.5433,-58.7123
Ussuriysk,Russia,RU,59,157068,,,,,,pop100k,0.0,0.0,,0.0,43.8029,131.9458
Nanpiao,China,CN,19,157044,,,,,,pop100k,0.0,0.0,,0.0,41.0982,120.7479
Tiraspol,Moldova,MD,58,157000,,,,,,pop100k,0.0,0.0,,0.0,46.8427,29.6291
Moshi,Tanzania,TZ,06,156959,,,,,,pop100k,0.0,0.0,,0.0,-3.35,37.3333
Toledo,Philippines,PH,07,156916,,,,,,pop100k,0.0,0.0,,0.0,10.3773,123.6386
Shikarpur,Pakistan,PK,05,156901,,,,,,pop100k,0.0,0.0,,0.0,27.9556,68.6382
Westonaria,South Africa,ZA,06,156831,,,,,,pop100k,0.0,0.0,,0.0,-26.3191,27.6486
Hitachi-Naka,Japan,JP,14,156811,,,,,,pop100k,0.0,0.0,,0.0,36.3966,140.5348
Souk Ahras,Algeria,DZ,52,156745,,,,,,pop100k,0.0,0.0,,0.0,36.2864,7.9511
Osogbo,Nigeria,NG,42,156694,,,,,,pop100k,0.0,0.0,,0.0,7.771,4.557
Pécs,Hungary,HU,02,156649,,PEV,Pécs-Pogány International Airport,9.3,PEV,pop100k+airport,0.0,0.0,,0.0,46.0725,18.2308
Ruse,Bulgaria,BG,53,156238,,,,,,pop100k,0.0,0.0,,0.0,43.8487,25.9534
Batu Pahat,Malaysia,MY,01,156236,,,,,,pop100k,0.0,0.0,,0.0,1.8548,102.9325
San Pablo de las Salinas,Mexico,MX,15,156191,,NLU,Felipe Ángeles International Airport,12.0,NLU,pop100k,0.0,0.0,,0.0,19.6666,-99.0948
Nagareyama,Japan,JP,04,156000,,,,,,pop100k,0.0,0.0,,0.0,35.8563,139.9027
Kumagaya,Japan,JP,34,155813,,,,,,pop100k,0.0,0.0,,0.0,36.135,139.39
Seogwipo,South Korea,KR,01,155691,,,,,,pop100k,0.0,0.0,,0.0,33.2533,126.5618
Hanumāngarh,India,IN,24,155687,,,,,,pop100k,0.0,0.0,,0.0,29.5818,74.3294
Kisi,Nigeria,NG,32,155510,,,,,,pop100k,0.0,0.0,,0.0,9.083,3.852
Guyong,Philippines,PH,03,155391,,,,,,pop100k,0.0,0.0,,0.0,14.8361,120.9784
Port Louis,Mauritius,MU,18,155226,yes,,,,,pop100k+capital,0.0,0.0,,0.0,-20.1619,57.4989
Kanchipuram,India,IN,25,155029,,,,,,pop100k,0.0,0.0,,0.0,12.8352,79.7001
Lianghu,China,CN,02,155000,,,,,,pop100k,0.0,0.0,,0.0,29.9915,120.8984
Beipiao,China,CN,19,154999,,,,,,pop100k,0.0,0.0,,0.0,41.7919,120.7792
Guangshui,China,CN,12,154771,,,,,,pop100k,0.0,0.0,,0.0,31.6199,113.9978
Middelburg,South Africa,ZA,07,154706,,,,,,pop100k,0.0,0.0,,0.0,-25.7751,29.4648
Butembo,DR Congo,CD,11,154621,,,,,,pop100k,0.0,0.0,,0.0,0.1416,29.2912
Leshan,China,CN,32,154477,,,,,,pop100k,0.0,0.0,,0.0,29.5623,103.7639
Gandajika,DR Congo,CD,04,154425,,,,,,pop100k,0.0,0.0,,0.0,-6.745,23.9533
Frisco,United States,US,TX,154407,,,,,,pop100k,0.0,0.0,,0.0,33.1507,-96.8236
Zhaodong,China,CN,08,154406,,,,,,pop100k,0.0,0.0,,0.0,46.0677,125.9826
Ambato,Ecuador,EC,19,154369,,,,,,pop100k,0.0,0.0,,0.0,-1.2491,-78.6167
Cuautla,Mexico,MX,17,154358,,,,,,pop100k,0.0,0.0,,0.0,18.8106,-98.9352
Djelfa,Algeria,DZ,22,154265,,,,,,pop100k,0.0,0.0,,0.0,34.6728,3.263
Kovrov,Russia,RU,83,154224,,,,,,pop100k,0.0,0.0,,0.0,56.3572,41.3192
Viranşehir,Türkiye,TR,63,154163,,,,,,pop100k,0.0,0.0,,0.0,37.2235,39.7552
Limassol,Cyprus,CY,05,154000,,,,,,pop100k,0.0,0.0,,0.0,34.6841,33.0379
Río Cuarto,Argentina,AR,05,153757,,,,,,pop100k,0.0,0.0,,0.0,-33.1307,-64.3499
York,United Kingdom,GB,ENG,153717,,,,,,pop100k,0.0,0.0,,0.0,53.9576,-1.0827
Guna,India,IN,35,153689,,,,,,pop100k,0.0,0.0,,0.0,24.6469,77.3113
Hafizabad,Pakistan,PK,04,153656,,,,,,pop100k,0.0,0.0,,0.0,32.071,73.688
Enschede,Netherlands,NL,15,153655,,,,,,pop100k,0.0,0.0,,0.0,52.2183,6.8958
Angra dos Reis,Brazil,BR,21,153635,,,,,,pop100k,0.0,0.0,,0.0,-23.0067,-44.3181
Boshan,China,CN,25,153596,,,,,,pop100k,0.0,0.0,,0.0,36.4833,117.8333
Yangchun,China,CN,30,153547,,,,,,pop100k,0.0,0.0,,0.0,22.1667,111.7833
Bharūch,India,IN,09,153528,,,,,,pop100k,0.0,0.0,,0.0,21.6948,72.9805
Nova Friburgo,Brazil,BR,21,153361,,,,,,pop100k,0.0,0.0,,0.0,-22.2819,-42.5311
Medinīpur,India,IN,28,153349,,,,,,pop100k,0.0,0.0,,0.0,22.4211,87.3226
Chincha Alta,Peru,PE,11,153076,,,,,,pop100k,0.0,0.0,,0.0,-13.4099,-76.1324
Fyzābād,India,IN,36,153047,,AYJ,Maharshi Valmiki International Airport,3.4,AYJ,pop100k+airport,0.0,0.0,,0.0,26.7755,82.1502
Linhai,China,CN,02,152937,,,,,,pop100k,0.0,0.0,,0.0,28.8554,121.1447
Dingzhou,China,CN,10,152934,,,,,,pop100k,0.0,0.0,,0.0,38.5131,114.9956
As Samawah,Iraq,IQ,03,152890,,,,,,pop100k,0.0,0.0,,0.0,31.332,45.2944
Uşak,Türkiye,TR,64,152862,,,,,,pop100k,0.0,0.0,,0.0,38.6735,29.4058
Jizzax,Uzbekistan,UZ,15,152642,,,,,,pop100k,0.0,0.0,,0.0,40.1234,67.8284
Baqubah,Iraq,IQ,10,152550,,,,,,pop100k,0.0,0.0,,0.0,33.754,44.6052
Chenghua,China,CN,30,152453,,,,,,pop100k,0.0,0.0,,0.0,23.4613,116.7701
Songnim,North Korea,KP,07,152425,,,,,,pop100k,0.0,0.0,,0.0,38.7542,125.645
Bānda,India,IN,36,152218,,,,,,pop100k,0.0,0.0,,0.0,25.4776,80.3349
Aksaray,Türkiye,TR,75,152201,,,,,,pop100k,0.0,0.0,,0.0,38.3725,34.0254
Deyang,China,CN,32,152194,,,,,,pop100k,0.0,0.0,,0.0,31.1302,104.382
Logroño,Spain,ES,27,152107,,,,,,pop100k,0.0,0.0,,0.0,42.4667,-2.45
Ōta,Japan,JP,10,152104,,,,,,pop100k,0.0,0.0,,0.0,36.3,139.3667
Morena,India,IN,35,152004,,,,,,pop100k,0.0,0.0,,0.0,26.4989,77.9953
Bảo Lộc,Vietnam,VN,23,151915,,,,,,pop100k,0.0,0.0,,0.0,11.548,107.8077
Kohat,Pakistan,PK,03,151427,,,,,,pop100k,0.0,0.0,,0.0,33.582,71.4493
Tonk,India,IN,24,151331,,,,,,pop100k,0.0,0.0,,0.0,26.1664,75.7882
Qingyuan,China,CN,30,151287,,,,,,pop100k,0.0,0.0,,0.0,23.7,113.0333
Saqqez,Iran,IR,16,151237,,,,,,pop100k,0.0,0.0,,0.0,36.2499,46.2735
El Tigre,Venezuela,VE,02,150999,,SOM,San Tomé Airport,12.8,SOM,pop100k+airport,0.0,0.0,,0.0,8.889,-64.2527
Guarapuava,Brazil,BR,18,150850,,GPB,Tancredo Thomas de Faria Airport,5.8,GPB,pop100k+airport,0.0,0.0,,0.0,-25.3905,-51.4654
Gaomi,China,CN,25,150793,,,,,,pop100k,0.0,0.0,,0.0,36.3833,119.7528
Rāj-Nāndgaon,India,IN,37,150755,,,,,,pop100k,0.0,0.0,,0.0,21.0969,81.0289
Loudi,China,CN,11,150684,,,,,,pop100k,0.0,0.0,,0.0,27.7344,111.9944
Ōgaki,Japan,JP,09,150570,,,,,,pop100k,0.0,0.0,,0.0,35.35,136.6167
Higashimurayama,Japan,JP,40,150556,,,,,,pop100k,0.0,0.0,,0.0,35.7546,139.4685
Serilingampalle,India,IN,40,150525,,,,,,pop100k,0.0,0.0,,0.0,17.4931,78.302
Battambang,Cambodia,KH,29,150444,,BBM,Battambang Airport,2.9,BBM,pop100k+airport,0.0,0.0,,0.0,13.1027,103.1982
Chillán,Chile,CL,18,150396,,,,,,pop100k,0.0,0.0,,0.0,-36.6066,-72.1034
Virār,India,IN,16,150357,,,,,,pop100k,0.0,0.0,,0.0,19.4559,72.8114
Bago City,Philippines,PH,06,150250,,,,,,pop100k,0.0,0.0,,0.0,10.5333,122.8333
Purwodadi,Indonesia,ID,07,150206,,,,,,pop100k,0.0,0.0,,0.0,-7.0868,110.9158
Balashikha,Russia,RU,47,150103,,,,,,pop100k,0.0,0.0,,0.0,55.8094,37.9581
Gloucester,United Kingdom,GB,ENG,150053,,,,,,pop100k,0.0,0.0,,0.0,51.8657,-2.2431
Vryheid,South Africa,ZA,02,150012,,,,,,pop100k,0.0,0.0,,0.0,-27.7695,30.7917
Mascara,Algeria,DZ,26,150000,,,,,,pop100k,0.0,0.0,,0.0,35.3966,0.1403
Malkajgiri,India,IN,40,150000,,,,,,pop100k,0.0,0.0,,0.0,17.4478,78.5263
Gimcheon,South Korea,KR,14,150000,,,,,,pop100k,0.0,0.0,,0.0,36.1218,128.1198
Tordher,Pakistan,PK,03,150000,,,,,,pop100k,0.0,0.0,,0.0,33.9905,72.2863
Shāntipur,India,IN,28,149983,,,,,,pop100k,0.0,0.0,,0.0,23.2472,88.433
Dijon,France,FR,27,149782,,DIJ,Dijon Longvic airport,7.7,DIJ,pop100k+airport,0.0,0.0,,0.0,47.3167,5.0167
Burnley,United Kingdom,GB,ENG,149422,,,,,,pop100k,0.0,0.0,,0.0,53.8,-2.2333
Ōme,Japan,JP,40,149323,,,,,,pop100k,0.0,0.0,,0.0,35.7839,139.2431
Uppsala,Sweden,SE,21,149245,,,,,,pop100k,0.0,0.0,,0.0,59.8588,17.6389
Clarksville,United States,US,TN,149176,,,,,,pop100k,0.0,0.0,,0.0,36.5298,-87.3594
Huddersfield,United Kingdom,GB,ENG,149017,,,,,,pop100k,0.0,0.0,,0.0,53.649,-1.7842
Kerch,Ukraine,UA,11,148932,,,,,,pop100k,0.0,0.0,,0.0,45.3567,36.4754
Marvdasht,Iran,IR,07,148858,,,,,,pop100k,0.0,0.0,,0.0,29.8742,52.8025
Dunhua,China,CN,05,148844,,,,,,pop100k,0.0,0.0,,0.0,43.3725,128.2425
Huelva,Spain,ES,51,148806,,,,,,pop100k,0.0,0.0,,0.0,37.2664,-6.94
Chingola,Zambia,ZM,08,148564,,,,,,pop100k,0.0,0.0,,0.0,-12.529,27.8838
Valencia,United States,US,CA,148456,,,,,,pop100k,0.0,0.0,,0.0,34.4436,-118.6095
El Limón,Venezuela,VE,04,148247,,,,,,pop100k,0.0,0.0,,0.0,10.3059,-67.6321
Lubuklinggau,Indonesia,ID,32,148243,,,,,,pop100k,0.0,0.0,,0.0,-3.2945,102.8614
Caxias,Brazil,BR,13,148072,,,,,,pop100k,0.0,0.0,,0.0,-4.8589,-43.3561
Hạ Long,Vietnam,VN,30,148066,,,,,,pop100k,0.0,0.0,,0.0,20.9505,107.0734
Astanajapura,Indonesia,ID,30,148047,,,,,,pop100k,0.0,0.0,,0.0,-6.8017,108.6311
Telford,United Kingdom,GB,ENG,147980,,,,,,pop100k,0.0,0.0,,0.0,52.6766,-2.4493
Honggang,China,CN,08,147977,,,,,,pop100k,0.0,0.0,,0.0,46.4012,124.8832
Joliet,United States,US,IL,147861,,,,,,pop100k,0.0,0.0,,0.0,41.5252,-88.0834
Médéa,Algeria,DZ,06,147707,,,,,,pop100k,0.0,0.0,,0.0,36.2642,2.7539
Kolomna,Russia,RU,47,147690,,,,,,pop100k,0.0,0.0,,0.0,55.0794,38.7783
Bridgeport,United States,US,CT,147629,,,,,,pop100k,0.0,0.0,,0.0,41.1792,-73.1894
El Jadid,Morocco,MA,06,147549,,,,,,pop100k,0.0,0.0,,0.0,33.2568,-8.5088
Kragujevac,Serbia,RS,SE,147473,,,,,,pop100k,0.0,0.0,,0.0,44.0167,20.9167
Erode,India,IN,25,147270,,,,,,pop100k,0.0,0.0,,0.0,11.3428,77.7274
Naperville,United States,US,IL,147100,,,,,,pop100k,0.0,0.0,,0.0,41.7859,-88.1473
Nakhodka,Russia,RU,59,146920,,,,,,pop100k,0.0,0.0,,0.0,42.8138,132.8735
Gulu,Uganda,UG,N,146858,,ULU,Gulu Airport,4.6,ULU,pop100k+airport,0.0,0.0,,0.0,2.7746,32.299
Ambāla,India,IN,10,146787,,,,,,pop100k,0.0,0.0,,0.0,30.361,76.7978
Saint-Quentin-en-Yvelines,France,FR,11,146598,,,,,,pop100k,0.0,0.0,,0.0,48.7719,2.0189
Poços de Caldas,Brazil,BR,15,146588,,,,,,pop100k,0.0,0.0,,0.0,-21.7878,-46.5614
Blackburn,United Kingdom,GB,ENG,146521,,,,,,pop100k,0.0,0.0,,0.0,53.75,-2.4833
Ruda Śląska,Poland,PL,83,146189,,,,,,pop100k,0.0,0.0,,0.0,50.2584,18.8563
Afyonkarahisar,Türkiye,TR,03,146136,,,,,,pop100k,0.0,0.0,,0.0,38.7567,30.5433
Gweru,Zimbabwe,ZW,02,146073,,,,,,pop100k,0.0,0.0,,0.0,-19.45,29.8167
Qujing,China,CN,29,146015,,,,,,pop100k,0.0,0.0,,0.0,25.4833,103.7833
Krishnanagar,India,IN,28,145926,,,,,,pop100k,0.0,0.0,,0.0,23.4058,88.4907
Xinji,China,CN,10,145911,,,,,,pop100k,0.0,0.0,,0.0,37.9028,115.2036
Orkney,South Africa,ZA,10,145801,,,,,,pop100k,0.0,0.0,,0.0,-26.9802,26.6727
Saharsa,India,IN,34,145764,,,,,,pop100k,0.0,0.0,,0.0,25.875,86.5961
Cikampek,Indonesia,ID,30,145620,,,,,,pop100k,0.0,0.0,,0.0,-6.4197,107.4558
Yamaguchi,Japan,JP,45,145515,,,,,,pop100k,0.0,0.0,,0.0,34.1833,131.4667
Batāla,India,IN,23,145468,,,,,,pop100k,0.0,0.0,,0.0,31.8092,75.2029
Taishan,China,CN,30,145440,,,,,,pop100k,0.0,0.0,,0.0,22.2513,112.7799
Potsdam,Germany,DE,11,145292,,,,,,pop100k,0.0,0.0,,0.0,52.3989,13.0657
Concordia,Argentina,AR,08,145210,,,,,,pop100k,0.0,0.0,,0.0,-31.393,-58.0209
Jhelum,Pakistan,PK,04,145000,,,,,,pop100k,0.0,0.0,,0.0,32.9345,73.731
Sikasso,Mali,ML,06,144786,,,,,,pop100k,0.0,0.0,,0.0,11.3176,-5.6665
Acheng,China,CN,08,144665,,,,,,pop100k,0.0,0.0,,0.0,45.5455,126.977
Lárisa,Greece,GR,ESYE14,144651,,,,,,pop100k,0.0,0.0,,0.0,39.6369,22.4176
León,Nicaragua,NI,08,144538,,,,,,pop100k,0.0,0.0,,0.0,12.4379,-86.878
Kumba,Cameroon,CM,09,144413,,,,,,pop100k,0.0,0.0,,0.0,4.6363,9.4469
Elektrostal’,Russia,RU,47,144387,,,,,,pop100k,0.0,0.0,,0.0,55.7896,38.4467
Maykop,Russia,RU,01,144055,,,,,,pop100k,0.0,0.0,,0.0,44.6078,40.1058
Tizi Ouzou,Algeria,DZ,14,144000,,,,,,pop100k,0.0,0.0,,0.0,36.7118,4.0459
Kafr ash Shaykh,Egypt,EG,21,143970,,,,,,pop100k,0.0,0.0,,0.0,31.1117,30.9399
Barysaw,Belarus,BY,05,143919,,,,,,pop100k,0.0,0.0,,0.0,54.2279,28.505
Otaru,Japan,JP,12,143792,,,,,,pop100k,0.0,0.0,,0.0,43.1894,141.0022
Dumai,Indonesia,ID,37,143760,,DUM,Pinang Kampai Airport,6.5,DUM,pop100k+airport,0.0,0.0,,0.0,1.6671,101.4432
Acarigua,Venezuela,VE,18,143704,,,,,,pop100k,0.0,0.0,,0.0,9.5545,-69.1956
Marawi City,Philippines,PH,14,143627,,,,,,pop100k,0.0,0.0,,0.0,8.0034,124.284
Luziânia,Brazil,BR,29,143601,,,,,,pop100k,0.0,0.0,,0.0,-16.2525,-47.9503
Stara Zagora,Bulgaria,BG,59,143431,,,,,,pop100k,0.0,0.0,,0.0,42.4328,25.6419
Kenema,Sierra Leone,SL,01,143137,,,,,,pop100k,0.0,0.0,,0.0,7.8769,-11.1903
Amiens,France,FR,32,143086,,,,,,pop100k,0.0,0.0,,0.0,49.9,2.3
Macaé,Brazil,BR,21,143029,,,,,,pop100k,0.0,0.0,,0.0,-22.3848,-41.7832
Cape Coast,Ghana,GH,04,143015,,,,,,pop100k,0.0,0.0,,0.0,5.1053,-1.2466
Bhīmavaram,India,IN,02,142967,,,,,,pop100k,0.0,0.0,,0.0,16.5408,81.5232
Rybnik,Poland,PL,83,142510,,,,,,pop100k,0.0,0.0,,0.0,50.0971,18.5418
Tanjungbalai,Indonesia,ID,26,142506,,,,,,pop100k,0.0,0.0,,0.0,2.9667,99.8
Mallawī,Egypt,EG,10,142504,,,,,,pop100k,0.0,0.0,,0.0,27.7326,30.8413
Khanpur,Pakistan,PK,04,142426,,,,,,pop100k,0.0,0.0,,0.0,28.6474,70.6569
Nawābganj,Bangladesh,BD,83,142361,,,,,,pop100k,0.0,0.0,,0.0,24.5903,88.2744
Jinhua,China,CN,02,142206,,,,,,pop100k,0.0,0.0,,0.0,29.1068,119.6442
Ciego de Ávila,Cuba,CU,07,142027,,,,,,pop100k,0.0,0.0,,0.0,21.84,-78.7619
Jieshou,China,CN,01,141993,,,,,,pop100k,0.0,0.0,,0.0,33.2634,115.3611
Taza,Morocco,MA,03,141890,,,,,,pop100k,0.0,0.0,,0.0,34.21,-4.01
eMbalenhle,South Africa,ZA,07,141741,,,,,,pop100k,0.0,0.0,,0.0,-26.5333,29.0667
Myingyan,Myanmar,MM,08,141713,,,,,,pop100k,0.0,0.0,,0.0,21.46,95.3884
Arnhem,Netherlands,NL,03,141674,,,,,,pop100k,0.0,0.0,,0.0,51.98,5.9111
Zamora,Mexico,MX,16,141627,,,,,,pop100k,0.0,0.0,,0.0,19.9855,-102.2839
Bālurghāt,India,IN,28,141404,,,,,,pop100k,0.0,0.0,,0.0,25.221,88.7773
Ibirité,Brazil,BR,15,141374,,,,,,pop100k,0.0,0.0,,0.0,-20.0219,-44.0589
Bolton,United Kingdom,GB,ENG,141331,,,,,,pop100k,0.0,0.0,,0.0,53.5833,-2.4333
Potosí,Bolivia,BO,07,141251,,,,,,pop100k,0.0,0.0,,0.0,-19.5836,-65.7531
Khuzdar,Pakistan,PK,02,141227,,KDD,Khuzdar Airport,4.3,KDD,pop100k+airport,0.0,0.0,,0.0,27.8119,66.611
Paranaguá,Brazil,BR,18,141013,,,,,,pop100k,0.0,0.0,,0.0,-25.5163,-48.5254
Ghazni,Afghanistan,AF,08,141000,,,,,,pop100k,0.0,0.0,,0.0,33.5539,68.421
Īlām,Iran,IR,10,140940,,,,,,pop100k,0.0,0.0,,0.0,33.6374,46.4227
Gongzhuling,China,CN,05,140909,,,,,,pop100k,0.0,0.0,,0.0,43.5007,124.8198
Córdoba,Mexico,MX,30,140896,,,,,,pop100k,0.0,0.0,,0.0,18.8842,-96.9256
Nigel,South Africa,ZA,06,140644,,,,,,pop100k,0.0,0.0,,0.0,-26.4314,28.4771
Los Teques,Venezuela,VE,15,140617,,,,,,pop100k,0.0,0.0,,0.0,10.3445,-67.0433
Kaithal,India,IN,10,140604,,,,,,pop100k,0.0,0.0,,0.0,29.8015,76.3996
Al’met’yevsk,Russia,RU,73,140437,,,,,,pop100k,0.0,0.0,,0.0,54.9044,52.3154
Lakhīmpur,India,IN,36,140223,,,,,,pop100k,0.0,0.0,,0.0,27.9482,80.7793
Mpumalanga,South Africa,ZA,02,140121,,,,,,pop100k,0.0,0.0,,0.0,-29.8129,30.6365
Hazāribāgh,India,IN,38,140063,,,,,,pop100k,0.0,0.0,,0.0,23.9924,85.3616
Vidisha,India,IN,35,140045,,,,,,pop100k,0.0,0.0,,0.0,23.526,77.8109
Shanhaiguan,China,CN,10,140000,,,,,,pop100k,0.0,0.0,,0.0,40.0025,119.7489
Parepare,Indonesia,ID,38,140000,,,,,,pop100k,0.0,0.0,,0.0,-4.0135,119.6255
Amersfoort,Netherlands,NL,09,139914,,,,,,pop100k,0.0,0.0,,0.0,52.155,5.3875
Jeongeup,South Korea,KR,03,139876,,,,,,pop100k,0.0,0.0,,0.0,35.6,126.917
Korolev,Russia,RU,47,139798,,,,,,pop100k,0.0,0.0,,0.0,55.9142,37.8256
Dadu,Pakistan,PK,05,139784,,,,,,pop100k,0.0,0.0,,0.0,26.7303,67.7769
Gojra,Pakistan,PK,04,139726,,,,,,pop100k,0.0,0.0,,0.0,31.1493,72.6832
Gbongan,Nigeria,NG,42,139485,,,,,,pop100k,0.0,0.0,,0.0,7.4773,4.3535
Siem Reap,Cambodia,KH,24,139458,,SAI,Siem Reap-Angkor International Airport,39.3,SAI,pop100k+airport,0.0,0.0,,0.0,13.3618,103.8606
Man,Côte d'Ivoire,CI,78,139341,,,,,,pop100k,0.0,0.0,,0.0,7.4125,-7.5538
Hābra,India,IN,28,139297,,,,,,pop100k,0.0,0.0,,0.0,22.842,88.6561
Kumbakonam,India,IN,25,139264,,,,,,pop100k,0.0,0.0,,0.0,10.9621,79.3912
Huadian,China,CN,05,139047,,,,,,pop100k,0.0,0.0,,0.0,42.9633,126.7478
Weru,Indonesia,ID,30,139004,,,,,,pop100k,0.0,0.0,,0.0,-6.711,108.5037
Brighton,United Kingdom,GB,ENG,139001,,,,,,pop100k,0.0,0.0,,0.0,50.8284,-0.1395
San Juan del Río,Mexico,MX,22,138878,,,,,,pop100k,0.0,0.0,,0.0,20.3889,-99.9958
Fuyu,China,CN,05,138704,,,,,,pop100k,0.0,0.0,,0.0,45.1833,124.8167
Chitradurga,India,IN,19,138587,,,,,,pop100k,0.0,0.0,,0.0,14.2226,76.4004
Chaohu,China,CN,01,138463,,,,,,pop100k,0.0,0.0,,0.0,31.6,117.8667
Ejigbo,Nigeria,NG,42,138357,,,,,,pop100k,0.0,0.0,,0.0,7.9029,4.3142
Thānesar,India,IN,10,138279,,,,,,pop100k,0.0,0.0,,0.0,29.9732,76.8321
Tiruvannāmalai,India,IN,25,138243,,,,,,pop100k,0.0,0.0,,0.0,12.2266,79.0746
Anand,India,IN,09,138009,,,,,,pop100k,0.0,0.0,,0.0,22.5525,72.9552
Jacmel,Haiti,HT,13,137966,,,,,,pop100k,0.0,0.0,,0.0,18.2343,-72.5354
Obuase,Ghana,GH,02,137856,,,,,,pop100k,0.0,0.0,,0.0,6.2023,-1.668
Itu,Brazil,BR,27,137586,,,,,,pop100k,0.0,0.0,,0.0,-23.2642,-47.2992
Dikirnis,Egypt,EG,01,137542,,,,,,pop100k,0.0,0.0,,0.0,31.089,31.5948
Musashino,Japan,JP,40,137479,,,,,,pop100k,0.0,0.0,,0.0,35.7061,139.5594
Jieshi,China,CN,30,137444,,,,,,pop100k,0.0,0.0,,0.0,22.8103,115.8306
Castanhal,Brazil,BR,16,137406,,,,,,pop100k,0.0,0.0,,0.0,-1.2939,-47.9264
Bhisho,South Africa,ZA,05,137287,,,,,,pop100k,0.0,0.0,,0.0,-32.8472,27.4422
Kānchrāpāra,India,IN,28,136954,,,,,,pop100k,0.0,0.0,,0.0,22.96,88.4285
Funtua,Nigeria,NG,24,136811,,,,,,pop100k,0.0,0.0,,0.0,11.5235,7.3117
Igboho,Nigeria,NG,32,136764,,,,,,pop100k,0.0,0.0,,0.0,8.8378,3.7563
Apeldoorn,Netherlands,NL,03,136670,,,,,,pop100k,0.0,0.0,,0.0,52.21,5.9694
Shizuishan,China,CN,21,136570,,,,,,pop100k,0.0,0.0,,0.0,39.2333,106.7694
Kabankalan,Philippines,PH,06,136483,,,,,,pop100k,0.0,0.0,,0.0,9.9839,122.8142
Gejiu,China,CN,29,136135,,,,,,pop100k,0.0,0.0,,0.0,23.3608,103.1537
Mahbūbnagar,India,IN,40,136135,,,,,,pop100k,0.0,0.0,,0.0,16.7438,77.986
Tasek Glugor,Malaysia,MY,09,135786,,,,,,pop100k,0.0,0.0,,0.0,5.4803,100.4985
Queimados,Brazil,BR,21,135741,,,,,,pop100k,0.0,0.0,,0.0,-22.7161,-43.5553
Kushtia,Bangladesh,BD,82,135724,,,,,,pop100k,0.0,0.0,,0.0,23.9028,89.1194
Baliuag,Philippines,PH,03,135679,,,,,,pop100k,0.0,0.0,,0.0,14.9547,120.8969
Buguma,Nigeria,NG,50,135404,,PHG,Port Harcourt City Airport / Port Harcourt Air Force Base,21.4,PHG,pop100k,0.0,0.0,,0.0,4.7361,6.8624
Shiqiao,China,CN,30,135308,,,,,,pop100k,0.0,0.0,,0.0,22.9464,113.3577
Pyay,Myanmar,MM,16,135308,,,,,,pop100k,0.0,0.0,,0.0,18.8246,95.2222
Rabak,Sudan,SD,41,135281,,,,,,pop100k,0.0,0.0,,0.0,13.1809,32.74
Robertsonpet,India,IN,19,135218,,,,,,pop100k,0.0,0.0,,0.0,12.9563,78.2754
Tyre,Lebanon,LB,06,135204,,,,,,pop100k,0.0,0.0,,0.0,33.2733,35.1939
Moundou,Chad,TD,08,135167,,,,,,pop100k,0.0,0.0,,0.0,8.5667,16.0833
Hinthada,Myanmar,MM,03,134947,,,,,,pop100k,0.0,0.0,,0.0,17.6494,95.457
Hanam,South Korea,KR,13,134902,,,,,,pop100k,0.0,0.0,,0.0,37.54,127.2056
Chhindwāra,India,IN,35,134847,,,,,,pop100k,0.0,0.0,,0.0,22.057,78.9396
Mandya,India,IN,19,134845,,,,,,pop100k,0.0,0.0,,0.0,12.5223,76.8975
Baturaja,Indonesia,ID,32,134759,,,,,,pop100k,0.0,0.0,,0.0,-4.1289,104.1669
Zama,Japan,JP,19,134671,,,,,,pop100k,0.0,0.0,,0.0,35.4879,139.391
Marbella,Spain,ES,51,134623,,,,,,pop100k,0.0,0.0,,0.0,36.5154,-4.8858
's-Hertogenbosch,Netherlands,NL,06,134520,,,,,,pop100k,0.0,0.0,,0.0,51.6992,5.3042
Rodriguez,Philippines,PH,40,134432,,,,,,pop100k,0.0,0.0,,0.0,14.7601,121.1999
Ajdabiya,Libya,LY,83,134358,,,,,,pop100k,0.0,0.0,,0.0,30.7554,20.2263
Nevinnomyssk,Russia,RU,70,134345,,,,,,pop100k,0.0,0.0,,0.0,44.6333,41.9444
Olathe,United States,US,KS,134305,,,,,,pop100k,0.0,0.0,,0.0,38.8814,-94.8191
Ikirun,Nigeria,NG,42,134240,,,,,,pop100k,0.0,0.0,,0.0,7.9128,4.6674
Ciudad Acuña,Mexico,MX,07,134233,,,,,,pop100k,0.0,0.0,,0.0,29.3232,-100.9522
Léogâne,Haiti,HT,11,134190,,,,,,pop100k,0.0,0.0,,0.0,18.5111,-72.6334
Adiwerna,Indonesia,ID,07,134188,,,,,,pop100k,0.0,0.0,,0.0,-6.9375,109.1325
Abakaliki,Nigeria,NG,53,134102,,,,,,pop100k,0.0,0.0,,0.0,6.3248,8.1137
Bānkura,India,IN,28,133966,,,,,,pop100k,0.0,0.0,,0.0,23.2324,87.0716
Thái Nguyên,Vietnam,VN,85,133877,,,,,,pop100k,0.0,0.0,,0.0,21.5942,105.8482
Singaraja,Indonesia,ID,02,133784,,,,,,pop100k,0.0,0.0,,0.0,-8.112,115.0882
Würzburg,Germany,DE,02,133731,,,,,,pop100k,0.0,0.0,,0.0,49.7939,9.9512
Randfontein,South Africa,ZA,06,133654,,,,,,pop100k,0.0,0.0,,0.0,-26.1844,27.702
Pervoural’sk,Russia,RU,71,133600,,,,,,pop100k,0.0,0.0,,0.0,56.9053,59.9436
Gondā City,India,IN,36,133583,,,,,,pop100k,0.0,0.0,,0.0,27.1318,81.9533
Milagro,Ecuador,EC,10,133508,,,,,,pop100k,0.0,0.0,,0.0,-2.134,-79.5941
Bhuj,India,IN,09,133459,,BHJ,Bhuj Airport,3.8,BHJ,pop100k+airport,0.0,0.0,,0.0,23.254,69.6693
Hastings,United Kingdom,GB,ENG,133422,,,,,,pop100k,0.0,0.0,,0.0,50.8552,0.5729
Hindupur,India,IN,02,133298,,,,,,pop100k,0.0,0.0,,0.0,13.8281,77.4914
Reggio nell'Emilia,Italy,IT,05,133296,,,,,,pop100k,0.0,0.0,,0.0,44.6983,10.6312
Okrika,Nigeria,NG,50,133271,,PHG,Port Harcourt City Airport / Port Harcourt Air Force Base,13.5,PHG,pop100k,0.0,0.0,,0.0,4.7421,7.0837
High Wycombe,United Kingdom,GB,ENG,133204,,,,,,pop100k,0.0,0.0,,0.0,51.6291,-0.7493
Idfū,Egypt,EG,16,133000,,,,,,pop100k,0.0,0.0,,0.0,24.9792,32.8772
Ibarra,Ecuador,EC,11,132977,,,,,,pop100k,0.0,0.0,,0.0,0.3517,-78.1223
Puqi,China,CN,12,132891,,,,,,pop100k,0.0,0.0,,0.0,29.7167,113.8833
Tondabayashichō,Japan,JP,32,132873,,,,,,pop100k,0.0,0.0,,0.0,34.5007,135.6021
Mīāndoāb,Iran,IR,01,132819,,,,,,pop100k,0.0,0.0,,0.0,36.9667,46.1096
Kislovodsk,Russia,RU,70,132771,,,,,,pop100k,0.0,0.0,,0.0,43.9133,42.7208
Nzérékoré,Guinea,GN,N,132728,,,,,,pop100k,0.0,0.0,,0.0,7.7562,-8.8179
Pālghāt,India,IN,13,132728,,,,,,pop100k,0.0,0.0,,0.0,10.7732,76.6537
Blitar,Indonesia,ID,08,132416,,,,,,pop100k,0.0,0.0,,0.0,-8.0983,112.1681
Quetzaltenango,Guatemala,GT,13,132230,,AAZ,Quezaltenango Airport,3.8,AAZ,pop100k+airport,0.0,0.0,,0.0,14.8347,-91.5181
Dimitrovgrad,Russia,RU,81,132226,,,,,,pop100k,0.0,0.0,,0.0,54.2139,49.6184
Pindamonhangaba,Brazil,BR,27,132218,,,,,,pop100k,0.0,0.0,,0.0,-22.9239,-45.4617
Sterling Heights,United States,US,MI,132052,,,,,,pop100k,0.0,0.0,,0.0,42.5803,-83.0302
St. Catharines,Canada,CA,08,131989,,YCM,Niagara District Airport,6.2,YCM,pop100k+airport,0.0,0.0,,0.0,43.1713,-79.2427
Godhra,India,IN,09,131913,,,,,,pop100k,0.0,0.0,,0.0,22.7755,73.6149
Shahrud,Iran,IR,25,131889,,,,,,pop100k,0.0,0.0,,0.0,36.4182,54.9763
Dawukou,China,CN,21,131880,,,,,,pop100k,0.0,0.0,,0.0,39.0419,106.3958
Punto Fijo,Venezuela,VE,11,131784,,LSP,Josefa Camejo International Airport,11.2,LSP,pop100k,0.0,0.0,,0.0,11.6915,-70.1992
Abiko,Japan,JP,04,131771,,,,,,pop100k,0.0,0.0,,0.0,35.8667,140.0167
Majie,China,CN,29,131696,,,,,,pop100k,0.0,0.0,,0.0,25.0319,102.638
Gonbad-e Kāvūs,Iran,IR,37,131416,,,,,,pop100k,0.0,0.0,,0.0,37.25,55.1672
Hepo,China,CN,30,131238,,,,,,pop100k,0.0,0.0,,0.0,23.4308,115.8299
Iranshahr,Iran,IR,04,131232,,,,,,pop100k,0.0,0.0,,0.0,27.2024,60.6848
Denton,United States,US,TX,131044,,,,,,pop100k,0.0,0.0,,0.0,33.2148,-97.1331
Pīlibhīt,India,IN,36,131008,,,,,,pop100k,0.0,0.0,,0.0,28.6312,79.8044
Miyakonojō,Japan,JP,25,130994,,,,,,pop100k,0.0,0.0,,0.0,31.7333,131.0667
Novomoskovsk,Russia,RU,76,130982,,,,,,pop100k,0.0,0.0,,0.0,54.0105,38.2846
Buzău,Romania,RO,11,130954,,,,,,pop100k,0.0,0.0,,0.0,45.15,26.8333
Matsubara,Japan,JP,32,130855,,,,,,pop100k,0.0,0.0,,0.0,34.5667,135.55
Pinsk,Belarus,BY,01,130777,,,,,,pop100k,0.0,0.0,,0.0,52.1229,26.0951
Beāwar,India,IN,24,130777,,,,,,pop100k,0.0,0.0,,0.0,26.1012,74.3203
Al Bāb,Syria,SY,09,130745,,,,,,pop100k,0.0,0.0,,0.0,36.3705,37.5157
Shuangcheng,China,CN,08,130710,,,,,,pop100k,0.0,0.0,,0.0,45.35,126.2833
Isesaki,Japan,JP,10,130692,,,,,,pop100k,0.0,0.0,,0.0,36.3167,139.2
Abohar,India,IN,23,130603,,,,,,pop100k,0.0,0.0,,0.0,30.1445,74.1955
Šiauliai,Lithuania,LT,61,130587,,,,,,pop100k,0.0,0.0,,0.0,55.9333,23.3167
Moga,India,IN,23,130549,,,,,,pop100k,0.0,0.0,,0.0,30.8138,75.1688
Al Ajaylat,Libya,LY,67,130546,,,,,,pop100k,0.0,0.0,,0.0,32.7572,12.3763
Nikopol,Ukraine,UA,04,130500,,,,,,pop100k,0.0,0.0,,0.0,47.5712,34.3964
Maicao,Colombia,CO,17,130348,,,,,,pop100k,0.0,0.0,,0.0,11.3784,-72.2395
Nablus,Palestine,PS,WE,130326,,,,,,pop100k,0.0,0.0,,0.0,32.2211,35.2544
Jiazi,China,CN,30,130298,,,,,,pop100k,0.0,0.0,,0.0,22.8793,116.0732
Girardot City,Colombia,CO,33,130289,,,,,,pop100k,0.0,0.0,,0.0,4.3008,-74.8075
Roseville,United States,US,CA,130269,,,,,,pop100k,0.0,0.0,,0.0,38.7521,-121.288
Quilpué,Chile,CL,01,130263,,,,,,pop100k,0.0,0.0,,0.0,-33.0475,-71.4425
Jaraguá do Sul,Brazil,BR,26,130130,,,,,,pop100k,0.0,0.0,,0.0,-26.4861,-49.0667
Sinnar,Sudan,SD,58,130122,,,,,,pop100k,0.0,0.0,,0.0,13.5691,33.5672
Visalia,United States,US,CA,130104,,,,,,pop100k,0.0,0.0,,0.0,36.3302,-119.2921
Relizane,Algeria,DZ,51,130094,,,,,,pop100k,0.0,0.0,,0.0,35.7373,0.556
Sonārgaon,Bangladesh,BD,81,130000,,,,,,pop100k,0.0,0.0,,0.0,23.65,90.6167
Mostaganem,Algeria,DZ,07,130000,,,,,,pop100k,0.0,0.0,,0.0,35.9312,0.0892
Tychy,Poland,PL,83,130000,,,,,,pop100k,0.0,0.0,,0.0,50.1372,18.9664
Syevyerodonets’k,Ukraine,UA,14,130000,,,,,,pop100k,0.0,0.0,,0.0,48.9483,38.4917
Dehri,India,IN,34,129938,,,,,,pop100k,0.0,0.0,,0.0,24.9025,84.1822
Wuda,China,CN,20,129922,,,,,,pop100k,0.0,0.0,,0.0,39.4994,106.7117
Kisaran,Indonesia,ID,26,129911,,,,,,pop100k,0.0,0.0,,0.0,2.9845,99.6158
Baidoa,Somalia,SO,04,129839,,,,,,pop100k,0.0,0.0,,0.0,3.1138,43.6498
Mandi Bahauddin,Pakistan,PK,04,129733,,,,,,pop100k,0.0,0.0,,0.0,32.587,73.4912
Tokat,Türkiye,TR,60,129702,,TJK,Tokat Airport,13.9,TJK,pop100k+airport,0.0,0.0,,0.0,40.3139,36.5544
Deoria,India,IN,36,129570,,,,,,pop100k,0.0,0.0,,0.0,26.5017,83.7794
Coral Springs,United States,US,FL,129485,,,,,,pop100k,0.0,0.0,,0.0,26.2712,-80.2706
Sherbrooke,Canada,CA,10,129447,,,,,,pop100k,0.0,0.0,,0.0,45.4001,-71.8991
Thousand Oaks,United States,US,CA,129339,,,,,,pop100k,0.0,0.0,,0.0,34.1706,-118.8376
Andong,South Korea,KR,14,129319,,,,,,pop100k,0.0,0.0,,0.0,36.5664,128.7227
Bilbays,Egypt,EG,14,129211,,,,,,pop100k,0.0,0.0,,0.0,30.4204,31.5622
Charallave,Venezuela,VE,15,129182,,,,,,pop100k,0.0,0.0,,0.0,10.2425,-66.8572
Shahr-e Kord,Iran,IR,03,129153,,,,,,pop100k,0.0,0.0,,0.0,32.3261,50.8572
Regensburg,Germany,DE,02,129151,,,,,,pop100k,0.0,0.0,,0.0,49.0151,12.1016
Leiyang,China,CN,11,129116,,,,,,pop100k,0.0,0.0,,0.0,26.4024,112.8591
Cadiz,Philippines,PH,06,129053,,,,,,pop100k,0.0,0.0,,0.0,10.9465,123.288
Sātkhira,Bangladesh,BD,82,128918,,,,,,pop100k,0.0,0.0,,0.0,22.7082,89.0718
Palo Negro,Venezuela,VE,04,128875,,,,,,pop100k,0.0,0.0,,0.0,10.1739,-67.5419
Mogi Guaçu,Brazil,BR,27,128865,,,,,,pop100k,0.0,0.0,,0.0,-22.3677,-46.9455
Arish,Egypt,EG,27,128855,,AAC,El Arish International Airport,8.9,AAC,pop100k+airport,0.0,0.0,,0.0,31.1316,33.7984
Idlib,Syria,SY,12,128840,,,,,,pop100k,0.0,0.0,,0.0,35.9306,36.6339
Sīnah,Iraq,IQ,08,128776,,,,,,pop100k,0.0,0.0,,0.0,36.8085,43.0393
Kamyshin,Russia,RU,84,128626,,,,,,pop100k,0.0,0.0,,0.0,50.0983,45.416
Hassan,India,IN,19,128531,,,,,,pop100k,0.0,0.0,,0.0,13.0071,76.0962
Besançon,France,FR,27,128426,,,,,,pop100k,0.0,0.0,,0.0,47.2488,6.0182
Surprise,United States,US,AZ,128422,,,,,,pop100k,0.0,0.0,,0.0,33.6306,-112.3332
El Eulma,Algeria,DZ,12,128351,,,,,,pop100k,0.0,0.0,,0.0,36.1528,5.6902
Al Manāqil,Sudan,SD,38,128297,,,,,,pop100k,0.0,0.0,,0.0,14.2459,32.9891
Győr,Hungary,HU,09,128265,,,,,,pop100k,0.0,0.0,,0.0,47.6833,17.6351
Manzanillo,Cuba,CU,09,128188,,MZO,Sierra Maestra International Airport,6.9,MZO,pop100k+airport,0.0,0.0,,0.0,20.3417,-77.1213
Yavatmāl,India,IN,16,128175,,,,,,pop100k,0.0,0.0,,0.0,20.3932,78.132
Hālīsahar,India,IN,28,128172,,,,,,pop100k,0.0,0.0,,0.0,22.9322,88.4186
Serpukhov,Russia,RU,47,128158,,,,,,pop100k,0.0,0.0,,0.0,54.9158,37.4111
Sirte,Libya,LY,76,128123,,,,,,pop100k,0.0,0.0,,0.0,31.2089,16.5887
Asaka,Japan,JP,34,128058,,,,,,pop100k,0.0,0.0,,0.0,35.8047,139.6019
Panvel,India,IN,16,128046,,NMI,Navi Mumbai International Airport,4.7,NMI,pop100k+airport,0.0,0.0,,0.0,18.9888,73.1101
Muar,Malaysia,MY,01,127897,,,,,,pop100k,0.0,0.0,,0.0,2.0442,102.5689
Divo,Côte d'Ivoire,CI,95,127867,,,,,,pop100k,0.0,0.0,,0.0,5.8374,-5.3572
San Nicolás de los Arroyos,Argentina,AR,01,127742,,,,,,pop100k,0.0,0.0,,0.0,-33.3342,-60.2108
Kusatsu,Japan,JP,35,127680,,,,,,pop100k,0.0,0.0,,0.0,35.0167,135.9667
Opole,Poland,PL,79,127676,,,,,,pop100k,0.0,0.0,,0.0,50.6721,17.9253
Worcester,South Africa,ZA,11,127597,,,,,,pop100k,0.0,0.0,,0.0,-33.6465,19.4485
Elbląg,Poland,PL,85,127558,,,,,,pop100k,0.0,0.0,,0.0,54.1522,19.4088
Saïda,Algeria,DZ,10,127497,,,,,,pop100k,0.0,0.0,,0.0,34.8303,0.1517
Sirajganj,Bangladesh,BD,83,127481,,,,,,pop100k,0.0,0.0,,0.0,24.4577,89.708
Jequié,Brazil,BR,05,127475,,,,,,pop100k,0.0,0.0,,0.0,-13.8588,-40.0851
Płock,Poland,PL,78,127474,,,,,,pop100k,0.0,0.0,,0.0,52.5468,19.7064
Wałbrzych,Poland,PL,72,127431,,,,,,pop100k,0.0,0.0,,0.0,50.7714,16.2843
Yevlakh,Azerbaijan,AZ,68,127400,,,,,,pop100k,0.0,0.0,,0.0,40.6183,47.1501
Xai-Xai,Mozambique,MZ,02,127366,,VJB,Xai-Xai Chongoene Airport,20.8,VJB,pop100k+airport,0.0,0.0,,0.0,-25.0519,33.6442
Amaigbo,Nigeria,NG,45,127300,,,,,,pop100k,0.0,0.0,,0.0,5.7892,7.8383
Topeka,United States,US,KS,127265,,,,,,pop100k,0.0,0.0,,0.0,39.0483,-95.678
Lafia,Nigeria,NG,56,127236,,,,,,pop100k,0.0,0.0,,0.0,8.4939,8.5153
Jiangyou,China,CN,32,127225,,,,,,pop100k,0.0,0.0,,0.0,31.7667,104.7167
Tando Allahyar,Pakistan,PK,05,127202,,,,,,pop100k,0.0,0.0,,0.0,25.4605,68.7174
Sancti Spíritus,Cuba,CU,14,127069,,,,,,pop100k,0.0,0.0,,0.0,21.9297,-79.4425
Bettiah,India,IN,34,127008,,,,,,pop100k,0.0,0.0,,0.0,26.8023,84.5031
Angren,Uzbekistan,UZ,14,126957,,,,,,pop100k,0.0,0.0,,0.0,41.0167,70.1436
Murom,Russia,RU,83,126931,,,,,,pop100k,0.0,0.0,,0.0,55.575,42.0426
Rangkasbitung,Indonesia,ID,33,126910,,,,,,pop100k,0.0,0.0,,0.0,-6.3591,106.2494
Hāthras,India,IN,36,126882,,,,,,pop100k,0.0,0.0,,0.0,27.5955,78.052
Khasavyurt,Russia,RU,17,126829,,,,,,pop100k,0.0,0.0,,0.0,43.2509,46.5877
Neftekamsk,Russia,RU,08,126805,,,,,,pop100k,0.0,0.0,,0.0,56.092,54.2661
Simi Valley,United States,US,CA,126788,,,,,,pop100k,0.0,0.0,,0.0,34.2694,-118.7815
Cadiz,Spain,ES,51,126766,,,,,,pop100k,0.0,0.0,,0.0,36.5267,-6.2891
Pakpattan,Pakistan,PK,04,126706,,,,,,pop100k,0.0,0.0,,0.0,30.3431,73.3894
Danshui,China,CN,30,126701,,,,,,pop100k,0.0,0.0,,0.0,22.7984,114.4672
Bahawalnagar,Pakistan,PK,04,126700,,,,,,pop100k,0.0,0.0,,0.0,30.5508,73.3908
Bahawalnagar,Pakistan,PK,04,126617,,,,,,pop100k,0.0,0.0,,0.0,29.9983,73.2527
Ueda,Japan,JP,26,126606,,,,,,pop100k,0.0,0.0,,0.0,36.4027,138.2816
Sogamoso,Colombia,CO,36,126551,,,,,,pop100k,0.0,0.0,,0.0,5.7143,-72.9339
Lalitpur,India,IN,36,126475,,,,,,pop100k,0.0,0.0,,0.0,24.6901,78.4192
Edirne,Türkiye,TR,22,126470,,,,,,pop100k,0.0,0.0,,0.0,41.6772,26.556
Jombang,Indonesia,ID,08,126465,,,,,,pop100k,0.0,0.0,,0.0,-7.546,112.2331
Songea,Tanzania,TZ,14,126449,,,,,,pop100k,0.0,0.0,,0.0,-10.6833,35.65
Kolār,India,IN,19,126441,,,,,,pop100k,0.0,0.0,,0.0,13.1377,78.13
Chinandega,Nicaragua,NI,03,126387,,,,,,pop100k,0.0,0.0,,0.0,12.6294,-87.1311
Macheng,China,CN,12,126366,,,,,,pop100k,0.0,0.0,,0.0,31.1801,115.0221
Rafaḩ,Palestine,PS,GZ,126305,,,,,,pop100k,0.0,0.0,,0.0,31.2972,34.2436
Itapetininga,Brazil,BR,27,126243,,,,,,pop100k,0.0,0.0,,0.0,-23.5917,-48.0531
Patos de Minas,Brazil,BR,15,126234,,,,,,pop100k,0.0,0.0,,0.0,-18.5789,-46.5181
Paseh,Indonesia,ID,30,126181,,,,,,pop100k,0.0,0.0,,0.0,-7.1026,107.7641
Murfreesboro,United States,US,TN,126118,,,,,,pop100k,0.0,0.0,,0.0,35.8456,-86.3903
Huicheng,China,CN,30,125919,,,,,,pop100k,0.0,0.0,,0.0,23.0385,116.2899
Gashua,Nigeria,NG,44,125817,,,,,,pop100k,0.0,0.0,,0.0,12.874,11.0406
Xiazhen,China,CN,25,125667,,,,,,pop100k,0.0,0.0,,0.0,34.8022,117.1117
Torbat-e Ḩeydarīyeh,Iran,IR,42,125633,,,,,,pop100k,0.0,0.0,,0.0,35.274,59.2195
Tando Adam,Pakistan,PK,05,125598,,,,,,pop100k,0.0,0.0,,0.0,25.7682,68.662
‘Ajlūn,Jordan,JO,20,125557,,,,,,pop100k,0.0,0.0,,0.0,32.3333,35.7528
Koronadal,Philippines,PH,12,125502,,,,,,pop100k,0.0,0.0,,0.0,6.5031,124.8469
Derince,Türkiye,TR,41,125485,,,,,,pop100k,0.0,0.0,,0.0,40.7569,29.8147
Los Ángeles,Chile,CL,06,125430,,,,,,pop100k,0.0,0.0,,0.0,-37.4697,-72.3537
Haimen,China,CN,30,125427,,,,,,pop100k,0.0,0.0,,0.0,23.1935,116.6122
Saint Peters,United Kingdom,GB,ENG,125370,,,,,,pop100k,0.0,0.0,,0.0,51.3667,1.4167
Orsha,Belarus,BY,07,125347,,,,,,pop100k,0.0,0.0,,0.0,54.5081,30.4172
Shahecheng,China,CN,10,125132,,,,,,pop100k,0.0,0.0,,0.0,36.9383,114.5058
Bragança Paulista,Brazil,BR,27,125096,,,,,,pop100k,0.0,0.0,,0.0,-22.9527,-46.5442
Bohicon,Benin,BJ,18,125092,,,,,,pop100k,0.0,0.0,,0.0,7.1783,2.0667
Beppu,Japan,JP,30,125065,,,,,,pop100k,0.0,0.0,,0.0,33.2794,131.4975
Soran,Iraq,IQ,11,125000,,,,,,pop100k,0.0,0.0,,0.0,36.6532,44.5441
Bălţi,Moldova,MD,60,125000,,,,,,pop100k,0.0,0.0,,0.0,47.7631,27.9293
Mandsaur,India,IN,35,124988,,,,,,pop100k,0.0,0.0,,0.0,24.0718,75.0699
Suining,China,CN,32,124924,,,,,,pop100k,0.0,0.0,,0.0,30.508,105.5733
Gondiā,India,IN,16,124897,,GDB,Gondia Airport,12.6,GDB,pop100k+airport,0.0,0.0,,0.0,21.4603,80.192
Semnan,Iran,IR,25,124826,,SNX,Semnan Municipal Airport,9.5,SNX,pop100k+airport,0.0,0.0,,0.0,35.5769,53.392
Sloviansk,Ukraine,UA,05,124800,,,,,,pop100k,0.0,0.0,,0.0,48.8667,37.6167
San Francisco de Macorís,Dominican Republic,DO,06,124763,,,,,,pop100k,0.0,0.0,,0.0,19.301,-70.2526
Yushu,China,CN,05,124736,,,,,,pop100k,0.0,0.0,,0.0,44.8,126.5333
Yuanlin,Taiwan,TW,04,124725,,,,,,pop100k,0.0,0.0,,0.0,23.9567,120.5761
Santa Tecla,El Salvador,SV,05,124694,,ILS,Ilopango International Airport,17.4,ILS,pop100k,0.0,0.0,,0.0,13.6769,-89.2797
Ciudad Valles,Mexico,MX,24,124644,,,,,,pop100k,0.0,0.0,,0.0,21.9963,-99.0109
Kashihara-shi,Japan,JP,28,124521,,,,,,pop100k,0.0,0.0,,0.0,34.509,135.7929
Riobamba,Ecuador,EC,06,124478,,,,,,pop100k,0.0,0.0,,0.0,-1.671,-78.6471
Gorzów Wielkopolski,Poland,PL,76,124430,,,,,,pop100k,0.0,0.0,,0.0,52.7368,15.2288
New Mirpur,Pakistan,PK,06,124352,,,,,,pop100k,0.0,0.0,,0.0,33.1478,73.7519
Agadez,Niger,NE,01,124324,,,,,,pop100k,0.0,0.0,,0.0,16.9733,7.9911
Lecheng,China,CN,30,124268,,HSC,Shaoguan Danxia Airport,18.1,HSC,pop100k,0.0,0.0,,0.0,25.128,113.3504
Marand,Iran,IR,33,124191,,,,,,pop100k,0.0,0.0,,0.0,38.4329,45.7749
Rajapalaiyam,India,IN,25,124168,,,,,,pop100k,0.0,0.0,,0.0,9.453,77.5533
Orléans,France,FR,24,124149,,,,,,pop100k,0.0,0.0,,0.0,47.9029,1.9039
Laiwu,China,CN,25,124108,,,,,,pop100k,0.0,0.0,,0.0,36.1928,117.6569
Rustenburg,South Africa,ZA,10,124064,,,,,,pop100k,0.0,0.0,,0.0,-25.6676,27.2421
Rudnyy,Kazakhstan,KZ,13,124000,,,,,,pop100k,0.0,0.0,,0.0,52.9729,63.1168
Teresópolis,Brazil,BR,21,123979,,,,,,pop100k,0.0,0.0,,0.0,-22.4167,-42.9782
Dārjiling,India,IN,28,123797,,,,,,pop100k,0.0,0.0,,0.0,27.0333,88.2667
Baoshan,China,CN,08,123791,,,,,,pop100k,0.0,0.0,,0.0,46.5586,131.4244
Salvaleón de Higüey,Dominican Republic,DO,10,123787,,,,,,pop100k,0.0,0.0,,0.0,18.615,-68.708
Thaton,Myanmar,MM,13,123727,,,,,,pop100k,0.0,0.0,,0.0,16.9187,97.37
Potchefstroom,South Africa,ZA,10,123669,,,,,,pop100k,0.0,0.0,,0.0,-26.7167,27.1
Ciamis,Indonesia,ID,30,123637,,,,,,pop100k,0.0,0.0,,0.0,-7.3257,108.3534
Lumajang,Indonesia,ID,08,123626,,,,,,pop100k,0.0,0.0,,0.0,-8.1335,113.2248
Guelma,Algeria,DZ,23,123590,,,,,,pop100k,0.0,0.0,,0.0,36.4621,7.4261
Hagonoy,Philippines,PH,03,123531,,,,,,pop100k,0.0,0.0,,0.0,14.8341,120.7327
Pālanpur,India,IN,09,123294,,,,,,pop100k,0.0,0.0,,0.0,24.1713,72.4383
Indramayu,Indonesia,ID,30,123263,,,,,,pop100k,0.0,0.0,,0.0,-6.3264,108.32
Gagnoa,Côte d'Ivoire,CI,95,123184,,,,,,pop100k,0.0,0.0,,0.0,6.1319,-5.9506
Luoyang,China,CN,30,123144,,,,,,pop100k,0.0,0.0,,0.0,23.1624,114.2734
Wolfsburg,Germany,DE,06,123064,,,,,,pop100k,0.0,0.0,,0.0,52.4245,10.7815
Niihama,Japan,JP,05,123059,,,,,,pop100k,0.0,0.0,,0.0,33.9605,133.3052
Minzhu,China,CN,05,123018,,,,,,pop100k,0.0,0.0,,0.0,43.7214,127.334
Pati,Indonesia,ID,07,122785,,,,,,pop100k,0.0,0.0,,0.0,-6.7559,111.038
Alagoinhas,Brazil,BR,05,122688,,,,,,pop100k,0.0,0.0,,0.0,-12.1356,-38.4192
Hardoī,India,IN,36,122635,,,,,,pop100k,0.0,0.0,,0.0,27.3949,80.1316
San Pedro Garza García,Mexico,MX,19,122627,,,,,,pop100k,0.0,0.0,,0.0,25.6604,-100.4065
Huangzhou,China,CN,12,122563,,,,,,pop100k,0.0,0.0,,0.0,30.45,114.8
Puruliya,India,IN,28,122533,,,,,,pop100k,0.0,0.0,,0.0,23.3306,86.363
Virginia,South Africa,ZA,03,122502,,,,,,pop100k,0.0,0.0,,0.0,-28.1039,26.8659
Brits,South Africa,ZA,10,122497,,,,,,pop100k,0.0,0.0,,0.0,-25.6347,27.7802
Beylikdüzü,Türkiye,TR,34,122452,,,,,,pop100k,0.0,0.0,,0.0,40.982,28.6399
Recklinghausen,Germany,DE,07,122438,,,,,,pop100k,0.0,0.0,,0.0,51.6138,7.1974
Xiulin,China,CN,12,122411,,,,,,pop100k,0.0,0.0,,0.0,29.7167,112.4
Zhoucun,China,CN,25,122402,,,,,,pop100k,0.0,0.0,,0.0,36.8167,117.8167
Mỹ Tho,Vietnam,VN,37,122310,,,,,,pop100k,0.0,0.0,,0.0,10.36,106.36
Tekirdağ,Türkiye,TR,59,122287,,,,,,pop100k,0.0,0.0,,0.0,40.9781,27.511
Victorville,United States,US,CA,122225,,,,,,pop100k,0.0,0.0,,0.0,34.5361,-117.2912
Barbacena,Brazil,BR,15,122211,,,,,,pop100k,0.0,0.0,,0.0,-21.2258,-43.7736
Chishtian,Pakistan,PK,04,122199,,,,,,pop100k,0.0,0.0,,0.0,29.7971,72.8577
Göttingen,Germany,DE,06,122149,,,,,,pop100k,0.0,0.0,,0.0,51.5344,9.9323
San Pedro Garza Garcia,Mexico,MX,19,122009,,,,,,pop100k,0.0,0.0,,0.0,25.6572,-100.4027
Zābol,Iran,IR,04,121989,,,,,,pop100k,0.0,0.0,,0.0,31.0306,61.4949
Palwal,India,IN,10,121965,,,,,,pop100k,0.0,0.0,,0.0,28.1447,77.3255
Nobeoka,Japan,JP,25,121949,,,,,,pop100k,0.0,0.0,,0.0,32.5833,131.6667
Colchester,United Kingdom,GB,ENG,121859,,,,,,pop100k,0.0,0.0,,0.0,51.8892,0.9042
Nalgonda,India,IN,40,121826,,,,,,pop100k,0.0,0.0,,0.0,17.0544,79.2671
Mataró,Spain,ES,56,121722,,,,,,pop100k,0.0,0.0,,0.0,41.5421,2.4445
Vejalpur,India,IN,09,121610,,,,,,pop100k,0.0,0.0,,0.0,22.6902,73.563
Payakumbuh,Indonesia,ID,24,121572,,,,,,pop100k,0.0,0.0,,0.0,-0.2159,100.6334
Fujinomiya,Japan,JP,37,121515,,,,,,pop100k,0.0,0.0,,0.0,35.2167,138.6167
Chikmagalūr,India,IN,19,121484,,,,,,pop100k,0.0,0.0,,0.0,13.3223,75.774
Ekibastuz,Kazakhstan,KZ,11,121470,,,,,,pop100k,0.0,0.0,,0.0,51.7237,75.3229
Noda,Japan,JP,04,121411,,,,,,pop100k,0.0,0.0,,0.0,35.949,139.8679
Braga,Portugal,PT,04,121394,,,,,,pop100k,0.0,0.0,,0.0,41.5503,-8.42
Lianhe,China,CN,08,121367,,,,,,pop100k,0.0,0.0,,0.0,47.1333,129.2743
Raigarh,India,IN,37,121278,,,,,,pop100k,0.0,0.0,,0.0,21.8976,83.3966
Olmaliq,Uzbekistan,UZ,14,121207,,,,,,pop100k,0.0,0.0,,0.0,40.8447,69.5983
Tobruk,Libya,LY,79,121052,,,,,,pop100k,0.0,0.0,,0.0,32.0896,23.9538
Guntakal Junction,India,IN,02,120964,,,,,,pop100k,0.0,0.0,,0.0,15.1711,77.3624
Fresnillo,Mexico,MX,32,120944,,,,,,pop100k,0.0,0.0,,0.0,23.1813,-102.8714
Orizaba,Mexico,MX,30,120844,,,,,,pop100k,0.0,0.0,,0.0,18.8519,-97.0996
Heilbronn,Germany,DE,01,120733,,,,,,pop100k,0.0,0.0,,0.0,49.1399,9.2205
Ingolstadt,Germany,DE,02,120658,,,,,,pop100k,0.0,0.0,,0.0,48.7651,11.4237
Toyokawa,Japan,JP,01,120537,,,,,,pop100k,0.0,0.0,,0.0,34.8167,137.4
Fengcheng,China,CN,19,120514,,,,,,pop100k,0.0,0.0,,0.0,40.4536,124.0717
Mufulira,Zambia,ZM,08,120500,,,,,,pop100k,0.0,0.0,,0.0,-12.5498,28.2407
Ulm,Germany,DE,01,120451,,,,,,pop100k,0.0,0.0,,0.0,48.3984,9.9916
Karaman,Türkiye,TR,78,120399,,,,,,pop100k,0.0,0.0,,0.0,37.1811,33.215
Włocławek,Poland,PL,73,120339,,,,,,pop100k,0.0,0.0,,0.0,52.6482,19.0678
Gangāpur,India,IN,24,120115,,,,,,pop100k,0.0,0.0,,0.0,26.4725,76.7174
Zhaoyuan,China,CN,25,120000,,,,,,pop100k,0.0,0.0,,0.0,37.365,120.41
Nabatîyé et Tahta,Lebanon,LB,07,120000,,,,,,pop100k,0.0,0.0,,0.0,33.3789,35.4839
Abbottabad,Pakistan,PK,03,120000,,,,,,pop100k,0.0,0.0,,0.0,34.1463,73.2117
Orekhovo-Zuyevo,Russia,RU,47,120000,,,,,,pop100k,0.0,0.0,,0.0,55.8067,38.9618
Gereida,Sudan,SD,49,120000,,,,,,pop100k,0.0,0.0,,0.0,11.2754,25.1403
Bottrop,Germany,DE,07,119909,,,,,,pop100k,0.0,0.0,,0.0,51.5239,6.9285
Kairouan,Tunisia,TN,03,119794,,,,,,pop100k,0.0,0.0,,0.0,35.6781,10.0963
Jaranwala,Pakistan,PK,04,119785,,,,,,pop100k,0.0,0.0,,0.0,31.3332,73.4187
Trois-Rivières,Canada,CA,10,119693,,,,,,pop100k,0.0,0.0,,0.0,46.3451,-72.5477
Modakeke,Nigeria,NG,42,119529,,,,,,pop100k,0.0,0.0,,0.0,7.383,4.2603
Silang,Philippines,PH,40,119475,,,,,,pop100k,0.0,0.0,,0.0,14.2157,120.9714
Quevedo,Ecuador,EC,13,119436,,,,,,pop100k,0.0,0.0,,0.0,-1.0286,-79.4635
Nazilli,Türkiye,TR,09,119370,,,,,,pop100k,0.0,0.0,,0.0,37.9163,28.3223
Lira,Uganda,UG,N,119323,,,,,,pop100k,0.0,0.0,,0.0,2.2499,32.8999
Toledo,Brazil,BR,18,119313,,TOW,Toledo - Luiz Dalcanale Filho Municipal Airport,5.5,TOW,pop100k+airport,0.0,0.0,,0.0,-24.7136,-53.7431
Pforzheim,Germany,DE,01,119313,,,,,,pop100k,0.0,0.0,,0.0,48.8844,8.6989
Jaú,Brazil,BR,27,119206,,,,,,pop100k,0.0,0.0,,0.0,-22.2964,-48.5578
Siwān,India,IN,34,119181,,,,,,pop100k,0.0,0.0,,0.0,26.221,84.3561
Settat,Morocco,MA,06,119082,,,,,,pop100k,0.0,0.0,,0.0,33.001,-7.6166
Cagua,Venezuela,VE,04,119033,,,,,,pop100k,0.0,0.0,,0.0,10.1863,-67.4594
Mandimba,Mozambique,MZ,07,118922,,,,,,pop100k,0.0,0.0,,0.0,-14.3525,35.6506
Damoh,India,IN,35,118776,,,,,,pop100k,0.0,0.0,,0.0,23.8331,79.4419
Shimotoda,Japan,JP,34,118731,,,,,,pop100k,0.0,0.0,,0.0,35.815,139.6853
Lhasa,China,CN,14,118721,,,,,,pop100k,0.0,0.0,,0.0,29.65,91.1
Aïn Oussera,Algeria,DZ,22,118687,,,,,,pop100k,0.0,0.0,,0.0,35.4514,2.9058
Kokubunji,Japan,JP,40,118682,,,,,,pop100k,0.0,0.0,,0.0,35.7022,139.4756
Pleven,Bulgaria,BG,50,118675,,,,,,pop100k,0.0,0.0,,0.0,43.4167,24.6167
Ādilābād,India,IN,40,118526,,,,,,pop100k,0.0,0.0,,0.0,19.672,78.5359
Iguala de la Independencia,Mexico,MX,12,118468,,,,,,pop100k,0.0,0.0,,0.0,18.3454,-99.5413
Zielona Góra,Poland,PL,76,118433,,,,,,pop100k,0.0,0.0,,0.0,51.9355,15.5064
Cubatão,Brazil,BR,27,118410,,,,,,pop100k,0.0,0.0,,0.0,-23.895,-46.4253
Srikakulam,India,IN,02,118299,,,,,,pop100k,0.0,0.0,,0.0,18.2989,83.8975
Berdyansk,Ukraine,UA,26,118284,,,,,,pop100k,0.0,0.0,,0.0,46.7664,36.7987
Eastbourne,United Kingdom,GB,ENG,118219,,,,,,pop100k,0.0,0.0,,0.0,50.7687,0.2845
Bandundu,DR Congo,CD,20,118211,,FDU,Bandundu Airport,0.6,FDU,pop100k+airport,0.0,0.0,,0.0,-3.3169,17.3806
Bama,Nigeria,NG,27,118121,,,,,,pop100k,0.0,0.0,,0.0,11.5213,13.6895
Ilobu,Nigeria,NG,42,118089,,,,,,pop100k,0.0,0.0,,0.0,7.8404,4.4856
Ciudad Delicias,Mexico,MX,06,118071,,,,,,pop100k,0.0,0.0,,0.0,28.1901,-105.4701
Jetpur,India,IN,09,118068,,,,,,pop100k,0.0,0.0,,0.0,21.7548,70.6235
Puning,China,CN,30,118023,,,,,,pop100k,0.0,0.0,,0.0,23.3107,116.1687
Morbi,India,IN,09,118022,,,,,,pop100k,0.0,0.0,,0.0,22.8173,70.8377
Guadalajara de Buga,Colombia,CO,29,118004,,,,,,pop100k,0.0,0.0,,0.0,3.9009,-76.2978
Nakhon Pathom,Thailand,TH,53,117927,,,,,,pop100k,0.0,0.0,,0.0,13.8196,100.0443
Uzhgorod,Ukraine,UA,25,117878,,UDJ,Uzhhorod International Airport,3.3,UDJ,pop100k+airport,0.0,0.0,,0.0,48.6167,22.3
Pātan,India,IN,09,117863,,,,,,pop100k,0.0,0.0,,0.0,23.8507,72.1296
Sokodé,Togo,TG,22,117811,,,,,,pop100k,0.0,0.0,,0.0,8.9833,1.1333
Tarnów,Poland,PL,77,117799,,,,,,pop100k,0.0,0.0,,0.0,50.0138,20.987
Loja,Ecuador,EC,12,117796,,LOH,Ciudad de Catamayo Airport,18.6,LOH,pop100k,0.0,0.0,,0.0,-3.9931,-79.2042
Jalingo,Nigeria,NG,43,117757,,,,,,pop100k,0.0,0.0,,0.0,8.8937,11.3596
Västerås,Sweden,SE,25,117746,,VST,Stockholm Västerås Airport,5.4,VST,pop100k+airport,0.0,0.0,,0.0,59.6162,16.5528
Achinsk,Russia,RU,91,117634,,,,,,pop100k,0.0,0.0,,0.0,56.2694,90.4993
Rotherham,United Kingdom,GB,ENG,117618,,,,,,pop100k,0.0,0.0,,0.0,53.4301,-1.3568
Ikoma,Japan,JP,28,117601,,,,,,pop100k,0.0,0.0,,0.0,34.6833,135.7
Anaco,Venezuela,VE,02,117596,,,,,,pop100k,0.0,0.0,,0.0,9.4296,-64.4643
Tebingtinggi,Indonesia,ID,26,117530,,,,,,pop100k,0.0,0.0,,0.0,3.3285,99.1625
Tigwav,Haiti,HT,11,117504,,,,,,pop100k,0.0,0.0,,0.0,18.4312,-72.8652
Tunja,Colombia,CO,36,117479,,,,,,pop100k,0.0,0.0,,0.0,5.5353,-73.3678
Bremerhaven,Germany,DE,03,117446,,,,,,pop100k,0.0,0.0,,0.0,53.5361,8.593
Panevėžys,Lithuania,LT,60,117395,,,,,,pop100k,0.0,0.0,,0.0,55.7333,24.35
Pyin Oo Lwin,Myanmar,MM,08,117303,,,,,,pop100k,0.0,0.0,,0.0,22.035,96.4568
Independence,United States,US,MO,117255,,,,,,pop100k,0.0,0.0,,0.0,39.0911,-94.4155
Kedungwuni,Indonesia,ID,07,117249,,,,,,pop100k,0.0,0.0,,0.0,-6.9704,109.6479
Ishinomaki,Japan,JP,24,117233,,,,,,pop100k,0.0,0.0,,0.0,38.4167,141.3
Khanna,India,IN,23,117137,,,,,,pop100k,0.0,0.0,,0.0,30.7055,76.222
Calabozo,Venezuela,VE,12,117132,,,,,,pop100k,0.0,0.0,,0.0,8.9242,-67.4293
Remscheid,Germany,DE,07,117118,,,,,,pop100k,0.0,0.0,,0.0,51.1798,7.1925
Setúbal,Portugal,PT,19,117110,,,,,,pop100k,0.0,0.0,,0.0,38.5244,-8.8882
Ann Arbor,United States,US,MI,117070,,,,,,pop100k,0.0,0.0,,0.0,42.2776,-83.7409
Nkongsamba,Cameroon,CM,05,117063,,,,,,pop100k,0.0,0.0,,0.0,4.9547,9.9404
Kindia,Guinea,GN,D,117062,,,,,,pop100k,0.0,0.0,,0.0,10.0569,-12.8658
Qingzhou,China,CN,25,117056,,,,,,pop100k,0.0,0.0,,0.0,36.6967,118.4797
Botād,India,IN,09,117053,,,,,,pop100k,0.0,0.0,,0.0,22.1692,71.6667
Khenchela,Algeria,DZ,47,117000,,,,,,pop100k,0.0,0.0,,0.0,35.4358,7.1433
Hōfu,Japan,JP,45,116925,,,,,,pop100k,0.0,0.0,,0.0,34.05,131.5667
Manp’o,North Korea,KP,01,116760,,,,,,pop100k,0.0,0.0,,0.0,41.1547,126.2894
Lausanne,Switzerland,CH,VD,116751,,,,,,pop100k,0.0,0.0,,0.0,46.516,6.6328
El Monte,United States,US,CA,116732,,,,,,pop100k,0.0,0.0,,0.0,34.0686,-118.0276
Athens,United States,US,GA,116714,,,,,,pop100k,0.0,0.0,,0.0,33.9609,-83.3779
Azamgarh,India,IN,36,116644,,,,,,pop100k,0.0,0.0,,0.0,26.0683,83.1836
Ahmadpur East,Pakistan,PK,04,116579,,,,,,pop100k,0.0,0.0,,0.0,29.1427,71.2577
Varginha,Brazil,BR,15,116571,,,,,,pop100k,0.0,0.0,,0.0,-21.5514,-45.4303
Taldykorgan,Kazakhstan,KZ,01,116558,,TDK,Taldykorgan Airport,13.1,TDK,pop100k+airport,0.0,0.0,,0.0,45.0156,78.3739
Jaén,Spain,ES,51,116557,,,,,,pop100k,0.0,0.0,,0.0,37.7692,-3.7903
Puno,Peru,PE,21,116552,,,,,,pop100k,0.0,0.0,,0.0,-15.8422,-70.0199
Cheltenham,United Kingdom,GB,ENG,116447,,,,,,pop100k,0.0,0.0,,0.0,51.9001,-2.0797
Dasha,China,CN,30,116307,,,,,,pop100k,0.0,0.0,,0.0,23.1104,113.4418
Nyíregyháza,Hungary,HU,18,116298,,,,,,pop100k,0.0,0.0,,0.0,47.9554,21.7167
Yakeshi,China,CN,20,116284,,,,,,pop100k,0.0,0.0,,0.0,49.2833,120.7333
Cherkessk,Russia,RU,27,116224,,,,,,pop100k,0.0,0.0,,0.0,44.2233,42.0578
Digos,Philippines,PH,11,116122,,,,,,pop100k,0.0,0.0,,0.0,6.7497,125.3572
Alchevs’k,Ukraine,UA,14,116000,,,,,,pop100k,0.0,0.0,,0.0,48.4689,38.8167
Round Rock,United States,US,TX,115997,,,,,,pop100k,0.0,0.0,,0.0,30.5083,-97.6789
Noginsk,Russia,RU,47,115979,,,,,,pop100k,0.0,0.0,,0.0,55.8665,38.4438
Pavlohrad,Ukraine,UA,04,115932,,,,,,pop100k,0.0,0.0,,0.0,48.5343,35.871
Binzhou,China,CN,25,115893,,,,,,pop100k,0.0,0.0,,0.0,37.3667,118.0167
Örebro,Sweden,SE,15,115765,,ORB,Örebro Airport,11.1,ORB,pop100k+airport,0.0,0.0,,0.0,59.2741,15.2066
Yelets,Russia,RU,43,115688,,,,,,pop100k,0.0,0.0,,0.0,52.6237,38.5017
Parla,Spain,ES,29,115611,,,,,,pop100k,0.0,0.0,,0.0,40.236,-3.7675
Batang,Indonesia,ID,07,115537,,,,,,pop100k,0.0,0.0,,0.0,-6.4846,110.7083
Okigwe,Nigeria,NG,28,115499,,,,,,pop100k,0.0,0.0,,0.0,5.8292,7.3506
Lengshuijiang,China,CN,11,115399,,,,,,pop100k,0.0,0.0,,0.0,27.6881,111.4294
Bizerte,Tunisia,TN,18,115268,,,,,,pop100k,0.0,0.0,,0.0,37.2744,9.8739
Pouso Alegre,Brazil,BR,15,115201,,,,,,pop100k,0.0,0.0,,0.0,-22.23,-45.9364
Bastī,India,IN,36,115115,,,,,,pop100k,0.0,0.0,,0.0,26.7882,82.7162
Wenchang,China,CN,31,115000,,,,,,pop100k,0.0,0.0,,0.0,19.6157,110.7489
Balkh,Afghanistan,AF,30,114883,,,,,,pop100k,0.0,0.0,,0.0,36.7563,66.8972
Lincoln,United Kingdom,GB,ENG,114879,,,,,,pop100k,0.0,0.0,,0.0,53.2268,-0.5379
Mingshui,China,CN,25,114858,,,,,,pop100k,0.0,0.0,,0.0,36.7167,117.5
Sóc Trăng,Vietnam,VN,65,114453,,,,,,pop100k,0.0,0.0,,0.0,9.5999,105.9719
Balasore,India,IN,21,114321,,,,,,pop100k,0.0,0.0,,0.0,21.4927,86.9335
Pamanukan,Indonesia,ID,30,114290,,,,,,pop100k,0.0,0.0,,0.0,-6.2842,107.8106
Eunápolis,Brazil,BR,05,114275,,,,,,pop100k,0.0,0.0,,0.0,-16.3775,-39.5803
Kingston,Canada,CA,08,114195,,,,,,pop100k,0.0,0.0,,0.0,44.2298,-76.481
Yuyao,China,CN,02,114177,,,,,,pop100k,0.0,0.0,,0.0,30.05,121.1494
Dharmavaram,India,IN,02,114050,,,,,,pop100k,0.0,0.0,,0.0,14.4144,77.7203
Siirt,Türkiye,TR,74,114034,,,,,,pop100k,0.0,0.0,,0.0,37.9293,41.9413
Kankan,Guinea,GN,K,114009,,,,,,pop100k,0.0,0.0,,0.0,10.3854,-9.3057
Cuauhtémoc,Mexico,MX,06,114007,,,,,,pop100k,0.0,0.0,,0.0,28.4088,-106.8632
Laghouat,Algeria,DZ,25,113872,,,,,,pop100k,0.0,0.0,,0.0,33.8,2.8651
Botucatu,Brazil,BR,27,113862,,,,,,pop100k,0.0,0.0,,0.0,-22.8858,-48.445
Māler Kotla,India,IN,23,113840,,,,,,pop100k,0.0,0.0,,0.0,30.5309,75.8795
Navojoa,Mexico,MX,26,113836,,,,,,pop100k,0.0,0.0,,0.0,27.0703,-109.4437
Offa,Nigeria,NG,30,113830,,,,,,pop100k,0.0,0.0,,0.0,8.1491,4.7207
Tobol’sk,Russia,RU,78,113800,,RMZ,Tobolsk Remezov Airport,16.3,RMZ,pop100k+airport,0.0,0.0,,0.0,58.1981,68.2546
Wardha,India,IN,16,113759,,,,,,pop100k,0.0,0.0,,0.0,20.7393,78.5978
Cuito,Angola,AO,02,113624,,,,,,pop100k,0.0,0.0,,0.0,-12.3833,16.9333
Songyuan,China,CN,05,113611,,,,,,pop100k,0.0,0.0,,0.0,45.129,124.8277
Maba,China,CN,30,113609,,,,,,pop100k,0.0,0.0,,0.0,24.6841,113.5984
Jandira,Brazil,BR,27,113605,,,,,,pop100k,0.0,0.0,,0.0,-23.5275,-46.9025
Mishima,Japan,JP,37,113479,,,,,,pop100k,0.0,0.0,,0.0,35.1167,138.9167
Jhunjhunūn,India,IN,24,113193,,,,,,pop100k,0.0,0.0,,0.0,28.1256,75.398
Chesterfield,United Kingdom,GB,ENG,113057,,,,,,pop100k,0.0,0.0,,0.0,53.25,-1.4167
Shchelkovo,Russia,RU,47,113000,,,,,,pop100k,0.0,0.0,,0.0,55.925,37.9722
Fairfield,United States,US,CA,112970,,,,,,pop100k,0.0,0.0,,0.0,38.2494,-122.04
Alanya,Türkiye,TR,07,112969,,,,,,pop100k,0.0,0.0,,0.0,36.5438,31.9998
Vihari,Pakistan,PK,04,112840,,,,,,pop100k,0.0,0.0,,0.0,30.0445,72.3556
Guangming,China,CN,05,112819,,,,,,pop100k,0.0,0.0,,0.0,45.3333,122.7833
Satara,India,IN,16,112793,,,,,,pop100k,0.0,0.0,,0.0,17.6859,73.9933
Rouen,France,FR,28,112787,,,,,,pop100k,0.0,0.0,,0.0,49.4431,1.0993
Haikou,China,CN,29,112644,,,,,,pop100k,0.0,0.0,,0.0,24.7798,102.5755
Chanduasi,India,IN,36,112635,,,,,,pop100k,0.0,0.0,,0.0,28.4518,78.7828
Nefteyugansk,Russia,RU,32,112632,,NFG,Nefteyugansk Airport,2.7,NFG,pop100k+airport,0.0,0.0,,0.0,61.0998,72.6035
Shaowu,China,CN,07,112585,,,,,,pop100k,0.0,0.0,,0.0,27.3409,117.4831
Mojokerto,Indonesia,ID,08,112557,,,,,,pop100k,0.0,0.0,,0.0,-7.4664,112.4338
Kaiyuan,China,CN,19,112462,,,,,,pop100k,0.0,0.0,,0.0,42.5331,124.0403
Kamalia,Pakistan,PK,04,112426,,,,,,pop100k,0.0,0.0,,0.0,30.7271,72.6461
Guanare,Venezuela,VE,18,112286,,,,,,pop100k,0.0,0.0,,0.0,9.0418,-69.7421
Farīdpur,Bangladesh,BD,81,112187,,,,,,pop100k,0.0,0.0,,0.0,23.6061,89.8406
Apopa,El Salvador,SV,10,112158,,ILS,Ilopango International Airport,13.6,ILS,pop100k,0.0,0.0,,0.0,13.8072,-89.1792
Mothīhāri,India,IN,34,112144,,,,,,pop100k,0.0,0.0,,0.0,26.6486,84.9166
Chās,India,IN,38,112141,,,,,,pop100k,0.0,0.0,,0.0,23.6356,86.1671
Mazyr,Belarus,BY,02,112137,,,,,,pop100k,0.0,0.0,,0.0,52.0495,29.2456
Pudukkottai,India,IN,25,112118,,,,,,pop100k,0.0,0.0,,0.0,10.3813,78.8214
Elgin,United States,US,IL,112111,,,,,,pop100k,0.0,0.0,,0.0,42.0373,-88.2812
Carúpano,Venezuela,VE,19,112082,,CUP,General Francisco Bermúdez Airport,1.0,CUP,pop100k+airport,0.0,0.0,,0.0,10.6652,-63.2539
Rewāri,India,IN,10,112079,,,,,,pop100k,0.0,0.0,,0.0,28.199,76.6183
Temecula,United States,US,CA,112011,,,,,,pop100k,0.0,0.0,,0.0,33.4936,-117.1484
Ribeirão Pires,Brazil,BR,27,111888,,,,,,pop100k,0.0,0.0,,0.0,-23.7106,-46.4133
Iringa,Tanzania,TZ,04,111820,,,,,,pop100k,0.0,0.0,,0.0,-7.7667,35.7
Zwolle,Netherlands,NL,15,111805,,,,,,pop100k,0.0,0.0,,0.0,52.5125,6.0944
Novokuybyshevsk,Russia,RU,65,111800,,,,,,pop100k,0.0,0.0,,0.0,53.0959,49.9462
Qūchān,Iran,IR,42,111752,,,,,,pop100k,0.0,0.0,,0.0,37.106,58.5095
Suriāpet,India,IN,40,111729,,,,,,pop100k,0.0,0.0,,0.0,17.1405,79.6205
Kandy,Sri Lanka,LK,29,111701,,KDZ,Polgolla Reservoir Seaplane Base,4.0,KDZ,pop100k+airport,0.0,0.0,,0.0,7.2906,80.6336
Bangaon,India,IN,28,111693,,,,,,pop100k,0.0,0.0,,0.0,23.0455,88.8308
Lysychans’k,Ukraine,UA,14,111600,,,,,,pop100k,0.0,0.0,,0.0,48.9049,38.4421
Conselheiro Lafaiete,Brazil,BR,15,111596,,,,,,pop100k,0.0,0.0,,0.0,-20.6603,-43.7861
Chhatarpur,India,IN,35,111594,,,,,,pop100k,0.0,0.0,,0.0,24.9177,79.5887
Daugavpils,Latvia,LV,07,111564,,,,,,pop100k,0.0,0.0,,0.0,55.8833,26.5333
Resende,Brazil,BR,21,111514,,,,,,pop100k,0.0,0.0,,0.0,-22.4689,-44.4467
Masjed Soleymān,Iran,IR,15,111510,,,,,,pop100k,0.0,0.0,,0.0,31.9364,49.3039
Ashoknagar Kalyangarh,India,IN,28,111475,,,,,,pop100k,0.0,0.0,,0.0,22.8642,88.637
Magelang,Indonesia,ID,07,111461,,,,,,pop100k,0.0,0.0,,0.0,-7.4706,110.2178
Beau Bassin-Rose Hill,Mauritius,MU,17,111355,,,,,,pop100k,0.0,0.0,,0.0,-20.2333,57.4661
Mbouda,Cameroon,CM,08,111320,,,,,,pop100k,0.0,0.0,,0.0,5.6261,10.2542
Achalpur,India,IN,16,111278,,,,,,pop100k,0.0,0.0,,0.0,21.2567,77.5101
Navadwīp,India,IN,28,111123,,,,,,pop100k,0.0,0.0,,0.0,23.4067,88.3686
Nsukka,Nigeria,NG,47,111017,,,,,,pop100k,0.0,0.0,,0.0,6.8578,7.3958
Nguru,Nigeria,NG,44,111014,,,,,,pop100k,0.0,0.0,,0.0,12.877,10.4554
Dongtai,China,CN,04,110988,,,,,,pop100k,0.0,0.0,,0.0,32.8523,120.3095
Bārsi,India,IN,16,110983,,,,,,pop100k,0.0,0.0,,0.0,18.2345,75.6928
Atibaia,Brazil,BR,27,110968,,,,,,pop100k,0.0,0.0,,0.0,-23.1169,-46.5503
Várzea Paulista,Brazil,BR,27,110936,,,,,,pop100k,0.0,0.0,,0.0,-23.2114,-46.8283
Hikone,Japan,JP,35,110925,,,,,,pop100k,0.0,0.0,,0.0,35.25,136.25
Encheng,China,CN,30,110921,,,,,,pop100k,0.0,0.0,,0.0,22.1866,112.3042
Turhal,Türkiye,TR,60,110884,,,,,,pop100k,0.0,0.0,,0.0,40.3875,36.0811
Hadejia,Nigeria,NG,39,110753,,,,,,pop100k,0.0,0.0,,0.0,12.4535,10.0412
Zhuji,China,CN,02,110721,,,,,,pop100k,0.0,0.0,,0.0,29.7188,120.2423
East Independence,United States,US,MO,110675,,,,,,pop100k,0.0,0.0,,0.0,39.0956,-94.3552
Yenangyaung,Myanmar,MM,15,110553,,,,,,pop100k,0.0,0.0,,0.0,20.465,94.8712
Manzini,Eswatini,SZ,03,110537,,,,,,pop100k,0.0,0.0,,0.0,-26.4988,31.38
Sultānpur,India,IN,36,110368,,,,,,pop100k,0.0,0.0,,0.0,26.2579,82.0727
Kiryū,Japan,JP,10,110219,,,,,,pop100k,0.0,0.0,,0.0,36.4,139.3333
Kresek,Indonesia,ID,30,110182,,,,,,pop100k,0.0,0.0,,0.0,-6.1314,106.3797
Bender,Moldova,MD,62,110175,,,,,,pop100k,0.0,0.0,,0.0,46.8316,29.4777
Garanhuns,Brazil,BR,30,110085,,,,,,pop100k,0.0,0.0,,0.0,-8.882,-36.5022
Qingnian,China,CN,25,110046,,,,,,pop100k,0.0,0.0,,0.0,36.8403,115.7118
Vacoas,Mauritius,MU,17,110000,,,,,,pop100k,0.0,0.0,,0.0,-20.2981,57.4783
Ressano Garcia,Mozambique,MZ,04,110000,,,,,,pop100k,0.0,0.0,,0.0,-25.4428,31.9953
Zliten,Libya,LY,72,109972,,,,,,pop100k,0.0,0.0,,0.0,32.4674,14.5687
Mizhou,China,CN,25,109968,,,,,,pop100k,0.0,0.0,,0.0,35.9947,119.3975
Bataysk,Russia,RU,61,109962,,,,,,pop100k,0.0,0.0,,0.0,47.1397,39.7518
Hailun,China,CN,08,109881,,,,,,pop100k,0.0,0.0,,0.0,47.4565,126.9537
Ambur,India,IN,25,109873,,,,,,pop100k,0.0,0.0,,0.0,12.7916,78.7164
Kecskemét,Hungary,HU,01,109847,,,,,,pop100k,0.0,0.0,,0.0,46.9062,19.6913
Seversk,Russia,RU,75,109844,,,,,,pop100k,0.0,0.0,,0.0,56.6006,84.8864
Murrieta,United States,US,CA,109830,,,,,,pop100k,0.0,0.0,,0.0,33.5539,-117.2139
Centennial,United States,US,CO,109741,,,,,,pop100k,0.0,0.0,,0.0,39.5792,-104.8769
Shilong,China,CN,30,109733,,,,,,pop100k,0.0,0.0,,0.0,23.1144,113.8472
Richmond,United States,US,CA,109708,,,,,,pop100k,0.0,0.0,,0.0,37.9358,-122.3478
Kandi,Benin,BJ,07,109701,,,,,,pop100k,0.0,0.0,,0.0,11.1342,2.9386
Araruama,Brazil,BR,21,109637,,,,,,pop100k,0.0,0.0,,0.0,-22.8728,-42.3431
Tieli,China,CN,08,109636,,,,,,pop100k,0.0,0.0,,0.0,46.9804,128.045
Catanduva,Brazil,BR,27,109612,,,,,,pop100k,0.0,0.0,,0.0,-21.1378,-48.9728
Dongxing,China,CN,08,109561,,,,,,pop100k,0.0,0.0,,0.0,45.3609,130.7868
Arzamas,Russia,RU,51,109479,,,,,,pop100k,0.0,0.0,,0.0,55.3948,43.8399
Phalaborwa,South Africa,ZA,09,109468,,PHW,Hendrik Van Eck Airport,1.6,PHW,pop100k+airport,0.0,0.0,,0.0,-23.943,31.1411
Zhaotong,China,CN,29,109400,,,,,,pop100k,0.0,0.0,,0.0,27.3167,103.7167
Hoshangābād,India,IN,35,109358,,,,,,pop100k,0.0,0.0,,0.0,22.7475,77.7274
Larache,Morocco,MA,01,109294,,,,,,pop100k,0.0,0.0,,0.0,35.1932,-6.1557
Ijebu-Igbo,Nigeria,NG,16,109261,,,,,,pop100k,0.0,0.0,,0.0,6.972,3.9994
Sergiyev Posad,Russia,RU,47,109252,,,,,,pop100k,0.0,0.0,,0.0,56.3,38.1333
Hulan,China,CN,08,109104,,,,,,pop100k,0.0,0.0,,0.0,45.9833,126.6
Matagalpa,Nicaragua,NI,12,109089,,,,,,pop100k,0.0,0.0,,0.0,12.9256,-85.9175
Leninsk-Kuznetsky,Russia,RU,29,109023,,,,,,pop100k,0.0,0.0,,0.0,54.6567,86.1737
Zhongxiang,China,CN,12,108883,,,,,,pop100k,0.0,0.0,,0.0,31.1661,112.5831
Franco da Rocha,Brazil,BR,27,108858,,,,,,pop100k,0.0,0.0,,0.0,-23.3217,-46.7269
Iwatsuki,Japan,JP,34,108833,,,,,,pop100k,0.0,0.0,,0.0,35.9647,139.6964
Dehui,China,CN,05,108818,,,,,,pop100k,0.0,0.0,,0.0,44.5333,125.7
Waterbury,United States,US,CT,108802,,,,,,pop100k,0.0,0.0,,0.0,41.5581,-73.0515
Kalisz,Poland,PL,86,108759,,,,,,pop100k,0.0,0.0,,0.0,51.7611,18.091
Ksar El Kebir,Morocco,MA,01,108753,,,,,,pop100k,0.0,0.0,,0.0,35.0004,-5.9038
Sawāi Mādhopur,India,IN,24,108612,,,,,,pop100k,0.0,0.0,,0.0,26.023,76.3441
Uromi,Nigeria,NG,37,108608,,,,,,pop100k,0.0,0.0,,0.0,6.7,6.3333
Dharān,Nepal,NP,1,108600,,,,,,pop100k,0.0,0.0,,0.0,26.8144,87.2797
Madanapalle,India,IN,02,108593,,,,,,pop100k,0.0,0.0,,0.0,13.5503,78.5029
Katumba,Tanzania,TZ,09,108558,,,,,,pop100k,0.0,0.0,,0.0,-9.2333,33.6167
West Covina,United States,US,CA,108484,,,,,,pop100k,0.0,0.0,,0.0,34.0686,-117.939
Bānsbāria,India,IN,28,108474,,,,,,pop100k,0.0,0.0,,0.0,22.9539,88.401
Mopti,Mali,ML,04,108456,,MZI,Mopti Airport,11.6,MZI,pop100k,0.0,0.0,,0.0,14.4843,-4.183
Baghlān,Afghanistan,AF,03,108449,,,,,,pop100k,0.0,0.0,,0.0,36.1307,68.7083
Cuautitlán,Mexico,MX,15,108449,,NLU,Felipe Ángeles International Airport,19.1,NLU,pop100k,0.0,0.0,,0.0,19.6705,-99.1799
Santiago,Philippines,PH,02,108414,,,,,,pop100k,0.0,0.0,,0.0,16.6881,121.5487
Nehe,China,CN,08,108253,,,,,,pop100k,0.0,0.0,,0.0,48.4833,124.8333
Oktyabr’skiy,Russia,RU,08,108200,,,,,,pop100k,0.0,0.0,,0.0,54.4815,53.471
Tādepallegūdem,India,IN,02,108167,,,,,,pop100k,0.0,0.0,,0.0,16.8147,81.5272
Birnin Kebbi,Nigeria,NG,40,108164,,,,,,pop100k,0.0,0.0,,0.0,12.4539,4.1975
Pingliang,China,CN,15,108156,,,,,,pop100k,0.0,0.0,,0.0,35.5392,106.6861
Santa Cruz,Philippines,PH,40,108145,,,,,,pop100k,0.0,0.0,,0.0,14.2814,121.4161
Rockingham,Australia,AU,08,108022,,,,,,pop100k,0.0,0.0,,0.0,-32.2768,115.7298
An Nuhūd,Sudan,SD,62,108008,,,,,,pop100k,0.0,0.0,,0.0,12.7,28.4333
Atbara,Sudan,SD,53,107930,,,,,,pop100k,0.0,0.0,,0.0,17.7022,33.9864
Jiangyin,China,CN,04,107918,,,,,,pop100k,0.0,0.0,,0.0,31.911,120.263
Bạc Liêu,Vietnam,VN,73,107911,,,,,,pop100k,0.0,0.0,,0.0,9.2941,105.7278
Jalpāiguri,India,IN,28,107832,,,,,,pop100k,0.0,0.0,,0.0,26.5167,88.7333
Jalai Nur,China,CN,20,107828,,,,,,pop100k,0.0,0.0,,0.0,49.45,117.7
Ourense,Spain,ES,58,107742,,,,,,pop100k,0.0,0.0,,0.0,42.3367,-7.8641
Basingstoke,United Kingdom,GB,ENG,107642,,,,,,pop100k,0.0,0.0,,0.0,51.2625,-1.0871
Bandırma,Türkiye,TR,10,107631,,,,,,pop100k,0.0,0.0,,0.0,40.3522,27.9767
Maidstone,United Kingdom,GB,ENG,107627,,,,,,pop100k,0.0,0.0,,0.0,51.2667,0.5167
Umm Qaşr,Iraq,IQ,02,107620,,,,,,pop100k,0.0,0.0,,0.0,30.0362,47.9195
Shaping,China,CN,30,107589,,,,,,pop100k,0.0,0.0,,0.0,22.7702,112.9578
Râmnicu Vâlcea,Romania,RO,39,107558,,,,,,pop100k,0.0,0.0,,0.0,45.1,24.3667
Araras,Brazil,BR,27,107463,,,,,,pop100k,0.0,0.0,,0.0,-22.3569,-47.3842
Koszalin,Poland,PL,87,107450,,,,,,pop100k,0.0,0.0,,0.0,54.1944,16.1722
Sherpur,Bangladesh,BD,H,107419,,,,,,pop100k,0.0,0.0,,0.0,25.0188,90.0175
Obninsk,Russia,RU,25,107392,,,,,,pop100k,0.0,0.0,,0.0,55.0968,36.6101
Vitória de Santo Antão,Brazil,BR,30,107383,,,,,,pop100k,0.0,0.0,,0.0,-8.1181,-35.2914
Shinyanga,Tanzania,TZ,15,107362,,SHY,Shinyanga Airport,11.0,SHY,pop100k+airport,0.0,0.0,,0.0,-3.6639,33.4212
Umuarama,Brazil,BR,18,107319,,UMU,Orlando de Carvalho Airport,3.8,UMU,pop100k+airport,0.0,0.0,,0.0,-23.7664,-53.325
Koblenz,Germany,DE,08,107319,,,,,,pop100k,0.0,0.0,,0.0,50.3536,7.5788
Siegen,Germany,DE,07,107242,,,,,,pop100k,0.0,0.0,,0.0,50.8748,8.0243
As Suwayq,Oman,OM,11,107143,,,,,,pop100k,0.0,0.0,,0.0,23.8494,57.4386
Vicenza,Italy,IT,20,107129,,,,,,pop100k,0.0,0.0,,0.0,45.5467,11.5475
Iida,Japan,JP,26,107111,,,,,,pop100k,0.0,0.0,,0.0,35.5196,137.8207
Ilebo,DR Congo,CD,18,107093,,PFR,Ilebo Airport,0.4,PFR,pop100k+airport,0.0,0.0,,0.0,-4.3311,20.5864
Apucarana,Brazil,BR,18,107085,,,,,,pop100k,0.0,0.0,,0.0,-23.5508,-51.4608
Mitrovicë,Kosovo,XK,10097358,107045,,,,,,pop100k,0.0,0.0,,0.0,42.8833,20.8667
Khemisset,Morocco,MA,04,106991,,,,,,pop100k,0.0,0.0,,0.0,33.824,-6.0663
Taungoo,Myanmar,MM,16,106945,,,,,,pop100k,0.0,0.0,,0.0,18.9429,96.4341
Bedford,United Kingdom,GB,ENG,106940,,,,,,pop100k,0.0,0.0,,0.0,52.1346,-0.4663
Ejido,Venezuela,VE,14,106915,,,,,,pop100k,0.0,0.0,,0.0,8.5466,-71.2409
Al Ḩawāmidīyah,Egypt,EG,08,106841,,,,,,pop100k,0.0,0.0,,0.0,29.9,31.25
Lianran,China,CN,29,106795,,,,,,pop100k,0.0,0.0,,0.0,24.9227,102.485
Chittaurgarh,India,IN,24,106710,,,,,,pop100k,0.0,0.0,,0.0,24.8896,74.624
Coimbra,Portugal,PT,07,106582,,,,,,pop100k,0.0,0.0,,0.0,40.2056,-8.4195
Cikarang,Indonesia,ID,30,106479,,,,,,pop100k,0.0,0.0,,0.0,-6.2611,107.1528
Longjiang,China,CN,08,106384,,,,,,pop100k,0.0,0.0,,0.0,47.3307,123.1782
Hwado,South Korea,KR,13,106358,,,,,,pop100k,0.0,0.0,,0.0,37.6525,127.3075
Pindiga,Nigeria,NG,55,106322,,,,,,pop100k,0.0,0.0,,0.0,9.9843,10.9523
Namur,Belgium,BE,WAL,106284,,,,,,pop100k,0.0,0.0,,0.0,50.4669,4.8675
Gangāwati,India,IN,19,106250,,,,,,pop100k,0.0,0.0,,0.0,15.4313,76.5293
Yevpatoriya,Ukraine,UA,11,106202,,,,,,pop100k,0.0,0.0,,0.0,45.2009,33.3665
Santa Cruz do Sul,Brazil,BR,23,106113,,,,,,pop100k,0.0,0.0,,0.0,-29.7175,-52.4258
Legnica,Poland,PL,72,106033,,,,,,pop100k,0.0,0.0,,0.0,51.2101,16.1619
Ashkelon,Israel,IL,01,105995,,,,,,pop100k,0.0,0.0,,0.0,31.6693,34.5715
Derbent,Russia,RU,17,105965,,,,,,pop100k,0.0,0.0,,0.0,42.0678,48.2899
Xinghua,China,CN,04,105918,,,,,,pop100k,0.0,0.0,,0.0,32.9392,119.8342
Khurja,India,IN,36,105909,,,,,,pop100k,0.0,0.0,,0.0,28.2538,77.8554
Mati,Philippines,PH,11,105908,,,,,,pop100k,0.0,0.0,,0.0,6.9551,126.2165
Guaratinguetá,Brazil,BR,27,105880,,,,,,pop100k,0.0,0.0,,0.0,-22.8164,-45.1925
Arjawinangun,Indonesia,ID,30,105845,,,,,,pop100k,0.0,0.0,,0.0,-6.6453,108.4103
Aïn Beïda,Algeria,DZ,29,105765,,,,,,pop100k,0.0,0.0,,0.0,35.7964,7.3928
Azare,Nigeria,NG,46,105687,,,,,,pop100k,0.0,0.0,,0.0,11.6748,10.1907
Nantou,Taiwan,TW,04,105682,,,,,,pop100k,0.0,0.0,,0.0,23.9157,120.6639
Ponnāni,India,IN,13,105512,,,,,,pop100k,0.0,0.0,,0.0,10.7669,75.9252
Mariara,Venezuela,VE,07,105486,,,,,,pop100k,0.0,0.0,,0.0,10.2953,-67.7177
Bhairab Bāzār,Bangladesh,BD,81,105457,,,,,,pop100k,0.0,0.0,,0.0,24.0524,90.9764
Chengtangcun,China,CN,25,105456,,,,,,pop100k,0.0,0.0,,0.0,35.0836,117.1907
Nancy,France,FR,44,105334,,,,,,pop100k,0.0,0.0,,0.0,48.6844,6.185
Queenstown,South Africa,ZA,05,105309,,,,,,pop100k,0.0,0.0,,0.0,-31.8976,26.8753
Hòa Bình,Vietnam,VN,53,105260,,,,,,pop100k,0.0,0.0,,0.0,20.8172,105.3376
Linhares,Brazil,BR,08,105075,,,,,,pop100k,0.0,0.0,,0.0,-19.3911,-40.0722
Barnāla,India,IN,23,105016,,,,,,pop100k,0.0,0.0,,0.0,30.3745,75.5487
Daxing,China,CN,22,104904,,,,,,pop100k,0.0,0.0,,0.0,39.7403,116.3269
Parral,Mexico,MX,06,104836,,,,,,pop100k,0.0,0.0,,0.0,26.9302,-105.6664
Bāneh,Iran,IR,16,104799,,,,,,pop100k,0.0,0.0,,0.0,35.9975,45.8853
Douliu,Taiwan,TW,04,104723,,,,,,pop100k,0.0,0.0,,0.0,23.7094,120.5433
Jena,Germany,DE,15,104712,,,,,,pop100k,0.0,0.0,,0.0,50.9288,11.5899
Gera,Germany,DE,15,104659,,,,,,pop100k,0.0,0.0,,0.0,50.8803,12.0819
Badlapur,India,IN,16,104636,,,,,,pop100k,0.0,0.0,,0.0,19.1552,73.2655
Al Fāw,Iraq,IQ,02,104569,,,,,,pop100k,0.0,0.0,,0.0,29.9742,48.4731
Honmachi,Japan,JP,21,104341,,,,,,pop100k,0.0,0.0,,0.0,32.5044,130.5995
Tandil,Argentina,AR,01,104325,,,,,,pop100k,0.0,0.0,,0.0,-37.3217,-59.1332
Pulandian,China,CN,19,104277,,,,,,pop100k,0.0,0.0,,0.0,39.3953,121.9669
Helsingborg,Sweden,SE,27,104250,,,,,,pop100k,0.0,0.0,,0.0,56.0467,12.6944
Kot Addu,Pakistan,PK,04,104217,,,,,,pop100k,0.0,0.0,,0.0,30.4691,70.967
Bishoftu,Ethiopia,ET,51,104215,,,,,,pop100k,0.0,0.0,,0.0,8.7523,38.9785
Kara,Togo,TG,23,104207,,,,,,pop100k,0.0,0.0,,0.0,9.5511,1.1861
Yenakiyeve,Ukraine,UA,05,104101,,,,,,pop100k,0.0,0.0,,0.0,48.2333,38.2114
Abengourou,Côte d'Ivoire,CI,94,104020,,,,,,pop100k,0.0,0.0,,0.0,6.7297,-3.4964
Kroonstad,South Africa,ZA,03,103992,,,,,,pop100k,0.0,0.0,,0.0,-27.6504,27.2349
Jishu,China,CN,05,103988,,,,,,pop100k,0.0,0.0,,0.0,44.3167,126.8
Ed Damer,Sudan,SD,53,103941,,,,,,pop100k,0.0,0.0,,0.0,17.599,33.9721
Dolisie,Congo,CG,07,103894,,,,,,pop100k,0.0,0.0,,0.0,-4.1983,12.6666
Roorkee,India,IN,39,103894,,,,,,pop100k,0.0,0.0,,0.0,29.8663,77.8912
Bagaha,India,IN,34,103855,,,,,,pop100k,0.0,0.0,,0.0,27.0992,84.09
Yuxi,China,CN,29,103829,,,,,,pop100k,0.0,0.0,,0.0,24.355,102.5422
Hosūr,India,IN,25,103724,,,,,,pop100k,0.0,0.0,,0.0,12.7365,77.8326
Gardez,Afghanistan,AF,36,103601,,,,,,pop100k,0.0,0.0,,0.0,33.5974,69.2259
Zhanaozen,Kazakhstan,KZ,09,103598,,,,,,pop100k,0.0,0.0,,0.0,43.3412,52.8619
Bilqās,Egypt,EG,01,103596,,,,,,pop100k,0.0,0.0,,0.0,31.2145,31.358
Chūru,India,IN,24,103533,,,,,,pop100k,0.0,0.0,,0.0,28.3041,74.9672
Nagda,India,IN,35,103501,,,,,,pop100k,0.0,0.0,,0.0,23.4583,75.4176
Prabumulih,Indonesia,ID,32,103470,,,,,,pop100k,0.0,0.0,,0.0,-3.4345,104.2306
Isehara,Japan,JP,19,103401,,,,,,pop100k,0.0,0.0,,0.0,35.3993,139.3102
Vĩnh Long,Vietnam,VN,69,103314,,,,,,pop100k,0.0,0.0,,0.0,10.2537,105.9722
Turgutlu,Türkiye,TR,45,103292,,,,,,pop100k,0.0,0.0,,0.0,38.4953,27.6997
Esmeraldas,Brazil,BR,15,103206,,,,,,pop100k,0.0,0.0,,0.0,-19.7625,-44.3139
Escuintla,Guatemala,GT,06,103165,,,,,,pop100k,0.0,0.0,,0.0,14.3009,-90.7858
Velikiye Luki,Russia,RU,60,103149,,,,,,pop100k,0.0,0.0,,0.0,56.34,30.5452
Kashipur,India,IN,39,103138,,,,,,pop100k,0.0,0.0,,0.0,29.214,78.9569
Ghazīpur,India,IN,36,103095,,,,,,pop100k,0.0,0.0,,0.0,25.5833,83.5853
Begusarai,India,IN,34,103060,,,,,,pop100k,0.0,0.0,,0.0,25.4185,86.1339
Ikere-Ekiti,Nigeria,NG,54,103054,,,,,,pop100k,0.0,0.0,,0.0,7.4975,5.2304
Hildesheim,Germany,DE,06,103052,,,,,,pop100k,0.0,0.0,,0.0,52.1508,9.9511
Rantauprapat,Indonesia,ID,26,103009,,,,,,pop100k,0.0,0.0,,0.0,2.1,99.8333
Oleksandriya,Ukraine,UA,10,103000,,,,,,pop100k,0.0,0.0,,0.0,48.6696,33.1159
Palma Soriano,Cuba,CU,15,102826,,,,,,pop100k,0.0,0.0,,0.0,20.2113,-75.9936
Pushkino,Russia,RU,47,102816,,,,,,pop100k,0.0,0.0,,0.0,56.0172,37.8667
Khushāb,Pakistan,PK,04,102793,,,,,,pop100k,0.0,0.0,,0.0,32.2967,72.3525
Lafiagi,Nigeria,NG,30,102779,,,,,,pop100k,0.0,0.0,,0.0,8.853,5.4164
Belawan,Indonesia,ID,26,102707,,,,,,pop100k,0.0,0.0,,0.0,3.7755,98.6832
Piatra Neamţ,Romania,RO,28,102688,,,,,,pop100k,0.0,0.0,,0.0,46.9167,26.3333
Edison,United States,US,NJ,102548,,,,,,pop100k,0.0,0.0,,0.0,40.5187,-74.4121
Sarh,Chad,TD,17,102528,,,,,,pop100k,0.0,0.0,,0.0,9.1429,18.3923
Dhaulpur,India,IN,24,102462,,,,,,pop100k,0.0,0.0,,0.0,26.6929,77.8797
Wazirabad,Pakistan,PK,04,102444,,,,,,pop100k,0.0,0.0,,0.0,32.4432,74.12
Curicó,Chile,CL,11,102438,,,,,,pop100k,0.0,0.0,,0.0,-34.9828,-71.2394
Shāhzādpur,Bangladesh,BD,83,102420,,,,,,pop100k,0.0,0.0,,0.0,24.1769,89.5988
Tulancingo,Mexico,MX,13,102406,,,,,,pop100k,0.0,0.0,,0.0,20.0835,-98.3629
Hillsboro,United States,US,OR,102347,,,,,,pop100k,0.0,0.0,,0.0,45.5229,-122.9898
Drobeta-Turnu Severin,Romania,RO,26,102346,,,,,,pop100k,0.0,0.0,,0.0,44.6269,22.6529
Qianzhou,China,CN,11,102332,,,,,,pop100k,0.0,0.0,,0.0,28.3193,109.7335
Ferozepore,India,IN,23,102130,,,,,,pop100k,0.0,0.0,,0.0,30.9257,74.6131
Şabrātah,Libya,LY,68,102038,,,,,,pop100k,0.0,0.0,,0.0,32.7933,12.4885
Disūq,Egypt,EG,21,102037,,,,,,pop100k,0.0,0.0,,0.0,31.1326,30.6478
Bethal,South Africa,ZA,07,101919,,,,,,pop100k,0.0,0.0,,0.0,-26.4579,29.4655
Pulong Santa Cruz,Philippines,PH,40,101914,,,,,,pop100k,0.0,0.0,,0.0,14.2732,121.0764
Singkawang,Indonesia,ID,11,101838,,,,,,pop100k,0.0,0.0,,0.0,0.9093,108.9846
Tuxtepec,Mexico,MX,20,101810,,,,,,pop100k,0.0,0.0,,0.0,18.0883,-96.1253
Gondal,India,IN,09,101801,,,,,,pop100k,0.0,0.0,,0.0,21.9607,70.8025
Torrevieja,Spain,ES,60,101792,,,,,,pop100k,0.0,0.0,,0.0,37.9787,-0.6822
Milton,Canada,CA,08,101715,,,,,,pop100k,0.0,0.0,,0.0,43.5168,-79.8829
Bontang,Indonesia,ID,14,101691,,BXT,LNG Badak Airport,1.5,BXT,pop100k+airport,0.0,0.0,,0.0,0.1324,117.4854
Worcester,United Kingdom,GB,ENG,101659,,,,,,pop100k,0.0,0.0,,0.0,52.1893,-2.22
‘Ibrī,Oman,OM,09,101640,,,,,,pop100k,0.0,0.0,,0.0,23.2257,56.5157
Dera Ismail Khan,Pakistan,PK,03,101616,,,,,,pop100k,0.0,0.0,,0.0,31.8313,70.9017
Salihorsk,Belarus,BY,05,101614,,,,,,pop100k,0.0,0.0,,0.0,52.7876,27.5415
Székesfehérvár,Hungary,HU,08,101600,,,,,,pop100k,0.0,0.0,,0.0,47.19,18.4103
Assis,Brazil,BR,27,101597,,,,,,pop100k,0.0,0.0,,0.0,-22.6617,-50.4122
Kansk,Russia,RU,91,101502,,,,,,pop100k,0.0,0.0,,0.0,56.2017,95.7175
Mustafakemalpaşa,Türkiye,TR,16,101412,,,,,,pop100k,0.0,0.0,,0.0,40.0382,28.4087
Seoni,India,IN,35,101379,,,,,,pop100k,0.0,0.0,,0.0,22.085,79.5504
Maladzyechna,Belarus,BY,05,101300,,,,,,pop100k,0.0,0.0,,0.0,54.3167,26.854
Jagādhri,India,IN,10,101300,,,,,,pop100k,0.0,0.0,,0.0,30.1672,77.3037
Olomouc,Czechia,CZ,84,101268,,,,,,pop100k,0.0,0.0,,0.0,49.5955,17.2518
Miriālgūda,India,IN,40,101234,,,,,,pop100k,0.0,0.0,,0.0,16.8722,79.5625
Barretos,Brazil,BR,27,101220,,,,,,pop100k,0.0,0.0,,0.0,-20.5572,-48.5678
Chakwal,Pakistan,PK,04,101200,,,,,,pop100k,0.0,0.0,,0.0,32.9329,72.8539
Colatina,Brazil,BR,08,101190,,,,,,pop100k,0.0,0.0,,0.0,-19.5394,-40.6306
Teófilo Otoni,Brazil,BR,15,101170,,,,,,pop100k,0.0,0.0,,0.0,-17.8575,-41.5053
Tokuyama,Japan,JP,45,101133,,,,,,pop100k,0.0,0.0,,0.0,34.05,131.8167
Tonghae,South Korea,KR,06,101128,,,,,,pop100k,0.0,0.0,,0.0,37.5439,129.1069
Vanadzor,Armenia,AM,06,101098,,,,,,pop100k,0.0,0.0,,0.0,40.8046,44.4939
Tartu,Estonia,EE,18,101092,,TAY,Tartu Airport,8.4,TAY,pop100k+airport,0.0,0.0,,0.0,58.3806,26.7251
Mokopane,South Africa,ZA,09,101090,,,,,,pop100k,0.0,0.0,,0.0,-24.1944,29.0097
Salzgitter,Germany,DE,06,101079,,,,,,pop100k,0.0,0.0,,0.0,52.157,10.4154
Udgīr,India,IN,16,101064,,,,,,pop100k,0.0,0.0,,0.0,18.3926,77.1176
Urdaneta,Philippines,PH,01,101037,,,,,,pop100k,0.0,0.0,,0.0,15.9761,120.5711
Mezhdurechensk,Russia,RU,29,101026,,,,,,pop100k,0.0,0.0,,0.0,53.6942,88.0603
Jolo,Philippines,PH,14,101002,,JOL,Jolo Airport,1.0,JOL,pop100k+airport,0.0,0.0,,0.0,6.0522,121.0022
Qinzhou,China,CN,16,100996,,,,,,pop100k,0.0,0.0,,0.0,21.973,108.6261
Guarapari,Brazil,BR,08,100925,,GUZ,Guarapari Airport,3.0,GUZ,pop100k+airport,0.0,0.0,,0.0,-20.6718,-40.502
Coronel Fabriciano,Brazil,BR,15,100916,,IPN,Usiminas Airport,15.7,IPN,pop100k,0.0,0.0,,0.0,-19.5186,-42.6289
Elbasan,Albania,AL,43,100903,,,,,,pop100k,0.0,0.0,,0.0,41.1125,20.0822
Navapolatsk,Belarus,BY,07,100885,,,,,,pop100k,0.0,0.0,,0.0,55.5318,28.5987
Greeley,United States,US,CO,100883,,,,,,pop100k,0.0,0.0,,0.0,40.4233,-104.7091
Oum el Bouaghi,Algeria,DZ,29,100821,,,,,,pop100k,0.0,0.0,,0.0,35.8754,7.1135
Solikamsk,Russia,RU,90,100812,,,,,,pop100k,0.0,0.0,,0.0,59.6316,56.7685
Jamālpur,India,IN,34,100780,,,,,,pop100k,0.0,0.0,,0.0,25.3126,86.4889
Itaguaí,Brazil,BR,21,100752,,,,,,pop100k,0.0,0.0,,0.0,-22.8522,-43.7753
Nandurbar,India,IN,16,100703,,,,,,pop100k,0.0,0.0,,0.0,21.3667,74.2405
Abū Kabīr,Egypt,EG,14,100684,,,,,,pop100k,0.0,0.0,,0.0,30.7251,31.6715
Glazov,Russia,RU,80,100676,,,,,,pop100k,0.0,0.0,,0.0,58.1393,52.658
Anyama,Côte d'Ivoire,CI,93,100653,,,,,,pop100k,0.0,0.0,,0.0,5.4946,-4.0518
Itārsi,India,IN,35,100574,,,,,,pop100k,0.0,0.0,,0.0,22.6148,77.7622
Padangsidempuan,Indonesia,ID,26,100561,,,,,,pop100k,0.0,0.0,,0.0,1.3795,99.2715
Lianjiang,China,CN,30,100341,,,,,,pop100k,0.0,0.0,,0.0,21.6467,110.2817
Linxi,China,CN,10,100316,,,,,,pop100k,0.0,0.0,,0.0,39.7118,118.4495
Magangué,Colombia,CO,35,100313,,,,,,pop100k,0.0,0.0,,0.0,9.242,-74.7547
Tiébo,Senegal,SN,03,100289,,,,,,pop100k,0.0,0.0,,0.0,14.6333,-16.2333
Ust’-Ilimsk,Russia,RU,20,100271,,,,,,pop100k,0.0,0.0,,0.0,58.0006,102.6619
Kūhdasht,Iran,IR,23,100208,,,,,,pop100k,0.0,0.0,,0.0,33.5333,47.61
Kalmunai,Sri Lanka,LK,37,100171,,,,,,pop100k,0.0,0.0,,0.0,7.409,81.8347
Trier,Germany,DE,08,100129,,,,,,pop100k,0.0,0.0,,0.0,49.7557,6.6394
Rio das Ostras,Brazil,BR,21,100000,,,,,,pop100k,0.0,0.0,,0.0,-22.5269,-41.945
Kangding,China,CN,32,100000,,,,,,pop100k,0.0,0.0,,0.0,30.0022,101.9569
M’Sila,Algeria,DZ,27,100000,,,,,,pop100k,0.0,0.0,,0.0,35.7058,4.5419
P’yŏngsŏng,North Korea,KP,15,100000,,FNJ,Pyongyang Sunan International Airport,17.6,FNJ,pop100k,0.0,0.0,,0.0,39.2464,125.8719
Subotica,Serbia,RS,VO,100000,,,,,,pop100k,0.0,0.0,,0.0,46.1,19.6667
Kamianets-Podilskyi,Ukraine,UA,09,100000,,,,,,pop100k,0.0,0.0,,0.0,48.6845,26.5856
Votorantim,Brazil,BR,27,99390,,SOD,Sorocaba Airport,9.3,SOD,airport,0.0,0.0,,0.0,-23.5467,-47.4378
Magway,Myanmar,MM,15,96954,,MWQ,Magway Airport,2.0,MWQ,airport,0.0,0.0,,0.0,20.1496,94.9325
Khōst,Afghanistan,AF,37,96123,,KHT,Khost International Airport,12.2,KHT,airport,0.0,0.0,,0.0,33.3395,69.9204
České Budějovice,Czechia,CZ,79,96053,,JCL,České Budějovice South Bohemian Airport,4.5,JCL,airport,0.0,0.0,,0.0,48.9745,14.4743
Sungai Penuh,Indonesia,ID,05,95913,,KRC,Departi Parbo Airport,9.7,KRC,airport,0.0,0.0,,0.0,-2.0561,101.3913
Maribor,Slovenia,SI,J2,95171,,MBX,Maribor Edvard Rusjan Airport,8.8,MBX,airport,0.0,0.0,,0.0,46.5547,15.6467
Jönköping,Sweden,SE,08,93797,,JKG,Jönköping Airport,5.8,JKG,airport,0.0,0.0,,0.0,57.7814,14.1562
Valera,Venezuela,VE,21,93756,,VLV,Dr. Antonio Nicolás Briceño Airport,3.3,VLV,airport,0.0,0.0,,0.0,9.3178,-70.6036
Rize,Türkiye,TR,53,92772,,RZV,Rize–Artvin Airport,32.6,RZV,airport,0.0,0.0,,0.0,41.0208,40.5219
Kasama,Zambia,ZM,05,91056,,KAA,Kasama Airport,6.3,KAA,airport,0.0,0.0,,0.0,-10.2129,31.1808
Nusaybin,Türkiye,TR,72,88977,,KAC,Qamishli International Airport,5.9,KAC,airport,0.0,0.0,,0.0,37.0703,41.2146
Balkanabat,Turkmenistan,TM,02,87822,,BKN,Balkanabat International Airport,23.4,BKN,airport,0.0,0.0,,0.0,39.5108,54.3671
Malanje,Angola,AO,12,87046,,MEG,Malanje Airport,3.6,MEG,airport,0.0,0.0,,0.0,-9.5402,16.341
Al Fujairah City,UAE,AE,04,86512,,FJR,Fujairah International Airport,1.6,FJR,airport,0.0,0.0,,0.0,25.1164,56.3414
Paulo Afonso,Brazil,BR,05,85350,,PAV,Paulo Afonso Airport,4.0,PAV,airport,0.0,0.0,,0.0,-9.4061,-38.2147
Araxá,Brazil,BR,15,82595,,AAX,Romeu Zema Airport,3.9,AAX,airport,0.0,0.0,,0.0,-19.5933,-46.9406
Reef Al Fujairah City,UAE,AE,04,82310,,FJR,Fujairah International Airport,9.1,FJR,airport,0.0,0.0,,0.0,25.1448,56.2476
Balqash,Kazakhstan,KZ,12,81364,,BXH,Balkhash Airport,5.2,BXH,airport,0.0,0.0,,0.0,46.8481,74.995
Necochea,Argentina,AR,01,80478,,NEC,Necochea Airport,9.7,NEC,airport,0.0,0.0,,0.0,-38.5545,-58.7396
Huehuetenango,Guatemala,GT,08,79426,,HUG,Huehuetenango Airport,3.6,HUG,airport,0.0,0.0,,0.0,15.3192,-91.4724
Ceuta,Spain,ES,CE,78674,,JCU,Ceuta Heliport,1.3,JCU,airport,0.0,0.0,,0.0,35.8892,-5.3204
Hammond,United States,US,IN,77614,,GYY,Gary/Chicago International Airport,8.1,GYY,airport,0.0,0.0,,0.0,41.5834,-87.5
Santa Cruz de Barahona,Dominican Republic,DO,03,77160,,BRX,Maria Montez International Airport,5.2,BRX,airport,0.0,0.0,,0.0,18.2085,-71.1008
Gary,United States,US,IN,77156,,GYY,Gary/Chicago International Airport,6.1,GYY,airport,0.0,0.0,,0.0,41.5934,-87.3464
Colón,Panama,PA,04,76643,,ONX,Enrique Adolfo Jimenez Airport,3.6,ONX,airport,0.0,0.0,,0.0,9.3545,-79.9001
Tucuruí,Brazil,BR,16,76337,,TUR,Tucuruí Airport,5.1,TUR,airport,0.0,0.0,,0.0,-3.7658,-49.6792
Mbabane,Eswatini,SZ,01,76218,yes,,,,,capital,0.0,0.0,,0.0,-26.3167,31.1333
Maymana,Afghanistan,AF,07,75900,,MMZ,Maymana Zahiraddin Faryabi Airport,2.3,MMZ,airport,0.0,0.0,,0.0,35.9214,64.7836
La Libertad,Ecuador,EC,10,75881,,SNC,General Ulpiano Paez International Airport,8.7,SNC,airport,0.0,0.0,,0.0,-2.233,-80.9104
Peterborough,Canada,CA,08,75877,,YPQ,Peterborough Regional Airport,8.4,YPQ,airport,0.0,0.0,,0.0,44.3001,-78.3162
Pedro Juan Caballero,Paraguay,PY,02,75109,,PMG,Ponta Porã Airport,3.2,PMG,airport,0.0,0.0,,0.0,-22.5472,-55.7333
Béziers,France,FR,76,74081,,BZR,Béziers Vias airport,11.5,BZR,airport,0.0,0.0,,0.0,43.3412,3.214
Kamina,DR Congo,CD,15,73557,,KMN,Kamina City Airport,1.0,KMN,airport,0.0,0.0,,0.0,-8.7351,24.998
Ambikāpur,India,IN,37,72821,,AHA,Maa Mahamaya Airport,14.6,AHA,airport,0.0,0.0,,0.0,23.1189,83.1954
Kotri,Pakistan,PK,05,72672,,HDD,Hyderabad Airport,7.9,HDD,airport,0.0,0.0,,0.0,25.3657,68.3083
Delgado,El Salvador,SV,10,71594,,ILS,Ilopango International Airport,5.8,ILS,airport,0.0,0.0,,0.0,13.7217,-89.1687
Paracatu,Brazil,BR,15,70753,,PYT,Pedro Rabelo de Souza Airport,2.4,PYT,airport,0.0,0.0,,0.0,-17.2222,-46.8747
Sunyani,Ghana,GH,13,70299,,NYI,Sunyani Airport,2.4,NYI,airport,0.0,0.0,,0.0,7.3399,-2.3268
Karakol,Kyrgyzstan,KG,07,70171,,IKG,Karakol International Airport,2.3,IKG,airport,0.0,0.0,,0.0,42.4907,78.3936
Baikonur,Kazakhstan,KZ,08,70000,,BXY,Baikonur Krayniy International Airport,8.3,BXY,airport,0.0,0.0,,0.0,45.6167,63.3167
Paragominas,Brazil,BR,16,69613,,JPE,Nagib Demachki Airport,19.4,JPE,airport,0.0,0.0,,0.0,-2.9667,-47.4833
Cabo San Lucas,Mexico,MX,03,68463,,CSW,Cabo San Lucas International Airport,7.0,CSW,airport,0.0,0.0,,0.0,22.8909,-109.9124
Soio,Angola,AO,16,67491,,SZA,Soyo Airport,0.8,SZA,airport,0.0,0.0,,0.0,-6.1349,12.3689
Ramos Arizpe,Mexico,MX,07,66554,,SLW,Plan de Guadalupe International Airport,1.9,SLW,airport,0.0,0.0,,0.0,25.5393,-100.9474
Jablah,Syria,SY,02,65915,,LTK,Latakia International Airport,4.7,LTK,airport,0.0,0.0,,0.0,35.3621,35.9276
Pato Branco,Brazil,BR,18,65754,,PTO,Juvenal Loureiro Cardoso Airport,2.7,PTO,airport,0.0,0.0,,0.0,-26.2286,-52.6706
Bhawānipatna,India,IN,21,64468,,UKE,Utkela Airport,21.3,UKE,airport,0.0,0.0,,0.0,19.9072,83.167
Valença,Brazil,BR,05,63231,,VAL,Valença Airport,12.0,VAL,airport,0.0,0.0,,0.0,-13.3703,-39.0731
Limón,Costa Rica,CR,06,63081,,LIO,Limón International Airport,4.0,LIO,airport,0.0,0.0,,0.0,9.9907,-83.036
San José de Guanipa,Venezuela,VE,02,62128,,SOM,San Tomé Airport,6.6,SOM,airport,0.0,0.0,,0.0,8.8872,-64.1651
Tan-Tan,Morocco,MA,10,61924,,TTA,Tan Tan Airport,5.8,TTA,airport,0.0,0.0,,0.0,28.438,-11.1032
Langzhong,China,CN,32,60542,,LZG,Langzhong Gucheng Airport,6.6,LZG,airport,0.0,0.0,,0.0,31.5504,105.9938
Trinidad,Cuba,CU,14,60206,,TND,Alberto Delgado Airport,2.0,TND,airport,0.0,0.0,,0.0,21.8022,-79.9847
Lappeenranta,Finland,FI,09,59276,,LPP,Lappeenranta Airport,2.8,LPP,airport,0.0,0.0,,0.0,61.0587,28.1887
Kotlas,Russia,RU,06,59180,,KSZ,Kotlas Airport,3.5,KSZ,airport,0.0,0.0,,0.0,61.2574,46.6496
Santa Rosa,Brazil,BR,23,58957,,SRA,Luis Alberto Lehr Airport,5.5,SRA,airport,0.0,0.0,,0.0,-27.8708,-54.4814
Comayagua,Honduras,HN,04,58784,,XPL,Palmerola International Airport,7.9,XPL,airport,0.0,0.0,,0.0,14.4514,-87.6375
Rundu,Namibia,NA,40,58172,,NDU,Rundu Airport,5.6,NDU,airport,0.0,0.0,,0.0,-17.9333,19.7667
Francisco Beltrão,Brazil,BR,18,57618,,FBE,Paulo Abdala Airport,2.6,FBE,airport,0.0,0.0,,0.0,-26.0811,-53.055
Minbu,Myanmar,MM,15,57342,,MWQ,Magway Airport,7.0,MWQ,airport,0.0,0.0,,0.0,20.1806,94.876
Soroti,Uganda,UG,E,56400,,SRT,Soroti Airport,1.9,SRT,airport,0.0,0.0,,0.0,1.7146,33.6111
Ponta Porã,Brazil,BR,11,55763,,PMG,Ponta Porã Airport,2.8,PMG,airport,0.0,0.0,,0.0,-22.5361,-55.7256
Kampung Bukit Baharu,Malaysia,MY,04,55656,,MKZ,Malacca International Airport,6.7,MKZ,airport,0.0,0.0,,0.0,2.2152,102.2851
Arua,Uganda,UG,N,55585,,RUA,Arua Airport,3.2,RUA,airport,0.0,0.0,,0.0,3.0201,30.911
Beledweyne,Somalia,SO,07,55410,,BLW,Beledweyne Airport,5.2,BLW,airport,0.0,0.0,,0.0,4.7358,45.2036
San Marcos,El Salvador,SV,10,54615,,ILS,Ilopango International Airport,8.0,ILS,airport,0.0,0.0,,0.0,13.6611,-89.1825
Fnidek,Morocco,MA,01,53559,,JCU,Ceuta Heliport,6.7,JCU,airport,0.0,0.0,,0.0,35.8491,-5.3575
Ajodhya,India,IN,36,53293,,AYJ,Maharshi Valmiki International Airport,7.0,AYJ,airport,0.0,0.0,,0.0,26.7991,82.2047
Asenovgrad,Bulgaria,BG,51,52170,,PDV,Plovdiv International Airport,5.8,PDV,airport,0.0,0.0,,0.0,42.0167,24.8667
Latacunga,Ecuador,EC,07,51717,,LTX,Cotopaxi International Airport,3.2,LTX,airport,0.0,0.0,,0.0,-0.9352,-78.6155
Emden,Germany,DE,06,51526,,EME,Emden Airport,2.9,EME,airport,0.0,0.0,,0.0,53.3674,7.2078
Châlons-en-Champagne,France,FR,44,51257,,XCR,Chalons Vatry airport,23.3,XCR,airport,0.0,0.0,,0.0,48.9539,4.3672
Saint-Malo,France,FR,53,50676,,DNR,Dinard Pleurtuit Saint-Malo airport,8.4,DNR,airport,0.0,0.0,,0.0,48.6472,-2.0088
Gbadolite,DR Congo,CD,26,50493,,BDT,Gbadolite Airport,4.2,BDT,airport,0.0,0.0,,0.0,4.279,21.0028
Inda Silasē,Ethiopia,ET,53,50078,,SHC,Shire Inda Selassie Airport,3.2,SHC,airport,0.0,0.0,,0.0,14.1031,38.2829
Carcassonne,France,FR,76,49600,,CCF,Carcassonne Salvaza Airport,3.7,CCF,airport,0.0,0.0,,0.0,43.2135,2.3516
Annecy,France,FR,84,49232,,NCY,Annecy Meythet airport,3.1,NCY,airport,0.0,0.0,,0.0,45.9088,6.1257
Gampengrejo,Indonesia,ID,08,49118,,DHX,Dhoho International Airport,7.9,DHX,airport,0.0,0.0,,0.0,-7.7667,112.0167
Qiryat Ata,Israel,IL,04,48966,,HFA,Uri Michaeli Haifa International Airport,6.5,HFA,airport,0.0,0.0,,0.0,32.8115,35.1132
União da Vitória,Brazil,BR,18,48741,,UVI,José Cleto Airport,2.0,UVI,airport,0.0,0.0,,0.0,-26.23,-51.0864
Trollhättan,Sweden,SE,28,48573,,THN,Trollhättan-Vänersborg Airport,5.1,THN,airport,0.0,0.0,,0.0,58.2837,12.2886
Baracoa,Cuba,CU,10,48362,,BCA,Gustavo Rizo Airport,2.3,BCA,airport,0.0,0.0,,0.0,20.3471,-74.4962
Colonia del Sol,Mexico,MX,03,48032,,CSW,Cabo San Lucas International Airport,4.3,CSW,airport,0.0,0.0,,0.0,22.9127,-109.9266
Bhamo,Myanmar,MM,04,47920,,BMO,Banmaw Airport,2.4,BMO,airport,0.0,0.0,,0.0,24.2526,97.2336
Ayr,United Kingdom,GB,SCT,47190,,PIK,Glasgow Prestwick Airport,5.6,PIK,airport,0.0,0.0,,0.0,55.4627,-4.6339
Al Jubayhah,Jordan,JO,16,46834,,ADJ,Marka International (Amman Civil) Airport,9.8,ADJ,airport,0.0,0.0,,0.0,32.0107,35.898
Singkil,Indonesia,ID,01,46800,,FSH,Syekh Hamzah Fansyuri Airport,20.0,FSH,airport,0.0,0.0,,0.0,2.2874,97.7884
Surin,Thailand,TH,29,46673,,PXR,Surin Airport,1.6,PXR,airport,0.0,0.0,,0.0,14.8818,103.4936
Zvolen,Slovakia,SK,01,44502,,SLD,Sliač Airport,7.2,SLD,airport,0.0,0.0,,0.0,48.5744,19.1532
Bluefields,Nicaragua,NI,18,44373,,BEF,Bluefields Airport,2.8,BEF,airport,0.0,0.0,,0.0,12.0137,-83.7635
Cuscatancingo,El Salvador,SV,10,44369,,ILS,Ilopango International Airport,7.3,ILS,airport,0.0,0.0,,0.0,13.727,-89.1816
Pärnu,Estonia,EE,11,44192,,EPU,Pärnu Airport,3.9,EPU,airport,0.0,0.0,,0.0,58.3859,24.4971
Cajazeiras,Brazil,BR,17,43913,,CJZ,Pedro Vieira Moreira Airport,6.7,CJZ,airport,0.0,0.0,,0.0,-6.8903,-38.5553
Salinas,Ecuador,EC,25,43862,,SNC,General Ulpiano Paez International Airport,3.8,SNC,airport,0.0,0.0,,0.0,-2.2145,-80.9515
Rimouski,Canada,CA,10,42240,,YXK,Rimouski Airport,3.8,YXK,airport,0.0,0.0,,0.0,48.4488,-68.524
Smara,Morocco,MA,11,42056,,SMW,Smara Airport,1.4,SMW,airport,0.0,0.0,,0.0,26.7384,-11.6719
Yurimaguas,Peru,PE,16,41827,,YMS,Moises Benzaquen Rengifo Airport,1.0,YMS,airport,0.0,0.0,,0.0,-5.9018,-76.1223
Axum,Ethiopia,ET,53,41249,,AXU,Axum Airport,6.0,AXU,airport,0.0,0.0,,0.0,14.1211,38.7234
Gitega,Burundi,BI,13,41000,yes,GID,Gitega Airport,1.8,GID,capital+airport,0.0,0.0,,0.0,-3.4271,29.9246
Salinópolis,Brazil,BR,16,40998,,OPP,Salinópolis Airport,9.4,OPP,airport,0.0,0.0,,0.0,-0.6136,-47.3561
Inongo,DR Congo,CD,24,40113,,INO,Inongo Airport,2.2,INO,airport,0.0,0.0,,0.0,-1.9275,18.2881
Lumut,Malaysia,MY,07,39595,,PKG,Pulau Pangkor Airport,8.6,PKG,airport,0.0,0.0,,0.0,4.2323,100.6298
Qiryat Moẕqin,Israel,IL,04,39404,,HFA,Uri Michaeli Haifa International Airport,4.4,HFA,airport,0.0,0.0,,0.0,32.8371,35.0776
Qiryat Yam,Israel,IL,04,39273,,HFA,Uri Michaeli Haifa International Airport,5.0,HFA,airport,0.0,0.0,,0.0,32.8497,35.0697
Boucherville,Canada,CA,10,39062,,YHU,Montréal / Saint-Hubert Metropolitan Airport,8.3,YHU,airport,0.0,0.0,,0.0,45.591,-73.436
Ilopango,El Salvador,SV,10,38890,,ILS,Ilopango International Airport,1.2,ILS,airport,0.0,0.0,,0.0,13.7017,-89.1094
Klebang Besar,Malaysia,MY,04,38643,,MKZ,Malacca International Airport,7.9,MKZ,airport,0.0,0.0,,0.0,2.2186,102.1995
Portimão,Portugal,PT,09,38487,,PRM,Portimão Airport,4.3,PRM,airport,0.0,0.0,,0.0,37.1386,-8.5378
Kampung Ayer Keroh,Malaysia,MY,04,37716,,MKZ,Malacca International Airport,3.0,MKZ,airport,0.0,0.0,,0.0,2.2654,102.2801
Calumet City,United States,US,IL,37031,,GYY,Gary/Chicago International Airport,9.7,GYY,airport,0.0,0.0,,0.0,41.6156,-87.5295
Bentota,Sri Lanka,LK,34,37000,,BJT,Bentota River Waterdrome,0.6,BJT,airport,0.0,0.0,,0.0,6.426,79.9958
Sunan,North Korea,KP,12,36671,,FNJ,Pyongyang Sunan International Airport,3.3,FNJ,airport,0.0,0.0,,0.0,39.1983,125.69
Retalhuleu,Guatemala,GT,15,36656,,RER,Retalhuleu Airport,2.6,RER,airport,0.0,0.0,,0.0,14.5361,-91.6778
Qiryat Bialik,Israel,IL,04,36551,,HFA,Uri Michaeli Haifa International Airport,4.4,HFA,airport,0.0,0.0,,0.0,32.8275,35.0858
Cascais,Portugal,PT,14,36436,,CAT,Cascais Airport,6.5,CAT,airport,0.0,0.0,,0.0,38.6968,-9.4215
San Martín Azcatepec,Mexico,MX,15,35390,,NLU,Felipe Ángeles International Airport,7.7,NLU,airport,0.0,0.0,,0.0,19.6867,-98.9728
Bragança,Portugal,PT,05,34375,,BGC,Bragança Airport,7.1,BGC,airport,0.0,0.0,,0.0,41.8058,-6.7572
Beruwala,Sri Lanka,LK,36,34250,,BJT,Bentota River Waterdrome,5.5,BJT,airport,0.0,0.0,,0.0,6.4788,79.9828
Puerto Cabezas,Nicaragua,NI,17,33635,,PUZ,Puerto Cabezas Airport,1.4,PUZ,airport,0.0,0.0,,0.0,14.0351,-83.3888
Canela,Brazil,BR,23,33528,,CEL,Canela Airport,2.3,CEL,airport,0.0,0.0,,0.0,-29.3562,-50.8136
Velikiy Ustyug,Russia,RU,85,32642,,VUS,Velikiy Ustyug Airport,4.1,VUS,airport,0.0,0.0,,0.0,60.7619,46.3135
Menongue,Angola,AO,04,32203,,SPP,Menongue Airport,3.1,SPP,airport,0.0,0.0,,0.0,-14.6585,17.691
Boende,DR Congo,CD,31,32091,,BNB,Boende Airport,0.7,BNB,airport,0.0,0.0,,0.0,-0.2816,20.8805
Oyem,Gabon,GA,09,30870,,OYE,Oyem Airport,6.3,OYE,airport,0.0,0.0,,0.0,1.5995,11.5793
Khovd,Mongolia,MN,12,30500,,HVD,Khovd Airport,5.8,HVD,airport,0.0,0.0,,0.0,48.0056,91.6419
Santa Elena de Uairén,Venezuela,VE,06,29795,,SNV,Santa Elena de Uairén Airport,6.6,SNV,airport,0.0,0.0,,0.0,4.6023,-61.1103
Menton,France,FR,93,29649,,MCM,Monaco Heliport,8.8,MCM,airport,0.0,0.0,,0.0,43.7765,7.5043
Cativá,Panama,PA,04,29607,,ONX,Enrique Adolfo Jimenez Airport,3.9,ONX,airport,0.0,0.0,,0.0,9.3622,-79.8323
Pontes e Lacerda,Brazil,BR,14,29381,,LCB,André Antônio Maggi Airport,6.4,LCB,airport,0.0,0.0,,0.0,-15.2261,-59.3353
Sainte-Julie,Canada,CA,10,29019,,YHU,Montréal / Saint-Hubert Metropolitan Airport,9.8,YHU,airport,0.0,0.0,,0.0,45.5834,-73.3325
Porto União,Brazil,BR,26,28907,,UVI,José Cleto Airport,1.3,UVI,airport,0.0,0.0,,0.0,-26.2381,-51.0783
East Chicago,United States,US,IN,28699,,GYY,Gary/Chicago International Airport,4.2,GYY,airport,0.0,0.0,,0.0,41.6392,-87.4548
Ölgii,Mongolia,MN,03,28400,,ULG,Ölgii Mongolei International Airport,4.0,ULG,airport,0.0,0.0,,0.0,48.9683,89.9625
Ulaangom,Mongolia,MN,19,28085,,ULO,Ulaangom Airport,13.2,ULO,airport,0.0,0.0,,0.0,49.9811,92.0667
Murun-kuren,Mongolia,MN,13,27690,,MXV,Mörön Airport,5.6,MXV,airport,0.0,0.0,,0.0,49.6342,100.1625
Mananjary,Madagascar,MG,23,27686,,MNJ,Mananjary Airport,3.6,MNJ,airport,0.0,0.0,,0.0,-21.2303,48.3417
Nowy Dwór Mazowiecki,Poland,PL,78,27633,,WMI,Warsaw Modlin Airport,5.0,WMI,airport,0.0,0.0,,0.0,52.4302,20.7165
Savonlinna,Finland,FI,10,27353,,SVL,Savonlinna Airport,8.8,SVL,airport,0.0,0.0,,0.0,61.8699,28.88
Zomin Shaharchasi,Uzbekistan,UZ,15,27077,,OMN,Zomin Airport,6.1,OMN,airport,0.0,0.0,,0.0,39.9606,68.3958
Pucón,Chile,CL,04,26953,,ZPC,Pucón Airport,3.5,ZPC,airport,0.0,0.0,,0.0,-39.2822,-71.9543
Dembī Dolo,Ethiopia,ET,51,26748,,DEM,Dembidollo Airport,6.8,DEM,airport,0.0,0.0,,0.0,8.5333,34.8
Viseu,Portugal,PT,22,26364,,VSE,Aerodromo Goncalves Lobato (Viseu Airport),7.4,VSE,airport,0.0,0.0,,0.0,40.661,-7.9097
Bayanhongor,Mongolia,MN,02,26252,,BYN,Bayankhongor Airport,3.6,BYN,airport,0.0,0.0,,0.0,46.1944,100.7181
Cantel,Guatemala,GT,13,26063,,AAZ,Quezaltenango Airport,7.8,AAZ,airport,0.0,0.0,,0.0,14.8115,-91.4554
Arvayheer,Mongolia,MN,15,25622,,AVK,Arvaikheer Airport,2.6,AVK,airport,0.0,0.0,,0.0,46.2639,102.775
Kariba,Zimbabwe,ZW,05,25531,,KAB,Kariba Airport,9.1,KAB,airport,0.0,0.0,,0.0,-16.5167,28.8
Ayutuxtepeque,El Salvador,SV,10,25426,,ILS,Ilopango International Airport,9.7,ILS,airport,0.0,0.0,,0.0,13.7354,-89.2022
Norden,Germany,DE,06,25093,,NOD,Norden-Norddeich Airport,4.3,BMR+EME+JUI+NOD+NRD,airport,0.0,0.0,,0.0,53.5955,7.2064
Batu Berendam,Malaysia,MY,04,25028,,MKZ,Malacca International Airport,2.0,MKZ,airport,0.0,0.0,,0.0,2.2487,102.246
Saint-Bruno-de-Montarville,Canada,CA,10,24388,,YHU,Montréal / Saint-Hubert Metropolitan Airport,5.6,YHU,airport,0.0,0.0,,0.0,45.5334,-73.3492
Ghat,Libya,LY,71,24347,,GHT,Ghat Airport,20.6,GHT,airport,0.0,0.0,,0.0,24.9633,10.18
Saint-Laurent-du-Maroni,French Guiana,GF,GF,24287,,LDX,Saint-Laurent-du-Maroni Airport,2.3,LDX,airport,0.0,0.0,,0.0,5.5015,-54.0292
Mbanza Kongo,Angola,AO,16,24220,,SSY,Mbanza Congo Airport,0.8,SSY,airport,0.0,0.0,,0.0,-6.267,14.2401
Codlea,Romania,RO,09,24188,,GHV,Brașov-Ghimbav International Airport,5.7,GHV,airport,0.0,0.0,,0.0,45.7,25.45
Tippi,Ethiopia,ET,54,24169,,TIE,Tippi Airport,3.9,TIE,airport,0.0,0.0,,0.0,7.2,35.45
Macas,Ecuador,EC,15,23687,,XMS,Coronel E Carvajal Airport,1.5,XMS,airport,0.0,0.0,,0.0,-2.3087,-78.1114
Nazca,Peru,PE,11,23556,,NZC,Maria Reiche Neuman Airport,3.5,NZC,airport,0.0,0.0,,0.0,-14.831,-74.939
Dipayal,Nepal,NP,7,23416,,SIH,Silgadi Doti Airport,0.4,SIH,airport,0.0,0.0,,0.0,29.2608,80.94
Vänersborg,Sweden,SE,28,23119,,THN,Trollhättan-Vänersborg Airport,7.1,THN,airport,0.0,0.0,,0.0,58.3807,12.3234
Agde,France,FR,76,23001,,BZR,Béziers Vias airport,10.0,BZR,airport,0.0,0.0,,0.0,43.3108,3.4758
Forquilhinha,Brazil,BR,26,22998,,CCM,Forquilhinha - Criciúma  Airport,5.2,CCM,airport,0.0,0.0,,0.0,-28.7475,-49.4722
Highland,United States,US,IN,22936,,GYY,Gary/Chicago International Airport,7.8,GYY,airport,0.0,0.0,,0.0,41.5536,-87.452
Reyes Acozac,Mexico,MX,17,21910,,NLU,Felipe Ángeles International Airport,5.0,NLU,airport,0.0,0.0,,0.0,19.7755,-98.9808
Suai,Timor-Leste,TL,CO,21539,,UAI,"Commander in Chief of FALINTIL, Kay Rala Xanana Gusmão, International Airport",3.5,UAI,airport,0.0,0.0,,0.0,-9.3129,125.2565
Annecy-le-Vieux,France,FR,84,21521,,NCY,Annecy Meythet airport,3.6,NCY,airport,0.0,0.0,,0.0,45.9197,6.1439
Nesher,Israel,IL,04,21245,,HFA,Uri Michaeli Haifa International Airport,4.9,HFA,airport,0.0,0.0,,0.0,32.7662,35.0442
Andorra la Vella,Andorra,AD,07,20430,yes,LEU,Pirineus - la Seu d'Urgel Airport,20.9,LEU,capital,0.0,0.0,,0.0,42.5078,1.5211
Roseau,Dominica,DM,04,16571,yes,DCF,Canefield Airport,3.9,DCF,capital,0.0,0.0,,0.0,15.3017,-61.3881
Belmopan,Belize,BZ,02,13381,yes,,,,,capital,0.0,0.0,,0.0,17.25,-88.7667
Tórshavn,Faroe Islands,FO,ST,13200,yes,,,,,capital,0.0,0.0,,0.0,62.0097,-6.7716
Basse-Terre,Guadeloupe,GP,GP,11472,yes,BBR,Basse-Terre Baillif Airport,2.2,BBR,capital,0.0,0.0,,0.0,15.9971,-61.7321
Vaduz,Liechtenstein,LI,11,5197,yes,,,,,capital,0.0,0.0,,0.0,47.1415,9.5215
Lobamba,Eswatini,SZ,01,4557,yes,,,,,capital,0.0,0.0,,0.0,-26.4667,31.2
Iron River,United States,US,MI,2904,yes,,,,,capital,0.0,0.0,,0.0,46.0927,-88.6423
Stanley,Falkland Islands (Malvinas),FK,00,2213,yes,PSY,Port Stanley Airport,5.5,PSY,capital,0.0,0.0,,0.0,-51.6938,-57.857
Adamstown,Pitcairn,PN,,46,yes,,,,,capital,0.0,0.0,,0.0,-25.066,-130.1015
Port-aux-Français,French Southern Territories,TF,03,45,yes,,,,,capital,0.0,0.0,,0.0,-49.3492,70.2194
Grytviken,South Georgia and the South Sandwich Islands,GS,00,2,yes,,,,,capital,0.0,0.0,,0.0,-54.2811,-36.5092
Chasse Royale,Belgium,BE,WAL,0,yes,,,,,capital,0.0,0.0,,0.0,50.4284,3.95
Cambebba,Brazil,BR,06,0,yes,,,,,capital,0.0,0.0,,0.0,-3.6209,-38.8291
Burg Unter-Falkenstein,Germany,DE,02,0,yes,,,,,capital,0.0,0.0,,0.0,47.7044,12.1047
Riverlea,South Africa,ZA,06,0,yes,,,,,capital,0.0,0.0,,0.0,-26.2119,27.9732
