slug,city,country,result,link,discovercars_place,airport_listed_on_discovercars,guide_airport,guide_airport_km,note
durres,Durrës,Albania,Link: city page,https://www.discovercars.com/albania/durres,"Durres, Albania","Tirana Airport (TIA), Tirana, Albania",Tirana International Airport Nënë Tereza (TIA),30,
tirana,Tirana,Albania,Link: city page,https://www.discovercars.com/albania/tirana,"Tirana, Albania","Tirana Airport (TIA), Tirana, Albania",Tirana International Airport Nënë Tereza (TIA),11,
algiers,Algiers,Algeria,Link: city page,https://www.discovercars.com/algeria/algiers,"Algiers, Algeria",,Houari Boumediene Airport (ALG),17,
andorra-la-vella,Andorra la Vella,Andorra,Link: city page,https://www.discovercars.com/andorra/andorra-la-vella,"Andorra la Vella, Andorra","Barcelona Airport (BCN), Barcelona, Spain",Barcelona–El Prat Airport (BCN),195,
luanda,Luanda,Angola,Link: city page,https://www.discovercars.com/angola/luanda,"Luanda, Angola",,Dr. António Agostinho Neto International Airport (NBJ),40,
saint-john-s,Saint John's,Antigua and Barbuda,Link: city page,https://www.discovercars.com/antigua-and-barbuda/st-johns,"St. Johns, Antigua and Barbuda","V.C Bird International Airport (ANU), St. Johns, Antigua and Barbuda",V. C. Bird International Airport (ANU),8,
bariloche,Bariloche,Argentina,Link: city page,https://www.discovercars.com/argentina/bariloche,"Bariloche, Argentina","San Carlos de Bariloche Airport (BRC), San Carlos de Bariloche, Argentina",San Carlos de Bariloche Airport,13,"airport matched by name, not code"
buenos-aires,Buenos Aires,Argentina,Link: city page,https://www.discovercars.com/argentina/buenos-aires,"Buenos Aires, Argentina","Buenos Aires Airport Ezeiza (EZE), Buenos Aires, Argentina",Ministro Pistarini International Airport (Ezeiza) (EZE),32,
el-calafate,El Calafate,Argentina,Link: city page,https://www.discovercars.com/argentina/el-calafate,"El Calafate, Argentina","El Calafate Airport (FTE), El Calafate, Argentina",El Calafate Airport,23,"airport matched by name, not code"
el-chalten,El Chaltén,Argentina,Link: city page,https://www.discovercars.com/argentina/el-chalten,"El Chalten, Argentina","El Calafate Airport (FTE), El Calafate, Argentina",El Calafate Airport (nearest gateway),220,"airport matched by name, not code"
mar-del-plata,Mar del Plata,Argentina,Link: city page,https://www.discovercars.com/argentina/mar-del-plata,"Mar del Plata, Argentina",,Mar del Plata Astor Piazzolla Airport,8,
mendoza,Mendoza,Argentina,Link: city page,https://www.discovercars.com/argentina/mendoza,"Mendoza, Argentina","Mendoza Airport (MDZ), Mendoza, Argentina",Governor Francisco Gabrielli International Airport (MDZ / El Plumerillo),8,
puerto-iguazu,Puerto Iguazú,Argentina,Link: city page,https://www.discovercars.com/argentina/puerto-iguazu,"Puerto Iguazú, Argentina",,Cataratas del Iguazú International Airport,18,
puerto-madryn,Puerto Madryn,Argentina,Link: city page,https://www.discovercars.com/argentina/puerto-madryn,"Puerto Madryn, Argentina",,El Tehuelche Airport,7,
salta,Salta,Argentina,Link: city page,https://www.discovercars.com/argentina/salta,"Salta, Argentina",,Martín Miguel de Güemes International Airport (SLA),7,
ushuaia,Ushuaia,Argentina,Link: city page,https://www.discovercars.com/argentina/ushuaia,"Ushuaia, Argentina",,Ushuaia - Malvinas Argentinas International Airport,4,
yerevan,Yerevan,Armenia,Link: city page,https://www.discovercars.com/armenia/yerevan,"Yerevan, Armenia","Yerevan Airport (EVN), Yerevan, Armenia",Zvartnots International Airport (EVN),12,
oranjestad,Oranjestad,Aruba,Link: city page,https://www.discovercars.com/aruba/oranjestad,"Oranjestad, Aruba","Oranjestad Queen Beatrix International Airport (AUA), Oranjestad, Aruba",Queen Beatrix International Airport (AUA),4,
adelaide,Adelaide,Australia,Link: city page,https://www.discovercars.com/australia/adelaide,"Adelaide, Australia","Adelaide Airport (ADL), Adelaide, Australia",Adelaide Airport (ADL),7,
alice-springs,Alice Springs,Australia,Link: city page,https://www.discovercars.com/australia/alice-springs,"Alice Springs, Australia","Alice Springs Airport (ASP), Alice Springs, Australia",Alice Springs Airport (ASP),14,
brisbane,Brisbane,Australia,Link: city page,https://www.discovercars.com/australia/brisbane,"Brisbane, Australia","Brisbane Airport (BNE), Brisbane, Australia",Brisbane (BNE),15,
cairns,Cairns,Australia,Link: city page,https://www.discovercars.com/australia/cairns,"Cairns, Australia","Cairns Airport (CNS), Cairns, Australia",Cairns Airport (CNS),7,
darwin,Darwin,Australia,Link: city page,https://www.discovercars.com/australia/darwin,"Darwin, Australia","Darwin Airport (DRW), Darwin, Australia",Darwin International Airport (DRW),8,
gold-coast,Gold Coast,Australia,Link: city page,https://www.discovercars.com/australia/gold-coast,"Gold Coast, Australia","Gold Coast Airport (OOL), Gold Coast, Australia",Gold Coast Airport (OOL),22,
hobart,Hobart,Australia,Link: city page,https://www.discovercars.com/australia/hobart,"Hobart, Australia","Hobart Airport (HBA), Hobart, Australia",Hobart Airport (HBA),17,
melbourne,Melbourne,Australia,Link: city page,https://www.discovercars.com/australia/melbourne,"Melbourne, Australia","Melbourne Airport (MEL), Melbourne, Australia",Melbourne Airport (Tullamarine) (MEL),23,
perth,Perth,Australia,Link: city page,https://www.discovercars.com/australia/perth,"Perth, Australia","Perth Airport (PER), Perth, Australia",Perth (PER),12,
sydney,Sydney,Australia,Link: city page,https://www.discovercars.com/australia/sydney,"Sydney, Australia","Sydney Airport (SYD), Sydney, Australia",Sydney (SYD),10,
innsbruck,Innsbruck,Austria,Link: city page,https://www.discovercars.com/austria/innsbruck,"Innsbruck, Austria","Innsbruck Airport (INN), Innsbruck, Austria",Innsbruck Airport (INN),4,
salzburg,Salzburg,Austria,Link: city page,https://www.discovercars.com/austria/salzburg,"Salzburg, Austria","Salzburg Airport (SZG), Salzburg, Austria",Salzburg Airport W. A. Mozart (SZG),4,
vienna,Vienna,Austria,Link: city page,https://www.discovercars.com/austria/vienna,"Vienna, Austria","Vienna Airport (VIE), Vienna, Austria",Vienna Int'l (VIE),18,
baku,Baku,Azerbaijan,Link: city page,https://www.discovercars.com/azerbaijan/baku,"Baku, Azerbaijan",,Heydar Aliyev International Airport,20,
manama,Manama,Bahrain,Link: city page,https://www.discovercars.com/bahrain/manama,"Manama, Bahrain","Bahrain Airport (BAH), Manama, Bahrain",Bahrain International Airport (BAH),7,
bridgetown,Bridgetown,Barbados,Link: city page,https://www.discovercars.com/barbados/bridgetown,"Bridgetown, Barbados","Bridgetown Airport (BGI), Bridgetown, Barbados",Grantley Adams International Airport (BGI),11,
antwerp,Antwerp,Belgium,Link: city page,https://www.discovercars.com/belgium/antwerp,"Antwerp, Belgium","Antwerp Airport (ANR), Antwerp, Belgium",Antwerp International Airport (ANR),6,
brussels,Brussels,Belgium,Link: city page,https://www.discovercars.com/belgium/brussels,"Brussels, Belgium","Brussels Airport (BRU), Brussels, Belgium","Brussels Airport, Zaventem (BRU)",12,
gent,Gent,Belgium,Link: city page,https://www.discovercars.com/belgium/gent,"Ghent, Belgium","Brussels Airport (BRU), Brussels, Belgium",Brussels Airport (BRU),65,
belize-city,Belize City,Belize,Link: city page,https://www.discovercars.com/beliz/belize-city,"Belize City, Belize","Belize City Airport (BZE), Belize City, Belize",Philip S. W. Goldson International Airport (BZE),15,
la-paz,La Paz,Bolivia,Link: city page,https://www.discovercars.com/bolivia/la-paz,"La Paz, Bolivia","El Alto International Airport (LPB), La Paz, Bolivia",El Alto International Airport (LPB),9,
sucre,Sucre,Bolivia,Link: city page,https://www.discovercars.com/bolivia/sucre,"Sucre, Bolivia","Sucre Alcantari International Airport (SRE), Sucre, Bolivia",Alcantarí International Airport (SRE),30,
kralendijk,Kralendijk,Bonaire,Link: city page,https://www.discovercars.com/bonaire/kralendijk,"Kralendijk, Bonaire","Bonaire International Airport (BON), Kralendijk, Bonaire",Flamingo International Airport (BON),3,
mostar,Mostar,Bosnia and Herzegovina,Link: city page,https://www.discovercars.com/bosnia-and-herzegovina/mostar,"Mostar, Bosnia and Herzegovina","Mostar Airport (OMO), Mostar, Bosnia and Herzegovina",Mostar International Airport (OMO),6,
sarajevo,Sarajevo,Bosnia and Herzegovina,Link: city page,https://www.discovercars.com/bosnia-and-herzegovina/sarajevo,"Sarajevo, Bosnia and Herzegovina","Sarajevo Airport (SJJ), Sarajevo, Bosnia and Herzegovina",Sarajevo International Airport (SJJ),12,
gaborone,Gaborone,Botswana,Link: city page,https://www.discovercars.com/botswana/gaborone,"Gaborone, Botswana","Gaborone Sir Seretse Khama Airport (GBE), Gaborone, Botswana",Sir Seretse Khama International Airport (GBE),15,
maun,Maun,Botswana,Link: city page,https://www.discovercars.com/botswana/maun,"Maun, Botswana","Maun Airport (MUB), Maun, Botswana",Maun International Airport (MUB),1,
angra-dos-reis,Angra dos Reis,Brazil,Link: city page,https://www.discovercars.com/brazil/angra-dos-reis,"Angra dos Reis, Brazil","Rio de Janeiro Airport Galeao (GIG), Rio de Janeiro, Brazil",Rio de Janeiro–Galeão International Airport (GIG),150,
belo-horizonte,Belo Horizonte,Brazil,Link: city page,https://www.discovercars.com/brazil/belo-horizonte,"Belo Horizonte, Brazil","Confins Airport (CNF), Confins, Brazil",Tancredo Neves/Confins International Airport (CNF),38,
belem,Belém,Brazil,Link: city page,https://www.discovercars.com/brazil/belem,"Belem, Brazil",,Val de Cans–Júlio Cezar Ribeiro International Airport (BEL),8,
brasilia,Brasília,Brazil,Link: city page,https://www.discovercars.com/brazil/brasilia,"Brasilia, Brazil","Brasilia Airport (BSB), Brasilia, Brazil",Brasília International Airport Juscelino Kubitschek (BSB),11,
cabo-frio,Cabo Frio,Brazil,Link: city page,https://www.discovercars.com/brazil/cabo-frio,"Cabo Frio, Brazil","Cabo Frio Airport (CFB), Cabo Frio, Brazil",Cabo Frio International Airport (CFB),4,
cuiaba,Cuiabá,Brazil,Link: city page,https://www.discovercars.com/brazil/cuiaba,"Cuiaba, Brazil",,Marechal Rondon International Airport,8,
florianopolis,Florianópolis,Brazil,Link: city page,https://www.discovercars.com/brazil/florianopolis,"Florianopolis, Brazil","Florianopolis Airport (FLN), Florianopolis, Brazil",Hercílio Luz International Airport (FLN),12,
fortaleza,Fortaleza,Brazil,Link: city page,https://www.discovercars.com/brazil/fortaleza,"Fortaleza, Brazil",,Pinto Martins–Fortaleza International Airport (FOR),6,
foz-do-iguacu,Foz do Iguaçu,Brazil,Link: city page,https://www.discovercars.com/brazil/foz-do-iguacu,"Foz do Iguacu, Brazil","Foz do Iguacu Airport (IGU), Foz do Iguacu, Brazil",Foz do Iguaçu/Cataratas International Airport (IGU),13,
guaruja,Guarujá,Brazil,Link: city page,https://www.discovercars.com/brazil/guaruja,"Guaruja, Brazil","Guarulhos Airport (GRU), Guarulhos, Brazil",São Paulo/Guarulhos Intl (GRU) or São Paulo/Congonhas (CGH),90,
joao-pessoa,João Pessoa,Brazil,Link: city page,https://www.discovercars.com/brazil/joao-pessoa,"Joao Pessoa, Brazil","Joao Pessoa Airport (JPA), Joao Pessoa, Brazil",Presidente Castro Pinto International Airport (JPA),11,
maceio,Maceió,Brazil,Link: city page,https://www.discovercars.com/brazil/maceio,"Maceio, Brazil","Maceio Airport (MCZ), Maceio, Brazil",Zumbi dos Palmares International Airport (MCZ),20,
manaus,Manaus,Brazil,Link: city page,https://www.discovercars.com/brazil/manaus,"Manaus, Brazil","Manaus Airport (MAO), Manaus, Brazil",Eduardo Gomes International Airport (MAO),14,
natal,Natal,Brazil,Link: city page,https://www.discovercars.com/brazil/natal,"Natal, Brazil",,Governador Aluízio Alves International Airport (NAT),30,
petropolis,Petrópolis,Brazil,Link: city page,https://www.discovercars.com/brazil/petropolis,"Petropolis, Brazil","Rio de Janeiro Airport Galeao (GIG), Rio de Janeiro, Brazil",Rio de Janeiro–Galeão International Airport (GIG),65,
porto-seguro,Porto Seguro,Brazil,Link: city page,https://www.discovercars.com/brazil/porto-seguro,"Porto Seguro, Brazil","Porto Seguro Airport (BPS), Porto Seguro, Brazil",Porto Seguro Airport (BPS),2,
recife,Recife,Brazil,Link: city page,https://www.discovercars.com/brazil/recife,"Recife, Brazil","Recife Airport (REC), Recife, Brazil",Recife/Guararapes–Gilberto Freyre International Airport (REC),11,
rio-de-janeiro,Rio de Janeiro,Brazil,Link: city page,https://www.discovercars.com/brazil/rio-de-janeiro,"Rio de Janeiro, Brazil","Rio de Janeiro Airport Galeao (GIG), Rio de Janeiro, Brazil",Galeão / Tom Jobim (GIG),20,
salvador,Salvador,Brazil,Link: city page,https://www.discovercars.com/brazil/salvador,"Salvador, Brazil","Salvador Airport (SSA), Salvador, Brazil",Salvador Bahia Airport – Deputado Luís Eduardo Magalhães (SSA),28,
sao-paulo,São Paulo,Brazil,Link: city page,https://www.discovercars.com/brazil/sao-paulo,"Sao Paulo, Brazil","Guarulhos Airport (GRU), Guarulhos, Brazil",Sao Paulo/Guarulhos International Airport (GRU),25,
plovdiv,Plovdiv,Bulgaria,Link: city page,https://www.discovercars.com/bulgaria/plovdiv,"Plovdiv, Bulgaria","Plovdiv Airport (PDV), Plovdiv, Bulgaria",Plovdiv International Airport (PDV),10,
sofia,Sofia,Bulgaria,Link: city page,https://www.discovercars.com/bulgaria/sofia,"Sofia, Bulgaria","Sofia Airport (SOF), Sofia, Bulgaria",Sofia Airport (SOF),10,
varna,Varna,Bulgaria,Link: city page,https://www.discovercars.com/bulgaria/varna,"Varna, Bulgaria","Varna Airport (VAR), Varna, Bulgaria",Varna Airport (VAR),8,
douala,Douala,Cameroon,Link: city page,https://www.discovercars.com/cameroon/douala,"Douala, Cameroon","Douala International Airport (DLA), Douala, Cameroon",Douala International Airport (DLA),10,"airport matched by name, not code"
yaounde,Yaoundé,Cameroon,Link: city page,https://www.discovercars.com/cameroon/yaounde,"Yaounde, Cameroon",,Yaoundé Nsimalen International Airport (NSI),25,
banff,Banff,Canada,Link: city page,https://www.discovercars.com/canada/banff,"Banff, Canada",,Calgary International Airport,130,
calgary,Calgary,Canada,Link: city page,https://www.discovercars.com/canada/calgary,"Calgary, Canada","Calgary Airport (YYC), Calgary, Canada",Calgary International Airport (YYC),17,
charlottetown,Charlottetown,Canada,Link: city page,https://www.discovercars.com/canada/charlottetown,"Charlottetown, Canada","Charlottetown Airport (YYG), Charlottetown, Canada",Charlottetown Airport,5,"airport matched by name, not code"
edmonton,Edmonton,Canada,Link: city page,https://www.discovercars.com/canada/edmonton,"Edmonton, Canada","Edmonton Airport (YEG), Edmonton, Canada",Edmonton International Airport (YEG),26,
halifax,Halifax,Canada,Link: city page,https://www.discovercars.com/canada/halifax,"Halifax, Canada","Halifax Airport (YHZ), Halifax, Canada",Halifax Stanfield International Airport (YHZ),35,
jasper,Jasper,Canada,Link: city page,https://www.discovercars.com/canada/jasper,"Jasper, Canada",,Edmonton International Airport,360,
kelowna,Kelowna,Canada,Link: city page,https://www.discovercars.com/canada/kelowna,"Kelowna, Canada","Kelowna Airport (YLW), Kelowna, Canada",Kelowna International Airport (YLW),12,
montreal,Montreal,Canada,Link: city page,https://www.discovercars.com/canada/montreal,"Montreal, Canada","Montreal Airport (YUL), Montreal, Canada",Montréal-Trudeau International Airport (YUL),20,
niagara-falls,Niagara Falls,Canada,Link: city page,https://www.discovercars.com/canada/niagara-falls,"Niagara Falls, Canada","Toronto Airport (YYZ), Toronto, Canada",Toronto Pearson International (YYZ),130,
ottawa,Ottawa,Canada,Link: city page,https://www.discovercars.com/canada/ottawa,"Ottawa, Canada","Ottawa Airport (YOW), Ottawa, Canada",Ottawa Macdonald-Cartier International Airport (YOW),12,
quebec,Québec,Canada,Link: city page,https://www.discovercars.com/canada/quebec,"Quebec City, Canada","Quebec City Airport (YQB), Quebec City, Canada",Québec City Jean Lesage International Airport (YQB),13,
saskatoon,Saskatoon,Canada,Link: city page,https://www.discovercars.com/canada/saskatoon,"Saskatoon, Canada","Saskatoon Airport (YXE), Saskatoon, Canada",Saskatoon John G. Diefenbaker International Airport (YXE),7,
tofino,Tofino,Canada,Link: city page,https://www.discovercars.com/canada/tofino,"Tofino, Canada",,Tofino/Long Beach Airport,10,
toronto,Toronto,Canada,Link: city page,https://www.discovercars.com/canada/toronto,"Toronto, Canada","Toronto Airport (YYZ), Toronto, Canada",Toronto Pearson International (YYZ),28,
vancouver,Vancouver,Canada,Link: city page,https://www.discovercars.com/canada/vancouver,"Vancouver, Canada","Vancouver Airport (YVR), Vancouver, Canada",Vancouver International Airport (YVR),15,
whistler,Whistler,Canada,Link: city page,https://www.discovercars.com/canada/whistler,"Whistler, Canada",,Vancouver International Airport,120,
winnipeg,Winnipeg,Canada,Link: city page,https://www.discovercars.com/canada/winnipeg,"Winnipeg, Canada","Winnipeg Airport (YWG), Winnipeg, Canada",Winnipeg James Armstrong Richardson International Airport (YWG),7,
la-serena,La Serena,Chile,Link: city page,https://www.discovercars.com/chile/la-serena,"La Serena, Chile","La Serena La Florida Airport (LSC), La Serena, Chile",La Florida Airport (LSC),6,
puerto-natales,Puerto Natales,Chile,Link: city page,https://www.discovercars.com/chile/puerto-natales,"Puerto Natales, Chile","Teniente Julio Gallardo Airport (PNT), Puerto Natales, Chile",Teniente Julio Gallardo Airport (PNT),7,
punta-arenas,Punta Arenas,Chile,Link: city page,https://www.discovercars.com/chile/punta-arenas,"Punta Arenas, Chile","Punta Arenas Airport (PUQ), Punta Arenas, Chile",Presidente Carlos Ibáñez del Campo International Airport (PUQ),20,
san-pedro-de-atacama,San Pedro de Atacama,Chile,Link: city page,https://www.discovercars.com/chile/san-pedro-de-atacama,"San Pedro de Atacama, Chile",,"El Loa Airport, Calama",100,
santiago,Santiago,Chile,Link: city page,https://www.discovercars.com/chile/santiago,"Santiago, Chile","Santiago International Airport (SCL), Santiago, Chile",Arturo Merino Benitez International Airport (SCL),18,
valparaiso,Valparaíso,Chile,Link: city page,https://www.discovercars.com/chile/valparaiso,"Valparaiso, Chile","Santiago International Airport (SCL), Santiago, Chile","Arturo Merino Benítez International Airport (SCL, Santiago)",115,
vina-del-mar,Viña del Mar,Chile,Link: city page,https://www.discovercars.com/chile/vina-del-mar,"Viña del Mar, Chile","Santiago International Airport (SCL), Santiago, Chile","Comodoro Arturo Merino Benítez International Airport (SCL), Santiago",120,
beijing,Beijing,China,Link: city page,https://www.discovercars.com/china/beijing,"Beijing, China",,Beijing Capital International Airport (PEK),32,
barranquilla,Barranquilla,Colombia,Link: city page,https://www.discovercars.com/colombia/barranquilla,"Barranquilla, Colombia","Barranquilla Airport (BAQ), Barranquilla, Colombia",Ernesto Cortissoz International Airport (BAQ),12,
bogota,Bogotá,Colombia,Link: city page,https://www.discovercars.com/colombia/bogota,"Bogota, Colombia","El Dorado International Airport  (BOG), Bogota, Colombia",El Dorado International Airport (BOG),13,
cali,Cali,Colombia,Link: city page,https://www.discovercars.com/colombia/cali,"Cali, Colombia","Cali Alfonso Bonilla Aragon International Airport (CLO), Cali, Colombia",Alfonso Bonilla Aragón International Airport (CLO),20,
cartagena,Cartagena,Colombia,Link: city page,https://www.discovercars.com/colombia/cartagena,"Cartagena, Colombia","Rafael Núñez Airport, Cartagena (CTG), Cartagena, Colombia",Rafael Núñez International Airport (CTG),3,
medellin,Medellín,Colombia,Link: city page,https://www.discovercars.com/colombia/medellin,"Medellin, Colombia","Medellin Airport (MDE), Medellin, Colombia",José María Córdova International Airport (MDE),28,
santa-marta,Santa Marta,Colombia,Link: city page,https://www.discovercars.com/colombia/santa-marta,"Santa Marta, Colombia","Santa Marta Airport (SMR), Santa Marta, Colombia",Simón Bolívar International Airport (SMR),16,
liberia,Liberia,Costa Rica,Link: city page,https://www.discovercars.com/costa-rica/liberia,"Liberia, Costa Rica","Liberia Airport (LIR), Liberia, Costa Rica",Daniel Oduber Quirós International Airport (LIR) / Guanacaste Airport,12,
san-jose,San José,Costa Rica,Link: city page,https://www.discovercars.com/costa-rica/san-jose,"San Jose, Costa Rica","Juan Santamaria International Airport (San José Airport) (SJO), San Jose, Costa Rica",Juan Santamaría International Airport (SJO),17,
dubrovnik,Dubrovnik,Croatia,Link: city page,https://www.discovercars.com/croatia/dubrovnik,"Dubrovnik, Croatia","Dubrovnik Airport (DBV), Dubrovnik, Croatia",Dubrovnik Airport (DBV),20,
pula,Pula,Croatia,Link: city page,https://www.discovercars.com/croatia/pula,"Pula, Croatia","Pula Airport (PUY), Pula, Croatia",Pula Airport (PUY),6,
split,Split,Croatia,Link: city page,https://www.discovercars.com/croatia/split,"Split, Croatia","Split Airport (SPU), Split, Croatia",Split Airport (SPU),25,
zadar,Zadar,Croatia,Link: city page,https://www.discovercars.com/croatia/zadar,"Zadar, Croatia","Zadar Airport (ZAD), Zadar, Croatia",Zadar Airport (ZAD),9,
zagreb,Zagreb,Croatia,Link: city page,https://www.discovercars.com/croatia/zagreb,"Zagreb, Croatia","Zagreb Airport (ZAG), Zagreb, Croatia",Franjo Tudjman Airport Zagreb (ZAG),17,
willemstad,Willemstad,Curaçao,Link: city page,https://www.discovercars.com/curacao/willemstad,"Willemstad, Curaçao","Willemstad Curaçao Hato International Airport (CUR), Willemstad, Curaçao",Curaçao International Airport (CUR),12,
nicosia,Nicosia,Cyprus,Link: city page,https://www.discovercars.com/cyprus/nicosia,"Nicosia, Cyprus","Larnaca Airport (LCA), Larnaca, Cyprus",Larnaca International Airport (LCA),41,
paphos,Paphos,Cyprus,Link: city page,https://www.discovercars.com/cyprus/paphos,"Paphos, Cyprus","Paphos Airport (PFO), Paphos, Cyprus",Paphos International Airport (PFO),15,
brno,Brno,Czechia,Link: city page,https://www.discovercars.com/czech-republic/brno,"Brno, Czech Republic","Brno–Tuřany Airport (BRQ), Brno, Czech Republic",Brno-Tuřany Airport (BRQ),7.5,
karlovy-vary,Karlovy Vary,Czechia,Link: city page,https://www.discovercars.com/czech-republic/karlovy-vary,"Karlovy Vary, Czech Republic","Karlovy Vary Airport (KLV), Karlovy Vary, Czech Republic",Karlovy Vary Airport (KLV),6,
olomouc,Olomouc,Czechia,Link: city page,https://www.discovercars.com/czech-republic/olomouc,"Olomouc, Czech Republic","Brno–Tuřany Airport (BRQ), Brno, Czech Republic",Brno–Tuřany Airport (BRQ),80,
ostrava,Ostrava,Czechia,Link: city page,https://www.discovercars.com/czech-republic/ostrava,"Ostrava, Czech Republic","Ostrava Airport (OSR), Ostrava, Czech Republic",Leoš Janáček Ostrava Airport (OSR),22,
prague,Prague,Czechia,Link: city page,https://www.discovercars.com/czech-republic/prague,"Prague, Czech Republic","Prague Airport (PRG), Prague, Czech Republic",Václav Havel (PRG),17,
abidjan,Abidjan,Côte d'Ivoire,Link: city page,https://www.discovercars.com/ivory-coast/abidjan,"Abidjan, Ivory Coast","Abidjan International Airport (ABJ), Abidjan, Ivory Coast",Félix-Houphouët-Boigny International Airport (ABJ),16,
copenhagen,Copenhagen,Denmark,Link: city page,https://www.discovercars.com/denmark/copenhagen,"Copenhagen, Denmark","Copenhagen Airport (CPH), Copenhagen, Denmark","Copenhagen Airport, Kastrup (CPH)",8,
odense,Odense,Denmark,Link: city page,https://www.discovercars.com/denmark/odense,"Odense, Denmark",,Hans Christian Andersen Airport (ODE),9,
arhus,Århus,Denmark,Link: city page,https://www.discovercars.com/denmark/aarhus,"Aarhus, Denmark","Aarhus Airport (AAR), Aarhus, Denmark","Aarhus Airport (Tirstrup, AAR)",36,
djibouti-city,Djibouti City,Djibouti,Link: city page,https://www.discovercars.com/djibouti/djibouti,"Djibouti, Djibouti","Djibouti Airport (JIB), Djibouti, Djibouti",Djibouti-Ambouli International Airport (JIB),6,
la-romana,La Romana,Dominican Republic,Link: city page,https://www.discovercars.com/dominican-republic/la-romana,"La Romana, Dominican Republic","La Romana Casa De Campo International Airport (LRM), La Romana, Dominican Republic",La Romana International Airport (LRM),8,
puerto-plata,Puerto Plata,Dominican Republic,Link: city page,https://www.discovercars.com/dominican-republic/puerto-plata,"Puerto Plata, Dominican Republic","Puerto Plata Airport (POP), Puerto Plata, Dominican Republic",Gregorio Luperón International Airport (POP),18,
punta-cana,Punta Cana,Dominican Republic,Link: city page,https://www.discovercars.com/dominican-republic/punta-cana,"Punta Cana, Dominican Republic","Punta Cana Airport (PUJ), Punta Cana, Dominican Republic",Punta Cana International Airport (PUJ),20,
santo-domingo,Santo Domingo,Dominican Republic,Link: city page,https://www.discovercars.com/dominican-republic/santo-domingo,"Santo Domingo, Dominican Republic","Las Americas Int. Airport (SDQ), Santo Domingo, Dominican Republic",Las Américas International Airport (SDQ),25,
cuenca,Cuenca,Ecuador,Link: city page,https://www.discovercars.com/ecuador/cuenca,"Cuenca, Ecuador","Mariscal Lamar International Airport (CUE), Cuenca, Ecuador",Mariscal Lamar International Airport (CUE),2,
guayaquil,Guayaquil,Ecuador,Link: city page,https://www.discovercars.com/ecuador/guayaquil,"Guayaquil, Ecuador","Guayaquil Airport (GYE), Guayaquil, Ecuador",José Joaquín de Olmedo International Airport (GYE),5,
quito,Quito,Ecuador,Link: city page,https://www.discovercars.com/ecuador/quito,"Quito, Ecuador","Mariscal Sucre International Airport (UIO), Quito, Ecuador",Mariscal Sucre International Airport (UIO),35,
alexandria,Alexandria,Egypt,Link: city page,https://www.discovercars.com/egypt/alexandria,"Alexandria, Egypt","Alexandria Borg El Arab International Airport (HBE), Alexandria, Egypt",Borg El Arab International Airport (HBE),45,
aswan,Aswan,Egypt,Link: city page,https://www.discovercars.com/egypt/aswan,"Aswan, Egypt","Aswan International Airport (ASW), Aswan, Egypt",Aswan International Airport (ASW),25,
cairo,Cairo,Egypt,Link: city page,https://www.discovercars.com/egypt/cairo,"Cairo, Egypt","Cairo International Airport (CAI), Cairo, Egypt",Cairo International Airport (CAI),21,
luxor,Luxor,Egypt,Link: city page,https://www.discovercars.com/egypt/luxor,"Luxor, Egypt","Luxor International Airport (LXR), Luxor, Egypt",Luxor International Airport (LXR),6,
marsa-alam,Marsa Alam,Egypt,Link: city page,https://www.discovercars.com/egypt/marsa-alam,"Marsa Alam, Egypt","Marsa Alam International Airport (RMF), Marsa Alam, Egypt",Marsa Alam International Airport,50,"airport matched by name, not code"
sharm-el-sheikh,Sharm El Sheikh,Egypt,Link: city page,https://www.discovercars.com/egypt/sharm-el-sheikh,"Sharm El Sheikh, Egypt",,Sharm El Sheikh International Airport,12,"more than one DiscoverCars city with this name in the country: Sharm El Sheikh (all locations), Egypt; Sharm el Sheikh (all locations), Egypt"
san-salvador,San Salvador,El Salvador,Link: city page,https://www.discovercars.com/el-salvador/san-salvador,"San Salvador, El Salvador",,Monseñor Óscar Arnulfo Romero International Airport (SAL),40,
tallinn,Tallinn,Estonia,Link: city page,https://www.discovercars.com/estonia/tallinn,"Tallinn, Estonia","Tallinn Airport (TLL), Tallinn, Estonia",Lennart Meri Tallinn Airport (TLL),5,
mbabane,Mbabane,Eswatini,Link: city page,https://www.discovercars.com/swaziland/mbabane,"Mbabane, Eswatini","King Mswati III International Airport (SHO), Lubombo, Eswatini",King Mswati III International Airport (SHO),70,
torshavn,Tórshavn,Faroe Islands,Link: city page,https://www.discovercars.com/faroe-islands/torshavn,"Torshavn, Faroe Islands","Vagar Airport (FAE), Sorvagur, Faroe Islands",Vágar Airport,48,"airport matched by name, not code"
nadi,Nadi,Fiji,Link: city page,https://www.discovercars.com/fiji/nadi,"Nadi, Fiji","Nadi Airport (NAN), Nadi, Fiji",Nadi International Airport (NAN),8,
helsinki,Helsinki,Finland,Link: city page,https://www.discovercars.com/finland/helsinki,"Helsinki, Finland","Helsinki Airport (HEL), Helsinki, Finland",Helsinki-Vantaa Airport (HEL),20,
rovaniemi,Rovaniemi,Finland,Link: city page,https://www.discovercars.com/finland/rovaniemi,"Rovaniemi, Finland","Rovaniemi Airport (RVN), Rovaniemi, Finland",Rovaniemi Airport (RVN),9,
savonlinna,Savonlinna,Finland,Link: city page,https://www.discovercars.com/finland/savonlinna,"Savonlinna, Finland","Savonlinna Airport (SVL), Savonlinna, Finland",Savonlinna Airport,15,"airport matched by name, not code"
tampere,Tampere,Finland,Link: city page,https://www.discovercars.com/finland/tampere,"Tampere, Finland","Tampere-Pirkkala Airport (TMP), Tampere, Finland",Tampere-Pirkkala Airport (TMP),15,
turku,Turku,Finland,Link: city page,https://www.discovercars.com/finland/turku,"Turku, Finland","Turku Airport (TKU), Turku, Finland",Turku Airport (TKU),8,
mariehamn,Mariehamn,Finland (Åland),Link: city page,https://www.discovercars.com/finland/maarianhamina,"Maarianhamina, Finland","Mariehamn Airport (MHQ), Maarianhamina, Finland",Mariehamn Airport (MHQ),3,
aix-en-provence,Aix-en-Provence,France,Link: city page,https://www.discovercars.com/france/aix-en-provence,"Aix-en-Provence, France","Marseille Provence Airport (MRS), Marseille, France",Marseille Provence Airport (MRS),25,"more than one DiscoverCars city with this name in the country: Aix-en-Provence (all locations), France"
annecy,Annecy,France,Link: city page,https://www.discovercars.com/france/annecy,"Annecy, France","Geneva Airport French sector (GVA), Ferney-Voltaire, France",Geneva Airport (main regional gateway),45,"airport matched by name, not code"
avignon,Avignon,France,Link: city page,https://www.discovercars.com/france/avignon,"Avignon, France","Marseille Provence Airport (MRS), Marseille, France",Marseille Provence Airport (main regional gateway),90,"airport matched by name, not code"
biarritz,Biarritz,France,Link: city page,https://www.discovercars.com/france/biarritz,"Biarritz, France",,Biarritz Pays Basque Airport,3,
bordeaux,Bordeaux,France,Link: city page,https://www.discovercars.com/france/bordeaux,"Bordeaux, France","Bordeaux–Mérignac Airport (BOD), Bordeaux, France",Bordeaux-Mérignac Airport (BOD),12,
carcassonne,Carcassonne,France,Link: city page,https://www.discovercars.com/france/carcassonne,"Carcassonne, France","Carcassonne Airport (CCF), Carcassonne, France",Carcassonne Airport,5,"airport matched by name, not code"
chamonix-mont-blanc,Chamonix-Mont-Blanc,France,Link: city page,https://www.discovercars.com/france/chamonix,"Chamonix, France","Geneva Airport French sector (GVA), Ferney-Voltaire, France",Geneva Airport,88,"airport matched by name, not code"
colmar,Colmar,France,Link: city page,https://www.discovercars.com/france/colmar,"Colmar, France",,Basel-Mulhouse-Freiburg EuroAirport,65,
dijon,Dijon,France,Link: city page,https://www.discovercars.com/france/dijon,"Dijon, France","Paris Charles de Gaulle Airport (CDG), Paris, France",Paris (CDG/Orly) or Lyon–Saint Exupéry (LYS),280,
grenoble,Grenoble,France,Link: city page,https://www.discovercars.com/france/grenoble,"Grenoble, France","Grenoble Alpes–Isère Airport (GNB), Grenoble, France",Grenoble-Alpes-Isère Airport (GNB),40,
lyon,Lyon,France,Link: city page,https://www.discovercars.com/france/lyon,"Lyon, France","Lyon-Saint-Exupéry Airport (LYS), Lyon, France",Lyon-Saint-Exupéry Airport (LYS),25,
marseille,Marseille,France,Link: city page,https://www.discovercars.com/france/marseille,"Marseille, France","Marseille Provence Airport (MRS), Marseille, France",Marseille Provence Airport (MRS),27,
montpellier,Montpellier,France,Link: city page,https://www.discovercars.com/france/montpellier,"Montpellier, France","Montpellier-Méditerranée Airport (MPL), Montpellier, France",Montpellier–Méditerranée Airport (MPL),8,
nantes,Nantes,France,Link: city page,https://www.discovercars.com/france/nantes,"Nantes, France","Nantes Atlantique Airport (NTE), Nantes, France",Nantes Atlantique Airport (NTE),11,"airport matched by name, not code"
nice,Nice,France,Link: city page,https://www.discovercars.com/france/nice,"Nice, France","Nice Airport (NCE), Nice, France",Nice Cote d'Azur Airport (NCE),7,
nimes,Nîmes,France,Link: city page,https://www.discovercars.com/france/nimes,"Nimes, France","Nimes Airport (FNI), Nimes, France",Nîmes–Alès–Camargue–Cévennes Airport (FNI),13,
paris,Paris,France,Link: city page,https://www.discovercars.com/france/paris,"Paris, France","Paris Charles de Gaulle Airport (CDG), Paris, France",Charles de Gaulle (CDG),25,
perpignan,Perpignan,France,Link: city page,https://www.discovercars.com/france/perpignan,"Perpignan, France","Perpignan Airport (PGF), Perpignan, France",Perpignan–Rivesaltes Airport (PGF),6,
reims,Reims,France,Link: city page,https://www.discovercars.com/france/reims,"Reims, France","Paris Charles de Gaulle Airport (CDG), Paris, France",Paris Charles de Gaulle Airport (CDG),130,
rouen,Rouen,France,Link: city page,https://www.discovercars.com/france/rouen,"Rouen, France","Rouen Airport (URO), Rouen, France",Rouen Airport (URO),8,"airport matched by name, not code"
saint-tropez,Saint-Tropez,France,Link: city page,https://www.discovercars.com/france/saint-tropez,"Saint-Tropez, France",,Nice Cote d'Azur Airport,100,
strasbourg,Strasbourg,France,Link: city page,https://www.discovercars.com/france/strasbourg,"Strasbourg, France","Strasbourg Airport (SXB), Strasbourg, France","Strasbourg Airport (Entzheim, SXB)",12,
toulon,Toulon,France,Link: city page,https://www.discovercars.com/france/toulon,"Toulon, France","Toulon-Hyères Airport (TLN), Toulon, France",Toulon-Hyères Airport (TLN),20,
toulouse,Toulouse,France,Link: city page,https://www.discovercars.com/france/toulouse,"Toulouse, France","Toulouse-Blagnac Airport (TLS), Toulouse, France",Toulouse–Blagnac Airport (TLS),8,
tours,Tours,France,Link: city page,https://www.discovercars.com/france/tours,"Tours, France","Tours Airport (TUF), Tours, France",Tours Val de Loire Airport (TUF),6,
cayenne,Cayenne,French Guiana,Link: city page,https://www.discovercars.com/french-guyana/cayenne,"Cayenne, French Guiana","Cayenne-Rochambeau Airport (CAY), Matoury, French Guiana",Cayenne – Félix Éboué Airport (CAY),13,
libreville,Libreville,Gabon,Link: city page,https://www.discovercars.com/gabon/libreville,"Libreville, Gabon","Libreville International Airport (LBV), Libreville, Gabon",Léon-Mba International Airport (LBV),11,
banjul,Banjul,Gambia,Link: city page,https://www.discovercars.com/gambia/banjul,"Banjul, Gambia",,Banjul International Airport (BJL),24,
batumi,Batumi,Georgia,Link: city page,https://www.discovercars.com/georgia/batumi,"Batumi, Georgia","Batumi International Airport (BUS), Batumi, Georgia",Batumi International Airport (BUS),2,
tbilisi,Tbilisi,Georgia,Link: city page,https://www.discovercars.com/georgia/tbilisi,"Tbilisi, Georgia","Tbilisi International Airport (TBS), Tbilisi, Georgia",Tbilisi International Airport (TBS),17,
aachen,Aachen,Germany,Link: city page,https://www.discovercars.com/germany/aachen,"Aachen, Germany","Cologne Bonn Airport (CGN), Cologne, Germany",Cologne Bonn Airport (CGN),60,
baden-baden,Baden-Baden,Germany,Link: city page,https://www.discovercars.com/germany/baden-baden,"Baden-Baden, Germany",,Baden-Baden Karlsruhe Airport,10,
bamberg,Bamberg,Germany,Link: city page,https://www.discovercars.com/germany/bamberg,"Bamberg, Germany","Nuremberg Airport (NUE), Nuremberg, Germany",Nuremberg Airport,60,"airport matched by name, not code"
berlin,Berlin,Germany,Link: city page,https://www.discovercars.com/germany/berlin,"Berlin, Germany","Berlin Brandenburg Airport (BER), Berlin, Germany",Berlin Brandenburg (BER),28,
bonn,Bonn,Germany,Link: city page,https://www.discovercars.com/germany/bonn,"Bonn, Germany","Cologne Bonn Airport (CGN), Cologne, Germany",Cologne Bonn Airport (CGN),25,
bremen,Bremen,Germany,Link: city page,https://www.discovercars.com/germany/bremen,"Bremen, Germany","Bremen Airport (BRE), Bremen, Germany",Bremen Airport Hans Koschnick (BRE),3.5,
cologne,Cologne,Germany,Link: city page,https://www.discovercars.com/germany/cologne,"Cologne, Germany","Cologne Bonn Airport (CGN), Cologne, Germany",Cologne Bonn Airport (CGN),15,
dresden,Dresden,Germany,Link: city page,https://www.discovercars.com/germany/dresden,"Dresden, Germany","Dresden Airport (DRS), Dresden, Germany",Dresden Airport (DRS),9,
dusseldorf,Düsseldorf,Germany,Link: city page,https://www.discovercars.com/germany/dusseldorf,"Dusseldorf, Germany","Dusseldorf Airport (DUS), Dusseldorf, Germany",Düsseldorf Airport (DUS),8,
erfurt,Erfurt,Germany,Link: city page,https://www.discovercars.com/germany/erfurt,"Erfurt, Germany",,Erfurt-Weimar Airport (ERF),6,
frankfurt-am-main,Frankfurt am Main,Germany,Link: city page,https://www.discovercars.com/germany/frankfurt,"Frankfurt, Germany","Frankfurt Airport (FRA), Frankfurt, Germany",Frankfurt Airport (FRA),12,
freiburg,Freiburg,Germany,Link: city page,https://www.discovercars.com/germany/freiburg,"Freiburg, Germany",,EuroAirport Basel-Mulhouse-Freiburg (EAP),70,
garmisch-partenkirchen,Garmisch-Partenkirchen,Germany,Link: city page,https://www.discovercars.com/germany/garmisch-partenkirchen,"Garmisch-Partenkirchen, Germany","Munich Airport (MUC), Munich, Germany",Munich Airport,90,"airport matched by name, not code"
hamburg,Hamburg,Germany,Link: city page,https://www.discovercars.com/germany/hamburg,"Hamburg, Germany","Hamburg Airport (HAM), Hamburg, Germany",Hamburg Airport (HAM),9,
heidelberg,Heidelberg,Germany,Link: city page,https://www.discovercars.com/germany/heidelberg,"Heidelberg, Germany","Frankfurt Airport (FRA), Frankfurt, Germany",Frankfurt Airport (FRA),85,
koblenz,Koblenz,Germany,Link: city page,https://www.discovercars.com/germany/koblenz,"Koblenz, Germany","Frankfurt Airport (FRA), Frankfurt, Germany",Frankfurt Airport (FRA),110,
konstanz,Konstanz,Germany,Link: city page,https://www.discovercars.com/germany/konstanz,"Konstanz, Germany","Friedrichshafen Airport (FDH), Friedrichshafen, Germany",Friedrichshafen Airport,30,"airport matched by name, not code"
leipzig,Leipzig,Germany,Link: city page,https://www.discovercars.com/germany/leipzig,"Leipzig, Germany","Leipzig/Halle Airport (LEJ), Leipzig, Germany",Leipzig/Halle Airport (LEJ),22,
munich,Munich,Germany,Link: city page,https://www.discovercars.com/germany/munich,"Munich, Germany","Munich Airport (MUC), Munich, Germany",Munich Airport (MUC),37,
regensburg,Regensburg,Germany,Link: city page,https://www.discovercars.com/germany/regensburg,"Regensburg, Germany","Nurnberg Airport (NUE), Nurnberg, Germany",Nuremberg Airport (NUE),100,
rostock,Rostock,Germany,Link: city page,https://www.discovercars.com/germany/rostock,"Rostock, Germany","Rostock-Laage Airport (RLG), Rostock, Germany",Rostock-Laage Airport (RLG),30,
stuttgart,Stuttgart,Germany,Link: city page,https://www.discovercars.com/germany/stuttgart,"Stuttgart, Germany","Stuttgart Airport (STR), Stuttgart, Germany",Stuttgart Airport (STR),13,"airport matched by name, not code"
trier,Trier,Germany,Link: city page,https://www.discovercars.com/germany/trier,"Trier, Germany","Luxembourg Airport (LUX), Luxembourg City, Luxembourg",Luxembourg Findel Airport (LUX),50,
ulm,Ulm,Germany,Link: city page,https://www.discovercars.com/germany/ulm,"Ulm, Germany","Stuttgart Airport (STR), Stuttgart, Germany",Stuttgart Airport (STR),95,"airport matched by name, not code"
weimar,Weimar,Germany,Link: city page,https://www.discovercars.com/germany/weimar,"Weimar, Germany",,Erfurt-Weimar Airport,20,
wurzburg,Würzburg,Germany,Link: city page,https://www.discovercars.com/germany/wurzburg,"Würzburg, Germany","Frankfurt Airport (FRA), Frankfurt, Germany",Frankfurt Airport (FRA),120,
accra,Accra,Ghana,Link: city page,https://www.discovercars.com/ghana/accra,"Accra, Ghana","Kotoka Airport (ACC), Accra, Ghana",Kotoka International Airport (ACC),8,
gibraltar,Gibraltar,Gibraltar,Link: city page,https://www.discovercars.com/spain/gibraltar,"Gibraltar, Spain","Gibraltar La Linea Airport (GIB), Gibraltar, Spain",Gibraltar International Airport (GIB),2,DiscoverCars lists it under Spain
athens,Athens,Greece,Link: city page,https://www.discovercars.com/greece/athens,"Athens, Greece","Athens Airport (ATH), Athens, Greece",Athens International Eleftherios Venizelos (ATH),33,
chios,Chios,Greece,Link: city page,https://www.discovercars.com/greece/chios,"Chios, Greece","Chios Airport (JKH), Chios, Greece",Chios Island National Airport 'Omiros' (JKH),4,
corfu,Corfu,Greece,Link: city page,https://www.discovercars.com/greece/corfu,"Corfu, Greece","Corfu Airport (CFU), Corfu, Greece",Corfu International Airport Ioannis Kapodistrias (CFU),3,
heraklion,Heraklion,Greece,Link: city page,https://www.discovercars.com/greece-crete/heraklion,"Heraklion, Crete","Crete Airport Heraklion (HER), Heraklion, Crete","Heraklion International Airport ""Nikos Kazantzakis"" (HER)",5,
kalamata,Kalamata,Greece,Link: city page,https://www.discovercars.com/greece/kalamata,"Kalamata, Greece","Kalamata Airport (KLX), Kalamata, Greece",Kalamata International Airport (KLX),9,
mykonos,Mykonos,Greece,Link: city page,https://www.discovercars.com/greece/mykonos,"Mykonos, Greece",,Mykonos Island National Airport,4,
rhodes,Rhodes,Greece,Link: city page,https://www.discovercars.com/greece/rhodes,"Rhodes, Greece","Rhodes Airport (RHO), Rhodes, Greece","Rhodes International Airport ""Diagoras"" (RHO)",15,
santorini,Santorini,Greece,Link: city page,https://www.discovercars.com/greece/santorini,"Santorini, Greece",,Santorini (Thira) National Airport,7,
thessaloniki,Thessaloniki,Greece,Link: city page,https://www.discovercars.com/greece/thessaloniki,"Thessaloniki, Greece","Thessaloniki Airport (SKG), Thessaloniki, Greece",Thessaloniki Airport Makedonia (SKG),15,
nuuk,Nuuk,Greenland,Link: city page,https://www.discovercars.com/greenland/nuuk,"Nuuk, Greenland",,Nuuk International Airport (GOH),4,
le-gosier,Le Gosier,Guadeloupe,Link: city page,https://www.discovercars.com/guadeloupe/le-gosier,"Le Gosier, Guadeloupe","Pointe-à-Pitre Airport (PTP), Pointe-a-Pitre, Guadeloupe","Pointe-à-Pitre ""Le Raizet"" International Airport (PTP)",10,
flores,Flores,Guatemala,Link: city page,https://www.discovercars.com/guatemala/flores,"Flores, Guatemala","Mundo Maya International Airport (FRS), Flores, Guatemala",Mundo Maya International Airport (FRS),4,
guatemala-city,Guatemala City,Guatemala,Link: city page,https://www.discovercars.com/guatemala/guatemala,"Guatemala, Guatemala",,La Aurora International Airport (GUA),6.5,
quetzaltenango,Quetzaltenango,Guatemala,Link: city page,https://www.discovercars.com/guatemala/quetzaltenango,"Quetzaltenango, Guatemala",,La Aurora International Airport (GUA),200,
georgetown,Georgetown,Guyana,Link: city page,https://www.discovercars.com/guyana/georgetown,"Georgetown, Guyana","Cheddi Jagan International Airport (GEO), Georgetown, Guyana",Cheddi Jagan International Airport,41,"airport matched by name, not code"
cap-haitien,Cap-Haïtien,Haiti,Link: city page,https://www.discovercars.com/haiti/cap-haitien,"Cap-Haitien, Haiti",,Cap-Haïtien International Airport (CAP),5,
port-au-prince,Port-au-Prince,Haiti,Link: city page,https://www.discovercars.com/haiti/port-au-prince,"Port-au-Prince, Haiti","Port-au-Prince Airport (PAP), Port-au-Prince, Haiti",Toussaint Louverture International Airport (PAP),10,
la-ceiba,La Ceiba,Honduras,Link: city page,https://www.discovercars.com/honduras/la-ceiba,"La Ceiba, Honduras","La Ceiba Goloson International Airport (LCE), La Ceiba, Honduras",Goloson International Airport (LCE),10,
san-pedro-sula,San Pedro Sula,Honduras,Link: city page,https://www.discovercars.com/honduras/san-pedro-sula,"San Pedro Sula, Honduras","San Pedro Sula Airport (SAP), San Pedro Sula, Honduras",Ramón Villeda Morales International Airport (SAP),15,
tegucigalpa,Tegucigalpa,Honduras,Link: city page,https://www.discovercars.com/honduras/tegucigalpa,"Tegucigalpa, Honduras","Comayagua International Airport(XPL), Comayagua, Honduras",Palmerola International Airport (XPL),87,
budapest,Budapest,Hungary,Link: city page,https://www.discovercars.com/hungary/budapest,"Budapest, Hungary","Budapest Airport (BUD), Budapest, Hungary",Budapest Ferenc Liszt International Airport (BUD),22,
pecs,Pécs,Hungary,Link: city page,https://www.discovercars.com/hungary/pecs,"Pecs, Hungary","Budapest Airport (BUD), Budapest, Hungary",Budapest Ferenc Liszt International Airport (BUD),197,
reykjavik,Reykjavík,Iceland,Link: city page,https://www.discovercars.com/iceland/reykjavik,"Reykjavik, Iceland","Keflavik Airport (KEF), Keflavik, Iceland",Keflavík International Airport (KEF),50,
agra,Agra,India,Link: city page,https://www.discovercars.com/india/agra,"Agra, India",,Agra Airport (AGR),13,
ahmedabad,Ahmedabad,India,Link: city page,https://www.discovercars.com/india/ahmedabad,"Ahmedabad, India","Sardar Vallabhbhai Patel International Airport (AMD), Ahmedabad, India",Sardar Vallabhbhai Patel International Airport (AMD),9,
bengaluru,Bengaluru,India,Link: city page,https://www.discovercars.com/india/bangalore,"Bengaluru, India","Bangalore Kempegowda Airport (BLR), Bangalore, India",Kempegowda International Airport Bengaluru (BLR),40,
chennai,Chennai,India,Link: city page,https://www.discovercars.com/india/chennai,"Chennai, India","Chennai International Airport (MAA), Chennai, India",Chennai International Airport (MAA),7,"airport matched by name, not code"
cochin,Cochin,India,Link: city page,https://www.discovercars.com/india/cochin,"Cochin, India","Cochin International Airport (COK), Cochin, India",Cochin International Airport (COK),35,
delhi,Delhi,India,Link: city page,https://www.discovercars.com/india/new-delhi,"New Delhi, India",,Indira Gandhi International Airport (DEL),16,
hyderabad,Hyderabad,India,Link: city page,https://www.discovercars.com/india/hyderabad,"Hyderabad, India","Rajiv Gandhi International Airport (HYD), Hyderabad, India",Rajiv Gandhi International Airport (HYD),30,
jaipur,Jaipur,India,Link: city page,https://www.discovercars.com/india/jaipur,"Jaipur, India",,Jaipur International Airport (JAI),13,
kolkata,Kolkata,India,Link: city page,https://www.discovercars.com/india/kolkata,"Kolkata, India","Netaji Subhas Chandra Bose International Airport (CCU), Kolkata, India",Netaji Subhash Chandra Bose International Airport (CCU),15,
mumbai,Mumbai,India,Link: city page,https://www.discovercars.com/india/mumbai,"Mumbai, India","Mumbai Airport (BOM), Mumbai, India",Chhatrapati Shivaji Maharaj International Airport (BOM),20,
udaipur,Udaipur,India,Link: city page,https://www.discovercars.com/india/udaipur,"Udaipur, India","Udaipur Airport (UDR), Udaipur, India","Maharana Pratap Airport (UDR), Dabok",22,
denpasar,Denpasar,Indonesia,Link: city page,https://www.discovercars.com/indonesia/bali,"Bali, Indonesia","Ngurah Rai International Airport (DPS), Bali, Indonesia",I Gusti Ngurah Rai International Airport (DPS),12,
jakarta,Jakarta,Indonesia,Link: city page,https://www.discovercars.com/indonesia/jakarta,"Jakarta, Indonesia","Jakarta Soekarno Hatta International Airport (CGK), Jakarta, Indonesia",Soekarno-Hatta International Airport (CGK),20,
cork,Cork,Ireland,Link: city page,https://www.discovercars.com/ireland/cork,"Cork, Ireland","Cork Airport (ORK), Cork, Ireland",Cork Airport (ORK),8,
dublin,Dublin,Ireland,Link: city page,https://www.discovercars.com/ireland/dublin,"Dublin, Ireland","Dublin Airport (DUB), Dublin, Ireland",Dublin Airport (DUB),17,
eilat,Eilat,Israel,Link: city page,https://www.discovercars.com/israel/eilat,"Eilat, Israel","Eilat Ramon Airport (ETM), Eilat, Israel",Ramon International Airport (ETM),18,
haifa,Haifa,Israel,Link: city page,https://www.discovercars.com/israel/haifa,"Haifa, Israel","Tel Aviv Airport (TLV), Tel Aviv, Israel",Ben Gurion Airport (TLV),90,
jerusalem,Jerusalem,Israel,Link: city page,https://www.discovercars.com/israel/jerusalem,"Jerusalem, Israel","Tel Aviv Airport (TLV), Tel Aviv, Israel",Ben Gurion Airport (TLV),50,
tel-aviv,Tel Aviv,Israel,Link: city page,https://www.discovercars.com/israel/tel-aviv,"Tel Aviv, Israel","Tel Aviv Airport (TLV), Tel Aviv, Israel",Ben Gurion Airport (TLV),20,
bari,Bari,Italy,Link: city page,https://www.discovercars.com/italy-mainland/bari,"Bari, Italy - Mainland","Bari Airport (BRI), Bari, Italy - Mainland","Bari Karol Wojtyla Airport (Palese, BRI)",8,
bologna,Bologna,Italy,Link: city page,https://www.discovercars.com/italy-mainland/bologna,"Bologna, Italy - Mainland","Bologna Airport (BLQ), Bologna, Italy - Mainland",Bologna Guglielmo Marconi Airport (BLQ),7.5,
cagliari,Cagliari,Italy,Link: city page,https://www.discovercars.com/italy-sardinia/cagliari,"Cagliari, Sardinia","Sardinia Cagliari Airport (CAG), Cagliari, Sardinia",Cagliari Elmas Airport (CAG),7,
catania,Catania,Italy,Link: city page,https://www.discovercars.com/italy-sicily/catania,"Catania, Sicily","Catania-Fontanarossa Airport (CTA), Catania, Sicily",Catania-Fontanarossa Airport 'Vincenzo Bellini' (CTA),5,
florence,Florence,Italy,Link: city page,https://www.discovercars.com/italy-mainland/florence,"Florence, Italy - Mainland","Florence Airport (FLR), Florence, Italy - Mainland","Florence Airport, Peretola (FLR)",5,
matera,Matera,Italy,Link: city page,https://www.discovercars.com/italy-mainland/matera,"Matera, Italy - Mainland",,Bari Karol Wojtyla Airport,65,
milan,Milan,Italy,Link: city page,https://www.discovercars.com/italy-mainland/milan,"Milan, Italy - Mainland","Milan Airport Malpensa (MXP), Milan, Italy - Mainland",Malpensa (MXP),50,
naples,Naples,Italy,Link: city page,https://www.discovercars.com/italy-mainland/naples,"Naples, Italy - Mainland","Naples Airport (NAP), Naples, Italy - Mainland","Naples International Airport (Capodichino, NAP)",6,
palermo,Palermo,Italy,Link: city page,https://www.discovercars.com/italy-sicily/palermo,"Palermo, Sicily","Palermo Airport (PMO), Palermo, Sicily","Falcone-Borsellino Airport (Punta Raisi, PMO)",35,
parma,Parma,Italy,Link: city page,https://www.discovercars.com/italy-mainland/parma,"Parma, Italy - Mainland","Parma Airport (PMF), Parma, Italy - Mainland","Parma Airport (Giuseppe Verdi, PMF)",5,
perugia,Perugia,Italy,Link: city page,https://www.discovercars.com/italy-mainland/perugia,"Perugia, Italy - Mainland","Perugia Airport (PEG), Perugia, Italy - Mainland",Perugia San Francesco d'Assisi–Umbria International Airport (PEG),12,
pisa,Pisa,Italy,Link: city page,https://www.discovercars.com/italy-mainland/pisa,"Pisa, Italy - Mainland","Pisa Airport (PSA), Pisa, Italy - Mainland",Pisa International Airport - Galileo Galilei (PSA),2,
rimini,Rimini,Italy,Link: city page,https://www.discovercars.com/italy-mainland/rimini,"Rimini, Italy - Mainland","Rimini Airport (RMI), Rimini, Italy - Mainland",Federico Fellini International Airport (RMI),8,
rome,Rome,Italy,Link: city page,https://www.discovercars.com/italy-mainland/rome,"Rome, Italy - Mainland","Rome Fiumicino Airport (FCO), Rome, Italy - Mainland",Fiumicino (FCO),32,
salerno,Salerno,Italy,Link: city page,https://www.discovercars.com/italy-mainland/salerno,"Salerno, Italy - Mainland","Salerno Costa d'Amalfi Airport (QSR), Salerno, Italy - Mainland",Salerno Costa d'Amalfi Airport (QSR),25,
taormina,Taormina,Italy,Link: city page,https://www.discovercars.com/italy-sicily/taormina,"Taormina, Sicily",,Catania-Fontanarossa Airport,50,
turin,Turin,Italy,Link: city page,https://www.discovercars.com/italy-mainland/turin,"Turin, Italy - Mainland","Turin Airport (TRN), Turin, Italy - Mainland","Turin Airport (Sandro Pertini / Caselle, TRN)",16,
venice,Venice,Italy,Link: city page,https://www.discovercars.com/italy-mainland/venice,"Venice, Italy - Mainland","Venice Airport (VCE), Venice, Italy - Mainland",Venice Marco Polo (VCE),8,
verona,Verona,Italy,Link: city page,https://www.discovercars.com/italy-mainland/verona,"Verona, Italy - Mainland","Verona Airport (VRN), Verona, Italy - Mainland","Verona Villafranca Airport ""Valerio Catullo"" (VRN)",10,
kingston,Kingston,Jamaica,Link: city page,https://www.discovercars.com/jamaica/kingston,"Kingston, Jamaica",,Norman Manley International Airport (KIN),19,
montego-bay,Montego Bay,Jamaica,Link: city page,https://www.discovercars.com/jamaica/montego-bay,"Montego Bay, Jamaica","Montego Bay Sangster Int. Airport (MBJ), Montego Bay, Jamaica",Sangster International Airport (MBJ),4,
aomori,Aomori,Japan,Link: city page,https://www.discovercars.com/japan/aomori,"Aomori, Japan","Aomori Airport (AOJ), Aomori, Japan",Aomori Airport (AOJ),11,
fukuoka,Fukuoka,Japan,Link: city page,https://www.discovercars.com/japan/fukuoka,"Fukuoka, Japan","Fukuoka International Airport (FUK), Fukuoka, Japan",Fukuoka Airport (FUK),5,
hakodate,Hakodate,Japan,Link: city page,https://www.discovercars.com/japan/hakodate,"Hakodate, Japan","Hakodate Airport (HKD), Hakodate, Japan",Hakodate Airport (HKD),9,
hiroshima,Hiroshima,Japan,Link: city page,https://www.discovercars.com/japan/hiroshima,"Hiroshima, Japan","Hiroshima Airport (HIJ), Hiroshima, Japan",Hiroshima Airport (HIJ),50,
kagoshima,Kagoshima,Japan,Link: city page,https://www.discovercars.com/japan/kagoshima,"Kagoshima, Japan","Kagoshima Airport (KOJ), Kagoshima, Japan",Kagoshima Airport (KOJ),40,
kanazawa,Kanazawa,Japan,Link: city page,https://www.discovercars.com/japan/kanazawa,"Kanazawa, Japan","Komatsu Airport (КMQ), Komatsu, Japan",Komatsu Airport (KMQ),30,"airport matched by name, not code"
kobe,Kobe,Japan,Link: city page,https://www.discovercars.com/japan/kobe,"Kobe, Japan","Kobe Airport (UKB), Kobe, Japan",Kobe Airport (UKB),8,
kumamoto,Kumamoto,Japan,Link: city page,https://www.discovercars.com/japan/kumamoto,"Kumamoto, Japan","Kumamoto Airport (KMJ), Kumamoto, Japan","Kumamoto Airport (Aso Kumamoto Airport, KMJ)",20,
kyoto,Kyoto,Japan,Link: city page,https://www.discovercars.com/japan/kyoto,"Kyoto, Japan","Osaka Kansai Airport (KIX), Osaka, Japan",Kansai International (KIX),100,
matsumoto,Matsumoto,Japan,Link: city page,https://www.discovercars.com/japan/matsumoto,"Matsumoto, Japan",,"Matsumoto Airport (MMJ, Shinshu-Matsumoto)",10,
matsuyama,Matsuyama,Japan,Link: city page,https://www.discovercars.com/japan/matsuyama,"Matsuyama, Japan","Matsuyama Airport (MYJ), Matsuyama, Japan",Matsuyama Airport (MYJ),6,
nagano,Nagano,Japan,Link: city page,https://www.discovercars.com/japan/nagano,"Nagano, Japan",,Shinshu Matsumoto Airport (FDA) — most visitors instead arrive via Hokuriku Shinkansen from Tokyo (~80 min),40,
nagasaki,Nagasaki,Japan,Link: city page,https://www.discovercars.com/japan/nagasaki,"Nagasaki, Japan","Nagasaki Airport (NGS), Nagasaki, Japan",Nagasaki Airport (NGS),40,"airport matched by name, not code"
nagoya,Nagoya,Japan,Link: city page,https://www.discovercars.com/japan/nagoya,"Nagoya, Japan",,Chubu Centrair Int'l (NGO),35,
naha,Naha,Japan,Link: city page,https://www.discovercars.com/japan/naha,"Naha, Japan","Naha Airport (OKA), Naha, Japan",Naha Airport (OKA),4,
nara-shi,Nara-shi,Japan,Link: city page,https://www.discovercars.com/japan/nara,"Nara, Japan","Osaka Kansai Airport (KIX), Osaka, Japan",Kansai International Airport (KIX),40,
osaka,Osaka,Japan,Link: city page,https://www.discovercars.com/japan/osaka,"Osaka, Japan","Osaka Kansai Airport (KIX), Osaka, Japan",Kansai Int'l (KIX),50,
otaru,Otaru,Japan,Link: city page,https://www.discovercars.com/japan/otaru,"Otaru, Japan","Chitose Airport (CTS), Chitose, Japan",New Chitose Airport (CTS),100,
sapporo,Sapporo,Japan,Link: city page,https://www.discovercars.com/japan/sapporo,"Sapporo, Japan","Chitose Airport (CTS), Chitose, Japan",New Chitose Airport (CTS),52,
takamatsu,Takamatsu,Japan,Link: city page,https://www.discovercars.com/japan/takamatsu,"Takamatsu, Japan","Takamatsu Airport (TAK), Takamatsu, Japan",Takamatsu Airport (TAK),16,
tokyo,Tokyo,Japan,Link: city page,https://www.discovercars.com/japan/tokyo,"Tokyo, Japan","Tokyo Haneda Airport (HND), Tokyo, Japan",Haneda (HND),18,
yokohama,Yokohama,Japan,Link: city page,https://www.discovercars.com/japan/yokohama,"Yokohama, Japan","Tokyo Haneda Airport (HND), Tokyo, Japan",Tokyo Haneda Airport (HND),30,
amman,Amman,Jordan,Link: city page,https://www.discovercars.com/jordan/amman,"Amman, Jordan","Amman Queen Alia Airport (AMM), Amman, Jordan",Queen Alia International Airport (AMM),32,
aqaba,Aqaba,Jordan,Link: city page,https://www.discovercars.com/jordan/aqaba,"Aqaba, Jordan","Aqaba Airport (AQJ), Aqaba, Jordan",King Hussein International Airport (AQJ),10,
almaty,Almaty,Kazakhstan,Link: city page,https://www.discovercars.com/kazakhstan/almaty,"Almaty, Kazakhstan",,Almaty International Airport (ALA),15,
astana,Astana,Kazakhstan,Link: city page,https://www.discovercars.com/kazakhstan/astana,"Astana, Kazakhstan","Nursultan Nazarbayev International Airport (NQZ), Astana, Kazakhstan",Nursultan Nazarbayev International Airport (NQZ),17,
malindi,Malindi,Kenya,Link: city page,https://www.discovercars.com/kenya/malindi,"Malindi, Kenya","Malindi Airport (MYD), Malindi, Kenya",Malindi Airport (MYD),3,
mombasa,Mombasa,Kenya,Link: city page,https://www.discovercars.com/kenya/mombasa,"Mombasa, Kenya","Mombasa Airport (MBA), Mombasa, Kenya",Moi International Airport (MBA),10,
nairobi,Nairobi,Kenya,Link: city page,https://www.discovercars.com/kenya/nairobi,"Nairobi, Kenya","Nairobi J.Kenyatta Airport (NBO), Nairobi, Kenya",Jomo Kenyatta International Airport (NBO),16,
pristina,Pristina,Kosovo,Link: city page,https://www.discovercars.com/kosovo/prishtina,"Prishtina, Kosovo",,Pristina International Airport 'Adem Jashari',18,
kuwait-city,Kuwait City,Kuwait,Link: city page,https://www.discovercars.com/kuwait/kuwait,"Kuwait, Kuwait","Kuwait International Airport (KWI), Al Farwaniyah, Kuwait",Kuwait International Airport (KWI),15.5,
luang-prabang,Luang Prabang,Laos,Link: city page,https://www.discovercars.com/laos/luang-prabang,"Luang Prabang, Laos","Luang Prabang International Airport, Luang Prabang, Laos",Luang Prabang International Airport (LPQ),4,"airport matched by name, not code"
vientiane,Vientiane,Laos,Link: city page,https://www.discovercars.com/laos/vientiane-prefecture,"Vientiane Prefecture, Laos","Wattay International Airport (VTE), Vientiane Prefecture, Laos",Wattay International Airport,4,"airport matched by name, not code"
riga,Riga,Latvia,Link: city page,https://www.discovercars.com/latvia/riga,"Riga, Latvia","Riga Airport (RIX), Riga, Latvia",Riga International Airport (RIX),10,
beirut,Beirut,Lebanon,Link: city page,https://www.discovercars.com/lebanon/beirut,"Beirut, Lebanon","Beirut Airport (BEY), Beirut, Lebanon",Beirut–Rafic Hariri International Airport (BEY),8,
maseru,Maseru,Lesotho,Link: city page,https://www.discovercars.com/lesotho/maseru,"Maseru, Lesotho","Maseru Airport (MSU), Maseru, Lesotho",Moshoeshoe I International Airport (MSU),18,
klaipeda,Klaipėda,Lithuania,Link: city page,https://www.discovercars.com/lithuania/klaipeda,"Klaipeda, Lithuania","Palanga Airport (PLQ), Palanga, Lithuania",Palanga International Airport (PLQ),30,
vilnius,Vilnius,Lithuania,Link: city page,https://www.discovercars.com/lithuania/vilnius,"Vilnius, Lithuania","Vilnius Airport (VNO), Vilnius, Lithuania",Vilnius Airport (VNO),6,
luxembourg,Luxembourg,Luxembourg,Link: city page,https://www.discovercars.com/luxembourg/luxembourg,"Luxembourg City, Luxembourg","Luxembourg Airport (LUX), Luxembourg City, Luxembourg","Luxembourg Airport (LUX), Findel",6,
antananarivo,Antananarivo,Madagascar,Link: city page,https://www.discovercars.com/madagascar/antananarivo,"Antananarivo, Madagascar","Antananarivo Ivato Airport (TNR), Antananarivo, Madagascar",Ivato International Airport (TNR),16,
blantyre,Blantyre,Malawi,Link: city page,https://www.discovercars.com/malawi/blantyre,"Blantyre, Malawi","Chileka International Airport (BLZ), Blantyre, Malawi",Chileka International Airport (BLZ),15,
lilongwe,Lilongwe,Malawi,Link: city page,https://www.discovercars.com/malawi/lilongwe,"Lilongwe, Malawi","Kamuzu International Airport (LLW), Lilongwe, Malawi",Kamuzu International Airport (LLW),21,
george-town,George Town,Malaysia,Link: city page,https://www.discovercars.com/malaysia/penang,"Penang, Malaysia","Penang Airport (PEN), Penang, Malaysia",Penang International Airport (PEN),18,
kota-kinabalu,Kota Kinabalu,Malaysia,Link: city page,https://www.discovercars.com/malaysia/kota-kinabalu,"Kota Kinabalu, Malaysia","Kota Kinabalu International Airport (BKI), Kota Kinabalu, Malaysia",Kota Kinabalu International Airport (BKI),8,
kuala-lumpur,Kuala Lumpur,Malaysia,Link: city page,https://www.discovercars.com/malaysia/kuala-lumpur,"Kuala Lumpur, Malaysia",,KL Int'l (KLIA),45,
kuching,Kuching,Malaysia,Link: city page,https://www.discovercars.com/malaysia/kuching,"Kuching, Malaysia","Kuching International Airport (KCH), Kuching, Malaysia",Kuching International Airport (KCH),11,
malacca,Malacca,Malaysia,Link: city page,https://www.discovercars.com/malaysia/malacca,"Malacca, Malaysia","Kuala Lumpur Airport (KUL), Kuala Lumpur, Malaysia",Kuala Lumpur International Airport (KUL),160,
valletta,Valletta,Malta,Link: city page,https://www.discovercars.com/malta/valletta,"Valletta, Malta","Malta Luqa Airport (MLA), Luqa, Malta",Malta International Airport (MLA),5.5,
fort-de-france,Fort-de-France,Martinique,Link: city page,https://www.discovercars.com/martinique/fort-de-france,"Fort-de-France, Martinique","Fort-de-France Airport (FDF), Fort-de-France, Martinique",Martinique Aimé Césaire International Airport (FDF),10,
nouakchott,Nouakchott,Mauritania,Link: city page,https://www.discovercars.com/mauritania/nouakchott,"Nouakchott, Mauritania","Nouakchott International Airport (NKC), Nouakchott, Mauritania",Nouakchott–Oumtounsy International Airport (NKC),25,
port-louis,Port Louis,Mauritius,Link: city page,https://www.discovercars.com/mauritius/port-louis,"Port Louis, Mauritius","Mauritius Airport (MRU), Plaisance, Mauritius",Sir Seewoosagur Ramgoolam International Airport (MRU),48,
mamoudzou,Mamoudzou,Mayotte,Link: city page,https://www.discovercars.com/mayotte/mamoudzou,"Mamoudzou, Mayotte","Dzaoudzi–Pamandzi International Airport (DZA), Pamandzi, Mayotte",Dzaoudzi-Pamandzi International Airport (DZA),8,
acapulco-de-juarez,Acapulco de Juarez,Mexico,Link: city page,https://www.discovercars.com/mexico/acapulco,"Acapulco, Mexico",,General Juan N. Alvarez International Airport (ACA),26,
campeche,Campeche,Mexico,Link: city page,https://www.discovercars.com/mexico/campeche,"Campeche, Mexico","Campeche Airport (CPE), Campeche, Mexico",Ingeniero Alberto Acuña Ongay International Airport (CPE),7,
cancun,Cancún,Mexico,Link: city page,https://www.discovercars.com/mexico/cancun,"Cancun, Mexico","Cancun Airport (CUN), Cancun, Mexico",Cancún Int'l (CUN),20,
chetumal,Chetumal,Mexico,Link: city page,https://www.discovercars.com/mexico/chetumal,"Chetumal, Mexico","Chetumal Airport (CTM), Chetumal, Mexico",Chetumal International Airport (CTM),3,
ensenada,Ensenada,Mexico,Link: city page,https://www.discovercars.com/mexico/ensenada,"Ensenada, Mexico","Tijuana Airport (TIJ), Tijuana, Mexico",Tijuana International Airport (TIJ),105,
guadalajara,Guadalajara,Mexico,Link: city page,https://www.discovercars.com/mexico/guadalajara,"Guadalajara, Mexico","Guadalajara Int. Airport (GDL), Guadalajara, Mexico","Guadalajara International Airport, Miguel Hidalgo y Costilla (GDL)",17,
manzanillo,Manzanillo,Mexico,Link: city page,https://www.discovercars.com/mexico/manzanillo,"Manzanillo, Mexico","Manzanillo Airport (ZLO), Manzanillo, Mexico",Playa de Oro International Airport (ZLO),35,
mazatlan,Mazatlán,Mexico,Link: city page,https://www.discovercars.com/mexico/mazatlan,"Mazatlan, Mexico","Mazatlan International Airport (MZT), Mazatlan, Mexico",General Rafael Buelna International Airport (MZT),20,
mexico-city,Mexico City,Mexico,Link: city page,https://www.discovercars.com/mexico/mexico,"Mexico City, Mexico","Benito Juarez International Airport (MEX), Mexico City, Mexico","Mexico City International Airport, Benito Juarez (MEX)",13,
monterrey,Monterrey,Mexico,Link: city page,https://www.discovercars.com/mexico/monterrey,"Monterrey, Mexico","Monterrey Airport (MTY), Monterrey, Mexico",General Mariano Escobedo International Airport (MTY),24,
morelia,Morelia,Mexico,Link: city page,https://www.discovercars.com/mexico/morelia,"Morelia, Mexico","Morelia Airport (MLM), Morelia, Mexico","Morelia International Airport, General Francisco J. Mújica (MLM)",27,
merida,Mérida,Mexico,Link: city page,https://www.discovercars.com/mexico/merida,"Merida, Mexico","Merida Airport (MID), Merida, Mexico","Mérida International Airport, Manuel Crescencio Rejón (MID)",9,
oaxaca,Oaxaca,Mexico,Link: city page,https://www.discovercars.com/mexico/oaxaca,"Oaxaca, Mexico","Oaxaca Airport (OAX), Oaxaca, Mexico",Oaxaca International Airport Xoxocotlán (OAX),9,
playa-del-carmen,Playa del Carmen,Mexico,Link: city page,https://www.discovercars.com/mexico/playa-del-carmen,"Playa del Carmen, Mexico","Cancun Airport (CUN), Cancun, Mexico",Cancun International Airport (CUN),55,
puebla,Puebla,Mexico,Link: city page,https://www.discovercars.com/mexico/puebla,"Puebla, Mexico","Puebla International Airport (PBC), Puebla, Mexico",Puebla International Airport / Hermanos Serdan (PBC),25,
puerto-vallarta,Puerto Vallarta,Mexico,Link: city page,https://www.discovercars.com/mexico/puerto-vallarta,"Puerto Vallarta, Mexico","Puerto Vallarta Airport (PVR), Puerto Vallarta, Mexico",Licenciado Gustavo Díaz Ordaz International Airport (PVR),7,
santiago-de-queretaro,Santiago de Querétaro,Mexico,Link: city page,https://www.discovercars.com/mexico/santiago-de-queretaro,"Santiago de Queretaro, Mexico","Queretaro Airport (QRO), Queretaro, Mexico",Querétaro Intercontinental Airport (QRO),33,
veracruz,Veracruz,Mexico,Link: city page,https://www.discovercars.com/mexico/veracruz,"Veracruz, Mexico",,General Heriberto Jara International Airport (VER),9,
zacatecas,Zacatecas,Mexico,Link: city page,https://www.discovercars.com/mexico/zacatecas,"Zacatecas, Mexico","Zacatecas International Airport (ZCL), Zacatecas, Mexico",General Leobardo C. Ruiz International Airport (ZCL),27,
chisinau,Chișinău,Moldova,Link: city page,https://www.discovercars.com/moldova/chisinau,"Chisinau, Moldova",,Chișinău Eugen Doga International Airport (RMO),13,
monaco,Monaco,Monaco,Link: city page,https://www.discovercars.com/monaco/monaco,"Monaco, Monaco","Nice Airport (NCE), Nice, France",Nice Côte d'Azur Airport (NCE),20,
ulaanbaatar,Ulaanbaatar,Mongolia,Link: city page,https://www.discovercars.com/mongolia/ulaanbaatar,"Ulaanbaatar, Mongolia","Chinggis Khaan International Airport (ULN), Ulaanbaatar, Mongolia",Chinggis Khaan International Airport (UBN),52,"airport matched by name, not code"
kotor,Kotor,Montenegro,Link: city page,https://www.discovercars.com/montenegro/kotor,"Kotor, Montenegro","Tivat Airport (TIV), Tivat, Montenegro",Tivat Airport (TIV),7,
podgorica,Podgorica,Montenegro,Link: city page,https://www.discovercars.com/montenegro/podgorica,"Podgorica, Montenegro","Podgorica Airport (TGD), Podgorica, Montenegro",Podgorica Airport (TGD),11,
agadir,Agadir,Morocco,Link: city page,https://www.discovercars.com/morocco/agadir,"Agadir, Morocco","Agadir Airport (AGA), Agadir, Morocco",Agadir–Al Massira Airport (AGA),25,
casablanca,Casablanca,Morocco,Link: city page,https://www.discovercars.com/morocco/casablanca,"Casablanca, Morocco","Casablanca Airport Mohammed V (CMN), Casablanca, Morocco",Mohammed V International Airport (CMN),30,
essaouira,Essaouira,Morocco,Link: city page,https://www.discovercars.com/morocco/essaouira,"Essaouira, Morocco","Essaouira Airport (ESU), Essaouira, Morocco",Essaouira-Mogador Airport (ESU),15,
marrakech,Marrakech,Morocco,Link: city page,https://www.discovercars.com/morocco/marrakech,"Marrakech, Morocco","Marrakesh Airport (RAK), Marrakesh, Morocco",Marrakech Menara (RAK),6,
rabat,Rabat,Morocco,Link: city page,https://www.discovercars.com/morocco/rabat,"Rabat, Morocco","Rabat Airport (RBA), Rabat, Morocco",Rabat-Salé Airport (RBA),10,
tangier,Tangier,Morocco,Link: city page,https://www.discovercars.com/morocco/tangier,"Tangier, Morocco","Tangier Airport (TNG), Tangier, Morocco",Tangier Ibn Battouta Airport (TNG),12,
maputo,Maputo,Mozambique,Link: city page,https://www.discovercars.com/mozambique/maputo,"Maputo, Mozambique","Maputo Airport (MPM), Maputo, Mozambique",Maputo International Airport (MPM),6,
pemba,Pemba,Mozambique,Link: city page,https://www.discovercars.com/mozambique/pemba,"Pemba, Mozambique","Pemba Airport (POL), Pemba, Mozambique",Pemba Airport (POL),4,"airport matched by name, not code"
windhoek,Windhoek,Namibia,Link: city page,https://www.discovercars.com/namibia/windhoek,"Windhoek, Namibia","Windhoek Airport (WDH), Windhoek, Namibia",Hosea Kutako International Airport (WDH),45,
kathmandu,Kathmandu,Nepal,Link: city page,https://www.discovercars.com/nepal/kathmandu,"Kathmandu, Nepal","Kathmandu-Tribhuvan International Airport (KTM), Kathmandu, Nepal",Tribhuvan International Airport (KTM),6,
amsterdam,Amsterdam,Netherlands,Link: city page,https://www.discovercars.com/netherlands/amsterdam,"Amsterdam, Netherlands","Amsterdam Schiphol Airport (AMS), Amsterdam, Netherlands",Schiphol (AMS),17,
maastricht,Maastricht,Netherlands,Link: city page,https://www.discovercars.com/netherlands/maastricht,"Maastricht, Netherlands",,Maastricht Aachen Airport (MST),9,
rotterdam,Rotterdam,Netherlands,Link: city page,https://www.discovercars.com/netherlands/rotterdam,"Rotterdam, Netherlands","Rotterdam Airport (RTM), Rotterdam, Netherlands",Rotterdam The Hague Airport (RTM),6,
the-hague,The Hague,Netherlands,Link: city page,https://www.discovercars.com/netherlands/the-hague,"The Hague, Netherlands","Rotterdam Airport (RTM), Rotterdam, Netherlands",Rotterdam The Hague Airport (RTM),17,
utrecht,Utrecht,Netherlands,Link: city page,https://www.discovercars.com/netherlands/utrecht,"Utrecht, Netherlands","Amsterdam Schiphol Airport (AMS), Amsterdam, Netherlands",Amsterdam Airport Schiphol (AMS),45,
noumea,Nouméa,New Caledonia,Link: city page,https://www.discovercars.com/new-caledonia/noumea,"Noumea, New Caledonia","Tontouta Airport (NOU), Noumea, New Caledonia",La Tontouta International Airport (NOU),45,
auckland,Auckland,New Zealand,Link: city page,https://www.discovercars.com/new-zealand/auckland,"Auckland, New Zealand","Auckland Airport (AKL), Auckland, New Zealand",Auckland Airport,21,"airport matched by name, not code"
christchurch,Christchurch,New Zealand,Link: city page,https://www.discovercars.com/new-zealand/christchurch,"Christchurch, New Zealand","Christchurch Airport (CHC), Christchurch, New Zealand",Christchurch Airport (CHC),12,
dunedin,Dunedin,New Zealand,Link: city page,https://www.discovercars.com/new-zealand/dunedin,"Dunedin, New Zealand","Dunedin Airport (DUD), Dunedin, New Zealand",Dunedin Airport (DUD),27,
nelson,Nelson,New Zealand,Link: city page,https://www.discovercars.com/new-zealand/nelson,"Nelson, New Zealand","Nelson Airport (NSN), Nelson, New Zealand",Nelson Airport (NSN),5,
rotorua,Rotorua,New Zealand,Link: city page,https://www.discovercars.com/new-zealand/rotorua,"Rotorua, New Zealand","Rotorua Airport (ROT), Rotorua, New Zealand",Rotorua Regional Airport (ROT),9,
taupo,Taupo,New Zealand,Link: city page,https://www.discovercars.com/new-zealand/taupo,"Taupo, New Zealand","Taupo Airport (TUO), Taupo, New Zealand",Taupō Airport (TUO),8,
wellington,Wellington,New Zealand,Link: city page,https://www.discovercars.com/new-zealand/wellington,"Wellington, New Zealand","Wellington Airport (WLG), Wellington, New Zealand",Wellington International Airport (WLG),8,
managua,Managua,Nicaragua,Link: city page,https://www.discovercars.com/nicaragua/managua,"Managua, Nicaragua","Managua Airport (MGA), Managua, Nicaragua",Augusto C. Sandino International Airport (MGA),11,
niamey,Niamey,Niger,Link: city page,https://www.discovercars.com/niger/niamey,"Niamey, Niger",,Diori Hamani International Airport (NIM),9,
abuja,Abuja,Nigeria,Link: city page,https://www.discovercars.com/nigeria/abuja,"Abuja, Nigeria","Abuja Airport (ABV), Abuja, Nigeria",Nnamdi Azikiwe International Airport (ABV),40,
lagos,Lagos,Nigeria,Link: city page,https://www.discovercars.com/nigeria/lagos,"Lagos, Nigeria",,Murtala Muhammed International Airport (LOS),22,
ohrid,Ohrid,North Macedonia,Link: city page,https://www.discovercars.com/macedonia/ohrid,"Ohrid, North Macedonia","Ohrid Airport (OHD), Ohrid, North Macedonia",Ohrid St. Paul the Apostle Airport (OHD),10,
skopje,Skopje,North Macedonia,Link: city page,https://www.discovercars.com/macedonia/skopje,"Skopje, North Macedonia","Skopje Airport (SKP), Skopje, North Macedonia",Skopje International Airport (SKP),21,
saipan,Saipan,Northern Mariana Islands,Link: city page,https://www.discovercars.com/saipan/saipan,"Saipan, Saipan","Saipan International Airport (SPN), Saipan, Saipan",Saipan International Airport (SPN),10,
bergen,Bergen,Norway,Link: city page,https://www.discovercars.com/norway/bergen,"Bergen, Norway","Bergen Flesland Airport (BGO), Bergen, Norway","Bergen Airport, Flesland (BGO)",17,
oslo,Oslo,Norway,Link: city page,https://www.discovercars.com/norway/oslo,"Oslo, Norway","Oslo Airport (OSL), Oslo, Norway","Oslo Airport, Gardermoen (OSL)",47,
stavanger,Stavanger,Norway,Link: city page,https://www.discovercars.com/norway/stavanger,"Stavanger, Norway","Stavanger Airport (SVG), Stavanger, Norway","Stavanger Airport, Sola (SVG)",11,
tromso,Tromso,Norway,Link: city page,https://www.discovercars.com/norway/tromso,"Tromso, Norway","Tromso Airport (TOS), Tromso, Norway","Tromso Airport, Langnes (TOS)",5,
alesund,Ålesund,Norway,Link: city page,https://www.discovercars.com/norway/alesund,"Alesund, Norway","Alesund Airport (AES), Alesund, Norway","Ålesund Airport, Vigra (AES)",17,
longyearbyen,Longyearbyen,Norway (Svalbard),Link: city page,https://www.discovercars.com/norway/longyearbyen,"Longyearbyen, Norway",,"Svalbard Airport, Longyear (LYR)",5,
muscat,Muscat,Oman,Link: city page,https://www.discovercars.com/oman/muscat,"Muscat, Oman","Muscat Airport (MCT), Muscat, Oman",Muscat International Airport (MCT),32,
salalah,Salalah,Oman,Link: city page,https://www.discovercars.com/oman/salalah,"Salalah, Oman","Salalah Airport (SLL), Salalah, Oman",Salalah Airport (SLL),5,
islamabad,Islamabad,Pakistan,Link: city page,https://www.discovercars.com/pakistan/islamabad,"Islamabad, Pakistan","Islamabad International Airport (ISB), Islamabad, Pakistan",Islamabad International Airport (ISB),30,"airport matched by name, not code"
karachi,Karachi,Pakistan,Link: city page,https://www.discovercars.com/pakistan/karachi,"Karachi, Pakistan","Jinnah International Airport (KHI), Karachi, Pakistan",Jinnah International Airport (KHI),15,
lahore,Lahore,Pakistan,Link: city page,https://www.discovercars.com/pakistan/lahore,"Lahore, Pakistan","Allama Iqbal International Airport (LHE), Lahore, Pakistan",Allama Iqbal International Airport (LHE),15,"airport matched by name, not code"
panama-city,Panama City,Panama,Link: city page,https://www.discovercars.com/panama/panama-city,"Panama City, Panama","Tocumen International Airport (PTY), Panama City, Panama",Tocumen International Airport (PTY),24,
asuncion,Asunción,Paraguay,Link: city page,https://www.discovercars.com/paraguay/asuncion,"Asuncion, Paraguay","Silvio Pettirossi International Airport (ASU), Luque, Paraguay",Silvio Pettirossi International Airport (ASU),10,
encarnacion,Encarnación,Paraguay,Link: city page,https://www.discovercars.com/paraguay/encarnacion,"Encarnacion, Paraguay",,Teniente Amín Ayub González Airport (ENO),12,
arequipa,Arequipa,Peru,Link: city page,https://www.discovercars.com/peru/arequipa,"Arequipa, Peru","Arequipa Rodriguez Ballon International Airport (AQP), Arequipa, Peru",Rodríguez Ballón International Airport (AQP),8,
lima,Lima,Peru,Link: city page,https://www.discovercars.com/peru/lima,"Lima, Peru","Jorge Chavez International Airport (LIM), Lima, Peru",Jorge Chavez International Airport (LIM),15,
trujillo,Trujillo,Peru,Link: city page,https://www.discovercars.com/peru/trujillo,"Trujillo, Peru",,Capitán FAP Carlos Martínez de Pinillos International Airport (TRU),10,
coron,Coron,Philippines,Link: city page,https://www.discovercars.com/philippines/coron,"Coron, Philippines","Francisco B. Reyes Airport (USU), Coron, Philippines",Francisco B. Reyes Airport (Busuanga Airport),25,"airport matched by name, not code"
davao,Davao,Philippines,Link: city page,https://www.discovercars.com/philippines/davao,"Davao, Philippines","Davao Francisco Bangoy International Airport (DVO), Davao, Philippines",Francisco Bangoy International Airport (DVO),11,
el-nido,El Nido,Philippines,Link: city page,https://www.discovercars.com/philippines/el-nido,"El Nido, Philippines",,El Nido Airport (Lio Airport),4,
legaspi,Legaspi,Philippines,Link: city page,https://www.discovercars.com/philippines/legazpi,"Legaspi, Filipīnas","Bicol International Airport (DRP), Albay, Philippines",Bicol International Airport (LGP),15,"airport matched by name, not code"
manila,Manila,Philippines,Link: city page,https://www.discovercars.com/philippines/manila,"Manila, Philippines","Ninoy Aquino International Airport (MNL), Manila, Philippines",Ninoy Aquino International Airport (MNL),7,
panglao,Panglao,Philippines,Link: city page,https://www.discovercars.com/philippines/bohol,"Bohol, Philippines",,Bohol-Panglao International Airport,7,
puerto-princesa,Puerto Princesa,Philippines,Link: city page,https://www.discovercars.com/philippines/puerto-princesa,"Puerto Princesa, Philippines","Puerto Princesa International Airport (PPS), Puerto Princesa, Philippines",Puerto Princesa International Airport (PPS),3,
siargao,Siargao,Philippines,Link: city page,https://www.discovercars.com/philippines/siargao,"Siargao, Philippines",,Sayak Airport,40,
gdansk,Gdańsk,Poland,Link: city page,https://www.discovercars.com/poland/gdansk,"Gdansk, Poland","Gdansk Airport (GDN), Gdansk, Poland",Gdańsk Lech Wałęsa Airport (GDN),12,
krakow,Kraków,Poland,Link: city page,https://www.discovercars.com/poland/krakow,"Krakow, Poland","Krakow Airport (KRK), Krakow, Poland",John Paul II International Airport Kraków-Balice (KRK),15,
poznan,Poznań,Poland,Link: city page,https://www.discovercars.com/poland/poznan,"Poznan, Poland","Poznan–Lawica Airport (POZ), Poznan, Poland",Poznań–Ławica Airport (POZ),6,
sopot,Sopot,Poland,Link: city page,https://www.discovercars.com/poland/sopot,"Sopot, Poland","Gdansk Airport (GDN), Gdansk, Poland",Gdańsk Lech Wałęsa Airport (GDN),15,
warsaw,Warsaw,Poland,Link: city page,https://www.discovercars.com/poland/warsaw,"Warsaw, Poland","Warsaw Airport (WAW), Warsaw, Poland",Warsaw Chopin Airport (WAW),9,
wroclaw,Wrocław,Poland,Link: city page,https://www.discovercars.com/poland/wroclaw,"Wroclaw, Poland","Wroclaw Airport (WRO), Wroclaw, Poland",Wrocław–Copernicus Airport (WRO),10,
coimbra,Coimbra,Portugal,Link: city page,https://www.discovercars.com/portugal/coimbra,"Coimbra, Portugal","Porto Airport (OPO), Porto, Portugal",Porto Francisco Sá Carneiro Airport (OPO),118,
faro,Faro,Portugal,Link: city page,https://www.discovercars.com/portugal/faro,"Faro, Portugal","Faro Airport (FAO), Faro, Portugal",Faro Airport (FAO),7,
funchal,Funchal,Portugal,Link: city page,https://www.discovercars.com/portugal/funchal,"Funchal, Portugal","Madeira Airport (Funchal) (FNC), Madeira, Portugal",Cristiano Ronaldo Madeira International Airport (FNC),18,
lisbon,Lisbon,Portugal,Link: city page,https://www.discovercars.com/portugal/lisbon,"Lisbon, Portugal","Lisbon Airport (LIS), Lisbon, Portugal",Humberto Delgado Airport (Lisbon) (LIS),7,
porto,Porto,Portugal,Link: city page,https://www.discovercars.com/portugal/porto,"Porto, Portugal","Porto Airport (OPO), Porto, Portugal",Francisco Sá Carneiro Airport (OPO),11,
ponce,Ponce,Puerto Rico,Link: city page,https://www.discovercars.com/puerto-rico/ponce,"Ponce, Puerto Rico","Ponce Mercedita Airport (PSE), Ponce, Puerto Rico",Mercedita Airport (PSE),8,
san-juan,San Juan,Puerto Rico,Link: city page,https://www.discovercars.com/puerto-rico/san-juan,"San Juan, Puerto Rico","San Juan Luis Munoz Airport (SJU), San Juan, Puerto Rico",Luis Muñoz Marín International Airport (SJU),10,
doha,Doha,Qatar,Link: city page,https://www.discovercars.com/qatar/doha,"Doha, Qatar","Hamad International Airport (DOH), Doha, Qatar",Hamad International Airport (DOH),16,
brasov,Brașov,Romania,Link: city page,https://www.discovercars.com/romania/brasov,"Brasov, Romania",,Brașov-Ghimbav International Airport (BRV),12,
bucharest,Bucharest,Romania,Link: city page,https://www.discovercars.com/romania/bucharest,"Bucharest, Romania","Bucharest Airport Otopeni (OTP), Bucharest, Romania",Henri Coandă International Airport (OTP),16.5,
cluj-napoca,Cluj-Napoca,Romania,Link: city page,https://www.discovercars.com/romania/cluj-napoca,"Cluj-Napoca, Romania","Cluj-Napoca Airport (CLJ), Cluj-Napoca, Romania",Avram Iancu Cluj International Airport (CLJ),9,
constanta,Constanța,Romania,Link: city page,https://www.discovercars.com/romania/constanta,"Constanta, Romania","Constanta Airport (CND), Constanta, Romania",Mihail Kogălniceanu International Airport (CND),25,
sibiu,Sibiu,Romania,Link: city page,https://www.discovercars.com/romania/sibiu,"Sibiu, Romania","Sibiu Airport (SBZ), Sibiu, Romania",Sibiu International Airport (SBZ),5,
kigali,Kigali,Rwanda,Link: city page,https://www.discovercars.com/rwanda/kigali,"Kigali, Rwanda","Kigali International Airport (KGL), Kigali, Rwanda",Kigali International Airport (KGL),5,
saint-denis,Saint-Denis,Réunion,Link: city page,https://www.discovercars.com/la-reunion/saint-denis,"Saint Denis, Reunion","Saint Denis (Roland Garros) Airport (RUN), Saint Denis, Reunion",Roland Garros Airport (RUN),10,
marigot,Marigot,Saint-Martin,Link: city page,https://www.discovercars.com/saint-martin/marigot,"Marigot, Saint Martin","Princess Juliana Int. Airport (SXM), Sint Maarten, Sint Maarten",Princess Juliana International Airport (SXM); Grand Case–Espérance Airport (SFG) for regional flights,13,
abha,Abha,Saudi Arabia,Link: city page,https://www.discovercars.com/saudi-arabia/abha,"Abha, Saudi Arabia","Abha International Airport (AHB), Abha, Saudi Arabia",Abha International Airport (AHB),25,
jeddah,Jeddah,Saudi Arabia,Link: city page,https://www.discovercars.com/saudi-arabia/jeddah,"Jeddah, Saudi Arabia","Jeddah International Airport (JED), Jeddah, Saudi Arabia",King Abdulaziz International Airport (JED),19,
mecca,Mecca,Saudi Arabia,Link: city page,https://www.discovercars.com/saudi-arabia/makkah,"Makkah, Saudi Arabia","Jeddah International Airport (JED), Jeddah, Saudi Arabia",King Abdulaziz International Airport (JED) - Jeddah,95,
medina,Medina,Saudi Arabia,Link: city page,https://www.discovercars.com/saudi-arabia/medina,"Medina, Saudi Arabia","Medina Airport (MED), Medina, Saudi Arabia",Prince Mohammad bin Abdulaziz International Airport (MED),15,
riyadh,Riyadh,Saudi Arabia,Link: city page,https://www.discovercars.com/saudi-arabia/riyadh,"Riyadh, Saudi Arabia","Riyadh Airport (RUH), Riyadh, Saudi Arabia",King Khalid International Airport (RUH),36,
ta-if,Ta'if,Saudi Arabia,Link: city page,https://www.discovercars.com/saudi-arabia/taif,"Taif, Saudi Arabia","Taif International Airport (TIF), Taif, Saudi Arabia",Taif International Airport (TIF),25,
dakar,Dakar,Senegal,Link: city page,https://www.discovercars.com/senegal/dakar,"Dakar, Senegal","Blaise Diagne International Airport (DSS), Dakar, Senegal",Blaise Diagne International Airport,43,"airport matched by name, not code"
belgrade,Belgrade,Serbia,Link: city page,https://www.discovercars.com/serbia/belgrade,"Belgrade, Serbia","Belgrade Airport (BEG), Belgrade, Serbia",Belgrade Nikola Tesla Airport (BEG),18,
novi-sad,Novi Sad,Serbia,Link: city page,https://www.discovercars.com/serbia/novi-sad,"Novi Sad, Serbia","Belgrade Airport (BEG), Belgrade, Serbia",Belgrade Nikola Tesla Airport (BEG),100,
victoria,Victoria,Seychelles,Link: city page,https://www.discovercars.com/seychelles/victoria,"Victoria, Seychelles","Seychelles Airport (SEZ), Victoria, Seychelles",Seychelles International Airport (SEZ),6.5,
singapore,Singapore,Singapore,Link: city page,https://www.discovercars.com/singapore/singapore,"Singapore, Singapore","Singapore Changi Airport (SIN), Singapore, Singapore",Changi (SIN),20,"airport matched by name, not code"
philipsburg,Philipsburg,Sint Maarten,Link: city page,https://www.discovercars.com/saint-marteen/sint-maarten,"Philipsburg, Sint Maarten","Princess Juliana Int. Airport (SXM), Sint Maarten, Sint Maarten",Princess Juliana International Airport (SXM),10,
bratislava,Bratislava,Slovakia,Link: city page,https://www.discovercars.com/slovakia/bratislava,"Bratislava, Slovakia","Bratislava Airport (BTS), Bratislava, Slovakia",M. R. Štefánik Airport (BTS),9,
poprad,Poprad,Slovakia,Link: city page,https://www.discovercars.com/slovakia/poprad,"Poprad, Slovakia",,Poprad-Tatry Airport (TAT),5,
ljubljana,Ljubljana,Slovenia,Link: city page,https://www.discovercars.com/slovenia/ljubljana,"Ljubljana, Slovenia","Ljubljana Airport (LJU), Ljubljana, Slovenia",Ljubljana Jože Pučnik Airport (LJU),26,
cape-town,Cape Town,South Africa,Link: city page,https://www.discovercars.com/south-africa/cape-town,"Cape Town, South Africa","Cape Town Airport (CPT), Cape Town, South Africa",Cape Town Int'l (CPT),20,
durban,Durban,South Africa,Link: city page,https://www.discovercars.com/south-africa/durban,"Durban, South Africa","King Shaka International Airport (DUR), Durban, South Africa",King Shaka International Airport (DUR),35,
johannesburg,Johannesburg,South Africa,Link: city page,https://www.discovercars.com/south-africa/johannesburg,"Johannesburg, South Africa","O.R. Tambo International Airport (JNB), Johannesburg, South Africa",O.R. Tambo Int'l (JNB),24,
knysna,Knysna,South Africa,Link: city page,https://www.discovercars.com/south-africa/knysna,"Knysna, South Africa","George Airport (GRJ), George, South Africa",George Airport,65,"airport matched by name, not code"
nelspruit,Nelspruit,South Africa,Link: city page,https://www.discovercars.com/south-africa/nelspruit,"Nelspruit, South Africa","Kruger Mpumalanga International Airport (MQP), Nelspruit, South Africa",Kruger Mpumalanga International Airport (MQP/KMIA),28,
plettenberg-bay,Plettenberg Bay,South Africa,Link: city page,https://www.discovercars.com/south-africa/plettenberg-bay,"Plettenberg Bay, South Africa","George Airport (GRJ), George, South Africa",George Airport (main regional gateway),45,"airport matched by name, not code"
port-elizabeth,Port Elizabeth,South Africa,Link: city page,https://www.discovercars.com/south-africa/port-elizabeth,"Port Elizabeth, South Africa","Port Elizabeth Airport (PLZ), Port Elizabeth, South Africa",Chief Dawid Stuurman International Airport (PLZ),4,
pretoria,Pretoria,South Africa,Link: city page,https://www.discovercars.com/south-africa/pretoria,"Pretoria, South Africa","O.R. Tambo International Airport (JNB), Johannesburg, South Africa",OR Tambo International Airport (JNB),55,
busan,Busan,South Korea,Link: city page,https://www.discovercars.com/south-korea/busan,"Busan, South Korea","Busan Gimhae Int. Airport (PUS), Busan, South Korea",Gimhae International Airport (PUS),16,
jeju-city,Jeju City,South Korea,Link: city page,https://www.discovercars.com/south-korea/jeju,"Jeju, South Korea","Jeju International Airport (CJU), Jeju, South Korea",Jeju International Airport (CJU),4,
seoul,Seoul,South Korea,Link: city page,https://www.discovercars.com/south-korea/seoul,"Seoul, South Korea","Incheon Int. Airport (ICN), Incheon, South Korea",Incheon (ICN),48,
alicante,Alicante,Spain,Link: city page,https://www.discovercars.com/spain/alicante,"Alicante, Spain","Alicante Airport (ALC), Alicante, Spain",Alicante-Elche Miguel Hernández Airport (ALC),11,
barcelona,Barcelona,Spain,Link: city page,https://www.discovercars.com/spain/barcelona,"Barcelona, Spain","Barcelona Airport (BCN), Barcelona, Spain",Barcelona-El Prat (BCN),13,
bilbao,Bilbao,Spain,Link: city page,https://www.discovercars.com/spain/bilbao,"Bilbao, Spain","Bilbao Airport (BIO), Bilbao, Spain",Bilbao Airport (BIO),12,
cadiz,Cadiz,Spain,Link: city page,https://www.discovercars.com/spain/cadiz,"Cadiz, Spain","Jerez La Parra Airport (XRY), Jerez, Spain",Jerez Airport (XRY),35,
cordoba,Córdoba,Spain,Link: city page,https://www.discovercars.com/spain/cordoba,"Cordoba, Spain","Seville Airport (SVQ), Seville, Spain",Seville Airport (SVQ) — nearest with scheduled flights (~130 km); Córdoba's own airport has no regular commercial service,130,
girona,Girona,Spain,Link: city page,https://www.discovercars.com/spain/girona,"Girona, Spain",,Girona-Costa Brava Airport,13,
granada,Granada,Spain,Link: city page,https://www.discovercars.com/spain/granada,"Granada, Spain","Granada Airport (GRX), Granada, Spain",Federico García Lorca Granada Airport (GRX),15,
ibiza,Ibiza,Spain,Link: city page,https://www.discovercars.com/spain-balearic-islands/ibiza,"Ibiza, Spain - Balearic Islands","Ibiza Airport (IBZ), Ibiza, Spain - Balearic Islands",Ibiza Airport (IBZ),7,
jerez-de-la-frontera,Jerez de la Frontera,Spain,Link: city page,https://www.discovercars.com/spain/jerez,"Jerez, Spain","Jerez La Parra Airport (XRY), Jerez, Spain",Jerez Airport (XRY),9,
las-palmas-de-gran-canaria,Las Palmas de Gran Canaria,Spain,Link: city page,https://www.discovercars.com/spain-canary-islands/gran-canaria,"Gran Canaria, Spain - Canary Islands","Gran Canaria Airport (LPA), Gran Canaria, Spain - Canary Islands",Gran Canaria Airport (LPA),20,
madrid,Madrid,Spain,Link: city page,https://www.discovercars.com/spain/madrid,"Madrid, Spain","Madrid Airport (MAD), Madrid, Spain",Adolfo Suárez Madrid–Barajas (MAD),13,
marbella,Marbella,Spain,Link: city page,https://www.discovercars.com/spain/marbella,"Marbella, Spain","Malaga Airport (AGP), Malaga, Spain",Málaga-Costa del Sol Airport (AGP),50,
malaga,Málaga,Spain,Link: city page,https://www.discovercars.com/spain/malaga,"Malaga, Spain","Malaga Airport (AGP), Malaga, Spain",Málaga–Costa del Sol Airport (AGP),8,
palma-de-mallorca,Palma de Mallorca,Spain,Link: city page,https://www.discovercars.com/spain-balearic-islands/mallorca,"Mallorca, Spain - Balearic Islands","Palma de Mallorca Airport (PMI), Mallorca, Spain - Balearic Islands",Palma de Mallorca Airport (PMI),11,
pamplona,Pamplona,Spain,Link: city page,https://www.discovercars.com/spain/pamplona,"Pamplona, Spain","Pamplona Airport (PNA), Pamplona, Spain",Pamplona Airport (PNA),6,
salamanca,Salamanca,Spain,Link: city page,https://www.discovercars.com/spain/salamanca,"Salamanca, Spain",,Salamanca Airport (SLM),17,
san-sebastian,San Sebastián,Spain,Link: city page,https://www.discovercars.com/spain/san-sebastian,"San Sebastian, Spain","San Sebastian Airport (EAS), San Sebastian, Spain","San Sebastián Airport (EAS), Hondarribia",20,
santa-cruz-de-tenerife,Santa Cruz de Tenerife,Spain,Link: city page,https://www.discovercars.com/spain-canary-islands/tenerife,"Tenerife, Spain - Canary Islands","Tenerife Airport North (TFN), Tenerife, Spain - Canary Islands",Tenerife North Airport (TFN),11,
santander,Santander,Spain,Link: city page,https://www.discovercars.com/spain/santander,"Santander, Spain","Santander Airport (SDR), Santander, Spain",Seve Ballesteros-Santander Airport (SDR),5,
santiago-de-compostela,Santiago de Compostela,Spain,Link: city page,https://www.discovercars.com/spain/santiago-de-compostela,"Santiago de Compostela, Spain",,Santiago-Rosalía de Castro Airport,11,
seville,Seville,Spain,Link: city page,https://www.discovercars.com/spain/seville,"Seville, Spain","Seville Airport (SVQ), Seville, Spain",Seville Airport (SVQ),10,
tarragona,Tarragona,Spain,Link: city page,https://www.discovercars.com/spain/tarragona,"Tarragona, Spain","Reus Airport (REU), Reus, Spain",Reus Airport (REU),18,
valencia,Valencia,Spain,Link: city page,https://www.discovercars.com/spain/valencia,"Valencia, Spain","Valencia Airport (VLC), Valencia, Spain",Valencia Airport (VLC),9,
zaragoza,Zaragoza,Spain,Link: city page,https://www.discovercars.com/spain/zaragoza,"Zaragoza, Spain","Zaragoza Airport (ZAZ), Zaragoza, Spain",Zaragoza Airport (ZAZ),16,
colombo,Colombo,Sri Lanka,Link: city page,https://www.discovercars.com/sri-lanka/colombo,"Colombo, Sri Lanka","Colombo Bandaranaike Airport (CMB), Colombo, Sri Lanka",Bandaranaike International Airport (CMB),30,
negombo,Negombo,Sri Lanka,Link: city page,https://www.discovercars.com/sri-lanka/negombo,"Negombo, Sri Lanka","Colombo Bandaranaike Airport (CMB), Colombo, Sri Lanka",Bandaranaike International Airport (CMB),8,
paramaribo,Paramaribo,Suriname,Link: city page,https://www.discovercars.com/suriname/paramaribo,"Paramaribo, Suriname","Paramaribo Johan Adolf Pengel Airport (PBM), Paramaribo, Suriname",Johan Adolf Pengel International Airport (PBM),45,
gothenburg,Gothenburg,Sweden,Link: city page,https://www.discovercars.com/sweden/gothenburg,"Gothenburg, Sweden","Göteborg Landvetter Airport (GOT), Gothenburg, Sweden",Goteborg Landvetter Airport (GOT),25,
stockholm,Stockholm,Sweden,Link: city page,https://www.discovercars.com/sweden/stockholm,"Stockholm, Sweden","Stockholm Arlanda Airport (ARN), Stockholm, Sweden",Stockholm Arlanda Airport (ARN),37,
visby,Visby,Sweden,Link: city page,https://www.discovercars.com/sweden/visby,"Visby, Sweden","Visby Airport (VBY), Visby, Sweden",Visby Airport (VBY),4,
basel,Basel,Switzerland,Link: city page,https://www.discovercars.com/switzerland/basel,"Basel, Switzerland","Basel Airport (BSL), Basel, Switzerland",EuroAirport Basel-Mulhouse-Freiburg (BSL/MLH/EAP),7,
bern,Bern,Switzerland,Link: city page,https://www.discovercars.com/switzerland/bern,"Bern, Switzerland","Bern Airport (BRN), Bern, Switzerland",Bern Airport (BRN),9,
geneva,Geneva,Switzerland,Link: city page,https://www.discovercars.com/switzerland/geneva,"Geneva, Switzerland","Geneva Airport (GVA), Geneva, Switzerland",Geneva Airport (GVA),4,
lausanne,Lausanne,Switzerland,Link: city page,https://www.discovercars.com/switzerland/lausanne,"Lausanne, Switzerland","Geneva Airport (GVA), Geneva, Switzerland",Geneva Airport (GVA),62,
lugano,Lugano,Switzerland,Link: city page,https://www.discovercars.com/switzerland/lugano,"Lugano, Switzerland","Milan Airport Malpensa (MXP), Milan, Italy - Mainland",Milan Malpensa (MXP) — main international gateway; Lugano-Agno (LUG) is small with very limited flights,75,
zurich,Zurich,Switzerland,Link: city page,https://www.discovercars.com/switzerland/zurich,"Zurich, Switzerland","Zurich Airport (ZRH), Zurich, Switzerland",Zurich Airport (ZRH),12,
hualien-city,Hualien City,Taiwan,Link: city page,https://www.discovercars.com/taiwan/hualien,"Hualien, Taiwan","Hualien Airport (HUN), Hualien, Taiwan",Hualien Airport (HUN),8,"airport matched by name, not code"
kaohsiung,Kaohsiung,Taiwan,Link: city page,https://www.discovercars.com/taiwan/kaohsiung,"Kaohsiung, Taiwan","Kaohsiung International Airport (KHH), Kaohsiung, Taiwan",Kaohsiung International Airport (KHH),9,
taichung,Taichung,Taiwan,Link: city page,https://www.discovercars.com/taiwan/taichung,"Taichung, Taiwan","Taichung International Airport (RMQ), Taichung, Taiwan",Taichung International Airport (RMQ),12,
tainan,Tainan,Taiwan,Link: city page,https://www.discovercars.com/taiwan/tainan,"Tainan, Taiwan",,Tainan Airport (TNN),5,
taipei,Taipei,Taiwan,Link: city page,https://www.discovercars.com/taiwan/taipei,"Taipei, Taiwan","Taoyuan International Airport (TPE), Taoyuan, Taiwan",Taiwan Taoyuan International (TPE),40,
arusha,Arusha,Tanzania,Link: city page,https://www.discovercars.com/tanzania/arusha,"Arusha, Tanzania","Kilimanjaro Int. Airport (JRO), Kilimanjaro, Tanzania",Kilimanjaro International Airport (JRO),50,
dar-es-salaam,Dar es Salaam,Tanzania,Link: city page,https://www.discovercars.com/tanzania/dar-es-salaam,"Dar es Salaam, Tanzania","Dar es Salaam Int. Airport (DAR), Dar es Salaam, Tanzania",Julius Nyerere International Airport (DAR),12,
zanzibar-city,Zanzibar City,Tanzania,Link: city page,https://www.discovercars.com/tanzania/zanzibar,"Zanzibar, Tanzania","Zanzibar Airport (ZNZ), Zanzibar, Tanzania",Abeid Amani Karume International Airport (ZNZ),6,
bangkok,Bangkok,Thailand,Link: city page,https://www.discovercars.com/thailand/bangkok,"Bangkok, Thailand","Suvarnabhumi Airport (BKK), Bangkok, Thailand",Suvarnabhumi (BKK),30,
chiang-mai,Chiang Mai,Thailand,Link: city page,https://www.discovercars.com/thailand/chiang-mai,"Chiang Mai, Thailand","Chiang Mai Int. Airport (CNX), Chiang Mai, Thailand",Chiang Mai International Airport (CNX),4,
chiang-rai,Chiang Rai,Thailand,Link: city page,https://www.discovercars.com/thailand/chiang-rai,"Chiang Rai, Thailand",,Mae Fah Luang-Chiang Rai International Airport,8,
hua-hin,Hua Hin,Thailand,Link: city page,https://www.discovercars.com/thailand/hua-hin,"Hua Hin, Thailand",,"Suvarnabhumi Airport, Bangkok (main gateway)",200,
ko-samui,Ko Samui,Thailand,Link: city page,https://www.discovercars.com/thailand/ko-samui,"Ko Samui, Thailand",,Samui Airport,3,
krabi,Krabi,Thailand,Link: city page,https://www.discovercars.com/thailand/krabi,"Krabi, Thailand",,Krabi International Airport,15,
nakhon-ratchasima,Nakhon Ratchasima,Thailand,Link: city page,https://www.discovercars.com/thailand/nakhon-ratchasima,"Nakhon Ratchasima, Thailand","Suvarnabhumi Airport (BKK), Bangkok, Thailand","Suvarnabhumi Airport (BKK), Bangkok",260,
pattaya-chonburi,Pattaya-Chonburi,Thailand,Link: city page,https://www.discovercars.com/thailand/pattaya,"Pattaya, Thailand","U-Tapao International Airport (UTP), Rayong, Thailand",U-Tapao Rayong-Pattaya International Airport (UTP),42,
phitsanulok,Phitsanulok,Thailand,Link: city page,https://www.discovercars.com/thailand/phitsanulok,"Phitsanulok, Thailand","Phitsanulok Airport (PHS), Phitsanulok, Thailand",Phitsanulok Airport (PHS),5,
phuket,Phuket,Thailand,Link: city page,https://www.discovercars.com/thailand/phuket,"Phuket, Thailand","Phuket Int. Airport (HKT), Phuket, Thailand",Phuket Int'l (HKT),32,
sukhothai,Sukhothai,Thailand,Link: city page,https://www.discovercars.com/thailand/sukhothai,"Sukhothai, Thailand","Sukhothai Airport (THS), Sukhothai, Thailand",Sukhothai Airport,27,"airport matched by name, not code"
surat-thani,Surat Thani,Thailand,Link: city page,https://www.discovercars.com/thailand/surat-thani,"Surat Thani, Thailand","Surat Thani Airport (URT), Surat Thani, Thailand",Surat Thani International Airport (URT),25,
serekunda,Serekunda,The Gambia,Link: city page,https://www.discovercars.com/gambia/serekunda,"Serekunda, Gambia",,Banjul International Airport (Yundum) (BJL),15,
lome,Lomé,Togo,Link: city page,https://www.discovercars.com/togo/lome,"Lome, Togo","Lome–Tokoin Airport (LFW), Lome, Togo",Lomé–Tokoin International Airport (Gnassingbé Eyadéma International Airport) – LFW,5,
port-of-spain,Port of Spain,Trinidad and Tobago,Link: city page,https://www.discovercars.com/trinidad-and-tobago/port-of-spain,"Port of Spain, Trinidad and Tobago","Piarco International Airport (POS), Piarco, Trinidad and Tobago",Piarco International Airport,25,"airport matched by name, not code"
houmt-el-souk,Houmt El Souk,Tunisia,Link: city page,https://www.discovercars.com/tunisia/djerba,"Djerba, Tunisia","Djerba Airport (DJE), Djerba, Tunisia",Djerba-Zarzis International Airport (DJE),8,
monastir,Monastir,Tunisia,Link: city page,https://www.discovercars.com/tunisia/monastir,"Monastir, Tunisia",,Monastir Habib Bourguiba International Airport (MIR),8,
sousse,Sousse,Tunisia,Link: city page,https://www.discovercars.com/tunisia/sousse,"Sousse, Tunisia","Enfidha Airport (NBE), Enfidha, Tunisia",Enfidha-Hammamet International Airport (NBE),40,
tozeur,Tozeur,Tunisia,Link: city page,https://www.discovercars.com/tunisia/tozeur,"Tozeur, Tunisia",,Tozeur-Nefta International Airport (TOE),4,
tunis,Tunis,Tunisia,Link: city page,https://www.discovercars.com/tunisia/tunis,"Tunis, Tunisia","Tunis Carthage Airport (TUN), Tunis, Tunisia",Tunis–Carthage International Airport (TUN),8,
bodrum,Bodrum,Turkey,Link: city page,https://www.discovercars.com/turkey/bodrum,"Bodrum, Turkey",,Milas-Bodrum Airport,35,
goreme,Göreme,Turkey,Link: city page,https://www.discovercars.com/turkey/goreme,"Goreme, Turkey",,Nevşehir Kapadokya Airport,35,
trabzon,Trabzon,Turkey,Link: city page,https://www.discovercars.com/turkey/trabzon,"Trabzon, Turkey","Trabzon Airport (TZX), Trabzon, Turkey",Trabzon Airport (TZX),6,
alanya,Alanya,Türkiye,Link: city page,https://www.discovercars.com/turkey/alanya,"Alanya, Turkey","Gazipasa Airport (GZP), Gazipasa, Turkey",Gazipaşa-Alanya Airport (GZP),40,
ankara,Ankara,Türkiye,Link: city page,https://www.discovercars.com/turkey/ankara,"Ankara, Turkey","Ankara Airport (ESB), Ankara, Turkey",Esenboğa International Airport (ESB),28,
antalya,Antalya,Türkiye,Link: city page,https://www.discovercars.com/turkey/antalya,"Antalya, Turkey","Antalya Airport (AYT), Antalya, Turkey",Antalya (AYT),13,
bursa,Bursa,Türkiye,Link: city page,https://www.discovercars.com/turkey/bursa,"Bursa, Turkey","Bursa Yenisehir Airport (YEI), Bursa, Turkey",Bursa Yenişehir Airport (YEI),45,
denizli,Denizli,Türkiye,Link: city page,https://www.discovercars.com/turkey/denizli,"Denizli, Turkey","Denizli Airport (DNZ), Denizli, Turkey",Denizli Çardak Airport (DNZ),55,
edirne,Edirne,Türkiye,Link: city page,https://www.discovercars.com/turkey/edirne,"Edirne, Turkey","Istanbul Airport (IST), Istanbul, Turkey",Istanbul Airport (IST),230,
fethiye,Fethiye,Türkiye,Link: city page,https://www.discovercars.com/turkey/fethiye,"Fethiye, Turkey","Dalaman Airport (DLM), Dalaman, Turkey",Dalaman Airport,50,"airport matched by name, not code"
gaziantep,Gaziantep,Türkiye,Link: city page,https://www.discovercars.com/turkey/gaziantep,"Gaziantep, Turkey","Gaziantep Airport (GZT), Gaziantep, Turkey",Gaziantep Oğuzeli International Airport (GZT),20,
istanbul,Istanbul,Türkiye,Link: city page,https://www.discovercars.com/turkey/istanbul,"Istanbul, Turkey","Istanbul Airport (IST), Istanbul, Turkey",Istanbul (IST),40,
kayseri,Kayseri,Türkiye,Link: city page,https://www.discovercars.com/turkey/kayseri,"Kayseri, Turkey","Kayseri Airport (ASR), Kayseri, Turkey",Kayseri Erkilet International Airport (ASR),5,
kas,Kaş,Türkiye,Link: city page,https://www.discovercars.com/turkey/kas,"Kas, Turkey",,Dalaman or Antalya Airport,110,
konya,Konya,Türkiye,Link: city page,https://www.discovercars.com/turkey/konya,"Konya, Turkey","Konya Airport (KYA), Konya, Turkey",Konya Airport (KYA),18,
kusadasi,Kuşadası,Türkiye,Link: city page,https://www.discovercars.com/turkey/kusadasi,"Kusadasi, Turkey",,Izmir Adnan Menderes Airport,70,
mardin,Mardin,Türkiye,Link: city page,https://www.discovercars.com/turkey/mardin,"Mardin, Turkey","Mardin Airport (MQM), Mardin, Turkey",Mardin Airport,20,"airport matched by name, not code"
marmaris,Marmaris,Türkiye,Link: city page,https://www.discovercars.com/turkey/marmaris,"Marmaris, Turkey","Dalaman Airport (DLM), Dalaman, Turkey",Dalaman Airport,95,"airport matched by name, not code"
selcuk,Selçuk,Türkiye,Link: city page,https://www.discovercars.com/turkey/selcuk,"Selcuk, Turkey",,Izmir Adnan Menderes Airport,60,
cesme,Çeşme,Türkiye,Link: city page,https://www.discovercars.com/turkey/cesme,"Cesme, Turkey",,Izmir Adnan Menderes Airport,85,
izmir,İzmir,Türkiye,Link: city page,https://www.discovercars.com/turkey/izmir,"Izmir, Turkey","Izmir Airport (ADB), Izmir, Turkey",İzmir Adnan Menderes Airport (ADB),18,
sanliurfa,Şanlıurfa,Türkiye,Link: city page,https://www.discovercars.com/turkey/sanliurfa,"Sanliurfa, Turkey","Sanliurfa GAP Airport (GNY), Sanliurfa, Turkey",Şanlıurfa GAP Airport (GNY),35,
abu-dhabi,Abu Dhabi,UAE,Link: city page,https://www.discovercars.com/united-arab-emirates/abu-dhabi,"Abu Dhabi, United Arab Emirates","Abu Dhabi International Airport (AUH), Abu Dhabi, United Arab Emirates",Zayed International Airport (AUH),35,
dubai,Dubai,UAE,Link: city page,https://www.discovercars.com/united-arab-emirates/dubai,"Dubai, United Arab Emirates","Dubai Int. Airport (DXB), Dubai, United Arab Emirates",Dubai Int'l (DXB),13,
sharjah,Sharjah,UAE,Link: city page,https://www.discovercars.com/united-arab-emirates/sharjah,"Sharjah, United Arab Emirates","Sharjah Airport (SHJ), Sharjah, United Arab Emirates",Sharjah International Airport (SHJ),13,
kampala,Kampala,Uganda,Link: city page,https://www.discovercars.com/uganda/kampala,"Kampala, Uganda",,Entebbe International Airport (EBB),40,
kyiv,Kyiv,Ukraine,Link: city page,https://www.discovercars.com/ukraine/kiev,"Kyiv, Ukraine","Kyiv Boryspil Airport (KBP), Kyiv, Ukraine",Boryspil International Airport (KBP),29,
lviv,Lviv,Ukraine,Link: city page,https://www.discovercars.com/ukraine/lviv,"Lviv, Ukraine","Lviv Airport (LWO), Lviv, Ukraine",Lviv Danylo Halytskyi International Airport (LWO),6,
odessa,Odessa,Ukraine,Link: city page,https://www.discovercars.com/ukraine/odessa,"Odesa, Ukraine","Odesa Airport (ODS), Odesa, Ukraine",Odessa International Airport (ODS),12,
belfast,Belfast,United Kingdom,Link: city page,https://www.discovercars.com/united-kingdom/belfast,"Belfast, United Kingdom","Belfast International Airport (BFS), Belfast, United Kingdom",Belfast International Airport (BFS),24,
brighton,Brighton,United Kingdom,Link: city page,https://www.discovercars.com/united-kingdom/brighton,"Brighton, United Kingdom","London Airport Gatwick (LGW), Gatwick, United Kingdom",London Gatwick Airport (LGW),50,
bristol,Bristol,United Kingdom,Link: city page,https://www.discovercars.com/united-kingdom/bristol,"Bristol, United Kingdom","Bristol Airport (BRS), Bristol, United Kingdom",Bristol Airport (BRS),13,
cambridge,Cambridge,United Kingdom,Link: city page,https://www.discovercars.com/united-kingdom/cambridge,"Cambridge, United Kingdom","London Airport Stansted (STN), London, United Kingdom",London Stansted Airport (STN),50,
cardiff,Cardiff,United Kingdom,Link: city page,https://www.discovercars.com/united-kingdom/cardiff,"Cardiff, United Kingdom","Cardiff Airport (CWL), Cardiff, United Kingdom",Cardiff Airport (CWL),19,
durham,Durham,United Kingdom,Link: city page,https://www.discovercars.com/united-kingdom/durham,"Durham, United Kingdom",,Newcastle International Airport,32,
edinburgh,Edinburgh,United Kingdom,Link: city page,https://www.discovercars.com/united-kingdom/edinburgh,"Edinburgh, United Kingdom","Edinburgh Airport (EDI), Edinburgh, United Kingdom",Edinburgh Airport (EDI),13,
glasgow,Glasgow,United Kingdom,Link: city page,https://www.discovercars.com/united-kingdom/glasgow,"Glasgow, United Kingdom","Glasgow Airport (GLA), Glasgow, United Kingdom",Glasgow Airport (GLA),13,
inverness,Inverness,United Kingdom,Link: city page,https://www.discovercars.com/united-kingdom/inverness,"Inverness, United Kingdom","Inverness Airport (INV), Inverness, United Kingdom",Inverness Airport,15,"airport matched by name, not code"
liverpool,Liverpool,United Kingdom,Link: city page,https://www.discovercars.com/united-kingdom/liverpool,"Liverpool, United Kingdom","Liverpool Airport (LPL), Liverpool, United Kingdom",Liverpool John Lennon Airport (LPL),12,
london,London,United Kingdom,Link: city page,https://www.discovercars.com/united-kingdom/london,"London, United Kingdom","London Airport Heathrow (LHR), London, United Kingdom",Heathrow (LHR),24,
manchester,Manchester,United Kingdom,Link: city page,https://www.discovercars.com/united-kingdom/manchester,"Manchester, United Kingdom","Manchester Airport (MAN), Manchester, United Kingdom",Manchester Airport (MAN),16,"airport matched by name, not code"
oxford,Oxford,United Kingdom,Link: city page,https://www.discovercars.com/united-kingdom/oxford,"Oxford, United Kingdom","London Airport Heathrow (LHR), London, United Kingdom",London Heathrow Airport (LHR),90,
york,York,United Kingdom,Link: city page,https://www.discovercars.com/united-kingdom/york,"York, United Kingdom","Leeds Bradford Airport (LBA), Leeds, United Kingdom",Leeds Bradford Airport (LBA),38,
anaheim,Anaheim,United States,Link: city page,https://www.discovercars.com/usa-california/anaheim,"Anaheim, USA - California","John Wayne Airport (SNA), Santa Ana, USA - California","John Wayne Airport, Orange County (SNA)",22,
anchorage,Anchorage,United States,Link: city page,https://www.discovercars.com/usa-alaska/anchorage,"Anchorage, USA - Alaska",,Ted Stevens Anchorage International Airport (ANC),6,
atlanta,Atlanta,United States,Link: city page,https://www.discovercars.com/usa-georgia/atlanta,"Atlanta, USA - Georgia","Hartsfield-Jackson Atlanta Int. Airport (ATL), Atlanta, USA - Georgia",Hartsfield-Jackson Atlanta International Airport (ATL),16,
austin,Austin,United States,Link: city page,https://www.discovercars.com/usa-texas/austin,"Austin, USA - Texas",,Austin-Bergstrom International Airport (AUS),8,
boston,Boston,United States,Link: city page,https://www.discovercars.com/usa-massachusetts/boston,"Boston, USA - Massachusetts","Logan International Airport (BOS), Boston, USA - Massachusetts",Boston Logan International Airport (BOS),5,
charleston,Charleston,United States,Link: city page,https://www.discovercars.com/usa-south-carolina/charleston,"Charleston, USA - South Carolina","Charleston International Airport (CHS), Charleston, USA - South Carolina",Charleston International Airport (CHS),19,"more than one DiscoverCars city with this name in the country: Charleston (all locations), USA - South Carolina; Charleston (all locations), USA - West Virginia"
chicago,Chicago,United States,Link: city page,https://www.discovercars.com/usa-illinois/chicago,"Chicago, USA - Illinois","Chicago O'Hare Airport (ORD), Chicago, USA - Illinois",O'Hare (ORD),27,
dallas,Dallas,United States,Link: city page,https://www.discovercars.com/usa-texas/dallas,"Dallas, USA - Texas","Dallas Fort Worth International Airport (DFW), Dallas, USA - Texas",Dallas/Fort Worth International (DFW),30,"more than one DiscoverCars city with this name in the country: Dallas (all locations), USA - Texas"
denver,Denver,United States,Link: city page,https://www.discovercars.com/usa-colorado/denver,"Denver, USA - Colorado","Denver Airport (DEN), Denver, USA - Colorado",Denver International Airport (DEN),40,
detroit,Detroit,United States,Link: city page,https://www.discovercars.com/usa-michigan/detroit,"Detroit, USA - Michigan","Detroit Airport (DTW), Detroit, USA - Michigan",Detroit Metropolitan Wayne County Airport (DTW),32,
honolulu,Honolulu,United States,Link: city page,https://www.discovercars.com/usa-hawaii/honolulu,"Honolulu, USA - Hawaii","Honolulu Airport (HNL), Honolulu, USA - Hawaii",Daniel K. Inouye International Airport (HNL),14,
houston,Houston,United States,Link: city page,https://www.discovercars.com/usa-texas/houston,"Houston, USA - Texas","Houston George Bush Intercontinental Airport (IAH), Houston, USA - Texas",George Bush Intercontinental (IAH),37,
las-vegas,Las Vegas,United States,Link: city page,https://www.discovercars.com/usa-nevada/las-vegas,"Las Vegas, USA - Nevada","McCarran International Airport (LAS), Las Vegas, USA - Nevada",Harry Reid International (LAS),5,
los-angeles,Los Angeles,United States,Link: city page,https://www.discovercars.com/usa-california/los-angeles,"Los Angeles, USA - California","Los Angeles Airport (LAX), Los Angeles, USA - California",LAX,30,
memphis,Memphis,United States,Link: city page,https://www.discovercars.com/usa-tennessee/memphis,"Memphis, USA - Tennessee","Memphis International Airport (MEM), Memphis, USA - Tennessee",Memphis International Airport (MEM),11,
miami,Miami,United States,Link: city page,https://www.discovercars.com/usa-florida/miami,"Miami, USA - Florida","Miami International Airport (MIA), Miami, USA - Florida",Miami International (MIA),15,
minneapolis,Minneapolis,United States,Link: city page,https://www.discovercars.com/usa-minnesota/minneapolis,"Minneapolis, USA - Minnesota","Minneapolis–Saint Paul International Airport (MSP), Minneapolis, USA - Minnesota",Minneapolis-Saint Paul International Airport (MSP),16,
nashville,Nashville,United States,Link: city page,https://www.discovercars.com/usa-tennessee/nashville,"Nashville, USA - Tennessee","Nashville International Airport (BNA), Nashville, USA - Tennessee",Nashville International Airport (BNA),13,
new-orleans,New Orleans,United States,Link: city page,https://www.discovercars.com/usa-louisiana/new-orleans,"New Orleans, USA - Louisiana","Louis Armstrong New Orleans International Airport (MSY), New Orleans, USA - Louisiana",Louis Armstrong New Orleans International Airport (MSY),18,
new-york,New York,United States,Link: city page,https://www.discovercars.com/usa-new-york/new-york,"New York, USA - New York","New York International Airport Kennedy (JFK), New York, USA - New York",JFK,26,
orlando,Orlando,United States,Link: city page,https://www.discovercars.com/usa-florida/orlando,"Orlando, USA - Florida","Orlando Int. Airport (MCO), Orlando, USA - Florida",Orlando International (MCO),18,
philadelphia,Philadelphia,United States,Link: city page,https://www.discovercars.com/usa-pennsylvania/philadelphia,"Philadelphia, USA - Pennsylvania","Philadelphia International Airport (PHL), Philadelphia, USA - Pennsylvania",Philadelphia International Airport (PHL),11,
phoenix,Phoenix,United States,Link: city page,https://www.discovercars.com/usa-arizona/phoenix,"Phoenix, USA - Arizona","Phoenix Sky Harbor Int.Airport (PHX), Phoenix, USA - Arizona",Phoenix Sky Harbor International Airport (PHX),5,
pittsburgh,Pittsburgh,United States,Link: city page,https://www.discovercars.com/usa-pennsylvania/pittsburgh,"Pittsburgh, USA - Pennsylvania","Pittsburgh International Airport (PIT), Pittsburgh, USA - Pennsylvania",Pittsburgh International Airport (PIT),29,
portland,Portland,United States,Link: city page,https://www.discovercars.com/usa-oregon/portland,"Portland, USA - Oregon","Portland Airport (PDX), Portland, USA - Oregon",Portland International Airport (PDX),19,"more than one DiscoverCars city with this name in the country: Portland (all locations), USA - Maine; Portland (all locations), USA - Oregon"
reno,Reno,United States,Link: city page,https://www.discovercars.com/usa-nevada/reno,"Reno, USA - Nevada","Reno/Tahoe International Airport (RNO), Reno, USA - Nevada",Reno-Tahoe International Airport (RNO),6,
salt-lake-city,Salt Lake City,United States,Link: city page,https://www.discovercars.com/usa-utah/salt-lake-city,"Salt Lake City, USA - Utah","Salt Lake City International Airport (SLC), Salt Lake City, USA - Utah",Salt Lake City International Airport (SLC),6,
san-antonio,San Antonio,United States,Link: city page,https://www.discovercars.com/usa-texas/san-antonio,"San Antonio, USA - Texas","San Antonio International Airport (SAT), San Antonio, USA - Texas",San Antonio International Airport (SAT),13,
san-diego,San Diego,United States,Link: city page,https://www.discovercars.com/usa-california/san-diego,"San Diego, USA - California",,"San Diego International Airport (SAN, Lindbergh Field)",5,
san-francisco,San Francisco,United States,Link: city page,https://www.discovercars.com/usa-california/san-francisco,"San Francisco, USA - California","San Francisco Airport (SFO), San Francisco, USA - California",San Francisco International Airport (SFO),21,
seattle,Seattle,United States,Link: city page,https://www.discovercars.com/usa-washington/seattle,"Seattle, USA - Washington","Seattle-Tacoma International Airport (SEA), Seattle, USA - Washington",Seattle-Tacoma International (SEA),22,
tampa,Tampa,United States,Link: city page,https://www.discovercars.com/usa-florida/tampa,"Tampa, USA - Florida","Tampa Airport (TPA), Tampa, USA - Florida",Tampa International Airport (TPA),10,
washington-d-c,"Washington, D.C.",United States,Link: city page,https://www.discovercars.com/usa-washington-dc/washington-dc,"Washington DC, USA - Washington DC","Ronald Reagan Washington National Airport (DCA), Arlington, USA - Virginia",Ronald Reagan Washington National Airport (DCA),5,
montevideo,Montevideo,Uruguay,Link: city page,https://www.discovercars.com/uruguay/montevideo,"Montevideo, Uruguay","Montevideo Airport (MVD), Montevideo, Uruguay",Carrasco International Airport (MVD),19,
bukhara,Bukhara,Uzbekistan,Link: city page,https://www.discovercars.com/uzbekistan/kogon,"Kogon, Uzbekistan",,Bukhara International Airport (BHK),5,
samarkand,Samarkand,Uzbekistan,Link: city page,https://www.discovercars.com/uzbekistan/samarkand,"Samarkand, Uzbekistan","Samarkand International Airport (SKD), Samarkand, Uzbekistan",Samarkand International Airport (SKD),8,
tashkent,Tashkent,Uzbekistan,Link: city page,https://www.discovercars.com/uzbekistan/tashkent,"Tashkent, Uzbekistan","Tashkent Airport (TAS), Tashkent, Uzbekistan",Islam Karimov Tashkent International Airport (TAS),12,
port-vila,Port Vila,Vanuatu,Link: city page,https://www.discovercars.com/vanuatu/port-vila,"Port Vila, Vanuatu","Bauerfield International Airport (VLI), Port Vila, Vanuatu",Bauerfield International Airport (VLI),6,
laayoune,Laayoune,Western Sahara,Link: city page,https://www.discovercars.com/morocco/laayoune,"Laayoune, Morocco",,Hassan I Airport (EUN),2,DiscoverCars lists it under Morocco
livingstone,Livingstone,Zambia,Link: city page,https://www.discovercars.com/zambia/livingstone,"Livingstone, Zambia","Livingstone Airport (LVI), Livingstone, Zambia",Harry Mwaanga Nkumbula International Airport (LVI),6,
lusaka,Lusaka,Zambia,Link: city page,https://www.discovercars.com/zambia/lusaka,"Lusaka, Zambia","Kenneth Kaunda International Airport (LUN), Lusaka, Zambia",Kenneth Kaunda International Airport (LUN),27,
bulawayo,Bulawayo,Zimbabwe,Link: city page,https://www.discovercars.com/zimbabwe/bulawayo,"Bulawayo, Zimbabwe","Bulawayo Airport (BUQ), Bulawayo, Zimbabwe",Joshua Mqabuko Nkomo International Airport (BUQ),22,
harare,Harare,Zimbabwe,Link: city page,https://www.discovercars.com/zimbabwe/harare,"Harare, Zimbabwe","Harare International Airport (HRE), Harare, Zimbabwe",Robert Gabriel Mugabe International Airport (HRE),15,
victoria-falls,Victoria Falls,Zimbabwe,Link: city page,https://www.discovercars.com/zimbabwe/victoria-falls,"Victoria Falls, Zimbabwe","Victoria Falls Airport (VFA), Victoria Falls, Zimbabwe",Victoria Falls International Airport (VFA),18,
brugge,Brugge,Belgium,Link: airport page,https://www.discovercars.com/belgium/brussels/bru,"Bruges, Belgium","Brussels Airport (BRU), Brussels, Belgium",Brussels Airport (BRU),90,
pilsen,Pilsen,Czechia,Link: airport page,https://www.discovercars.com/czech-republic/prague/prg,"Pilsen, Czech Republic","Prague Airport (PRG), Prague, Czech Republic",Václav Havel Airport Prague (PRG),90,
dahab,Dahab,Egypt,Link: airport page,https://www.discovercars.com/egypt/sharm-el-sheikh/ssh,"Sharm El Sheikh, Egypt","Sharm El Sheikh Airport (SSH), Sharm El Sheikh, Egypt",Sharm El Sheikh International Airport (nearest major gateway),95,
hurghada,Hurghada,Egypt,Link: airport page,https://www.discovercars.com/egypt/hurghada-red-sea/hrg,"Hurghada, Red Sea, Egypt","Hurghada International Airport (HRG), Hurghada, Red Sea, Egypt",Hurghada International Airport,6,"airport matched by name, not code"
marne-la-vallee,Marne-la-Vallée,France,Link: airport page,https://www.discovercars.com/france/paris/cdg,"Marne-la-Vallee, France","Paris Charles de Gaulle Airport (CDG), Paris, France",Paris Charles de Gaulle Airport (CDG),40,
mont-saint-michel,Mont-Saint-Michel,France,Link: airport page,https://www.discovercars.com/france/rennes/rns,"Rennes, France","Rennes–Saint-Jacques Airport (RNS), Rennes, France",Rennes Airport (main regional gateway),65,
lubeck,Lübeck,Germany,Link: airport page,https://www.discovercars.com/germany/hamburg/ham,"Lübeck, Germany","Hamburg Airport (HAM), Hamburg, Germany",Hamburg Airport (HAM),65,"more than one DiscoverCars city with this name in the country: Lübeck (all locations), Germany"
nuremberg,Nuremberg,Germany,Link: airport page,https://www.discovercars.com/germany/nurnberg/nue,"Nurnberg, Germany","Nurnberg Airport (NUE), Nurnberg, Germany",Nuremberg Airport Albrecht Dürer (NUE),6,
mytilene,Mytilene,Greece,Link: airport page,https://www.discovercars.com/greece/lesvos/mjt,"Mytilene, Greece","Airport Mytilene (Lesbos) (MJT), Lesvos, Greece",Mytilene International Airport 'Odysseas Elytis' (MJT),7,
cinque-terre,Cinque Terre,Italy,Link: airport page,https://www.discovercars.com/italy-mainland/genova/goa,"Genoa, Italy - Mainland","Genoa Airport (GOA), Genoa, Italy - Mainland",Genoa Cristoforo Colombo Airport,90,
genoa,Genoa,Italy,Link: airport page,https://www.discovercars.com/italy-mainland/genova/goa,"Genoa, Italy - Mainland","Genoa Airport (GOA), Genoa, Italy - Mainland",Genoa Cristoforo Colombo Airport (GOA),7,
positano,Positano,Italy,Link: airport page,https://www.discovercars.com/italy-mainland/naples/nap,"Naples, Italy - Mainland","Naples Airport (NAP), Naples, Italy - Mainland",Naples International Airport,65,
himeji,Himeji,Japan,Link: airport page,https://www.discovercars.com/japan/osaka/kix,"Osaka, Japan","Osaka Kansai Airport (KIX), Osaka, Japan",Kansai Int'l (KIX),110,
kamakura,Kamakura,Japan,Link: airport page,https://www.discovercars.com/japan/tokyo/hnd,"Tokyo, Japan","Tokyo Haneda Airport (HND), Tokyo, Japan",Tokyo Haneda Airport (HND),50,
kusatsu,Kusatsu,Japan,Link: airport page,https://www.discovercars.com/japan/tokyo/hnd,"Tokyo, Japan","Tokyo Haneda Airport (HND), Tokyo, Japan",Tokyo Haneda Airport (HND),220,airport is 220 km from the city
nakuru,Nakuru,Kenya,Link: airport page,https://www.discovercars.com/kenya/nairobi/nbo,"Nairobi, Kenya","Nairobi J.Kenyatta Airport (NBO), Nairobi, Kenya",Jomo Kenyatta International Airport (Nairobi),160,airport is 160 km from the city
vaduz,Vaduz,Liechtenstein,Link: airport page,https://www.discovercars.com/switzerland/zurich/zrh,"Zurich, Switzerland","Zurich Airport (ZRH), Zurich, Switzerland",Zurich Airport (ZRH),130,
johor-bahru,Johor Bahru,Malaysia,Link: airport page,https://www.discovercars.com/malaysia/johur-bharu/jhb,"Johor Bahru, Malaysia","Johor Bahru (Senai International) Airport (JHB), Johor Bahru, Malaysia",Senai International Airport (JHB),30,
chefchaouen,Chefchaouen,Morocco,Link: airport page,https://www.discovercars.com/morocco/tangier/tng,"Tangier, Morocco","Tangier Airport (TNG), Tangier, Morocco",Tangier Ibn Battouta Airport,110,
fes,Fès,Morocco,Link: airport page,https://www.discovercars.com/morocco/fez/fez,"Fes, Morocco","Fes Airport (FEZ), Fes, Morocco",Fès–Saïss Airport (FEZ),15,
leon,León,Nicaragua,Link: airport page,https://www.discovercars.com/nicaragua/managua/mga,"Managua, Nicaragua","Managua Airport (MGA), Managua, Nicaragua",Augusto C. Sandino International Airport (MGA),90,"same name found only in another country: Mexico, Spain"
ica,Ica,Peru,Link: airport page,https://www.discovercars.com/peru/lima/lim,"Lima, Peru","Jorge Chavez International Airport (LIM), Lima, Peru",Jorge Chávez International Airport (Lima),300,"airport matched by name, not code | airport is 300 km from the city"
cebu-city,Cebu City,Philippines,Link: airport page,https://www.discovercars.com/philippines/lapu-lapu-city/ceb,"Lapu-Lapu City, Philippines","Lapu-Lapu City Mactan Cebu International Airport (CEB), Lapu-Lapu City, Philippines",Mactan-Cebu International Airport (CEB),15,
san-marino,San Marino,San Marino,Link: airport page,https://www.discovercars.com/italy-mainland/rimini/rmi,"Rimini, Italy - Mainland","Rimini Airport (RMI), Rimini, Italy - Mainland","Federico Fellini International Airport, Rimini (RMI)",24,
saint-louis,Saint-Louis,Senegal,Link: airport page,https://www.discovercars.com/senegal/dakar/dss,"Dakar, Senegal","Blaise Diagne International Airport (DSS), Dakar, Senegal",Blaise Diagne International Airport (DSS),270,same name found only in another country: France | airport is 270 km from the city
bentota,Bentota,Sri Lanka,Link: airport page,https://www.discovercars.com/sri-lanka/colombo/cmb,"Colombo, Sri Lanka","Colombo Bandaranaike Airport (CMB), Colombo, Sri Lanka",Bandaranaike International Airport (Colombo),65,
galle,Galle,Sri Lanka,Link: airport page,https://www.discovercars.com/sri-lanka/colombo/cmb,"Colombo, Sri Lanka","Colombo Bandaranaike Airport (CMB), Colombo, Sri Lanka","Bandaranaike International Airport (CMB), Colombo",130,
kandy,Kandy,Sri Lanka,Link: airport page,https://www.discovercars.com/sri-lanka/colombo/cmb,"Colombo, Sri Lanka","Colombo Bandaranaike Airport (CMB), Colombo, Sri Lanka",Bandaranaike International Airport (CMB),110,
sigiriya,Sigiriya,Sri Lanka,Link: airport page,https://www.discovercars.com/sri-lanka/colombo/cmb,"Colombo, Sri Lanka","Colombo Bandaranaike Airport (CMB), Colombo, Sri Lanka","Bandaranaike International Airport, Colombo (main gateway)",170,airport is 170 km from the city
malmo,Malmö,Sweden,Link: airport page,https://www.discovercars.com/denmark/copenhagen/cph,"Malmö, Sweden","Copenhagen Airport (CPH), Copenhagen, Denmark","Copenhagen Airport, Kastrup (CPH)",29,
moshi,Moshi,Tanzania,Link: airport page,https://www.discovercars.com/tanzania/kilimanjaro/jro,"Kilimanjaro, Tanzania","Kilimanjaro Int. Airport (JRO), Kilimanjaro, Tanzania",Kilimanjaro International Airport (JRO),45,
kanchanaburi,Kanchanaburi,Thailand,Link: airport page,https://www.discovercars.com/thailand/bangkok/bkk,"Bangkok, Thailand","Suvarnabhumi Airport (BKK), Bangkok, Thailand","Suvarnabhumi Airport, Bangkok (main gateway)",130,
pai,Pai,Thailand,Link: airport page,https://www.discovercars.com/thailand/chiang-mai/cnx,"Chiang Mai, Thailand","Chiang Mai Int. Airport (CNX), Chiang Mai, Thailand",Chiang Mai International Airport (main gateway),135,
windermere,Windermere,United Kingdom,Link: airport page,https://www.discovercars.com/united-kingdom/manchester/man,"Manchester, United Kingdom","Manchester Airport (MAN), Manchester, United Kingdom",Manchester Airport,145,"airport matched by name, not code"
scottsdale,Scottsdale,United States,Link: airport page,https://www.discovercars.com/usa-arizona/phoenix/phx,"Scottsdale, USA - Arizona","Phoenix Sky Harbor Int.Airport (PHX), Phoenix, USA - Arizona",Phoenix Sky Harbor International Airport (PHX),15,
vatican-city,Vatican City,Vatican,Link: airport page,https://www.discovercars.com/italy-mainland/rome/fco,"Rome, Italy - Mainland","Rome Fiumicino Airport (FCO), Rome, Italy - Mainland",Fiumicino (FCO),34,
nassau,Nassau,Bahamas,"Listed, no landing page",,"Nassau, Bahamas",,Lynden Pindling International Airport (NAS),13,
santa-cruz-de-la-sierra,Santa Cruz de la Sierra,Bolivia,"Listed, no landing page",,"Santa Cruz de la Sierra, Bolivia","Viru Viru International Airport (VVI), Santa Cruz de la Sierra, Bolivia",Viru Viru International Airport (VVI),15,
road-town,Road Town,British Virgin Islands,"Listed, no landing page",,"Road Town, British Virgin Islands","Tortola Airport (EIS), Tortola, British Virgin Islands","Terrance B. Lettsome International Airport (EIS), Beef Island",15,
bandar-seri-begawan,Bandar Seri Begawan,Brunei,"Listed, no landing page",,"Bandar Seri Begawan, Brunei","Brunei International Airport (BWN), Bandar Seri Begawan, Brunei",Brunei International Airport (BWN),11,
praia,Praia,Cabo Verde,"Listed, no landing page",,"Praia, Cape Verde","Nelson Mandela International Airport, Praia, Cape Verde",Nelson Mandela International Airport (RAI),2,"airport matched by name, not code"
pucon,Pucón,Chile,"Listed, no landing page",,"Pucon, Chile",,La Araucanía International Airport (Temuco),100,
hong-kong,Hong Kong,China (SAR),"Listed, no landing page",,"Hong Kong, Hong Kong",,Hong Kong Int'l (HKG),34,
moroni,Moroni,Comoros,"Listed, no landing page",,"Comoros, Comoros","Prince Said Ibrahim International Airport, Comoros, Comoros",Prince Said Ibrahim International Airport (HAH),15,"airport matched by name, not code"
addis-ababa,Addis Ababa,Ethiopia,"Listed, no landing page",,"Addis Ababa, Ethiopia","Bole Addis Ababa International Airport (ADD), Addis Ababa, Ethiopia",Addis Ababa Bole International Airport (ADD),6,
cape-coast,Cape Coast,Ghana,"Listed, no landing page",,"Accra, Ghana","Kotoka Airport (ACC), Accra, Ghana",Kotoka International Airport (ACC),150,
st-george-s,St. George's,Grenada,"Listed, no landing page",,"St. George, Grenada","St. George Airport (GND), St. George, Grenada",Maurice Bishop International Airport (GND),8,
cortina-d-ampezzo,Cortina d'Ampezzo,Italy,"Listed, no landing page",,"Cortina D’ampezzo, Italy - Mainland",,Venice Marco Polo Airport,165,
beppu,Beppu,Japan,"Listed, no landing page",,"Oita, Japan","Oita Airport (OIT), Oita, Japan",Oita Airport (OIT),24,
hirosaki,Hirosaki,Japan,"Listed, no landing page",,"Aomori, Japan","Aomori Airport (AOJ), Aomori, Japan",Aomori Airport (AOJ),35,
kurashiki,Kurashiki,Japan,"Listed, no landing page",,"Okayama, Japan","Okayama Airport (OKJ), Okayama, Japan",Okayama Airport (OKJ),35,
al-ahmadi,Al Ahmadi,Kuwait,"Listed, no landing page",,"Al Farwaniyah, Kuwait","Kuwait International Airport (KWI), Al Farwaniyah, Kuwait",Kuwait International Airport (KWI),30,
san-cristobal-de-las-casas,San Cristóbal de las Casas,Mexico,"Listed, no landing page",,"Tuxtla Gutiérrez, Mexico","Tuxtla Gutiérrez Airport (TGZ), Tuxtla Gutiérrez, Mexico",Ángel Albino Corzo International Airport (TGZ),55,
ouarzazate,Ouarzazate,Morocco,"Listed, no landing page",,"Ouarzazate, Morocco","Ouarzazate Airport (OZZ), Ouarzazate, Morocco",Ouarzazate Airport (OZZ),2,
murree,Murree,Pakistan,"Listed, no landing page",,"Islamabad, Pakistan","Islamabad International Airport (ISB), Islamabad, Pakistan",Islamabad International Airport,60,"airport matched by name, not code"
koror,Koror,Palau,"Listed, no landing page",,"Koror, Palau","Palau International Airport (ROR), Airai, Palau",Roman Tmetuchl International Airport (ROR),10,
cusco,Cusco,Peru,"Listed, no landing page",,"Cusco, Peru","Alejandro Velasco Astete Int Airport (CUZ), Cusco, Peru",Alejandro Velasco Astete International Airport (CUZ),5,
baguio,Baguio,Philippines,"Listed, no landing page",,"Pampanga, Philippines","Clark International Airport (CRK), Pampanga, Philippines",Clark International Airport (CRK),130,
gisenyi,Gisenyi,Rwanda,"Listed, no landing page",,"Kigali, Rwanda","Kigali International Airport (KGL), Kigali, Rwanda",Kigali International Airport (KGL),155,
castries,Castries,Saint Lucia,"Listed, no landing page",,"Castries, Saint Lucia","George F. L. Charles Airport (SLU), Castries, Saint Lucia",George F. L. Charles Airport (SLU),3,
gustavia,Gustavia,Saint-Barthélemy,"Listed, no landing page",,"St. Bartelemy, Saint Barthelemy","St. Barthelemy Airport (SBH), St. Bartelemy, Saint Barthelemy",Gustaf III Airport (SBH),2,
gyeongju,Gyeongju,South Korea,"Listed, no landing page",,"Busan, South Korea","Busan Gimhae Int. Airport (PUS), Busan, South Korea",Ulsan Airport (USN) — nearest; Gimhae Int'l (PUS) and Daegu (TAE) also serve the city,35,
dili,Dili,Timor-Leste,"Listed, no landing page",,"Dili, Timor-leste","Presidente Nicolau Lobato International Airport (DIL), Dili, Timor-leste",Presidente Nicolau Lobato International Airport,6,"airport matched by name, not code"
kairouan,Kairouan,Tunisia,"Listed, no landing page",,"Enfidha, Tunisia","Enfidha Airport (NBE), Enfidha, Tunisia",Enfidha–Hammamet International Airport (NBE),70,
charlotte-amalie,Charlotte Amalie,U.S. Virgin Islands,"Listed, no landing page",,"Charlotte Amalie West, Virgin Islands, U.S.","Cyril E. King Airport (STT), Charlotte Amalie West, Virgin Islands, U.S.",Cyril E. King Airport (STT),4,
hanoi,Hanoi,Vietnam,"Listed, no landing page",,"Hanoi, Vietnam","Noi Bai International Airport (HAN), Hanoi, Vietnam",Noi Bai International Airport (HAN),25,"airport matched by name, not code"
ho-chi-minh-city,Ho Chi Minh City,Vietnam,"Listed, no landing page",,"Ho Chi Minh City, Vietnam",,Tan Son Nhat International Airport (SGN),7,
thimphu,Thimphu,Bhutan,Review,,"Paro, Bhutan","Paro International Airport (PBH), Paro, Bhutan",Paro International Airport (PBH),46,Foreign tourists in Bhutan normally travel with a licensed guide and driver; Paro airport is listed
capri,Capri,Italy,Do not link,,"Capri, Włochy - Ląd Stały",,Naples International Airport (via ferry),40,DiscoverCars match was Carpi (a different mainland town); cars on Capri are restricted
hebron,Hebron,Palestine,Do not link,,"Tel Aviv, Israel","Tel Aviv Airport (TLV), Tel Aviv, Israel",Ben Gurion Airport (TLV),70,Only via Tel Aviv airport; Israeli rental cars are generally not allowed into Palestinian-run areas
nablus,Nablus,Palestine,Do not link,,"Tel Aviv, Israel","Tel Aviv Airport (TLV), Tel Aviv, Israel",Ben Gurion Airport (TLV),120,Only via Tel Aviv airport; Israeli rental cars are generally not allowed into Palestinian-run areas
bamyan,Bamyan,Afghanistan,Not covered,,,,Bamyan Airport (when operating),8,
kabul,Kabul,Afghanistan,Not covered,,,,Hamid Karzai International Airport (KBL),8,
constantine,Constantine,Algeria,Not covered,,,,Mohamed Boudiaf International Airport (CZL),9,
djanet,Djanet,Algeria,Not covered,,,,Djanet Inedbirene Airport,30,
ghardaia,Ghardaïa,Algeria,Not covered,,,,Noumérat - Moufdi Zakaria Airport,12,
oran,Oran,Algeria,Not covered,,,,"Oran Es Sénia International Airport (Ahmed Ben Bella, ORN)",10,
tamanrasset,Tamanrasset,Algeria,Not covered,,,,Tamanrasset Airport,7,
timimoun,Timimoun,Algeria,Not covered,,,,Timimoun Airport,5,
the-valley,The Valley,Anguilla,Not covered,,,,Clayton J. Lloyd International Airport (AXA),3,
chittagong,Chittagong,Bangladesh,Not covered,,,,Shah Amanat International Airport (CGP),15,
cox-s-bazar,Cox's Bazar,Bangladesh,Not covered,,,,Cox's Bazar Airport (CXB),2,
dhaka,Dhaka,Bangladesh,Not covered,,,,Hazrat Shahjalal International Airport (DAC),16,
saint-martin-s-island,Saint Martin's Island,Bangladesh,Not covered,,,,Cox's Bazar Airport (nearest gateway),110,
srimangal,Srimangal,Bangladesh,Not covered,,,,Sylhet Osmani International Airport,65,
sylhet,Sylhet,Bangladesh,Not covered,,,,Osmani International Airport (ZYL),8,
minsk,Minsk,Belarus,Not covered,,,,Minsk National Airport (MSQ),40,
cotonou,Cotonou,Benin,Not covered,,,,Cadjehoun Airport (Cardinal Bernardin Gantin International Airport) - COO,5,
porto-novo,Porto-Novo,Benin,Not covered,,,,"Cadjehoun Airport (Cotonou, COO)",40,
hamilton,Hamilton,Bermuda,Not covered,,,,L.F. Wade International Airport (BDA),11,"same name found only in another country: Canada, New Zealand, United Kingdom"
potosi,Potosí,Bolivia,Not covered,,,,Capitán Nicolás Rojas Airport (POI),5,
ouagadougou,Ouagadougou,Burkina Faso,Not covered,,,,Thomas Sankara International Airport (OUA),2,
bujumbura,Bujumbura,Burundi,Not covered,,,,Melchior Ndadaye International Airport,5,
battambang,Battambang,Cambodia,Not covered,,,,Siem Reap–Angkor International Airport (SAI),170,
phnom-penh,Phnom Penh,Cambodia,Not covered,,,,Techo International Airport (KTI),20,
siem-reap,Siem Reap,Cambodia,Not covered,,,,Siem Reap–Angkor International Airport (SAI),40,
sihanoukville,Sihanoukville,Cambodia,Not covered,,,,Sihanoukville International Airport (KOS),18,
bangui,Bangui,Central African Republic,Not covered,,,,Bangui M'Poko International Airport (BGF),7,
n-djamena,N'Djamena,Chad,Not covered,,,,N'Djamena International Airport,4,
anshun,Anshun,China,Not covered,,,,Anshun Huangguoshu Airport (AVA),10,
beihai,Beihai,China,Not covered,,,,Beihai Fucheng Airport (BHY),22,
chaozhou,Chaozhou,China,Not covered,,,,Jieyang Chaoshan International Airport (SWA),35,
chengde,Chengde,China,Not covered,,,,Chengde Puning Airport (CDE),25,
chengdu,Chengdu,China,Not covered,,,,Chengdu Shuangliu International Airport (CTU),16,
chongqing,Chongqing,China,Not covered,,,,Chongqing Jiangbei International Airport (CKG),21,
dali,Dali,China,Not covered,,,,Dali Fengyi Airport (DLU),15,
datong,Datong,China,Not covered,,,,Datong Yungang Airport (DAT),20,
enshi,Enshi,China,Not covered,,,,Enshi Xujiaping Airport,5,
fenghuang,Fenghuang,China,Not covered,,,,Tongren Fenghuang Airport (TEN),30,
guangzhou,Guangzhou,China,Not covered,,,,Guangzhou Baiyun International Airport (CAN),30,
guilin,Guilin,China,Not covered,,,,Guilin Liangjiang International Airport (KWL),28,
hangzhou,Hangzhou,China,Not covered,,,,Hangzhou Xiaoshan International Airport (HGH),27,
harbin,Harbin,China,Not covered,,,,Harbin Taiping International Airport (HRB),37,
huangshan,Huangshan,China,Not covered,,,,Huangshan Tunxi International Airport,7,
jianshui,Jianshui,China,Not covered,,,,Kunming Changshui International Airport (KMG),220,
jingdezhen,Jingdezhen,China,Not covered,,,,Jingdezhen Luojia Airport (JDZ),8,
jinghong,Jinghong,China,Not covered,,,,Xishuangbanna Gasa International Airport,6,
kaifeng,Kaifeng,China,Not covered,,,,"Zhengzhou Xinzheng International Airport (CGO) — nearest, ~80 km",80,
kangding,Kangding,China,Not covered,,,,Kangding Jiagenba Airport (KGT),40,
kashgar,Kashgar,China,Not covered,,,,Kashgar Laining International Airport (KHG),11,
kunming,Kunming,China,Not covered,,,,Kunming Changshui International Airport (KMG),28,
leshan,Leshan,China,Not covered,,,,Chengdu Shuangliu International Airport (CTU),120,
lhasa,Lhasa,China,Not covered,,,,Lhasa Gonggar Airport (LXA),62,
lijiang,Lijiang,China,Not covered,,,,Lijiang Sanyi International Airport (LJG),28,
luoyang,Luoyang,China,Not covered,,,,Luoyang Beijiao Airport (LYA),10,
manzhouli,Manzhouli,China,Not covered,,,,Manzhouli Xijiao International Airport,12,
nanjing,Nanjing,China,Not covered,,,,Nanjing Lukou International Airport (NKG),36,
qingdao,Qingdao,China,Not covered,,,,Qingdao Jiaodong International Airport (TAO),39,
qinhuangdao,Qinhuangdao,China,Not covered,,,,Qinhuangdao Beidaihe International Airport (BPE),15,
quanzhou,Quanzhou,China,Not covered,,,,Quanzhou Jinjiang International Airport (JJN),12,
sanya,Sanya,China,Not covered,,,,Sanya Phoenix International Airport (SYX),14,
shanghai,Shanghai,China,Not covered,,,,Shanghai Pudong International Airport (PVG),45,
shangri-la,Shangri-La,China,Not covered,,,,Shangri-La Diqing Airport (DIG),5,
shaoxing,Shaoxing,China,Not covered,,,,Hangzhou Xiaoshan International Airport (HGH),60,
shenzhen,Shenzhen,China,Not covered,,,,Shenzhen Bao'an International Airport (SZX),32,
suzhou,Suzhou,China,Not covered,,,,"No commercial airport in Suzhou; nearest is Sunan Shuofang Int'l (WUX, Wuxi ~25 km), with Shanghai Hongqiao (SHA) & Pudong (PVG) reached by high-speed rail",84,
tai-an,Tai'an,China,Not covered,,,,"Jinan Yaoqiang International Airport (TNA) - nearest, ~75 km north; Tai'an has no commercial airport",75,
turpan,Turpan,China,Not covered,,,,Turpan Jiaohe Airport (TLQ),10,
wuyishan,Wuyishan,China,Not covered,,,,Wuyishan Airport,8,
xi-an,Xi'an,China,Not covered,,,,Xi'an Xianyang International Airport (XIY),47,
xiamen,Xiamen,China,Not covered,,,,Xiamen Gaoqi International Airport (XMN),10,
yangshuo,Yangshuo,China,Not covered,,,,Guilin Liangjiang International Airport (KWL),85,
yangzhou,Yangzhou,China,Not covered,,,,Yangzhou Taizhou International Airport (YTY),30,
zhangjiajie,Zhangjiajie,China,Not covered,,,,Zhangjiajie Hehua International Airport,11,
zhangye,Zhangye,China,Not covered,,,,Zhangye Ganzhou Airport (YZY),10,
zhaoqing,Zhaoqing,China,Not covered,,,,Guangzhou Baiyun International Airport (CAN),110,
zhoushan,Zhoushan,China,Not covered,,,,Zhoushan Putuoshan Airport,40,
zhuhai,Zhuhai,China,Not covered,,,,Zhuhai Jinwan Airport (ZUH),40,
macau,Macau,China (SAR),Not covered,,,,Macau Int'l (MFM),9,
leticia,Leticia,Colombia,Not covered,,,,Alfredo Vásquez Cobo International Airport,2,
san-andres,San Andrés,Colombia,Not covered,,,,Gustavo Rojas Pinilla International Airport,3,
baracoa,Baracoa,Cuba,Not covered,,,,Gustavo Rizo Airport,2,
cienfuegos,Cienfuegos,Cuba,Not covered,,,,Jaime González Airport (CFG),6,
havana,Havana,Cuba,Not covered,,,,José Martí International Airport (HAV),20,
santiago-de-cuba,Santiago de Cuba,Cuba,Not covered,,,,Antonio Maceo International Airport (SCU),7,
trinidad,Trinidad,Cuba,Not covered,,,,Alberto Delgado Airport (TND),2,same name found only in another country: USA - Colorado
yamoussoukro,Yamoussoukro,Côte d'Ivoire,Not covered,,,,Yamoussoukro Airport (ASK),5,
goma,Goma,DR Congo,Not covered,,,,Goma International Airport (GOM),3,
kinshasa,Kinshasa,Democratic Republic of the Congo,Not covered,,,,N'djili International Airport (FIH),25,
roseau,Roseau,Dominica,Not covered,,,,Douglas-Charles Airport (DOM),64,
siwa-oasis,Siwa Oasis,Egypt,Not covered,,,,"Marsa Matruh Airport (nearest, limited service)",300,
malabo,Malabo,Equatorial Guinea,Not covered,,,,Malabo International Airport (SSG),7,
asmara,Asmara,Eritrea,Not covered,,,,Asmara International Airport (ASM),5,
axum,Axum,Ethiopia,Not covered,,,,Axum Airport,6,
bahir-dar,Bahir Dar,Ethiopia,Not covered,,,,Bahir Dar Airport (Dejazmach Belay Zeleke) (BJR),5,
gondar,Gondar,Ethiopia,Not covered,,,,Gondar Airport (Atse Tewodros) (GDQ),18,
harar,Harar,Ethiopia,Not covered,,,,Dire Dawa Aba Tenna Dejazmach Yilma International Airport,50,
lalibela,Lalibela,Ethiopia,Not covered,,,,Lalibela Airport,23,
mek-ele,Mek'ele,Ethiopia,Not covered,,,,Alula Aba Nega International Airport (MQX),7,
stanley,Stanley,Falkland Islands,Not covered,,,,RAF Mount Pleasant Airport (Mount Pleasant Complex),58,
weno,Weno,Federated States of Micronesia,Not covered,,,,Chuuk International Airport (TKK),2,
papeete,Papeete,French Polynesia,Not covered,,,,Fa'a'a International Airport (PPT),5,
kumasi,Kumasi,Ghana,Not covered,,,,Prempeh I International Airport (KMS),6,
conakry,Conakry,Guinea,Not covered,,,,Ahmed Sékou Touré International Airport (CKY),13,
bissau,Bissau,Guinea-Bissau,Not covered,,,,Osvaldo Vieira International Airport (OXB),11,
amritsar,Amritsar,India,Not covered,,,,Sri Guru Ram Dass Jee International Airport (ATQ),11,
aurangabad,Aurangabad,India,Not covered,,,,Chhatrapati Sambhajinagar Airport (IXU),10,
jodhpur,Jodhpur,India,Not covered,,,,Jodhpur Airport (JDH),5,
madurai,Madurai,India,Not covered,,,,Madurai Airport (IXM),12,
mysore,Mysore,India,Not covered,,,,"Mysore Airport (Mandakalli, MYQ)",12,
puducherry,Puducherry,India,Not covered,,,,Puducherry Airport (PNY),6,
srinagar,Srinagar,India,Not covered,,,,Srinagar International Airport (SXR),14,
thiruvananthapuram,Thiruvananthapuram,India,Not covered,,,,Trivandrum International Airport (TRV),6,
tirupati,Tirupati,India,Not covered,,,,Tirupati International Airport (TIR),15,
varanasi,Varanasi,India,Not covered,,,,Lal Bahadur Shastri International Airport (VNS),26,
banda-aceh,Banda Aceh,Indonesia,Not covered,,,,Sultan Iskandar Muda International Airport (BTJ),14,
bandung,Bandung,Indonesia,Not covered,,,,Husein Sastranegara International Airport (BDO),5,
banyuwangi,Banyuwangi,Indonesia,Not covered,,,,Banyuwangi Airport (BWX),10,
labuan-bajo,Labuan Bajo,Indonesia,Not covered,,,,Komodo Airport (LBJ),3,
magelang,Magelang,Indonesia,Not covered,,,,Yogyakarta International Airport (YIA),65,
makassar,Makassar,Indonesia,Not covered,,,,Sultan Hasanuddin International Airport (UPG),20,
malang,Malang,Indonesia,Not covered,,,,Abdul Rachman Saleh Airport (MLG),17,
manado,Manado,Indonesia,Not covered,,,,Sam Ratulangi International Airport (MDC),13,
mataram,Mataram,Indonesia,Not covered,,,,Zainuddin Abdul Madjid International Airport (LOP),25,
medan,Medan,Indonesia,Not covered,,,,Kualanamu International Airport (KNO),23,
padang,Padang,Indonesia,Not covered,,,,Minangkabau International Airport (PDG),23,
surabaya,Surabaya,Indonesia,Not covered,,,,Juanda International Airport (SUB),20,
surakarta,Surakarta,Indonesia,Not covered,,,,Adisumarmo International Airport (SOC),14,
yogyakarta,Yogyakarta,Indonesia,Not covered,,,,Yogyakarta International Airport (YIA),40,
hamadan,Hamadan,Iran,Not covered,,,,Hamadan Airport (HDM),5,
isfahan,Isfahan,Iran,Not covered,,,,Isfahan Shahid Beheshti International Airport (IFN),20,
kashan,Kashan,Iran,Not covered,,,,Isfahan or Tehran (Imam Khomeini) International Airport,200,
kerman,Kerman,Iran,Not covered,,,,"Kerman Airport (Ayatollah Hashemi Rafsanjani Airport, KER)",5,
kermanshah,Kermanshah,Iran,Not covered,,,,Kermanshah International Airport (KSH),8,
mashhad,Mashhad,Iran,Not covered,,,,Mashhad International Airport (MHD),10,
qom,Qom,Iran,Not covered,,,,Tehran Imam Khomeini International Airport (IKA),110,
shiraz,Shiraz,Iran,Not covered,,,,"Shiraz International Airport (SYZ), Shahid Dastghaib",7,
tabriz,Tabriz,Iran,Not covered,,,,Tabriz International Airport (TBZ),8,
tehran,Tehran,Iran,Not covered,,,,Imam Khomeini International Airport (IKA),32,
yazd,Yazd,Iran,Not covered,,,,Yazd Shahid Sadooghi Airport (AZD),10,
baghdad,Baghdad,Iraq,Not covered,,,,Baghdad International Airport (BGW),27,
erbil,Erbil,Iraq,Not covered,,,,Erbil International Airport (EBL),8,
karbala,Karbala,Iraq,Not covered,,,,Najaf International Airport (NJF),80,
najaf,Najaf,Iraq,Not covered,,,,Al Najaf International Airport (NJF),10,
lamu,Lamu,Kenya,Not covered,,,,Manda Airport,2,
tarawa,Tarawa,Kiribati,Not covered,,,,Bonriki International Airport (TRW),15,
bishkek,Bishkek,Kyrgyzstan,Not covered,,,,"Manas International Airport (BSZ, formerly FRU)",25,
karakol,Karakol,Kyrgyzstan,Not covered,,,,Manas International Airport (FRU),410,
monrovia,Monrovia,Liberia,Not covered,,,,Roberts International Airport (ROB),56,same name found only in another country: USA - California
tripoli,Tripoli,Libya,Not covered,,,,Mitiga International Airport (MJI),8,same name found only in another country: Greece
antsiranana,Antsiranana,Madagascar,Not covered,,,,Antsiranana-Arrachart Airport (DIE),5,
morondava,Morondava,Madagascar,Not covered,,,,Morondava Airport (MOQ),5,
male,Malé,Maldives,Not covered,,,,Velana International Airport (MLE),3,
bamako,Bamako,Mali,Not covered,,,,Modibo Keïta International Airport (BKO),15,
timbuktu,Timbuktu,Mali,Not covered,,,,Timbuktu Airport (TOM),5,
majuro,Majuro,Marshall Islands,Not covered,,,,"Marshall Islands International Airport (Amata Kabua Int'l, MAJ)",11,
brades,Brades,Montserrat,Not covered,,,,John A. Osborne Airport (MNI),3,
inhambane,Inhambane,Mozambique,Not covered,,,,Inhambane Airport (INH),4,
mandalay,Mandalay,Myanmar,Not covered,,,,Mandalay International Airport (MDL),35,
yangon,Yangon,Myanmar (Burma),Not covered,,,,Yangon International Airport,15,
yaren,Yaren,Nauru,Not covered,,,,Nauru International Airport (INU),1,
pokhara,Pokhara,Nepal,Not covered,,,,Pokhara International Airport (PKR),3,
siddharthanagar,Siddharthanagar,Nepal,Not covered,,,,Gautam Buddha International Airport (BWA),5,
agadez,Agadez,Niger,Not covered,,,,Agadez Airport (AJY),3,
calabar,Calabar,Nigeria,Not covered,,,,Margaret Ekpo International Airport (CBQ),5,
ibadan,Ibadan,Nigeria,Not covered,,,,Ibadan Airport (IBA),12,
kano,Kano,Nigeria,Not covered,,,,Mallam Aminu Kano International Airport (KAN),8,
osogbo,Osogbo,Nigeria,Not covered,,,,Akure Airport (AKR),75,
pyongyang,Pyongyang,North Korea,Not covered,,,,Pyongyang Sunan International Airport (FNJ),24,
gilgit,Gilgit,Pakistan,Not covered,,,,Gilgit Airport,2,
karimabad,Karimabad,Pakistan,Not covered,,,,Gilgit Airport,100,
mingora,Mingora,Pakistan,Not covered,,,,Saidu Sharif Airport (SDT),10,
skardu,Skardu,Pakistan,Not covered,,,,Skardu International Airport,10,
port-moresby,Port Moresby,Papua New Guinea,Not covered,,,,Port Moresby Jacksons International Airport,8,
iquitos,Iquitos,Peru,Not covered,,,,Coronel FAP Francisco Secada Vignetta International Airport (IQT),7,
puno,Puno,Peru,Not covered,,,,Inca Manco Capac International Airport (JUL),44,
boracay,Boracay,Philippines,Not covered,,,,Godofredo P. Ramos Airport (Caticlan),2,
vigan,Vigan,Philippines,Not covered,,,,Laoag International Airport,85,
brazzaville,Brazzaville,Republic of the Congo,Not covered,,,,Maya-Maya Airport (BZV),4,
irkutsk,Irkutsk,Russia,Not covered,,,,Irkutsk International Airport (IKT),8,
kaliningrad,Kaliningrad,Russia,Not covered,,,,Khrabrovo Airport (KGD),24,
kazan,Kazan,Russia,Not covered,,,,Gabdulla Tuqay Kazan International Airport (KZN),26,
moscow,Moscow,Russia,Not covered,,,,Sheremetyevo International Airport,29,
pyatigorsk,Pyatigorsk,Russia,Not covered,,,,Mineralnye Vody Airport (MRV),22,
saint-petersburg,Saint Petersburg,Russia,Not covered,,,,Pulkovo Airport (LED),20,same name found only in another country: Vereinigte Staaten - Florida
sergiyev-posad,Sergiyev Posad,Russia,Not covered,,,,Sheremetyevo International Airport (SVO),60,
sochi,Sochi,Russia,Not covered,,,,Sochi International Airport (AER),30,
velikiy-novgorod,Velikiy Novgorod,Russia,Not covered,,,,"Pulkovo Airport (LED), St. Petersburg",180,
vladimir,Vladimir,Russia,Not covered,,,,Moscow airports (Sheremetyevo/Domodedovo/Vnukovo) - nearest major hub,180,
vladivostok,Vladivostok,Russia,Not covered,,,,"Vladivostok International Airport (VVO), Knevichi",44,
yaroslavl,Yaroslavl,Russia,Not covered,,,,Tunoshna Airport (IAR),18,
cyangugu,Cyangugu,Rwanda,Not covered,,,,Kamembe Airport (KME),3,
jamestown,Jamestown,Saint Helena,Not covered,,,,St Helena Airport (HLE),15,"same name found only in another country: USA - New York, USA - North Dakota"
saint-pierre,Saint-Pierre,Saint Pierre and Miquelon,Not covered,,,,Saint-Pierre Pointe Blanche Airport (FSP),4,same name found only in another country: Reunion
kingstown,Kingstown,Saint Vincent and the Grenadines,Not covered,,,,Argyle International Airport (SVD),14,
apia,Apia,Samoa,Not covered,,,,Faleolo International Airport (APW),35,
ziguinchor,Ziguinchor,Senegal,Not covered,,,,Ziguinchor Airport (ZIG),2,
freetown,Freetown,Sierra Leone,Not covered,,,,Freetown Lungi International Airport (FNA),45,
honiara,Honiara,Solomon Islands,Not covered,,,,Honiara International Airport (HIR),11,
mogadishu,Mogadishu,Somalia,Not covered,,,,Aden Adde International Airport (MGQ),6,
jeonju,Jeonju,South Korea,Not covered,,,,Gunsan Airport (KUV),55,
sokcho,Sokcho,South Korea,Not covered,,,,Yangyang International Airport,24,
juba,Juba,South Sudan,Not covered,,,,Juba International Airport (JUB),5,
jaffna,Jaffna,Sri Lanka,Not covered,,,,"Jaffna International Airport (JAF), Palaly",17,
trincomalee,Trincomalee,Sri Lanka,Not covered,,,,Trincomalee (China Bay) Airport (TRR),10,
basseterre,Basseterre,St. Kitts and Nevis,Not covered,,,,Robert L. Bradshaw International Airport (SKB),2.5,
khartoum,Khartoum,Sudan,Not covered,,,,Khartoum International Airport,4,
port-sudan,Port Sudan,Sudan,Not covered,,,,Port Sudan New International Airport (PZU),20,
aleppo,Aleppo,Syria,Not covered,,,,Aleppo International Airport (ALP),10,
damascus,Damascus,Syria,Not covered,,,,Damascus International Airport (DAM),25,
sao-tome,São Tomé,São Tomé and Príncipe,Not covered,,,,São Tomé International Airport,5,
dushanbe,Dushanbe,Tajikistan,Not covered,,,,Dushanbe International Airport (DYU),4,
nuku-alofa,Nuku'alofa,Tonga,Not covered,,,,Fua'amotu International Airport (TBU),20,
ashgabat,Ashgabat,Turkmenistan,Not covered,,,,Ashgabat International Airport (ASB),10,
cockburn-town,Cockburn Town,Turks and Caicos Islands,Not covered,,,,JAGS McCartney International Airport (GDT),3,
funafuti,Funafuti,Tuvalu,Not covered,,,,Funafuti International Airport (FUN),0.5,
urganch,Urganch,Uzbekistan,Not covered,,,,Urgench International Airport (UGC),4,
caracas,Caracas,Venezuela,Not covered,,,,Simón Bolívar International Airport (CCS),26,
da-lat,Da Lat,Vietnam,Not covered,,,,Lien Khuong Airport (DLI),28,
da-nang,Da Nang,Vietnam,Not covered,,,,Da Nang International Airport (DAD),3,
hoi-an,Hoi An,Vietnam,Not covered,,,,Da Nang International Airport,30,
hue,Huế,Vietnam,Not covered,,,,Phu Bai International Airport (HUI),15,
ha-long,Hạ Long,Vietnam,Not covered,,,,Van Don International Airport (VDO),50,
nha-trang,Nha Trang,Vietnam,Not covered,,,,Cam Ranh International Airport (CXR),30,
phu-quoc,Phu Quoc,Vietnam,Not covered,,,,Phu Quoc International Airport,10,
sa-pa,Sa Pa,Vietnam,Not covered,,,,"Noi Bai International Airport, Hanoi (main gateway)",320,
sana-a,Sana'a,Yemen,Not covered,,,,Sana'a International Airport (SAH),13,
