rank,visitors_m,city_gaps,country,city,landmark,slug,idx,flickr_search_url,photo_url,owner,owner_url,status,notes
11.4,3.8,3,Egypt,Hurghada,El Dahar Old Town and Bazaar,hurghada,3,https://www.flickr.com/search/?text=El%20Dahar%20Old%20Town%20and%20Bazaar%20Hurghada&license=0,,,,not asked,
11.4,3.8,3,Egypt,Hurghada,Dolphin House Reef (Sha'ab El Erg),hurghada,8,https://www.flickr.com/search/?text=Dolphin%20House%20Reef%20(Sha'ab%20El%20Erg)%20Hurghada&license=0,,,,not asked,
11.4,3.8,3,Egypt,Hurghada,Eastern Desert Bedouin villages and dunes,hurghada,9,https://www.flickr.com/search/?text=Eastern%20Desert%20Bedouin%20villages%20and%20dunes%20Hurghada&license=0,,,,not asked,
9.6,4.8,2,Dominican Republic,Punta Cana,Indigenous Eyes Ecological Park (Reserva Ecológica Ojos Indígenas),punta-cana,5,https://www.flickr.com/search/?text=Indigenous%20Eyes%20Ecological%20Park%20(Reserva%20Ecológica%20Ojos%20Indígenas)%20Punta%20Cana&license=0,,,,not asked,
9.6,4.8,2,Dominican Republic,Punta Cana,Marinarium,punta-cana,6,https://www.flickr.com/search/?text=Marinarium%20Punta%20Cana&license=0,,,,not asked,
9.0,3.0,3,Iraq,Najaf,Shrine of Muslim ibn Aqil,najaf,5,https://www.flickr.com/search/?text=Shrine%20of%20Muslim%20ibn%20Aqil%20Najaf&license=0,,,,not asked,added 2026-10-08 refresh
9.0,3.0,3,Iraq,Najaf,"House of Imam Ali (Dar al-Imam Ali, Kufa)",najaf,6,https://www.flickr.com/search/?text=House%20of%20Imam%20Ali%20(Dar%20al-Imam%20Ali%2C%20Kufa)%20Najaf&license=0,,,,not asked,added 2026-10-08 refresh
9.0,3.0,3,Iraq,Najaf,Amir al-Mu'minin Library (Haydariyya Library),najaf,9,https://www.flickr.com/search/?text=Amir%20al-Mu'minin%20Library%20(Haydariyya%20Library)%20Najaf&license=0,,,,not asked,added 2026-10-08 refresh
9.0,9.0,1,Thailand,Pattaya-Chonburi,Underwater World Pattaya,pattaya-chonburi,9,https://www.flickr.com/search/?text=Underwater%20World%20Pattaya%20Pattaya-Chonburi&license=0,,,,not asked,
8.0,4.0,2,Iraq,Karbala,Karbala Old City Souks,karbala,4,https://www.flickr.com/search/?text=Karbala%20Old%20City%20Souks%20Karbala&license=0,,,,not asked,
8.0,4.0,2,Iraq,Karbala,Maqam of Imam al-Mahdi,karbala,5,https://www.flickr.com/search/?text=Maqam%20of%20Imam%20al-Mahdi%20Karbala&license=0,,,,not asked,added 2026-10-08 refresh
8.0,8.0,1,France,Marne-la-Vallée,Disneyland Park (Sleeping Beauty Castle),marne-la-vallee,0,https://www.flickr.com/search/?text=Disneyland%20Park%20(Sleeping%20Beauty%20Castle)%20Marne-la-Vall%C3%A9e&license=0,,,,not asked,added 2026-10-08 refresh
7.0,7.0,1,Saudi Arabia,Jeddah,Jeddah Sculpture Museum (Open-Air),jeddah,4,https://www.flickr.com/search/?text=Jeddah%20Sculpture%20Museum%20(Open-Air)%20Jeddah&license=0,,,,not asked,added 2026-10-08 refresh
7.0,7.0,1,Thailand,Phuket,Naka Weekend Market,phuket,9,https://www.flickr.com/search/?text=Naka%20Weekend%20Market%20Phuket&license=0,,,,not asked,
6.5,6.5,1,Bahrain,Manama,Arad Fort,manama,6,https://www.flickr.com/search/?text=Arad%20Fort%20Manama&license=0,,,,not asked,added 2026-10-08 refresh
6.0,3.0,2,Mexico,Playa del Carmen,Cenote Chaak Tun,playa-del-carmen,5,https://www.flickr.com/search/?text=Cenote%20Chaak%20Tun%20Playa%20del%20Carmen&license=0,,,,not asked,
6.0,3.0,2,Mexico,Playa del Carmen,Punta Esmeralda,playa-del-carmen,8,https://www.flickr.com/search/?text=Punta%20Esmeralda%20Playa%20del%20Carmen&license=0,,,,not asked,
5.2,2.6,2,Egypt,Sharm El Sheikh,Old Market (Sharm El Maya),sharm-el-sheikh,3,https://www.flickr.com/search/?text=Old%20Market%20(Sharm%20El%20Maya)%20Sharm%20El%20Sheikh&license=0,,,,not asked,
5.2,2.6,2,Egypt,Sharm El Sheikh,Strait of Tiran Reefs,sharm-el-sheikh,5,https://www.flickr.com/search/?text=Strait%20of%20Tiran%20Reefs%20Sharm%20El%20Sheikh&license=0,,,,not asked,added 2026-10-08 refresh
5.0,2.5,2,Türkiye,Alanya,Tersane (Seljuk Shipyard),alanya,4,https://www.flickr.com/search/?text=Tersane%20(Seljuk%20Shipyard)%20Alanya&license=0,,,,not asked,added 2026-10-08 refresh
5.0,2.5,2,Türkiye,Alanya,Alanya Harbour and Lovers' Cave Boat Tours,alanya,9,https://www.flickr.com/search/?text=Alanya%20Harbour%20and%20Lovers'%20Cave%20Boat%20Tours%20Alanya&license=0,,,,not asked,
4.8,1.6,3,Türkiye,Denizli,Denizli Teleferik and Bağbaşı Plateau,denizli,4,https://www.flickr.com/search/?text=Denizli%20Teleferik%20and%20Bağbaşı%20Plateau%20Denizli&license=0,,,,not asked,
4.8,1.6,3,Türkiye,Denizli,Delikliçınar Square and the Denizli Rooster Statue,denizli,6,https://www.flickr.com/search/?text=Delikli%C3%A7%C4%B1nar%20Square%20and%20the%20Denizli%20Rooster%20Statue%20Denizli&license=0,,,,not asked,added 2026-10-08 refresh
4.8,1.6,3,Türkiye,Denizli,Kaleiçi Bazaar,denizli,7,https://www.flickr.com/search/?text=Kaleiçi%20Bazaar%20Denizli&license=0,,,,not asked,
4.6,2.3,2,China,Zhuhai,Qi'ao Island Mangrove Wetland,zhuhai,4,https://www.flickr.com/search/?text=Qi'ao%20Island%20Mangrove%20Wetland%20Zhuhai&license=0,,,,not asked,
4.6,2.3,2,China,Zhuhai,Jida Fisherman's Wharf,zhuhai,7,https://www.flickr.com/search/?text=Jida%20Fisherman's%20Wharf%20Zhuhai&license=0,,,,not asked,
4.5,4.5,1,Saudi Arabia,Riyadh,Al Bujairi Heritage Park,riyadh,8,https://www.flickr.com/search/?text=Al%20Bujairi%20Heritage%20Park%20Riyadh&license=0,,,,not asked,
4.2,4.2,1,Ireland,Dublin,Phoenix Park,dublin,8,https://www.flickr.com/search/?text=Phoenix%20Park%20Dublin&license=0,,,,not asked,added 2026-10-08 refresh
4.0,4.0,1,Japan,Fukuoka,Ōhori Park,fukuoka,1,https://www.flickr.com/search/?text=%C5%8Chori%20Park%20Fukuoka&license=0,,,,not asked,added 2026-10-08 refresh
4.0,2.0,2,Vietnam,Hoi An,Tra Que Vegetable Village,hoi-an,8,https://www.flickr.com/search/?text=Tra%20Que%20Vegetable%20Village%20Hoi%20An&license=0,,,,not asked,
4.0,2.0,2,Vietnam,Hoi An,Thanh Ha Pottery Village,hoi-an,9,https://www.flickr.com/search/?text=Thanh%20Ha%20Pottery%20Village%20Hoi%20An&license=0,,,,not asked,added 2026-10-08 refresh
4.0,4.0,1,Vietnam,Nha Trang,Thap Ba Hot Springs and Mud Baths,nha-trang,8,https://www.flickr.com/search/?text=Thap%20Ba%20Hot%20Springs%20and%20Mud%20Baths%20Nha%20Trang&license=0,,,,not asked,
3.6,1.2,3,Türkiye,Marmaris,Kaleiçi (Old Town),marmaris,1,https://www.flickr.com/search/?text=Kaleiçi%20(Old%20Town)%20Marmaris&license=0,,,,not asked,
3.6,1.2,3,Türkiye,Marmaris,Uzunyalı Promenade (Long Beach),marmaris,3,https://www.flickr.com/search/?text=Uzunyalı%20Promenade%20(Long%20Beach)%20Marmaris&license=0,,,,not asked,
3.6,1.2,3,Türkiye,Marmaris,Marmaris Grand Bazaar,marmaris,9,https://www.flickr.com/search/?text=Marmaris%20Grand%20Bazaar%20Marmaris&license=0,,,,not asked,
3.6,1.2,3,Jamaica,Montego Bay,Hip Strip (Gloucester Avenue),montego-bay,4,https://www.flickr.com/search/?text=Hip%20Strip%20(Gloucester%20Avenue)%20Montego%20Bay&license=0,,,,not asked,added 2026-10-08 refresh
3.6,1.2,3,Jamaica,Montego Bay,Cinnamon Hill Great House,montego-bay,5,https://www.flickr.com/search/?text=Cinnamon%20Hill%20Great%20House%20Montego%20Bay&license=0,,,,not asked,
3.6,1.2,3,Jamaica,Montego Bay,Rocklands Bird Sanctuary,montego-bay,7,https://www.flickr.com/search/?text=Rocklands%20Bird%20Sanctuary%20Montego%20Bay&license=0,,,,not asked,
3.3,1.1,3,Morocco,Agadir,Musee du Patrimoine Amazigh (Amazigh Heritage Museum),agadir,4,https://www.flickr.com/search/?text=Musee%20du%20Patrimoine%20Amazigh%20(Amazigh%20Heritage%20Museum)%20Agadir&license=0,,,,not asked,
3.3,1.1,3,Morocco,Agadir,Vallee des Oiseaux,agadir,5,https://www.flickr.com/search/?text=Vallee%20des%20Oiseaux%20Agadir&license=0,,,,not asked,added 2026-10-08 refresh
3.3,1.1,3,Morocco,Agadir,La Medina d'Agadir (Medina Polizzi),agadir,7,https://www.flickr.com/search/?text=La%20Medina%20d'Agadir%20(Medina%20Polizzi)%20Agadir&license=0,,,,not asked,
3.0,1.5,2,Greece,Corfu,Vlacherna Monastery and Pontikonisi (Mouse Island),corfu,3,https://www.flickr.com/search/?text=Vlacherna%20Monastery%20and%20Pontikonisi%20(Mouse%20Island)%20Corfu&license=0,,,,not asked,
3.0,1.5,2,Greece,Corfu,Kanoni viewpoint,corfu,7,https://www.flickr.com/search/?text=Kanoni%20viewpoint%20Corfu&license=0,,,,not asked,
2.8,1.4,2,Germany,Cologne,Rheinauhafen and the Kranhäuser (Crane Houses),cologne,8,https://www.flickr.com/search/?text=Rheinauhafen%20and%20the%20Kranh%C3%A4user%20(Crane%20Houses)%20Cologne&license=0,,,,not asked,added 2026-10-08 refresh
2.8,1.4,2,Germany,Cologne,4711 House of Fragrances (Glockengasse),cologne,9,https://www.flickr.com/search/?text=4711%20House%20of%20Fragrances%20(Glockengasse)%20Cologne&license=0,,,,not asked,
2.64,0.66,4,China,Lijiang,Wangu Tower on Lion Hill,lijiang,3,https://www.flickr.com/search/?text=Wangu%20Tower%20on%20Lion%20Hill%20Lijiang&license=0,,,,not asked,
2.64,0.66,4,China,Lijiang,Sifang Street (Square Market),lijiang,7,https://www.flickr.com/search/?text=Sifang%20Street%20(Square%20Market)%20Lijiang&license=0,,,,not asked,added 2026-10-08 refresh
2.64,0.66,4,China,Lijiang,Big Water Wheel,lijiang,8,https://www.flickr.com/search/?text=Big%20Water%20Wheel%20Lijiang&license=0,,,,not asked,
2.64,0.66,4,China,Lijiang,Naxi Ancient Music Association,lijiang,9,https://www.flickr.com/search/?text=Naxi%20Ancient%20Music%20Association%20Lijiang&license=0,,,,not asked,added 2026-10-08 refresh
2.6,1.3,2,Thailand,Ko Samui,"Fisherman's Village, Bophut",ko-samui,3,https://www.flickr.com/search/?text=Fisherman's%20Village%2C%20Bophut%20Ko%20Samui&license=0,,,,not asked,added 2026-10-08 refresh
2.6,1.3,2,Thailand,Ko Samui,Lad Koh Viewpoint,ko-samui,8,https://www.flickr.com/search/?text=Lad%20Koh%20Viewpoint%20Ko%20Samui&license=0,,,,not asked,
2.5,2.5,1,Greece,Heraklion,Central Market on 1866 Street,heraklion,9,https://www.flickr.com/search/?text=Central%20Market%20on%201866%20Street%20Heraklion&license=0,,,,not asked,added 2026-10-08 refresh
2.5,2.5,1,Vietnam,Hạ Long,Long Tien Pagoda,ha-long,8,https://www.flickr.com/search/?text=Long%20Tien%20Pagoda%20H%E1%BA%A1%20Long&license=0,,,,not asked,added 2026-10-08 refresh
2.5,2.5,1,Malaysia,Johor Bahru,Hutan Bandar Recreational Park (City Forest),johor-bahru,9,https://www.flickr.com/search/?text=Hutan%20Bandar%20Recreational%20Park%20(City%20Forest)%20Johor%20Bahru&license=0,,,,not asked,
2.4,0.8,3,Jordan,Aqaba,Aqaba Marine Reserve,aqaba,4,https://www.flickr.com/search/?text=Aqaba%20Marine%20Reserve%20Aqaba&license=0,,,,not asked,added 2026-10-08 refresh
2.4,0.8,3,Jordan,Aqaba,Cedar Pride Shipwreck,aqaba,5,https://www.flickr.com/search/?text=Cedar%20Pride%20Shipwreck%20Aqaba&license=0,,,,not asked,
2.4,0.8,3,Jordan,Aqaba,Aqaba Bird Observatory,aqaba,9,https://www.flickr.com/search/?text=Aqaba%20Bird%20Observatory%20Aqaba&license=0,,,,not asked,
2.4,1.2,2,France,Colmar,Koïfhus (Old Custom House),colmar,6,https://www.flickr.com/search/?text=Ko%C3%AFfhus%20(Old%20Custom%20House)%20Colmar&license=0,,,,not asked,added 2026-10-08 refresh
2.4,1.2,2,France,Colmar,Quai de la Poissonnerie (Fishmonger's Quay),colmar,7,https://www.flickr.com/search/?text=Quai%20de%20la%20Poissonnerie%20(Fishmonger's%20Quay)%20Colmar&license=0,,,,not asked,
2.4,0.6,4,South Africa,Nelspruit,Nelspruit Nature Reserve,nelspruit,4,https://www.flickr.com/search/?text=Nelspruit%20Nature%20Reserve%20Nelspruit&license=0,,,,not asked,
2.4,0.6,4,South Africa,Nelspruit,Riverside Park,nelspruit,5,https://www.flickr.com/search/?text=Riverside%20Park%20Nelspruit&license=0,,,,not asked,added 2026-10-08 refresh
2.4,0.6,4,South Africa,Nelspruit,I'langa Mall,nelspruit,6,https://www.flickr.com/search/?text=I'langa%20Mall%20Nelspruit&license=0,,,,not asked,
2.4,0.6,4,South Africa,Nelspruit,Emoyeni,nelspruit,8,https://www.flickr.com/search/?text=Emoyeni%20Nelspruit&license=0,,,,not asked,added 2026-10-08 refresh
2.1,2.1,1,China,Chongqing,Nanshan Yizhi Botanical Garden (One Tree Viewing Platform),chongqing,6,https://www.flickr.com/search/?text=Nanshan%20Yizhi%20Botanical%20Garden%20(One%20Tree%20Viewing%20Platform)%20Chongqing&license=0,,,,not asked,added 2026-10-08 refresh
2.1,0.7,3,Lesotho,Maseru,Royal Palace of Lesotho,maseru,1,https://www.flickr.com/search/?text=Royal%20Palace%20of%20Lesotho%20Maseru&license=0,,,,not asked,
2.1,0.7,3,Lesotho,Maseru,Lancer's Gap,maseru,4,https://www.flickr.com/search/?text=Lancer's%20Gap%20Maseru&license=0,,,,not asked,
2.1,0.7,3,Lesotho,Maseru,Maseru Club,maseru,5,https://www.flickr.com/search/?text=Maseru%20Club%20Maseru&license=0,,,,not asked,
2.0,1.0,2,Türkiye,Kuşadası,Kuşadası Grand Bazaar,kusadasi,8,https://www.flickr.com/search/?text=Kuşadası%20Grand%20Bazaar%20Kuşadası&license=0,,,,not asked,
2.0,1.0,2,Türkiye,Kuşadası,Kordon Promenade,kusadasi,9,https://www.flickr.com/search/?text=Kordon%20Promenade%20Kuşadası&license=0,,,,not asked,
2.0,0.5,4,Costa Rica,Liberia,Ponderosa Adventure Park,liberia,5,https://www.flickr.com/search/?text=Ponderosa%20Adventure%20Park%20Liberia&license=0,,,,not asked,
2.0,0.5,4,Costa Rica,Liberia,Museo de Sabanero,liberia,6,https://www.flickr.com/search/?text=Museo%20de%20Sabanero%20Liberia&license=0,,,,not asked,
2.0,0.5,4,Costa Rica,Liberia,Africa Mia,liberia,7,https://www.flickr.com/search/?text=Africa%20Mia%20Liberia&license=0,,,,not asked,added 2026-10-08 refresh
2.0,0.5,4,Costa Rica,Liberia,Casa de la Cultura de Liberia,liberia,9,https://www.flickr.com/search/?text=Casa%20de%20la%20Cultura%20de%20Liberia%20Liberia&license=0,,,,not asked,
2.0,2.0,1,Maldives,Malé,Muleeaage Palace,male,7,https://www.flickr.com/search/?text=Muleeaage%20Palace%20Malé&license=0,,,,not asked,
2.0,1.0,2,Bulgaria,Varna,Naval Museum and the Druzki Torpedo Boat,varna,5,https://www.flickr.com/search/?text=Naval%20Museum%20and%20the%20Druzki%20Torpedo%20Boat%20Varna&license=0,,,,not asked,added 2026-10-08 refresh
2.0,1.0,2,Bulgaria,Varna,Retro Museum,varna,6,https://www.flickr.com/search/?text=Retro%20Museum%20Varna&license=0,,,,not asked,
1.8,0.9,2,Tanzania,Arusha,Maasai Market (Curio Market),arusha,3,https://www.flickr.com/search/?text=Maasai%20Market%20(Curio%20Market)%20Arusha&license=0,,,,not asked,
1.8,0.9,2,Tanzania,Arusha,The Tanzanite Experience Museum,arusha,7,https://www.flickr.com/search/?text=The%20Tanzanite%20Experience%20Museum%20Arusha&license=0,,,,not asked,
1.8,0.45,4,Togo,Lomé,Lomé Grand Marché Textile District,lome,6,https://www.flickr.com/search/?text=Lomé%20Grand%20Marché%20Textile%20District%20Lomé&license=0,,,,not asked,
1.8,0.45,4,Togo,Lomé,National Museum of Togo,lome,7,https://www.flickr.com/search/?text=National%20Museum%20of%20Togo%20Lomé&license=0,,,,not asked,
1.8,0.45,4,Togo,Lomé,Wharf Français (Old Colonial Pier),lome,8,https://www.flickr.com/search/?text=Wharf%20Français%20(Old%20Colonial%20Pier)%20Lomé&license=0,,,,not asked,
1.8,0.45,4,Togo,Lomé,Lomé Central Station (Gare de Lomé),lome,9,https://www.flickr.com/search/?text=Lomé%20Central%20Station%20(Gare%20de%20Lomé)%20Lomé&license=0,,,,not asked,
1.8,0.9,2,Dominican Republic,Puerto Plata,Museo del Ámbar,puerto-plata,4,https://www.flickr.com/search/?text=Museo%20del%20Ámbar%20Puerto%20Plata&license=0,,,,not asked,
1.8,0.9,2,Dominican Republic,Puerto Plata,Parque Independencia,puerto-plata,5,https://www.flickr.com/search/?text=Parque%20Independencia%20Puerto%20Plata&license=0,,,,not asked,
1.8,0.9,2,Turkey,Trabzon,Trabzon Castle Walls,trabzon,3,https://www.flickr.com/search/?text=Trabzon%20Castle%20Walls%20Trabzon&license=0,,,,not asked,added 2026-10-08 refresh
1.8,0.9,2,Turkey,Trabzon,Bedesten Bazaar,trabzon,8,https://www.flickr.com/search/?text=Bedesten%20Bazaar%20Trabzon&license=0,,,,not asked,
1.8,1.8,1,China,Zhangjiajie,Ten-Mile Natural Gallery,zhangjiajie,7,https://www.flickr.com/search/?text=Ten-Mile%20Natural%20Gallery%20Zhangjiajie&license=0,,,,not asked,added 2026-10-08 refresh
1.7,0.85,2,Fiji,Nadi,Momi Battery Historical Park,nadi,6,https://www.flickr.com/search/?text=Momi%20Battery%20Historical%20Park%20Nadi&license=0,,,,not asked,
1.7,0.85,2,Fiji,Nadi,Vuda Marina,nadi,7,https://www.flickr.com/search/?text=Vuda%20Marina%20Nadi&license=0,,,,not asked,added 2026-10-08 refresh
1.6,0.4,4,British Virgin Islands,Road Town,J.R. O'Neal Botanic Gardens,road-town,1,https://www.flickr.com/search/?text=J.R.%20O'Neal%20Botanic%20Gardens%20Road%20Town&license=0,,,,not asked,
1.6,0.4,4,British Virgin Islands,Road Town,Callwood Rum Distillery,road-town,5,https://www.flickr.com/search/?text=Callwood%20Rum%20Distillery%20Road%20Town&license=0,,,,not asked,
1.6,0.4,4,British Virgin Islands,Road Town,Crafts Alive Village,road-town,6,https://www.flickr.com/search/?text=Crafts%20Alive%20Village%20Road%20Town&license=0,,,,not asked,
1.6,0.4,4,British Virgin Islands,Road Town,1780 Lower Estate Sugar Works Museum,road-town,8,https://www.flickr.com/search/?text=1780%20Lower%20Estate%20Sugar%20Works%20Museum%20Road%20Town&license=0,,,,not asked,
1.6,0.4,4,Saudi Arabia,Ta'if,Al Rudaf Park,ta-if,5,https://www.flickr.com/search/?text=Al%20Rudaf%20Park%20Ta'if&license=0,,,,not asked,
1.6,0.4,4,Saudi Arabia,Ta'if,Saiysad National Park,ta-if,6,https://www.flickr.com/search/?text=Saiysad%20National%20Park%20Ta'if&license=0,,,,not asked,
1.6,0.4,4,Saudi Arabia,Ta'if,Old Ta'if Souq (Souq Al Balad),ta-if,7,https://www.flickr.com/search/?text=Old%20Ta'if%20Souq%20(Souq%20Al%20Balad)%20Ta'if&license=0,,,,not asked,
1.6,0.4,4,Saudi Arabia,Ta'if,Al Kar Tourist Village,ta-if,8,https://www.flickr.com/search/?text=Al%20Kar%20Tourist%20Village%20Ta'if&license=0,,,,not asked,
1.6,1.6,1,Laos,Vientiane,COPE Visitor Centre,vientiane,9,https://www.flickr.com/search/?text=COPE%20Visitor%20Centre%20Vientiane&license=0,,,,not asked,
1.5,1.5,1,Kyrgyzstan,Bishkek,Manas Statue and State Flag,bishkek,1,https://www.flickr.com/search/?text=Manas%20Statue%20and%20State%20Flag%20Bishkek&license=0,,,,not asked,added 2026-10-08 refresh
1.5,1.5,1,France,Chamonix-Mont-Blanc,Musée Alpin,chamonix-mont-blanc,8,https://www.flickr.com/search/?text=Mus%C3%A9e%20Alpin%20Chamonix-Mont-Blanc&license=0,,,,not asked,added 2026-10-08 refresh
1.5,1.5,1,Malaysia,Malacca,Maritime Museum (Flor de la Mar),malacca,9,https://www.flickr.com/search/?text=Maritime%20Museum%20(Flor%20de%20la%20Mar)%20Malacca&license=0,,,,not asked,added 2026-10-08 refresh
1.4,1.4,1,China,Harbin,Volga Manor,harbin,8,https://www.flickr.com/search/?text=Volga%20Manor%20Harbin&license=0,,,,not asked,
1.4,0.7,2,Tunisia,Monastir,Monastir Corniche and Plage de la Falaise,monastir,7,https://www.flickr.com/search/?text=Monastir%20Corniche%20and%20Plage%20de%20la%20Falaise%20Monastir&license=0,,,,not asked,
1.4,0.7,2,Tunisia,Monastir,Museum of Islamic Art,monastir,8,https://www.flickr.com/search/?text=Museum%20of%20Islamic%20Art%20Monastir&license=0,,,,not asked,
1.3,1.3,1,Côte d'Ivoire,Abidjan,Cocody Town Hall,abidjan,8,https://www.flickr.com/search/?text=Cocody%20Town%20Hall%20Abidjan&license=0,,,,not asked,
1.3,1.3,1,Kuwait,Kuwait City,Tareq Rajab Museum,kuwait-city,6,https://www.flickr.com/search/?text=Tareq%20Rajab%20Museum%20Kuwait%20City&license=0,,,,not asked,
1.3,1.3,1,Tunisia,Sousse,Boujaffar Beach,sousse,7,https://www.flickr.com/search/?text=Boujaffar%20Beach%20Sousse&license=0,,,,not asked,
1.2,1.2,1,Switzerland,Geneva,Bains des Pâquis,geneva,6,https://www.flickr.com/search/?text=Bains%20des%20P%C3%A2quis%20Geneva&license=0,,,,not asked,added 2026-10-08 refresh
1.2,0.3,4,Dominican Republic,La Romana,Regional Museum of Archaeology (Altos de Chavón),la-romana,4,https://www.flickr.com/search/?text=Regional%20Museum%20of%20Archaeology%20(Altos%20de%20Chavón)%20La%20Romana&license=0,,,,not asked,
1.2,0.3,4,Dominican Republic,La Romana,Dye Fore Golf Course,la-romana,7,https://www.flickr.com/search/?text=Dye%20Fore%20Golf%20Course%20La%20Romana&license=0,,,,not asked,
1.2,0.3,4,Dominican Republic,La Romana,Central Romana Sugar Mill,la-romana,8,https://www.flickr.com/search/?text=Central%20Romana%20Sugar%20Mill%20La%20Romana&license=0,,,,not asked,added 2026-10-08 refresh
1.2,0.3,4,Dominican Republic,La Romana,Playa Minitas,la-romana,9,https://www.flickr.com/search/?text=Playa%20Minitas%20La%20Romana&license=0,,,,not asked,
1.2,0.6,2,Laos,Luang Prabang,Traditional Arts and Ethnology Centre (TAEC),luang-prabang,7,https://www.flickr.com/search/?text=Traditional%20Arts%20and%20Ethnology%20Centre%20(TAEC)%20Luang%20Prabang&license=0,,,,not asked,
1.2,0.6,2,Laos,Luang Prabang,Ban Chan Pottery Village,luang-prabang,9,https://www.flickr.com/search/?text=Ban%20Chan%20Pottery%20Village%20Luang%20Prabang&license=0,,,,not asked,
1.2,1.2,1,Bulgaria,Sofia,National Palace of Culture (NDK),sofia,5,https://www.flickr.com/search/?text=National%20Palace%20of%20Culture%20(NDK)%20Sofia&license=0,,,,not asked,added 2026-10-08 refresh
1.1,1.1,1,UAE,Sharjah,Al Noor Mosque,sharjah,0,https://www.flickr.com/search/?text=Al%20Noor%20Mosque%20Sharjah&license=0,,,,not asked,added 2026-10-08 refresh
1.0,1.0,1,South Africa,Durban,Kwazulu-Natal Sharks Board,durban,9,https://www.flickr.com/search/?text=Kwazulu-Natal%20Sharks%20Board%20Durban&license=0,,,,not asked,added 2026-10-08 refresh
1.0,1.0,1,Rwanda,Kigali,Caplaki Craft Village,kigali,9,https://www.flickr.com/search/?text=Caplaki%20Craft%20Village%20Kigali&license=0,,,,not asked,
0.98,0.14,7,Anguilla,The Valley,St. Gerard's Roman Catholic Church,the-valley,1,https://www.flickr.com/search/?text=St.%20Gerard's%20Roman%20Catholic%20Church%20The%20Valley&license=0,,,,not asked,
0.98,0.14,7,Anguilla,The Valley,Old Valley Well and Historic Village,the-valley,3,https://www.flickr.com/search/?text=Old%20Valley%20Well%20and%20Historic%20Village%20The%20Valley&license=0,,,,not asked,
0.98,0.14,7,Anguilla,The Valley,Ebenezer Methodist Church,the-valley,4,https://www.flickr.com/search/?text=Ebenezer%20Methodist%20Church%20The%20Valley&license=0,,,,not asked,
0.98,0.14,7,Anguilla,The Valley,Fountain Cavern National Park,the-valley,5,https://www.flickr.com/search/?text=Fountain%20Cavern%20National%20Park%20The%20Valley&license=0,,,,not asked,
0.98,0.14,7,Anguilla,The Valley,Crocus Bay and Little Bay,the-valley,7,https://www.flickr.com/search/?text=Crocus%20Bay%20and%20Little%20Bay%20The%20Valley&license=0,,,,not asked,
0.98,0.14,7,Anguilla,The Valley,Big Spring Heritage Site (Island Harbour),the-valley,8,https://www.flickr.com/search/?text=Big%20Spring%20Heritage%20Site%20(Island%20Harbour)%20The%20Valley&license=0,,,,not asked,
0.98,0.14,7,Anguilla,The Valley,Crocus Hill,the-valley,9,https://www.flickr.com/search/?text=Crocus%20Hill%20The%20Valley&license=0,,,,not asked,added 2026-10-08 refresh
0.94,0.47,2,China,Zhaoqing,Licha Bagua Village,zhaoqing,8,https://www.flickr.com/search/?text=Licha%20Bagua%20Village%20Zhaoqing&license=0,,,,not asked,
0.94,0.47,2,China,Zhaoqing,China Inkstone Culture Village (Baishi),zhaoqing,9,https://www.flickr.com/search/?text=China%20Inkstone%20Culture%20Village%20(Baishi)%20Zhaoqing&license=0,,,,not asked,
0.9,0.9,1,Ghana,Accra,W.E.B. Du Bois Centre,accra,9,https://www.flickr.com/search/?text=W.E.B.%20Du%20Bois%20Centre%20Accra&license=0,,,,not asked,added 2026-10-08 refresh
0.9,0.9,1,United States,Anaheim,Center Street Promenade,anaheim,7,https://www.flickr.com/search/?text=Center%20Street%20Promenade%20Anaheim&license=0,,,,not asked,
0.9,0.9,1,Brazil,Foz do Iguaçu,Refúgio Biológico Bela Vista,foz-do-iguacu,8,https://www.flickr.com/search/?text=Refúgio%20Biológico%20Bela%20Vista%20Foz%20do%20Iguaçu&license=0,,,,not asked,
0.9,0.15,6,Botswana,Maun,Nhabe Museum,maun,2,https://www.flickr.com/search/?text=Nhabe%20Museum%20Maun&license=0,,,,not asked,
0.9,0.15,6,Botswana,Maun,Maun Educational Park,maun,3,https://www.flickr.com/search/?text=Maun%20Educational%20Park%20Maun&license=0,,,,not asked,
0.9,0.15,6,Botswana,Maun,Old Matlapaneng Bridge,maun,4,https://www.flickr.com/search/?text=Old%20Matlapaneng%20Bridge%20Maun&license=0,,,,not asked,
0.9,0.15,6,Botswana,Maun,Motsana Cultural Centre,maun,5,https://www.flickr.com/search/?text=Motsana%20Cultural%20Centre%20Maun&license=0,,,,not asked,
0.9,0.15,6,Botswana,Maun,Maun Environmental Education Centre,maun,6,https://www.flickr.com/search/?text=Maun%20Environmental%20Education%20Centre%20Maun&license=0,,,,not asked,
0.9,0.15,6,Botswana,Maun,Boro-bonche Ostrich Farm,maun,7,https://www.flickr.com/search/?text=Boro-bonche%20Ostrich%20Farm%20Maun&license=0,,,,not asked,
0.9,0.3,3,China,Shangri-La,Dabao Temple (Dabaosi),shangri-la,6,https://www.flickr.com/search/?text=Dabao%20Temple%20(Dabaosi)%20Shangri-La&license=0,,,,not asked,
0.9,0.3,3,China,Shangri-La,Gucheng Zangjingtang,shangri-la,7,https://www.flickr.com/search/?text=Gucheng%20Zangjingtang%20Shangri-La&license=0,,,,not asked,
0.9,0.3,3,China,Shangri-La,Zhongxin Assembly Hall,shangri-la,8,https://www.flickr.com/search/?text=Zhongxin%20Assembly%20Hall%20Shangri-La&license=0,,,,not asked,added 2026-10-08 refresh
0.85,0.85,1,Philippines,Boracay,Ariel's Point,boracay,7,https://www.flickr.com/search/?text=Ariel's%20Point%20Boracay&license=0,,,,not asked,added 2026-10-08 refresh
0.8,0.8,1,Paraguay,Asunción,Antigua Estación Central del Ferrocarril,asuncion,7,https://www.flickr.com/search/?text=Antigua%20Estación%20Central%20del%20Ferrocarril%20Asunción&license=0,,,,not asked,
0.8,0.4,2,Mexico,Ensenada,Mirador El Ciprés (Chapultepec Hill),ensenada,8,https://www.flickr.com/search/?text=Mirador%20El%20Ciprés%20(Chapultepec%20Hill)%20Ensenada&license=0,,,,not asked,
0.8,0.4,2,Mexico,Ensenada,Museo Caracol (Museo de Ciencias),ensenada,9,https://www.flickr.com/search/?text=Museo%20Caracol%20(Museo%20de%20Ciencias)%20Ensenada&license=0,,,,not asked,
0.8,0.4,2,Zimbabwe,Harare,Chapungu Sculpture Park,harare,6,https://www.flickr.com/search/?text=Chapungu%20Sculpture%20Park%20Harare&license=0,,,,not asked,
0.8,0.4,2,Zimbabwe,Harare,Domboshava Rocks,harare,7,https://www.flickr.com/search/?text=Domboshava%20Rocks%20Harare&license=0,,,,not asked,
0.8,0.8,1,Canada,Whistler,Train Wreck Trail,whistler,7,https://www.flickr.com/search/?text=Train%20Wreck%20Trail%20Whistler&license=0,,,,not asked,added 2026-10-08 refresh
0.75,0.15,5,Rwanda,Gisenyi,Nyamyumba Hot Springs,gisenyi,2,https://www.flickr.com/search/?text=Nyamyumba%20Hot%20Springs%20Gisenyi&license=0,,,,not asked,
0.75,0.15,5,Rwanda,Gisenyi,Congo Nile Trail (Northern Trailhead),gisenyi,3,https://www.flickr.com/search/?text=Congo%20Nile%20Trail%20(Northern%20Trailhead)%20Gisenyi&license=0,,,,not asked,
0.75,0.15,5,Rwanda,Gisenyi,Imbabazi Gardens (Rosamond Carr's Mugongo),gisenyi,4,https://www.flickr.com/search/?text=Imbabazi%20Gardens%20(Rosamond%20Carr's%20Mugongo)%20Gisenyi&license=0,,,,not asked,
0.75,0.15,5,Rwanda,Gisenyi,Pfunda Tea Estate,gisenyi,5,https://www.flickr.com/search/?text=Pfunda%20Tea%20Estate%20Gisenyi&license=0,,,,not asked,
0.75,0.15,5,Rwanda,Gisenyi,Gisenyi Central Market,gisenyi,7,https://www.flickr.com/search/?text=Gisenyi%20Central%20Market%20Gisenyi&license=0,,,,not asked,
0.75,0.25,3,Malawi,Lilongwe,Capital Hill,lilongwe,3,https://www.flickr.com/search/?text=Capital%20Hill%20Lilongwe&license=0,,,,not asked,added 2026-10-08 refresh
0.75,0.25,3,Malawi,Lilongwe,Lilongwe Golf Club,lilongwe,6,https://www.flickr.com/search/?text=Lilongwe%20Golf%20Club%20Lilongwe&license=0,,,,not asked,
0.75,0.25,3,Malawi,Lilongwe,Kamuzu Institute for Sports,lilongwe,9,https://www.flickr.com/search/?text=Kamuzu%20Institute%20for%20Sports%20Lilongwe&license=0,,,,not asked,
0.7,0.7,1,France,Aix-en-Provence,Quartier Mazarin,aix-en-provence,7,https://www.flickr.com/search/?text=Quartier%20Mazarin%20Aix-en-Provence&license=0,,,,not asked,added 2026-10-08 refresh
0.7,0.7,1,Barbados,Bridgetown,The Careenage,bridgetown,4,https://www.flickr.com/search/?text=The%20Careenage%20Bridgetown&license=0,,,,not asked,added 2026-10-08 refresh
0.7,0.7,1,Thailand,Hua Hin,Maruekhathaiyawan Palace (Palace of Love and Hope),hua-hin,4,https://www.flickr.com/search/?text=Maruekhathaiyawan%20Palace%20(Palace%20of%20Love%20and%20Hope)%20Hua%20Hin&license=0,,,,not asked,added 2026-10-08 refresh
0.7,0.35,2,Cyprus,Nicosia,Cyprus Museum,nicosia,4,https://www.flickr.com/search/?text=Cyprus%20Museum%20Nicosia&license=0,,,,not asked,added 2026-10-08 refresh
0.7,0.35,2,Cyprus,Nicosia,Ledra Street,nicosia,5,https://www.flickr.com/search/?text=Ledra%20Street%20Nicosia&license=0,,,,not asked,added 2026-10-08 refresh
0.7,0.35,2,Oman,Salalah,Khawr Ad Dahariz Nature Reserve,salalah,6,https://www.flickr.com/search/?text=Khawr%20Ad%20Dahariz%20Nature%20Reserve%20Salalah&license=0,,,,not asked,added 2026-10-08 refresh
0.7,0.35,2,Oman,Salalah,Ayn Hamran,salalah,7,https://www.flickr.com/search/?text=Ayn%20Hamran%20Salalah&license=0,,,,not asked,added 2026-10-08 refresh
0.7,0.7,1,Mongolia,Ulaanbaatar,Beatles Square,ulaanbaatar,8,https://www.flickr.com/search/?text=Beatles%20Square%20Ulaanbaatar&license=0,,,,not asked,added 2026-10-08 refresh
0.7,0.35,2,Uzbekistan,Urganch,Museum of Contemporary Art of Uzbekistan,urganch,4,https://www.flickr.com/search/?text=Museum%20of%20Contemporary%20Art%20of%20Uzbekistan%20Urganch&license=0,,,,not asked,added 2026-10-08 refresh
0.7,0.35,2,Uzbekistan,Urganch,Monument to the Twenty Komsomol Members,urganch,5,https://www.flickr.com/search/?text=Monument%20to%20the%20Twenty%20Komsomol%20Members%20Urganch&license=0,,,,not asked,
0.68,0.34,2,Antigua and Barbuda,Saint John's,Redcliffe Quay,saint-john-s,1,https://www.flickr.com/search/?text=Redcliffe%20Quay%20Saint%20John's&license=0,,,,not asked,added 2026-10-08 refresh
0.68,0.34,2,Antigua and Barbuda,Saint John's,Public Market (Heritage Market),saint-john-s,5,https://www.flickr.com/search/?text=Public%20Market%20(Heritage%20Market)%20Saint%20John's&license=0,,,,not asked,added 2026-10-08 refresh
0.65,0.65,1,Sri Lanka,Negombo,Duwa Fishing Village,negombo,8,https://www.flickr.com/search/?text=Duwa%20Fishing%20Village%20Negombo&license=0,,,,not asked,
0.6,0.3,2,Brunei,Bandar Seri Begawan,Istana Nurul Iman,bandar-seri-begawan,3,https://www.flickr.com/search/?text=Istana%20Nurul%20Iman%20Bandar%20Seri%20Begawan&license=0,,,,not asked,added 2026-10-08 refresh
0.6,0.3,2,Brunei,Bandar Seri Begawan,Brunei Museum,bandar-seri-begawan,5,https://www.flickr.com/search/?text=Brunei%20Museum%20Bandar%20Seri%20Begawan&license=0,,,,not asked,added 2026-10-08 refresh
0.6,0.2,3,Belize,Belize City,Battlefield Park,belize-city,7,https://www.flickr.com/search/?text=Battlefield%20Park%20Belize%20City&license=0,,,,not asked,added 2026-10-08 refresh
0.6,0.2,3,Belize,Belize City,Image Factory Art Foundation,belize-city,8,https://www.flickr.com/search/?text=Image%20Factory%20Art%20Foundation%20Belize%20City&license=0,,,,not asked,
0.6,0.2,3,Belize,Belize City,Yarborough Cemetery,belize-city,9,https://www.flickr.com/search/?text=Yarborough%20Cemetery%20Belize%20City&license=0,,,,not asked,
0.6,0.2,3,Sri Lanka,Bentota,Bentota River Safari,bentota,3,https://www.flickr.com/search/?text=Bentota%20River%20Safari%20Bentota&license=0,,,,not asked,
0.6,0.2,3,Sri Lanka,Bentota,Galapata Raja Maha Viharaya,bentota,7,https://www.flickr.com/search/?text=Galapata%20Raja%20Maha%20Viharaya%20Bentota&license=0,,,,not asked,
0.6,0.2,3,Sri Lanka,Bentota,Paradise Island Sandbar (Aluthgama),bentota,8,https://www.flickr.com/search/?text=Paradise%20Island%20Sandbar%20(Aluthgama)%20Bentota&license=0,,,,not asked,
0.6,0.12,5,Malawi,Blantyre,Michiru Mountain Nature Sanctuary,blantyre,3,https://www.flickr.com/search/?text=Michiru%20Mountain%20Nature%20Sanctuary%20Blantyre&license=0,,,,not asked,
0.6,0.12,5,Malawi,Blantyre,Mount Soche,blantyre,4,https://www.flickr.com/search/?text=Mount%20Soche%20Blantyre&license=0,,,,not asked,added 2026-10-08 refresh
0.6,0.12,5,Malawi,Blantyre,Jacaranda Cultural Centre,blantyre,7,https://www.flickr.com/search/?text=Jacaranda%20Cultural%20Centre%20Blantyre&license=0,,,,not asked,
0.6,0.12,5,Malawi,Blantyre,Blantyre Crafts Market (Pa Ziboli-boli),blantyre,8,https://www.flickr.com/search/?text=Blantyre%20Crafts%20Market%20(Pa%20Ziboli-boli)%20Blantyre&license=0,,,,not asked,
0.6,0.12,5,Malawi,Blantyre,Njamba Freedom Park,blantyre,9,https://www.flickr.com/search/?text=Njamba%20Freedom%20Park%20Blantyre&license=0,,,,not asked,
0.6,0.2,3,Guatemala,Flores,Jorge's Rope Swing,flores,4,https://www.flickr.com/search/?text=Jorge's%20Rope%20Swing%20Flores&license=0,,,,not asked,
0.6,0.2,3,Guatemala,Flores,ARCAS Wildlife Rescue Center,flores,5,https://www.flickr.com/search/?text=ARCAS%20Wildlife%20Rescue%20Center%20Flores&license=0,,,,not asked,
0.6,0.2,3,Guatemala,Flores,Parque Natural Ixpanpajul,flores,6,https://www.flickr.com/search/?text=Parque%20Natural%20Ixpanpajul%20Flores&license=0,,,,not asked,
0.6,0.2,3,Bermuda,Hamilton,Fort Hamilton,hamilton,2,https://www.flickr.com/search/?text=Fort%20Hamilton%20Hamilton&license=0,,,,not asked,added 2026-10-08 refresh
0.6,0.2,3,Bermuda,Hamilton,Bermuda Underwater Exploration Institute (BUEI),hamilton,3,https://www.flickr.com/search/?text=Bermuda%20Underwater%20Exploration%20Institute%20(BUEI)%20Hamilton&license=0,,,,not asked,
0.6,0.2,3,Bermuda,Hamilton,Albuoy's Point and the Birdcage,hamilton,8,https://www.flickr.com/search/?text=Albuoy's%20Point%20and%20the%20Birdcage%20Hamilton&license=0,,,,not asked,
0.6,0.3,2,Iran,Kermanshah,Emad od-Dowleh Mosque,kermanshah,3,https://www.flickr.com/search/?text=Emad%20od-Dowleh%20Mosque%20Kermanshah&license=0,,,,not asked,added 2026-10-08 refresh
0.6,0.3,2,Iran,Kermanshah,Dowlatshah Mosque,kermanshah,7,https://www.flickr.com/search/?text=Dowlatshah%20Mosque%20Kermanshah&license=0,,,,not asked,added 2026-10-08 refresh
0.6,0.15,4,China,Leshan,Jiuqu Plank Road,leshan,2,https://www.flickr.com/search/?text=Jiuqu%20Plank%20Road%20Leshan&license=0,,,,not asked,
0.6,0.15,4,China,Leshan,Mahao Cliff Tombs Museum,leshan,5,https://www.flickr.com/search/?text=Mahao%20Cliff%20Tombs%20Museum%20Leshan&license=0,,,,not asked,added 2026-10-08 refresh
0.6,0.15,4,China,Leshan,Zhanggongqiao Food Street,leshan,7,https://www.flickr.com/search/?text=Zhanggongqiao%20Food%20Street%20Leshan&license=0,,,,not asked,
0.6,0.15,4,China,Leshan,Laoxiaoding,leshan,9,https://www.flickr.com/search/?text=Laoxiaoding%20Leshan&license=0,,,,not asked,
0.6,0.2,3,Gabon,Libreville,Cathédrale Sainte-Marie,libreville,0,https://www.flickr.com/search/?text=Cathédrale%20Sainte-Marie%20Libreville&license=0,,,,not asked,
0.6,0.2,3,Gabon,Libreville,Arboretum Raponda Walker,libreville,6,https://www.flickr.com/search/?text=Arboretum%20Raponda%20Walker%20Libreville&license=0,,,,not asked,added 2026-10-08 refresh
0.6,0.2,3,Gabon,Libreville,Akanda National Park,libreville,9,https://www.flickr.com/search/?text=Akanda%20National%20Park%20Libreville&license=0,,,,not asked,added 2026-10-08 refresh
0.6,0.6,1,Zambia,Lusaka,Kabwata Cultural Village,lusaka,9,https://www.flickr.com/search/?text=Kabwata%20Cultural%20Village%20Lusaka&license=0,,,,not asked,
0.6,0.2,3,Saint-Martin,Marigot,Rue de la République,marigot,3,https://www.flickr.com/search/?text=Rue%20de%20la%20République%20Marigot&license=0,,,,not asked,
0.6,0.2,3,Saint-Martin,Marigot,Loterie Farm,marigot,5,https://www.flickr.com/search/?text=Loterie%20Farm%20Marigot&license=0,,,,not asked,
0.6,0.2,3,Saint-Martin,Marigot,Friar's Bay Beach,marigot,7,https://www.flickr.com/search/?text=Friar's%20Bay%20Beach%20Marigot&license=0,,,,not asked,
0.6,0.6,1,Japan,Otaru,Otaru Sushiya-dori (Sushi Street),otaru,8,https://www.flickr.com/search/?text=Otaru%20Sushiya-dori%20(Sushi%20Street)%20Otaru&license=0,,,,not asked,
0.6,0.2,3,Honduras,San Pedro Sula,Mercado Guamilito,san-pedro-sula,3,https://www.flickr.com/search/?text=Mercado%20Guamilito%20San%20Pedro%20Sula&license=0,,,,not asked,
0.6,0.2,3,Honduras,San Pedro Sula,Museo de la Naturaleza,san-pedro-sula,6,https://www.flickr.com/search/?text=Museo%20de%20la%20Naturaleza%20San%20Pedro%20Sula&license=0,,,,not asked,
0.6,0.2,3,Honduras,San Pedro Sula,Cathedral viewpoint at El Merendón,san-pedro-sula,7,https://www.flickr.com/search/?text=Cathedral%20viewpoint%20at%20El%20Merendón%20San%20Pedro%20Sula&license=0,,,,not asked,
0.55,0.55,1,Nicaragua,Managua,Árboles de la Vida (Trees of Life),managua,4,https://www.flickr.com/search/?text=%C3%81rboles%20de%20la%20Vida%20(Trees%20of%20Life)%20Managua&license=0,,,,not asked,added 2026-10-08 refresh
0.55,0.55,1,Egypt,Marsa Alam,Samadai Reef (Dolphin House),marsa-alam,2,https://www.flickr.com/search/?text=Samadai%20Reef%20(Dolphin%20House)%20Marsa%20Alam&license=0,,,,not asked,
0.5,0.25,2,Gambia,Banjul,McCarthy Square,banjul,4,https://www.flickr.com/search/?text=McCarthy%20Square%20Banjul&license=0,,,,not asked,
0.5,0.25,2,Gambia,Banjul,State House,banjul,6,https://www.flickr.com/search/?text=State%20House%20Banjul&license=0,,,,not asked,added 2026-10-08 refresh
0.5,0.5,1,U.S. Virgin Islands,Charlotte Amalie,St. Thomas Synagogue,charlotte-amalie,4,https://www.flickr.com/search/?text=St.%20Thomas%20Synagogue%20Charlotte%20Amalie&license=0,,,,not asked,added 2026-10-08 refresh
0.5,0.25,2,Greece,Kalamata,Monastery of Kalograion (Nuns' Monastery),kalamata,7,https://www.flickr.com/search/?text=Monastery%20of%20Kalograion%20(Nuns'%20Monastery)%20Kalamata&license=0,,,,not asked,
0.5,0.25,2,Greece,Kalamata,Kalamata Costume Museum (Benaki Museum Annex),kalamata,9,https://www.flickr.com/search/?text=Kalamata%20Costume%20Museum%20(Benaki%20Museum%20Annex)%20Kalamata&license=0,,,,not asked,
0.5,0.25,2,Kyrgyzstan,Karakol,Holy Trinity Orthodox Cathedral,karakol,1,https://www.flickr.com/search/?text=Holy%20Trinity%20Orthodox%20Cathedral%20Karakol&license=0,,,,not asked,
0.5,0.25,2,Kyrgyzstan,Karakol,Karakol Ski Base,karakol,9,https://www.flickr.com/search/?text=Karakol%20Ski%20Base%20Karakol&license=0,,,,not asked,
0.5,0.5,1,Vietnam,Sa Pa,Thac Tinh Yeu (Love Waterfall),sa-pa,6,https://www.flickr.com/search/?text=Thac%20Tinh%20Yeu%20(Love%20Waterfall)%20Sa%20Pa&license=0,,,,not asked,
0.48,0.12,4,Tanzania,Moshi,Materuni Coffee Tour,moshi,2,https://www.flickr.com/search/?text=Materuni%20Coffee%20Tour%20Moshi&license=0,,,,not asked,
0.48,0.12,4,Tanzania,Moshi,Marangu Village and Chagga Caves,moshi,4,https://www.flickr.com/search/?text=Marangu%20Village%20and%20Chagga%20Caves%20Moshi&license=0,,,,not asked,added 2026-10-08 refresh
0.48,0.12,4,Tanzania,Moshi,Rau Forest Reserve,moshi,6,https://www.flickr.com/search/?text=Rau%20Forest%20Reserve%20Moshi&license=0,,,,not asked,
0.48,0.12,4,Tanzania,Moshi,Kilasiya Waterfall,moshi,8,https://www.flickr.com/search/?text=Kilasiya%20Waterfall%20Moshi&license=0,,,,not asked,
0.47,0.47,1,China,Chaozhou,Phoenix Mountain (Fenghuang Shan) Tea Country,chaozhou,9,https://www.flickr.com/search/?text=Phoenix%20Mountain%20(Fenghuang%20Shan)%20Tea%20Country%20Chaozhou&license=0,,,,not asked,
0.46,0.46,1,China,Manzhouli,Mammoth Park (Zhalainuoer),manzhouli,3,https://www.flickr.com/search/?text=Mammoth%20Park%20(Zhalainuoer)%20Manzhouli&license=0,,,,not asked,
0.45,0.45,1,India,Ahmedabad,Calico Museum of Textiles,ahmedabad,8,https://www.flickr.com/search/?text=Calico%20Museum%20of%20Textiles%20Ahmedabad&license=0,,,,not asked,added 2026-10-08 refresh
0.45,0.15,3,Romania,Constanța,National History and Archaeology Museum and Ovid Square,constanta,2,https://www.flickr.com/search/?text=National%20History%20and%20Archaeology%20Museum%20and%20Ovid%20Square%20Constanța&license=0,,,,not asked,
0.45,0.15,3,Romania,Constanța,Old Town peninsula and seafront promenade,constanta,6,https://www.flickr.com/search/?text=Old%20Town%20peninsula%20and%20seafront%20promenade%20Constanța&license=0,,,,not asked,
0.45,0.15,3,Romania,Constanța,Constanța Dolphinarium,constanta,9,https://www.flickr.com/search/?text=Constanța%20Dolphinarium%20Constanța&license=0,,,,not asked,
0.45,0.45,1,Martinique,Fort-de-France,Baie des Flamands Waterfront (Malecón),fort-de-france,9,https://www.flickr.com/search/?text=Baie%20des%20Flamands%20Waterfront%20(Malecón)%20Fort-de-France&license=0,,,,not asked,
0.45,0.45,1,Sri Lanka,Galle,Flag Rock Bastion,galle,5,https://www.flickr.com/search/?text=Flag%20Rock%20Bastion%20Galle&license=0,,,,not asked,
0.45,0.45,1,France,Nîmes,Les Halles de Nîmes,nimes,9,https://www.flickr.com/search/?text=Les%20Halles%20de%20N%C3%AEmes%20N%C3%AEmes&license=0,,,,not asked,added 2026-10-08 refresh
0.45,0.45,1,Argentina,Puerto Iguazú,Jardín de los Picaflores,puerto-iguazu,7,https://www.flickr.com/search/?text=Jardín%20de%20los%20Picaflores%20Puerto%20Iguazú&license=0,,,,not asked,
0.45,0.45,1,Bolivia,Santa Cruz de la Sierra,Manzana Uno Espacio de Arte,santa-cruz-de-la-sierra,5,https://www.flickr.com/search/?text=Manzana%20Uno%20Espacio%20de%20Arte%20Santa%20Cruz%20de%20la%20Sierra&license=0,,,,not asked,
0.43,0.43,1,China,Qingdao,Qingdao Protestant Church,qingdao,7,https://www.flickr.com/search/?text=Qingdao%20Protestant%20Church%20Qingdao&license=0,,,,not asked,added 2026-10-08 refresh
0.42,0.42,1,Finland,Rovaniemi,Arctic Circle Hiking Area and Vaattunkiköngäs,rovaniemi,8,https://www.flickr.com/search/?text=Arctic%20Circle%20Hiking%20Area%20and%20Vaattunkiköngäs%20Rovaniemi&license=0,,,,not asked,
0.4,0.2,2,Mali,Bamako,National Museum of Mali,bamako,3,https://www.flickr.com/search/?text=National%20Museum%20of%20Mali%20Bamako&license=0,,,,not asked,added 2026-10-08 refresh
0.4,0.2,2,Mali,Bamako,Point G Hill,bamako,7,https://www.flickr.com/search/?text=Point%20G%20Hill%20Bamako&license=0,,,,not asked,
0.4,0.4,1,Sint Maarten,Philipsburg,Rainforest Adventures Rockland Estate,philipsburg,7,https://www.flickr.com/search/?text=Rainforest%20Adventures%20Rockland%20Estate%20Philipsburg&license=0,,,,not asked,
0.4,0.4,1,Croatia,Pula,Aquarium Pula (Fort Verudela),pula,9,https://www.flickr.com/search/?text=Aquarium%20Pula%20(Fort%20Verudela)%20Pula&license=0,,,,not asked,
0.4,0.2,2,Colombia,San Andrés,Spratt Bight Beach,san-andres,3,https://www.flickr.com/search/?text=Spratt%20Bight%20Beach%20San%20Andr%C3%A9s&license=0,,,,not asked,added 2026-10-08 refresh
0.4,0.2,2,Colombia,San Andrés,Jardín Botánico de San Andrés,san-andres,9,https://www.flickr.com/search/?text=Jard%C3%ADn%20Bot%C3%A1nico%20de%20San%20Andr%C3%A9s%20San%20Andr%C3%A9s&license=0,,,,not asked,added 2026-10-08 refresh
0.38,0.19,2,Grenada,St. George's,Market Square,st-george-s,4,https://www.flickr.com/search/?text=Market%20Square%20St.%20George's&license=0,,,,not asked,added 2026-10-08 refresh
0.38,0.19,2,Grenada,St. George's,Bay Gardens Botanical Reserve,st-george-s,9,https://www.flickr.com/search/?text=Bay%20Gardens%20Botanical%20Reserve%20St.%20George's&license=0,,,,not asked,added 2026-10-08 refresh
0.36,0.12,3,Greece,Mytilene,"Teriade Museum, Varia",mytilene,5,"https://www.flickr.com/search/?text=Teriade%20Museum,%20Varia%20Mytilene&license=0",,,,not asked,
0.36,0.12,3,Greece,Mytilene,Theophilos Museum,mytilene,6,https://www.flickr.com/search/?text=Theophilos%20Museum%20Mytilene&license=0,,,,not asked,added 2026-10-08 refresh
0.36,0.12,3,Greece,Mytilene,Ermou Street and the Old Market,mytilene,8,https://www.flickr.com/search/?text=Ermou%20Street%20and%20the%20Old%20Market%20Mytilene&license=0,,,,not asked,
0.36,0.12,3,Chile,Puerto Natales,Museo Histórico Municipal,puerto-natales,6,https://www.flickr.com/search/?text=Museo%20Hist%C3%B3rico%20Municipal%20Puerto%20Natales&license=0,,,,not asked,added 2026-10-08 refresh
0.36,0.12,3,Chile,Puerto Natales,Estación de Ferrocarril de Puerto Natales,puerto-natales,8,https://www.flickr.com/search/?text=Estación%20de%20Ferrocarril%20de%20Puerto%20Natales%20Puerto%20Natales&license=0,,,,not asked,
0.36,0.12,3,Chile,Puerto Natales,Cementerio Municipal de Puerto Natales,puerto-natales,9,https://www.flickr.com/search/?text=Cementerio%20Municipal%20de%20Puerto%20Natales%20Puerto%20Natales&license=0,,,,not asked,added 2026-10-08 refresh
0.36,0.12,3,Tunisia,Tozeur,Belvédère Rocks,tozeur,3,https://www.flickr.com/search/?text=Belvédère%20Rocks%20Tozeur&license=0,,,,not asked,
0.36,0.12,3,Tunisia,Tozeur,Zoo du Sahara et Jardin du Paradis,tozeur,5,https://www.flickr.com/search/?text=Zoo%20du%20Sahara%20et%20Jardin%20du%20Paradis%20Tozeur&license=0,,,,not asked,
0.36,0.12,3,Tunisia,Tozeur,Central Market of Tozeur,tozeur,7,https://www.flickr.com/search/?text=Central%20Market%20of%20Tozeur%20Tozeur&license=0,,,,not asked,added 2026-10-08 refresh
0.35,0.35,1,Portugal,Coimbra,Rua Ferreira Borges and the Baixa,coimbra,9,https://www.flickr.com/search/?text=Rua%20Ferreira%20Borges%20and%20the%20Baixa%20Coimbra&license=0,,,,not asked,
0.35,0.35,1,Cameroon,Douala,Deido District,douala,6,https://www.flickr.com/search/?text=Deido%20District%20Douala&license=0,,,,not asked,added 2026-10-08 refresh
0.35,0.35,1,Paraguay,Encarnación,Sambodromo de Encarnación,encarnacion,2,https://www.flickr.com/search/?text=Sambodromo%20de%20Encarnación%20Encarnación&license=0,,,,not asked,
0.35,0.35,1,Jamaica,Kingston,Trench Town Culture Yard,kingston,7,https://www.flickr.com/search/?text=Trench%20Town%20Culture%20Yard%20Kingston&license=0,,,,not asked,
0.35,0.35,1,Montenegro,Kotor,Napoleon's Theatre,kotor,6,https://www.flickr.com/search/?text=Napoleon's%20Theatre%20Kotor&license=0,,,,not asked,added 2026-10-08 refresh
0.35,0.35,1,Indonesia,Medan,Titi Gantung (Medan Hanging Bridge),medan,6,https://www.flickr.com/search/?text=Titi%20Gantung%20(Medan%20Hanging%20Bridge)%20Medan&license=0,,,,not asked,added 2026-10-08 refresh
0.35,0.35,1,Cambodia,Sihanoukville,Wat Leu (Upper Pagoda),sihanoukville,3,https://www.flickr.com/search/?text=Wat%20Leu%20(Upper%20Pagoda)%20Sihanoukville&license=0,,,,not asked,
0.33,0.33,1,United Kingdom,Cardiff,Victorian and Edwardian Arcades,cardiff,8,https://www.flickr.com/search/?text=Victorian%20and%20Edwardian%20Arcades%20Cardiff&license=0,,,,not asked,added 2026-10-08 refresh
0.3,0.15,2,Saudi Arabia,Abha,Abha High City,abha,8,https://www.flickr.com/search/?text=Abha%20High%20City%20Abha&license=0,,,,not asked,
0.3,0.15,2,Saudi Arabia,Abha,Souq Al Thulatha (Tuesday Market),abha,9,https://www.flickr.com/search/?text=Souq%20Al%20Thulatha%20(Tuesday%20Market)%20Abha&license=0,,,,not asked,
0.3,0.05,6,Kuwait,Al Ahmadi,Ahmadi Garden (Al Ahmadi Public Garden),al-ahmadi,0,https://www.flickr.com/search/?text=Ahmadi%20Garden%20(Al%20Ahmadi%20Public%20Garden)%20Al%20Ahmadi&license=0,,,,not asked,
0.3,0.05,6,Kuwait,Al Ahmadi,Ahmad Al-Jaber Oil and Gas Exhibition,al-ahmadi,1,https://www.flickr.com/search/?text=Ahmad%20Al-Jaber%20Oil%20and%20Gas%20Exhibition%20Al%20Ahmadi&license=0,,,,not asked,
0.3,0.05,6,Kuwait,Al Ahmadi,Ahmadi Township Heritage District,al-ahmadi,3,https://www.flickr.com/search/?text=Ahmadi%20Township%20Heritage%20District%20Al%20Ahmadi&license=0,,,,not asked,
0.3,0.05,6,Kuwait,Al Ahmadi,Al Kout Mall and Waterfront,al-ahmadi,5,https://www.flickr.com/search/?text=Al%20Kout%20Mall%20and%20Waterfront%20Al%20Ahmadi&license=0,,,,not asked,
0.3,0.05,6,Kuwait,Al Ahmadi,Ahmadi Stadium,al-ahmadi,7,https://www.flickr.com/search/?text=Ahmadi%20Stadium%20Al%20Ahmadi&license=0,,,,not asked,added 2026-10-08 refresh
0.3,0.05,6,Kuwait,Al Ahmadi,Sahara Kuwait Resort and Golf Club,al-ahmadi,8,https://www.flickr.com/search/?text=Sahara%20Kuwait%20Resort%20and%20Golf%20Club%20Al%20Ahmadi&license=0,,,,not asked,
0.3,0.15,2,Cambodia,Battambang,Phare Ponleu Selpak Circus,battambang,5,https://www.flickr.com/search/?text=Phare%20Ponleu%20Selpak%20Circus%20Battambang&license=0,,,,not asked,added 2026-10-08 refresh
0.3,0.15,2,Cambodia,Battambang,Battambang Provincial Museum,battambang,8,https://www.flickr.com/search/?text=Battambang%20Provincial%20Museum%20Battambang&license=0,,,,not asked,
0.3,0.1,3,Haiti,Cap-Haïtien,Place d'Armes,cap-haitien,3,https://www.flickr.com/search/?text=Place%20d'Armes%20Cap-Ha%C3%AFtien&license=0,,,,not asked,added 2026-10-08 refresh
0.3,0.1,3,Haiti,Cap-Haïtien,Île-à-Rat (Amiga Island),cap-haitien,7,https://www.flickr.com/search/?text=Île-à-Rat%20(Amiga%20Island)%20Cap-Haïtien&license=0,,,,not asked,
0.3,0.1,3,Haiti,Cap-Haïtien,Site des Ramiers,cap-haitien,9,https://www.flickr.com/search/?text=Site%20des%20Ramiers%20Cap-Haïtien&license=0,,,,not asked,
0.3,0.15,2,Algeria,Constantine,The Casbah and Souika old town,constantine,6,https://www.flickr.com/search/?text=The%20Casbah%20and%20Souika%20old%20town%20Constantine&license=0,,,,not asked,
0.3,0.15,2,Algeria,Constantine,Mellah Slimane footbridge (Passerelle Perrégaux),constantine,8,https://www.flickr.com/search/?text=Mellah%20Slimane%20footbridge%20(Passerelle%20Perr%C3%A9gaux)%20Constantine&license=0,,,,not asked,added 2026-10-08 refresh
0.3,0.3,1,Türkiye,Gaziantep,Emine Göğüş Culinary Museum,gaziantep,6,https://www.flickr.com/search/?text=Emine%20Göğüş%20Culinary%20Museum%20Gaziantep&license=0,,,,not asked,
0.3,0.15,2,China,Jingdezhen,Sanbao Ceramic Art Village,jingdezhen,5,https://www.flickr.com/search/?text=Sanbao%20Ceramic%20Art%20Village%20Jingdezhen&license=0,,,,not asked,
0.3,0.15,2,China,Jingdezhen,Taoyangli Historic District,jingdezhen,7,https://www.flickr.com/search/?text=Taoyangli%20Historic%20District%20Jingdezhen&license=0,,,,not asked,
0.3,0.3,1,Türkiye,Kayseri,Kayseri Covered Bazaar and Vezirhan,kayseri,5,https://www.flickr.com/search/?text=Kayseri%20Covered%20Bazaar%20and%20Vezirhan%20Kayseri&license=0,,,,not asked,
0.3,0.15,2,Guadeloupe,Le Gosier,Friday Night Market of Gosier,le-gosier,8,https://www.flickr.com/search/?text=Friday%20Night%20Market%20of%20Gosier%20Le%20Gosier&license=0,,,,not asked,
0.3,0.15,2,Guadeloupe,Le Gosier,Étang du Mitan,le-gosier,9,https://www.flickr.com/search/?text=Étang%20du%20Mitan%20Le%20Gosier&license=0,,,,not asked,
0.3,0.15,2,Nicaragua,León,Museo Rubén Darío,leon,5,https://www.flickr.com/search/?text=Museo%20Rub%C3%A9n%20Dar%C3%ADo%20Le%C3%B3n&license=0,,,,not asked,added 2026-10-08 refresh
0.3,0.15,2,Nicaragua,León,Museum of Traditions and Legends,leon,8,https://www.flickr.com/search/?text=Museum%20of%20Traditions%20and%20Legends%20León&license=0,,,,not asked,
0.3,0.1,3,Mexico,Manzanillo,El Tortugario Ecological Center (Cuyutlán),manzanillo,6,https://www.flickr.com/search/?text=El%20Tortugario%20Ecological%20Center%20(Cuyutlán)%20Manzanillo&license=0,,,,not asked,
0.3,0.1,3,Mexico,Manzanillo,Iguanario de Archundia,manzanillo,8,https://www.flickr.com/search/?text=Iguanario%20de%20Archundia%20Manzanillo&license=0,,,,not asked,
0.3,0.1,3,Mexico,Manzanillo,Península de Santiago viewpoints,manzanillo,9,https://www.flickr.com/search/?text=Península%20de%20Santiago%20viewpoints%20Manzanillo&license=0,,,,not asked,
0.3,0.1,3,Liberia,Monrovia,Centennial Pavilion,monrovia,2,https://www.flickr.com/search/?text=Centennial%20Pavilion%20Monrovia&license=0,,,,not asked,
0.3,0.1,3,Liberia,Monrovia,Liberia National Museum,monrovia,6,https://www.flickr.com/search/?text=Liberia%20National%20Museum%20Monrovia&license=0,,,,not asked,added 2026-10-08 refresh
0.3,0.1,3,Liberia,Monrovia,Monrovia's CeCe Beach,monrovia,9,https://www.flickr.com/search/?text=Monrovia's%20CeCe%20Beach%20Monrovia&license=0,,,,not asked,added 2026-10-08 refresh
0.3,0.15,2,Thailand,Nakhon Ratchasima,Maha Wirawong National Museum,nakhon-ratchasima,5,https://www.flickr.com/search/?text=Maha%20Wirawong%20National%20Museum%20Nakhon%20Ratchasima&license=0,,,,not asked,
0.3,0.15,2,Thailand,Nakhon Ratchasima,Save One Night Market,nakhon-ratchasima,6,https://www.flickr.com/search/?text=Save%20One%20Night%20Market%20Nakhon%20Ratchasima&license=0,,,,not asked,
0.3,0.15,2,Kenya,Nakuru,Soysambu Conservancy,nakuru,8,https://www.flickr.com/search/?text=Soysambu%20Conservancy%20Nakuru&license=0,,,,not asked,
0.3,0.15,2,Kenya,Nakuru,Nakuru Town Curio and Maasai Market,nakuru,9,https://www.flickr.com/search/?text=Nakuru%20Town%20Curio%20and%20Maasai%20Market%20Nakuru&license=0,,,,not asked,
0.3,0.3,1,Philippines,Panglao,Napaling Point,panglao,7,https://www.flickr.com/search/?text=Napaling%20Point%20Panglao&license=0,,,,not asked,
0.3,0.15,2,South Africa,Plettenberg Bay,Kranshoek Viewpoint,plettenberg-bay,8,https://www.flickr.com/search/?text=Kranshoek%20Viewpoint%20Plettenberg%20Bay&license=0,,,,not asked,
0.3,0.15,2,South Africa,Plettenberg Bay,Tenikwa Wildlife Awareness Centre,plettenberg-bay,9,https://www.flickr.com/search/?text=Tenikwa%20Wildlife%20Awareness%20Centre%20Plettenberg%20Bay&license=0,,,,not asked,added 2026-10-08 refresh
0.3,0.15,2,Montenegro,Podgorica,St. George's Church and Gorica Hill,podgorica,6,https://www.flickr.com/search/?text=St.%20George's%20Church%20and%20Gorica%20Hill%20Podgorica&license=0,,,,not asked,
0.3,0.15,2,Montenegro,Podgorica,Niagara Falls on the Cijevna,podgorica,8,https://www.flickr.com/search/?text=Niagara%20Falls%20on%20the%20Cijevna%20Podgorica&license=0,,,,not asked,
0.3,0.15,2,Italy,Positano,MAR Positano (Roman Archaeological Museum),positano,6,https://www.flickr.com/search/?text=MAR%20Positano%20(Roman%20Archaeological%20Museum)%20Positano&license=0,,,,not asked,added 2026-10-08 refresh
0.3,0.15,2,Italy,Positano,Arienzo Beach,positano,9,https://www.flickr.com/search/?text=Arienzo%20Beach%20Positano&license=0,,,,not asked,
0.3,0.3,1,United States,Scottsdale,The Wave (Scottsdale Waterfront),scottsdale,5,https://www.flickr.com/search/?text=The%20Wave%20(Scottsdale%20Waterfront)%20Scottsdale&license=0,,,,not asked,added 2026-10-08 refresh
0.3,0.3,1,Seychelles,Victoria,Bicentennial Monument (Twa Zwazo),victoria,9,https://www.flickr.com/search/?text=Bicentennial%20Monument%20(Twa%20Zwazo)%20Victoria&license=0,,,,not asked,
0.28,0.28,1,South Korea,Jeonju,Wansan Park,jeonju,9,https://www.flickr.com/search/?text=Wansan%20Park%20Jeonju&license=0,,,,not asked,
0.27,0.09,3,Sierra Leone,Freetown,Fort Thornton,freetown,5,https://www.flickr.com/search/?text=Fort%20Thornton%20Freetown&license=0,,,,not asked,added 2026-10-08 refresh
0.27,0.09,3,Sierra Leone,Freetown,King Jimmy Market,freetown,8,https://www.flickr.com/search/?text=King%20Jimmy%20Market%20Freetown&license=0,,,,not asked,added 2026-10-08 refresh
0.27,0.09,3,Sierra Leone,Freetown,Big Market,freetown,9,https://www.flickr.com/search/?text=Big%20Market%20Freetown&license=0,,,,not asked,
0.25,0.25,1,Benin,Cotonou,Cotonou Friendship Bridge (Pont du Novotel),cotonou,6,https://www.flickr.com/search/?text=Cotonou%20Friendship%20Bridge%20(Pont%20du%20Novotel)%20Cotonou&license=0,,,,not asked,
0.25,0.25,1,Peru,Ica,Bodega Tacama,ica,5,https://www.flickr.com/search/?text=Bodega%20Tacama%20Ica&license=0,,,,not asked,
0.25,0.05,5,South Sudan,Juba,All Saints Cathedral,juba,4,https://www.flickr.com/search/?text=All%20Saints%20Cathedral%20Juba&license=0,,,,not asked,
0.25,0.05,5,South Sudan,Juba,University of Juba,juba,6,https://www.flickr.com/search/?text=University%20of%20Juba%20Juba&license=0,,,,not asked,added 2026-10-08 refresh
0.25,0.05,5,South Sudan,Juba,Konyo Konyo Market,juba,7,https://www.flickr.com/search/?text=Konyo%20Konyo%20Market%20Juba&license=0,,,,not asked,
0.25,0.05,5,South Sudan,Juba,Nyakuron Cultural Centre,juba,8,https://www.flickr.com/search/?text=Nyakuron%20Cultural%20Centre%20Juba&license=0,,,,not asked,
0.25,0.05,5,South Sudan,Juba,Custom Market,juba,9,https://www.flickr.com/search/?text=Custom%20Market%20Juba&license=0,,,,not asked,
0.25,0.25,1,Democratic Republic of the Congo,Kinshasa,Marché Central (Grand Marché),kinshasa,6,https://www.flickr.com/search/?text=March%C3%A9%20Central%20(Grand%20March%C3%A9)%20Kinshasa&license=0,,,,not asked,added 2026-10-08 refresh
0.25,0.25,1,South Africa,Knysna,Jubilee Creek and the Goldfields,knysna,9,https://www.flickr.com/search/?text=Jubilee%20Creek%20and%20the%20Goldfields%20Knysna&license=0,,,,not asked,added 2026-10-08 refresh
0.25,0.25,1,Japan,Kurashiki,Japan Rural Toy Museum,kurashiki,6,https://www.flickr.com/search/?text=Japan%20Rural%20Toy%20Museum%20Kurashiki&license=0,,,,not asked,
0.25,0.05,5,Honduras,La Ceiba,Catedral San Isidro and Parque Central,la-ceiba,2,https://www.flickr.com/search/?text=Catedral%20San%20Isidro%20and%20Parque%20Central%20La%20Ceiba&license=0,,,,not asked,
0.25,0.05,5,Honduras,La Ceiba,Museum of Butterflies and Other Insects,la-ceiba,4,https://www.flickr.com/search/?text=Museum%20of%20Butterflies%20and%20Other%20Insects%20La%20Ceiba&license=0,,,,not asked,
0.25,0.05,5,Honduras,La Ceiba,Parque Swinford,la-ceiba,5,https://www.flickr.com/search/?text=Parque%20Swinford%20La%20Ceiba&license=0,,,,not asked,
0.25,0.05,5,Honduras,La Ceiba,Reynaldo Canales Tourist Pier,la-ceiba,6,https://www.flickr.com/search/?text=Reynaldo%20Canales%20Tourist%20Pier%20La%20Ceiba&license=0,,,,not asked,
0.25,0.05,5,Honduras,La Ceiba,Paseo de los Ceibeños,la-ceiba,7,https://www.flickr.com/search/?text=Paseo%20de%20los%20Ceibeños%20La%20Ceiba&license=0,,,,not asked,
0.25,0.25,1,Zambia,Livingstone,Batoka Gorge,livingstone,9,https://www.flickr.com/search/?text=Batoka%20Gorge%20Livingstone&license=0,,,,not asked,added 2026-10-08 refresh
0.25,0.25,1,Indonesia,Mataram,Sekarbela Pearl District,mataram,9,https://www.flickr.com/search/?text=Sekarbela%20Pearl%20District%20Mataram&license=0,,,,not asked,
0.25,0.25,1,South Africa,Port Elizabeth,Sardinia Bay,port-elizabeth,8,https://www.flickr.com/search/?text=Sardinia%20Bay%20Port%20Elizabeth&license=0,,,,not asked,
0.25,0.05,5,China,Qinhuangdao,Mengjiangnü Temple,qinhuangdao,3,https://www.flickr.com/search/?text=Mengjiangn%C3%BC%20Temple%20Qinhuangdao&license=0,,,,not asked,added 2026-10-08 refresh
0.25,0.05,5,China,Qinhuangdao,Pigeon Nest Park (Gezhenwo),qinhuangdao,5,https://www.flickr.com/search/?text=Pigeon%20Nest%20Park%20(Gezhenwo)%20Qinhuangdao&license=0,,,,not asked,
0.25,0.05,5,China,Qinhuangdao,Beidaihe Wetlands and Bird Sanctuary,qinhuangdao,6,https://www.flickr.com/search/?text=Beidaihe%20Wetlands%20and%20Bird%20Sanctuary%20Qinhuangdao&license=0,,,,not asked,
0.25,0.05,5,China,Qinhuangdao,Xin'ao Undersea World,qinhuangdao,8,https://www.flickr.com/search/?text=Xin'ao%20Undersea%20World%20Qinhuangdao&license=0,,,,not asked,
0.25,0.05,5,China,Qinhuangdao,Qinhuang Qiuxian Ruhai Chu (Emperor Qin's Departure Point),qinhuangdao,9,https://www.flickr.com/search/?text=Qinhuang%20Qiuxian%20Ruhai%20Chu%20(Emperor%20Qin's%20Departure%20Point)%20Qinhuangdao&license=0,,,,not asked,
0.25,0.25,1,Türkiye,Çeşme,Aya Yorgi Bay,cesme,4,https://www.flickr.com/search/?text=Aya%20Yorgi%20Bay%20Çeşme&license=0,,,,not asked,
0.24,0.08,3,Greece,Chios,Chios Archaeological Museum,chios,7,https://www.flickr.com/search/?text=Chios%20Archaeological%20Museum%20Chios&license=0,,,,not asked,added 2026-10-08 refresh
0.24,0.08,3,Greece,Chios,Chios Maritime Museum,chios,8,https://www.flickr.com/search/?text=Chios%20Maritime%20Museum%20Chios&license=0,,,,not asked,added 2026-10-08 refresh
0.24,0.08,3,Greece,Chios,Giustiniani Palace Museum,chios,9,https://www.flickr.com/search/?text=Giustiniani%20Palace%20Museum%20Chios&license=0,,,,not asked,added 2026-10-08 refresh
0.24,0.12,2,Canada,Kelowna,Father Pandosy Mission,kelowna,5,https://www.flickr.com/search/?text=Father%20Pandosy%20Mission%20Kelowna&license=0,,,,not asked,added 2026-10-08 refresh
0.24,0.12,2,Canada,Kelowna,Okanagan Heritage Museum,kelowna,8,https://www.flickr.com/search/?text=Okanagan%20Heritage%20Museum%20Kelowna&license=0,,,,not asked,added 2026-10-08 refresh
0.24,0.08,3,Ghana,Kumasi,Prempeh II Jubilee Museum,kumasi,3,https://www.flickr.com/search/?text=Prempeh%20II%20Jubilee%20Museum%20Kumasi&license=0,,,,not asked,
0.24,0.08,3,Ghana,Kumasi,Rattray Park,kumasi,6,https://www.flickr.com/search/?text=Rattray%20Park%20Kumasi&license=0,,,,not asked,added 2026-10-08 refresh
0.24,0.08,3,Ghana,Kumasi,Centre for National Culture,kumasi,9,https://www.flickr.com/search/?text=Centre%20for%20National%20Culture%20Kumasi&license=0,,,,not asked,added 2026-10-08 refresh
0.24,0.12,2,Chile,Pucón,Villarrica Volcano,pucon,0,https://www.flickr.com/search/?text=Villarrica%20Volcano%20Puc%C3%B3n&license=0,,,,not asked,added 2026-10-08 refresh
0.24,0.12,2,Chile,Pucón,Salto El Claro,pucon,8,https://www.flickr.com/search/?text=Salto%20El%20Claro%20Puc%C3%B3n&license=0,,,,not asked,added 2026-10-08 refresh
0.24,0.08,3,Philippines,Siargao,Daku Island,siargao,3,https://www.flickr.com/search/?text=Daku%20Island%20Siargao&license=0,,,,not asked,added 2026-10-08 refresh
0.24,0.08,3,Philippines,Siargao,Coconut Mountain View Deck,siargao,7,https://www.flickr.com/search/?text=Coconut%20Mountain%20View%20Deck%20Siargao&license=0,,,,not asked,
0.24,0.08,3,Philippines,Siargao,Pacifico Beach,siargao,8,https://www.flickr.com/search/?text=Pacifico%20Beach%20Siargao&license=0,,,,not asked,
0.22,0.22,1,Argentina,Salta,Convento de San Bernardo,salta,6,https://www.flickr.com/search/?text=Convento%20de%20San%20Bernardo%20Salta&license=0,,,,not asked,added 2026-10-08 refresh
0.2,0.05,4,China,Anshun,Yunfeng Tunpu (Eight Villages),anshun,1,https://www.flickr.com/search/?text=Yunfeng%20Tunpu%20(Eight%20Villages)%20Anshun&license=0,,,,not asked,
0.2,0.05,4,China,Anshun,Anshun Confucian Temple (Wen Miao),anshun,2,https://www.flickr.com/search/?text=Anshun%20Confucian%20Temple%20(Wen%20Miao)%20Anshun&license=0,,,,not asked,added 2026-10-08 refresh
0.2,0.05,4,China,Anshun,Anshun Batik Museum,anshun,3,https://www.flickr.com/search/?text=Anshun%20Batik%20Museum%20Anshun&license=0,,,,not asked,
0.2,0.05,4,China,Anshun,Hongshan Lake,anshun,4,https://www.flickr.com/search/?text=Hongshan%20Lake%20Anshun&license=0,,,,not asked,
0.2,0.2,1,Morocco,Chefchaouen,Bab el-Ain gate and Callejon El Asri,chefchaouen,9,https://www.flickr.com/search/?text=Bab%20el-Ain%20gate%20and%20Callejon%20El%20Asri%20Chefchaouen&license=0,,,,not asked,
0.2,0.1,2,Philippines,Coron,Mount Tapyas viewpoint,coron,3,https://www.flickr.com/search/?text=Mount%20Tapyas%20viewpoint%20Coron&license=0,,,,not asked,
0.2,0.1,2,Philippines,Coron,Coron Island (Calis) limestone cliffs,coron,4,https://www.flickr.com/search/?text=Coron%20Island%20(Calis)%20limestone%20cliffs%20Coron&license=0,,,,not asked,
0.2,0.1,2,Italy,Cortina d'Ampezzo,Tofana di Mezzo and the Freccia nel Cielo cable car,cortina-d-ampezzo,0,https://www.flickr.com/search/?text=Tofana%20di%20Mezzo%20and%20the%20Freccia%20nel%20Cielo%20cable%20car%20Cortina%20d'Ampezzo&license=0,,,,not asked,
0.2,0.1,2,Italy,Cortina d'Ampezzo,Lagazuoi and its WWI tunnels,cortina-d-ampezzo,5,https://www.flickr.com/search/?text=Lagazuoi%20and%20its%20WWI%20tunnels%20Cortina%20d'Ampezzo&license=0,,,,not asked,
0.2,0.2,1,Argentina,El Calafate,Walichu Caves (Punta Walichu),el-calafate,3,https://www.flickr.com/search/?text=Walichu%20Caves%20(Punta%20Walichu)%20El%20Calafate&license=0,,,,not asked,added 2026-10-08 refresh
0.2,0.1,2,Japan,Hirosaki,Hirosaki Apple Park,hirosaki,7,https://www.flickr.com/search/?text=Hirosaki%20Apple%20Park%20Hirosaki&license=0,,,,not asked,added 2026-10-08 refresh
0.2,0.1,2,Japan,Hirosaki,Nakacho Samurai District (Ishiba Residence),hirosaki,9,https://www.flickr.com/search/?text=Nakacho%20Samurai%20District%20(Ishiba%20Residence)%20Hirosaki&license=0,,,,not asked,
0.2,0.1,2,Thailand,Pai,Tha Pai Hot Springs,pai,4,https://www.flickr.com/search/?text=Tha%20Pai%20Hot%20Springs%20Pai&license=0,,,,not asked,added 2026-10-08 refresh
0.2,0.1,2,Thailand,Pai,Pai Land Split,pai,9,https://www.flickr.com/search/?text=Pai%20Land%20Split%20Pai&license=0,,,,not asked,
0.2,0.2,1,United States,Reno,Midtown District Murals,reno,4,https://www.flickr.com/search/?text=Midtown%20District%20Murals%20Reno&license=0,,,,not asked,
0.2,0.2,1,Mexico,San Cristóbal de las Casas,El Arcotete Ecological Park,san-cristobal-de-las-casas,8,https://www.flickr.com/search/?text=El%20Arcotete%20Ecological%20Park%20San%20Cristóbal%20de%20las%20Casas&license=0,,,,not asked,
0.2,0.2,1,Chile,San Pedro de Atacama,Garganta del Diablo (Quebrada de Chulacao),san-pedro-de-atacama,5,https://www.flickr.com/search/?text=Garganta%20del%20Diablo%20(Quebrada%20de%20Chulacao)%20San%20Pedro%20de%20Atacama&license=0,,,,not asked,added 2026-10-08 refresh
0.2,0.2,1,New Zealand,Taupo,AC Baths,taupo,8,https://www.flickr.com/search/?text=AC%20Baths%20Taupo&license=0,,,,not asked,
0.18,0.09,2,Republic of the Congo,Brazzaville,Cathédrale de Brazzaville,brazzaville,2,https://www.flickr.com/search/?text=Cath%C3%A9drale%20de%20Brazzaville%20Brazzaville&license=0,,,,not asked,added 2026-10-08 refresh
0.18,0.09,2,Republic of the Congo,Brazzaville,Stade Alphonse Massamba-Débat,brazzaville,7,https://www.flickr.com/search/?text=Stade%20Alphonse%20Massamba-D%C3%A9bat%20Brazzaville&license=0,,,,not asked,added 2026-10-08 refresh
0.18,0.06,3,Rwanda,Cyangugu,Rusizi River Border and Bridge,cyangugu,1,https://www.flickr.com/search/?text=Rusizi%20River%20Border%20and%20Bridge%20Cyangugu&license=0,,,,not asked,
0.18,0.06,3,Rwanda,Cyangugu,Gihaya Island,cyangugu,2,https://www.flickr.com/search/?text=Gihaya%20Island%20Cyangugu&license=0,,,,not asked,
0.18,0.06,3,Rwanda,Cyangugu,Mibirizi Catholic Church,cyangugu,6,https://www.flickr.com/search/?text=Mibirizi%20Catholic%20Church%20Cyangugu&license=0,,,,not asked,
0.18,0.18,1,Bonaire,Kralendijk,Terramar Museum,kralendijk,8,https://www.flickr.com/search/?text=Terramar%20Museum%20Kralendijk&license=0,,,,not asked,
0.18,0.03,6,Madagascar,Morondava,Nosy Kely Beach,morondava,2,https://www.flickr.com/search/?text=Nosy%20Kely%20Beach%20Morondava&license=0,,,,not asked,
0.18,0.03,6,Madagascar,Morondava,Tsingy de Bemaraha National Park,morondava,4,https://www.flickr.com/search/?text=Tsingy%20de%20Bemaraha%20National%20Park%20Morondava&license=0,,,,not asked,added 2026-10-08 refresh
0.18,0.03,6,Madagascar,Morondava,Sacred Baobab of Mahabo,morondava,5,https://www.flickr.com/search/?text=Sacred%20Baobab%20of%20Mahabo%20Morondava&license=0,,,,not asked,
0.18,0.03,6,Madagascar,Morondava,Kimony Beach,morondava,6,https://www.flickr.com/search/?text=Kimony%20Beach%20Morondava&license=0,,,,not asked,
0.18,0.03,6,Madagascar,Morondava,Marofandilia Craft Village,morondava,7,https://www.flickr.com/search/?text=Marofandilia%20Craft%20Village%20Morondava&license=0,,,,not asked,
0.18,0.03,6,Madagascar,Morondava,Morondava Mangroves and River Delta,morondava,8,https://www.flickr.com/search/?text=Morondava%20Mangroves%20and%20River%20Delta%20Morondava&license=0,,,,not asked,
0.16,0.08,2,Guinea,Conakry,Grand Marché Madina,conakry,4,https://www.flickr.com/search/?text=Grand%20Marché%20Madina%20Conakry&license=0,,,,not asked,
0.16,0.08,2,Guinea,Conakry,Rogbané Beach,conakry,6,https://www.flickr.com/search/?text=Rogbané%20Beach%20Conakry&license=0,,,,not asked,
0.16,0.08,2,Mozambique,Inhambane,Provincial Museum of Inhambane,inhambane,5,https://www.flickr.com/search/?text=Provincial%20Museum%20of%20Inhambane%20Inhambane&license=0,,,,not asked,
0.16,0.08,2,Mozambique,Inhambane,Ilha dos Porcos (Pig Island),inhambane,8,https://www.flickr.com/search/?text=Ilha%20dos%20Porcos%20(Pig%20Island)%20Inhambane&license=0,,,,not asked,
0.16,0.08,2,Peru,Iquitos,Amazon Rescue Center (CREA),iquitos,5,https://www.flickr.com/search/?text=Amazon%20Rescue%20Center%20(CREA)%20Iquitos&license=0,,,,not asked,
0.16,0.08,2,Peru,Iquitos,Pilpintuwasi Butterfly Farm and Amazon Animal Orphanage,iquitos,6,https://www.flickr.com/search/?text=Pilpintuwasi%20Butterfly%20Farm%20and%20Amazon%20Animal%20Orphanage%20Iquitos&license=0,,,,not asked,added 2026-10-08 refresh
0.16,0.08,2,Japan,Kusatsu,Gozanoyu Bathhouse,kusatsu,5,https://www.flickr.com/search/?text=Gozanoyu%20Bathhouse%20Kusatsu&license=0,,,,not asked,
0.16,0.08,2,Japan,Kusatsu,Nishinokawara Park,kusatsu,9,https://www.flickr.com/search/?text=Nishinokawara%20Park%20Kusatsu&license=0,,,,not asked,
0.16,0.08,2,Kenya,Malindi,Falconry of Kenya,malindi,8,https://www.flickr.com/search/?text=Falconry%20of%20Kenya%20Malindi&license=0,,,,not asked,
0.16,0.08,2,Kenya,Malindi,Silversand Beach,malindi,9,https://www.flickr.com/search/?text=Silversand%20Beach%20Malindi&license=0,,,,not asked,
0.15,0.15,1,Japan,Aomori,Auga Fish Market,aomori,8,https://www.flickr.com/search/?text=Auga%20Fish%20Market%20Aomori&license=0,,,,not asked,
0.15,0.05,3,Central African Republic,Bangui,Boganda National Museum,bangui,6,https://www.flickr.com/search/?text=Boganda%20National%20Museum%20Bangui&license=0,,,,not asked,added 2026-10-08 refresh
0.15,0.05,3,Central African Republic,Bangui,PK5 Central Mosque,bangui,7,https://www.flickr.com/search/?text=PK5%20Central%20Mosque%20Bangui&license=0,,,,not asked,
0.15,0.05,3,Central African Republic,Bangui,Palais de la Renaissance (Presidential Palace),bangui,8,https://www.flickr.com/search/?text=Palais%20de%20la%20Renaissance%20(Presidential%20Palace)%20Bangui&license=0,,,,not asked,
0.15,0.03,5,Colombia,Leticia,Mundo Amazónico Ethnobotanical Park,leticia,2,https://www.flickr.com/search/?text=Mundo%20Amazónico%20Ethnobotanical%20Park%20Leticia&license=0,,,,not asked,
0.15,0.03,5,Colombia,Leticia,Catedral Nuestra Señora de la Paz,leticia,5,https://www.flickr.com/search/?text=Catedral%20Nuestra%20Señora%20de%20la%20Paz%20Leticia&license=0,,,,not asked,
0.15,0.03,5,Colombia,Leticia,Flor Lagoon,leticia,6,https://www.flickr.com/search/?text=Flor%20Lagoon%20Leticia&license=0,,,,not asked,added 2026-10-08 refresh
0.15,0.03,5,Colombia,Leticia,Acuarios Etuena,leticia,7,https://www.flickr.com/search/?text=Acuarios%20Etuena%20Leticia&license=0,,,,not asked,
0.15,0.03,5,Colombia,Leticia,Yahuarcaca Lakes,leticia,8,https://www.flickr.com/search/?text=Yahuarcaca%20Lakes%20Leticia&license=0,,,,not asked,
0.15,0.15,1,Mexico,Morelia,Mercado de Dulces y Artesanías,morelia,6,https://www.flickr.com/search/?text=Mercado%20de%20Dulces%20y%20Artesanías%20Morelia&license=0,,,,not asked,
0.15,0.15,1,Slovakia,Poprad,Evangelical Church of the Holy Spirit,poprad,9,https://www.flickr.com/search/?text=Evangelical%20Church%20of%20the%20Holy%20Spirit%20Poprad&license=0,,,,not asked,
0.15,0.15,1,China,Shaoxing,Zhou Enlai Ancestral Home,shaoxing,7,https://www.flickr.com/search/?text=Zhou%20Enlai%20Ancestral%20Home%20Shaoxing&license=0,,,,not asked,added 2026-10-08 refresh
0.15,0.15,1,Cuba,Trinidad,Casa de la Música Steps,trinidad,5,https://www.flickr.com/search/?text=Casa%20de%20la%20Música%20Steps%20Trinidad&license=0,,,,not asked,
0.15,0.15,1,Mexico,Veracruz,Plaza de la Campana,veracruz,9,https://www.flickr.com/search/?text=Plaza%20de%20la%20Campana%20Veracruz&license=0,,,,not asked,added 2026-10-08 refresh
0.15,0.15,1,Türkiye,Şanlıurfa,On Gözlü Köprü (Ten-Eyed Bridge),sanliurfa,9,https://www.flickr.com/search/?text=On%20Gözlü%20Köprü%20(Ten-Eyed%20Bridge)%20Şanlıurfa&license=0,,,,not asked,
0.14,0.02,7,China,Beihai,Silver Beach (Yintan),beihai,0,https://www.flickr.com/search/?text=Silver%20Beach%20(Yintan)%20Beihai&license=0,,,,not asked,added 2026-10-08 refresh
0.14,0.02,7,China,Beihai,Crocodile Mountain Scenic Area,beihai,2,https://www.flickr.com/search/?text=Crocodile%20Mountain%20Scenic%20Area%20Beihai&license=0,,,,not asked,
0.14,0.02,7,China,Beihai,Guantouling National Forest Park,beihai,3,https://www.flickr.com/search/?text=Guantouling%20National%20Forest%20Park%20Beihai&license=0,,,,not asked,
0.14,0.02,7,China,Beihai,Jinhaiwan Mangrove Ecological Zone,beihai,4,https://www.flickr.com/search/?text=Jinhaiwan%20Mangrove%20Ecological%20Zone%20Beihai&license=0,,,,not asked,
0.14,0.02,7,China,Beihai,Beihai Underwater World,beihai,5,https://www.flickr.com/search/?text=Beihai%20Underwater%20World%20Beihai&license=0,,,,not asked,
0.14,0.02,7,China,Beihai,Beibu Gulf Square,beihai,6,https://www.flickr.com/search/?text=Beibu%20Gulf%20Square%20Beihai&license=0,,,,not asked,
0.14,0.02,7,China,Beihai,Haibin Park (Beihai Seaside Park),beihai,7,https://www.flickr.com/search/?text=Haibin%20Park%20(Beihai%20Seaside%20Park)%20Beihai&license=0,,,,not asked,
0.14,0.02,7,Turks and Caicos Islands,Cockburn Town,Front Street and Duke Street historic district,cockburn-town,1,https://www.flickr.com/search/?text=Front%20Street%20and%20Duke%20Street%20historic%20district%20Cockburn%20Town&license=0,,,,not asked,
0.14,0.02,7,Turks and Caicos Islands,Cockburn Town,Governor's Beach,cockburn-town,3,https://www.flickr.com/search/?text=Governor's%20Beach%20Cockburn%20Town&license=0,,,,not asked,
0.14,0.02,7,Turks and Caicos Islands,Cockburn Town,Columbus Landfall National Park,cockburn-town,4,https://www.flickr.com/search/?text=Columbus%20Landfall%20National%20Park%20Cockburn%20Town&license=0,,,,not asked,
0.14,0.02,7,Turks and Caicos Islands,Cockburn Town,Her Majesty's Prison,cockburn-town,5,https://www.flickr.com/search/?text=Her%20Majesty's%20Prison%20Cockburn%20Town&license=0,,,,not asked,
0.14,0.02,7,Turks and Caicos Islands,Cockburn Town,Grand Turk Salinas,cockburn-town,6,https://www.flickr.com/search/?text=Grand%20Turk%20Salinas%20Cockburn%20Town&license=0,,,,not asked,added 2026-10-08 refresh
0.14,0.02,7,Turks and Caicos Islands,Cockburn Town,Gibbs Cay,cockburn-town,7,https://www.flickr.com/search/?text=Gibbs%20Cay%20Cockburn%20Town&license=0,,,,not asked,
0.14,0.02,7,Turks and Caicos Islands,Cockburn Town,Pillory Beach,cockburn-town,9,https://www.flickr.com/search/?text=Pillory%20Beach%20Cockburn%20Town&license=0,,,,not asked,
0.14,0.07,2,China,Zhangye,Zhangye National Wetland Park,zhangye,3,https://www.flickr.com/search/?text=Zhangye%20National%20Wetland%20Park%20Zhangye&license=0,,,,not asked,
0.14,0.07,2,China,Zhangye,Pingshanhu Grand Canyon,zhangye,4,https://www.flickr.com/search/?text=Pingshanhu%20Grand%20Canyon%20Zhangye&license=0,,,,not asked,
0.12,0.12,1,St. Kitts and Nevis,Basseterre,Timothy Hill Overlook,basseterre,9,https://www.flickr.com/search/?text=Timothy%20Hill%20Overlook%20Basseterre&license=0,,,,not asked,
0.12,0.12,1,Philippines,Davao,Bankerohan Public Market,davao,7,https://www.flickr.com/search/?text=Bankerohan%20Public%20Market%20Davao&license=0,,,,not asked,
0.12,0.12,1,Djibouti,Djibouti City,Djibouti Museum,djibouti-city,5,https://www.flickr.com/search/?text=Djibouti%20Museum%20Djibouti%20City&license=0,,,,not asked,
0.12,0.02,6,Western Sahara,Laayoune,Moulay Abdel Aziz Grand Mosque,laayoune,0,https://www.flickr.com/search/?text=Moulay%20Abdel%20Aziz%20Grand%20Mosque%20Laayoune&license=0,,,,not asked,
0.12,0.02,6,Western Sahara,Laayoune,Colline aux Oiseaux,laayoune,3,https://www.flickr.com/search/?text=Colline%20aux%20Oiseaux%20Laayoune&license=0,,,,not asked,
0.12,0.02,6,Western Sahara,Laayoune,Old Spanish Quarter (Colonial Lower Town),laayoune,5,https://www.flickr.com/search/?text=Old%20Spanish%20Quarter%20(Colonial%20Lower%20Town)%20Laayoune&license=0,,,,not asked,
0.12,0.02,6,Western Sahara,Laayoune,Souk Djemal (camel market district),laayoune,6,https://www.flickr.com/search/?text=Souk%20Djemal%20(camel%20market%20district)%20Laayoune&license=0,,,,not asked,
0.12,0.02,6,Western Sahara,Laayoune,Ensemble Artisanal (craft complex),laayoune,7,https://www.flickr.com/search/?text=Ensemble%20Artisanal%20(craft%20complex)%20Laayoune&license=0,,,,not asked,
0.12,0.02,6,Western Sahara,Laayoune,Souk ez-Zaj,laayoune,9,https://www.flickr.com/search/?text=Souk%20ez-Zaj%20Laayoune&license=0,,,,not asked,
0.12,0.12,1,Indonesia,Labuan Bajo,Cunca Wulang Waterfall,labuan-bajo,4,https://www.flickr.com/search/?text=Cunca%20Wulang%20Waterfall%20Labuan%20Bajo&license=0,,,,not asked,
0.12,0.06,2,Brazil,Maceió,Mirante da Sereia,maceio,4,https://www.flickr.com/search/?text=Mirante%20da%20Sereia%20Maceió&license=0,,,,not asked,
0.12,0.06,2,Brazil,Maceió,Palácio Floriano Peixoto and Praça dos Martírios,maceio,9,https://www.flickr.com/search/?text=Pal%C3%A1cio%20Floriano%20Peixoto%20and%20Pra%C3%A7a%20dos%20Mart%C3%ADrios%20Macei%C3%B3&license=0,,,,not asked,added 2026-10-08 refresh
0.12,0.12,1,Indonesia,Magelang,OHD Museum,magelang,8,https://www.flickr.com/search/?text=OHD%20Museum%20Magelang&license=0,,,,not asked,
0.12,0.06,2,Indonesia,Manado,Pasar Bersehati,manado,6,https://www.flickr.com/search/?text=Pasar%20Bersehati%20Manado&license=0,,,,not asked,
0.12,0.06,2,Indonesia,Manado,Manado Town Square (Mantos),manado,8,https://www.flickr.com/search/?text=Manado%20Town%20Square%20(Mantos)%20Manado&license=0,,,,not asked,
0.12,0.12,1,Burkina Faso,Ouagadougou,Moro-Naba Palace,ouagadougou,7,https://www.flickr.com/search/?text=Moro-Naba%20Palace%20Ouagadougou&license=0,,,,not asked,
0.12,0.03,4,Mozambique,Pemba,Paquitequete Fishing Village,pemba,1,https://www.flickr.com/search/?text=Paquitequete%20Fishing%20Village%20Pemba&license=0,,,,not asked,
0.12,0.03,4,Mozambique,Pemba,Artes Maconde Craft Cooperative,pemba,4,https://www.flickr.com/search/?text=Artes%20Maconde%20Craft%20Cooperative%20Pemba&license=0,,,,not asked,
0.12,0.03,4,Mozambique,Pemba,Chuiba Beach,pemba,5,https://www.flickr.com/search/?text=Chuiba%20Beach%20Pemba&license=0,,,,not asked,
0.12,0.03,4,Mozambique,Pemba,Mercado Municipal de Pemba,pemba,6,https://www.flickr.com/search/?text=Mercado%20Municipal%20de%20Pemba%20Pemba&license=0,,,,not asked,
0.12,0.06,2,Senegal,Saint-Louis,Musée de la Photographie (MuPho),saint-louis,7,https://www.flickr.com/search/?text=Musée%20de%20la%20Photographie%20(MuPho)%20Saint-Louis&license=0,,,,not asked,
0.12,0.06,2,Senegal,Saint-Louis,Quai Roume Market,saint-louis,9,https://www.flickr.com/search/?text=Quai%20Roume%20Market%20Saint-Louis&license=0,,,,not asked,
0.12,0.06,2,China,Wuyishan,Impression Da Hong Pao,wuyishan,8,https://www.flickr.com/search/?text=Impression%20Da%20Hong%20Pao%20Wuyishan&license=0,,,,not asked,
0.12,0.06,2,China,Wuyishan,Chengcun Han City Ruins,wuyishan,9,https://www.flickr.com/search/?text=Chengcun%20Han%20City%20Ruins%20Wuyishan&license=0,,,,not asked,added 2026-10-08 refresh
0.12,0.04,3,Senegal,Ziguinchor,Marché Saint-Maur-des-Fossés,ziguinchor,1,https://www.flickr.com/search/?text=Marché%20Saint-Maur-des-Fossés%20Ziguinchor&license=0,,,,not asked,
0.12,0.04,3,Senegal,Ziguinchor,Place Jean-Paul II,ziguinchor,5,https://www.flickr.com/search/?text=Place%20Jean-Paul%20II%20Ziguinchor&license=0,,,,not asked,added 2026-10-08 refresh
0.12,0.04,3,Senegal,Ziguinchor,Boulevard du Général de Gaulle,ziguinchor,7,https://www.flickr.com/search/?text=Boulevard%20du%20Général%20de%20Gaulle%20Ziguinchor&license=0,,,,not asked,
0.1,0.1,1,Zimbabwe,Bulawayo,Mzilikazi Arts & Crafts Centre,bulawayo,8,https://www.flickr.com/search/?text=Mzilikazi%20Arts%20&%20Crafts%20Centre%20Bulawayo&license=0,,,,not asked,
0.1,0.1,1,China,Kashgar,Mor Pagoda (Mo'er Buddhist Stupa),kashgar,7,https://www.flickr.com/search/?text=Mor%20Pagoda%20(Mo'er%20Buddhist%20Stupa)%20Kashgar&license=0,,,,not asked,
0.1,0.1,1,Lithuania,Klaipėda,Black Ghost Sculpture (Juodasis Vaiduoklis),klaipeda,6,https://www.flickr.com/search/?text=Black%20Ghost%20Sculpture%20(Juodasis%20Vaiduoklis)%20Klaip%C4%97da&license=0,,,,not asked,added 2026-10-08 refresh
0.1,0.1,1,Türkiye,Mardin,Revaklı Çarşı (Old Bazaar),mardin,9,https://www.flickr.com/search/?text=Revaklı%20Çarşı%20(Old%20Bazaar)%20Mardin&license=0,,,,not asked,
0.1,0.1,1,New Zealand,Nelson,Nelson Saturday Market,nelson,3,https://www.flickr.com/search/?text=Nelson%20Saturday%20Market%20Nelson&license=0,,,,not asked,added 2026-10-08 refresh
0.1,0.05,2,Tonga,Nuku'alofa,International Dateline Marker,nuku-alofa,8,https://www.flickr.com/search/?text=International%20Dateline%20Marker%20Nuku'alofa&license=0,,,,not asked,
0.1,0.05,2,Tonga,Nuku'alofa,Tongan National Cultural Centre,nuku-alofa,9,https://www.flickr.com/search/?text=Tongan%20National%20Cultural%20Centre%20Nuku'alofa&license=0,,,,not asked,added 2026-10-08 refresh
0.1,0.05,2,Brazil,Porto Seguro,Memorial da Epopeia do Descobrimento,porto-seguro,3,https://www.flickr.com/search/?text=Memorial%20da%20Epopeia%20do%20Descobrimento%20Porto%20Seguro&license=0,,,,not asked,
0.1,0.05,2,Brazil,Porto Seguro,Museu de Porto Seguro,porto-seguro,9,https://www.flickr.com/search/?text=Museu%20de%20Porto%20Seguro%20Porto%20Seguro&license=0,,,,not asked,added 2026-10-08 refresh
0.1,0.05,2,Dominica,Roseau,Champagne Reef,roseau,5,https://www.flickr.com/search/?text=Champagne%20Reef%20Roseau&license=0,,,,not asked,
0.1,0.05,2,Dominica,Roseau,Titou Gorge,roseau,8,https://www.flickr.com/search/?text=Titou%20Gorge%20Roseau&license=0,,,,not asked,added 2026-10-08 refresh
0.1,0.1,1,Canada,Saskatoon,Western Development Museum (Boomtown 1910),saskatoon,6,https://www.flickr.com/search/?text=Western%20Development%20Museum%20(Boomtown%201910)%20Saskatoon&license=0,,,,not asked,added 2026-10-08 refresh
0.09,0.03,3,Sudan,Port Sudan,Towartit Reefs,port-sudan,3,https://www.flickr.com/search/?text=Towartit%20Reefs%20Port%20Sudan&license=0,,,,not asked,
0.09,0.03,3,Sudan,Port Sudan,Red Sea University,port-sudan,4,https://www.flickr.com/search/?text=Red%20Sea%20University%20Port%20Sudan&license=0,,,,not asked,added 2026-10-08 refresh
0.09,0.03,3,Sudan,Port Sudan,Red Sea Museum,port-sudan,5,https://www.flickr.com/search/?text=Red%20Sea%20Museum%20Port%20Sudan&license=0,,,,not asked,added 2026-10-08 refresh
0.09,0.09,1,Vanuatu,Port Vila,Rentapao (Teouma) Blue Hole,port-vila,8,https://www.flickr.com/search/?text=Rentapao%20(Teouma)%20Blue%20Hole%20Port%20Vila&license=0,,,,not asked,
0.08,0.08,1,Brazil,Angra dos Reis,Ilha da Gipoia and Praia do Dentista,angra-dos-reis,4,https://www.flickr.com/search/?text=Ilha%20da%20Gipoia%20and%20Praia%20do%20Dentista%20Angra%20dos%20Reis&license=0,,,,not asked,added 2026-10-08 refresh
0.08,0.08,1,Israel,Eilat,Eilat Birdwatching Park (IBRCE),eilat,7,https://www.flickr.com/search/?text=Eilat%20Birdwatching%20Park%20(IBRCE)%20Eilat&license=0,,,,not asked,
0.08,0.02,4,DR Congo,Goma,Tchegera Island,goma,2,https://www.flickr.com/search/?text=Tchegera%20Island%20Goma&license=0,,,,not asked,added 2026-10-08 refresh
0.08,0.02,4,DR Congo,Goma,Mount Goma,goma,5,https://www.flickr.com/search/?text=Mount%20Goma%20Goma&license=0,,,,not asked,added 2026-10-08 refresh
0.08,0.02,4,DR Congo,Goma,Virunga Market and Birere District,goma,7,https://www.flickr.com/search/?text=Virunga%20Market%20and%20Birere%20District%20Goma&license=0,,,,not asked,
0.08,0.02,4,DR Congo,Goma,Grande Barrière Border Crossing,goma,8,https://www.flickr.com/search/?text=Grande%20Barrière%20Border%20Crossing%20Goma&license=0,,,,not asked,
0.08,0.08,1,China,Luoyang,Lijing Gate and Luoyang Old Town,luoyang,2,https://www.flickr.com/search/?text=Lijing%20Gate%20and%20Luoyang%20Old%20Town%20Luoyang&license=0,,,,not asked,
0.08,0.08,1,Thailand,Phitsanulok,Thai Bird Garden,phitsanulok,9,https://www.flickr.com/search/?text=Thai%20Bird%20Garden%20Phitsanulok&license=0,,,,not asked,added 2026-10-08 refresh
0.08,0.04,2,Philippines,Vigan,Baluarte ni Chavit Singson,vigan,8,https://www.flickr.com/search/?text=Baluarte%20ni%20Chavit%20Singson%20Vigan&license=0,,,,not asked,added 2026-10-08 refresh
0.08,0.04,2,Philippines,Vigan,Hidden Garden,vigan,9,https://www.flickr.com/search/?text=Hidden%20Garden%20Vigan&license=0,,,,not asked,added 2026-10-08 refresh
0.08,0.08,1,China,Yangzhou,Wangshi Xiaoyuan (Wang Family Compound),yangzhou,9,https://www.flickr.com/search/?text=Wangshi%20Xiaoyuan%20(Wang%20Family%20Compound)%20Yangzhou&license=0,,,,not asked,added 2026-10-08 refresh
0.07,0.07,1,Australia,Alice Springs,Olive Pink Botanic Garden,alice-springs,7,https://www.flickr.com/search/?text=Olive%20Pink%20Botanic%20Garden%20Alice%20Springs&license=0,,,,not asked,added 2026-10-08 refresh
0.07,0.07,1,Papua New Guinea,Port Moresby,Loloata Island,port-moresby,8,https://www.flickr.com/search/?text=Loloata%20Island%20Port%20Moresby&license=0,,,,not asked,
0.07,0.07,1,Peru,Trujillo,Museo de Arqueología de la Universidad de Trujillo,trujillo,8,https://www.flickr.com/search/?text=Museo%20de%20Arqueología%20de%20la%20Universidad%20de%20Trujillo%20Trujillo&license=0,,,,not asked,
0.06,0.02,3,Cuba,Baracoa,Yumurí Canyon,baracoa,4,https://www.flickr.com/search/?text=Yumurí%20Canyon%20Baracoa&license=0,,,,not asked,
0.06,0.02,3,Cuba,Baracoa,Castillo de Seboruco,baracoa,6,https://www.flickr.com/search/?text=Castillo%20de%20Seboruco%20Baracoa&license=0,,,,not asked,
0.06,0.02,3,Cuba,Baracoa,Cueva del Paraíso (Museo Arqueológico),baracoa,8,https://www.flickr.com/search/?text=Cueva%20del%20Paraíso%20(Museo%20Arqueológico)%20Baracoa&license=0,,,,not asked,
0.06,0.03,2,Guinea-Bissau,Bissau,Bandim Market,bissau,2,https://www.flickr.com/search/?text=Bandim%20Market%20Bissau&license=0,,,,not asked,added 2026-10-08 refresh
0.06,0.03,2,Guinea-Bissau,Bissau,Bissau Velho (Old Bissau) Waterfront,bissau,7,https://www.flickr.com/search/?text=Bissau%20Velho%20(Old%20Bissau)%20Waterfront%20Bissau&license=0,,,,not asked,
0.06,0.06,1,Ghana,Cape Coast,Cape Coast Centre for National Culture,cape-coast,6,https://www.flickr.com/search/?text=Cape%20Coast%20Centre%20for%20National%20Culture%20Cape%20Coast&license=0,,,,not asked,added 2026-10-08 refresh
0.06,0.02,3,China,Enshi,Qingjiang Wind-Rain Bridge,enshi,2,https://www.flickr.com/search/?text=Qingjiang%20Wind-Rain%20Bridge%20Enshi&license=0,,,,not asked,
0.06,0.02,3,China,Enshi,Enshi Prefecture Museum,enshi,3,https://www.flickr.com/search/?text=Enshi%20Prefecture%20Museum%20Enshi&license=0,,,,not asked,added 2026-10-08 refresh
0.06,0.02,3,China,Enshi,Lianzhu Pagoda (Lianzhu Tower),enshi,4,https://www.flickr.com/search/?text=Lianzhu%20Pagoda%20(Lianzhu%20Tower)%20Enshi&license=0,,,,not asked,added 2026-10-08 refresh
0.06,0.06,1,Palestine,Hebron,Ramat al-Khalil (Ancient Mamre),hebron,6,https://www.flickr.com/search/?text=Ramat%20al-Khalil%20(Ancient%20Mamre)%20Hebron&license=0,,,,not asked,
0.06,0.02,3,Nigeria,Ibadan,Dugbe Market,ibadan,6,https://www.flickr.com/search/?text=Dugbe%20Market%20Ibadan&license=0,,,,not asked,added 2026-10-08 refresh
0.06,0.02,3,Nigeria,Ibadan,Oyo State Museum of Natural History,ibadan,7,https://www.flickr.com/search/?text=Oyo%20State%20Museum%20of%20Natural%20History%20Ibadan&license=0,,,,not asked,
0.06,0.02,3,Nigeria,Ibadan,Ibadan's Seven Hills Viewpoints,ibadan,9,https://www.flickr.com/search/?text=Ibadan's%20Seven%20Hills%20Viewpoints%20Ibadan&license=0,,,,not asked,
0.06,0.02,3,Equatorial Guinea,Malabo,Plaza de la Independencia,malabo,1,https://www.flickr.com/search/?text=Plaza%20de%20la%20Independencia%20Malabo&license=0,,,,not asked,
0.06,0.02,3,Equatorial Guinea,Malabo,Parque de la Amistad (Friendship Park),malabo,4,https://www.flickr.com/search/?text=Parque%20de%20la%20Amistad%20(Friendship%20Park)%20Malabo&license=0,,,,not asked,
0.06,0.02,3,Equatorial Guinea,Malabo,Luba (Concepción) Coastal Town,malabo,9,https://www.flickr.com/search/?text=Luba%20(Concepción)%20Coastal%20Town%20Malabo&license=0,,,,not asked,
0.06,0.06,1,Mayotte,Mamoudzou,Coconi Botanical Garden (Jardin Botanique de Coconi),mamoudzou,8,https://www.flickr.com/search/?text=Coconi%20Botanical%20Garden%20(Jardin%20Botanique%20de%20Coconi)%20Mamoudzou&license=0,,,,not asked,
0.06,0.06,1,Somalia,Mogadishu,Fakhr ad-Din Mosque,mogadishu,2,https://www.flickr.com/search/?text=Fakhr%20ad-Din%20Mosque%20Mogadishu&license=0,,,,not asked,added 2026-10-08 refresh
0.06,0.03,2,Comoros,Moroni,Palais du Peuple (Beit Salam),moroni,5,https://www.flickr.com/search/?text=Palais%20du%20Peuple%20(Beit%20Salam)%20Moroni&license=0,,,,not asked,
0.06,0.03,2,Comoros,Moroni,Itsandra Beach and Palace Ruins,moroni,6,https://www.flickr.com/search/?text=Itsandra%20Beach%20and%20Palace%20Ruins%20Moroni&license=0,,,,not asked,
0.06,0.06,1,Chad,N'Djamena,Avenue Charles de Gaulle,n-djamena,5,https://www.flickr.com/search/?text=Avenue%20Charles%20de%20Gaulle%20N'Djamena&license=0,,,,not asked,added 2026-10-08 refresh
0.06,0.06,1,Greenland,Nuuk,Myggedalen Viewpoint,nuuk,9,https://www.flickr.com/search/?text=Myggedalen%20Viewpoint%20Nuuk&license=0,,,,not asked,
0.06,0.01,6,Federated States of Micronesia,Weno,Shinkoku Maru,weno,2,https://www.flickr.com/search/?text=Shinkoku%20Maru%20Weno&license=0,,,,not asked,
0.06,0.01,6,Federated States of Micronesia,Weno,Nefo Cave,weno,3,https://www.flickr.com/search/?text=Nefo%20Cave%20Weno&license=0,,,,not asked,
0.06,0.01,6,Federated States of Micronesia,Weno,Tonotan Guns and Caves,weno,5,https://www.flickr.com/search/?text=Tonotan%20Guns%20and%20Caves%20Weno&license=0,,,,not asked,
0.06,0.01,6,Federated States of Micronesia,Weno,Wiichen Men's Meetinghouse,weno,6,https://www.flickr.com/search/?text=Wiichen%20Men's%20Meetinghouse%20Weno&license=0,,,,not asked,
0.06,0.01,6,Federated States of Micronesia,Weno,Kimiuo Aisek Memorial Museum,weno,8,https://www.flickr.com/search/?text=Kimiuo%20Aisek%20Memorial%20Museum%20Weno&license=0,,,,not asked,
0.06,0.01,6,Federated States of Micronesia,Weno,Eten Island,weno,9,https://www.flickr.com/search/?text=Eten%20Island%20Weno&license=0,,,,not asked,added 2026-10-08 refresh
0.06,0.06,1,China,Zhoushan,Dinghai Ancient City,zhoushan,7,https://www.flickr.com/search/?text=Dinghai%20Ancient%20City%20Zhoushan&license=0,,,,not asked,
0.05,0.05,1,Bangladesh,Cox's Bazar,Aggmeda Khyang,cox-s-bazar,4,https://www.flickr.com/search/?text=Aggmeda%20Khyang%20Cox's%20Bazar&license=0,,,,not asked,
0.05,0.05,1,Brazil,Guarujá,Mirante da Campina (Campina Hill Lookout),guaruja,9,https://www.flickr.com/search/?text=Mirante%20da%20Campina%20(Campina%20Hill%20Lookout)%20Guarujá&license=0,,,,not asked,
0.05,0.01,5,Marshall Islands,Majuro,WWII Japanese Bunkers and Relics,majuro,1,https://www.flickr.com/search/?text=WWII%20Japanese%20Bunkers%20and%20Relics%20Majuro&license=0,,,,not asked,
0.05,0.01,5,Marshall Islands,Majuro,Marshall Islands Capitol Building,majuro,3,https://www.flickr.com/search/?text=Marshall%20Islands%20Capitol%20Building%20Majuro&license=0,,,,not asked,added 2026-10-08 refresh
0.05,0.01,5,Marshall Islands,Majuro,Uliga District Waterfront,majuro,4,https://www.flickr.com/search/?text=Uliga%20District%20Waterfront%20Majuro&license=0,,,,not asked,
0.05,0.01,5,Marshall Islands,Majuro,Rita Point,majuro,6,https://www.flickr.com/search/?text=Rita%20Point%20Majuro&license=0,,,,not asked,
0.05,0.01,5,Marshall Islands,Majuro,Assumption of Mary Catholic Church,majuro,8,https://www.flickr.com/search/?text=Assumption%20of%20Mary%20Catholic%20Church%20Majuro&license=0,,,,not asked,
0.05,0.05,1,Indonesia,Makassar,Center Point of Indonesia (CPI),makassar,7,https://www.flickr.com/search/?text=Center%20Point%20of%20Indonesia%20(CPI)%20Makassar&license=0,,,,not asked,
0.05,0.01,5,Bangladesh,Saint Martin's Island,West Beach,saint-martin-s-island,1,https://www.flickr.com/search/?text=West%20Beach%20Saint%20Martin's%20Island&license=0,,,,not asked,
0.05,0.01,5,Bangladesh,Saint Martin's Island,Coral Beach (East Beach),saint-martin-s-island,2,https://www.flickr.com/search/?text=Coral%20Beach%20(East%20Beach)%20Saint%20Martin's%20Island&license=0,,,,not asked,
0.05,0.01,5,Bangladesh,Saint Martin's Island,Shomudro Bilash (Humayun Ahmed's House),saint-martin-s-island,3,https://www.flickr.com/search/?text=Shomudro%20Bilash%20(Humayun%20Ahmed's%20House)%20Saint%20Martin's%20Island&license=0,,,,not asked,
0.05,0.01,5,Bangladesh,Saint Martin's Island,Saint Martin's Bazaar,saint-martin-s-island,7,https://www.flickr.com/search/?text=Saint%20Martin's%20Bazaar%20Saint%20Martin's%20Island&license=0,,,,not asked,added 2026-10-08 refresh
0.05,0.01,5,Bangladesh,Saint Martin's Island,Dakhinpara (Southern Village),saint-martin-s-island,8,https://www.flickr.com/search/?text=Dakhinpara%20(Southern%20Village)%20Saint%20Martin's%20Island&license=0,,,,not asked,
0.05,0.05,1,Sweden,Visby,St. Nicolai Church Ruin,visby,2,https://www.flickr.com/search/?text=St.%20Nicolai%20Church%20Ruin%20Visby&license=0,,,,not asked,added 2026-10-08 refresh
0.04,0.04,1,Ethiopia,Bahir Dar,Bezawit Hill (Haile Selassie Palace Viewpoint),bahir-dar,4,https://www.flickr.com/search/?text=Bezawit%20Hill%20(Haile%20Selassie%20Palace%20Viewpoint)%20Bahir%20Dar&license=0,,,,not asked,
0.04,0.01,4,Afghanistan,Bamyan,Dara-e Ajdahar (Dragon Valley),bamyan,3,https://www.flickr.com/search/?text=Dara-e%20Ajdahar%20(Dragon%20Valley)%20Bamyan&license=0,,,,not asked,
0.04,0.01,4,Afghanistan,Bamyan,Kakrak Valley Buddha Niche,bamyan,4,https://www.flickr.com/search/?text=Kakrak%20Valley%20Buddha%20Niche%20Bamyan&license=0,,,,not asked,
0.04,0.01,4,Afghanistan,Bamyan,Foladi Valley Caves,bamyan,5,https://www.flickr.com/search/?text=Foladi%20Valley%20Caves%20Bamyan&license=0,,,,not asked,
0.04,0.01,4,Afghanistan,Bamyan,Bamyan Cliff Monastic Caves,bamyan,7,https://www.flickr.com/search/?text=Bamyan%20Cliff%20Monastic%20Caves%20Bamyan&license=0,,,,not asked,
0.04,0.01,4,Montserrat,Brades,Jack Boy Hill Viewpoint,brades,3,https://www.flickr.com/search/?text=Jack%20Boy%20Hill%20Viewpoint%20Brades&license=0,,,,not asked,
0.04,0.01,4,Montserrat,Brades,Montserrat National Trust Botanic Garden,brades,6,https://www.flickr.com/search/?text=Montserrat%20National%20Trust%20Botanic%20Garden%20Brades&license=0,,,,not asked,
0.04,0.01,4,Montserrat,Brades,Oriole Walkway Trail (Centre Hills),brades,7,https://www.flickr.com/search/?text=Oriole%20Walkway%20Trail%20(Centre%20Hills)%20Brades&license=0,,,,not asked,added 2026-10-08 refresh
0.04,0.01,4,Montserrat,Brades,Runaway Ghaut,brades,8,https://www.flickr.com/search/?text=Runaway%20Ghaut%20Brades&license=0,,,,not asked,
0.04,0.02,2,Nigeria,Calabar,Duke Town Presbyterian Church,calabar,5,https://www.flickr.com/search/?text=Duke%20Town%20Presbyterian%20Church%20Calabar&license=0,,,,not asked,added 2026-10-08 refresh
0.04,0.02,2,Nigeria,Calabar,Tinapa Business and Leisure Resort,calabar,7,https://www.flickr.com/search/?text=Tinapa%20Business%20and%20Leisure%20Resort%20Calabar&license=0,,,,not asked,added 2026-10-08 refresh
0.04,0.04,1,China,Chengde,Anyuan Temple (Temple of Distant Peace),chengde,6,https://www.flickr.com/search/?text=Anyuan%20Temple%20(Temple%20of%20Distant%20Peace)%20Chengde&license=0,,,,not asked,added 2026-10-08 refresh
0.04,0.01,4,China,Fenghuang,North Gate Tower (Bei Men),fenghuang,4,https://www.flickr.com/search/?text=North%20Gate%20Tower%20(Bei%20Men)%20Fenghuang&license=0,,,,not asked,
0.04,0.01,4,China,Fenghuang,Former Residence of Shen Congwen,fenghuang,5,https://www.flickr.com/search/?text=Former%20Residence%20of%20Shen%20Congwen%20Fenghuang&license=0,,,,not asked,added 2026-10-08 refresh
0.04,0.01,4,China,Fenghuang,Longevity Palace (Wanshou Gong),fenghuang,7,https://www.flickr.com/search/?text=Longevity%20Palace%20(Wanshou%20Gong)%20Fenghuang&license=0,,,,not asked,
0.04,0.01,4,China,Fenghuang,Yang Family Ancestral Hall,fenghuang,8,https://www.flickr.com/search/?text=Yang%20Family%20Ancestral%20Hall%20Fenghuang&license=0,,,,not asked,
0.04,0.02,2,Pakistan,Gilgit,Chinar Bagh,gilgit,3,https://www.flickr.com/search/?text=Chinar%20Bagh%20Gilgit&license=0,,,,not asked,
0.04,0.02,2,Pakistan,Gilgit,Henzal Stupa,gilgit,6,https://www.flickr.com/search/?text=Henzal%20Stupa%20Gilgit&license=0,,,,not asked,added 2026-10-08 refresh
0.04,0.04,1,Ethiopia,Gondar,Ras Gimb Palace Museum,gondar,5,https://www.flickr.com/search/?text=Ras%20Gimb%20Palace%20Museum%20Gondar&license=0,,,,not asked,
0.04,0.02,2,Solomon Islands,Honiara,Iron Bottom Sound,honiara,6,https://www.flickr.com/search/?text=Iron%20Bottom%20Sound%20Honiara&license=0,,,,not asked,added 2026-10-08 refresh
0.04,0.02,2,Solomon Islands,Honiara,Betikama War Relics Museum,honiara,8,https://www.flickr.com/search/?text=Betikama%20War%20Relics%20Museum%20Honiara&license=0,,,,not asked,
0.04,0.02,2,China,Jianshui,Chaoyang Tower (Chaoyang Gate),jianshui,1,https://www.flickr.com/search/?text=Chaoyang%20Tower%20(Chaoyang%20Gate)%20Jianshui&license=0,,,,not asked,added 2026-10-08 refresh
0.04,0.02,2,China,Jianshui,Zitao Street (Purple Pottery Street),jianshui,9,https://www.flickr.com/search/?text=Zitao%20Street%20(Purple%20Pottery%20Street)%20Jianshui&license=0,,,,not asked,
0.04,0.02,2,China,Kangding,Erdaoqiao Hot Springs,kangding,5,https://www.flickr.com/search/?text=Erdaoqiao%20Hot%20Springs%20Kangding&license=0,,,,not asked,
0.04,0.02,2,China,Kangding,Kangding Old Town and Zheduo River Squares,kangding,6,https://www.flickr.com/search/?text=Kangding%20Old%20Town%20and%20Zheduo%20River%20Squares%20Kangding&license=0,,,,not asked,
0.04,0.02,2,Kenya,Lamu,German Post Office Museum,lamu,7,https://www.flickr.com/search/?text=German%20Post%20Office%20Museum%20Lamu&license=0,,,,not asked,
0.04,0.02,2,Kenya,Lamu,Harambee Avenue,lamu,9,https://www.flickr.com/search/?text=Harambee%20Avenue%20Lamu&license=0,,,,not asked,
0.04,0.02,2,Nigeria,Osogbo,Suzanne Wenger House (Adunni Olorisha Trust),osogbo,2,https://www.flickr.com/search/?text=Suzanne%20Wenger%20House%20(Adunni%20Olorisha%20Trust)%20Osogbo&license=0,,,,not asked,added 2026-10-08 refresh
0.04,0.02,2,Nigeria,Osogbo,Nike Centre for Art and Culture,osogbo,4,https://www.flickr.com/search/?text=Nike%20Centre%20for%20Art%20and%20Culture%20Osogbo&license=0,,,,not asked,added 2026-10-08 refresh
0.04,0.04,1,Benin,Porto-Novo,Marché International d'Ouando,porto-novo,9,https://www.flickr.com/search/?text=Marché%20International%20d'Ouando%20Porto-Novo&license=0,,,,not asked,
0.04,0.01,4,Mali,Timbuktu,Heinrich Barth House,timbuktu,4,https://www.flickr.com/search/?text=Heinrich%20Barth%20House%20Timbuktu&license=0,,,,not asked,added 2026-10-08 refresh
0.04,0.01,4,Mali,Timbuktu,Well of Old Bouctou,timbuktu,7,https://www.flickr.com/search/?text=Well%20of%20Old%20Bouctou%20Timbuktu&license=0,,,,not asked,
0.04,0.01,4,Mali,Timbuktu,Flame of Peace Monument,timbuktu,8,https://www.flickr.com/search/?text=Flame%20of%20Peace%20Monument%20Timbuktu&license=0,,,,not asked,
0.04,0.01,4,Mali,Timbuktu,Grand Marché and Saharan Dunes,timbuktu,9,https://www.flickr.com/search/?text=Grand%20Marché%20and%20Saharan%20Dunes%20Timbuktu&license=0,,,,not asked,
0.04,0.04,1,India,Tirupati,Sri Venkateswara Gosamrakshanashala,tirupati,9,https://www.flickr.com/search/?text=Sri%20Venkateswara%20Gosamrakshanashala%20Tirupati&license=0,,,,not asked,
0.03,0.01,3,Niger,Agadez,Sultan's Palace,agadez,2,https://www.flickr.com/search/?text=Sultan's%20Palace%20Agadez&license=0,,,,not asked,
0.03,0.01,3,Niger,Agadez,Maison de Heinrich Barth,agadez,4,https://www.flickr.com/search/?text=Maison%20de%20Heinrich%20Barth%20Agadez&license=0,,,,not asked,
0.03,0.01,3,Niger,Agadez,Camel Market,agadez,6,https://www.flickr.com/search/?text=Camel%20Market%20Agadez&license=0,,,,not asked,
0.03,0.03,1,Indonesia,Banda Aceh,Lampulo Boat on the Roof,banda-aceh,3,https://www.flickr.com/search/?text=Lampulo%20Boat%20on%20the%20Roof%20Banda%20Aceh&license=0,,,,not asked,
0.03,0.01,3,Tuvalu,Funafuti,Tuvalu Philatelic Bureau,funafuti,2,https://www.flickr.com/search/?text=Tuvalu%20Philatelic%20Bureau%20Funafuti&license=0,,,,not asked,added 2026-10-08 refresh
0.03,0.01,3,Tuvalu,Funafuti,Fongafale Islet War Relics,funafuti,5,https://www.flickr.com/search/?text=Fongafale%20Islet%20War%20Relics%20Funafuti&license=0,,,,not asked,added 2026-10-08 refresh
0.03,0.01,3,Tuvalu,Funafuti,Tuvalu National Library and Archives,funafuti,8,https://www.flickr.com/search/?text=Tuvalu%20National%20Library%20and%20Archives%20Funafuti&license=0,,,,not asked,added 2026-10-08 refresh
0.03,0.03,1,Ethiopia,Lalibela,Asheton Maryam Monastery,lalibela,6,https://www.flickr.com/search/?text=Asheton%20Maryam%20Monastery%20Lalibela&license=0,,,,not asked,
0.03,0.03,1,Philippines,Legaspi,Japanese Tunnel (Legazpi),legaspi,8,https://www.flickr.com/search/?text=Japanese%20Tunnel%20(Legazpi)%20Legaspi&license=0,,,,not asked,
0.03,0.03,1,Pakistan,Mingora,Mingora Bazaar,mingora,8,https://www.flickr.com/search/?text=Mingora%20Bazaar%20Mingora&license=0,,,,not asked,
0.03,0.03,1,Palestine,Nablus,Hammam al-Shifa,nablus,7,https://www.flickr.com/search/?text=Hammam%20al-Shifa%20Nablus&license=0,,,,not asked,
0.03,0.03,1,Yemen,Sana'a,Liberation Square (Midan al-Tahrir),sana-a,9,https://www.flickr.com/search/?text=Liberation%20Square%20(Midan%20al-Tahrir)%20Sana'a&license=0,,,,not asked,added 2026-10-08 refresh
0.03,0.03,1,Russia,Sergiyev Posad,Blinnaya Gora (Pancake Hill) Viewpoint,sergiyev-posad,7,https://www.flickr.com/search/?text=Blinnaya%20Gora%20(Pancake%20Hill)%20Viewpoint%20Sergiyev%20Posad&license=0,,,,not asked,
0.03,0.03,1,Algeria,Tamanrasset,Maison de l'Artisanat,tamanrasset,2,https://www.flickr.com/search/?text=Maison%20de%20l'Artisanat%20Tamanrasset&license=0,,,,not asked,
0.03,0.01,3,Algeria,Timimoun,Porte du Soudan (Sudan Gate),timimoun,1,https://www.flickr.com/search/?text=Porte%20du%20Soudan%20(Sudan%20Gate)%20Timimoun&license=0,,,,not asked,added 2026-10-08 refresh
0.03,0.01,3,Algeria,Timimoun,Hôtel de l'Oasis Rouge,timimoun,2,https://www.flickr.com/search/?text=Hôtel%20de%20l'Oasis%20Rouge%20Timimoun&license=0,,,,not asked,
0.03,0.01,3,Algeria,Timimoun,Ksar Ouled Saïd,timimoun,6,https://www.flickr.com/search/?text=Ksar%20Ouled%20Sa%C3%AFd%20Timimoun&license=0,,,,not asked,added 2026-10-08 refresh
0.03,0.01,3,Nauru,Yaren,Command Ridge,yaren,1,https://www.flickr.com/search/?text=Command%20Ridge%20Yaren&license=0,,,,not asked,
0.03,0.01,3,Nauru,Yaren,Moqua Well and Caves,yaren,4,https://www.flickr.com/search/?text=Moqua%20Well%20and%20Caves%20Yaren&license=0,,,,not asked,added 2026-10-08 refresh
0.03,0.01,3,Nauru,Yaren,Nauru Secondary School War Memorial,yaren,8,https://www.flickr.com/search/?text=Nauru%20Secondary%20School%20War%20Memorial%20Yaren&license=0,,,,not asked,
0.02,0.02,1,Ethiopia,Harar,Mekina Girgir (Sewing Machine Street),harar,9,https://www.flickr.com/search/?text=Mekina%20Girgir%20(Sewing%20Machine%20Street)%20Harar&license=0,,,,not asked,
0.02,0.01,2,Ethiopia,Mek'ele,Abraha Castle,mek-ele,2,https://www.flickr.com/search/?text=Abraha%20Castle%20Mek'ele&license=0,,,,not asked,
0.02,0.01,2,Ethiopia,Mek'ele,Kedamay Weyane Market,mek-ele,4,https://www.flickr.com/search/?text=Kedamay%20Weyane%20Market%20Mek'ele&license=0,,,,not asked,
0.02,0.02,1,Saint Pierre and Miquelon,Saint-Pierre,Quai de la République Waterfront,saint-pierre,9,https://www.flickr.com/search/?text=Quai%20de%20la%20République%20Waterfront%20Saint-Pierre&license=0,,,,not asked,
0.02,0.02,1,Russia,Vladimir,"Trinity Church (Crystal, Lacquer Miniatures and Embroidery Museum)",vladimir,9,"https://www.flickr.com/search/?text=Trinity%20Church%20(Crystal,%20Lacquer%20Miniatures%20and%20Embroidery%20Museum)%20Vladimir&license=0",,,,not asked,
0.01,0.01,1,Ethiopia,Axum,Axum Archaeological Museum,axum,8,https://www.flickr.com/search/?text=Axum%20Archaeological%20Museum%20Axum&license=0,,,,not asked,added 2026-10-08 refresh
0.01,0.01,1,Kiribati,Tarawa,"Japanese Bunkers and Naval Guns, Betio",tarawa,2,https://www.flickr.com/search/?text=Japanese%20Bunkers%20and%20Naval%20Guns%2C%20Betio%20Tarawa&license=0,,,,not asked,added 2026-10-08 refresh
