slug,hood,final,evidence,sources,point_fix
bamyan,Buddha Niches / Cliff Complex,KEEP,"Roof of Bamiyan and Gholghola hotels sit directly under the cliffs with Buddha views, so visitors stay here; evidence thin on separate restaurants.",https://onthewayaround.com/bamiyan-travel-guide/,
bamyan,Shahr-e Gholghola ('City of Sighs'),REMOVE,"Ruined citadel visited as a sight; the listed guesthouses are in the bazaar area, and open data shows 1 hotel and no food within 800 m.",https://en.wikivoyage.org/wiki/Bamiyan,
bamyan,Bamyan Bazaar,KEEP,Main bazaar with Buddha Camp guest house and chaikhanas for meals.,https://onthewayaround.com/bamiyan-travel-guide/,
algiers,Hydra,KEEP,"Upscale hill district with hotels, restaurants and boutiques; recommended as a base for quieter stays, though hotels are few.",https://www.mustseespots.com/algeria/articles/where-to-stay-in-algiers-top-neighborhoods-and-accommodation-options/,
algiers,El Biar,KEEP,"Hill district paired with Hydra in stay guides, 2 hotels and 11 food places counted; evidence thin.",https://www.mustseespots.com/algeria/articles/where-to-stay-in-algiers-top-neighborhoods-and-accommodation-options/,
algiers,Bab Ezzouar,REMOVE,"Business district beside the airport (Marriott Bab Ezzouar, Mercure Alger Aeroport); airport/business zone fails the definition despite 6 hotels.",https://www.mustseespots.com/algeria/articles/where-to-stay-in-algiers-top-neighborhoods-and-accommodation-options/,
andorra-la-vella,Santa Coloma,REMOVE,"Small village parish with a Romanesque church and one hotel counted; a single heritage site, not a visitor quarter, while Prat de la Creu, Escaldes and the centre cover the stay and dining areas.",,
luanda,Talatona,KEEP,"Hotel de Convencoes de Talatona and A Preciosa Boutique Hotel; 4 hotels, 25 food, 10 sights counted.",https://ie.hotels.com/de1902-st4/booking-four-star-hotels-luanda-angola-hotel-rooms,
luanda,Alvalade,KEEP,"Hotel Alvalade (4-star) listed; 13 hotels, 26 food places counted.",https://ie.hotels.com/de1902-st4/booking-four-star-hotels-luanda-angola-hotel-rooms,
the-valley,The Valley (Town Centre),KEEP,Capital town centre with 11 food places and sights counted; no hotels counted but it is the island's service and dining hub; evidence thin.,https://misstourist.com/where-to-stay-in-anguilla-caribbean/,
saint-john-s,Fort James & Runaway Bay,KEEP,Runaway Bay has Trade Winds Hotel and beach apartments; Expedia lists hotels in Runaway Bay.,https://www.expedia.com/es/Runaway-Bay-Hoteles.d553248635976399452.Guia-Viajes-Hoteles,
saint-john-s,Hodges Bay & Cedar Grove,KEEP,Hodges Bay Resort & Spa and Blue Waters Resort are listed resort stays.,https://expedia.com.vn/en/Dickenson-Bay.d553248635976396195.Holidays-City-Breaks,
buenos-aires,La Boca,REMOVE,"Famous for Caminito and La Bombonera but visited mostly as a day stop; only 8 hotels counted versus 96 in Microcentro, and the cap of 5 requires a swap. Contested: a famous tourist site, flagged in notes.",,
buenos-aires,Microcentro,ADD,"Plaza de Mayo and Monserrat core with about 96 hotels in the cell; Casa Rosada, Cabildo, Cathedral; inside the city and not covered by a listed hood. Replaces La Boca to hold the cap of 5.",https://en.wikivoyage.org/wiki/Buenos_Aires,"[-34.605, -58.375]"
el-chalten,Laguna Torre Trailhead,REMOVE,"Point is 0.6 km from Village Center with near-identical counts (41 vs 43 hotels), so it duplicates the Village Center hood under another name.",,
mar-del-plata,Constitucion Avenue,REMOVE,"Commercial avenue with 2 hotels counted; weaker than the beachfront La Perla, which replaces it.",,
mar-del-plata,La Perla,ADD,Beachfront barrio north of Centro with about 81 hotels in the cell and Playa La Perla; inside the city; replaces Constitucion Avenue.,https://en.wikivoyage.org/wiki/Mar_del_Plata,"[-37.995, -57.545]"
mendoza,Godoy Cruz,REMOVE,"Residential suburb department outside the city, 1 hotel and 6 food places counted.",,
puerto-iguazu,Selva Iryapu / Guarani Community,REMOVE,"Resort/lodge enclave on Ruta 12 (Loi Suites, Tre Iguazu) with a Guarani community visit; 6 food places, not a walkable quarter; downtown and Tres Fronteras cover stays.",,
salta,San Lorenzo,REMOVE,"San Lorenzo is a separate municipality about 9 km from Salta, 1 food place counted; better treated as a day trip.",,
salta,Parque San Martín / Cerro San Bernardo,REMOVE,"Park and hill (Cerro San Bernardo) is a single site, 2 food places counted; its hotels are covered by the city centre.",,
ushuaia,Martial Glacier Area,REMOVE,"Glacier road about 7 km out with zero hotels, food or sights counted; an excursion, not a neighborhood.",,
yerevan,Tsitsernakaberd,REMOVE,Genocide memorial is a single site about 1 km from the Kond hood; 3 hotels counted.,,
yerevan,Erebuni,REMOVE,Erebuni fortress-museum in a residential/industrial southern suburb about 7 km out; 2 hotels counted.,,
oranjestad,Noord,REMOVE,"Noord is the district that contains Palm Beach and Malmok, so it duplicates Palm Beach; its hotels (Boardwalk, Swiss Paradise) are listed under the Malmok/Palm Beach strip.",https://tw.hotels.com/en/de1748553-qu4/luxury-hotels-near-malmok-beach-malmok-aruba,
oranjestad,Malmok / Arashi,KEEP,"Malmok has beachfront hotels/boutique stays and Arashi/California Lighthouse nearby; evidence of restaurants is thin (open data undercounts), so kept.",https://tw.hotels.com/en/de1748553-qu4/luxury-hotels-near-malmok-beach-malmok-aruba,
alice-springs,Eastside,REMOVE,"Eastside is a residential suburb with 2 hotels, 1 restaurant in 800 m; hotel listings for Alice Springs cluster in the town centre and The Gap.",https://www.expedia.com/Heavitree-Gap-Alice-Springs-Hotels.0-n6052517-0.Travel-Guide-Filter-Hotels,
alice-springs,The Gap,KEEP,"The Gap has Quest Alice Springs, Alice on Todd Apartments and Heavitree Gap Outback Lodge; kept (thin) as the only second lodging area.",https://www.expedia.com/Heavitree-Gap-Alice-Springs-Hotels.0-n6052517-0.Travel-Guide-Filter-Hotels,
alice-springs,Larapinta,REMOVE,Larapinta is a residential suburb with 0 hotels and 1 restaurant; no tourist lodging found.,https://www.expedia.com/Heavitree-Gap-Alice-Springs-Hotels.0-n6052517-0.Travel-Guide-Filter-Hotels,
alice-springs,Desert Springs,REMOVE,Desert Springs is a residential/golf estate with 1 hotel and no dining.,https://www.expedia.com/Heavitree-Gap-Alice-Springs-Hotels.0-n6052517-0.Travel-Guide-Filter-Hotels,
cairns,Edge Hill,REMOVE,Edge Hill is a residential suburb of period homes; its draw is the Botanic Gardens (single site) and it has only 5 hotels in 800 m.,https://robpyne.com.au/edge-hill-cairns,
cairns,Trinity Beach,KEEP,"Trinity Beach has beachfront resort apartments (Blue Lagoon, Trinity Beach Club) and cafes; quieter than Palm Cove but qualifies.",https://www.expedia-aarp.com/Cairns-Trinity-Beach.dx12091,
melbourne,Richmond,REMOVE,Richmond is known for sport (MCG) and Victoria Street eats but has few hotels (6 in 800 m); the CBD is the larger hotel and attractions area and replaces it.,https://www.roughguides.com/articles/where-to-stay-in-melbourne/,
melbourne,Melbourne CBD,ADD,"The CBD is the main hotel, laneway dining and attractions area (Federation Square, Flinders Street, NGV) and guides recommend it as the first base.",https://www.roughguides.com/articles/where-to-stay-in-melbourne/,"[-37.8136, 144.9631]"
innsbruck,Hötting,REMOVE,"Hotting is a hillside residential district (2 hotels, 6 food in 800 m); Alpenzoo and botanical garden are single sites.",https://uk.hotels.com/de1643924-st4/four-star-hotels-innsbruck-and-vicinity-austria/,
innsbruck,Saggen,REMOVE,"Saggen is a quiet villa district bordering the Hofgarten, described as away from tourist crowds; 6 hotels, 12 food.",https://uk.hotels.com/de1643924-st4/four-star-hotels-innsbruck-and-vicinity-austria/,
innsbruck,Pradl,KEEP,"Pradl has 8 hotels, 42 restaurants, tram links and OlympiaWorld; guides call it local-feeling, so kept as a thin last slot.",https://chasingwhereabouts.com/blog/where-to-stay-in-innsbruck-austria,
innsbruck,Igls,ADD,"Igls is a village district of Innsbruck with spa hotels, Patscherkofel cable car and winter sports, popular with visitors; coordinates approximate from Wikipedia.",https://www.expedia.co.uk/Inntal.dx3000654959,"[47.2319, 11.415]"
innsbruck,Hungerburg,SKIP,Nordkette funicular gateway but only a few small guesthouses; thin evidence of several hotels and restaurants.,https://www.expedia.com/es/Hungerburg-Hoheninnsbruck-Innsbruck-Hoteles.0-n553248635939578623-0.Guia-Viajes-Filter-Hoteles,"[47.2905, 11.3885]"
baku,Yasamal,REMOVE,Yasamal is a residential hillside district with 6 hotels in 800 m and few visitors; Nasimi and Fountain Square cover the dining areas.,,
nassau,Sandyport / Western Esplanade,REMOVE,"Sandyport is a marina residential development next to Cable Beach (1 hotel in 800 m), already covered by the Cable Beach area.",https://www.sandals.com/blog/best-places-to-stay-in-nassau-bahamas/,
nassau,Eastern Road / Fort Montagu,REMOVE,"Eastern Road/Fort Montagu is a residential coast with a single fort; guides name only Cable Beach, Paradise Island and Downtown as the stay areas.",https://misstourist.com/where-to-stay-in-nassau-bahamas/,
manama,Diplomatic Area,KEEP,Diplomatic Area (Bahrain Bay/Financial Harbour) has major hotels and waterfront dining; Trip.com guide lists it among stay areas.,https://ae.trip.com/hotels/manama-hotels-list-19695/,
manama,Amwaj Islands,REMOVE,"Amwaj Islands is a residential resort development in Muharraq Governorate, not in Manama; the Manama souq area is stronger.",https://ae.trip.com/hotels/manama-hotels-list-19695/,
manama,Manama Souq / Bab Al Bahrain,ADD,"Bab Al Bahrain and the old souq are the cultural start of Manama with museums, hotels and dining; listed by Trip.com among stay areas.",https://ae.trip.com/hotels/manama-hotels-list-19695/,"[26.2343, 50.5778]"
chittagong,Patenga,KEEP,"Patenga Sea Beach is one of Chittagong's most popular tourist spots with restaurants, street food and hotels such as The Peninsula Chittagong nearby.",https://wanderlog.com/place/details/69745/patenga-sea-beach,
cox-s-bazar,Inani,REMOVE,"Inani is a beach about 30 km south on Marine Drive, outside the town; it is a day trip.",https://www.expedia.co.th/en/Inani-Beach.d6099648.Attraction,
cox-s-bazar,Himchari,REMOVE,Himchari is a waterfall and national park area about 8.6 km from the main hotels; it is a day trip.,https://demo.adalte.com/en/client/catalogs/hotl-r56619-cox-s-bazar.htm,
srimangal,Lawachara National Park,REMOVE,Lawachara is a national park (single site) with no lodging inside; it is a day trip from Srimangal.,,
sylhet,Airport Road (Baghbari),KEEP,"Airport Road has multiple resorts and hotels (Grand Sylhet Hotel & Resort, Windsor Hotel and Resort, Rose View) with restaurants and spas.",https://thewp.world/event_nearby/grand-sylhet-hotel-resort/,
minsk,Nemiga,KEEP,"Nemiga is Old Town area with many cafes and restaurants and apartments/hotels, near Island of Tears.",https://www.itimaker.com/blog/where-to-stay-in-minsk,
minsk,Railway Station Area,KEEP,Station area has many hotels (115 within a mile) and is a common base; kept as a thin slot.,https://hotels.com/de1696899/hotels-near-minsk-station-minsk-belarus,
minsk,Zalataja Horka (Golden Hill),REMOVE,Zalataja Horka is a residential district with 2 hotels in 800 m; not a visitor base.,,
brugge,Sint-Michiels,REMOVE,"Sint-Michiels is a residential suburb outside the old centre with 4 hotels, 2 sights.",,
brussels,European Quarter,REMOVE,European Quarter is the EU institutions and office district; the more tourist-popular Dansaert/Sainte-Catherine replaces it.,https://www.hotels.com/de59474-am2048/breakfast-included-hotels-brussels-belgium/,
brussels,Dansaert / Sainte-Catherine,ADD,"Stylish fashion, restaurant and boutique-hotel quarter on Place Sainte-Catherine, popular with visitors; adjoins the Grand Place area but is a separate named quarter.",https://www.hotels.com/de59474-am2048/breakfast-included-hotels-brussels-belgium/,"[50.8508, 4.3472]"
gent,Muide-Meulestede,REMOVE,Muide-Meulestede is docklands and industrial with no hotels.,,
belize-city,Buttonwood Bay,REMOVE,"Buttonwood Bay is residential with 4 hotels, 7 restaurants and 1 sight.",,
cotonou,Cadjehoun,REMOVE,Cadjehoun is the airport zone; the Haie Vive area has the same stays and dining.,https://www.wotif.com/Cotonou-Hotels.d898.Travel-Guide-Hotels,
cotonou,Akpakpa,REMOVE,Akpakpa is a large residential district with 0 hotels and 1 restaurant.,,
porto-novo,Ouando (Port & Market District),KEEP,"Ouando is the largest market district 3 km north with nightlife, a pool and hotels; kept as thin.",https://guides.travel.sygic.com/production/en/Porto-Novo,
hamilton,Hamilton Parish & Flatts,KEEP,"Flatts Village has an aquarium, restaurants (Swizzle Inn) and Grotto Bay Beach Resort in Hamilton Parish; bus routes 1/3/10/11 stop there. Evidence thin, Overture undercounts Bermuda.",https://www.expedia.com/Flatts-Village.dx11668 | https://www.expatexchange.com/ctryguide/10291/21/Bermuda/Experience-Flatts-Village-The-Essential-Guide-to-Flatts-Village,
thimphu,Motithang,KEEP,"Motithang has Hotel Motithang, Amankora Thimphu, guest houses and the Motithang Takin Preserve; 7 hotels counted.",https://en.wikipedia.org/wiki/Motithang,
thimphu,Changzamtog,KEEP,"Hotels exist near the FCB area but no evidence found that it is non-tourist; Overture undercounts Bhutan. Evidence thin, weakest of five.",https://www.atrapalo.com.ar/hoteles/asia/bhutan/thimphu-dzongkhag/thimphu/,
la-paz,Zona Sur (Obrajes),REMOVE,"Only 1 hotel mapped within 800 m; Obrajes is a residential/university area with a few boutique hotels near Alto Obrajes cable car; Zona Sur visitors stay in Calacoto/San Miguel, already listed.",https://nz.hotels.com/es/de12550302/hotel-cerca-de-estacion-de-teleferico-de-alto-obrajes-macrodistrito-sur-bolivia,
potosi,San Francisco,REMOVE,"San Francisco point is about 200 m from Centro Histórico; San Francisco Church and Museum is a 5-minute walk from the Centro/San Pedro hotels, so it is the same visitor cluster as Centro.",https://www.travelocity.com/Potosi-Hotels-Hostal-Cerro-Rico.h126561852.Hotel-Reviews,
potosi,Cerro Rico / Pailaviri,REMOVE,Cerro Rico is a mine mountain visited on tours from hotels in the centre; not a neighborhood to stay in.,https://www.readytotrip.com/attractions/cerro-rico-mountain/,
santa-cruz-de-la-sierra,Urubo (Colinas del Urubo),REMOVE,"Colinas del Urubo is a gated residential/golf suburb, 1 hotel and 3 food places mapped; only vacation rentals found.",https://www.expedia.com/Colinas-Del-Urubo.dx6349680,
santa-cruz-de-la-sierra,Zona Norte,REMOVE,0 hotels counted; only a few rentals listed; tourist stays are in Equipetrol and Centro. Evidence moderate.,https://www.milehacker.com/travel/bolivia/santa-cruz-department/santa-cruz-de-la-sierra/where-to-stay-in-santa-cruz-de-la-sierra-hotels-ne/,
sucre,San Roque,KEEP,22 hotels and 58 food places within 800 m; hostels are mostly in the historic centre but nothing found against San Roque. Evidence thin.,https://hostelgeeks.com/best-hostels-in-sucre-bolivia/,
mostar,Brankovac,REMOVE,"Brankovac is about 200 m from the Old Town point and the same cluster of Old Bridge hotels (Kriva Cuprija, Kapetanovina); duplicate of Old Town.",https://au.hotels.com/de1643286-qu0/cheap-accommodation-mostar-bosnia-and-herzegovina,
mostar,Cernica,KEEP,"73 hotels and 143 food places within 800 m, about 700 m north of the bridge; pension cluster walkable to the Old Bridge. Evidence thin.",https://au.hotels.com/de1643286-qu0/cheap-accommodation-mostar-bosnia-and-herzegovina,
sarajevo,Ilidža,REMOVE,"Ilidža is a separate municipality about 10 km west with spa hotels and Vrelo Bosne; a half-day trip from the centre, not a part of the city's walkable visitor area.",https://www.expedia.com/cn/Ilidza-Hotels.d3000043873.Travel-Guide-Hotels | https://sarajevo.travel/en/text/sarajevo-is-the-ideal-place-to-devote-some-time-to-yourself/35,
gaborone,Airport Junction,REMOVE,Airport Junction is a mall and guest-inn cluster by the airport; an airport zone fails the definition.,https://in.trip.com/hotels/landmark/bw/airport-junction-mall.html,
gaborone,Gaborone West (Grand Palm),REMOVE,Gaborone West is residential; 3 hotels and 4 food places mapped; no evidence of a visitor district. Evidence moderate.,https://us.lastminute.com/hotels/bw_botswana/gaborone-d1048257191,
maun,Matlapana,KEEP,Maun is a lodge-based safari gateway; stays are along the Thamalakane River. Evidence thin for Matlapana specifically.,https://www.botswanawildlife.com/maunaccom.html,
maun,Shorobe Road (Riverside),KEEP,"7 hotels mapped; riverside lodges (Island Safari, Audi Camp area) form the main visitor lodging strip.",https://www.botswanawildlife.com/maunaccom.html,
maun,Sedie,KEEP,"Sedia Riverside Hotel (24 rooms, 10 cottages, restaurant and bars) is on the Thamalakane at Sedie; Overture count misses it.",https://nomadtours.co.za/tours/accommodation/sedia-riverside-hotel/,
maun,Boseja,REMOVE,"Residential suburb, 3 hotels and 2 food places mapped; no visitor-lodge listings found for Boseja; the river lodge strip is covered by other hoods.",https://www.botswanawildlife.com/maunaccom.html,
belo-horizonte,Pampulha,KEEP,Pampulha is the lake district with restaurants and lake views and has its own hotel listings; visitors go for the Niemeyer modernist ensemble.,https://www.expedia.com/es/Pampulha-Belo-Horizonte-Hoteles.0-n6218167-0.Guia-Viajes-Filter-Hoteles | https://www.maladeaventuras.com/onde-ficar-em-belo-horizonte/,
brasilia,Asa Sul,KEEP,"Asa Sul has Setor Hoteleiro Sul at its edge, W3 Sul, Pátio Brasil and many restaurants (59 mapped).",https://www.viagensecaminhos.com/onde-se-hospedar-em-brasilia/,
brasilia,Asa Norte,KEEP,Asa Norte holds Setor Hoteleiro Norte hotels plus shopping and 52 restaurants; reported as quieter and safer. Evidence moderate.,https://www.viagensecaminhos.com/onde-se-hospedar-em-brasilia/,
brasilia,Águas Claras,REMOVE,"Satellite city about 16 km from the centre, residential towers; outside the Plano Piloto visitor area.",https://guia.melhoresdestinos.com.br/brasilia-hoteis-onde-ficar.html,
brasilia,Setor Hoteleiro Turístico Norte,REMOVE,Point is about 200 m from the Setor Hoteleiro hood; the hotel sectors (Norte/Sul) are covered by the listed Setor Hoteleiro and Asa hoods.,https://www.expedia.com/Setor Hoteleiro Sul-Hotels.d553248635318396445.Travel-Guide-Hotels,
cuiaba,CPA / Jardim das Américas,KEEP,"Jardim das Américas has a shopping mall (3 Américas); CPA has parks (Massairo Okamura); 7 hotels, 31 food places, 28 sights mapped. Evidence thin.",https://www.expedia.com/Cuiaba-Jardim-Das-Americas.dx553248635318254164,
florianopolis,Campeche,KEEP,"32 hotels/pousadas listed in Campeche, with restaurants, bars, shops and a surf beach.",https://ae.trip.com/hotels/florianopolis-hotels-list-6743/location705610 | https://www.dicasdeviagem.com/pousadas-na-praia-do-campeche/,
foz-do-iguacu,Vila A,REMOVE,"Vila A is residential with 0 hotels mapped; guides recommend Itaipu, Vila Yolanda and Vila Portes for stays. Evidence moderate.",https://www.grupodicas.com/onde-ficar-em-foz-do-iguacu,
maceio,Guaxuma,REMOVE,"Guaxuma has 3 hotels and 7 food places mapped; Jaraguá, the restored historic district with bars and restaurants, is more visited and replaces it.",https://www.guiadasemana.com.br/maceio/turismo/estabelecimento/bairro-historico-de-jaragua,
maceio,Jaraguá,ADD,"Historic port district restored in the early 1990s; warehouses and mansions are now bars, restaurants and clubs, with Museu de Arte Brasileira, marina and hotels/hostel; inside Maceió and not covered by a listed hood (Pajuçara is 2 km east). Coordinates from a street in the neighborhood (Rua Sampaio Marques).",https://www.guiadasemana.com.br/maceio/turismo/estabelecimento/bairro-historico-de-jaragua | https://guiamapa.com/al/maceio/jaragua/rua-sampaio-marques | https://pt.wikipedia.org/wiki/Jaraguá_(Maceió),"[-9.6722, -35.7403]"
petropolis,Corrêas,KEEP,"Expedia lists 9 hotels/pousadas in Corrêas (e.g. Pousada Tankamana, Solar do Império). Evidence moderate; weakest of five.",https://www.expedia.com/es/Correas-Hoteles.d553248635209676790.Guia-Viajes-Hoteles,
porto-seguro,Orla Norte (Coroa Vermelha),KEEP,"Coroa Vermelha has many hotels and resorts (Mutá Praia, Ondas Resort, Coroa Vermelha Beach All Inclusive, Segundo Sol) on the beach.",https://www.cvc.com.br/dicas-de-viagem/?p=29946 | https://expedia.ie/Porto-Seguro-Coroa-Vermelha.dx6185117,
salvador,Itapuã,KEEP,"Itapuã has the lighthouse beach with several hotels and pousadas within 0.6 km (Casa Di Vina, Iara Beach, Hotel Deville Prime) and nearby restaurants.",https://www.vn.kayak.com/Salvador-Hotels-Farol-de-Itapua-Praia-Hotel.319439.len.ksp,
sao-paulo,Itaim Bibi,REMOVE,"Business and finance district; the first pass ranks it behind Paulista, Jardins and Pinheiros, and the new Paulista add makes six. Swap is for Paulista (MASP, Meliá Paulista); dining overlap is covered by Pinheiros and Jardins.",https://www.voyagetips.com/pt/onde-ficar-em-sao-paulo/,
sao-paulo,Avenida Paulista / Bela Vista,ADD,"Avenida Paulista (MASP, Meliá Paulista) with Consolação and Bela Vista is the standard first-visit base; many hotels and restaurants; inside the city, not its own guide city; Jardins listed point is off-centre and does not cover Paulista itself.",https://www.voyagetips.com/pt/onde-ficar-em-sao-paulo/ | https://www.viajaquepassa.com.br/onde-ficar-em-sao-paulo.md,"[-23.5614, -46.6559]"
bandar-seri-begawan,Jerudong / Muara Coast,REMOVE,"Jerudong is a resort enclave (The Empire Brunei) and Muara a port town, both well outside the city; they are excursions, not city neighborhoods.",https://www.expedia.com.hk/en/Muara.dx6336633 | https://www.milehacker.com/travel/brunei/bandar-seri-begawan/where-to-stay-in-bandar-seri-begawan-hotels-neighb/,
plovdiv,Trakia,REMOVE,"Tourist guides for Plovdiv list only Old Town, Kapana and the centre as visitor areas; Trakia is a residential high-rise district with 2 hotels.",https://xixerone.com/en/where-to-stay-in-plovdiv-best-areas-and-hotels/,
varna,Chaika,KEEP,Chaika is described as a resort-style beach area with hotels and restaurants near Treta Buna beach; 11 hotels counted. Evidence thin but nothing to cite for removal.,https://admiral.travel/en/countries/bulgaria/varna/chaika-- | https://www.itimaker.com/blog/where-to-stay-varna-first-timers,
varna,Asparuhovo,REMOVE,Asparuhovo is described as a residential district across the bridge with a handful of guesthouses and 1 hotel counted; Varna keeps 3 stronger areas.,https://www.expedia.com/Asparuhovo.d938551498210926592.Destination-Travel-Guides | https://www.itimaker.com/blog/where-to-stay-varna-first-timers,
ouagadougou,Ouaga 2000,KEEP,"Ouaga 2000 hosts the Lancaster Ouaga 2000 5-star and Residence Diane, with international restaurants; near the airport. Africa undercount.",https://www.milehacker.com/travel/burkina-faso/centre/ouagadougou/where-to-stay-in-ouagadougou-hotels-neighborhoods-/,
ouagadougou,Zone du Bois,KEEP,Zone du Bois / Zone A listed as a guesthouse and mid-range hotel area with restaurants and green space.,https://www.milehacker.com/travel/burkina-faso/centre/ouagadougou/where-to-stay-in-ouagadougou-hotels-neighborhoods-/,
ouagadougou,Gounghin,KEEP,"Gounghin is listed for small hotels, youth hostels and an artisan market. Evidence thin (one aggregator page), so kept rather than removed; Africa undercount.",https://www.milehacker.com/travel/burkina-faso/centre/ouagadougou/where-to-stay-in-ouagadougou-hotels-neighborhoods-/,
bujumbura,Kiriri,KEEP,"Kiriri Garden Hotel (pool, gym) and nearby hotels serve this lakeside east side; dining thinly mapped. Thin evidence, kept.",https://uk.trip.com//travel-guide/destination/rohero-1882405,
bujumbura,Mutanga Nord,REMOVE,Mutanga Nord is the Bujumbura Christian University / residential district (Photon confirms the point sits in the district); no hotel or visitor listing found. Evidence thin.,"https://photon.komoot.io/api/?q=Mutanga+Nord,+Bujumbura",
battambang,Wat Kor Village,REMOVE,"Wat Kor is a quiet village of heritage houses with a few homestays/boutique guesthouses, described as isolated from the town; a heritage site, not a neighborhood with dining and lodging choice.",https://www.geckoroutes.com/?p=9077 | https://threeland.com/blogs/a-simple-travel-guide-to-battambang-in-cambodia,
phnom-penh,Chroy Changvar,KEEP,Chroy Changvar is across the river with some luxury and budget hotels (from $18) and restaurants; weakest of the five but no evidence to remove. Thin.,https://za.hotels.com/de10630941/hotels-near-chroy-changvar-bridge-sangkat-bak-khaeng-cambodia,
siem-reap,Svay Dangkum,REMOVE,"Svay Dangkum is the commune that contains Old Market and Pub Street; its point (13.3585,103.854) lies between the Old Market and Riverside hoods, so it duplicates them.",https://ips-cambodia.com/siem-reap-area-guide-svay-dangkum,
douala,Deido,KEEP,"Deido is a lived-in district with Duala chiefs' palaces, markets and local restaurants, with some hotels. Thin; kept.",https://www.expedia.com/es/Douala-Deido.dx952324570988584960,
yaounde,Nlongkak,KEEP,"Nlongkak is a mid-range, affordable-lodging area with local maquis restaurants next to Bastos.",https://www.tripbase.com/destinations/yaounde-ring-road-cameroon/neighborhoods/,
yaounde,Mvog-Betsi,REMOVE,"The point is at the Mvog-Betsi zoo/residential area on the west edge, with no hotels found; the food scene cited belongs to Marché Mvog-Mbi, a market, not this point.",https://www.tripbase.com/destinations/yaounde-ring-road-cameroon/neighborhoods/,
yaounde,Mokolo,KEEP,"Mokolo is a lively market district visitors do go to, though pickpocket risk is noted and hotels are few. Thin; kept.",https://www.tripbase.com/destinations/yaounde-ring-road-cameroon/neighborhoods/,
banff,Lake Louise Village,KEEP,"not in scope. Note: Lake Louise Village is about 50 km from Banff townsite, so it may be a day-trip/second-base area rather than a Banff neighborhood; flag for Jeff.",https://hotelsforkings.com/city/lake-louise/buffalo-mountain-lodge,
banff,Tunnel Mountain,KEEP,"Tunnel Mountain has a large hotel cluster (Fox Hotel, Ptarmigan Inn, Caribou Lodge, Canalta, Rundlestone, Buffalo Mountain Lodge, Tunnel Mountain Resort), with restaurants 15 minutes on foot or in-lodge; Overture undercounts it.",https://www.hotelsone.com/district/ca/tunnel-mountain-district.html,
calgary,Inglewood,KEEP,"Inglewood is a known visitor district (Bow River, breweries, festivals) with the Acclaim Hotel and a B&B; the point is about 600 m off the district centre, which explains the low counts.","https://www.expedia.com/Inglewood.dx6287729 | https://photon.komoot.io/api/?q=Inglewood,+Calgary","[51.0381, -114.0248]"
charlottetown,Brighton,KEEP,Brighton is part of the downtown historic district with heritage inns and B&Bs next to Victoria Park. Thin; kept (city has few options).,https://www.discovercharlottetown.com/listings/inn-on-the-harbour/ | https://www.airbnb.com.au/rooms/36879781,
charlottetown,Sherwood,REMOVE,Sherwood is a residential area north of the centre; 0 hotels and 0 food/drink within 800 m in a well-mapped country.,,
charlottetown,West Royalty (Capital Drive),REMOVE,"West Royalty/Capital Drive is a highway commercial strip near the airport, 4 hotels and 5 restaurants; visitors stay downtown.",https://www.discovercharlottetown.com/listings/rodd-charlottetown/,
edmonton,West Edmonton,KEEP,"West Edmonton Mall area has several chain hotels (DoubleTree, Candlewood, Home2, Travelodge, Hyatt Place) plus the mall, Galaxyland and waterpark, a major visitor draw.",https://www.expedia.com/en/west-edmonton.dx553248635921598818,
halifax,North End,KEEP,"North End (Agricola Street) is cited for the city's best food, breweries and nightlife; lodging limited to guesthouses. Visitors spend time here.",https://misstourist.com/where-to-stay-in-halifax-canada/ | https://www.canada-spirit.com/destinations/halifax/neighborhoods/,
halifax,Dartmouth,KEEP,"Dartmouth is reached by harbour ferry, cheaper base for longer stays; described as a working city. Thin evidence for removal, so kept as 5th.",https://misstourist.com/where-to-stay-in-halifax-canada/,
jasper,Pyramid Lake / Patricia Lake,REMOVE,"Pyramid/Patricia Lake lodges (Pyramid Lake Lodge, Coast Pyramid Lake Resort) sit 5-10 km out of the townsite; they are excursion lodging, not a town neighborhood.",https://en.wikipedia.org/wiki/Pyramid_Lake_(Alberta) | https://takemytrip.com/2016/02/pyramid-and-patricia-lakes-jasper-national-park,
jasper,Athabasca River Cabins,KEEP,Cabins/lodges along the Athabasca River near the townsite (5 hotels counted); no evidence found to remove. Thin.,https://au.hotels.com/tgp/lodging/6260935/patricia-lake,
kelowna,Lower Mission,REMOVE,Lower Mission is a residential lakeside district (Photon confirms the point is in it); 1 hotel and 1 food place within 800 m in a well-mapped country.,"https://photon.komoot.io/api/?q=Lower+Mission,+Kelowna",
kelowna,Glenmore / North End,REMOVE,"The point (49.965,-119.425) is near Ellison/the airport, not Glenmore or the lakefront; 0 hotels and 0 food places there.",,
kelowna,Rutland,REMOVE,"Rutland is a suburban area known for golf courses and chain strips; 1 hotel counted, visitors base downtown or at Pandosy.",https://ph.hotels.com/nh1771961-am16384/parking-available-hotels-in-rutland-kelowna-british-columbia,
montreal,Griffintown,KEEP,"Griffintown has hotels (L'Hotel Particulier), 50 restaurants and sits next to Old Montreal; keep.",https://www.rentbyowner.com/journal/places-to-stay-montreal/,
montreal,Outremont,REMOVE,"Outremont is a residential district with 1 hotel within 800 m in a well-mapped city; restaurants on Bernard and Laurier are neighbourhood dining, and the Plateau and Mile End already cover that.",https://www.rentbyowner.com/journal/places-to-stay-montreal/,
montreal,Downtown Montréal (Centre-Ville),ADD,"Downtown has the large hotel cluster (Hilton Garden Inn Centre-Ville, Hotel Bonaventure), shopping and transit hub; not covered by Vieux-Montréal or Griffintown; Montréal is not a guide slug conflict. Coordinate is Place Ville Marie.",https://www.rentbyowner.com/journal/places-to-stay-montreal/,"[45.5017, -73.5693]"
niagara-falls,Chippawa,REMOVE,"Chippawa is a quiet village about 8 km from the falls, 4 hotels and 6 food places.",https://www.thebrokebackpacker.com/where-to-stay-in-niagara-falls-canada,
niagara-falls,Niagara Parkway / Dufferin Islands,REMOVE,"Niagara Parkway/Dufferin Islands is a parkland corridor and park, not a neighborhood; 4 hotels, 6 restaurants.",https://www.thebrokebackpacker.com/where-to-stay-in-niagara-falls-canada,
ottawa,The Glebe,REMOVE,"Hotel listings show the nearest hotels to the Glebe are downtown (30-minute walk) and only one B&B is in the Glebe; 2 hotels counted, though it has dining and Lansdowne Park. Flag: close call.",https://www.hotelscombined.ie/Place/The_Glebe.htm,
ottawa,Westboro,REMOVE,Westboro is a suburban shopping/dining village with 3 hotels counted and no hotel listings found.,https://www.augustinecollege.org/?p=2842,
saskatoon,Broadway District (Nutana),ADD,"Broadway Avenue is the visitor street: restaurants, cafes, boutiques, nightlife, historic Broadway Theatre. Hotels inside the district are few (nearest are downtown across the bridge), so this is a spend-time area; thin on lodging.","https://kent-braaten.c21.ca/nutana | https://photon.komoot.io/api/?q=Broadway+Avenue,+Saskatoon","[52.1177, -106.6567]"
tofino,Cox Bay,KEEP,Cox Bay Beach Resort and Long Beach Lodge Resort sit on Cox Bay.,https://www.lastminute.com/hotels/ca_canada/tofino-d1052169439,
tofino,Clayoquot Sound / Around Tofino,REMOVE,"Clayoquot Sound is the whole surrounding region (water and islands), not a neighborhood; 0 hotels.",https://uk.hotels.com/re1747614/hotels-in-clayoquot-sound-canada,
toronto,The Annex,KEEP,"Counts show 14 hotels, 63 food and 35 sights within 800 m; guides list The Annex and Little Italy as a recognised stay area (budget and boutique hotels). Evidence to remove is thin, and the Distillery is the weaker of the two.",https://theplanetd.com/where-to-stay-in-toronto-best-neighborhoods/ | https://misstourist.com/where-to-stay-in-toronto-canada-best-hotels/,
toronto,Distillery District,REMOVE,"Travel guides describe it as a pedestrian heritage shopping, dining and Christmas-market enclave to visit, not a place with its own hotels; 0 hotels within 800 m. Dropped to make room for the Entertainment District, which has the main hotel cluster.",https://theplanetd.com/where-to-stay-in-toronto-best-neighborhoods/ | https://misstourist.com/where-to-stay-in-toronto-canada-best-hotels/,
toronto,Entertainment District,ADD,"Guides call it the best area for first-time visitors: CN Tower, theatres, Rogers Centre, many hotels and dense nightlife and dining. Not covered by any listed hood.",https://theplanetd.com/where-to-stay-in-toronto-best-neighborhoods/ | https://misstourist.com/where-to-stay-in-toronto-canada-best-hotels/,"[43.6455, -79.3895]"
vancouver,Kitsilano,KEEP,Guides present it as a beach-and-outdoors base popular with visitors; hotel count is low (4) but evidence to remove is not found.,https://www.rentbyowner.com/journal/places-to-stay-in-vancouver/,
vancouver,Mount Pleasant,REMOVE,"Guides describe it as a creative, budget, local area (Main Street, breweries); 4 hotels. Coal Harbour is clearly more popular with tourists (Fairmont Pacific Rim, Convention Centre, seaplanes).",https://www.rentbyowner.com/journal/places-to-stay-in-vancouver/,
vancouver,Coal Harbour,ADD,"Waterfront downtown district with Fairmont Pacific Rim and other high-end hotels, restaurants and the Seawall; about 1.4 km east of the West End point so not a duplicate. Note the Westin Bayshore is listed under West End and sits at the Coal Harbour/West End edge.",https://www.rentbyowner.com/journal/places-to-stay-in-vancouver/ | https://www.islands.com/2120674/coal-harbor-vancouver-walkable-neighborhood-food-high-end-hotels-shopping,"[49.289, -123.1215]"
whistler,Creekside,KEEP,"Guides describe Creekside as a distinct ski base with its own village centre, restaurants, shops and lodges (Nita Lake Lodge); Overture undercounts it.",https://forgedaxe.ca/news-events/top-5-whistler-neighbourhoods/,
whistler,Function Junction,REMOVE,"Described as a light-industrial and residential area with breweries and studios, 'a more local feel' and further from the slopes.",https://forgedaxe.ca/news-events/top-5-whistler-neighbourhoods/,
whistler,Alta Lake / Lakeside,REMOVE,"Lakeside residential and park area; the stays listed (Whistler Cascade Lodge, Fireside Lodge) are minor lodges, and Overture shows 0 food. Evidence moderate.",https://forgedaxe.ca/news-events/top-5-whistler-neighbourhoods/,
winnipeg,St. Boniface,KEEP,Winnipeg's French Quarter with landmarks and a range of budget accommodation; recognised visitor area.,https://www.thebrokebackpacker.com/where-to-stay-in-winnipeg-canada/,
winnipeg,Polo Park,REMOVE,"Mall and airport-hotel zone (hotel names are Residence Inn, Homewood Suites Airport, Canad Inns Polo Park); a single shopping site, not a visitor neighborhood.",https://www.thebrokebackpacker.com/where-to-stay-in-winnipeg-canada/,
bangui,Lakouanga,KEEP,"Ledger Plaza Bangui, the main hotel, sits in this area between downtown and the airport, within a 30-minute walk of Place de la Republique, the cathedral and the river front. Overture is not reliable for the Central African Republic; evidence thin, so kept.",https://naturalworldsafaris.com/africa/central-african-republic/safaris-and-planning/where-to-stay-in-central-african-republic/ledger-plaza-bangui-hotel,
n-djamena,Centre-ville (Avenue Charles de Gaulle),KEEP,Hotel La Tchadienne (ex Novotel) on Rue Brosset and Hotel Irrisor are central hotels. Overture shows zero for all Chad; absence not evidence.,https://www.expedia.com/NDjamena-Chagoua.dx959586750284800000,
n-djamena,Chagoua,KEEP,"Expedia lists Chagoua as a district with the National Museum of Chad and National Square nearby. Point 12.09,15.09 is rounded and looks approximate.",https://www.expedia.com/NDjamena-Chagoua.dx959586750284800000,
n-djamena,Moursal,KEEP,"Expedia lists a Moursal hotels page; Radisson Blu region, Dembe Market and Stade Nacional nearby.",https://www.expedia.com.my/ms/Moursal-NDjamena-Hotels.0-n946862958708117504-0.Travel-Guide-Filter-Hotels,
la-serena,Avenida del Mar,KEEP,"Beachfront promenade with several hotels (Club La Serena, Canto del Mar) and apartment stays.",https://hotels.com/de1793313/hotels-near-sea-avenue-la-serena-and-vicinity-chile,
pucon,Quelhue,REMOVE,"Rural area about 4 km from town with a single eco-lodge; Overture shows 0 hotels, 0 food.",,
pucon,Camino a Villarrica,REMOVE,"Road to Villarrica with a few upscale lodges (Antumalal, Magma Lodge) out of town; 2 hotels and 1 food within 800 m. Evidence moderate.",,
puerto-natales,Costanera (Última Esperanza waterfront),REMOVE,"Point is about 130 m from the Centro point and counts are near identical (93 vs 99 hotels); the waterfront is the edge of Centro, a duplicate under another name.",,
puerto-natales,Puerto Bories,REMOVE,"Former meat plant about 6 km north; a single site with luxury hotels, 0 food; a day trip.",,
puerto-natales,Sector Norte (Ruta 9),REMOVE,"Highway strip with lodges, 2 food and 0 sights within 800 m.",,
punta-arenas,Cerro de la Cruz,REMOVE,"A viewpoint hill four blocks up from the plaza with guesthouses; about 560 m from Centro point, covered by Centro.",https://www.tripbase.com/destinations/punta-arenas-chile/neighborhoods/,
punta-arenas,Costanera del Estrecho,REMOVE,"Waterfront road, 3 hotels and 4 food within 800 m; about 3 km from Centro.",,
punta-arenas,Barrio Croata,KEEP,"Distinct historic Dalmatian quarter along Avenida España with the best bakeries, cheap lunches and heritage architecture; budget stays. Kept as the second hood.",https://www.tripbase.com/destinations/punta-arenas-chile/neighborhoods/,
punta-arenas,Zona Norte,REMOVE,"Free-zone and industrial north side; 2 hotels, 9 food within 800 m.",,
santiago,Providencia,KEEP,Guides name Providencia the most balanced base for first-time visitors.,https://breathingtravel.com/where-to-stay-in-santiago/,
santiago,Las Condes,KEEP,"Point is misplaced: -33.4161,-70.5341 is east of the hotel cluster. The Ritz-Carlton, NH Collection and other listed hotels are at El Golf, about -33.4155,-70.5970 (Overture 0 hotels is the misplaced point). Guides describe it as an upscale hotel and dining district. Moderate tourist appeal.",https://breathingtravel.com/where-to-stay-in-santiago/ | https://lorenzigo.com/where-to-stay-santiago-chile/,"[-33.4155, -70.597]"
santiago,Vitacura,REMOVE,Affluent residential district; guides say quiet with the weakest metro coverage; 2 hotels within 800 m.,https://breathingtravel.com/where-to-stay-in-santiago/ | https://lorenzigo.com/where-to-stay-santiago-chile/,
santiago,Nunoa,REMOVE,"Residential, 3 hotels; not named among visitor stay areas in guides.",https://breathingtravel.com/where-to-stay-in-santiago/ | https://lorenzigo.com/where-to-stay-santiago-chile/,
santiago,Santiago Centro (Lastarria),ADD,"Historic centre: Plaza de Armas, museums, Lastarria's cafes and nightlife. Guides call Lastarria the trendiest place for visitors. Not covered by Bellavista (about 600 m north across the river).",https://breathingtravel.com/where-to-stay-in-santiago/ | https://lorenzigo.com/where-to-stay-santiago-chile/,"[-33.4385, -70.644]"
santiago,Barrio Brasil / Yungay,ADD,"Bohemian historic barrios with hostels and bars, recommended as the budget-friendly option; Plaza Brasil is the centre. Fills the fifth slot over Vitacura and Nunoa.",https://breathingtravel.com/where-to-stay-in-santiago/ | https://lorenzigo.com/where-to-stay-santiago-chile/,"[-33.4385, -70.6585]"
valparaiso,Cerro Playa Ancha,REMOVE,"Guides say Playa Ancha is more distant and residential, unlike the three main tourist hills.",https://www.avygeo.com/en/guide/americas/chile/17457-valparaiso/where-to-stay | https://www.tripbase.com/destinations/valparaiso-chile/neighborhoods/,
vina-del-mar,Reñaca,KEEP,"Major beach neighborhood with hotels (Bosque de Reñaca, Mr. Mar) and a beach strip. Point is about 2.7 km too far north (it falls near Concón); Reñaca beach is around -32.972,-71.549.",https://www.expedia.com/cn/Renaca-Hotels.d6143379.Travel-Guide-Hotels,"[-32.972, -71.5495]"
vina-del-mar,Las Salinas,KEEP,"Beachfront area with Hotel Oceanic 100 m from Playa Las Salinas, and Novotel and Pullman within a short drive; evidence to remove not found. Low confidence.",https://www.frommers.com/destinations/vina-del-mar/hotels/hotel-oceanic,
anshun,Xixiu (City Center),KEEP,"Hotels cluster on Gufu Street in the Ancient City district with small restaurants, snacks and the Confucian Temple nearby (Overture zero is China undercount).",https://au.trip.com/hotels/anshun-hotels-list-179/zone115843183,
anshun,Hongshan Lake,KEEP,"Hotels listed on the lake (DoubleTree, Atour Ancient City Hongshan Lake) and within walking distance of Gufu Street; thin evidence so kept.",https://au.trip.com/hotels/anshun-hotels-list-179/zone115843183,
anshun,Anshun West Railway Station,REMOVE,High-speed station area far from the centre (city rail station is 3 km and the airport 10 km from Gufu Street); station hotels only.,https://au.trip.com/hotels/anshun-hotels-list-179/zone115843183,
beihai,Waisha Seafood Island,KEEP,"Seafood island and fishing harbour with restaurants, old colonial streets, and a 4-star hotel (Pearl Bay Seaview).",https://www.tripbase.com/destinations/beihai-china/neighborhoods/waisha-island/,
beihai,Qiaogang,KEEP,Has a Qiaogang Style Street with hotels (Linhai Hotel); evidence to remove not found. Low confidence.,https://www.tripbase.com/destinations/beihai-china/neighborhoods/waisha-island/,
beijing,Dongcheng,KEEP,"District-level label; listed hotels (Peninsula, Peace Hotel, Tian'anmen hutong hotel) are at Wangfujing and the Forbidden City. Point is in the Gulou area to the north, so move it. Wangfujing guides: five/four-star hotels, malls, hutong guesthouses.",https://www.chinaxiantour.com/beijing-travel-guide/where-to-stay,"[39.9145, 116.411]"
beijing,Xicheng,KEEP,"Houhai/Shichahai lake hutong area with indie shops, cafes, bars and hutong guesthouses (161 Beihai Courtyard Hotel). Point sits at Financial Street, so move to Houhai.",https://www.chinaxiantour.com/beijing-travel-guide/where-to-stay,"[39.9395, 116.385]"
beijing,Chaoyang,REMOVE,District label whose point is 600 m from the Sanlitun point; the same area as Sanlitun.,https://www.chinaxiantour.com/beijing-travel-guide/where-to-stay,
beijing,Haidian,REMOVE,University and tech district (Zhongguancun); the Summer Palace is a single site and a day-trip style visit.,,
beijing,Gulou / Nanluoguxiang,ADD,"Protected hutong district; guides recommend it for a traditional Beijing stay with boutique hutong hotels, hostels and the Nanluoguxiang pedestrian street.",https://voyageursintrepides.com/en/where-to-stay-in-beijing,"[39.9385, 116.4035]"
beijing,Qianmen / Dashilar,ADD,"One of the most popular areas to stay (New World Beijing, hutong guesthouses), next to Tiananmen Square and the old shopping streets; about 2 km south of Wangfujing.",https://voyageursintrepides.com/en/where-to-stay-in-beijing,"[39.8985, 116.398]"
chaozhou,Ancient City (Paifang Street / Old Town),KEEP,"The core visitor zone: hotels, inns and hostels cluster around Paifang Street.",https://ae.trip.com/hotels/chaozhou-hotels-list-215/zone54629884,
chaozhou,Guangji Gate & Hanjiang Riverside,KEEP,Riverside hotels (Crowne Plaza) and Guangji Gate within the same visitor zone.,https://ae.trip.com/hotels/chaozhou-hotels-list-215/zone54629884,
chaozhou,Kaiyuan & West Lake (Xihu),REMOVE,Kaiyuan Temple is within walking distance of Paifang Street and Guangji Gate (trip.com treats them as one zone); about 450 m from the Guangji Gate point.,https://ae.trip.com/hotels/chaozhou-hotels-list-215/zone54629884,
chaozhou,Chaozhou People's Square (New City),REMOVE,"New civic centre with chain hotels, not a visitor district.",,
chaozhou,Fengxi (Ceramics District),REMOVE,Ceramics industrial area with fortune-center business hotels.,,
chengde,Shuangqiao Old Town (Mountain Resort gate),KEEP,"Hotels lie around the Mountain Resort in Shuangqiao District, several within 8 minutes' walk.",https://nz.trip.com/hotels/chengde-hotels-list-562/location554,
chengde,Chengde Railway Station area,REMOVE,"Station zone, about 650 m from the Xinhua Road point; covered by Xinhua Road.",https://nz.trip.com/hotels/chengde-hotels-list-562/location554,
chengde,Eight Outer Temples (Waibamiao),REMOVE,Temples scattered over hills; attractions rather than a lodging district.,,
chengdu,Jinjiang / Chunxi Road,KEEP,Named the best area for first-time visitors.,https://www.chinahighlights.com/chengdu/where-to-stay.htm,
chengdu,Qingyang / Kuanzhai Alley,KEEP,Kuanzhai Alley is one of the three points of the Golden Triangle.,https://www.chinahighlights.com/chengdu/where-to-stay.htm,
chengdu,Wuhou / Jinli,KEEP,Jinli Ancient Street named as a stay area.,https://www.chinahighlights.com/chengdu/where-to-stay.htm,
chengdu,Gaoxin / Tianfu New Area,REMOVE,"Business and new-town district, 0 food and 0 sights.",,
chengdu,Jinniu / North Station,REMOVE,"Station area, 1 hotel and 1 food within 800 m; not named as a stay area.",https://www.chinahighlights.com/chengdu/where-to-stay.htm,
chengdu,Wenshu Monastery (Wenshufang),ADD,"Third point of the Chunxi, Kuanzhai, Wenshu Golden Triangle; hotels, inns and a hostel within 600 m of the monastery. Moderate confidence.",https://www.chinahighlights.com/chengdu/where-to-stay.htm | https://uk.trip.com/hotels/chengdu-wenshu-temple/hotels-c28m4195351/,"[30.674, 104.0725]"
chongqing,Guanyinqiao (Jiangbei),KEEP,"Named a top neighborhood to stay; the largest food district, budget hotels.",https://www.chinahighlights.com/chongqing/where-to-stay.htm | https://uk.trip.com/guide/stay/where-to-stay-in-chongqing.html,
chongqing,Nanshan (Nan'an),KEEP,Nanbin Road riverside has the best skyline views and boutique hotels; Sheraton and Le Meridien listed.,https://www.chinahighlights.com/chongqing/where-to-stay.htm,
chongqing,Shapingba,REMOVE,"University and railway district; not named among stay areas for visitors (Jiefangbei, Guanyinqiao, Ciqikou, Hongyadong, Nanbin Road are).",https://www.chinahighlights.com/chongqing/where-to-stay.htm | https://uk.trip.com/guide/stay/where-to-stay-in-chongqing.html,
chongqing,Ciqikou Ancient Town,KEEP,Named a top neighborhood to stay; hotels 20 to 30 percent cheaper than Jiefangbei.,https://uk.trip.com/guide/stay/where-to-stay-in-chongqing.html,
dali,Caicun / West Erhai Shore,KEEP,"Named as a stay area for Erhai walks, cycling and slower stays (Caicun/Longkan).",https://www.thechinajourney.com/where-to-stay-in-dali/,
dali,Shuanglang,REMOVE,"Separate lakeside village about 20 km north of Dali Old Town, a day trip or excursion. Low confidence since it is a popular overnight base.",https://www.thechinajourney.com/where-to-stay-in-dali/,
dali,Xizhou,REMOVE,"Separate ancient town about 20 km north, a day trip from Dali Old Town. Low confidence since it has boutique lodging.",https://www.thechinajourney.com/where-to-stay-in-dali/,
datong,Datong Ancient City,KEEP,"Sources put the best lodging inside the walled ancient city (Pipa Old Inn, courtyard homestays by the temples and Drum Tower).",https://www.thechinajourney.com/es/?p=40447 | https://us.trip.com/hotels/city/cn/datong.html,
datong,Hongqi Square (Downtown),KEEP,Downtown shuttle-stop and Sipaifang food street sit near here with chain hotels (Four Points); evidence thin.,https://www.thechinajourney.com/es/?p=40447 | https://us.trip.com/hotels/city/cn/datong.html,
datong,Yudong New District,REMOVE,Hotel guides centre stays on the ancient city; Yudong is a new administrative district with no visitor listing found.,https://www.thechinajourney.com/es/?p=40447 | https://us.trip.com/hotels/city/cn/datong.html,
datong,Kaiyuan / Development Zone,REMOVE,Southern development zone around the South Railway Station; no tourist lodging or sights in sources.,https://www.thechinajourney.com/es/?p=40447 | https://us.trip.com/hotels/city/cn/datong.html,
enshi,Enshi City Center,KEEP,Mövenpick Enshi and New Beacon International sit within 1.5 km of the city centre; evidence thin but it is the main hotel area.,https://www.orbitz.com/Enshi-Hotels.d1147.Travel-Guide-Hotels,
enshi,Tujia Nü'er Cheng,KEEP,Tujia 'Girls Town' is the themed tourist town and has its own hotels (Days Hotel Enshi Girls Town).,https://www.orbitz.com/Enshi-Hotels.d1147.Travel-Guide-Hotels,
enshi,Enshi Railway Station (Jinziba),REMOVE,"Station district about 6 km north of the centre; hotel listings found only near the centre and Girls Town, none for the station area.",https://www.orbitz.com/Enshi-Hotels.d1147.Travel-Guide-Hotels,
guangzhou,Tianhe,KEEP,"Named best first-timer area: CBD, Canton Tower view, shopping, metro.",https://chinahighlights.com/guangzhou/hotel.htm | https://www.travelofchina.com/where-to-stay-in-guangzhou/,
guangzhou,Yuexiu,KEEP,"Densest sights (Six Banyan Temple, Yuexiu Park, Sacred Heart Cathedral) and cheapest hotels.",https://chinahighlights.com/guangzhou/hotel.htm | https://www.travelofchina.com/where-to-stay-in-guangzhou/,
guangzhou,Liwan,KEEP,Shamian Island and Xiguan food streets recommended for culture and budget travelers.,https://chinahighlights.com/guangzhou/hotel.htm | https://www.travelofchina.com/where-to-stay-in-guangzhou/,
guangzhou,Haizhu,KEEP,Pazhou/Canton Fair and Canton Tower hotels recommended; Overture zero is a China undercount.,https://chinahighlights.com/guangzhou/hotel.htm | https://www.travelofchina.com/where-to-stay-in-guangzhou/,
guangzhou,Panyu,REMOVE,"Guides send visitors to Panyu mainly for the Chimelong theme-park cluster (single sites), not as a stay-and-wander neighborhood.",https://chinahighlights.com/guangzhou/hotel.htm | https://www.travelofchina.com/where-to-stay-in-guangzhou/,
guilin,Xiufeng District,KEEP,Core of the two-rivers-four-lakes visitor area with Sheraton Guilin and many restaurants.,https://www.thechinajourney.com/?p=39975,
guilin,Xiangshan District,KEEP,Elephant Trunk Hill and river-garden area with hotels; evidence thin.,https://www.thechinajourney.com/?p=39975,
guilin,Diecai District,KEEP,Listed with river views and bars (Fubo/Diecai); Overture undercount; evidence thin.,https://www.thechinajourney.com/?p=39975,
guilin,Qixing District,KEEP,"Seven Star Park, museums, Wanda Plaza listed as visitor draws; evidence thin.",https://www.thechinajourney.com/?p=39975,
hangzhou,West Lake / Xihu,KEEP,"Main tourist area, all guides recommend staying by West Lake.",https://www.chinaxiantour.com/hangzhou-travel-guide/where-to-stay.html | https://sg.trip.com/guide/stay/where-to-stay-in-hangzhou.html,
hangzhou,Shangcheng / Wulin (Downtown),KEEP,"Wulin Square downtown, shopping and many hotels.",https://www.chinaxiantour.com/hangzhou-travel-guide/where-to-stay.html | https://sg.trip.com/guide/stay/where-to-stay-in-hangzhou.html,
hangzhou,Binjiang (Riverside),REMOVE,Business riverside district; guides do not recommend it for visitors and only 3 hotels counted.,https://www.chinaxiantour.com/hangzhou-travel-guide/where-to-stay.html | https://sg.trip.com/guide/stay/where-to-stay-in-hangzhou.html,
hangzhou,Xiacheng / Grand Canal,KEEP,"Listed as a lake-view/heritage area with metro access; point sits on the Grand Canal (Gongshu side), thin evidence.",https://www.chinaxiantour.com/hangzhou-travel-guide/where-to-stay.html | https://sg.trip.com/guide/stay/where-to-stay-in-hangzhou.html,
hangzhou,Yuhang / Future Sci-Tech City,REMOVE,"Future Sci-Tech City is a tech campus district, 12 km west of the lake.",https://www.chinaxiantour.com/hangzhou-travel-guide/where-to-stay.html | https://sg.trip.com/guide/stay/where-to-stay-in-hangzhou.html,
harbin,Daoli / Central Street (Zhongyang Dajie),KEEP,Central Street and Saint Sophia Cathedral; chosen by most tourists.,https://www.thechinajourney.com/where-to-stay-in-harbin/ | https://360nations.com/asia/china/cities/harbin/where-to-stay.html,
harbin,Nangang,KEEP,"Station and Harbin Institute of Technology area with many 3-star hotels (guides); keep, evidence modest.",https://www.thechinajourney.com/where-to-stay-in-harbin/ | https://360nations.com/asia/china/cities/harbin/where-to-stay.html,
harbin,Songbei / Ice-Snow World,REMOVE,Ice and Snow World is a seasonal single attraction; no year-round lodging found.,https://www.thechinajourney.com/where-to-stay-in-harbin/ | https://360nations.com/asia/china/cities/harbin/where-to-stay.html,
harbin,Daowai,KEEP,"Russian-influenced streets, synagogue, Daowai market and heritage guesthouses per guides.",https://www.thechinajourney.com/where-to-stay-in-harbin/ | https://360nations.com/asia/china/cities/harbin/where-to-stay.html,
harbin,Xiangfang,REMOVE,Residential district with 1 venue counted and no tourist listing found.,https://www.thechinajourney.com/where-to-stay-in-harbin/ | https://360nations.com/asia/china/cities/harbin/where-to-stay.html,
huangshan,Tunxi Old Street,KEEP,Tunxi/Liyang Old Streets are the gateway-town visitor area with inns and hot-pot restaurants.,https://uk.trip.com/hotels/huangshan-hotels-list-23/zone15178,
huangshan,Liyang In Lane,REMOVE,Trip.com treats Tunxi and Liyang Old Streets as a single zone; this is the same area under a second name.,https://uk.trip.com/hotels/huangshan-hotels-list-23/zone15178,
jianshui,Lin'an Ancient Town,KEEP,All inns and homestays found are inside the ancient town near Zhu Family Garden and Confucian Temple.,https://es.trip.com/hotels/jianshui-jianshui-ancient-town/hotels-c2442m4204126/,
jianshui,New Town,REMOVE,No tourist lodging or sights found in the new town; sources list ancient-town stays only.,https://es.trip.com/hotels/jianshui-jianshui-ancient-town/hotels-c2442m4204126/,
jingdezhen,Zhushan (Old Town),KEEP,"Old-town core (Zhushan, Imperial Kiln area) recommended as the first-timer base.",https://www.thechinajourney.com/?p=40501,
jingdezhen,Taoxichuan Art District,KEEP,Taoxichuan ceramic district has its own hotel zone on Trip.com.,https://www.thechinajourney.com/?p=40501,
jingdezhen,Sanbao Village,KEEP,Sanbao pottery village has boutique and resort stays (At The Moment resort).,https://www.thechinajourney.com/?p=40501,
jingdezhen,Changjiang (New City),REMOVE,Administrative new-city district; no tourist stays or sights found.,https://www.thechinajourney.com/?p=40501,
jinghong,Jinghong City Center,REMOVE,"Point is within about 600 m of Gaozhuang Night Market, which is where 60% of visitors stay; same area under a generic name.",https://us.trip.com/hotels/jinghong-hotels-list-309/ | https://uk.trip.com/hotels/jinghong-manting-park/hotels-c309m17127207,
jinghong,Manting Park District,KEEP,Manting Park (Dai Garden) has a hostel and hotel nearby and Banna Buddhist temple; evidence thin.,https://us.trip.com/hotels/jinghong-hotels-list-309/ | https://uk.trip.com/hotels/jinghong-manting-park/hotels-c309m17127207,
jinghong,Gaozhuang Night Market,KEEP,"Gaozhuang/Starlight Night Market is chosen by 60.7% of visitors on Trip.com, with hotels, snack street and bars.",https://us.trip.com/hotels/jinghong-hotels-list-309/ | https://uk.trip.com/hotels/jinghong-manting-park/hotels-c309m17127207,
kaifeng,Gulou (Drum Tower),KEEP,Drum Tower Square and night market with hotels beside it.,https://sa.trip.com/hotels/kaifeng-drum-tower/hotels-c331m4334303 | https://sa.trip.com/hotels/kaifeng-longting-park/hotels-c2m9109919,
kaifeng,Longting District,KEEP,"Longting Park, Millennium City Park and night markets with hotels (Atour, Jinjiang Inn).",https://sa.trip.com/hotels/kaifeng-drum-tower/hotels-c331m4334303 | https://sa.trip.com/hotels/kaifeng-longting-park/hotels-c2m9109919,
kaifeng,Shunhe Hui District,KEEP,"Iron Pagoda park area; major sight, hotels not verified, evidence thin.",https://sa.trip.com/hotels/kaifeng-drum-tower/hotels-c331m4334303 | https://sa.trip.com/hotels/kaifeng-longting-park/hotels-c2m9109919,
kaifeng,Jinming District,REMOVE,Western business district about 5 km from the old city; no tourist sights in sources (five-hood cap reached with stronger hoods).,https://sa.trip.com/hotels/kaifeng-drum-tower/hotels-c331m4334303 | https://sa.trip.com/hotels/kaifeng-longting-park/hotels-c2m9109919,
kaifeng,Yuwangtai District,KEEP,"Yuwangtai district has a hotel zone near Xiaosongcheng and the Yu Wang Tai park, just south of the Drum Tower.",https://sa.trip.com/hotels/kaifeng-drum-tower/hotels-c331m4334303 | https://sa.trip.com/hotels/kaifeng-longting-park/hotels-c2m9109919,
kangding,Old Town (Lao Cheng),KEEP,"Old-town hotels by the Zheduo River, Liuliu City bar street and Paoma Mountain.",https://uk.trip.com/hotels/kangding-paoma-mountain/hotels-c2m4200956,
kangding,New Town (Xin Cheng),REMOVE,Only one homestay found in the new town 6 km down-valley; all other lodging sits in the old town.,https://uk.trip.com/hotels/kangding-paoma-mountain/hotels-c2m4200956,
kashgar,Kashgar Old Town,KEEP,"Old city lanes with Super 8 and guesthouses, the main visitor area.",https://www.expedia.com.tw/en/Kashgar-Hotels.d1807.Travel-Guide-Hotels | https://www.fleewinter.com/the-silk-road/accommodation/Kashgar_Tianyuan_International_Hotel,
kashgar,Id Kah Square,KEEP,"Id Kah Mosque square, hotels and restaurants within a five-minute walk.",https://www.expedia.com.tw/en/Kashgar-Hotels.d1807.Travel-Guide-Hotels | https://www.fleewinter.com/the-silk-road/accommodation/Kashgar_Tianyuan_International_Hotel,
kashgar,Renmin Road (Downtown),KEEP,Tianyuan International Hotel and Holiday Inn Express downtown by People's Square and night market.,https://www.expedia.com.tw/en/Kashgar-Hotels.d1807.Travel-Guide-Hotels | https://www.fleewinter.com/the-silk-road/accommodation/Kashgar_Tianyuan_International_Hotel,
kashgar,Grand Bazaar District,REMOVE,The Sunday Grand Bazaar is a single market site and no lodging cluster was found there.,https://www.expedia.com.tw/en/Kashgar-Hotels.d1807.Travel-Guide-Hotels | https://www.fleewinter.com/the-silk-road/accommodation/Kashgar_Tianyuan_International_Hotel,
kashgar,East Lake (Donghu) Area,KEEP,East Lake park area with Holiday Inn Kashgar East; evidence thin.,https://www.expedia.com.tw/en/Kashgar-Hotels.d1807.Travel-Guide-Hotels | https://www.fleewinter.com/the-silk-road/accommodation/Kashgar_Tianyuan_International_Hotel,
kunming,Green Lake (Cuihu) & Wuhua,KEEP,Green Lake / Wenlin Street is the classic visitor core.,https://www.thechinajourney.com/where-to-stay-in-kunming/,
kunming,Panlong District,REMOVE,Panlong is a whole district; guides do not list it as a visitor area beyond botanical garden and railway museum.,https://www.thechinajourney.com/where-to-stay-in-kunming/,
kunming,Xishan & Dianchi Lake,REMOVE,"Scenic lake and mountain area outside the city, not a stay neighborhood.",https://www.thechinajourney.com/where-to-stay-in-kunming/,
kunming,Guandu Old Town,REMOVE,Guandu is a single old-town site about 7 km south; guides treat it as a visit not a base.,https://www.thechinajourney.com/where-to-stay-in-kunming/,
kunming,Chenggong New City,REMOVE,Chenggong is a new administrative city 20 km away.,https://www.thechinajourney.com/where-to-stay-in-kunming/,
kunming,Jinbi Road (Jinma-Biji Square) / Nanping Street,ADD,"Old-city centre named the best overall base for first-time visitors; 13 hotels in the density cell, Nanping pedestrian street and Jinma Biji arches.",https://www.thechinajourney.com/where-to-stay-in-kunming/,"[25.035, 102.715]"
leshan,Dafo Scenic Area,KEEP,"Riverfront stays face the Giant Buddha, 10 min walk from the visitor centre.",https://ae.trip.com/hotels/leshan-leshan-great-buddha/hotels-c345m4195216,
leshan,Wuyou Temple District,REMOVE,Wuyou Temple is part of the same Giant Buddha scenic area; duplicate of the Dafo hood.,https://ae.trip.com/hotels/leshan-leshan-great-buddha/hotels-c345m4195216,
leshan,Leshan Old Town,KEEP,"Old street, Zhanggong Bridge food street and Shangzhong food district with river hotels.",https://ae.trip.com/hotels/leshan-leshan-great-buddha/hotels-c345m4195216,
leshan,Binjiang Road,KEEP,"Hotels on South Binjiang Road face the Buddha near Xiangdu ferry terminal; point looks too far north, evidence thin.",https://ae.trip.com/hotels/leshan-leshan-great-buddha/hotels-c345m4195216,
leshan,Emeishan,REMOVE,"Mount Emei is a separate city about 30 km away; a day trip, not a hood.",https://ae.trip.com/hotels/leshan-leshan-great-buddha/hotels-c345m4195216,
lhasa,Barkhor Old Town,KEEP,"Core visitor area; hostels, guesthouses and Barkhor Street.",https://us.trip.com/hotels/lhasa-hotels-list-41/location989/ | https://ph.hotels.com/de1675639/hotels-near-norbulingka-lhasa-china,
lhasa,Potala District,KEEP,"Holiday Inn Express, Metropolo and Greentree Inn by the Potala.",https://us.trip.com/hotels/lhasa-hotels-list-41/location989/ | https://ph.hotels.com/de1675639/hotels-near-norbulingka-lhasa-china,
lhasa,Norbulingka Area,KEEP,Shangri-La Lhasa and Metropolo sit on Norbulingka Road; keep with thin evidence.,https://us.trip.com/hotels/lhasa-hotels-list-41/location989/ | https://ph.hotels.com/de1675639/hotels-near-norbulingka-lhasa-china,
lhasa,Sera Monastery Area,REMOVE,Single monastery about 5 km north; no lodging listed.,https://us.trip.com/hotels/lhasa-hotels-list-41/location989/ | https://ph.hotels.com/de1675639/hotels-near-norbulingka-lhasa-china,
lhasa,Chengguan New Town,REMOVE,Point is about 700 m from the Potala hood; duplicate of it under a generic district name.,https://us.trip.com/hotels/lhasa-hotels-list-41/location989/ | https://ph.hotels.com/de1675639/hotels-near-norbulingka-lhasa-china,
lijiang,Dayan Old Town,KEEP,Core old town.,https://www.wanderinchina.com/destinations/lijiang/accommodation/,
lijiang,Shuhe Old Town,KEEP,Shuhe is a recognized quiet stay area with many inns.,https://www.wanderinchina.com/destinations/lijiang/accommodation/,
lijiang,Baisha Village,KEEP,"Guides list Baisha as a quiet stay base under Jade Dragon Snow Mountain, though it is farther out; evidence thin.",https://www.wanderinchina.com/destinations/lijiang/accommodation/,
lijiang,Lijiang New Town,KEEP,Modern town with chain hotels beside Dayan 1.3 km away; evidence thin.,https://www.wanderinchina.com/destinations/lijiang/accommodation/,
lijiang,Jade Dragon Snow Mountain area,REMOVE,"Mountain scenic area outside the city, a day trip.",https://www.wanderinchina.com/destinations/lijiang/accommodation/,
luoyang,Old Town (Laocheng),KEEP,Renovated old town with boutique hotels such as Yunhuali and Seclusion Tang.,https://www.expedia.com/es/Jian-Xi-Luoyang-Hoteles.0-n3000663851-0.Guia-Viajes-Filter-Hoteles,
luoyang,Xigong District,REMOVE,"Whole urban district; sources list only Wangcheng Park and a museum, no stay-and-wander area.",https://www.expedia.com/es/Jian-Xi-Luoyang-Hoteles.0-n3000663851-0.Guia-Viajes-Filter-Hoteles,
luoyang,Jianxi District,REMOVE,Business and industrial district; sources list only Wangcheng Park.,https://www.expedia.com/es/Jian-Xi-Luoyang-Hoteles.0-n3000663851-0.Guia-Viajes-Filter-Hoteles,
luoyang,Luolong New District,KEEP,Longmen Grottoes gateway with Holiday Inn Express and Marriott.,https://www.expedia.com/es/Jian-Xi-Luoyang-Hoteles.0-n3000663851-0.Guia-Viajes-Filter-Hoteles,
manzhouli,Central Manzhouli (Erdaojie),KEEP,Erdao Street and China-Russia pedestrian street with Manzhouli Hotel and many guesthouses.,https://www.frommers.com/destinations/manzhouli/hotels/,
manzhouli,Railway Station District,REMOVE,"Roughly 1 km from the central hood, inside the same compact town; hotels listed there share the central area.",https://www.frommers.com/destinations/manzhouli/hotels/,
nanjing,Xinjiekou / Gulou,KEEP,Recommended first-timer base.,https://wanderinchina.com/destinations/nanjing/accommodation/,
nanjing,Fuzimiao / Qinhuai,KEEP,Confucius Temple and Qinhuai River.,https://wanderinchina.com/destinations/nanjing/accommodation/,
nanjing,Xuanwu / Xuanwu Lake,KEEP,Xuanwu Lake with resort-like hotels and city wall; guides recommend it for slower trips.,https://wanderinchina.com/destinations/nanjing/accommodation/,
nanjing,Zhongshan / Purple Mountain,REMOVE,Purple Mountain is a scenic park with no lodging counted; visited as an attraction.,https://wanderinchina.com/destinations/nanjing/accommodation/,
nanjing,Hexi / Jianye,REMOVE,Hexi is a modern business district with little tourist draw.,https://wanderinchina.com/destinations/nanjing/accommodation/,
qingdao,Shinan Old Town & Zhanqiao Pier,KEEP,Zhanqiao and Zhongshan Road old core for classic Qingdao.,https://www.thechinajourney.com/?p=39949 | https://www.itimaker.com/blog/where-to-stay-in-qingdao-neighborhoods,
qingdao,Badaguan,KEEP,Badaguan/Huiquan Bay for quieter resort stays.,https://www.thechinajourney.com/?p=39949 | https://www.itimaker.com/blog/where-to-stay-in-qingdao-neighborhoods,
qingdao,May Fourth Square / CBD,KEEP,Best overall for first-timers.,https://www.thechinajourney.com/?p=39949 | https://www.itimaker.com/blog/where-to-stay-in-qingdao-neighborhoods,
qingdao,Laoshan (Shilaoren),KEEP,"Shilaoren beach resort strip is a recognized stay area in guides, not the 30 km mountain; evidence thin.",https://www.thechinajourney.com/?p=39949 | https://www.itimaker.com/blog/where-to-stay-in-qingdao-neighborhoods,
qingdao,Licang / Shibei (Taidong),KEEP,"Taidong is named as the best area for food, beer and value; kept to fill 5.",https://www.thechinajourney.com/?p=39949 | https://www.itimaker.com/blog/where-to-stay-in-qingdao-neighborhoods,
qinhuangdao,Haigang District,KEEP,City centre with seafront hotels such as Holiday Inn Haigang.,https://www.expedia.com/en/qinhuangdao.dx6140569,
qinhuangdao,Beidaihe District,KEEP,Beach resort district with Marriott and Shangri-La.,https://www.expedia.com/en/qinhuangdao.dx6140569,
qinhuangdao,Shanhaiguan District,KEEP,Old town and Great Wall end.,https://www.expedia.com/en/qinhuangdao.dx6140569,
qinhuangdao,Nandaihe,KEEP,Nandaihe Golden Beach resort strip with Atour and Marriott-type resort hotels; evidence thin.,https://www.expedia.com/en/qinhuangdao.dx6140569,
quanzhou,Fengze (Wanda / Fengze Square),REMOVE,"Wikivoyage names downtown (Zhongshan Rd, Baiyuan Rd) as the visitor base, not Fengze Square; modern commercial district, 1 hotel mapped near the point.",https://en.wikivoyage.org/wiki/Quanzhou,
quanzhou,Xunpu Village,REMOVE,"Fishing village east of the city, not listed as a visitor base on Wikivoyage; nothing mapped nearby.",https://en.wikivoyage.org/wiki/Quanzhou,
shanghai,Xintiandi,REMOVE,Xintiandi lies at the edge of the Former French Concession and is covered by that hood; People's Square / Nanjing Road is the stronger separate tourist area.,,
shanghai,People's Square / Nanjing Road,ADD,"People's Square (Wikipedia coordinates 31.2306, 121.4737) with Nanjing Road East pedestrian street, Shanghai Museum and many hotels; not covered by Bund or French Concession hoods and not a separate guide city.","https://en.wikipedia.org/wiki/People%27s_Square,_Shanghai","[31.2306, 121.4737]"
shangri-la,Jiantang New Town,REMOVE,"Jiantang is the county-seat town that contains Dukezong; the point is 700 m from Dukezong, so it duplicates the old town hood.",,
shangri-la,Songzanlin Monastery area,REMOVE,Songzanlin Monastery is a single site about 5 km north of town (day trip).,,
shaoxing,Keqiao,REMOVE,Wikivoyage: hotels and food cluster in Yuecheng; Keqiao is a textile-commerce district visited as a day trip.,https://en.wikivoyage.org/wiki/Shaoxing,
shaoxing,Shangyu,REMOVE,"Shangyu is a county-level district about 40 km away, visited for day trips (Wikivoyage).",https://en.wikivoyage.org/wiki/Shaoxing,
shenzhen,Bao'an,REMOVE,Bao'an is the airport and residential/industrial district; not a tourist base.,,
suzhou,Wuzhong (Mudu / Lake Tai),REMOVE,Lake Tai suburb with 0 hotels and 2 food mapped; not a visitor base.,,
suzhou,Huqiu / Tiger Hill,REMOVE,Tiger Hill is a single site; nothing else around the point.,,
tai-an,Taishan District Center,REMOVE,Taishan district centre point is about 600 m from the Dai Temple hood point and covers the same downtown area; Wikivoyage treats Taishan District as one hub.,https://en.wikivoyage.org/wiki/Tai'an,
tai-an,Daiyue District,REMOVE,Daiyue is an administrative district about 7 km west with 0 places mapped; Dai Temple is already its own hood.,https://en.wikivoyage.org/wiki/Tai'an,
tai-an,Hongmen / Mount Tai Base,KEEP,Hongmen (Red Gate) is the start of the main Mount Tai climbing route with hotels at the base (Ramada Plaza); evidence thin on food counts.,https://en.wikivoyage.org/wiki/Tai'an,
tai-an,Mount Tai Summit (Tianjie),REMOVE,"Summit area is a single site on the mountain top, reached on foot or cable car.",https://en.wikivoyage.org/wiki/Tai'an,
turpan,Grape Valley (Putaogou),REMOVE,"Wikivoyage: Grape Valley is 10 km from the city, a day trip; visitors stay in the city centre.",https://en.wikivoyage.org/wiki/Turpan,
wuyishan,Wuyishan City Center,REMOVE,Wikivoyage: visitors stay in the resort area; the city lies north of the resorts and is not the visitor base.,https://en.wikivoyage.org/wiki/Wuyishan,
xi-an,Qujiang New District,KEEP,"Qujiang hosts Tang Paradise, Ocean World and the Tang Night Market, with hotels; kept as a distinct tourist zone though it is part of Yanta District (evidence thin on separation).",https://en.wikivoyage.org/wiki/Xi'an,
xi-an,Weiyang / High-tech Zone,REMOVE,High-tech/business zone; no visitor draw beyond a few luxury hotels.,,
xiamen,Huli / SM City & Ferry,KEEP,"Huli is one of the two main districts on Xiamen Island, with Haiwan Park and Yundang Lake waterfront bars and restaurants; 7 hotels and 12 food places mapped.",https://en.wikivoyage.org/wiki/Xiamen,
xiamen,Jimei,REMOVE,Jimei is a suburban development district on the mainland side; not described as a visitor base.,https://en.wikivoyage.org/wiki/Xiamen,
yangshuo,Yulong River Area (Baisha & Jiuxian),KEEP,"Wikivoyage lists several Yulong River guesthouses (Ecofarm, Giggling Tree, Li River Retreat).",https://en.wikivoyage.org/wiki/Yangshuo,
yangshuo,Moon Hill / Gaotian,KEEP,"Moon Hill has lodging (Moon Resort, Yangshuo Village Inn in Moon Hill Village) with on-site restaurants.",https://en.wikivoyage.org/wiki/Yangshuo,
yangzhou,Hanjiang New District,REMOVE,New residential/government district; Wikivoyage-style guides place visitors in the old city and around Slender West Lake.,,
zhangye,Danxia Kou (Rainbow Mountains gateway),REMOVE,"Danxia Geopark is 40 km west; Wikivoyage lists lodging only in the city centre, so visitors base in town and day-trip.",https://en.wikivoyage.org/wiki/Zhangye,
zhangye,West Railway Station / New District,REMOVE,Railway station zone; not a visitor area.,,
zhaoqing,Duanzhou Downtown (Tianning Road),REMOVE,"Duanzhou is the district that contains the Old Town hood; the point is under 500 m from it, so it duplicates that hood.",https://en.wikivoyage.org/wiki/Zhaoqing,
zhaoqing,Dinghu District,REMOVE,Dinghu is a mountain reserve about 15 km out (day trip).,https://en.wikivoyage.org/wiki/Zhaoqing,
zhoushan,Shenjiamen (Putuo District),KEEP,Wikivoyage describes Shenjiamen as a fishing port with seafood restaurants and night stalls that foreign tourists visit.,https://en.wikivoyage.org/wiki/Zhoushan,
zhuhai,Xiangzhou,REMOVE,Whole urban district that overlaps Gongbei and Jida; Wikivoyage calls it the local commercial centre.,https://en.wikivoyage.org/wiki/Zhuhai,
zhuhai,Tangjiawan,REMOVE,Outer town 15 km north with nothing mapped; not a visitor base.,https://en.wikivoyage.org/wiki/Zhuhai,
macau,Coloane,KEEP,"Coloane has the village, Hac Sa and Cheoc Van beaches, Grand Coloane Resort and Pousada de Coloane, plus 15 food and 21 sights mapped.",https://en.wikivoyage.org/wiki/Macau,
leticia,Malecón (Riverfront),KEEP,"47 hotels, 24 food mapped by the riverfront; waterfront promenade with food vendors.",https://en.wikivoyage.org/wiki/Leticia,
leticia,Km 11 (Reserva Natural Tanimboca area),REMOVE,"Km 11 is a nature reserve and jungle lodge area about 11 km out, reached by combi (day trip).",https://en.wikivoyage.org/wiki/Leticia,
medellin,Envigado,REMOVE,"Envigado is a separate municipality, outside Medellin city.",,
medellin,Sabaneta,REMOVE,"Sabaneta is a separate municipality, outside Medellin city.",,
san-andres,El Centro (Town Center),KEEP,Downtown is the primary tourist hub with restaurants and street vendors (Wikivoyage); the point sits south of the real core.,https://en.wikivoyage.org/wiki/San_Andr%C3%A9s,"[12.5847, -81.7006]"
san-andres,La Loma,KEEP,10 hotels and guesthouses mapped; listed among the island's visitor areas; food count thin.,https://en.wikivoyage.org/wiki/San_Andr%C3%A9s,
santa-marta,Bello Horizonte,REMOVE,"Guides call Bello Horizonte a quiet residential beach district far from the city, and only 2 food/drink places within 800 m; not a place visitors choose for dining or sights.",https://www.weseektravel.com/where-to-stay-santa-marta/ | https://xixerone.com/en/where-to-stay-in-santa-marta-colombia/,
santa-marta,Pozos Colorados,KEEP,"Described as an upmarket resort beach district with large hotels near the airport; evidence thin, 20 hotels counted.",https://www.weseektravel.com/where-to-stay-santa-marta/ | https://xixerone.com/en/where-to-stay-in-santa-marta-colombia/,
moroni,Coulée,KEEP,"No source found on Coulee either way; Comoros is under-mapped, so absence of data is not evidence. Thin; Moroni has few real lodging areas.",https://www.untamedtravelling.com/en/destinations/africa/comoros/itsandra-beach-hotel-and-resort,
liberia,Barrio La Victoria,KEEP,"10 hotels and 40 food places counted; Liberia is a small hub town with few areas, nothing found to remove it. Evidence thin.",https://www.expedia.ch/en/Liberia-Barrio-La-Guaria.dx553248635976396872,
liberia,Barrio Los Ángeles,KEEP,16 hotels and 28 food places counted near the centre; nothing found to remove it. Evidence thin.,https://www.expedia.ch/en/Liberia-Barrio-La-Guaria.dx553248635976396872,
san-jose,Escazú,REMOVE,"Escazu is a separate canton and suburb, not a San Jose neighborhood; only 6 hotels counted within 800 m.",,
pula,Veruda,REMOVE,"Veruda is the marina bay beside Verudela, which is already listed; 0 hotels, 0 food counted, so it duplicates Verudela.",https://www.frankaboutcroatia.com/?p=22237 | https://layla.ai/hotels/pula-verudela,
pula,Vidikovac,KEEP,12 hotels and 18 food places counted (hotel cluster around Vidikovac/Valkane); no evidence to remove. Thin.,https://www.frankaboutcroatia.com/?p=22237 | https://layla.ai/hotels/pula-verudela,
zadar,Diklo,REMOVE,Diklo is a residential seaside suburb of apartment rentals with 3 food places counted in a well-mapped country.,https://bookiscout.com/en/guides/zadar-where-to-stay,
zadar,Puntamika,KEEP,"Peninsula with seafood restaurants, bars and 23 hotels counted; listed as a stay area.",https://bookiscout.com/en/guides/zadar-where-to-stay,
zagreb,Jarun,REMOVE,"Jarun is a recreational lake district; 2 hotels counted in well-mapped Croatia; a day-out spot, not a place to stay.",,
baracoa,El Paraíso,KEEP,"Casas such as Villa Paradiso sit on the El Paraiso hill six blocks from downtown; thin evidence, counts match neighbors.",https://www.milehacker.com/travel/cuba/eastern-cuba/baracoa/where-to-stay-in-baracoa-hotels-neighborhoods-acco/ | https://villaparadisobaracoa.com/en/about-bed-breakfast-villa-paradiso-baracoa-cuba/,
baracoa,Zona del Mercado / Terminal,REMOVE,"Market and bus terminal zone is a transport node; guides name only the centre, Malecon and outskirts as stay areas.",https://www.milehacker.com/travel/cuba/eastern-cuba/baracoa/where-to-stay-in-baracoa-hotels-neighborhoods-acco/ | https://villaparadisobaracoa.com/en/about-bed-breakfast-villa-paradiso-baracoa-cuba/,
cienfuegos,Reina,REMOVE,Reina is a residential barrio with 0 places counted; guides name only the city centre and Punta Gorda as stay areas.,https://tripjive.com/where-to-stay-in-cienfuegos-your-guide-to-the-best-options/,
santiago-de-cuba,Vista Alegre,KEEP,"Historic aristocratic district with Villa Gaviota hotel, small casas and private restaurants.",https://www.milehacker.com/travel/cuba/santiago-de-cuba-province/santiago-de-cuba/where-to-stay-in-santiago-de-cuba-hotels-neighborh/,
santiago-de-cuba,Sueno,KEEP,Reparto Sueno has dozens of casas particulares per guides; few counted restaurants. Thin.,https://www.milehacker.com/travel/cuba/santiago-de-cuba-province/santiago-de-cuba/where-to-stay-in-santiago-de-cuba-hotels-neighborh/,
trinidad,Barrio La Popa,KEEP,Real barrio on the north-east edge of the historic centre with many casas; counts overlap Plaza Mayor. Thin.,https://www.frommers.com/destinations/trinidad-cuba/hotels/,
trinidad,Barrio Jigüe,REMOVE,Point is about 100 m from Plaza Mayor with identical counts; duplicate of the historic centre.,https://www.frommers.com/destinations/trinidad-cuba/hotels/,
trinidad,Calle Colón / San Procopio,REMOVE,Calle Colon/San Procopio is within the same compact UNESCO historic centre as Plaza Mayor (counts identical); duplicate.,https://www.frommers.com/destinations/trinidad-cuba/hotels/,
nicosia,Engomi,REMOVE,Engomi is a residential/embassy suburb; 2 hotels counted in a well-mapped country; not in the walled old town.,https://tripjive.com/top-areas-to-stay-in-nicosia-for-tourists/,
nicosia,Agioi Omologites,REMOVE,Agioi Omologites is a residential area; 2 hotels counted.,https://tripjive.com/top-areas-to-stay-in-nicosia-for-tourists/,
nicosia,Strovolos,REMOVE,Strovolos is a separate suburban municipality; 1 hotel counted.,https://tripjive.com/top-areas-to-stay-in-nicosia-for-tourists/,
paphos,Coral Bay,REMOVE,"Coral Bay is a resort village in Peyia municipality about 11 km north of Paphos, a separate place (day trip), though arguable as a resort area.",https://au.trip.com//travel-guide/destination/coral-bay-2001518,
paphos,Geroskipou,REMOVE,Geroskipou is a separate coastal suburb/municipality; 2 hotels counted.,,
brno,Královo Pole,REMOVE,Kralovo Pole is described as a quieter residential district north of the centre; 4 hotels counted.,https://www.itimaker.com/blog/where-to-stay-brno,
brno,Žabovřesky,REMOVE,"Zabovresky is a residential district; 5 hotels, 3 sights counted in well-mapped Czechia; no guide lists it.",https://www.itimaker.com/blog/where-to-stay-brno,
karlovy-vary,Drahovice,KEEP,18 hotels counted; no evidence to remove. Thin.,https://www.booking.com/city/cz/rybare.en-gb.html,
karlovy-vary,Rybáře,REMOVE,"Hotels attributed to Rybare by booking sites sit within 300-600 m of the colonnades, i.e. the spa centre already listed; the point itself has 3 hotels.",https://www.booking.com/city/cz/rybare.en-gb.html,
karlovy-vary,Stará Role,REMOVE,Stara Role is an outlying suburb; 1 hotel counted.,,
olomouc,Nová Ulice,REMOVE,Nova Ulice is residential/commercial; 0 hotels counted in well-mapped Czechia.,,
ostrava,Poruba,KEEP,"Poruba has several listed hotels and boutique stays, 48 food places and notable socialist-realist architecture.",https://www.booking.com/city/cz/poruba.html?aid=3276,
ostrava,Slezská Ostrava,REMOVE,Slezska Ostrava has 2 hotels counted and little for visitors beyond the castle.,,
pilsen,Lochotín,KEEP,"Home to the Plzen Zoo, DinoPark and affordable lodging; a family stay area. Thin.",https://www.itimaker.com/blog/where-to-stay-plze%C5%88,
pilsen,Bory,REMOVE,"Residential district (shopping mall, business area); 5 hotels counted, no visitor draw.",https://www.itimaker.com/blog/where-to-stay-plze%C5%88,
pilsen,Slovany,REMOVE,Slovany is residential; its main draw (Pilsner Urquell brewery) is already covered by Brewery Quarter; 3 hotels counted.,https://www.itimaker.com/blog/where-to-stay-plze%C5%88,
abidjan,Riviera,KEEP,Riviera has Expedia neighborhood listings; Abidjan is under-mapped so low counts are not evidence. Thin.,https://www.expedia.com/Abidjan-Marcory.dx553248633981718781,
abidjan,Port-Bouët (Airport area),REMOVE,Port-Bouet is listed as the airport area; the hood fails the definition (airport zone) and no top attractions were found.,https://www.expedia.com/Abidjan-Marcory.dx553248633981718781,
yamoussoukro,Kokrenou,REMOVE,0 places counted in every category and no travel source lists lodging there; hotels found are all in Millionnaire.,https://annuaireci.com/en/entreprises/hotel-villa-des-hotes-abidjan-cote-divoire/,
goma,Himbi,KEEP,"Karibu Hotel listed here; lake-shore lodge area. Evidence thin (Overture zero, Africa undercounted); no evidence to remove.",https://www.milehacker.com/travel/democratic-republic-of-the-congo/north-kivu/goma/where-to-stay-in-goma-hotels-neighborhoods-accommo/,
goma,Katindo,KEEP,Cap Kivu Hotel and Hotel Versailles (about 2 km from centre) are on hotel lists for Goma. No evidence found to remove; evidence thin.,https://www.milehacker.com/travel/democratic-republic-of-the-congo/north-kivu/goma/where-to-stay-in-goma-hotels-neighborhoods-accommo/ | https://www.momondo.com/hotels/goma,
kinshasa,Ngaliema,KEEP,Expedia describes Ngaliema as an upscale riverside area with Congo River terraces and embassy-side hotels; Sultani River and Mikeno listed.,https://www.expedia.com/cn/Ngaliema-Kinshasa-Hotels.0-n553248635976393496-0.Travel-Guide-Filter-Hotels,
kinshasa,Limete,REMOVE,"Limete is described as a commercial and business-office commune serving corporate travellers, not a leisure visitor area; Gombe and Ngaliema cover the hotel needs.",https://www.expedia.com/es/Limete-Kinshasa-Hoteles.0-n553248635976007882-0.Guia-Viajes-Filter-Hoteles,
kinshasa,Lemba,REMOVE,Lemba is the University of Kinshasa residential commune; no hotel cluster found in hotel-by-neighbourhood listings for Kinshasa. Evidence thin.,https://www.hoteles.com/tgp/lodging/star/5/1210/kinshasa,
copenhagen,Osterbro,KEEP,"Where-to-stay guides list Osterbro as a standard Copenhagen area (Osterbrogade shopping, Trianglen, bakeries, Faelledparken); there are dedicated Osterbro hotel pages. Only 5 hoods, so it fits.",https://northabroad.com/where-to-stay-in-oesterbro-nordhavn/ | https://www.nomadotravel.app/en/guides/where-to-stay-in-copenhagen,
odense,Odense M,REMOVE,Odense M is a southern residential/university district with 2 hotels and 9 food places in 800 m; not a visitor area (centre and H.C. Andersen quarter hold the hotels and sights).,,
odense,Skibhuskvarteret,REMOVE,"Skibhuskvarteret is a small sub-area at the harbour edge of the centre, overlapping the Odense C / H.C. Andersen coverage; 2 hotels, 0 sights. Evidence from open data and geography only.",,
arhus,Trøjborg,REMOVE,"Trojborg is a student/residential district with 1 hotel; Midtbyen, Latin Quarter and Frederiksbjerg cover visitors.",,
djibouti-city,Héron (Îlot du Héron),KEEP,Djibouti Palace Kempinski sits at Ilot du Heron; peninsula luxury hotel cluster.,https://www.expedia.com/Plateau-Du-Serpent-Ilot-Du-Heron-Djibouti.d553248621532405832.Vacation-Attraction,
djibouti-city,Plateau du Serpent,KEEP,"Sheraton Djibouti, Hotel Alia and Escale International are on the Plateau du Serpent; quiet but real hotel cluster. Evidence mixed (source calls lodging scarce).",https://www.expedia.com/es/Plateau-Du-Serpent-E-Ilot-Du-Heron-Hoteles.0-l553248621532405832-0.Guia-Viajes-Filter-Hoteles,
djibouti-city,Ambouli,REMOVE,Ambouli is the airport district (Ambouli international airport); no visitor neighbourhood.,,
roseau,Castle Comfort,KEEP,"Castle Comfort has guesthouses, hotels, villas and dive resorts south of town.",https://www.wildtrips.net/places/Castle-Comfort-Dominica-what-to-visit.htm,
roseau,Trafalgar / Roseau Valley,KEEP,"Trafalgar village has Berkey's Jungle Paradise, Binks Apartments and other lodging near Trafalgar Falls; real visitor lodging cluster in the Roseau Valley (tourist area of the destination).",https://www.expedia.sa/Roseau.dx1050,
roseau,Wotten Waven,KEEP,Wotten Waven hot-spring village with Le Petit Paradis and eco lodges; visitor lodging and spa cluster in the Roseau Valley.,https://www.expedia.sa/Roseau.dx1050,
roseau,Goodwill / Bath Estate,REMOVE,"Goodwill/Bath Estate is a residential area by the Botanic Gardens; not on where-to-stay lists, hotels are in the centre (Fort Young).",https://www.expedia.sa/Roseau.dx1050,
la-romana,La Romana Centro,KEEP,La Romana town is the city itself with a hotel and restaurant cluster; keep as the town base. Evidence thin on hotel appeal.,https://www.minube.net/where-to-stay/dominican_republic/la_romana,
la-romana,Casa de Campo,KEEP,"Casa de Campo is a 5-star resort with marina, 8 restaurants, golf and Altos de Chavon; a main La Romana visitor area.",https://en.quierohotel.com/city-hotels-la-romana-1A93B12159T1416.htm,
la-romana,La Caleta,REMOVE,"La Caleta is a small coastal village near the airport, not on La Romana where-to-stay lists, which name Casa de Campo, Bayahibe/Dominicus and the town.",https://www.minube.net/where-to-stay/dominican_republic/la_romana,
puerto-plata,Costambar,KEEP,"Costambar is listed as a Puerto Plata area to stay with Playa Costambar and Playa Grande; 5 hotels, 5 food. Evidence modest; first pass said gated residential, but lodging exists.",https://expedia.ae/Puerto-Plata.dx6048790,
puerto-plata,Sosúa,REMOVE,"Sosua is a separate town about 25 km east (its own municipality), a day trip from Puerto Plata rather than a neighbourhood. Flagged: it is a bigger tourist draw than Costambar, Jeff may prefer it as a resort-area hood.",https://expedia.ae/Puerto-Plata.dx6048790,
punta-cana,Uvero Alto,KEEP,"Uvero Alto is a recognised all-inclusive resort and beach area (Sirenis Aquagames) 9 hotels, 14 food. Resort-guide tourist area; dining mostly inside resorts.",https://www.expedia.sa/Punta-Cana.dx601906,
guayaquil,Urdesa,KEEP,"Urdesa is listed as the nightlife and dining area along Victor Emilio Estrada Ave; 63 food places. Few hotels, but a real visitor stop.",https://www.wandertooth.com/?p=32171,
guayaquil,Samborondón,REMOVE,"Samborondon is a separate canton across the river, an affluent suburb with 0 hotels counted; the source frames it as families/longer stays with more driving.",https://www.wandertooth.com/?p=32171,
quito,Cumbayá,REMOVE,"Cumbaya is a separate parish in a valley roughly 15 km east of central Quito; affluent suburb with 4 hotels. Evidence is geography only, no where-to-stay page checked.",,
alexandria,Montazah,KEEP,Montazah Palace gardens with Rixos Montaza and Sheraton Montazah on the Corniche; real hotel cluster and beach.,https://www.expedia.com/Alexandria-Al-Muntazah.dx553248635967618907,
alexandria,Gleem / Saba Pasha,KEEP,"Gleem/San Stefano area (Four Seasons San Stefano, San Stefano Grand Plaza) on the Corniche.",https://www.expedia.no/en/Alexandria.dx6140150,
alexandria,Mansheya,KEEP,Manshiya Square and old quarter; 31 hotels and 77 food in 800 m.,https://www.expedia.no/en/Alexandria.dx6140150,
cairo,Maadi,KEEP,"Maadi is listed as a Cairo place to stay (Pearl Hotel, Nile Corniche and marina); 9 hotels, 86 food. Kept over Heliopolis to hold the cap at 5 with Giza added.",https://www.magnificenttravel.com/en/blog/egypt/best-places-to-stay-in-cairo,
cairo,Heliopolis,REMOVE,"Heliopolis is a residential district near the airport; dropped to make room for Giza (Pyramids), which is far more visited by tourists. Heliopolis has fewer hotels (7) and less food (57) than Maadi.",https://www.magnificenttravel.com/en/blog/egypt/best-places-to-stay-in-cairo,
cairo,Giza (Pyramids / Nazlet El-Samman),ADD,"Where-to-stay guides rank Giza as the best area for pyramid views with many hotels (Steigenberger Pyramids, Mena House area); inside greater Cairo and not covered by a listed hood. Not its own guide city (no giza slug). Coordinates approximate (Nazlet El-Samman, below the Sphinx), proposed point was 29.975,31.145.",https://www.magnificenttravel.com/en/blog/egypt/best-places-to-stay-in-cairo | https://www.arrivalguides.com/en/Travelguides/Africa/Egypt/Cairo/accommodations,"[29.9745, 31.1375]"
dahab,Medina,KEEP,"Medina point (28.485,34.496) lies in the southern Medina/Lighthouse area, a dive-centre and hostel zone listed as a main area to stay. Overture food=0 is undercount. Note: Masbat and Mashraba points are only about 450 m apart; guides treat Mashraba as part of the central strip.",https://www.realjourneytravels.com/where-to-stay-in-dahab/ | https://www.weseektravel.com/where-to-stay-dahab/,
hurghada,El Mamsha,KEEP,El Mamsha (Village Road) is a listed Hurghada area with beaches and many dining options.,https://www.expedia.co.in/Hurghada.dx1512,
hurghada,El Ahyaa,REMOVE,El Ahyaa is a residential district with 4 hotels and 4 food; not on where-to-stay lists.,https://generationvoyage.fr/?p=99905,
hurghada,Sahl Hasheesh,KEEP,"Sahl Hasheesh is a high-end resort destination about 18 km south, listed among Hurghada areas to stay; accepted as a resort-area hood for this resort guide.",https://generationvoyage.fr/?p=99905,
luxor,Karnak,REMOVE,Karnak is a single temple site; lodging and food are covered by Luxor Town and the Corniche.,,
luxor,Theban Necropolis (West Bank),REMOVE,"Theban Necropolis is a set of tomb and temple sites, not a lodging neighbourhood; west-bank lodging is covered by Al-Gezira.",,
marsa-alam,Abu Dabbab Bay,KEEP,"Abu Dabbab Bay is a known dugong/snorkelling beach with resort hotels; few hotels, evidence thin, no evidence to remove.",https://is.hotels.com/de10451182-at3/resort-hotels-near-marsa-alam-beach-marsa-alam-egypt,
marsa-alam,Marsa Shagra,REMOVE,"Marsa Shagra is a single dive camp (2 hotels, 0 food), a site not a neighbourhood.",,
siwa-oasis,Temple of the Oracle (Aghurmi),KEEP,"Aghurmi village has many guesthouses, hostels and lodges ($11-$102) plus the Temple of the Oracle.",https://www.holidify.com/hotel-booking/as-house-9465949.html | https://ph.trip.com/hotels/spa/city/eg/siwa-oasis.html,
san-salvador,Santa Elena / Antiguo Cuscatlán,REMOVE,"Antiguo Cuscatlan is a separate municipality of corporate offices and malls (6 hotels, 25 food); hotel-heavy visitor areas are Escalon and Zona Rosa. Evidence is general knowledge, no page fetched.",,
malabo,Carretera del Aeropuerto,REMOVE,"Carretera del Aeropuerto is a road corridor to the airport (Bisila Palace hotel), not a neighbourhood.",https://www.readytotrip.com/hotels/Equatorial%20Guinea/Malabo/breakfast/,
malabo,Sipopo,KEEP,"Sipopo is the most exclusive tourist area near Malabo (Sofitel Malabo Sipopo, about 14 km out). Few hotels, but the main resort enclave; kept as a tourist area of the destination.",https://www.readytotrip.com/hotels/Equatorial%20Guinea/Malabo/breakfast/,
asmara,Tiravolo,KEEP,"Evidence thin: no source covers Tiravolo; Nyala and Expo hotels listed and Eritrea is under-mapped, so kept.",https://www.mustseespots.com/eritrea/articles/where-to-stay-in-asmara-top-hotels-and-neighborhood-guide/,
asmara,Gejeret/Beleza,KEEP,Central old market area next to the city centre; kept (thin).,https://www.mustseespots.com/eritrea/articles/where-to-stay-in-asmara-top-hotels-and-neighborhood-guide/,
asmara,Sembel,KEEP,"Evidence thin: mustseespots names Hotel Asmara Palace (Sembel) as one of the largest, best-equipped hotels with pool and several restaurants; kept.",https://www.mustseespots.com/eritrea/articles/where-to-stay-in-asmara-top-hotels-and-neighborhood-guide/,
tallinn,Pirita,KEEP,"Expedia Pirita guide lists Tallink Spa Hotel, Pirita Marina Hotel & Spa, Nunne Boutique Hotel, Regatta restaurant, beach and adventure park; a real beach/spa area for visitors.",https://expedia.ie/Tallinn-Pirita.dx6142379,
mbabane,Mbabane City Centre,KEEP,"Trip.com lists Hilton Garden Inn (580 m from centre), Mountain View International Hotel with restaurant and cafe near banks, shops, craft markets; evidence adequate.",https://ph.trip.com/hotels/city/sz/mbabane.html,
mbabane,Pine Valley,REMOVE,"Trip.com/readytotrip results place Pine Valley Road's Sibebe Resort 27 km from the urban core (Mhlambanyatsi), so the listed stays are outside the city; no visitor hotel cluster found in Pine Valley itself.",https://ph.trip.com/hotels/city/sz/mbabane.html | https://www.readytotrip.com/hotels/Eswatini/Mbabane/,
addis-ababa,Old Airport,KEEP,"Evidence thin: search results gave no source on Old Airport; apartment hotels are listed; kept, note low confidence.",https://www.expedia-aarp.com/Addis-Ababa.dx6271020,
axum,Northern Stelae Park,KEEP,"Search lists Atse Kaleb, Obelisk, Yeha, Delina hotels as best placed near Northern Stelae Field.",https://www.agoda.com/en-in/africa/ethiopia/axum.html,
axum,Church of Our Lady Mary of Zion,KEEP,"Evidence thin: Church of Our Lady Mary of Zion is a main attraction ~180 m from the stelae point, same small town area; kept as the town-centre hood (Axum is tiny).",https://safarifind.com/de/destinations/axum,
axum,Queen of Sheba's Bath,REMOVE,"Single site (Queen of Sheba's Bath reservoir) 0.37 km from the Northern Stelae point; both names are the same compact Axum tourist area, and hotels (Atse Kaleb, Obelisk, Yeha) are listed near the stelae field.",https://www.agoda.com/en-in/africa/ethiopia/axum.html,
bahir-dar,Blue Nile Riverside,KEEP,"Timbuktu Travel: Blue Nile Resort Hotel (135 rooms) is on the waterfront within 10 minutes of Lake Shore and the Blue Nile Bridge; kept as riverside stay area, point may sit east of the centre (thin).",https://timbuktutravel.com/lodge/blue-nile-resort-hotel,
bahir-dar,Shimbit,KEEP,"Evidence thin: no source on Shimbit; lake-side hotels (Lakemark, Asinuara) listed; kept.",https://www.expedia.be/en/Bahir-Dar.dx596,
bahir-dar,Bahir Dar University Area,KEEP,Evidence thin: Blue Nile Resort and Rahnile listed here; no source shows campus is not visited; kept.,https://timbuktutravel.com/lodge/blue-nile-resort-hotel,
gondar,Piazza (City Centre),KEEP,"Search: Piazza (City Center) is the best area for tourists, close to Fasil Ghebbi; Goha and Haile Resort hotels there.",https://nomad.watch/cities/ET/gonder/guide,
gondar,Fasil Ghebbi (Royal Enclosure),REMOVE,"Royal Enclosure is a single site 0.36 km from the Piazza point; the nomad.watch guide treats Piazza as the area close to Fasil Ghebbi, and Lodge du Chateau sits across from the enclosure, i.e. in Piazza.",https://nomad.watch/cities/ET/gonder/guide | https://www.timbuktutravel.com/region/gondar-trip/where-to-stay,
gondar,Maraki (University area),KEEP,nomad.watch names the Maraki (University of Gondar) area as having better infrastructure; Gondar Plaza Hotel there.,https://nomad.watch/cities/ET/gonder/guide,
harar,Ferez Magala Square,KEEP,"Harar Guest House is a 10-minute walk from Feres Magala, with Harari Guest House and MM Hotel nearby.",https://www.expedia.com/es/Feres-Magala-Harar.d553248621532405718.Guia-Turistica,
harar,Harar National Museum Area,REMOVE,"Harar National Museum point is 0.14 km from the Ferez Magala point; Expedia lists the museum as a nearby attraction of Feres Magala, so it is the same old-city area and a single site.",https://www.expedia.com/es/Feres-Magala-Harar.d553248621532405718.Guia-Turistica,
mek-ele,Hawelti,KEEP,"Planet Hotel is listed in Hawulti Mek'ele (free breakfast/wifi); Hawelti monument; evidence thin, kept.",https://www.milehacker.com/travel/ethiopia/tigray/mekele/where-to-stay-in-mekele-hotels-neighborhoods-accom/,
mek-ele,Ayder,REMOVE,"Milehacker's Mekelle stay guide lists only city centre, the Yohannes IV palace area and the airport as visitor areas; Ayder (hospital district) is not among them and Overture counts are zero.",https://www.milehacker.com/travel/ethiopia/tigray/mekele/where-to-stay-in-mekele-hotels-neighborhoods-accom/,
mek-ele,Adi-Haki,KEEP,Evidence thin: Mekelle Hotel (rated 7.5 on 269 reviews) is a main hotel listed with this area; kept.,https://www.swoodoo.com/Mekele-Hotels.53418.hotel.ksp,
stanley,Ross Road East,KEEP,"Falklands tourism lists Lafone Guest House at the east end of Stanley, a 10-minute walk from the centre, plus self-catering on Ross Road.",https://www.falklandislands.com/stay/lafone-guest-house-p675951,
stanley,West Stanley,KEEP,"Evidence thin: Wikipedia shows Stanley has 11 hotels and guesthouses, four pubs, three restaurants in total and says residential growth is mostly east; no evidence West Stanley is non-visited; kept, note low confidence.","https://en.wikipedia.org/wiki/Stanley,_Falkland_Islands",
weno,Nantaku,KEEP,Evidence thin: Chuuk guides say tourist activity concentrates on Weno with dive resorts; no source separates villages; kept.,https://www.milehacker.com/travel/micronesia/chuuk/where-to-stay-in-chuuk-hotels-neighborhoods-accomm/,
weno,Mechitiw,KEEP,Evidence thin: Chuuk guides say tourist activity concentrates on Weno with dive resorts; no source separates villages; kept.,https://www.milehacker.com/travel/micronesia/chuuk/where-to-stay-in-chuuk-hotels-neighborhoods-accomm/,
weno,Neiwe,KEEP,Evidence thin: Chuuk guides say tourist activity concentrates on Weno with dive resorts; no source separates villages; kept.,https://www.milehacker.com/travel/micronesia/chuuk/where-to-stay-in-chuuk-hotels-neighborhoods-accomm/,
nadi,Wailoaloa Beach,KEEP,"Expedia/fijipocketguide: Wailoaloa Beach has Ramada Suites, Smugglers Cove Beach Resort, Crowne Plaza Nadi Bay Resort; budget to premium.",https://fijipocketguide.com/?p=243922,
nadi,Namaka,KEEP,"Fiji Pocket Guide: Namaka has its own produce market, restaurants, nightlife and cafes, with Tanoa International Hotel; more than an airport side.",https://fijipocketguide.com/?p=243922,
rovaniemi,Ounasvaara,KEEP,"Fullsuitcase lists Ounasvaara as one of the four stay areas (ski slopes, Sky Ounasvaara, Pirtit apartments, 3 km from centre).",https://fullsuitcase.com/?p=64613,
rovaniemi,Rautatienkatu (Railway district),REMOVE,"Fullsuitcase's four stay areas (Santa Claus Village, City Center, Ounasvaara, unique stays) do not include a railway district; point is 1.4 km from the City Centre point and is the southern edge of the same central area.",https://fullsuitcase.com/?p=64613,
rovaniemi,Saarenkylä,REMOVE,"Fullsuitcase does not list Saarenkyla among Rovaniemi stay areas; Overture shows 3 lodging, 2 food; hostels are listed in residential area.",https://fullsuitcase.com/?p=64613,
savonlinna,Kyrönniemi,REMOVE,"Wikivoyage Savonlinna concentrates accommodation and dining in the centre (Market Square, Olavinkatu, castle) and does not mention Kyronniemi; Overture shows 1 hotel, 1 food.",https://en.wikivoyage.org/wiki/Savonlinna,
savonlinna,Kasinonsaari,KEEP,"Spahotel Casino sits on Kasinonsaari island, just over half a mile from the centre, per hotel listings.",https://www.expedia.sa/en/Savonlinna.dx3310,
savonlinna,Pihlajaniemi,REMOVE,"Wikivoyage Savonlinna does not list Pihlajaniemi as a visitor area; Overture counts are zero, suburbs need bus or car.",https://en.wikivoyage.org/wiki/Savonlinna,
turku,Kupittaa,KEEP,"Original Sokos Hotel Kupittaa (196 rooms) with restaurants and bars within a few minutes walk, Kupittaa Park; Overture 4 hotels, 43 food, 13 sights, so it qualifies.",https://sokoshotels.fi/en/turku/original-sokos-hotel-kupittaa,
mariehamn,Västerhamn (Western Harbour),KEEP,"Hotel Pommern is central, Pommern ship harbour; small town with few options.",https://www.ha.ax/en/about-us/accomodation-in-mariehamn/,
mariehamn,Ytternäs,KEEP,"Evidence thin: no source found on Ytternas; Strandnas Hotell and Pensionat Solhem are on the southern side; kept, note low confidence.",https://www.ha.ax/en/about-us/accomodation-in-mariehamn/,
aix-en-provence,Les Facultés,KEEP,"Thebrokebackpacker/Ryo describe Quartier des Facultes as a lively student quarter with cafes, bars and affordable accommodation, recommended to budget travelers; city has only 4 hoods.",https://thebrokebackpacker.com/?p=687630 | https://ryo.co/en/articles/france/aix-en-provence/neighborhoods-aix-en-provence/,
annecy,Talloires,REMOVE,"Wikipedia: Talloires is a separate commune 13 km from Annecy (25 minutes by road), a lake village and thus a day trip.",https://en.wikipedia.org/wiki/Talloires,
avignon,Île de la Barthelasse,KEEP,"Evidence thin: Hotel de l'Ile (15 rooms) and B&Bs on the island, city centre 20 minutes on foot; leisure island, kept to avoid a one-hood guide.",https://provence-alpes-cotedazur.com/en/plan-your-stay/accommodation/all-accommodation/hotels/hotel-de-lile-avignon-en-3821704/,
avignon,Villeneuve-lès-Avignon,REMOVE,"Wikipedia: Villeneuve-lès-Avignon is a separate commune in the Gard department on the opposite bank of the Rhone (13,148 inhabitants), so it is a day trip.",https://en.wikipedia.org/wiki/Villeneuve-l%C3%A8s-Avignon,
chamonix-mont-blanc,Les Praz-de-Chamonix,KEEP,Viralmag/hotels listings: Les Praz offers Flegere cable car and chalets; 13 hotels within 800 m.,https://viralmag.fr/?p=151386,
chamonix-mont-blanc,Les Bossons,REMOVE,Viralmag describes Les Bossons as a peaceful hamlet where having a car is advised; Overture shows 5 hotels and 1 food outlet; no visitor dining base.,https://viralmag.fr/?p=151386,
chamonix-mont-blanc,Le Tour,REMOVE,"Alps2alps and Expedia: Le Tour is a farming hamlet at the top of the valley, food options sparse, mainly a ski access point; Overture shows 3 hotels, 0 food.",https://testwp.alps2alps.com/wiki/resorts/le-tour/,
dijon,Toison d'Or,REMOVE,"Lebonbon describes Toison d'Or as known principally for its large shopping centre and Zenith concert hall, a calm family district; a retail park zone.",https://www.lebonbon.fr/dijon/les-tops-insolite/quartiers-ou-vivre-dijon/,
dijon,Montchapet,KEEP,"Evidence thin: Lebonbon calls Montchapet chic and residential; Overture shows 8 hotels and 19 food within 800 m; kept, note low confidence.",https://www.lebonbon.fr/dijon/les-tops-insolite/quartiers-ou-vivre-dijon/,
dijon,Université / Montmuzard,REMOVE,"Search for Dijon stay areas returned the campus only as a hotel landmark, no visitor district; University/Montmuzard point is a campus.",https://www.lebonbon.fr/dijon/les-tops-insolite/quartiers-ou-vivre-dijon/,
grenoble,Parc Paul Mistral (Exposition-Bajatiere),KEEP,"Expedia neighbourhood guide: Exposition-Bajatiere has Paul Mistral Park, Museum of Resistance, bars; Park Hotel Grenoble MGallery on Place Paul Mistral.",https://www.expedia.com/Quartier-Exposition-Bajatiere.d553248635976399599.Destination-Travel-Guide,
marne-la-vallee,Chessy,KEEP,Disney hotels and Disneyland Paris sit in Chessy/Marne-la-Vallee; Avygeo lists Disney hotels at the lake.,https://www.avygeo.com/fr/guide/europe/france/23001-chessy/ou-dormir,
marne-la-vallee,Serris,KEEP,"Serris/Val d'Europe has shopping centre, restaurants, aquarium and many hotels (Avygeo where-to-stay page).",https://www.avygeo.com/fr/guide/europe/france/23001-chessy/ou-dormir,
marne-la-vallee,Bailly-Romainvilliers,KEEP,"Avygeo names Marriott Village d'Ile-de-France in Bailly-Romainvilliers among the main hotel clusters; no evidence to remove, thin on dining/sights, and the guide has only 4 hoods.",https://www.avygeo.com/fr/guide/europe/france/23001-chessy/ou-dormir,
marne-la-vallee,Magny-le-Hongre,KEEP,"Avygeo lists Magny-le-Hongre as one of the communes holding the Disney-area hotels; no evidence to remove, evidence thin.",https://www.avygeo.com/fr/guide/europe/france/23001-chessy/ou-dormir,
mont-saint-michel,Pontorson,REMOVE,"Hotel listings show Pontorson hotels (Best Western Montgomery, Ariane, de France) about 10.2 km from the abbey: a separate town, so a day-trip base, not a hood.",https://www.hotelsone.com/france-fr/reservations-pontorson-hotels.html,
montpellier,Beaux-Arts,KEEP,"eDreams guide calls Beaux-Arts/Boutonnet lively with bars, cafes and affordable restaurants; adjacent to the old town; only 5 hoods so no cap pressure.",https://www.edreams.fr/blog/ou-loger-a-montpellier/,
montpellier,Port Marianne,KEEP,"City of Montpellier page and eDreams describe Port Marianne as a dynamic district with many restaurants and bars along the Lez; 5 hoods, no cap pressure.",https://montpellier.fr/en/port-marianne-district | https://www.edreams.fr/blog/ou-loger-a-montpellier/,
montpellier,Les Arceaux,KEEP,Les Arceaux is named the calm area to stay with Roman aqueduct and easy walk to the Ecusson (Eurovista).,https://eurovistatrips.com/where-to-stay-in-montpellier-2026/,
nantes,Île de Nantes,KEEP,"Edreams/360nations list Ile de Nantes as a stay area (Les Machines de l'Ile, cafes).",https://www.edreams.fr/blog/meilleurs-quartiers-ou-sejourner-a-nantes/,
nantes,Hauts-Pavés – Saint-Félix,KEEP,"eDreams where-to-stay guide lists Hauts-Paves - Saint-Felix (Talensac market, Ile de Versailles); only 5 hoods and no better candidate, so kept on thin evidence.",https://www.edreams.fr/blog/meilleurs-quartiers-ou-sejourner-a-nantes/,
nantes,Chantenay,KEEP,"eDreams guide lists Chantenay as a stay area ($60-150, Loire viewpoints, close to centre); Hangar a Bananes bars and restaurants are adjacent. No better candidate; thin evidence.",https://www.edreams.fr/blog/meilleurs-quartiers-ou-sejourner-a-nantes/,
nice,Cimiez,KEEP,"Cimiez holds the Matisse Museum and Roman ruins and is recommended as a quieter place to stay (Hotels.com Matisse page); only 5 hoods, so no cap pressure. Thin on hotel count.",https://hotels.com/de1708809/hotels-near-matisse-museum-nice-france,
nimes,Richelieu,REMOVE,"Airial lists a single ""Quartier Gambetta-Richelieu""; the Richelieu point is 0.67 km from the Gambetta point, so both names refer to the same area (duplicate of listed hood Gambetta).",https://airial.travel/attractions/france/nîmes/quartier-gambetta-richelieu-v0tcYjSZ,
perpignan,Moulin à Vent,REMOVE,Sonder/Expedia describe Moulin a Vent as a lived-in residential corner near the university with everyday bakeries; no visitor draw.,https://sonder.com/all/france/perpignan/moulin-a-vent | https://www.expedia.com/Perpignan-Moulin-A-Vent.dx553248635976399800,
perpignan,Porte d'Espagne,REMOVE,"Frommer's places Hotel Porte d'Espagne 5 minutes by car from central Perpignan (4 miles from the station); the hood point is about 3 km south of the centre, a peripheral area.",https://www.frommers.com/destinations/perpignan/hotels/htel-porte-despagne,
reims,Saint-Rémi,KEEP,Saint-Remi basilica (UNESCO) is a major sight with hotels listed by Hotels.com as Saint-Remi accommodations; Overture hotel count of 0 reflects point placement. Only 5 hoods.,https://nz.hotels.com/de1677894/book-near-st-remi-basilica-reims-france-hotel-rooms,
rouen,Jouvenet,KEEP,"Lastminute describes Gare-Jouvenet as known for its restaurants; no evidence to remove, 4 hoods only.",https://www.lastminute.com/hotels/fr_france/rouen-d1147138272,
rouen,Saint-Sever,KEEP,"Lastminute describes Saint-Sever as accessible by metro with a large shopping mall, bistros and hotels across budgets.",https://www.lastminute.com/hotels/fr_france/rouen-d1147138272,
strasbourg,Quartier Europeen,KEEP,"Expedia lists about 20 accommodations in the European Quarter (Hilton, AC Hotel, Residence Inn) beside the Parliament and Palais de l'Europe. No better candidate; business-heavy so thin evidence.",https://www.expedia.com/European-Quarter-Strasbourg-Hotels.0-n6217282-0-Travel-Guide-Filter-Hotels,
toulon,Haute Ville,KEEP,"Avygeo/TripBase name three main areas: lower town and port, the nineteenth-century upper town, and Le Mourillon; upper town is its own area with Okko, Holiday Inn. Note Old Town and Port points are 0.28 km apart and may be one area; kept since only 4 hoods.",https://www.avygeo.com/en/guide/europe/france/2535-toulon/where-to-stay,
tours,Gare & Grammont,KEEP,"Travel sources say a good selection of hotels in all price ranges sits by the station (Novotel, Mercure, ibis, LABE). The listed point (0.723 E) is about 2 km east of the station; station is at about 47.3893, 0.6936. Moved. Note it is 0.55 km from the Cathedrale Quarter point.",https://travelpander.com/where-to-stay-in-tours-france/ | https://francetravelplanner.com/go/loire/tours/trans/tours_gare_sncf.html,"[47.3893, 0.6936]"
cayenne,Montabo,KEEP,"Expedia lists hotels in Montabo (Grand Hotel Montabo with pool and restaurant); no evidence to remove, thin.",https://www.expedia.com/cn/Montabo-Cayenne-Hotels.0-n553248635975438322-0.Travel-Guide-Filter-Hotels,
cayenne,Bourda,KEEP,"Expedia/Trip list Sweet Dreams Bourda aparthotel; evidence thin, no evidence to remove and Cayenne has few options.",https://www.expedia.co.in/Cayenne-Hotels.d776.Travel-Guide-Hotels,
cayenne,Rémire-Montjoly,KEEP,Remire-Montjoly is the beach suburb with Mercure Royal Amazonia and a hotel list on Trip.com and Expedia.,https://sa.trip.com/hotels/remire-montjoly-hotels-list-648210,
cayenne,Matoury,REMOVE,"Matoury is a separate commune around the airport (Trip.com/ReadytoTrip list it as its own hotel area; La Chaumiere is 8 km from the core); airport zone, not a Cayenne neighborhood.",https://www.readytotrip.com/hotels/French%20Guiana/Cayenne/Matoury/ | https://ae.trip.com/hotels/matoury-hotels-list-648068,
papeete,Fare Ute,REMOVE,Lonely Planet France describes Fare Ute as an industrial zone of warehouses and big stores beyond the naval base and ferry terminal.,https://www.lonelyplanet.fr/poi/zone-portuaire-fare-ute-et-motu-uta,
papeete,Pirae,KEEP,"Pirae has Hotel Royal Tahitien beach resort and pensions 5 min from Papeete market; no strong evidence to remove, thin.",https://www.lastminute.com.au/Pirae-Hotels.d180198.Travel-Guide-Hotels,
papeete,Punaauia,KEEP,"Punaauia is the resort coast (Le Meridien Tahiti, Manava Suite Resort, Sofitel) 10-16 km from Papeete centre; Overture undercounts.",https://www.lastminute.co.nz/Punaauia-Hotels.d180199.Travel-Guide-Hotels,
libreville,Glass,REMOVE,MileHacker describes Glass/Nkembo as having higher crime rates especially at night and not recommended for tourist stays.,https://www.milehacker.com/travel/gabon/estuaire/libreville/where-to-stay-in-libreville-hotels-neighborhoods-a/,
libreville,Batterie IV,KEEP,"Batterie IV is described as secure and peaceful with supermarkets and hotels (Akewa, Radisson Blu Okoume Palace); borderline, kept.",https://www.milehacker.com/travel/gabon/estuaire/libreville/where-to-stay-in-libreville-hotels-neighborhoods-a/,
batumi,Gonio,REMOVE,"Gonio is a village on Expedia's separate Gonio hotel list; the point is about 10 km from the Old Town (dlat 0.077, dlng 0.07), outside the city, so a day trip (Gonio fortress).",https://www.expedia.com/cn/Gonio-Hotels.d3000034641.Travel-Guide-Hotels,
batumi,Makhinjauri,KEEP,"Expedia lists Makhinjauri hotels along the coast near the New Boulevard; only 4 hoods and no evidence to remove, thin.",https://www.expedia.com/Makhinjauri-Hotels.d3000034625.Travel-Guide-Hotels,
tbilisi,Saburtalo,KEEP,"Saburtalo is described as a practical west-side district with local cafes and metro, cheaper stays; only 5 hoods and no better candidate, thin evidence.",https://tripjive.com/best-places-to-stay-in-tbilisi-top-picks/ | https://sonder.com/all/georgia/tbilisi/saburtalo,
aachen,Frankenberg,KEEP,"Expedia describes the Frankenberg Quarter with a castle, boutique guesthouses and B&Bs; only 3 hoods, no evidence to remove, thin.",https://www.expedia.com/cn/Aachen-Frankenberg-Quarter.dx953236766595653632,
baden-baden,Lichtental,KEEP,Lichtentaler Allee and the abbey are among the best-known sights of Baden-Baden; hotels listed incl. Belle Epoque and Leonardo Royal.,https://www.cityzeum.com/ar/hotel-sejour_baden-baden_1056,
baden-baden,Rebland,REMOVE,"Rebland is a wine-growing area 7 km from the spa quarter (dlng 0.091, dlat 0.025); Hotels.com lists it as a station/wine area with vineyard lodgings, not a visitor neighborhood.",https://widgets.hotels.com/de11026559/hotels-near-baden-baden-rebland-s-bahn-baden-baden-germany,
baden-baden,Ebersteinburg,REMOVE,"Wikipedia: Ebersteinburg is a village of about 1,200 people incorporated in 1972, known for a castle ruin; a 2.7 km hilltop village, a day trip not a hood.",https://en.wikipedia.org/wiki/Ebersteinburg,
berlin,Neukölln,REMOVE,"Nomad/Expedia guides describe Neukolln as an off-the-beaten-path area with fewer tourists, behind Charlottenburg/City West for visitor stays; swapped to fit the cap of 5. Both options in notes.",https://nomadisbeautiful.com/travel-blogs/where-to-stay-in-berlin/ | https://www.mustseespots.com/germany/articles/where-to-stay-in-berlin-neighborhoods-accommodation-guide/,
berlin,Charlottenburg (City West),ADD,"Guides call Charlottenburg the premier shopping district with Kurfuerstendamm, Zoo, museums, theatres and many hotels; it is a Berlin district and not a guide slug.",https://nomadisbeautiful.com/travel-blogs/where-to-stay-in-berlin/ | https://www.sonnenklar.tv/hotels/deutschland/berlin-charlottenburg.html,"[52.505, 13.325]"
bonn,Poppelsdorf,KEEP,"Search of where-to-stay pages (itimaker) lists Poppelsdorf as a quieter base with Poppelsdorf Palace and Botanic Gardens, 70-150 EUR hotels.",https://www.itimaker.com/blog/where-to-stay-bonn-first-timers,
bonn,Bad Godesberg,KEEP,"Same guide lists Bad Godesberg with waterfront, Godesburg and Rheinhotel Dreesen; kept.",https://www.itimaker.com/blog/where-to-stay-bonn-first-timers,
bonn,Beuel,KEEP,"itimaker guide lists Beuel as a stay area with Opera House, riverfront and bars; Kameha Grand is there. Thin evidence to remove, kept.",https://www.itimaker.com/blog/where-to-stay-bonn-first-timers,
bremen,Schwachhausen,KEEP,"xixerone guide lists Schwachhausen as a stay option (longer stays); no source shows it lacks visitors. Evidence thin, no source supports removal; kept.",https://xixerone.com/en/where-to-stay-in-bremen-germany,
bremen,Überseestadt,KEEP,"xixerone guide lists Ueberseestadt as newer hotels in former port area; cap not binding. Evidence thin, no source supports removal; kept.",https://xixerone.com/en/where-to-stay-in-bremen-germany,
dresden,Striesen,REMOVE,"itimaker where-to-stay guide describes Striesen as a peaceful residential villa area, an escape from the tourist hustle; only one listed stay (Pension Blueher), 2 hotels in 800 m.",https://www.itimaker.com/blog/where-stay-in-dresden,
dresden,Blasewitz,KEEP,Guide covers Blasewitz as Elbe promenade/Blue Wonder bridge area with hotels (Hotel am Blauen Wunder); 9 hotels. Kept.,https://www.itimaker.com/blog/where-stay-in-dresden,
dusseldorf,Flingern,KEEP,"thehotelguru/misstourist call Flingern the hippest area with galleries and restaurants; no hotels nearby but cap not binding. Evidence thin, no source supports removal; kept.",https://misstourist.com/where-to-stay-in-dusseldorf-germany/,
dusseldorf,Oberkassel,KEEP,"Guides recommend Oberkassel for families, residential feel, 6 hotels. Evidence thin, no source supports removal; kept.",https://www.thehotelguru.com/en-gb/where-to-stay/dusseldorf,
erfurt,Löbervorstadt,REMOVE,"Search for Loebervorstadt hotels returned a single apartment listing (""Ueber den Daechern der Loebervorstadt"") and no sights; Overture 0/0/0 at the point, about 3.5 km south of the Altstadt point.",https://www.espanol.skyscanner.com/hoteles/alemania/erfurt-hoteles/uber-den-dachern-der-lobervorstadt/ht-212279958,
erfurt,Brühlervorstadt,KEEP,"Expedia lists Dorint Hotel am Dom, Opera Hostel, Hotel Bruehlerhoehe, Theater Erfurt and the Horticultural Museum in Bruehlervorstadt. Kept; point may sit west of the theatre cluster.",https://www.expedia.com/Bruhlervorstadt.d553248635213117910.Destination-Travel-Guides,
frankfurt-am-main,Nordend,REMOVE,"Timeout/germanyhandbook describe Nordend as leafy residential streets with indie cafes, not a hotel area (5 hotels in 800 m); Bahnhofsviertel, a main hotel and dining area, is the stronger tourist option and the cap is 5. Alternative kept in notes.",https://germanyhandbook.com/where-to-stay-in-frankfurt-bahnhofsviertel-sachsenhausen-and-westend/ | https://www.timeout.com/frankfurt/hotels/where-to-stay-in-frankfurt,
frankfurt-am-main,Bahnhofsviertel,ADD,"Germanyhandbook and Timeout list Bahnhofsviertel among the best areas to stay in Frankfurt: main-station hotels, many ethnic restaurants and bars. About 1 km from Westend and Innenstadt points, not its own guide city.",https://germanyhandbook.com/where-to-stay-in-frankfurt-bahnhofsviertel-sachsenhausen-and-westend/ | https://www.timeout.com/frankfurt/hotels/where-to-stay-in-frankfurt,"[50.107, 8.665]"
freiburg,Vauban,REMOVE,"Where-to-stay guides describe Vauban as an eco residential district with one named lodging (Green City Hotel at its entrance); 3 hotels, 10 food places in 800 m.",https://www.itimaker.com/blog/where-to-stay-freiburg-hotels,
freiburg,Wiehre,KEEP,"Guide describes Wiehre as quiet with tree-lined streets and cosy cafes; 32 food places. Evidence thin, no source supports removal; kept.",https://www.itimaker.com/blog/where-to-stay-freiburg-hotels,
freiburg,Stühlinger,KEEP,"Guide lists Stuehlinger as youthful, design hotels, just across the river from the centre. Kept.",https://www.itimaker.com/blog/where-to-stay-freiburg-hotels,
freiburg,Herdern,KEEP,"Hotels.com Herdern page lists Messe Freiburg and 106 hotels within a mile of Herdern station. Evidence thin, no source supports removal; kept.",https://widgets.hotels.com/de11032572/hotels-near-freiburg-herdern-station-freiburg-im-breisgau-germany,
garmisch-partenkirchen,Olympic Quarter,KEEP,"Partnachlodge and Dorint Sporthotel are at the Olympic ski stadium; sights are venues only. Evidence thin, no source supports removal; kept.",https://www.bedandbreakfast.eu/en/a/bVXjiBYnf2Yu/partnachlodge,
garmisch-partenkirchen,Partnachklamm / Kreuzeck Area,REMOVE,"Search results show Partnach Gorge is a single attraction 3.6 km from central Garmisch-Partenkirchen, with lift stations; no restaurant or hotel cluster (Overture 3 hotels, 2 food).",https://us.lastminute.com/hotels/de_germany/garmisch-partenkirchen-d18143805,
hamburg,Altona,KEEP,"Altona is covered by Hostelworld, misstourist, germanyhandbook guides (Elbe waterfront, cafes, markets); famous tourist area, not removed.",https://misstourist.com/where-to-stay-in-hamburg-germany/ | https://germanyhandbook.com/?p=5156,
hamburg,St. Georg,SKIP,"Hostelworld/misstourist guides list St. Georg as a good area near the Altstadt, but the cap of 5 is full of famous districts; see notes.",https://misstourist.com/where-to-stay-in-hamburg-germany/,"[53.555, 10.015]"
heidelberg,Bahnstadt,KEEP,"Expedia lists Bahnstadt with Heidelberg Congress Center, Qube Hotel and Premier Inn Heidelberg City; 7 hotels, 34 food. Cap not binding.",https://www.expedia.com/Bahnstadt.d553248633975964294.Destination-Travel-Guides,
koblenz,Lützel,REMOVE,"Expedia Luetzel guide lists only generic hotels (sander Hotel, Super 8) and the Rhine/Bubenheimer Flesche as attractions; 3 hotels, 9 food in 800 m, residential north suburb.",https://www.expedia.com/Lutzel.dx553248635213106256,
konstanz,Paradies,KEEP,"Hotels.com lists Paradies with Konstanz Cathedral and LAGO shopping nearby; 5 hotels, 22 food. Evidence thin, no source supports removal; kept.",https://ie.hotels.com/de11109584/booking-hotels-in-konstanz-paradies-germany,
konstanz,Mainau / Litzelstetten,REMOVE,"Hotels search shows Mainau Island is an attraction 1.9 km from Litzelstetten; Mainau is a single-site island garden outside the centre (a day trip); Overture 0 hotels, 3 food.",https://nz.hotels.com/de11109991/hotels-in-petershausen-west-germany/,
leipzig,Waldstraßenviertel,KEEP,"22places/germanyhandbook describe Waldstrassenviertel as quiet, safe, popular with students and artists; 5 hotels, 24 food. Evidence thin, no source supports removal; kept.",https://www.22places.com/where-to-stay-in-leipzig/,
leipzig,Gohlis,KEEP,"Guides describe Gohlis as historic, close to the centre, with 35 food places; Hotel de Saxe is listed. Evidence thin, no source supports removal; kept.",https://www.22places.com/where-to-stay-in-leipzig/,
lubeck,St. Gertrud,KEEP,"Expedia shows Holiday Inn Luebeck (spa hotel) in St. Gertrud. Evidence thin, no source supports removal; kept.",https://www.expedia.com/cn/Lubeck-St-Gertrud.dx6346054,
lubeck,St. Jürgen,REMOVE,"Expedia St. Juergen page shows one hotel (Romantik Hotel Friederikenhof); listed stays include Altes Zollhaus am Klinikum, a hospital-side hotel; Overture 1 hotel, 7 food. Residential.",https://ph.hotels.com/tgp/lodging/star/3/553248635213155564/sankt-jurgen,
lubeck,Travemünde,KEEP,"Travemuende is the Baltic seaside resort district of Luebeck (Maritim Strandhotel, A-ROSA); Expedia lists Maritim Strandhotel. Kept.",https://www.expedia.com/cn/Lubeck-St-Gertrud.dx6346054,
nuremberg,St. Johannis,KEEP,"Expedia: St. Johannis known for historical sites and restaurants (Hesperidengaerten, Johannisfriedhof). Kept.",https://www.expedia.de/en/Nuremberg-Gostenhof.dx553248635213173139,
regensburg,Kumpfmühl,REMOVE,"Where-to-stay guide (lastminute/itimaker) calls Kumpfmuehl a green residential district for rest; Overture 1 hotel, 4 food.",https://www.lastminute.com/hotels/de_germany/regensburg-d18146210 | https://www.itimaker.com/blog/where-to-stay-regensburg,
regensburg,Universitätsviertel,REMOVE,"University of Regensburg says its campus is in the Galgenberg area of southern Regensburg; no tourist district; Overture 0 hotels, 3 food.",https://www.uni-regensburg.de/en/studies/beyond-studying/campus,
rostock,Steintor-Vorstadt,KEEP,"Search shows InterCityHotel/Radisson near the station and the Stasi prison memorial 1 km away. Evidence thin, no source supports removal; kept.",https://www.expedia.com/cn/Steintor-Vorstadt-Rostock-Hotels.0-n553248635976381303-0.Travel-Guide-Filter-Hotels,
rostock,Hohe Düne,REMOVE,"Expedia Hohe Duene shows the Yachthafenresidenz Hohe Duene resort and marina as the only lodging, 4 km from Warnemuende centre point-wise; single resort complex, Overture 0/0/0.",https://www.expedia.com/Hohe-Dune.d553248635213062796.Destination-Travel-Guides,
stuttgart,Stuttgart-Sud,REMOVE,Immobilienscout/Wikivoyage results describe Stuttgart-Sued as multi-family housing around Marienplatz; the tourist part (Bohnenviertel/Heusteigviertel) is already listed as its own hood; Overture 0 hotels at the point.,https://de.wikivoyage.org/wiki/Stuttgart/S%C3%BCd | https://www.stuttgart-tourist.de/en/a-heusteigviertel-stuttgart,
stuttgart,Bad Cannstatt,KEEP,"Voyageurs Intrepides lists Bad Cannstatt as a best area, with Mercedes-Benz and Porsche museums and the Volksfest. Kept.",https://voyageursintrepides.com/en/where-to-stay-in-stuttgart,
trier,Kürenz,KEEP,"Expedia places Holiday Inn Express and B&B Hotel in Kuerenz-area listings; 1 hotel in 800 m only. Evidence thin, no source supports removal; kept.",https://www.expedia.com/cn/Kurenz.dx553248635213154666,
trier,Pallien,KEEP,"Expedia lists Coffee Fellows Hotel in Pallien; 6 hotels. Evidence thin, no source supports removal; kept.",https://www.expedia.com/Trier-Pallien.dx553248635213106214,
ulm,Söflingen,REMOVE,"Immobilienscout24 describes Soeflingen as a popular single-family-home district in green surroundings; Overture 2 hotels, 0 sights.",https://www.immobilienscout24.de/regional/de/baden-wuerttemberg/ulm/,
ulm,Eselsberg,REMOVE,Immobilienscout24 describes Eselsberg as a hilltop university and medical district for students and employees; Overture 0 hotels.,https://www.immobilienscout24.de/regional/de/baden-wuerttemberg/ulm/eselsberg/,
wurzburg,Zellerau,KEEP,"Expedia lists Hotel Wittelsbacher Hoeh in Zellerau; Mercure am Mainufer and B&B are listed stays. Evidence thin, no source supports removal; kept.",https://www.expedia.com/Zellerau.dx553248635213061438,
wurzburg,Sanderau,KEEP,"Hotels.com guides call Sanderau a popular riverside district with garden spaces. Evidence thin, no source supports removal; kept.",https://www.expedia.com/Sanderau.dx553248635213033762,
wurzburg,Frauenland,REMOVE,"Immobilienscout24 describes Frauenland as a large residential district with university campuses (Hubland); Overture 1 hotel, 2 food.",https://www.immobilienscout24.de/regional/de/bayern/wuerzburg/frauenland/,
wurzburg,Grombühl,KEEP,"Search describes Grombuehl as a hospital/university district with tram links; 12 hotels (AC, Moxy, Premier Inn). Evidence thin, no source supports removal; kept.",https://www.expedia.com/es/Grombuhl.dx553248635213033194,
accra,Airport Residential Area,KEEP,"Search shows Airport View Hotel and Accra Mall in the area; affluent expat/hotel zone with 13 hotels. Evidence thin, no source supports removal; kept.",https://girlonazebra.com/where-to-stay-in-accra/,
accra,East Legon,KEEP,"Expedia and girlonazebra mention East Legon restaurants, A&C Mall and expat cafes. Overture undercounts Ghana. Kept.",https://girlonazebra.com/where-to-stay-in-accra/,
accra,Labadi/La,KEEP,"Labadi Beach, Labadi Beach Hotel and Artists Alliance Gallery are listed; Overture undercounts Ghana. Kept.",https://girlonazebra.com/where-to-stay-in-accra/,
accra,Cantonments/Ridge,KEEP,"Expedia lists Cantonments restaurants, W.E.B. Du Bois Centre, aparthotels. Kept.",https://www.expedia.com.vn/en/Accra.dx280,
cape-coast,Kotokuraba,KEEP,Wikivoyage lists Prospect Lodge (terrace restaurant) at Kotokuraba and Commercial Road shops/eateries; central market district. Evidence moderate.,https://en.wikivoyage.org/wiki/Cape_Coast | https://ghanatrvl.com/places-to-see/markets/kotokuraba-market/,
cape-coast,Pedu,KEEP,"Booking has a Pedu page with hotels (Park Springs Hotel, Cape Coast Travellers Inn) but Wikivoyage calls Pedu Junction mainly a transport hub; no firm evidence to remove, kept on thin evidence.",https://www.booking.com/city/gh/pedu.html | https://en.wikivoyage.org/wiki/Cape_Coast,
cape-coast,Amamoma (UCC),REMOVE,Wikipedia/Graphic: Amamoma is a community around the University of Cape Coast served by private student hostels (Oye Inn); not a visitor area.,https://en.wikipedia.org/wiki/Amamoma | https://www.graphic.com.gh/news/education/ghana-news-ucc-vc-worried-over-safety-of-students-in-private-hostels.html,
kumasi,Nhyiaeso,KEEP,"trip.com lists a string of hotels and guesthouses in Nhyiaeso (Kings Villagio, Royal Park Hotel, Noble House, Royal Lamerta).",https://uk.trip.com/hotels/nhyiaeso-hotels-list-293545,
corfu,Kanoni,KEEP,"Kanoni peninsula has Mon Repos Palace/beach and big hotels (Corfu Holiday Palace with 6 restaurants, Ariti Grand); a famous tourist spot, so no basis to remove.",https://uk.hotels.com/tgp/lodging/859363549393190912/mon-repos-beach,
corfu,Kontokali,KEEP,"Kontokali Bay Resort & Spa (5-star) with beach access confirmed on Expedia; resort village, kept on thin evidence.",https://expedia.com.au/Benitses.dx6051726,
corfu,Benitses,SKIP,"Expedia shows hotels in Benitses (Bella Vista Beach, Benitses Arches), about 11 km south of Corfu Town and a separate resort town; the five listed hoods already fill the cap, no evidence they are weaker.",https://expedia.com.au/Benitses.dx6051726,"[39.545, 19.915]"
heraklion,Nea Alikarnassos,KEEP,"avygeo where-to-stay page: visitors love Nea Alikarnassos for its restaurants and bars, so first-pass removal is contradicted.",https://www.avygeo.com/en/guide/europe/graekenland/913-heraklion/where-to-stay,
heraklion,Mastampas,KEEP,"Searches showed only apartments around Mastambas about 2 km from the centre; no evidence strong enough to remove (54 food, 6 hotels). Thin.",https://www.booking.com/landmark/gr/heraklio-port.hi.html,
mykonos,Ano Mera,KEEP,"greeka: second largest village, a few hotels, tavernas on the main square and the Panagia Tourliani monastery; minimal but qualifies, fills the 5th slot.",https://greeka.com/cyclades/mykonos/villages/ano-mera,
mytilene,Varia (Vareia),KEEP,Expedia shows beach hotels Heliotrope and Loriet in Varia; Varia has the Teriade and Theophilos museums area. Not enough to remove.,https://expedia.com.sg/Varia.dx6322122,
mytilene,Sourada / Akrotiri,KEEP,greeka/Wikivoyage: Sourada is a neighbourhood of old mansions on the airport road and Akrotiri holds the Theophilos museum; not enough evidence to remove. Thin.,https://www.greeka.com/eastern-aegean/lesvos/villages/,
rhodes,Faliraki,ADD,"Wikipedia: major resort 14 km south of Rhodes town with a 5 km beach, Greece's largest water park, taverns, bars and restaurants; Expedia lists many 4-5 star hotels.",https://en.wikipedia.org/wiki/Faliraki | https://www.expedia.co.uk/Faliraki.dx6052014,"[36.34, 28.205]"
thessaloniki,Kalamaria,KEEP,Search sources: Kalamaria has a seafront promenade with cafes and restaurants and hotels; Overture 78 food. Kept.,https://nikana.gr/en/tourist-guide/thessaloniki/general-information,
thessaloniki,Panorama,REMOVE,"Wikipedia: Panorama is an affluent, quiet residential suburb and a separate municipal unit (Pylaia-Chortiatis), about 9 km from the centre.","https://en.wikipedia.org/wiki/Panorama,_Thessaloniki | https://expatlife.ai/greece/cities/thessaloniki/neighborhoods/panorama",
thessaloniki,Toumba,KEEP,"Wikivoyage mentions Toumba mainly for the PAOK stadium; Overture 142 food and youthful vibe per search, no evidence to remove. Thin.",https://en.wikivoyage.org/wiki/Thessaloniki,
nuuk,Nuussuaq,REMOVE,"TripBase/Expedia: Nuussuaq is the main residential district (apartment blocks, hospital, university) with few sights; Wikivoyage lists only hiking there.",https://www.tripbase.com/destinations/nuuk-greenland/neighborhoods/nuussuaq/ | https://en.wikivoyage.org/wiki/Nuuk,
nuuk,Qinngorput,REMOVE,Nuuk guides describe the housing districts behind the centre; Qinngorput is a new housing suburb with 0 hotels and 1 food in Overture and no visitor listings in Wikivoyage.,https://www.tripbase.com/destinations/nuuk-greenland/neighborhoods/ | https://en.wikivoyage.org/wiki/Nuuk,
le-gosier,Montauban,KEEP,"118000/hotels.com show hotel-restaurants in Montauban (Auberge de la Vieille Tour, La Maison Creole); no evidence to remove. Thin.",https://www.118000.fr/v_le-gosier_971/c_hotel-hotel-restaurant,
le-gosier,Petit-Havre,KEEP,"hotels.com lists hotels around Petit-Havre (La Toubana, Le Rotabas at 1.8-2.7 km); no evidence to remove. Thin.",https://in.hotels.com/de12459510/book-near-petit-havre-saint-felix-guadeloupe-hotel-rooms,
flores,San Benito,REMOVE,Frommers/Travelocity: San Benito lodgings are budget places by the bus terminal and travelers are advised to stick to Santa Elena and Flores proper.,https://www.frommers.com/destinations/flores-and-santa-elena/hotels/ | https://www.travelocity.com/San-Benito-Guest-Houses.d6314760-aaGuestHouses.Travel-Guide-Accommodation,
guatemala-city,Zona 13,REMOVE,"Expedia/Makemytrip/Bookaway: Zona 13 is the La Aurora airport zone, hotels there are airport-convenience stays; four stronger zones remain.",https://www.expedia.com/Zona-13-Guatemala-City-Hotels-Hotels-With-Restaurants.0-n553248633981714371-0-tHotelswithRestaurants.Travel-Guide-Filter-Hotels | https://www.bookaway.com/routes/guatemala/guatemala-city/guatemala-city-any-hotel-in-zones-9-10-and-13,
conakry,Taouyah,KEEP,"Riviera Taouyah Hotel (fitness, restaurant, bar) and Radisson Blu 3 km from Taouya market confirmed; kept on thin evidence.",https://www.booking.com/city/gn/conakry.en-gb.html,
conakry,Dixinn,KEEP,"Expedia has a Dixinn hotel page; Millenium Suites is in Landreah, Dixinn commune; no evidence to remove. Thin.",https://www.expedia.com/Dixinn-Hotels.d553248635975854292.Travel-Guide-Hotels,
bissau,Cuntum / Avenida dos Combatentes,KEEP,"Hala Hotel & Aqua Park and Hotel Lisboa are on Avenida dos Combatentes (Trip.com); Overture undercounts, no evidence to remove. Thin.",https://uk.trip.com/hotels/bissau-hotels-list-5532,
georgetown,Bel Air Park,KEEP,"expatlife: quiet residential area of diplomats near the Botanical Gardens; Overture 10 hotels, 17 food. Not enough to remove. Thin.",https://expatlife.ai/guyana/cities/georgetown/neighborhoods/bel-air-park,
georgetown,Le Ressouvenir,REMOVE,"Wikivoyage places Ressouvenir ""10 minutes out of town on the East Coast road"" with a single hotel (Grand Coastal Suites); 5 km east of the centre.",https://en.wikivoyage.org/wiki/Georgetown_(Guyana),
cap-haitien,Vertières / Haut-du-Cap,REMOVE,"Search: Vertieres/Haut-du-Cap is the second communal section with the Heroes Monument of Vertieres, a single memorial park; Expedia hotel lists show no lodging there.",https://www.realjourneytravels.com/places/heroes-monument-of-vertieres/ | https://haiti.fandom.com/wiki/Haut-du-Cap,
cap-haitien,Cormier Beach,REMOVE,"Wikivoyage: Cormier Plage is a single beach resort about 8 km north of the centre on the Route de Labadie; one resort, outside the city.",https://en.wikivoyage.org/wiki/Cap-Haïtien,
port-au-prince,Juvénat,KEEP,Wikivoyage lists Juvenat as the area around Karibe Hotel; kept.,https://en.wikivoyage.org/wiki/Port-au-Prince,
port-au-prince,Delmas,REMOVE,Wikivoyage: Delmas is a residential neighbourhood farther from the downtown action; only a guesthouse listed.,https://en.wikivoyage.org/wiki/Port-au-Prince,
port-au-prince,Tabarre,REMOVE,Wikivoyage: Tabarre is the airport suburb and bus hub 9 km from the centre; hotels (Tabarre Palace) are airport-service stays per Trip.com.,https://en.wikivoyage.org/wiki/Port-au-Prince | https://ph.trip.com/hotels/port-au-prince-hotel-detail-10057694/hotel-tabarre-s-palace,
port-au-prince,Turgeau (Bois-Verna),ADD,"Haiti Support Group: Turgeau is dotted with business hotels (Marriott Port-au-Prince), Hotel Oloffson is nearby; Photon/OSM puts Turgeau at 18.5338,-72.3300 and the Marriott at 18.5328,-72.3239.",https://haitisupportgroup.org/where-to-stay/ | https://photon.komoot.io/api/?q=Turgeau%20Port-au-Prince&limit=3,"[18.5338, -72.33]"
la-ceiba,Colonia El Sauce / Zona Mall,KEEP,"Search shows Hotel La Quinta near Parquecito del Sauce, 1.2 km from Megaplaza Mall; thin, no evidence to remove.",https://ph.trip.com/hotels/la-ceiba-parquecito-del-sauce/hotels-c7297m38190345,
san-pedro-sula,Colonia Moderna,KEEP,Expedia: Copantl Hotel & Convention Center is in Colonia Moderna (9.4); it is 0.5 km from the Zona Viva point but a separate colonia. Kept.,https://www.expedia.com/cn/Sector-1-Nor-Oeste.dx553248635976395242,
san-pedro-sula,Jardines del Valle,KEEP,"Expedia: Hotel Galerias is in Jardines del Valle, a high-value northwest area; not enough evidence to remove. Thin.",https://www.expedia.com/cn/Sector-1-Nor-Oeste.dx553248635976395242,
tegucigalpa,Colonia San Carlos / Los Próceres,REMOVE,"Despegar/Fodors: hotels near Los Proceres (Hyatt Place 158 m, Palmira Hostel 627 m) sit in the Boulevard Moran / Palmira zone; point is 0.34 km from the Boulevard Morazan point, same area.",https://www.despegar.com.ar/hoteles/hl/7318/p424746/i1/hoteles-cerca-de-los+proceres-en-tegucigalpa | https://cdn.fodors.com/world/mexico-and-central-america/honduras/tegucigalpa/hotels,
budapest,Ujlipotvaros (District XIII),KEEP,"Expedia Ujlipotvaros guide lists Adina Apartment Hotel, Fashion City Hotel and Corinthian-area 4-5 star hotels plus dining and Danube views; thin evidence to remove.",https://www.expedia.com.au/Budapest-Ujlipotvaros.dx6058903,
pecs,Zsolnay Negyed,KEEP,"Expedia/Trip pages show hotels near the Zsolnay Cultural Quarter (Corso, Adele Boutique, Arkadia; 88 hotels close by).",https://www.expedia.com/Pecs.dx5303.Where-To-Stay,
pecs,Tettye,KEEP,"Where-to-stay search describes Tettye as a hillside leisure area with Tettye Park and hotels; evidence thin, no reason to remove.",https://www.expedia.com/Pecs.dx5303.Where-To-Stay,
pecs,Uránváros,REMOVE,"Where-to-stay pages for Pecs (Expedia, itimaker) centre on Belvaros, Zsolnay Quarter and Tettye; no visitor guide lists Uranvaros, and Overture shows 1 lodging within 800 m.",https://www.itimaker.com/blog/where-to-stay-p%C3%A9cs | https://www.expedia.com/Pecs.dx5303.Where-To-Stay,
pecs,Kertváros,REMOVE,"Same where-to-stay searches never mention Kertvaros as a visitor area; 1 lodging, 3 sights within 800 m; residential outskirts.",https://www.itimaker.com/blog/where-to-stay-p%C3%A9cs,
reykjavik,Laugardalur,KEEP,"Hotels.com/Expedia list Laugardalur with Hotel Reykjavik Grand, Fosshotel, Storm Hotel plus Laugardalslaug pool, Family Park and Zoo, Botanical Garden and restaurants; removal evidence not found.",https://www.expedia.com/Reykjavik-Laugardalur.dx6208149,
ahmedabad,SG Highway,KEEP,"Search shows SG Highway lined with 4-5 star hotels (Hyatt, Novotel, Vivanta) and a main dining/mall road; thin evidence to remove.",https://deshgujarat.com/2007/02/07/ahmedabad-has-gujarat-%e2%80%99s-most-happening-roadsg-highwayvideo/ | https://au.trip.com/hotels/landmark/in/sg-highway.html,
ahmedabad,Maninagar,KEEP,"Cleartrip lists hotels in Maninagar and Swaminarayan temple sits there; no source found proving it is not visited, so kept (thin). If cap forces a cut, Maninagar is the weakest.",https://www.cleartrip.com/hotels/hotels-in-maninagar-ahmedabad,
aurangabad,Cantonment,KEEP,"Search shows hotels around Mill Corner/railway station/Jalna Road (Hotel Alankar at Mill Corner, Ambassador Ajanta, Lemon Tree, Hotel AGC, Windsor Castle) in the Cantonment locality; the listed point reads zero so it is misplaced; real area near Mill Corner/railway station.",https://www.cleartrip.com/hotels/hotels-in-railway-station-aurangabad | https://12go.asia/en/india/aurangabad/stay,"[19.869, 75.32]"
aurangabad,Station Road (Osmanpura),SKIP,"Station Road hotels (Regal Plaza, Fabhotel Shagun) are the same railway-station/Mill Corner area as the corrected Cantonment point, ~0.6 km away; covered.",https://www.cleartrip.com/hotels/hotels-in-railway-station-aurangabad,"[19.865, 75.315]"
bengaluru,Whitefield,REMOVE,"Where-to-stay guide recommends Whitefield for business travellers (ITPL tech hub, malls); 16 hotels vs 93-98 in MG Road/Koramangala, not where leisure visitors choose.",https://bengaluruprayana.com/best-area-to-stay-in-bangalore/ | https://360nations.com/asia/india/cities/bangalore/where-to-stay.html,
bengaluru,Jayanagar / Basavanagudi,KEEP,"Guide recommends Jayanagar as a restaurant-rich, family-friendly base near Lalbagh; Cleartrip lists hotels there.",https://www.cleartrip.com/hotels/hotels-in-jayanagar-bangalore,
chennai,Triplicane / Marina,KEEP,"Expedia/Goindigo list hotels in Triplicane (Universal Residency, Woodlands Inn); Marina Beach and Mount Road close by.",https://www.expedia.com/Triplicane.d553248635974586912.Destination-Travel-Guides,
chennai,Adyar / ECR,KEEP,"No source found to remove; Adyar has serviced apartments and is gateway to ECR beaches. Evidence thin. Egmore (station, museum, many hotels per Trip.com) is a rival, see notes.",https://uk.trip.com/hotels/landmark/in/egmore-train-station.html,
cochin,Willingdon Island,KEEP,"Expedia lists Taj Malabar (5 restaurants) and The Fern Kochi (2 restaurants) on Willingdon Island; kept, thin dining.",https://www.expedia.com/es/Willingdon-Island.dx6053341,
delhi,Saket,REMOVE,"Migrationology where-to-stay guide treats Saket as a quiet southern-suburb alternative, while Paharganj/Main Bazaar is Delhi's backpacker hub by New Delhi station; Paharganj is the more tourist-visited area (cap of 5).",https://migrationology.com/where-to-stay-in-delhi | https://awaywiththesteiners.com/main-bazar-and-paharganj-new-delhi/,
delhi,Paharganj,ADD,"Migrationology and Away With The Steiners describe Paharganj/Main Bazaar as Delhi's backpacker enclave steps from New Delhi station, with hostels (Zostel), guesthouses, rooftop restaurants and street sights; not already covered by a listed hood (Connaught Place is ~2 km).",https://migrationology.com/where-to-stay-in-delhi | https://awaywiththesteiners.com/main-bazar-and-paharganj-new-delhi/,"[28.6435, 77.2131]"
hyderabad,HITEC City / Gachibowli,KEEP,Expedia lists HITEC City among Hyderabad's popular stay areas with large food courts and shopping; 95 hotels; kept (thin).,https://www.expedia.at/en/Hyderabad.dx6053329,
madurai,K.K. Nagar,KEEP,Hotels.com lists KK Nagar hotels and service apartments with frequent buses to Meenakshi temple; thin evidence to remove.,https://ae.hotels.com/nh12531349/hotels-in-kk-nagar-madurai-india,
madurai,Goripalayam,KEEP,"Hotels near Goripalayam (Courtyard by Marriott, JC Residency) listed on Hotels.com; Periyar bus stand area has hotels.",https://hotels.com/de10689490/hotels-near-goripalayam-dargah-madurai-india,
mumbai,Lower Parel / Worli,KEEP,"Travel guides describe Lower Parel as the former mill district turned nightlife/dining hub (Phoenix Mills, rooftop bars, hostels); Four Seasons and St Regis there.",https://www.tripbase.com/destinations/mumbai-india/neighborhoods/ | https://localsinsider.com/tag/mumbai/,
thiruvananthapuram,Kovalam,KEEP,"Expedia describes the Kovalam beaches with resorts (Leela Kovalam) and nightlife, 30 minutes from the city; no sibling guide exists in the slug list so it stays as the city's resort area.",https://www.tripbase.com/destinations/thiruvananthapuram-india/neighborhoods/,
thiruvananthapuram,Technopark (Kazhakkoottam),REMOVE,"Expedia/Tripbase describe Technopark as an IT campus area with business hotels (Hyatt Regency, O by Tamara); visitor stays centre on East Fort, Palayam and Kovalam; Overture shows 4 sights.",https://www.expedia.com/Trivandrum-Technopark.dx6169715 | https://www.tripbase.com/destinations/thiruvananthapuram-india/neighborhoods/,
tirupati,Renigunta Road,KEEP,"Cleartrip/Expedia list multiple 4-5 star hotels on Renigunta Road (Marasa Sarovar, Holiday Inn, Fortune Select, Lemon Tree); thin dining, but pilgrims stay here.",https://www.cleartrip.com/hotels/hotels-in-renigunta-road-tirupati,
tirupati,Alipiri,REMOVE,Only a budget hotel (Treebo Usha Vasivi) surfaced on Alipiri Road in Cleartrip/Expedia searches; Alipiri is the foot-of-hill trailhead with 7 hotels and no dining.,https://www.cleartrip.com/hotels/hotels-in-renigunta-road-tirupati,
tirupati,Tiruchanoor Road,KEEP,"Taj Tirupati, Fortune Select Grand Ridge and Lemon Tree Premier are on Tiruchanoor roads; Padmavathi temple.",https://www.cleartrip.com/hotels/hotels-in-renigunta-road-tirupati,
udaipur,Hanuman Ghat,REMOVE,"Hanuman Ghat point is about 270 m from Lal Ghat; Expedia's Lal Ghat page treats the lakeside ghats as one stay cluster, so it is the same walking area under another name.",https://www.expedia.com/Udaipur-Lal-Ghat.dx886197519013605376,
udaipur,Gangaur Ghat / Jagdish Chowk,REMOVE,Gangaur Ghat point is about 95 m from Lal Ghat; Expedia's Lal Ghat page lists Gangaur Ghat as an attraction of the same area (duplicate).,https://www.expedia.com/Udaipur-Lal-Ghat.dx886197519013605376,
udaipur,Fateh Sagar Lake,KEEP,Expedia describes Fateh Sagar as a family-friendly lakeside with restaurants; Radisson Blu and Lalit Laxmi Vilas hotels listed.,https://www.expedia.com/Udaipur-Lal-Ghat.dx886197519013605376,
varanasi,Cantonment (Cantt),KEEP,"Fodors/360nations: the good international hotels (Taj Nadesar, Radisson) are in Cantonment, though far from the ghats; Overture undercounts India; thin evidence to remove.",https://www.fodors.com/community/asia/hotel-in-varanasi-584857/ | https://360nations.com/asia/india/cities/varanasi/where-to-stay.html,
varanasi,Sarnath,REMOVE,"Where-to-stay sources describe Sarnath as a Buddhist site quite far from the city centre with its own Expedia destination page; it is an excursion (day trip), not a neighborhood.",https://360nations.com/asia/india/cities/varanasi/where-to-stay.html | https://www.expedia.com/Sarnath.dx6172508,
banda-aceh,Ulee Lheue,KEEP,Hotels.com/Trip.com list hotels near Ulee Lheue beach and Fhandika Boutique with cafe; tsunami museum area.,https://nz.trip.com/hotels/banda-aceh-ulee-lheue-beach/hotels-c4888m24766368,
banda-aceh,Ulee Kareng,KEEP,No source found to remove; Hermes Palace and Hadrah hotels listed; coffee district is a draw. Evidence thin.,https://ph.trip.com/hotels/banda-aceh-escape-building-ulee-lheue/hotels-c4888m12593284,
bandung,Cihampelas,KEEP,"Hotels.com lists Novotel, Truntum Cihampelas, Sensa Hotel on Jalan Cihampelas (jeans/outlet street); the hood point is ~14 km west of the street, real area about -6.8955,107.6046.",https://lookup.hotels.com/de1745429/hotels-near-jalan-cihampelas-bandung-indonesia,"[-6.8955, 107.6046]"
bandung,Setiabudi / Lembang side,REMOVE,"Point sits on the Lembang road (6 km north of the centre) with 8 food places; hotel search for the area shows only chain hotels (Grand Serela Setiabudhi, Harris Ciumbuleuit); Jl. Riau offers a denser outlet/cafe/hotel cluster (Moxy, Hilton, La Grande, Anggrek).",https://www.kayak.com/Bandung-Hotels_Riau-Street-Factory-Outlets.L114106.18593.hotel.ksp | https://lookup.hotels.com/de1745429/hotels-near-jalan-cihampelas-bandung-indonesia,
bandung,Jalan Riau (Bandung Wetan),ADD,"Kayak/Expedia show Riau Street Factory Outlets with many eateries and hotels around it (Moxy, Anggrek, M Premiere, Hilton 1.1 mi); ~1.7 km from Braga and ~2.5 km from Dago so distinct.",https://www.kayak.com/Bandung-Hotels_Riau-Street-Factory-Outlets.L114106.18593.hotel.ksp | https://www.expedia.com/Riau-Street-Factory-Outlets-Dago.d6223473.Vacation-Attraction,"[-6.9055, 107.6145]"
banyuwangi,Ketapang,KEEP,"Ferry port to Bali with Ketapang Indah Hotel and Votel Manyar nearby (Hotels.com); transit stay area, thin.",https://ae.hotels.com/de645381555536846848/hotels-near-ketapang-ferry-port-kalipuro-indonesia,
banyuwangi,Kalipuro & Watudodol,REMOVE,"Ketapang port itself lies in Kalipuro district (Hotels.com page for the port is titled Kalipuro), ~5 km from the Ketapang hood, so this is the same port area under another name; 1 hotel, 2 food in Overture.",https://ae.hotels.com/de645381555536846848/hotels-near-ketapang-ferry-port-kalipuro-indonesia,
denpasar,Renon,KEEP,Expedia has a Renon neighbourhood guide with budget hotels and Bajra Sandhi monument; 67 food places.,https://www.expedia.com/Denpasar-Renon.dx3000664126,
denpasar,Sesetan,REMOVE,"Expedia's Denpasar neighbourhood list (Sanur, Renon, Teuku Umar, Imam Bonjol, Mahendradatta) does not include Sesetan; 17 hotels, residential suburb.",https://www.expedia.com.hk/en/Denpasar.dx1054,
denpasar,Kesiman,REMOVE,"Not among Expedia's Denpasar visitor neighbourhoods; 9 hotels, 9 food, residential outskirts.",https://www.expedia.com.hk/en/Denpasar.dx1054,
denpasar,Panjer,REMOVE,"Panjer point is 1.2 km from Renon (-8.6849,115.2379) and is a residential area within the same south-Denpasar belt; not in Expedia's visitor neighbourhood list.",https://www.expedia.com.hk/en/Denpasar.dx1054,
jakarta,Kemang,KEEP,Guides list Kemang as a fashionable expat dining/nightlife area with hotels.,https://misstourist.com/where-to-stay-in-jakarta-indonesia/,
jakarta,SCBD / Sudirman,KEEP,"Time Out and other guides list SCBD/Sudirman for luxury hotels, malls and nightlife.",https://www.timeout.com/jakarta/things-to-do/best-places-to-stay-jakarta,
labuan-bajo,Batu Cermin,REMOVE,"Expedia shows Batu Cermin as a single cave attraction; hotels 'near' it are the Waecicu beach resorts (Ayana, Katamaran), which are already the Waecicu hood.",https://www.expedia.ch/en/Batu-Cermin-Cave-Labuan-Bajo.d6319076.Attraction,
labuan-bajo,Bukit Binongko (Hilltop),KEEP,"No source found to remove; hilltop hotels (Loccal, Blue Parrot) exist, 0.7 km from Waecicu so overlap possible; evidence thin.",https://hotels.com/de1642061-at12/hostels-hotels-labuan-bajo-indonesia,
magelang,Muntilan,KEEP,"Search showed Muntilan has hotels (Front One Budget) and is promoted for culinary tourism; no source found to justify removal, evidence thin.",https://uk.hotels.com/tgp/lodging/theme/budget/553248634096023609/muntilan,
magelang,Mendut,KEEP,"Mendut Temple is 11.6 km from Magelang centre and TripAdvisor has a Mendut-area hotel map; Amata Borobudur Resort (Mungkid) sits here; about 3 km from the Borobudur point, so not a duplicate. Evidence thin.",https://www.tripadvisor.co.nz/LocalMaps-g3373423-Mendut-Area.html | https://www.goindigo.in/hotels/hotels-in-magelang-indonesia,
makassar,Tanjung Bunga,KEEP,"Hotel listings show hotels on Jl. Metro Tanjung Bunga, restaurants within 6-10 min walk and Trans Studio Makassar 3 min by car; Overture 0 is an undercount.",https://www.travelocity.com/Makassar-Hotels-Hotel-Tanjung.h46988031.Hotel-Information,
manado,Bunaken,REMOVE,"Sources say Bunaken is an island 8 km from Manado, 30 min by boat, a marine park with dive resorts: an excursion/island stay outside the city, i.e. a day trip. Flag for Jeff (visitors do stay there).",https://www.tripbase.com/destinations/manado-indonesia/neighborhoods/ | https://trip101.com/article/manado-indonesia-dive-resorts,
mataram,Sekarbela,REMOVE,"Where-to-stay guides for Mataram name Ampenan, the city centre and Senggigi for resorts; Sekarbela is not named as a visitor area (7 hotels, 12 food, residential). Dropped to make room for Senggigi under the 5 cap.",https://www.milehacker.com/travel/indonesia/west-nusa-tenggara/mataram/where-to-stay-in-mataram-hotels-neighborhoods-acco/ | https://www.lastminute.com/hotels/id_indonesia/lombok-r524,
mataram,Senggigi,ADD,"Wikipedia puts Senggigi on the beachfront just north of Mataram (15-30 min drive); hotel sites list Sheraton, Senggigi Beach Hotel, Qunci Villas and beach restaurants. Lombok's main beach resort area (a destination tourist area).",https://en.wikipedia.org/wiki/Senggigi | https://www.audleytravel.com/ca/indonesia/places-to-go/lombok/senggigi,"[-8.49972, 116.0475]"
medan,Polonia,REMOVE,"Hotels around Polonia (Hotel Polonia 1.3 km, Grand Swiss-Belhotel 1.7 km) are airport hotels per OrangeSmile; Polonia is the former airport zone, which fails the definition.",https://www.orangesmile.com/booking/en/indonesia/polonia-airport.htm,
medan,Medan Maimun (Istana Maimun & Masjid Raya),ADD,"Hotel lists show Soechi International, Kanasha and RedDoorz steps from Maimun Palace and the Great Mosque, plus Tjong A Fie mansion nearby. Point moved to Maimun Palace per Wikipedia (3.5752, 98.6839); the proposed point was ~3 km off. Replaces Polonia.",https://au.hotels.com/de1681069/accommodation-near-maimun-palace-medan-indonesia | https://en.wikipedia.org/wiki/Maimun_Palace,"[3.5752, 98.6839]"
padang,Air Tawar (Padang Utara),KEEP,"Grand Basko Hotel at Air Tawar is next to Basko Grand Mall and the Air Tawar rail station, 5-9 min from beaches; residential claim not supported; evidence thin.",https://www.skyscanner.com/hotels/indonesia/padang-hotels/grand-basko-hotel-padang/ht-95808889,
surabaya,West Surabaya (Pakuwon),KEEP,"The Westin Surabaya and Four Points by Sheraton sit beside Pakuwon Mall, with its large restaurant selection; a recognised hotel and dining area.",https://www.readytotrip.com/hotels/Indonesia/Java/East%20Java/Surabaya/pakuwon-mall/,
surakarta,Jebres,REMOVE,"Jebres hotels are budget OYO-type and university-oriented (Hotel Bintang Solo steps from UNS; Fivecord on Jl. Kolonel Sutarto), 1.7 km from Pasar Gede which is the stronger heritage hood; dropped for Pasar Gede under the 5 cap.",https://id.trip.com/hotels/jebres-hotels-list-136106 | https://www.readytotrip.com/hotels/Indonesia/Java/Central%20Java/Surakarta/jebres-house-syariah-by-oyo-rooms/,
surakarta,Pasar Gede & Sudiroprajan (Chinatown),ADD,"Wikipedia: Pasar Gede and surroundings are Surakarta's Chinatown (Tien Kok Sie temple south of the market); Hotel Trio, Hotel O and RedDoorz Plus are within a 2-10 min walk, Royal Surakarta Heritage 0.4 mi. Coordinate approximate (market on Jl. Urip Sumoharjo).",https://en.wikipedia.org/wiki/Pasar_Gede_Hardjonagoro | https://visitjawatengah.jatengprov.go.id/en/article/colorful-sudiroprajan-chinatown-surakarta,"[-7.5677, 110.833]"
yogyakarta,Sosrowijayan,KEEP,"Sosrowijayan is described as the backpacker hub with its own guesthouses and street food, 0.23-0.46 km from Malioboro but a distinct named lane.",https://airial.travel/attractions/indonesia/sosrowijayan-jNUMxSx-,
hamadan,Abbas Abad / Ganjnameh,KEEP,"Ganjnameh is listed as an attraction (inscriptions, telecabin) and Abbas Abad hill has hotels (Katibeh); no source found to remove, evidence thin. Ganjnameh itself is ~5 km out.",https://www.kojaro.com/var/139767-best-hotels-hamedan/,
hamadan,Ecbatana (Hegmataneh) Hill,REMOVE,"Hegmataneh (Ecbatana) Hill is listed as a single archaeological attraction with a museum; hotels near it (Baba Taher Hotel, Khatam) are described by their access to it, and the point is 0.73 km from the Baba Taher/Bazaar hood.",https://www.kojaro.com/var/139767-best-hotels-hamedan/,
hamadan,Baba Taher / Bazaar Quarter,KEEP,"Baba Taher Hotel (only 5-star in Hamadan) and Khatam Hotel Apartment are here, with Baba Taher and Avicenna tombs nearby.",https://www.kojaro.com/var/139767-best-hotels-hamedan/,
isfahan,Zayandeh Rud Riverfront,KEEP,"Parsian Kowsar, Aseman and Sheikh Bahaei hotels line the Zayandeh Rud at Si-o-se-pol; a real hotel strip; evidence modest.",https://au.trip.com/hotels/isfahan-bridge-of-33-arches/hotels-c4070m6743111,
kashan,Sultan Amir Ahmad Bath Quarter,KEEP,Sultan Amir Ahmad Bathhouse sits in the historic area with traditional-house hotels; evidence thin.,https://wanderlog.com/list/geoCategory/1772815,
kashan,Fin Garden District,REMOVE,Fin Garden is a single UNESCO garden site; the traditional hotels are in the old city; point is ~7 km from the old city centre.,https://wanderlog.com/list/geoCategory/1772815,
kerman,Azadi Square,KEEP,"No source found to remove; Akhavan Hotel and other hotels are in the central area, Iran undercounted; evidence thin.",https://globerovers.com/kerman-southern-region-iran/,
kerman,Jomhouri Boulevard,KEEP,"No source found to remove; Akhavan Hotel and other hotels are in the central area, Iran undercounted; evidence thin.",https://globerovers.com/kerman-southern-region-iran/,
kerman,Shahid Motahari Street,KEEP,"No source found to remove; Akhavan Hotel and other hotels are in the central area, Iran undercounted; evidence thin.",https://globerovers.com/kerman-southern-region-iran/,
kermanshah,Taq-e Bostan,KEEP,Jamshid Hotel (4-star) is on Taq-e Bostan Boulevard beside the lakes; Dayeh and other restaurants nearby.,https://motazedi.kums.ac.ir/en/hotels-hotels-of-kermanshah,
mashhad,Imam Reza Street,KEEP,"Pilgrim hotel streets (Madinah Al-Reza, Shirazi Ave); evidence thin.",https://surfiran.com/mag/?p=81506,
mashhad,Nawab Safavi & Tabarsi,KEEP,Nawab Safavi St hosts Ghasralziafe and Ziafat AlZahra hotels 6 min from the shrine,https://www.visitouriran.com/en/hotel/مشهد/5000946/فندق-قصر-الضيافة,
qom,Jamkaran,REMOVE,"Jamkaran Mosque is outside Qom, about 7.2 km from the Fatima Masumeh Shrine: a pilgrimage excursion, not a hood.",https://www.visitouriran.com/blog/exploring-qom-spiritual-journey-a-guide-for-pilgrims/,
qom,Pardisan,REMOVE,"Pardisan is a university/residential township (pop ~100,000) in south Qom per Wikipedia; not a visitor area.",https://en.wikipedia.org/wiki/Pardisan_City,
qom,Bazaar / Old Town,REMOVE,"Duplicate of Haram: points are ~0.12 km apart with identical 13/3/3 counts; the bazaar and hotels such as Karimeh are described as being at the shrine. Qom is left with one hood, per no-padding rule; Jeff may prefer to rename Haram to cover the bazaar.",https://www.visitouriran.com/blog/exploring-qom-spiritual-journey-a-guide-for-pilgrims/ | https://theculturetrip.com/asia/iran/articles/the-best-things-to-see-and-do-in-qom-iran,
shiraz,Eram Garden Area,KEEP,"Eram Garden area is listed as a place to stay (Pars Hotel 5-star 0.79 km, Homa Hotel by Azadi Park).",https://nz.trip.com/hotels/shiraz-eram-garden/hotels-c5989m6718030,
shiraz,Hafezieh (Hafez Tomb),KEEP,"Hafez Tomb is a famous visited site; no source found to remove; hotels (Shiraz Arg, Shiraz Hotel) are central; evidence thin.",https://nz.trip.com/hotels/shiraz-eram-garden/hotels-c5989m6718030,
shiraz,Chamran Boulevard (Northwest),KEEP,Chamran Grand Hotel (5-star) on Chamran Blvd; a Chamran district is named as an upscale area to stay.,https://nz.trip.com/hotels/shiraz-eram-garden/hotels-c5989m6718030,
tabriz,Valiasr,KEEP,Valiasr district is described as full of life in the evenings with Shahriar and Kaya Laleh Park hotels.,https://www.milehacker.com/travel/iran/east-azerbaijan/tabriz/where-to-stay-in-tabriz-hotels-neighborhoods-accom/,
yazd,Dowlatabad Garden,REMOVE,Dowlatabad is a single garden site; the nearest hotel in a hotel list (Moshir Al Mamalek) is 2.27 km away; point is 1.4 km from the Bazaar hood.,https://nz.trip.com/hotels/yazd-dowlat-abad-garden/hotels-c4503m7756844,
yazd,Safaiyeh,KEEP,"Safaiyeh is described as a historic district, one of the best areas to stay, with Parsian Safaiyeh 5-star.",https://www.milehacker.com/travel/iran/yazd-province/yazd/where-to-stay-in-yazd-hotels-neighborhoods-accommo/,
baghdad,Karkh (Green Zone),REMOVE,Karkh Green Zone (Karradat Mariam) is the fortified government/embassy district per Wikipedia; Al Rasheed hotel serves envoys.,https://en.wikipedia.org/wiki/Green_Zone,
baghdad,Mansour,KEEP,"Mansour is described as Baghdad's wealthiest district with upscale restaurants, cafes and hotels (Al Mansour, Baz).",https://expatlife.ai/iraq/cities/baghdad/neighborhoods/karrada | https://www.iraq-businessnews.com/hotels-in-baghdad/,
baghdad,Jadriya,KEEP,Jadriya has Babylon Rotana and Coral hotels per the Baghdad hotel directory.,https://www.iraq-businessnews.com/hotels-in-baghdad/,
baghdad,Rusafa (Old Baghdad),KEEP,"Rusafa has hotels (Dijlat Al Khair, Kasr al Barakat, Al Sadeer Palace) and Mutanabbi Street.",https://www.iraq-businessnews.com/hotels-in-baghdad/ | https://au.trip.com/hotels/landmark/iq/al-mutanabbi-statue.html,
baghdad,Kadhimiya,ADD,"Wikipedia gives the Kadhimiya shrine at 33.3806, 44.3472; ArrivalGuides lists Kadhimiya as a historic district with traditional markets, and a hotel directory lists Burj al Jawad Hotel there. Not covered by another listed hood (Mansour is ~4 km away). Replaces the Green Zone.",https://en.wikipedia.org/wiki/Kadhimiya | https://www.arrivalguides.com/en/Travelguide/BAGHDAD/shopping/kadhimiya-135247 | https://www.iraq-businessnews.com/hotels-in-baghdad/,"[33.38056, 44.34722]"
erbil,Gulan Street,KEEP,"Gulan area has Ramada, Radisson and Divan hotels near Sami Abdul Rahman Park.",https://www.milehacker.com/travel/iraq/erbil/erbil/where-to-stay-in-erbil-hotels-neighborhoods-accomm/,
karbala,Bab Baghdad,KEEP,Karbala Rayhaan Hotel is on Bab Baghdad Street a short walk from the Imam Hussain Shrine.,https://getaways.travel.win/Hotels/Karbala_Rayhaan_Hotel_%26_Suites_Karbala,
karbala,Al-Hurr,REMOVE,"The Al-Hurr shrine is about 5-7 km west outside Karbala: a single shrine site, not a hood.",https://imamhussain.org/english/23929 | https://en.wikishia.net/view/Rawda_of_Hurr,
najaf,Al Kufa,REMOVE,MileHacker lists Kufa as a day trip from Najaf; separate town about 5 km away reached by 5-10 minute taxi.,https://www.milehacker.com/travel/iraq/an-najaf/najaf/day-trips-from-najaf-excursions-nearby-cities-tour/ | https://distancebetween2.com/kufa/najaf,
cork,Douglas,REMOVE,Expedia describes Douglas as a residential and shopping suburb about two miles from Cork centre; visitors stay in the city centre.,https://www.expedia.com/Douglas-Hotels.d601769.Travel-Guide-Hotels,
dublin,Ballsbridge,REMOVE,"Where-to-stay guides describe Ballsbridge as an affluent embassy and residential zone (Aviva, RDS) with small converted-house hotels; O'Connell St and St Stephen's Green are far more tourist-visited.",https://misstourist.com/where-to-stay-in-dublin-ireland-best-hotels/ | https://www.mustseespots.com/ireland/articles/where-to-stay-in-dublin-best-neighborhoods-and-accommodation-guide/,
dublin,Rathmines,REMOVE,"Guides describe Rathmines as residential, mostly locals, about 2 km south of the centre, a short bus ride from the sights.",https://www.mustseespots.com/ireland/articles/where-to-stay-in-dublin-best-neighborhoods-and-accommodation-guide/ | https://misstourist.com/where-to-stay-in-dublin-ireland-best-hotels/,
dublin,O'Connell Street,ADD,"Where-to-stay guides list O'Connell Street as one of Dublin's most sought-after areas, with The Gresham and Wynn's Hotel plus GPO and Spire; inside the city and not covered by a listed hood (Temple Bar 0.8 km south).",https://misstourist.com/where-to-stay-in-dublin-ireland-best-hotels/ | https://theirishroadtrip.com/where-to-stay-in-dublin-ireland/,"[53.3498, -6.2603]"
dublin,St Stephen's Green / Grafton Street,ADD,"Where-to-stay guides: central, high-end shopping, parkland, National Museum and Gallery, excellent dining, many hotels; inside the city and not covered by a listed hood.",https://misstourist.com/where-to-stay-in-dublin-ireland-best-hotels/ | https://www.mustseespots.com/ireland/articles/where-to-stay-in-dublin-best-neighborhoods-and-accommodation-guide/,"[53.3382, -6.2591]"
haifa,Bat Galim,KEEP,"Expedia and Hotels.com list Bat Galim with beachside restaurants and cafes, Domus Bat Galim Hotel, Bat Galim and Quiet Beach, and the promenade. Evidence modest, no grounds to remove.",https://www.expedia.com/es/Haifa-Bat-Galim.dx553248635964997972,
bari,Poggiofranco,REMOVE,"Where-to-stay guides for Bari cover Bari Vecchia, Murat, Madonnella and Libertà; Poggiofranco does not feature as a visitor area (residential southern district, about 3 km out). Evidence thin: absence from guides.",https://taraohreilly.com/best-place-to-stay-in-bari-complete-neighbourhood-guide/ | https://www.wearecravingadventure.com/blog/where-to-stay-in-bari-italy/,
bologna,San Donato,KEEP,"Trip.com and Expedia list a San Donato hotel zone (Hotel San Donato with rooftop bar, 5 min walk from Piazza Maggiore, university district with restaurants and bars). Evidence thin; hood point is the outer San Donato, flagged in notes.",https://nz.trip.com/hotels/bologna-hotels-list-1240/zone2284,
cagliari,Poetto,KEEP,"Strictly Sardinia: Poetto is the city's main beach with Hotel Nautilus, Nautilus Excelsior and La Villa del Mare on the seafront plus promenade restaurants.",https://strictlysardinia.com/best-cagliari-hotels-on-the-beach/,
capri,Marina Piccola,KEEP,"Marina Piccola is a bathing beach with beach-club restaurants (La Canzone del Mare, Da Gioia, Torre Saracena) and hotels listed on Trip.com/Expedia; major visitor spot. Evidence modest.",https://sandee.com/italy/campania/capri/marina-piccola | https://uk.trip.com/hotels/capri-marina-piccola/hotels-c3643m19685839,
catania,Antico Corso,KEEP,"Via Etnea guides: shopping and nightlife street with many bars and restaurants, hotels EUR70-180.",https://lorenzigo.com/where-to-stay-in-catania/,
catania,San Berillo,KEEP,"Guides list San Berillo as a central accommodation neighborhood near the market. Its hood point is only about 130 m from the Centro Storico point, so the point looks misplaced; no verified replacement coordinate found, so flagged for Jeff rather than removed.",https://www.expedia.de/en/Catania-San-Berillo.dx945950192522612736 | https://wonderfulitaly.eu/en/magazine/natura-e-territorio/the-best-areas-to-stay-in-catania-5670,
catania,Playa / Lungomare,REMOVE,"Guides describe the Lungomare/Playa coastal zone as a tranquil, relaxed, quiet area with no listed tourist draw; Overture shows 9 hotels and 4 food places within 800 m.",https://lorenzigo.com/where-to-stay-in-catania/ | https://wonderfulitaly.eu/en/magazine/natura-e-territorio/the-best-areas-to-stay-in-catania-5670,
cortina-d-ampezzo,Pocol,KEEP,"Hotel Piccolo Pocol (3 km from centre, spa) and Villa Argentina are in Pocol, which has its own hotel district page; ski-lift hamlet. Evidence modest, no grounds to remove.",https://www.hotelsone.com/district/it/pocol.html | https://www.trabber.us/es/hoteles/italia-it/cortina-d-ampezzo-3177952/hotel-piccolo-pocol-15101441/,
cortina-d-ampezzo,Zuel / Peziè,KEEP,"Zuel has Faloria Mountain Spa Resort and Rosapetra Spa Resort, both with restaurant and ski access, plus Dolomiti Lodge Alvera nearby.",https://www.hotelsone.com/district/it/zuel.html | https://www.expedia.it/en/Zuel.dx553248635975850988,
matera,Civita,KEEP,"Where-to-stay guides treat Civita as its own district (cathedral, museums, galleries, restaurants, Piazza Vittorio Veneto aperitivo scene) between the two Sassi.",https://xixerone.com/en/where-to-stay-in-matera-italy | https://www.tripbase.com/destinations/matera-italy/neighborhoods/,
perugia,Elce,REMOVE,"Tripbase/ItiMaker describe Elce as a semi-central residential university and hospital district; searches found only apartment rentals, no hotels or sights of note.",https://www.itimaker.com/blog/where-to-stay-perugia-first-timers | https://www.tripbase.com/destinations/perugia-italy/neighborhoods/monteluce/,
perugia,Monteluce,KEEP,"Tripbase: Monteluce suits budget travelers, with student bars, cheap restaurants and panoramic views. Evidence modest.",https://www.tripbase.com/destinations/perugia-italy/neighborhoods/monteluce/,
perugia,Fontivegge,REMOVE,"Tripbase describes Fontivegge as the functional, local modern lower city around the station (Aldo Rossi complex, minimetro); the hotels near the station are spread across the city, not in a visitor quarter.",https://www.tripbase.com/destinations/perugia-italy/neighborhoods/fontivegge/ | https://www.expedia.com/Perugia-Station-Hotels.d6043451.Travel-Guide-Hotels,
positano,Montepertuso,KEEP,"Hotelier's Choice: genuine mountain village 440 m up with authentic restaurants, Hotel Marincanto, Buca di Bacco, views and the rock arch; inside Positano.",https://hotelierschoice.com/it/guide/positano/montepertuso/,
positano,Nocelle,REMOVE,"Tiny hamlet reached by 1,500 steps; searches show only one or two hotels (Conca d'Oro) and viewpoint restaurants; Overture 4 hotels, 3 food. The other four hoods cover Positano's visitor areas.",https://jet2holidays.com/poi/amalfi-coast-and-cilento/nocelle | https://www.tripadvisor.co.uk/LocalMaps-g1996590-Nocelle-Area.html,
salerno,Torrione,REMOVE,"Tripbase describes Torrione as an authentic residential neighborhood with budget B&Bs and trattorias, away from the tourist buzz; visitors base in Centro Storico or Lungomare.",https://www.tripbase.com/destinations/salerno-italy/neighborhoods/,
salerno,Pastena,REMOVE,"Tripbase describes Pastena as an authentic local district away from tourist crowds, with budget lodging, reached by bus in 15 min; not a visitor quarter.",https://www.tripbase.com/destinations/salerno-italy/neighborhoods/,
taormina,Castelmola,KEEP,"Castelmola is a hill village above Taormina with boutique hotels and guesthouses, listed as a stay area in where-to-stay guides.",https://www.voyagetips.com/en/where-to-stay-in-taormina/,
taormina,Giardini Naxos,REMOVE,"Giardini Naxos is a separate resort town (its own comune) a short drive from Taormina, with its own promenade, beaches and hotels; a day trip or nearby base, not a Taormina neighborhood.",https://www.voyagetips.com/en/where-to-stay-in-taormina/,
kingston,Liguanea,KEEP,"Expedia lists a Liguanea hotel zone; area of restaurants and shops east of Half Way Tree. Evidence thin, no grounds to remove.",https://www.expedia.com.my/Liguanea-Kingston-Hotels.0-n6004106-0.Travel-Guide-Filter-Hotels,
kingston,Downtown Kingston,KEEP,"ROK Hotel Kingston (Hilton Tapestry) on the waterfront; museums, galleries and Parade/waterfront sights make it a visitor area despite few hotels.",https://www.travelocity.com/es/Half-Way-Tree-Kingston-Hoteles-Hotel-En-La-Playa.0-n553248635975847411-0-tHotelenlaplaya.Guia-Viajes-Filter-Hoteles,
kingston,Barbican & Cherry Gardens,REMOVE,Barbican listings show only a cinema as an attraction; hood point sits in Cherry Gardens hills north of Barbican with 0 hotels and 0 food places within 800 m; residential.,https://www.travelocity.com/es/Barbican-Kingston-Hoteles-Hotel-En-La-Playa.0-n553248635976400454-0-tHotelenlaplaya.Guia-Viajes-Filter-Hoteles,
montego-bay,Ironshore,KEEP,Hoteliers Choice: Ironshore has top-tier resorts such as Secrets St. James near Rose Hall Great House and Half Moon golf; a resort area chosen by visitors though quiet. Evidence thin.,https://hotelierschoice.com/de/guide/montego-bay/hip-strip/,
aomori,Honmachi,KEEP,Honmachi is about 650 m from Shinmachi with its own restaurant cluster (Overture 224 food). Search found no source separating it; kept as thin evidence.,https://us.lastminute.com/hotels/jp_japan/aomori-d1249163904,
beppu,Kamegawa,KEEP,"Kamegawa is one of Beppu's eight onsen districts (Beppu Hatto), known for natural sand baths, with ryokan listed on reservations.com.",https://japanactivity.com/where-to-stay-in-beppu | https://www.reservations.com/Hotels/kamegawa-japan,
fukuoka,Hakata,KEEP,"Agoda lists Hakata Station area as a main lodging hub (Hotel Nikko, Canal City). The hood point is about 1.6 km east of Hakata Station, so it is misplaced; move to the station.",https://www.agoda.com/travel-guides/japan/fukuoka/hakata-station-accommodations-where-to-stay-in-fukuoka,"[33.5897, 130.4207]"
fukuoka,Ohori,REMOVE,"Ohori is a single park (Ohori Park, lake and Momochi beach nearby); where-to-stay guides rank Hakata, Tenjin and Daimyo for lodging; 5 hotels in 800 m.",https://www.avygeo.com/en/guide/asia/japan/50546-fukuoka/where-to-stay | https://www.agoda.com/travel-guides/japan/fukuoka/hakata-station-accommodations-where-to-stay-in-fukuoka,
himeji,Shikama & the Port,REMOVE,Shikama is a cargo and passenger-ferry port area on the Seto Inland Sea with no listed hotels or sights; Overture shows 0 hotels.,https://www.readytotrip.com/attractions/shikama-ko/,
hirosaki,Mount Iwaki / Apple Orchard Countryside,REMOVE,"Mount Iwaki is a 1,625 m mountain about 15 km and 60 min by car from Hirosaki Station, treated as a day trip.",https://outdoorjapan.com/?p=732 | https://hakkoda-ski.com/areas/hirosaki%e3%83%bbmount-iwaki-area/,
hiroshima,Yokogawa,REMOVE,"Where-to-stay search results name city centre, Peace Park and Hiroshima Station as the best areas; Yokogawa (Nishi ward) appears only as a station with hotel listings and no dining or sight cluster of its own.",https://360nations.com/asia/japan/cities/hiroshima/where-to-stay.html | https://hotels.com/de1747942/hotels-near-hiroshima-yokogawa-station-hiroshima-japan,
kagoshima,Shiroyama,REMOVE,"Kagoshima Yokanavi shows Shiroyama has one hill hotel reached by a free ~20 min shuttle from Kagoshima-Chuo Station, so it is a single site/hotel, not a walkable base; Overture 6 hotels, 19 food.",https://kagoshima-yokanavi.jp/en/accommodation/10198,
kamakura,Kita-Kamakura,KEEP,"LiveJapan where-to-stay lists Kita-Kamakura as a stay area (quiet, artsy, Engaku-ji) with hotels Kita-Kamakura 520, Amakasu Yashiki and Fujikaro; 44 food counted. Evidence for removal is thin.",https://livejapan.com/ms/in-tokyo/in-pref-kanagawa/in-kamakura/article-a0005180/,
kobe,Nada,REMOVE,"Nada search results show the ward as a sake-brewery tour area (about 30 breweries over 24 km, free museums and tasting rooms); visitors come on a tour, not to stay; Overture 2 hotels, 83 food.",https://lastminutejapan.com/areas/japan/hyogo/kobe/nada | https://japan-food.guide/en/activities/15,
kumamoto,Kumamoto Station (Kasuga),KEEP,"Route-Inn Kumamoto Ekimae (3 min walk), The Blossom, One Station Hotel etc. make it a real station stay base; 19 hotels. Dining light but thin evidence to remove.",https://www.japanican.com/attractions/japan/kumamoto/hotels-near-shin-suizenji-train-station,
kumamoto,Suizenji,KEEP,"Search shows Smile Hotel Kumamoto Suizenji, Suizenji Comfort Hotel, Hotel Kumamoto Terrsa near Suizenji Gardens (major sight); list stays at 5 so cap not exceeded. Evidence thin either way.",https://uk.trip.com/hotels/kumamoto-jr-shin-suizenji-station/hotels-c4009r8258111,
kurashiki,Honmachi & Higashimachi,REMOVE,"Honmachi/Higashimachi point is 0.2 km from the Bikan Historical Quarter point and both names refer to the same merchant quarter (Kurashiki Ivy Square, 7-2 Honmachi, is in Bikan).",https://index.japanstation.com/city/kurashiki/ | https://www.japan.travel/de/destinations/chugoku/okayama/kurashiki/,
kurashiki,Kojima (Jeans Street),REMOVE,"Kojima Jeans Street is ~14 km from the centre; search shows its lodging is around Mizushima, a separate district, so it is a day trip.",https://www.expedia.com/Kurashiki-Kojima.dx553248635810425632 | https://www.expedia.com/cn/Kojima-Jeans-Street-Kurashiki.d6344868.Place-To-Visit,
kurashiki,Tamashima,REMOVE,Stay guidance names only the station and Bikan quarter as bases; Tamashima is a separate port district ~11 km west of the Bikan point with 1 hotel counted.,https://www.expedia.fi/en/Kurashiki.dx9314,
kusatsu,Shirane Foothills,REMOVE,"Search shows Mt. Shirane as a volcano sight and the stay centre as Yubatake/Naraya; the foothill point is 1.5 km from Yubatake with 0 lodging, so no separate hood.",https://www.expedia.fi/en/Kusatsu.dx6178528,
kyoto,Arashiyama,KEEP,"Arashiyama is named a stay area (nature, hot springs, Suiran ryokan) in where-to-stay guides. Point 135.6668 is west of the tourist core (Tenryu-ji/Togetsukyo ~135.674-135.678); move.",https://thenavigatio.com/where-to-stay-in-kyoto/ | https://japanesetaste.com/blogs/japanese-taste-blog/where-to-stay-in-kyoto-5-best-areas-hotels,"[35.0135, 135.6755]"
kyoto,Fushimi,REMOVE,"Where-to-stay guides list Downtown, Kyoto Station, Arashiyama and Higashiyama/Gion as stay areas; Fushimi Inari is reached from downtown (a single shrine site, 6 hotels counted). Cap of 5: Fushimi dropped for Kyoto Station area. Options in notes.",https://thenavigatio.com/where-to-stay-in-kyoto/ | https://www.japanhighlights.com/japan/kyoto/where-to-stay,
kyoto,Kyoto Station Area,ADD,"Where-to-stay guides list Kyoto Station area as a main stay base (transit hub, Kyoto Tower, railway museum, aquarium, many hotels); proposed cell had 33 hotels and 235 food. Centre of Kyoto Station, ~1.5 km from the Higashiyama point; not a separate guide city.",https://thenavigatio.com/where-to-stay-in-kyoto/ | https://www.japanhighlights.com/japan/kyoto/where-to-stay,"[34.9858, 135.7588]"
matsuyama,JR Matsuyama Station,KEEP,"Hotel Mystays Matsuyama and Terminal Hotel at JR Matsuyama Station; only 5 hoods listed so cap holds. Thin evidence, though it is close to City Station (~1.1 km).",https://travel.rakuten.com/usa/en-us/hotel_list/cnt_japan/sub_ehime_prefecture/cty_matsuyama_city/sta_9981112/,
nagano,Matsushiro (Historic Samurai Town),REMOVE,"Matsushiro is a compact historic district 12 km south of Nagano Station, visited as a day trip by bus (30-35 min, ~660 yen).",https://www.snowmonkeyresorts.com/smr/nagano-city/how-to-get-to-matsushiro/ | https://japanactivity.com/matsushiro-castle-town,
nagasaki,Inasa (Mount Inasa),REMOVE,Mt Inasa is a ropeway observation site (japan-guide); only Luke Plaza and Inasayama Kanko hotels are near and recommended stays are at the station and city centre.,https://japan-guide.com/e/e4412.html | https://www.trip.com/hotels/nagasaki-inasayama/hotels-c205m6737446/,
nagoya,Marunouchi (Nagoya Castle),REMOVE,Where-to-stay guides rank Nagoya Station and Sakae/Fushimi first; the castle zone is a single site (500 yen entry) with 5 hotels and 28 food counted.,https://thebackpackingfamily.com/best-areas-to-stay-in-nagoya-travel-guide/ | https://www.jonnymelon.com/where-to-stay-in-nagoya-japan/,
naha,Shuri,KEEP,"Shuri is listed as a Naha stay area for historic sites (Shuri Castle) in where-to-stay results; famous tourist district and only 4 hoods listed. Few hotels, thin evidence.",https://sg.trip.com/hotels/city/jp/naha.html,
nara-shi,Takabatake (Quiet Residential),KEEP,"Takabatake holds Nara Hotel and Miroku Nara, 11 hotels, 41 sights; no source found saying visitors avoid it and it is distinct from Nara Park (1.2 km). Evidence to remove is thin.",https://japanactivity.com/where-to-stay-in-nara,
otaru,Temiya,KEEP,"Search shows Grand Park Otaru, RJ Hotels Otaru and Cozy Inn Otaru near Temiya Park, so lodging exists though Overture counts 0 (point may be off). Thin evidence to remove; only 4 hoods after Shukutsu.",https://vn.trip.com/hotels/landmark/jp/temiya-park.html,
otaru,Shukutsu,REMOVE,"Shukutsu/Herring Mansion is 5 km out of the centre near the aquarium (Japan Guide, hotel search listings 5.3-5.4 km from centre); it is a sight, not a base.",https://www.japan-guide.com/e/e6703.html | https://www.readytotrip.com/attractions/nishin-goten/,
sapporo,Maruyama,REMOVE,"Maruyama guide lists a single hotel in the district and its draw is the park; where-to-stay listings centre on Susukino, Odori and the station. Overture 1 hotel, 31 food.",https://hotelierschoice.com/es/guide/sapporo/maruyama/ | https://www.expedia.co.th/en/Sapporo-Maruyama.dx944364431058534400,
takamatsu,Ritsurin Garden area,KEEP,"Dormy Inn Takamatsu Chuokoenmae, Comfort Hotel and hostel are near Ritsurin; it is a major sight and only 3 hoods remain. Thin evidence.",https://www.expedia.com/en/ritsurin-cho.dx553248635976384168,
takamatsu,Yashima,REMOVE,"Yashima is a plateau (temple and open-air museum) 5 km east of the centre; recommended lodging is station and Kawaramachi, with 1 hotel counted at Yashima.",https://www.expedia.com/Yashima-Nakamachi.dx553248635976387518 | https://wanderlog.com/explore/120/takamatsu,
amman,Abdoun,KEEP,"Abdoun is described as upscale with high-end hotels (St. Regis, Fairmont), dining and boutiques, and among the safest areas; Overture undercounts Jordan.",https://tripjive.com/top-neighborhoods-to-stay-in-amman-revealed/ | https://misstourist.com/where-to-stay-in-amman-jordan/,
aqaba,Coral Coast (Dive Strip),KEEP,South-coast dive strip with Bait Alaqaba Resort and Dive Center and resorts on South Beach Road; Jordan undercounted. Thin evidence; 5 hoods only. Note it is 2.4 km from Tala Bay.,https://www.atrapalo.com/hoteles/asia/jordania/aqaba/tala-bay/,
aqaba,Tala Bay,KEEP,"Tala Bay lists Radisson Blu, Movenpick, Grand Tala Bay, Marina Plaza and Tala Bay Residence; it is Aqaba main resort enclave (~15 km), acceptable as a tourist area of this resort destination.",https://www.atrapalo.com/hoteles/asia/jordania/aqaba/tala-bay/ | https://www.travelocity.com/Tala-Bay-Hotels.0-l553248635976380971-0.Travel-Guide-Filter-Hotels,
aqaba,Ayla Oasis,KEEP,"Ayla Oasis has Hyatt Regency Aqaba Ayla and Cloud 7 Residences (9.0 rating); a new waterfront development, thin evidence; 5 hoods only.",https://sg.hotels.com/de819125536513400832/hotel-rooms-near-ayla-oasis-aqaba-jordan,
almaty,Al-Farabi Avenue (Esentai),KEEP,"Al-Farabi/Esentai holds Ritz-Carlton, Esentai Mall and dining and is recommended for upscale and business travellers.",https://postcardsfromtheworld.com/?p=29223,
almaty,Kok-Tobe / Bostandyk,REMOVE,"Kok-Tobe is listed only as a mountain peak and cable-car attraction near Zheltoksan/Republic Square downtown, i.e. a single site; Overture 3 hotels, 0 sights.",https://postcardsfromtheworld.com/?p=29223 | https://jenonajetplane.com/things-to-do-in-almaty-kazakhstan/,
astana,Saryarka District,KEEP,Tripmydream rates Saryarka as partially recommended (Opera and Ballet Theatre); old right-bank centre with Radisson and Ramada; Kazakhstan undercounted.,https://en.tripmydream.com/kazakhstan/astana/hotel,
astana,Almaty District,KEEP,"Tripmydream rates Almaty district as partially recommended (Hazret Sultan Mosque, Palace of Peace and Reconciliation); rail station and hotels; 12 hotels counted.",https://en.tripmydream.com/kazakhstan/astana/hotel,
astana,Baykonyr District,REMOVE,"Tripmydream describes Baikonur district as limited appeal, residential and business with no attractions; 0 hotels counted.",https://en.tripmydream.com/kazakhstan/astana/hotel,
lamu,Kipungani,REMOVE,"Travel guides call Kipungani a remote, unspoiled far-southern spot with a lodge or two (Kipungani Explorer), reached away from Lamu/Shela; no dining cluster, so not a neighbourhood.",https://atrsafari.com/safari-locations/kenya/kenya-coast/lamu-island/ | https://www.frommers.com/destinations/lamu-archipelago/hotels/,
lamu,Manda Island,REMOVE,"Manda Island is a separate island across a channel reached by dhow with a few lodges (The Majlis, Manda Bay Lodge); a boat trip, not a hood.",https://www.frommers.com/destinations/lamu-archipelago/hotels/ | https://www.expedia.it/en/Manda-Island.dx3000449858,
malindi,Casuarina (Little Italy),KEEP,Search results describe Casuarina as the upscale villa/resort area near the marine park; kept.,https://us.lastminute.com/hotels/ke_kenya/malindi-d1264157823,
malindi,Silversands Beach,KEEP,Silversands Beach described as lined with beachfront hotels (lastminute); kept.,https://us.lastminute.com/hotels/ke_kenya/malindi-d1264157823,
malindi,Mambrui,REMOVE,"Search results (Expedia/africanspicesafaris) place Mambrui village 12 km north of Malindi town, a separate Swahili village with a few resorts; outside the city, a day trip.",https://africanspicesafaris.com/tour/malindi-hotels-beach-resorts-accommodation/,
mombasa,Nyali,KEEP,"Expedia lists Nyali beach hotels (Muthu Nyali Beach Hotel & Spa, Nyali Beach Holiday Resort) and the marine park.",https://expedia.ae/Mombasa-Nyali.dx553248635975438453,
mombasa,Bamburi Beach,KEEP,Expedia lists Bamburi beach hotels and resorts (Severin Sea Lodge).,https://www.expedia.com.vn/en/Mombasa.dx6143873,
mombasa,Diani Beach,REMOVE,"Wikipedia: Diani Beach is 30 km south of Mombasa in Kwale County, reached via Likoni ferry; outside the city, a day trip / own resort area.",https://en.wikipedia.org/wiki/Diani_Beach,
nairobi,Karen,KEEP,"Karen is a standard visitor area: Giraffe Centre, Karen Blixen Museum, boutique stays (Giraffe Manor, Hemingways); hotels.com has a pool-hotels list for Karen.",https://www.goatsontheroad.com/where-to-stay-in-nairobi/ | https://en.fmyly.com/article/which-is-the-best-place-to-stay-in-nairobi/,
nairobi,Upper Hill,REMOVE,"Where-to-stay guides describe Upper Hill as a business hub, listed after Westlands, Karen and Kilimani, which are the visitor areas; cap of 5 and Karen is more tourist-popular (Giraffe Centre, Blixen Museum).",https://en.fmyly.com/article/which-is-the-best-place-to-stay-in-nairobi/ | https://cellulardata.ubigi.com/blog/articles/where-to-stay-in-nairobi/,
nakuru,Milimani,KEEP,"Point is misplaced (about 25 km south of town). Milimani is the residential area of Nakuru town with Milimani Suites Hotel (60 rooms), Nakuru Milimani Guest House, Alps Hotel. Approximate corrected point.",https://africanspicesafaris.com/tour/milimani-suites-hotel-nakuru/ | https://africanspicesafaris.com/tour/nakuru-milimani-guest-house/,"[-0.2935, 36.0645]"
nakuru,Lake Nakuru National Park Area,REMOVE,"National park, not a neighborhood; park gate is about 20 minutes from town (jewelsafaris); belongs in day trips.",https://jewelsafaris.com/lake-nakuru-national-park-kenya/,
nakuru,Bondeni,REMOVE,Nation/Mwananchi report Bondeni as a low-income 'slum' with an affordable-housing project; no visitor lodging or sights found.,https://mwananchi.co.tz/kenya/counties/nakuru/how-affordable-housing-will-transform-nakuru-s-bondeni-slum--4494936,
nakuru,Free Area,KEEP,"Searches found no evidence either way for Free Area (no tourist source); thin evidence, kept per rule. Low-confidence; Jeff may drop.",https://nation.africa/kenya/counties/nakuru/nakuru-ranges-view-farm-land-urbanisation--1930436,
tarawa,Betio,KEEP,"Betio Lodge, Kitela Lodge listed; WWII sites. Thin but kept.",https://visitkiribati.travel/?p=6045,
tarawa,Ambo,KEEP,"Visit Kiribati/search shows Dreamers Guest House and Utirerei Hotel in Ambo with on-site dining; thin, kept.",https://visitkiribati.travel/staging/3098/?p=14206,
tarawa,North Tarawa,KEEP,"No source found to remove; eco-lodges exist (Tabon Te Keekee, Tabuki). Evidence thin; kept per rule.",https://www.expedia.com/Tarawa-Hotels.d3539.Travel-Guide-Hotels,
al-ahmadi,Mangaf,KEEP,"Search results list Al Kout Beach Hotel (Mangaf), Amwaj apartment hotel and Hilton Kuwait Resort in Mangaf; no evidence to remove, evidence thin.",https://www.readytotrip.com/hotels/Kuwait/Mangaf/,
al-ahmadi,Fintas,KEEP,"Fintas Beach and Safir Fintas Kuwait Hotel; 10 sights/parks within 800 m. No evidence to remove, thin.",https://www.expedia.com/cn/Fintas-Beach.d768563002829451264.Place-To-Visit,
kuwait-city,Hawally,KEEP,"hotels.com Hawalli page lists budget to luxury hotels, Al-Salam Tower, Hawalli beach, family attractions; Overture shows 57 food places. Kept.",https://uk.hotels.com/re677937374162857984/hotels-in-hawalli-kuwait,
kuwait-city,Farwaniya,REMOVE,"Lastminute describes Farwaniya as the choice mainly for airport proximity and affordable hotels; no sights, airport-zone suburb. Hawally is the stronger tourist option.",https://www.lastminute.com/hotels/kw_kuwait,
bishkek,Osh Bazaar,KEEP,"Osh Bazaar is a listed Expedia attraction with hotels near it (Hotel Bridges, Grand Hotel); kept, thin.",https://www.expedia.com/Osh-Bazaar-Hotels.0-l6101686-0.Travel-Guide-Filter-Hotels,
bishkek,Dordoi Plaza,REMOVE,"Dordoi Plaza is a single shopping mall (Expedia lists it as a shopping attraction), not a neighborhood; Dordoy bazaar proper is a wholesale market.",https://www.expedia.com/cn/Dordoi-Plaza-2.d668415198994800640.Place-To-Visit,
karakol,Dungan Mosque Quarter,KEEP,"Dungan Mosque (1910) is a headline Karakol sight inside town; guesthouses nearby (Caravan, Alim).",https://eurasia.travel/kyrgyzstan/karakol/,
karakol,Przhevalsky District,REMOVE,"Przhevalsky memorial/museum site is out of town (about 15 min); the hood point is about 10 km north on the lakeshore, a single memorial site and day trip.",https://www.travelthewholeworld.com/?p=15639 | https://eurasia.travel/kyrgyzstan/karakol/,
karakol,Ski Base Road,REMOVE,Ski base is about 11 km from town (computed from coordinates) and is a ski-resort excursion (powderhounds).,https://www.powderhounds.com/other/kyrgyzstan/karakol/activities.aspx,
luang-prabang,Phou Vao / Southern Luang Prabang,KEEP,"Hood point is ~2 km south of the peninsula (Phou Vao area, Phou Vao Hotel region); Overture 48 lodgings and 44 food. Note: the Avani is actually in the old town per its own page. Kept.",https://www.friendlyplanet.com/hotels/avani-luang-prabang/,
vientiane,That Luang,KEEP,"Hotels near Pha That Luang listed (Le Thatluang d'oR Boutique, SN Residences, Yula); Amari nearby; the quieter alternative to the centre.",https://theo-courant.com/en/vientiane-where-to-stay-best-hotels-neighborhoods/ | https://hotels.com/de1672759/hotels-near-pha-that-luang-vientiane-laos,
riga,Āgenskalns,KEEP,"Culture Trip/rigasights: Agenskalns wooden-house neighbourhood with market, cafes, guesthouses, 15 min tram from centre.",https://www.theculturetrip.com/europe/latvia/articles/a-comprehensive-neighborhood-guide-to-riga | https://rigasights.com/riga-visitor-info/riga-neighbourhoods,
riga,Miera iela (Miera Quarter),KEEP,"Miera iela is the hip street/quarter (28 sights, 37 food within 800 m); no evidence to remove.",https://rigasights.com/riga-visitor-info/riga-neighbourhoods,
maseru,Hillsview,KEEP,"Avani Lesotho Hotel & Casino sits on Hilton Hill Road; kept, thin.",https://www.letsbookhotel.com/en/lesotho/maseru/hotels-accommodation.aspx,
maseru,Sea Point,KEEP,"City Stay West B&B and Goodnight Lodge; thin, kept.",https://www.letsbookhotel.com/en/lesotho/maseru/hotels-accommodation.aspx,
maseru,Maqalika,KEEP,"Scenery Maqalika Guesthouse and Maseru Backpackers near Setsoto Stadium are listed on booking sites; thin evidence, kept.",https://de.trip.com/hotels/maseru-hotels-list-3359/,
monrovia,Congo Town,KEEP,"Search results: Congo Town is residential/commercial east of Sinkor with guesthouses and Colony Club Resort; thin, kept.",https://www.milehacker.com/travel/liberia/montserrado-county/monrovia/where-to-stay-in-monrovia-hotels-neighborhoods-acc/,
monrovia,Airport Road / Kendeja,REMOVE,"RLJ Kendeja Resort is a hillside resort near Roberts International Airport, about 17 km from Mamba Point by coordinates; airport-zone and single resort.",https://www.cozycozy.com/en-sg/monrovia-hotels | https://www.milehacker.com/travel/liberia/montserrado-county/monrovia/where-to-stay-in-monrovia-hotels-neighborhoods-acc/,
tripoli,Hay Andalus,KEEP,"Expedia has a Hay Al Andalus hotels page, near Gargaresh and Tripoli stadium; Overture shows 38 food places. Thin, kept.",https://www.expedia.com/Hay-Al-Andalus-Tripoli-Hotels.0-n960808939786813440-0.Travel-Guide-Filter-Hotels,
tripoli,Janzour,REMOVE,"Wikipedia: Janzur is a separate city on the coast west of Tripoli, about 10 km SW of Hay Andalus; outside the city.",https://en.wikipedia.org/wiki/Janzur,
tripoli,Dahra,SKIP,Could not confirm hotel/restaurant counts: Expedia has a Dahra hotels page but the fetch was rate-limited; only ~1.3 km from the Martyrs' Square point. Not added without a verified source.,https://www.expedia.com/Dahra.d943439623382794240.Destination-Travel-Guides,"[32.895, 13.195]"
vaduz,Schaan,KEEP,"Schaan has Schaan-Vaduz Youth Hostel (9/10) and Kloster by b_smart, plus station; adjoining municipality, thin; kept.",https://www.lastminute.co.nz/Schaan-Hotels.d6139022.Travel-Guide-Hotels,
vaduz,Triesen,REMOVE,"Triesen is a separate municipality (own destination on booking sites) with a couple of hotels; Hotel Schatzmann ~1.3 km from Vaduz, no sights. Outside Vaduz.",https://www.lastminute.co.nz/Triesen-Hotels.d6051199.Travel-Guide-Hotels,
klaipeda,Melnragė,KEEP,"priejuros.lt: Melnrage is part of Klaipeda city on the sea, about ten hotels and guesthouses, Blue Flag beach.",https://www.priejuros.lt/en/resort/melnrage/,
klaipeda,Smiltynė,REMOVE,"Smiltyne is reached only by ferry, a protected Curonian Spit reserve with a museum and beach; listed stay is a yacht club, no restaurants found. A Curonian Spit excursion, not a stay-and-eat neighborhood.",https://www.truelithuania.com/seaside-klaipeda-452,
vilnius,Zverynas,KEEP,"Tripjive: Zverynas is peaceful wooden-house area by Vingis Park, an option to stay; thin, kept.",https://tripjive.com/?p=103205,
vilnius,Antakalnis,REMOVE,Lonely Planet text via search: Antakalnis is a leafy suburb little-visited by tourists (cemetery half-hour walk east of centre); also the hood point is ~10 km east of the real district.,https://www.nonprod.lonelyplanet.com/points-of-interest/antakalnis-cemetery/1463390,
luxembourg,Kirchberg,KEEP,"Kirchberg: hotel guides list it as modern business district with hotels (Sofitel, Melia, Novotel) and museums (Mudam, Philharmonie). Overture 0 hotels is undercount. Kept.",https://www.thehotelguru.com/where-to-stay/luxembourgcity | https://paulinaontheroad.com/where-to-stay-in-luxembourg-for-first-time/,
luxembourg,Belair,REMOVE,Guides describe Limpertsberg/Belair as residential areas for longer stays; Overture 4 hotels; no sights. Weakest of five.,https://paulinaontheroad.com/where-to-stay-in-luxembourg-for-first-time/,
antananarivo,Ivandry,KEEP,"Search results list Ivandry for safety and modern amenities (Novotel); thin, kept.",https://www.milehacker.com/travel/madagascar/analamanga/antananarivo/where-to-stay-in-antananarivo-hotels-neighborhoods/,
antananarivo,Ankorondrano / Andraharo,KEEP,"Radisson Blu Waterfront and ibis in Ankorondrano; upscale business/mall district; thin, kept.",https://www.milehacker.com/travel/madagascar/analamanga/antananarivo/where-to-stay-in-antananarivo-hotels-neighborhoods/,
antsiranana,SCAMA,KEEP,"No source found for SCAMA being industrial; evidence thin either way, kept per rule. Low confidence.",https://www.readytotrip.com/hotels/Madagascar/Diego%20Suarez/,
morondava,Andakabe,KEEP,"Hotel Continental is in Andakabe (booking listings); town has only 3 hoods, kept.",https://www.expedia.com.sg/Morondava.dx2391,
blantyre,Sunnyside,KEEP,"Thin evidence: search shows Sunnyside Inn B&B (5 rooms, restaurant, pool) on Smythe Road; Overture and sources too thin to remove.",https://www.travelocity.ca/Blantyre-Hotels-Sunnyside.h95816145.Hotel-Information,
blantyre,Namiwawa,KEEP,Overture shows 10 lodgings (Serendib Suites etc.); no source found to remove.,https://au.trip.com/hotels/city/mw/blantyre.html,
blantyre,Nyambadwe,KEEP,"Thin evidence: no source found either way for Nyambadwe (guesthouse and conference centre listed); cannot cite removal, kept per rules.",https://au.trip.com/hotels/city/mw/blantyre.html,
lilongwe,Area 10 / Presidential Way,KEEP,Search shows Freddies Lodge in Area 10 (from US$70); lodges exist.,https://www.milehacker.com/travel/malawi/where-to-stay-in-lilongwe-hotels-neighborhoods-acc/,
lilongwe,Area 47 / Area 43,KEEP,"Search shows Longonot 43 Lodge (Area 43), Spendwise Lodge and Annie's Lodge (Area 47): several lodges.",https://www.milehacker.com/travel/malawi/where-to-stay-in-lilongwe-hotels-neighborhoods-acc/,
lilongwe,Kumbali (Area 44),KEEP,Thin evidence: nothing found on Kumbali beyond its lodge; no source to remove.,https://www.milehacker.com/travel/malawi/where-to-stay-in-lilongwe-hotels-neighborhoods-acc/,
george-town,Chulia Street,KEEP,"Penang Traveltips says Lebuh Chulia is the epicentre of budget accommodation with guesthouses, cafes and restaurants; distinct from the Armenian St boutique/heritage core even though ~400 m apart.",https://penang-traveltips.com/chulia-street.htm,
johor-bahru,Iskandar Puteri,KEEP,"Thin evidence: Legoland and Puteri Harbour hotels (Somerset Medini, Puteri Harbour) listed on hotels.com; separate new town but tourist-visited; kept.",https://sg.hotels.com/de11045629/hotel-rooms-near-danga-bay-johor-bahru-and-vicinity-malaysia,
johor-bahru,Danga Bay,KEEP,"hotels.com lists 59 hotels within a mile of Danga Bay (Country Garden, Tune Hotel) plus theme-park area; contradicts the Overture count of 4.",https://sg.hotels.com/de11045629/hotel-rooms-near-danga-bay-johor-bahru-and-vicinity-malaysia,
johor-bahru,Tebrau,KEEP,Thin evidence: hotels.com lists 3-star and guesthouse hotels in Tebrau; suburban but with hotels and 64 food venues; kept.,https://in.hotels.com/de11045625-st3/three-star-hotels-in-tebrau-malaysia,
johor-bahru,Skudai,KEEP,"Thin evidence: hotels.com lists hotels in Sekudai (Leverage Business Hotel, Pulai Springs Resort); weak tourist case but no removal source.",https://in.hotels.com/nh1742353-st2/two-star-hotels-in-sekudai-johor-bahru-and-vicinity-malaysia,
kota-kinabalu,Likas,KEEP,Thin evidence: Expedia lists 1-star hotels in Likas; no travel guide recommends it; no source to remove.,https://www.expedia.com.my/1Star-Likas-Hotels.s10-0-d6153331.Travel-Guide-Filter-Hotels,
kota-kinabalu,Sutera Harbour (Sembulan),KEEP,"Girl on a Zebra names Sutera Harbour as a main area to stay (Pacific Sutera, Magellan Sutera, marina, golf), 10 min from airport; a recognised stay area, though resort-compound in feel.",https://girlonazebra.com/where-to-stay-in-kota-kinabalu/,
kota-kinabalu,Pulau Gaya,REMOVE,"Girl on a Zebra: Gayana Marine Resort on Gaya Island is a 20-minute boat ride from Jesselton Point; island resorts are an excursion, not a city neighborhood.",https://girlonazebra.com/where-to-stay-in-kota-kinabalu/,
kuala-lumpur,Bangsar,KEEP,"Trip.com guide: Bangsar has the best brunch cafes, Bangsar Baru wine bars and live music, Bangsar Village; a recognised food and nightlife neighborhood.",https://sg.trip.com/guide/stay/where-to-stay-in-kuala-lumpur.html,
kuala-lumpur,Chow Kit,KEEP,"Trip.com guide: Chow Kit has hostels, guesthouses, wet market and street food. Brickfields/KL Sentral (Little India) is an alternative; kept the already listed one.",https://sg.trip.com/guide/stay/where-to-stay-in-kuala-lumpur.html,
kuching,Simpang Tiga,KEEP,Search shows Simpang Tiga near The Spring mall and Jalan Padungan with Citadines/hotels; kept.,https://www.hotels.com/de12508892/hotels-simpang-tiga-malaysia,
malacca,Klebang,KEEP,Expedia lists hotels and resorts in Klebang Kechil and Klebang Beach; kept.,https://www.expedia.com/Klebang-Kechil.dx3000412507,
malacca,Ujong Pasir,KEEP,"Expedia lists hotels in Ujong Pasir (from $20); area includes the Portuguese Settlement and its seafood restaurants, Hatten Square; tourist corridor.",https://www.expedia.com/Ujong-Pasir-Hotels.d553248635976385289.Travel-Guide-Hotels,
male,Villimalé (Villingili),KEEP,"Wikipedia/Vinorva Guesthouse: Villingili is 15 min by ferry, with several guesthouses that attract foreign tourists; thin but cannot cite removal.",https://en.wikipedia.org/wiki/Villingili_(Villimal%C3%A9) | https://amaldives.com/guesthouses/vinorva,
bamako,Hippodrome,KEEP,"Hippodrome described as nightlife area with bars, clubs and dining; Expedia region page lists hotels from $17.",https://www.expedia.com/Hippodrome-Hotels.d959392523508621312.Travel-Guide-Hotels,
bamako,Badalabougou,KEEP,Expedia lists hotels in Badalabougou; riverside area.,https://www.expedia.com/Badalabougou-Bamako-Hotels.0-n959393060366950400-0.Travel-Guide-Filter-Hotels,
bamako,Missira / Route de Koulikoro,KEEP,Thin evidence: Missira has Hotel Le Loft and road hotels; no source to remove.,https://us.lastminute.com/hotels/ml_mali/bamako-d1323170495,
timbuktu,Badjindé,KEEP,Thin evidence: tiny historic city (6 properties on Tripadvisor); Badjindé is a historic quarter with Hotel Bouctou annex; cannot cite removal.,https://www.tripadvisor.in/Hotels-g304007-Timbuktu_Tombouctou_Region-Hotels.html,
valletta,Mdina & Rabat,KEEP,"Careergappers lists Mdina and Rabat as a historic-stay area (Xara Palace, Domus); heavily tourist-famous, not removed. Note first pass inconsistently removed it but kept Bugibba, equally distant.",https://careergappers.com/where-to-stay-in-malta/,
valletta,Bugibba / St Paul's Bay,KEEP,Careergappers: St Paul's Bay/Bugibba/Qawra is a large family resort area.,https://careergappers.com/where-to-stay-in-malta/,
majuro,Djarrit-Rita,KEEP,Thin evidence: Rita is part of the Delap-Uliga-Djarrit urban core with restaurants and hotels frequented by foreigners.,https://www.thetripverdict.com/where-to-stay-majuro,
majuro,Laura & Western Majuro,REMOVE,"Trip Verdict: Laura is a rural community ~45 min by shared taxi from the DUD area; major hotels not based there, visited as a day trip.",https://www.thetripverdict.com/where-to-stay-majuro,
majuro,Outer Islets (Eneko & Bikendrik),REMOVE,Five Star Alliance: Bikendrik Island resort is a private island reached by a 40-minute boat ride in northern Majuro Atoll; an excursion.,https://fivestaralliance.com/luxury-hotels/marshall-islands/boutique-resort-bikendrik-island,
fort-de-france,Didier,KEEP,Air Caraibes cites Didier district with prestigious museums as a visitor quarter; no source to remove; kept.,https://www.aircaraibes.com/destinations/martinique/top-quartiers-visiter-fort-de-france,
fort-de-france,Cluny,KEEP,"Thin evidence: Cluny has an Expedia travel guide page; weak, kept per rules (no removal source).",https://www.expedia.es/en/Cluny.dx553248635975870987,
fort-de-france,Terres-Sainville,KEEP,Air Caraibes describes the historic quarter behind the port with traditional wooden houses; 35 restaurants per Overture.,https://www.aircaraibes.com/destinations/martinique/top-quartiers-visiter-fort-de-france,
fort-de-france,Bellevue / Redoute,KEEP,Thin evidence: no source found on Bellevue/Redoute; no removal source; kept.,https://www.aircaraibes.com/destinations/martinique/top-quartiers-visiter-fort-de-france,
fort-de-france,Pointe du Bout / Anse Mitan (Trois-Ilets),SKIP,"Expedia and Trip.com show hotels (La Pagerie, Bakoua) and ferry link from Fort-de-France, but Pointe du Bout is in Les Trois-Ilets commune across the bay, so it is an excursion area, not inside the city.",https://www.expedia.com/Trois-Ilets-Pointe-Du-Bout.dx553248635976394596,"[14.555, -61.055]"
nouakchott,Ksar,KEEP,"Expedia lists 3-star hotels (Best Centric, Hotel Flora) in Ksar with beaches and the National Museum nearby.",https://www.expedia.com/Ksar-Hotels.d3000000960.Travel-Guide-Hotels,
port-louis,Balaclava & Baie du Tombeau,KEEP,"Thin evidence: Balaclava has 5-star resorts (Maritim, InterContinental Balaclava Fort, Le Jadis) per hotelplanner and others; a resort coast ~8 km from the city.",https://www.hotelplanner.com/Hotels/56554-in-Tombeau-Bay-Mauritius.html,
port-louis,Ebène & Moka (Bagatelle),REMOVE,"Search for Ebene/Moka shows only one hotel (Voila Bagatelle, in a mall) and Cyber City is a business district, not a visitor area.",https://www.minube.net/hotels-near/caudan-waterfront-a2171049,
mamoudzou,Kawéni,REMOVE,Expat.com forum: Kawéni hosts the main industrial zone of Mayotte; a commercial zone with a single hotel.,https://www.expat.com/fr/forum/afrique/mayotte/610569-avis-sur-les-quartiers-de-mayotte-pour-logement.html,
mamoudzou,Passamainty,REMOVE,"Expat.com: Passamainty is a residential quartier about 10 km out, with Le Passamainty Lodge set apart from the town; listed among districts to avoid alone in the evening.",https://www.expat.com/fr/forum/afrique/mayotte/610569-avis-sur-les-quartiers-de-mayotte-pour-logement.html,
mamoudzou,Cavani,KEEP,Thin evidence: Kavani is an urban quartier with Domaine de Kavani; Overture shows 7 lodgings and 13 food venues.,https://www.expat.com/fr/forum/afrique/mayotte/579296-cavani-sud-quartier-a-conseiller.html,
cancun,Puerto Cancún,KEEP,gocity/others describe Puerto Cancún as an upmarket marina area with the Marina Puerto shopping mall; Renaissance and Dreams Vista hotels; thin but kept.,https://gocity.com/en/cancun/blog/where-to-stay-in-cancun,
cancun,Puerto Juárez,KEEP,Puerto Juárez is the ferry gateway to Isla Mujeres with budget lodging and local eats.,https://gocity.com/en/cancun/blog/where-to-stay-in-cancun,
chetumal,Boulevard Bahía,KEEP,"MileHacker: Boulevard Bahía has newer hotels (TRYP, Hotel Noor, Hacienda Bahía), bay views and restaurants.",https://www.milehacker.com/travel/mexico/yucatan-peninsula/chetumal/where-to-stay-in-chetumal-hotels-neighborhoods-acc/,
ensenada,Estero Beach,KEEP,"Expedia lists Estero Beach as a hotel area (Estero Beach Hotel & Resort, restaurants, beach); ~10 km south, thin but kept.",https://www.expedia.com/es/Ensenada-Estero-Beach.dx553248635921598835,
monterrey,Valle Oriente,KEEP,"Expedia: Valle Oriente has Hyatt Place, Grand Fiesta Americana, Holiday Inn, Galerias mall.",https://www.expedia.com/Monterrey-Valle-Oriente.dx944321806935064576,
monterrey,Obispado,KEEP,Thin evidence: Obispado has Bishop's Palace viewpoint and boutique B&Bs; upscale residential; kept.,https://www.expedia.com/Monterrey-Valle-Oriente.dx944321806935064576,
morelia,Santa María de Guido,KEEP,"Tripbase: Santa María is a quiet hillside residential area with Villa Montaña and a few restaurants; Overture shows 11 hotels and 21 food venues, so kept as thin.",https://www.tripbase.com/destinations/morelia-mexico/neighborhoods/santa-maria/,
merida,García Ginerés,REMOVE,"expatlife.ai describes Garcia Gineres as a quiet residential, 'non-touristy' neighborhood of families, hospitals and long-term expats; the hotels Expedia lists for it are large chain properties on the Montejo avenues already covered by Paseo de Montejo.",https://expatlife.ai/mexico/cities/merida/neighborhoods/garcia-gineres | https://www.expedia.com/Merida-Garcia-Gineres.dx944328897422598144,
playa-del-carmen,Colosio,REMOVE,"Goats on the Road / TripBase describe Colosio as the working-class local neighborhood north of the tourist zone where hotel staff live, with taquerias and markets, 'a version tourists rarely see'; the beach resorts near it are already covered by Zazil-Ha (Coco Beach) 1.3 km away.",https://www.goatsontheroad.com/where-to-stay-in-playa-del-carmen/ | https://www.tripbase.com/destinations/playa-del-carmen-mexico/neighborhoods/,
puebla,Zona Angelopolis,KEEP,"Expedia lists Camino Real Puebla Angelopolis, Holiday Inn Express and Sonata Hotel in the Angelopolis area plus the Angelopolis shopping centre; modern hotel and mall district. Evidence thin on restaurants; kept.",https://www.expedia.com/Puebla-Angelopolis.dx553248633981743959,
puebla,Cholula,REMOVE,"Cholula (San Pedro / San Andres Cholula) is a separate municipality about 10 km west; the Expedia results frame it as 'easily accessible as a day trip' from Puebla, so it belongs in day trips. Note: very famous, so Jeff may prefer to keep; if kept, it should be tagged culture.",https://www.expedia-aarp.com/Puebla-Cholula.dx182169 | https://www.expedia.com/Puebla-Angelopolis.dx553248633981743959,
san-cristobal-de-las-casas,Barrio de Guadalupe,REMOVE,"Expedia shows the Barrio de Guadalupe hotels (Casavieja, Cielo y Selva, Yox, Tepeyac) sit on Real de Guadalupe / Francisco I. Madero street; the two hood points are 0.3 km apart and both names refer to the same pedestrian street area.",https://www.expedia.com/San-Cristobal-De-Las-Casas-De-Guadalupe.dx553248635976400753 | https://girlonazebra.com/where-to-stay-in-san-cristobal-de-las-casas/,
santiago-de-queretaro,Jurica,REMOVE,"Jurica is a suburban golf and business-hotel zone (Hacienda Jurica, Ramada Encore, Aloft per Expedia) well north-west of the centre, around 10 km, with no walkable dining or sights; Overture shows 0 hotels and 2 food within 800 m.",https://www.expedia.co.id/en/Queretaro-Jurica.dx6336095,
santiago-de-queretaro,Juriquilla,REMOVE,"Juriquilla is a gated suburb about 15 km north; Expedia lists Mision Grand, Hampton and Fujitaya near malls (Antea, Plaza Juriquilla), a commuter/business area, not a walkable tourist neighborhood.",https://www.expedia.com/Juriquilla-Hotels.d6303181.Travel-Guide-Hotels,
zacatecas,Guadalupe,REMOVE,"Guadalupe is a separate municipality (Pueblo Magico) about 9 km / 10 minutes from Zacatecas centro, with its convent museum as the draw; Frommer's lists it under Zacatecas side trips.",https://www.frommers.com/destinations/zacatecas/side-trips/ | https://www.unotv.com/turismo/guadalupe-zacatecas-el-pueblo-magico-cultural-y-religioso/,
chisinau,Botanica,KEEP,"mustseespots recommends Botanica for visitors (Valea Morilor Park, lower prices) but names no hotel or restaurant counts; evidence for removal is thin and Moldova is undercounted in open data. Kept.",https://www.mustseespots.com/moldova/articles/where-to-stay-in-chisinau-top-hotels-neighborhoods/,
chisinau,Buiucani,KEEP,"mustseespots recommends Buiucani for visitors wanting a local vibe (Dendrarium Park, Eternity memorial); no removal evidence, kept thin.",https://www.mustseespots.com/moldova/articles/where-to-stay-in-chisinau-top-hotels-neighborhoods/,
chisinau,Riscani,KEEP,"mustseespots recommends Riscani as good value with parks and good local restaurants; no removal evidence, kept thin.",https://www.mustseespots.com/moldova/articles/where-to-stay-in-chisinau-top-hotels-neighborhoods/,
chisinau,Telecentru,REMOVE,"Search summaries of Chisinau district guides (itimaker, mustseespots) describe Telecentru as a residential area around the TV studios, 'active yet tranquil'; the main where-to-stay article does not cover it and Overture shows 2 hotels, 9 food.",https://www.itimaker.com/blog/where-to-stay-chişinău | https://www.mustseespots.com/moldova/articles/where-to-stay-in-chisinau-top-hotels-neighborhoods/,
monaco,Beausoleil,REMOVE,"Beausoleil is a French commune across the border; mustseespots / lorenzigo list Monaco's six hotel districts (Monte-Carlo, Monaco-Ville, La Condamine, Fontvieille, Larvotto, La Rousse/Saint-Roman) and Beausoleil is not among them.",https://www.mustseespots.com/monaco/articles/where-to-stay-in-monaco-best-neighborhoods-and-hotels/ | https://lorenzigo.com/where-to-stay-monaco-best-areas/,
monaco,Monaco-Ville (The Rock),ADD,"mustseespots / lorenzigo list Monaco-Ville (Le Rocher) as one of six hotel districts: old town with Prince's Palace and cathedral, limited boutique hotels and guesthouses; the area is not covered by any listed hood. Coordinates near the Palace (Wikipedia, approx 43.7314 N 7.4197 E).",https://www.mustseespots.com/monaco/articles/where-to-stay-in-monaco-best-neighborhoods-and-hotels/ | https://lorenzigo.com/where-to-stay-monaco-best-areas/,"[43.7312, 7.4198]"
ulaanbaatar,Khan-Uul District,KEEP,"Khan-Uul is an administrative district with Ibis Styles on Chinggis Avenue and Corporate Hotel; evidence for removal thin (no source showing it is non-touristy), kept low confidence.",https://www.expedia.com.au/Ulaanbaatar-Khan-Uul.dx1036926537091338240,
ulaanbaatar,Zaisan,REMOVE,"Zaisan is a single hill memorial; hotels.com / search results show visitors to Zaisan stay at Shangri-La, Blue Sky etc. 'a short drive away' in the centre, and Overture shows 1 hotel, 3 food within 800 m.",https://hotels.com/de1684547/hotels-near-zaisan-memorial-ulaanbaatar-mongolia,
kotor,Prčanj,KEEP,"Expedia/Hoteliers Choice list several hotels in Prcanj (MonteBay Perla, Galathea, Libertas, Hyatt Regency) along a waterfront promenade with cafes and restaurants; a bay village but a real place to stay.",https://hotelierschoice.com/de/guide/kotor/prcanj/ | https://www.expedia.com/Prcanj-Hotels.d3000025031.Travel-Guide-Hotels,
kotor,Muo,KEEP,"Expedia lists Muo accommodations (Hotel Palma 'next to lots of restaurants', apartment stays) on the bay a short way from Kotor; weakest of the five but evidence to remove is thin, kept low confidence. Alternative if Jeff wants a swap: none identified.",https://www.expedia.sa/ar/Muo-Hotels.d3000025031.Travel-Guide-Hotels,
podgorica,Stari Aerodrom,KEEP,"Residential with cafes (37 food within 800 m, 9 hotels); search shows Apartments Aerodrom as a stay but no source for or against; kept thin.",https://au.hotels.com/tgp/lodging/star/3/10048/podgorica,
podgorica,Zabjelo,REMOVE,"Kayak/Booking describe Hotel Laguna in Zabjelo as a family hotel 'in a quiet location' 2.3 km from the centre; Overture shows 4 hotels, 10 food, no sights; a residential edge area with no visitor cluster.",https://www.kayak.com.ar/Podgorica-Hoteles-Hotel-Laguna.618591.ksp | https://bookitbutton.booking.com/hotel/me/laguna.en-gb.html,
brades,Brades,KEEP,"Brades is Montserrat's administrative centre; restaurants such as Grand Phoenix and Country Style are listed there. Tiny island; evidence thin, kept.",https://discovermni.com/?p=14154,
brades,Woodlands,KEEP,"Woodlands is a villa and guesthouse area (Chez Mango Villas, others) with beach access; the main place visitors stay on the island. Kept.",https://lesdeuxpiedsdehors.com/de/wo-uebernachten/montserrat/,
brades,Olveston & Old Towne,KEEP,"Olveston has Olveston House (restaurant, brunch), The Attic and lodges; a recognised stay area. Kept.",https://www.expedia.com/es/Olveston.dx3000408006 | https://discovermni.com/?p=14154,
agadir,Anza,KEEP,"Anza is a surf village 5-8 km north of the centre with several surf houses and hostels (Roots Surf House, Waves Hunter, Dinosaur Anza); no source clearly proves it is outside the city or non-touristy, so kept low confidence.",https://www.hostelz.com/hostel/509929-Anza-Surf-Life---Bc-Adventure | https://uk.trip.com/hotels/anza-1-hotel-detail-132107328/sea-view-appart-in-agadir-5-mn-to-anza-surf-beach,
chefchaouen,Uta el-Hammam Square,REMOVE,"Expedia/hotels.com place Plaza Uta el-Hammam inside the Medina of Chefchaouen neighborhood (83 accommodations incl. Hotel Parador, Casa Sabila); the two hood points are about 0.4 km apart and refer to the same medina area.",https://www.hotels.com/de1776648-at30/guest-houses-hotels-medina-of-chefchaouen-morocco/ | https://expedia.ie/Medina-Of-Chefchaouen.dx6279436,
chefchaouen,Spanish Mosque Hill,REMOVE,"The Spanish Mosque is a single hilltop viewpoint reached by a 20-25 minute hike above the medina (TravelTalk); the lodging search shows guesthouses within the medina, not a separate hill cluster.",https://www.traveltalktours.com/sights/spanish-mosque | https://airial.travel/attractions/morocco/chefchaouen/spanish-mosque-chefchaouen-1Da0E18R,
chefchaouen,Ras el-Ma,KEEP,"Ras el-Ma waterfall park at the medina entrance with lodgings nearby (Expedia lists lodging options near Ras El Ma Park); evidence thin, kept low confidence.",https://www.expedia.com/cn/Ras-Elma-Park-Chefchaouen.d6168477.Place-To-Visit,
essaouira,Kasbah,REMOVE,"Search results show the Skala de la Kasbah quarter is inside the medina (Dar Ness 'in the heart of the ancient medina in the Kasbah quarter'); points are 0.3 km apart, same area as Medina.",https://www.expedia.dk/en/Essaouira-Kasbah.dx3000665126 | https://www.transavia.com/fr-FR/idees-voyage/que-faire-essaouira/,
essaouira,Diabat,REMOVE,"Diabat is described as a small separate village to escape the city, known for its 18th-century fortress; Overture shows 1 hotel and 0 food within 800 m. A day trip, not a neighborhood.",https://www.expedia.se/en/Diabat.dx942191212178657280 | https://expedia.com.ph/Diabat.dx942191212178657280,
fes,Fes el-Jdid,KEEP,"Fes el-Jdid holds the Royal Palace and Mellah; sources call it less touristy than the medina but charming, with riads; kept low confidence.",https://www.22places.com/where-to-stay-in-fes/ | https://www.voyageavecnous.fr/ou-dormir-a-fes/,
fes,Batha,REMOVE,"Batha's point is 2 m from Fes el-Bali (34.059398 vs 34.059418) with identical counts; sources place Batha 'at the edge of Fes el-Bali', a sub-area of the old medina covered by hood 0.",https://www.voyageavecnous.fr/ou-dormir-a-fes/ | https://www.22places.com/where-to-stay-in-fes/,
marrakech,Palmeraie,KEEP,"Palmeraie is a well-known resort zone about 4 miles (6 km) north of the medina with Palmeraie Palace (8 restaurants, nightclub), Club Med, Rotana and golf, all with medina shuttles; Overture 0 is an undercount. Famous tourist area, kept.",https://rotana.com/rotanahotelandresorts/morocco/marrakech/palmeraiegolfpalacerotana | https://www.onthebeach.ie/hotels/morocco/marrakech/palmeraie-palace,
ouarzazate,Tabounte,KEEP,Tabounte has OZ Palace and Dar Chamaa and sits among the town's hotel zone; no source found either way (search returned only Taourirt-area results). Kept thin.,https://www.kayak.com/Ouarzazate-Hotels_Kasbah-Taouirt.L70462.46944.hotel.ksp,
ouarzazate,Sidi Daoud,KEEP,Dar Amoudou (listed in Sidi Daoud) is among the most recommended hotels near Kasbah Taouirt per Kayak/Hotels.com; it is a distinct quarter about 0.6 km from the Taourirt point but the evidence for a duplicate is not strong enough to remove. Kept thin.,https://www.kayak.com/Ouarzazate-Hotels_Kasbah-Taouirt.L70462.46944.hotel.ksp | https://za.hotels.com/de1712162/hotels-near-kasbah-taouirt-ouarzazate-morocco/,
rabat,Souissi,KEEP,"Souissi is a residential, diplomatic district but Expedia lists several luxury hotels there (Ritz-Carlton Dar Es Salam, Sofitel Jardin des Roses, Villa Mandarine, Conrad Arzana) and gardens/restaurants; Overture 0 is an undercount. Evidence for removal is mixed, kept low confidence.",https://expedia.com.sg/Rabat-Souissi.dx553248633981691114 | https://www.travelocity.com/Souissi-Rabat-Hotels-Luxury-Hotel.0-n553248633981691114-0-tLuxuryHotel.Travel-Guide-Filter-Hotels,
tangier,Malabata,KEEP,"Malabata is the modern corniche with big luxury hotels (Idou Malabata, Movenpick Hotel & Casino) plus restaurants and cafes, and a lighthouse and beach; Overture is an undercount.",https://evendo.com/locations/morocco/tangier/malabata | https://www.expedia.co.th/en/Malabata.dx553248635976385372,
maputo,Costa do Sol,KEEP,Source calls Costa do Sol a lively beach road with seafood restaurants reached from Malhangalene; popular day-out destination with hotels along it. Overture 0 hotels is an undercount; kept thin.,https://www.tripbase.com/destinations/maputo-mozambique/neighborhoods/,
maputo,Malhangalene,KEEP,Malhangalene is a transitional area between downtown and the upscale north with affordable options and genuine Mozambican restaurants (Booking district page lists hotels); kept thin.,https://www.booking.com/district/mz/maputo/malhangaleneb.hi.html | https://www.tripbase.com/destinations/maputo-mozambique/neighborhoods/,
pemba,Town Centre (Baixa),KEEP,"Lonely Planet: town centre is a hub for budget accommodation with banks, a few restaurants and the bus stand; thin but kept.",https://www-lonelyplanet-com-57e2.imagizer.com/mozambique/northern-mozambique/pemba,
pemba,Paquitequete (Harbour / Old Town),KEEP,"Lonely Planet says to visit Paquitequete if you only visit one bairro: fish market, mosque, lively streets; it is a sight area next to the centre with guesthouses listed. Overture 0 is an undercount; kept thin.",https://www-lonelyplanet-com-57e2.imagizer.com/mozambique/northern-mozambique/pemba | https://www.lonelyplanet.com/pois/1355906,
pemba,Cariacó,KEEP,"No source found on Cariaco either way (searches only covered Wimbe, Paquitequete, centre, Chuiba); Pemba is small, only four listed, so kept thin and low confidence.",https://www.tripbase.com/destinations/pemba-mozambique-extra/neighborhoods/,
mandalay,Aungmyethazan (Palace & Mandalay Hill),KEEP,"Hotel listings name Hotel by the Red Canal, Eastern Palace and Mandalay Lodge near Mandalay Hill and the palace; zero Overture counts are an undercount. Evidence supports keeping.",https://blog.bangkokair.com/en/places-to-stay-in-mandalay-myanmar/,
mandalay,Mahaaungmyay (Mahamuni),KEEP,"Listing page names Hotel Mandalay, Grand Park and Dragon Phoenix as hotels serving Mahamuni Pagoda visitors; a visited area, kept (thin evidence on restaurants).",https://blog.bangkokair.com/en/places-to-stay-in-mandalay-myanmar/,
mandalay,Chanmyathazi,KEEP,Pullman Mandalay Mingalar is here with several restaurants nearby per hotel listings; kept as the modern hotel zone.,https://blog.bangkokair.com/en/places-to-stay-in-mandalay-myanmar/,
yangon,Inya Lake/Mayangone,KEEP,"Lotte Hotel Yangon and Inya Lake Hotel (pool, restaurants) sit by Inya Lake, a visited lake near Myanmar Plaza; kept.",https://uk.trip.com/hotels/yangon-inya-lake/hotels-c522m15977797,
windhoek,Eros,KEEP,"Eros listings give boutique hotels and guesthouses near the National Art Gallery; mixed leisure/business stays, kept.",https://www.milehacker.com/travel/namibia/windhoek/where-to-stay-in-windhoek-hotels-neighborhoods-acc/,
windhoek,Ludwigsdorf,REMOVE,MileHacker/lastminute describe Ludwigsdorf as an upscale family suburb of large homes and embassies; no visitor draw. One hotel only.,https://www.milehacker.com/travel/namibia/windhoek/where-to-stay-in-windhoek-hotels-neighborhoods-acc/,
windhoek,Luxury Hill,KEEP,Luxury Hill holds the castle-style Hotel Heinitzburg and several lodges with restaurants; kept (thin evidence).,https://www.milehacker.com/travel/namibia/windhoek/where-to-stay-in-windhoek-hotels-neighborhoods-acc/,
yaren,Yaren,KEEP,"Nauru has about four accommodations in total; Yaren is the most popular area on Kayak, Nauru Airport Homestay is listed here. Kept, evidence thin.",https://worldtravelguide.net/guides/oceania/nauru/region-hotels,
yaren,Aiwo,KEEP,Od-N-Aiwo Hotel is one of Nauru's two hotels and is in Aiwo (Wikipedia Aiwo and worldtravelguide). Kept.,https://worldtravelguide.net/guides/oceania/nauru/region-hotels,
yaren,Meneng,KEEP,"Menen Hotel, the largest on the island (about 110 rooms, restaurant, pool), is in the Meneng area. Kept.",https://worldtravelguide.net/guides/oceania/nauru/region-hotels,
yaren,Ewa,KEEP,"Ewa Lodge is one of Nauru's four accommodations; island has so few that no alternative exists. Kept, evidence thin.",https://worldtravelguide.net/guides/oceania/nauru/region-hotels,
pokhara,Sarangkot,KEEP,Sarangkot Mountain Lodge and other hotels are on the hilltop; known sunrise and paragliding area. Kept.,https://us.lastminute.com/hotels/np_nepal/pokhara-d1353166452,
pokhara,Mahendrapul (New Road),KEEP,"Old town lies north of Mahendra Pul about 0.7 km from the Old Bazaar point, so distinct; Hotel Pokhara Grande and guesthouses nearby. Kept.",https://us.lastminute.com/hotels/np_nepal/pokhara-d1353166452,
maastricht,Sint Pieter / Villapark,KEEP,"22places lists Sint Pieter with B&Bs, small hotels, Mount Saint Peter and the caves; Overture 0 hotels. No removal evidence, kept thin.",https://www.22places.com/where-to-stay-in-maastricht/,
rotterdam,Katendrecht,KEEP,"rotterdam.info lists Katendrecht as a creative hotspot of restaurants, bars and cafes; ss Rotterdam hotel here. Kept.",https://www.rotterdam.info/en/visit/guide/rotterdam-neighbourhoods,
rotterdam,Delfshaven,KEEP,"Delfshaven is Rotterdam's famous surviving historic harbour with museums and breweries; famous tourist area, kept despite 0 hotels.",https://www.rotterdam.info/en/visit/guide/rotterdam-neighbourhoods,
utrecht,Lombok,KEEP,Lombok is Utrecht's multicultural food district with budget guesthouses and Park Plaza; kept.,https://expatlife.ai/netherlands/cities/utrecht/neighborhoods/lombok,
utrecht,Wilhelminapark,KEEP,"Wilhelminapark: no useful source found on stays; Overture shows 6 hotels, 42 food. No removal evidence, kept thin.",https://expatlife.ai/netherlands/cities/utrecht/neighborhoods/lombok,
utrecht,Leidsche Rijn,REMOVE,expatlife and Wikipedia describe Leidsche Rijn as the Netherlands' largest new-build residential district for families; only one chain hotel (Holiday Inn Express Papendorp).,https://expatlife.ai/netherlands/cities/utrecht/neighborhoods/leidsche-rijn,
christchurch,Riccarton,KEEP,Nomadic Matt lists Riccarton as an affordable stay area with malls and Riccarton House; 30 lodgings. Kept.,https://www.nomadicmatt.com/travel-blogs/where-to-stay-christchurch/,
christchurch,Merivale,KEEP,Nomadic Matt lists Merivale as an upmarket stay area with boutique shops and cafes about 30 min walk from centre. Kept (hotel count low but recommended).,https://www.nomadicmatt.com/travel-blogs/where-to-stay-christchurch/,
christchurch,Addington,KEEP,Listed as a mid-range stay area with entertainment venues; 11 lodgings. Kept.,https://www.nomadicmatt.com/travel-blogs/where-to-stay-christchurch/,
christchurch,Sumner,KEEP,"Sumner is a recommended coastal stay area (Nomadic Matt) with beaches and cafes, inside Christchurch city. Overture 0 because the point sits in the hills; village centre about -43.5718, 172.7506.",https://www.nomadicmatt.com/travel-blogs/where-to-stay-christchurch/,"[-43.5718, 172.7506]"
dunedin,North Dunedin (University),KEEP,"hotels.com lists Dunedin Leisure Lodge and Highland House Boutique Hotel here, with Otago Museum and Botanic Garden; kept.",https://zh.hotels.com/en/de1644422-st4/four-star-hotels-dunedin-and-vicinity-new-zealand,
dunedin,St Clair & St Kilda,KEEP,hotels.com names Hotel St Clair (rated 9.4) on the beach with cafes and restaurants; kept.,https://zh.hotels.com/en/de1644422-st4/four-star-hotels-dunedin-and-vicinity-new-zealand,
dunedin,Port Chalmers,REMOVE,"Wikipedia: Port Chalmers is 13 km northeast of the centre, a former separate borough until 1989 with its own identity; a harbour-town excursion, not a city neighbourhood.",https://en.wikipedia.org/wiki/Port_Chalmers,
nelson,Stoke,KEEP,"Expedia Stoke guide lists Saxton Lodge, bars, McCashin's Brewery and Pic's Peanut Butter World. Suburb but with visitor sights; kept thin.",https://www.expedia.co.id/Nelson-Stoke.dx3000664942,
taupo,Two Mile Bay,KEEP,"Expedia lists 30 accommodations in Two Mile Bay (motels, resorts) on the lake; kept.",https://www.expedia.com/Two-Mile-Bay-Taupo-Hotels.0-n553248635976395217-0.Travel-Guide-Filter-Hotels,
taupo,Acacia Bay,KEEP,Acacia Bay has lake-view lodges (Acacia Bay Lodge) and restaurants per Expedia/Atrapalo; kept thin.,https://www.expedia.com/Two-Mile-Bay-Taupo-Hotels.0-n553248635976395217-0.Travel-Guide-Filter-Hotels,
taupo,Nukuhau,KEEP,"Only sights found are Lake Taupo and the Waikato River; adjacent to town centre. No evidence to remove, kept thin.",https://www.expedia.com/Two-Mile-Bay-Taupo-Hotels.0-n553248635976395217-0.Travel-Guide-Filter-Hotels,
taupo,Kinloch,REMOVE,"Listing says Taupo is 12 km from Kinloch; Kinloch is a separate lakeside village (Overture 1 hotel, 1 food), a day trip.",https://www.lastminute.co.nz/Kinloch-Hotels.d6346637.Travel-Guide-Hotels,
leon,Sutiaba,KEEP,"Sutiaba is León's indigenous barrio with the San Juan Bautista church; hostels Casa Belinda, Al Sole listed. Kept.",https://girlonazebra.com/where-to-stay-in-leon-nicaragua/,
leon,Barrio Guadalupe,KEEP,"Hotel Austria and Tia Mia hostel listed; small barrio south of centre, kept thin.",https://girlonazebra.com/where-to-stay-in-leon-nicaragua/,
leon,Zona Universitaria,REMOVE,"Zona Universitaria point is about 236 m from Centro Histórico (dLat 213 m, dLng 102 m) with near-identical counts; same central area as Centro, the UNAN-side hostels are listed under it.",https://girlonazebra.com/where-to-stay-in-leon-nicaragua/,
managua,Carretera a Masaya,KEEP,Hyatt Place and Holiday Inn Express line the strip with 56 food/drink venues; Los Robles/Metrocentro pages describe it as the restaurant corridor. Kept.,https://toursnicaragua.com/nicaragua-hotels/managua-hotels/hotel-los-robles,
agadez,Sabon Gari,KEEP,"New quarter and market east of the old town; Auberge Tagulmoust and Hôtel de la Paix. Evidence thin, kept.",https://www.realjourneytravels.com/?p=111431,
agadez,Founey,REMOVE,"Founey point is about 100 m from the Vieille Ville point (dLat 97 m, dLng 26 m), so it is the same old-town area; its only listed stay, Auberge d'Azel, closed permanently 30 June 2023.",https://www.realjourneytravels.com/?p=111431,
niamey,Plateau,KEEP,"Radisson Blu, Bravia and NIAMEY MALL & RESIDENCE are in Plateau (Atrapalo). Kept.",https://www.atrapalo.com.ar/hoteles/africa/niger/de-niamey/niamey/,
niamey,Grand Marché,KEEP,"Hôtel Ténéré (pool, restaurant) sits next to the Grand Marché, a main sight; kept.",https://www.atrapalo.com.ar/hoteles/africa/niger/de-niamey/niamey/,
niamey,Yantala,KEEP,"Nikki Hotel and Le Capitole are in Yantala per hotel listings. Residential/embassy but has hotels; no removal evidence, kept thin.",https://www.atrapalo.com.ar/hoteles/africa/niger/de-niamey/niamey/,
abuja,Asokoro,REMOVE,Tripbase describes Asokoro as Abuja's most exclusive residential district of officials with invite-only dining; no visitor draw beyond a few hotels.,https://www.tripbase.com/destinations/abuja-nigeria/neighborhoods/,
abuja,Central Business District,KEEP,"Tripbase: monumental showpiece with the National Assembly, Eagle Square, Three Arms Zone; quiet at night but a sights area with Fraser Suites. Kept.",https://www.tripbase.com/destinations/abuja-nigeria/neighborhoods/,
calabar,Ekorinim,REMOVE,"Finelib places Dannic, Country Home Resort, 3 Shors and Carlcon in Ekorinim Industrial Estate/South Industrial Layout: an industrial estate zone, no sights or dining found.",https://www.finelib.com/cities/calabar/accommodation/hotels,
calabar,Calabar South (Old Calabar),KEEP,"Finelib lists Eisaso Hotel in Calabar South, the central old area with museum and waterfront. Kept.",https://www.finelib.com/cities/calabar/accommodation/hotels,
calabar,Tinapa,REMOVE,"Wikipedia: Tinapa is a free trade zone and resort complex (shopping, casino, water park) north of the municipality, a single site.",https://en.wikipedia.org/wiki/Tinapa_Resort,
ibadan,Bodija,KEEP,"BON Hotel Nest, Adis Hotels in Bodija (wakaabuja). Kept thin.",https://wakaabuja.com/?p=22202,
ibadan,Agodi GRA,KEEP,Agodi is an upscale area with hotels $50-200 and Agodi Gardens. Kept thin.,https://wakaabuja.com/?p=22202,
ibadan,Ring Road,KEEP,"Ring Road hotels (Jogor, Kakanfo) and nightlife strip. Kept thin.",https://wakaabuja.com/?p=22202,
ibadan,Sango / UI Area,KEEP,Near University of Ibadan: hotels and the university campus; kept thin.,https://wakaabuja.com/?p=22202,
kano,Fagge,KEEP,Zaytun Hotel Kano (4.5 star) and Metro Hotel are in Fagge; old commercial heart near Gidan Makama. Kept.,https://www.travelocity.com/Kano-Hotels-Sultanate-Suites-GRA-Kano.h107227257.Hotel-Information,
kano,Nassarawa GRA,KEEP,"Prince Hotel, Sarina Suites and Sultanate Suites are in Nassarawa GRA. Kept.",https://www.travelocity.com/Kano-Hotels-Sultanate-Suites-GRA-Kano.h107227257.Hotel-Information,
kano,Bompai,REMOVE,"Travelocity addresses read 'Bompai Nassarawa GRA' (Mont Kalm) and Grand Central at Bompai Road: Bompai is the same area as Nassarawa GRA; points are about 840 m apart (807 m N-S, 242 m E-W) and Overture shows commercial use.",https://www.travelocity.com/Kano-Hotels-Sultanate-Suites-GRA-Kano.h107227257.Hotel-Information,
lagos,Lekki,KEEP,"Lagos Phase 1 recommended for beach access, restaurants, spas and nightlife. Kept.",https://360nations.com/africa/nigeria/cities/lagos/where-to-stay.html,
lagos,Ikeja,KEEP,"360nations/Expedia: recommended mainly for airport layovers but with bars on Allen Ave and Marriott/Sheraton; no better candidate listed, kept thin.",https://360nations.com/africa/nigeria/cities/lagos/where-to-stay.html,
osogbo,Oja Oba,KEEP,"Oja Oba is the palace and market; hotels around include LAIM, Hakoy Boutique. Few alternatives, kept thin.",https://nz.hotels.com/tgp/lodging/star/3/6111551/osun-osogbo-sacred-grove,
osogbo,Gbodofon,KEEP,Zarah Guest House and White Plain Suites listed; market area. Kept thin.,https://nz.hotels.com/tgp/lodging/star/3/6111551/osun-osogbo-sacred-grove,
osogbo,Isale-Osun,KEEP,Isale-Osun is the town district for the UNESCO Osun-Osogbo Sacred Grove visitors. Kept.,https://nz.hotels.com/tgp/lodging/star/3/6111551/osun-osogbo-sacred-grove,
pyongyang,Mangyongdae District (Sports Village),KEEP,"Tripadvisor/Koryo/Wikipedia show two first-class tourist hotels (Ryanggang 330 rooms, Sosan 510 rooms) plus Mangyongdae Native House and funfair nearby; thin evidence; kept per rule",https://koryogroup.com/blog/sosan-hotel-north-korea-travel-guide | https://en.wikipedia.org/wiki/Ryanggang_Hotel,
ohrid,Sveti Stefan / Lagadin,KEEP,"Hotel listings show Hotel & Spa Tino, Granit, Slavia Spektar and Lagadin beach hotels on the lakeshore 5-7 km from town, dining mostly on-site; a lakeside resort strip; thin evidence; kept per rule",https://inyourpocket.com/ohrid/hotel-spa-tino-sveti-stefan_154497v | https://ae.trip.com/hotels/sveti-stefan-1-hotels-list-311541,
skopje,Aerodrom,KEEP,Search result lists Aerodrom among Skopje's main areas to stay and listed stays include DoubleTree by Hilton; no direct evidence to remove; thin evidence; kept per rule,https://www.realjourneytravels.com/where-to-stay-in-skopje/,
skopje,Vodno,KEEP,"Where-to-stay guide says Vodno has some of the city's finest luxury accommodation, hiking and the Millennium Cross; thin evidence; kept per rule",https://www.realjourneytravels.com/where-to-stay-in-skopje/,
saipan,San Roque,KEEP,"Booking has a San Roque page with Kensington Hotel (private beach, pool); only one hotel found by search, so thin; thin evidence; kept per rule",https://www.booking.com/city/mp/san-roque.en-gb.html,
bergen,Sandviken,REMOVE,Expat/visitbergen pages describe Sandviken as a historic fishing village turned residential district with just a few cafes and a few B&Bs; Bryggen and Nordnes cover the wooden-house heritage.,https://expatlife.ai/norway/cities/bergen/neighborhoods/sandviken | https://en.visitbergen.com/ideas-and-inspiration/explore-bergen/districts-and-neighborhoods-in-bergen-city-center,
oslo,Majorstuen,KEEP,"Expedia lists 11 accommodations in Majorstuen, restaurants, Oslo City Museum, Frogner Park and Vigeland-area metro stations.",https://expedia.co.nz/Oslo-Majorstuen.dx6143037,
stavanger,Eiganes & Valand,KEEP,"Breiavatnet lake, Stavanger Museum and Kunstmuseum are in the Eiganes/Valand district with Thon Hotel Maritim and Scandic Stavanger City overlooking the lake.",https://snl.no/Breiavatnet | https://www.thehotelguru.com/hotel/thon-hotel-maritim-stavanger,
tromso,Tromsdalen,KEEP,"Arctic Cathedral and cable car; hotels few (Tromso Lodge, apartments) but a named visitor attraction across the bridge; thin evidence; kept per rule",https://ae.trip.com/hotels/tromsdalen-arctic-cathedral/hotels-c297717m6788612,
tromso,Bjerkaker,KEEP,Wikipedia confirms Bjerkaker is a neighborhood at the southern tip of Tromsoya; no evidence found either way for visitor use (St Elisabeth Hotel & Spa); thin evidence; kept per rule; recommend Jeff consider removal.,https://en.wikipedia.org/wiki/Bjerkaker,
tromso,Breivika,KEEP,No source found describing Breivika as tourist or non-tourist (only the Pingvinhotellet listed); thin evidence; kept per rule; recommend Jeff consider removal.,https://en.wikipedia.org/wiki/Troms%C3%B8_Municipality,
alesund,Volsdalen,REMOVE,"Search for Volsdalen returns only Volsdalen Camping and listings calling Volsdalsbakken a quiet family residential area; no hotels found, while Sentrum and Aspoya hold the Art Nouveau hotels.",https://camplinq.com/camps/camping-volsdalen/ | https://www.staysomedays.com/en/hotels/destinations-en/europe-en/norway/alesund-en,
longyearbyen,Haugen,KEEP,Haugen Pensjonat is 10 min walk from the centre (visitnorway); not contested.,https://www.visitnorway.com/listings/haugen-pensjonat-svalbard/21105,
longyearbyen,Nybyen,KEEP,Gjestehuset 102 is a mining-barracks guesthouse in Nybyen (visitnorway); Svalbard is tiny so a walkable edge-of-town lodging area.,https://www.visitnorway.com/listings/gjestehuset-102/19470,
longyearbyen,Gruvedalen,KEEP,Gruvedalen is a hillside location about 5 minutes' walk from the centre with Russkiy Dom hostel; Gruvelageret restaurant is nearby in Sverdrupbyen; thin evidence; kept per rule,https://nz.trip.com/hotels/longyearbyen-hotel-detail-104115404/russkiy-dom | https://www.visitnorway.no/listings/gruvelageret/199321/,
muscat,Shatti Al Qurum,KEEP,"Shatti Al Qurum is a beach area with Royal Opera House, Qurum Beach and many dining options; hotels W, InterContinental, Grand Hyatt. About 2.2 km from the Qurum point; sources treat them as separate areas.",https://tripjive.com/best-areas-to-stay-in-muscat-top-picks-tips/,
muscat,Qurum,KEEP,"Qurum is described as an upscale district with Qurm Beach, luxury hotels, restaurants and cafes; sources treat it separately from Shatti (2.2 km apart). Overture zeros reflect undercounting.",https://tripjive.com/best-areas-to-stay-in-muscat-top-picks-tips/ | https://expedia.ie/Muscat-Qurm.dx553248622820591361,
muscat,Al Bustan / Bandar Jissah,KEEP,Al Bustan Palace resort and Hilton Al Bandar are real resort hotels but a thin zone; arrival guide positions Al Bustan separately from main areas; thin evidence; kept per rule,https://www.arrivalguides.com/en/Travelguides/Asia/Oman/Muscat/accommodations,
salalah,Al Haffa,KEEP,Expedia lists the Al Haffa souq area with several hotels within 1-4 miles; souq and beach quarter; thin evidence; kept per rule,https://www.expedia.com/Al-Haffa-Hotels.d553248635975438268.Travel-Guide-Hotels,
salalah,Al Dahariz,KEEP,"Janub Ad Dahariz lists Crowne Plaza Resort, Beach Resort and Anantara Al Baleed nearby; thin evidence; kept per rule",https://www.expedia.com/Salalah-Janub-Ad-Dahariz.dx3000001308,
salalah,Hawana Salalah,KEEP,"Hawana area holds Salalah Rotana Resort, Fanar Hotel & Residences, Juweira Boutique Hotel, Bamboo Hawana and an aqua park.",https://www.expedia.com/Hawana-Aqua-Park-Salalah.d741394779006771200.Vacation-Attraction,
gilgit,Jutial,KEEP,"Jutial hosts Gilgit Serena Hotel, Gilgit Gateway Hotel and Destination Hotel, 4 km from the core; thin evidence; kept per rule",https://www.readytotrip.com/hotels/Pakistan/Azad%20Jammu%20and%20Kashmir/Gilgit/,
gilgit,Konodas,KEEP,Citi Hotel Gilgit sits 0.9 km from Konodas ground near Uprising Memorial and City Park; thin evidence; kept per rule,https://ph.trip.com/hotels/gilgit-konodsaa-ground/hotels-c6815m52676029,
islamabad,F-8,KEEP,Listings mention F-8 Sector as accommodation area; thin evidence; kept per rule,https://uk.hotels.com/de1642108-at30/guest-houses-hotels-islamabad-pakistan/,
islamabad,G-6 (Aabpara),REMOVE,"Guide describes G-6 as quiet residential sectors offering authentic local living without tourist crowds; F-6, F-7 and Blue Area carry the hotels and dining.",https://uk.hotels.com/de1642108-st5/five-star-hotels-islamabad-pakistan/,
karachi,Defence (DHA),KEEP,Guides say DHA has plenty of shopping and dining and Trip.com lists hotels in Defence Housing Authority; Overture hotel count is undercounted; thin evidence; kept per rule,https://uk.trip.com/hotels/karachi-district-hotels-list-334/location254546 | https://nz.hotels.com/tgp/lodging/star/2/1809/karachi,
karachi,Gulshan-e-Iqbal,REMOVE,"Wikipedia/Zameen describe Gulshan-e-Iqbal as the city's largest working-class residential and commercial area (2 million people), attractions only Expo Center and Sindbad's Wonderland; hotels are 2.",https://www.zameen.com/area-guides/karachi/gulshan-e-iqbal-town-6858/,
lahore,DHA (Defence Housing Authority),KEEP,"TripBase/Expedia describe DHA as an upscale planned area with high-end restaurants, Emporium Mall and hotels; weak sightseeing; thin evidence; kept per rule",https://www.tripbase.com/destinations/lahore-pakistan/neighborhoods/dha/ | https://www.expedia.com/Lahore-Phase-5-DHA.dx952309489550385152,
lahore,Model Town,REMOVE,Real-estate and Expedia pages describe Model Town as a prominent residential neighborhood with no top attractions; one hotel counted.,https://www.graana.com/rent/house-rent-model-town-lahore-2-536/ | https://www.expedia.com/Lahore-Model-Town.dx553248633981712965,
murree,Pindi Point,REMOVE,"Wikipedia/travel pages describe Pindi Point as a single mountain viewpoint with chairlift, cafe and playground, a 15-minute walk from Mall Road (about 1.8 km from the Mall Road point); a single site, covered by Mall Road.",https://en.wikipedia.org/wiki/Pindi_Point | https://kupi.com/en-ae/explore/pakistan/murree/pindi-point-chair-lift,
murree,Jhika Gali,KEEP,"Trip.com lists The Vibe By Ambiance, ZAR Luxury Suites and Royal Serviced Cottages in Jhika Gali; resort village, thin dining; thin evidence; kept per rule",https://nz.trip.com/hotels/internet-access/city/pk/jhika-gali.html,
skardu,Satpara Road Area,KEEP,"Mountain Lodge, Executive Guest House and others sit between the bazaar and Satpara Lake (2-4 km); a hotel strip road; thin evidence; kept per rule",https://www.lastminute.com/hotels/pk_pakistan/skardu-d1400304241,
koror,Downtown Koror (Main Street/T-Dock),KEEP,Hotels.com lists Palau Central Hotel and West Plaza Hotel downtown near WCTC Shopping Center and Etpison Museum.,https://za.hotels.com/co10233135/hotels-palau,
koror,Meyuns (Arakabesang Peninsula),KEEP,"Palau Pacific Resort is the top-rated hotel in Meyungs per Hotels.com, with beaches; thin evidence; kept per rule",https://es.hoteles.com/de10753076/hoteles-meyuns-palau/monthTab1,
koror,Airai (near airport),REMOVE,"Wikipedia: Airai is a separate state of Palau, holding the international airport, connected to Koror by a bridge; not part of Koror.",https://en.wikipedia.org/wiki/Airai,
nablus,Rafidia,KEEP,"Hotel-listing pages say Nablus hotels are in the old city, downtown and Rafidia (Beit al-Sham Guesthouse, Royal Suites); restaurants 28 counted.",https://visitpalestine.ps/accommodation/ | https://www.hostelworld.com/hostels/p/62807/beit-al-sham-guesthouse/,
nablus,Ras al-Ein,KEEP,Could not confirm Ras al-Ein as the same area as Al-Manara/Downtown (about 0.5 km apart); no source states they are one area; thin evidence; kept per rule,https://visitpalestine.ps/accommodation/,
panama-city,Punta Pacifica,KEEP,"Expedia/Trip.com list JW Marriott, Courtyard Multiplaza, Multiplaza Pacific mall dining and ocean-view restaurants, described as safe with sightseeing access; 9 hotels 23 food 27 sights counted.",https://expedia.com.au/Punta-Pacifica.dx3000663482 | https://nz.trip.com/hotels/panama-city-hotels-list-830/zone118645392,
port-moresby,Waigani,KEEP,"Search results list Stanley Hotel & Suites, Lamana and Holiday Inn Express in Waigani; kept.",https://hichee.com/listings/13941869,
port-moresby,Boroko/Gordons,KEEP,"Search results list Holiday Inn, Paddy's Hotel and Citi Serviced Apartments in Boroko; kept.",https://hichee.com/listings/13941869,
port-moresby,Korobosea/Airport area,KEEP,Thin evidence: Airways Hotel is a known visitor hotel by the airport but the search gave no source against it; kept (low-data country).,https://hichee.com/listings/13941869,
asuncion,Costanera (Bahía de Asunción),KEEP,mustseespots where-to-stay page describes the Costanera promenade on the river as a visitor area; hood point is ~1 km from Centro point (different area); Gran Hotel del Paraguay is listed.,https://www.mustseespots.com/paraguay/articles/where-to-stay-in-asuncin-best-neighborhoods-accommodation-options/,
encarnacion,Quiteria,REMOVE,"Travelocity/Expedia hotel lists for Encarnacion centre on the Costanera and Centro; none lists Quiteria; Overture 1 restaurant within 800 m, 4.3 km north of Centro. Thin evidence.",https://www.travelocity.com/Costanera-De-La-Ciudad-De-Encarnacion-Paraguay-Hotels.0-l553248621532464068-0.Travel-Guide-Filter-Hotels,
encarnacion,San Pedro,REMOVE,"Same Encarnacion hotel searches list Costanera, San Jose and Centro only; San Pedro has 1 restaurant and 0 sights within 800 m, 2.9 km from Centro. Thin evidence.",https://www.travelocity.com/Costanera-De-La-Ciudad-De-Encarnacion-Paraguay-Hotels.0-l553248621532464068-0.Travel-Guide-Filter-Hotels,
arequipa,Cayma,KEEP,tripjive where-to-stay-in-Arequipa says Cayma has surged in popularity for accommodation with volcano views.,https://tripjive.com/where-to-stay-in-arequipa-for-the-best-experience/,
cusco,Wanchaq,REMOVE,"xixerone/lastminute where-to-stay pages call Wanchaq less atmospheric, useful only for airport, buses and some train services; 17 hotels vs 289-574 in the other four hoods.",https://xixerone.com/en/where-to-stay-in-cusco-peru/ | https://www.lastminute.com/hotels/pe_peru/cuzco-d1394155895,
ica,Cachiche,REMOVE,"Search shows Cachiche (Witches of Cachiche) as a nearby day visit from Huacachina, not a place to stay; 0 hotels in Overture.",https://www.expedia.com/Todos-Los-Hoteles-De-Subtanjalla.d553248635973465562.Guia-Viajes-Ciudad-Todos-Hoteles | https://uk.trip.com/travel-guide/destination/ica-20958/,
ica,Subtanjalla,KEEP,"Expedia lists 111 accommodations in Subtanjalla (hotels, hostels, wine haciendas); Overture 0 hotels is an undercount. Thin evidence, kept.",https://www.expedia.com/Todos-Los-Hoteles-De-Subtanjalla.d553248635973465562.Guia-Viajes-Ciudad-Todos-Hoteles | https://uk.trip.com/travel-guide/destination/ica-20958/,
ica,San Juan Bautista,REMOVE,"Search lists only one property (Hacienda San Juan Resort) for San Juan Bautista; single resort, 0 hotels and 1 food within 800 m.",https://www.expedia.com/Todos-Los-Hoteles-De-Subtanjalla.d553248635973465562.Guia-Viajes-Ciudad-Todos-Hoteles | https://uk.trip.com/travel-guide/destination/ica-20958/,
iquitos,Punchana,KEEP,"Hotelsone/Expedia list Hotel Daylu and Amazon Sunrise Lodge in Punchana (Nanay port); Overture 11 hotels, 41 food. Thin evidence, kept.",https://www.hotelsone.com/peru-pe/reservations-punchana-hotels.html | https://www.expedia.com/San-Juan-Bautista.dx553248635973463713.Where-To-Stay,
iquitos,San Juan Bautista,REMOVE,"Expedia lists jungle lodges and guesthouses near Allpahuayo Mishana reserve (Amazon Paradise, Pura Chata Ecolodge) in San Juan Bautista, ~6 km from the centre: lodge/excursion zone, 0 sights.",https://www.hotelsone.com/peru-pe/reservations-punchana-hotels.html | https://www.expedia.com/San-Juan-Bautista.dx553248635973463713.Where-To-Stay,
lima,Santiago de Surco,REMOVE,"Lima where-to-stay guides (22places, livingoutlau) name Miraflores, Barranco, San Isidro and Centro; Surco is not named; Overture 5 hotels within 800 m. Thin evidence.",https://www.22places.com/where-to-stay-in-lima/ | https://livingoutlau.com/?p=17481,
lima,San Borja,REMOVE,Same guides do not name San Borja as a visitor area; business/residential district. Thin evidence.,https://www.22places.com/where-to-stay-in-lima/ | https://livingoutlau.com/?p=17481,
lima,Centro Historico de Lima,ADD,"22places and livingoutlau where-to-stay guides list Centro Historico (colonial Plaza Mayor, UNESCO) as a main area, with fewer and less safe hotels; famous sights and many restaurants.",https://www.22places.com/where-to-stay-in-lima/ | https://livingoutlau.com/?p=17481,"[-12.0432, -77.0282]"
puno,Malecon/Puerto,KEEP,GHL Hotel Lago Titicaca is described as steps from the lake port in the entertainment district; boat tours leave from the port.,https://uk.trip.com/hotels/balcony/city/pe/puno.html | https://www.anywhere.com/es/peru/destinations/puno/hotels/hacienda-plaza-de-armas,
puno,Huajsapata,KEEP,Thin evidence: Huajsapata viewpoint is ~380 m from the Plaza de Armas point but is a recognised visitor hill with 94 hotels nearby; kept.,https://uk.trip.com/hotels/balcony/city/pe/puno.html | https://www.anywhere.com/es/peru/destinations/puno/hotels/hacienda-plaza-de-armas,
puno,Jr. Lima,REMOVE,Search result for Munay Tambo says Jiron Lima is 50 m from the main square (250 m); hood point is 120 m from Plaza de Armas point: same area.,https://uk.trip.com/hotels/balcony/city/pe/puno.html | https://www.anywhere.com/es/peru/destinations/puno/hotels/hacienda-plaza-de-armas,
puno,Salcedo,REMOVE,"Puno hotel searches list only central and lakeside hotels; Salcedo point is 4.7 km away with 0 hotels, 1 restaurant. Thin evidence.",https://uk.trip.com/hotels/balcony/city/pe/puno.html | https://www.anywhere.com/es/peru/destinations/puno/hotels/hacienda-plaza-de-armas,
baguio,Baguio Public Market,REMOVE,"Baguio point is ~190 m from Session Road point; trip.com guide groups Session Road, Burnham Park and Hotel Veniz Burnham as one stay area.",https://ph.trip.com/guide/stay/where-to-stay-in-baguio.html,
coron,Tagumpay,KEEP,"Expedia lists Two Seasons Coron Bayside (4-star) in Tagumpay, described as a budget base near Maquinit Hot Spring. Thin evidence, kept.",https://www.expedia.com/cn/Tagumpay-Hotels.d943632065801576448.Travel-Guide-Hotels,
davao,Matina,REMOVE,"Hotels.com/Expedia area summary describes Matina as a student/residential suburb with a non-touristy feel and hostels/pension houses only; Overture 2 hotels, 1 food.",https://expedia.sa/Davao-Chinatown.dx715126057743429632,
legaspi,Rawis,KEEP,"Search lists RedDoorz at Pag Asa Rawis, 10 minutes from Lignon Hill and Embarcadero; Overture 8 hotels, 11 food. Kept.",https://trip101.com/article/hotels-in-legazpi,
legaspi,Taysan,REMOVE,"Legazpi hotel searches list Rawis, Old Albay and Daraga, not Taysan; Overture 0 hotels, 2 food, 1 sight at the point. Thin evidence.",https://trip101.com/article/hotels-in-legazpi,
panglao,Dumaluan / Bikini Beach (Bolod),KEEP,bohol-philippines.com lists South Palms Resort on Bolod/Dumaluan as a calm family beach stay; kept.,https://bohol-philippines.com/where-to-stay-in-panglao-island-top-panglao-hotels-and-resorts,
puerto-princesa,Sabang,KEEP,twobytheworld guide: Sabang is the place to stay near the Underground River; Four Points by Sheraton listed.,https://twobytheworld.com/?p=21310 | https://expedia.com.vn/en/Sta-Lourdes-Wharf-Puerto-Princesa.d553248621560057692.Vacation-Attraction,
puerto-princesa,Sta. Lourdes (Honda Bay),REMOVE,"Guide says Honda Bay is for island-hopping boat tours; Expedia lists Sta Lourdes only as a wharf attraction; 1 hotel, 0 food.",https://twobytheworld.com/?p=21310 | https://expedia.com.vn/en/Sta-Lourdes-Wharf-Puerto-Princesa.d553248621560057692.Vacation-Attraction,
puerto-princesa,San Manuel,KEEP,Thin evidence: search gave little on San Manuel but Microtel by Wyndham is there (14 hotels in Overture); kept.,https://twobytheworld.com/?p=21310 | https://expedia.com.vn/en/Sta-Lourdes-Wharf-Puerto-Princesa.d553248621560057692.Vacation-Attraction,
gdansk,Wyspa Spichrzów (Granary Island),KEEP,Guide treats Granary Island as its own stay area; hood point is ~780 m from Main Town point.,https://theuniquepoland.com/where-to-stay-in-gdansk-the-best-neighborhoods-amazing-hotels,
gdansk,Oliwa,KEEP,"Guide: Oliwa has Oliwa Park, Dwor Oliwski and the cathedral, calm and family-friendly (3 hotels); famous visitor district, kept.",https://theuniquepoland.com/where-to-stay-in-gdansk-the-best-neighborhoods-amazing-hotels,
gdansk,Przymorze (Baltic beach),REMOVE,"Same guide: no hotels in Przymorze, mostly communist-era flat blocks.",https://theuniquepoland.com/where-to-stay-in-gdansk-the-best-neighborhoods-amazing-hotels,
krakow,Podgórze,KEEP,"Guides describe Podgorze as up-and-coming with cafes, restaurants and Schindler's Factory hotel.",https://www.mustseespots.com/poland/articles/where-to-stay-in-krakow-best-districts-hotels/ | https://www.opodo.co.uk/blog/best-neighbourhoods-and-top-hotels-to-stay-in-krakow/,
krakow,Nowa Huta,KEEP,Thin evidence to remove: Nowa Huta is a well-known visitor district (socialist-realist tours); search gave no source against it; only 4 other hoods so it fits under the cap.,https://www.mustseespots.com/poland/articles/where-to-stay-in-krakow-best-districts-hotels/ | https://www.opodo.co.uk/blog/best-neighbourhoods-and-top-hotels-to-stay-in-krakow/,
krakow,Kleparz,KEEP,"Guides recommend Kleparz as walkable, cheaper base with Art Nouveau architecture; 117 hotels nearby.",https://www.mustseespots.com/poland/articles/where-to-stay-in-krakow-best-districts-hotels/ | https://www.opodo.co.uk/blog/best-neighbourhoods-and-top-hotels-to-stay-in-krakow/,
poznan,Wilda,REMOVE,"Guides describe Wilda as away from tourist crowds, local apartments and guesthouses; Overture 2 hotels.",https://www.itimaker.com/blog/where-to-stay-pozna%C5%84,
poznan,Malta / Nowe Miasto,KEEP,Thin evidence: Malta lake/thermal baths recreation area with Novotel Poznan Malta; no source against it; kept.,https://www.itimaker.com/blog/where-to-stay-pozna%C5%84,
sopot,Kamienny Potok,KEEP,Thin evidence: beachfront with Hotel Aqua; no source against it; kept.,https://www.nz.kayak.com/Sopot-Hotels_Karlikowo.N212413.48765.hotel.ksp,
sopot,Karlikowo,KEEP,"Kayak lists Sopot Marriott, Radisson Blu Sopot, Sopotorium, Eureka and Sopocki Zdroj in Karlikowo: many spa hotels near the beach. Reverses first pass.",https://www.nz.kayak.com/Sopot-Hotels_Karlikowo.N212413.48765.hotel.ksp,
warsaw,Mokotow,REMOVE,Voyagetips calls Mokotow a leafy residential area; only 1 hotel within 800 m of the point. Cap of 5 forces choice vs Wilanow (see notes).,https://www.voyagetips.com/en/where-to-stay-in-warsaw/ | https://www.treksplorer.com/where-to-stay-in-warsaw-poland/,
warsaw,Wilanow,KEEP,Voyagetips: Wilanow is upscale with quality accommodation and the famous palace; first-pass point is ~2 km from the palace and reads zero. Moved to palace.,https://www.voyagetips.com/en/where-to-stay-in-warsaw/ | https://www.treksplorer.com/where-to-stay-in-warsaw-poland/,"[52.1651, 21.09]"
warsaw,Powisle,ADD,"Voyagetips where-to-stay page: riverside district next to Old Town with cafes, bars, restaurants, boulevards, Copernicus Science Centre; a recommended base.",https://www.voyagetips.com/en/where-to-stay-in-warsaw/ | https://www.treksplorer.com/where-to-stay-in-warsaw-poland/,"[52.2385, 21.0285]"
wroclaw,Krzyki,REMOVE,"Expedia/itimaker show Krzyki as a southern residential district with modern apartments (Sky Tower), not a visitor area; point is ~5 km from the Rynek.",https://www.expedia.com.au/Krzyki.d3000662058.Destination-Travel-Guides | https://www.itimaker.com/blog/where-stay-wrocław-visitors,
coimbra,Alta (University Hill),KEEP,Not in scope for removal; see notes on possible point fix.,,"[40.2075, -8.4259]"
coimbra,Baixa,KEEP,not in scope,,"[40.2118, -8.4294]"
coimbra,Celas,KEEP,"Thin evidence to remove: guide calls Celas lively with culture, nightlife and student cafes near the university; kept.",https://oladaniela.com/where-to-stay-coimbra/ | https://breathingtravel.com/where-to-stay-in-coimbra/,
faro,Praia de Faro,KEEP,Brainy Backpackers 'where to stay in Faro' lists Praia de Faro as a beachside stay with beach bars and seafood restaurants.,https://brainybackpackers.com/best-places-to-stay-in-faro/,
faro,Montenegro,REMOVE,"Search results (trip.com, readytotrip) place Montenegro as the airport neighbourhood; Hotel Monaco is described as the nearest hotel to Faro airport, no visitor sights listed.",https://www.readytotrip.com/hotels/Portugal/Algarve/Monte%20Negro/ | https://au.trip.com/hotels/montenegro-1-terminal-1-of-faro-airport/hotels-c101052m26505538,
funchal,Monte,KEEP,"Redwhiteadventures and Hotel Guru guides list Monte as a hilltop area to stay with gardens and views; famous visitor draw (Monte Palace, toboggan); evidence to remove thin.",https://redwhiteadventures.com/where-to-stay-funchal/,
lisbon,Belém,KEEP,"Search results (timetomomo, eurovistatrips) show Belem has hotels (Altis Belem, Palacio do Governador), restaurants and top monuments.",https://eurovistatrips.com/lisbon-hotels-belem-district-guide/,
porto,Bonfim,KEEP,Portoalities and porto.travel guides list Bonfim as a cheaper area to stay with craft beer bars and viewpoints.,https://portoalities.com/en/guide-bonfim-neighborhood/,
porto,Foz do Douro,KEEP,"Guides (gretastravels, porto.travel) describe Foz do Douro as a coastal area with beaches, seafood restaurants and hotels, though a 35 min tram from the centre.",https://porto.travel/where-to-stay-in-porto/,
ponce,Playa de Ponce,KEEP,"Hotels.com/Travelocity La Guancha pages list hotels (Hilton, Aloft) near the boardwalk; Wikivoyage says Playa/La Guancha is a waterfront dining/water-activity hub.",https://en.wikivoyage.org/wiki/Ponce,
ponce,Canas,KEEP,"Evidence thin: Wikivoyage shows downtown and the waterfront as the tourist areas and does not mention Canas; Holiday Inn Ponce is on the highway there. Rural barrio with 1 restaurant; weak but no citable source to remove, kept.",https://en.wikivoyage.org/wiki/Ponce,
doha,Al Sadd,REMOVE,"Doha 'where to stay' roundup (mondayfeelings/mustseespots) calls Al Sadd local, unglamorous and useful only near a metro station; top picks are Souq Waqif, Msheireb and West Bay.",https://www.mondayfeelings.com/?p=47992 | https://www.mustseespots.com/qatar/articles/where-to-stay-in-doha-best-hotels-neighborhoods-for-every-traveler/,
doha,Katara,KEEP,"Search results (lorenzigo, mustseespots) list Katara as a cultural village with theatres, galleries, beach and mosque; visitor draw. Weakest-vs-Al Sadd call: see notes.",https://www.mustseespots.com/qatar/articles/where-to-stay-in-doha-best-hotels-neighborhoods-for-every-traveler/,
doha,Souq Waqif,ADD,"Wikipedia gives Souq Waqif coordinates 25.28738, 51.53321 in the Al Souq district of central Doha, with the historic Bismillah hotel and many restaurants; mustseespots/mondayfeelings name it a top first-time area, with Msheireb 0.4 km west as a separate district. The first-pass point (25.285, 51.545) was wrong (1.2 km east).",https://en.wikipedia.org/wiki/Souq_Waqif | https://www.mustseespots.com/qatar/articles/where-to-stay-in-doha-best-hotels-neighborhoods-for-every-traveler/,"[25.2874, 51.5332]"
brazzaville,Bacongo,KEEP,"Wikivoyage: Bacongo has many bars and street food, residential nightlife area; lastminute guide notes restaurants and bars. Evidence thin for hotels.",https://en.wikivoyage.org/wiki/Brazzaville,
brazzaville,Patte d'Oie / Moungali,KEEP,Lastminute/Trip.com: Moungali is an upmarket district with Radisson Blu M'Bamou Palace and Residence Hoteliere de Moungali.,https://www.lastminute.com/hotels/cg_congo/brazzaville-d1058310770,
brazzaville,Maya-Maya (Airport District),REMOVE,"Wikivoyage describes the Maya-Maya area only as the airport zone 20 min south of the centre (Tennis Club, stadium road); no visitor dining or sights.",https://en.wikivoyage.org/wiki/Brazzaville,
bucharest,Herăstrău / Băneasa,KEEP,"Mustseespots lists the Herastrau park area among visitor areas; Crowne Plaza and Pullman WTC listed nearby; evidence to remove thin, famous park.",https://www.mustseespots.com/romania/articles/where-to-stay-in-bucharest-best-districts-hotels/,
bucharest,Dorobanți / Floreasca,KEEP,"Mustseespots: Dorobanti-Floreasca is an upscale area with restaurants, cafes and guesthouses; quiet but with fashionable dining.",https://www.mustseespots.com/romania/articles/where-to-stay-in-bucharest-best-districts-hotels/,
cluj-napoca,Grigorescu,KEEP,"Romaniaexperience: Grigorescu is a quiet residential area; Overture shows 5 hotels, 19 food; kept as thin evidence only.",https://www.romaniaexperience.com/?p=4555,
cluj-napoca,Marasti,KEEP,"Romaniaexperience: Marasti is near the centre, has Central Park and Casino; 9 hotels incl. Hampton by Hilton near Iulius; thin.",https://www.romaniaexperience.com/?p=4555,
cluj-napoca,Gheorgheni,REMOVE,"Romaniaexperience describes Gheorgheni as newer, budget, car-oriented residential blocks; Wikivoyage Cluj lists hotels, restaurants and sights almost only in Centru.",https://www.romaniaexperience.com/?p=4555 | https://en.wikivoyage.org/wiki/Cluj-Napoca,
cluj-napoca,Manastur,REMOVE,"Wikivoyage Cluj-Napoca lists no hotels, restaurants or sights in Manastur (all are in Centru); Overture shows 1 hotel; residential block district.",https://en.wikivoyage.org/wiki/Cluj-Napoca,
constanta,Mamaia,KEEP,"Milehacker Constanta guide: Mamaia has beachfront hotels, clubs, many pool hotels; crowded in high season.",https://www.milehacker.com/travel/romania/northern-dobrogea/constanta/where-to-stay-in-constanta-hotels-neighborhoods-ac/,
constanta,Tomis Nord,KEEP,Milehacker lists the Faleza Nord / Tomis Nord area as quieter with modern apartment buildings and sea-view hotels; 13 hotels in Overture; thin.,https://www.milehacker.com/travel/romania/northern-dobrogea/constanta/where-to-stay-in-constanta-hotels-neighborhoods-ac/,
sibiu,Sub Arini,KEEP,Xixerone/Itimaker guides mention areas near Sub Arini park for green space; Hilton Sibiu listed there; 21 hotels in Overture.,https://xixerone.com/en/where-to-stay-in-sibiu-romania-best-areas-hotels/,
sibiu,Terezian,KEEP,Expedia shows about 12 accommodation options in Terezian; Overture 22 hotels; residential feel but evidence to remove thin.,https://www.expedia.com/Terezian-Hotels.d953380913107070976.Travel-Guide-Hotels,
irkutsk,Akademgorodok,REMOVE,"Trip.com lists a single hotel (Akademicheskaya, 47 rooms) in Akademgorodok, described as a quiet, well-kept residential science district; Overture 2 hotels, 4 food.",https://ph.trip.com/hotels/irkutsk-hotel-detail-10082734/gostinitsa-akademicheskaya-hotel,
kazan,Old Tatar Sloboda,KEEP,"Culture Trip and nashaplaneta: Old Tatar Sloboda has a 500 m pedestrian street, hostels and hotels (H&Co, Tatar Inn).",https://nashaplaneta.net/europe/russia/kazan-dostoprimechatelnosti-staraya-tatarskaya-sloboda_en,
kazan,Bulak & Kaban Lakes,REMOVE,"Bulak/Kaban lakes point is 0.33 km from the Old Tatar Sloboda point; Kaban lakes sit beside the Old Tatar quarter (Culture Trip: H&Co Hostel is at Kaban lakes on a pedestrian street in the Old Tatar quarter), same area under two names.",https://theculturetrip.com/articles/best-places-to-stay-on-a-budget-in-kazan | https://nashaplaneta.net/europe/russia/kazan-dostoprimechatelnosti-staraya-tatarskaya-sloboda_en,
kazan,Sovetsky District,REMOVE,"Wikivoyage Kazan puts hotels, restaurants and sights at the Kremlin/Bauman corridor and mentions Sovetsky only for shopping; the point is 7.7 km east of the Kremlin; Overture 1 hotel, 4 food.",https://en.wikivoyage.org/wiki/Kazan,
pyatigorsk,Mount Mashuk & Proval,REMOVE,"Wikipedia lists Mount Mashuk as a single mountain sight with hiking; point is on the mountain slope with 0 hotels and 1 food in Overture; a sight, not a base.",https://en.wikipedia.org/wiki/Pyatigorsk,
pyatigorsk,Goryachevodsky,REMOVE,Wikipedia lists Goryachevodsky as a separate urban-type settlement incorporated into the city area; sanatorium suburb.,https://en.wikipedia.org/wiki/Pyatigorsk,
pyatigorsk,Novopyatigorsk,REMOVE,"Trip.com places SPA-Hotel Parus (Novopyatigorsk lake) 8.6 km from the Drinking Gallery and the university, away from the visitor core; Overture 0 hotels, 4 food.",https://ae.trip.com/hotels/pyatigorsk-hotel-detail-23096430/mashuk,
sergiyev-posad,Klementyevo,KEEP,"Search results show Voznesenskaya Street has guesthouses and the Lozhka canteen, and Staryy Gorod hotel 0.6 km from the Lavra; Overture 8 hotels, 23 food; kept as thin.",https://uk.trip.com/restaurant/russia/sergiev-posad/detail/canteen-lozhka-34201452,
sochi,Adler,KEEP,"Wikivoyage Sochi: Adler is the transport hub with the airport, Olympic venues, aquarium, dolphinarium; Lastminute lists Adler hotels; Overture undercounts.",https://en.wikivoyage.org/wiki/Sochi,
sochi,Krasnaya Polyana,KEEP,"Wikivoyage/Milehacker: Krasnaya Polyana is the Olympic alpine resort with Rosa Khutor hotels (Radisson, Rixos).",https://en.wikivoyage.org/wiki/Sochi,
sochi,Khosta,KEEP,"Wikivoyage Sochi: Khosta has Mount Akhun, Agura canyon waterfalls, Yew-boxwood grove and guesthouses (Victor Guesthouse, AKS Hotel).",https://en.wikivoyage.org/wiki/Sochi,
sochi,Matsesta,KEEP,"Wikivoyage Sochi names Matsesta as the spa district reachable by bus 3K; sanatoria stay; evidence to remove thin, weakest of five.",https://en.wikivoyage.org/wiki/Sochi,
vladimir,Klyazma Riverside,KEEP,"Vladimir city tourism site and search results list Monomakh hotel, Klyazma-bank park hotels 1.5 km from the centre; thin.",https://en.vladimirtravel.ru/place/gde-ostanovitsya,
vladimir,Studyonaya Gora,KEEP,Search results list Hotel Zarya on Studenaya Gora near the Golden Gate; thin evidence; hillside residential.,https://en.vladimirtravel.ru/place/gde-ostanovitsya,
vladivostok,Sportivnaya Harbour (Embankment),KEEP,"Wikivoyage: Sportivnaya Harbour is a promenade and beach with amusement park, TINRO marine museum, dining; Expedia counts 87 accommodations within a mile.",https://en.wikivoyage.org/wiki/Vladivostok,
vladivostok,Egersheld,KEEP,Evidence thin: Wikivoyage describes Egersheld as a cape with the 1910 lighthouse (single site); hotels Gavan/Primorye listed; kept.,https://en.wikivoyage.org/wiki/Vladivostok,
vladivostok,Eagle's Nest / Funicular,KEEP,"Wikivoyage: Eagle's Nest funicular viewpoint; Trip.com/Expedia list hotels near it (Svetlanskaya, Zolotoy Rog).",https://sg.trip.com/hotels/landmark/ru/eagle's-nest-mount.html,
yaroslavl,Strelka & Volga Embankment,KEEP,Wikivoyage: the Volga promenade is the best place to eat; Wikipedia: UNESCO historic centre at the Kotorosl confluence; hotel complex 5 min from the Kremlin.,https://en.wikivoyage.org/wiki/Yaroslavl,
yaroslavl,Korovniki,KEEP,"Evidence thin: Korovnitskaya Sloboda Hotel (848 reviews, 8.4) is here but sights are 1.3-1.5 km; part of the UNESCO centre; kept.",https://www.kayak.com/Yaroslavl-Hotels-Korovnitskaya-Sloboda-Hotel.755580.ksp,
yaroslavl,Krasny Perekop (Tolchkovo),REMOVE,"Mapcarta/search: the Krasny Perekop/Tolchkovo sloboda is known for one site, the St John the Baptist Church; Overture 2 hotels, 4 food; single site.",https://mapcarta.com/13430226,
cyangugu,Cyangugu (lakeshore),KEEP,"Wikivoyage Rusizi lists the lakeshore hotels (Emeraude Kivu Resort, Hotel du Lac, Kivu Marina Bay) and says Cyangugu sits on Lake Kivu; Overture undercounts Africa.",https://en.wikivoyage.org/wiki/Rusizi,
cyangugu,Kamembe,KEEP,"Search results name Kamembe the best choice for first-time visitors (airport, main town, Rusizi Progress Hotel); Wikivoyage notes it is the uphill transport centre.",https://en.wikivoyage.org/wiki/Rusizi,
cyangugu,Gihundwe,KEEP,Hotels.com/search list Gihundwe among the areas to stay and Mantis Kivu Marina Bay Hotel; evidence to remove thin.,https://hotels.com/re665898343033761792/hotels-in-rusizi-rwanda,
gisenyi,Gisenyi Centre / Downtown,KEEP,Wikivoyage Rubavu: small walkable town with restaurants and bars listed in the centre.,https://en.wikivoyage.org/wiki/Rubavu,
gisenyi,Kivu Beach,KEEP,"Wikivoyage Rubavu: the lakeshore resort has the best hotels and biggest sandy beaches. Note: point is only 0.13 km from the centre point; Lake Kivu Serena is about 3 km from the centre, so the beach strip lies further out.",https://en.wikivoyage.org/wiki/Rubavu | https://hotels.flytap.com/region/rw/rubavu.en-gb.html?aid=304142,
gisenyi,Kigufi,KEEP,Search results list Kivu Hilltop View and Riviera Kivu View in Gisenyi; thin evidence on Kigufi as a distinct area.,https://hotels.flytap.com/region/rw/rubavu.en-gb.html?aid=304142,
gisenyi,Petite Barrière (border),REMOVE,"Wikivoyage Rubavu says hotels, restaurants and amenities concentrate in the town centre and along the lake; it carries a security warning for the border area; one guesthouse only.",https://en.wikivoyage.org/wiki/Rubavu,
kigali,Nyarutarama,REMOVE,"The Broke Backpacker guide describes Nyarutarama as the home of expats, diplomats and executives, with a golf course, sports club and one mall; Overture shows 1 hotel and 4 food venues within 800 m. Residential, not a visitor base (thin; Kigali keeps 4).",https://www.thebrokebackpacker.com/where-to-stay-in-kigali-rwanda | https://livinginkigali.com/living-in-nyarutarama/,
kigali,Nyamirambo,KEEP,"Culture Trip describes Nyamirambo as a vibrant neighbourhood with street art, markets, foodie scene and walking tours; listed guesthouses.",https://www.theculturetrip.com/africa/rwanda/articles/explore-nyamirambo-one-of-kigalis-vibrant-neighbourhoods,
saint-denis,Sainte-Clotilde,KEEP,"hotels.com result lists Tulip Inn Sainte-Clotilde (pool, restaurant, bar) and Hotel Exsel Creolia near Aquanor and Plage de Sainte-Clotilde, so first-pass '0 hotels' is wrong; evidence of removal not found.",https://th.hotels.com/de12490159/hotels-near-plage-de-sainte-clotilde-sainte-clotilde-rexu-ni-yng,
saint-denis,Bellepierre,REMOVE,"hotels.com/Expedia results show only L'Escapade Bellepierre, a quiet hilltop property reached by bus line 12; a residential hilltop with a single lodging, not a visitor district.",https://uk.hotels.com/re12454418/hotels-in-arrondissement-of-saint-denis-reunion,
jamestown,Half Tree Hollow,KEEP,"Richards Travel Lodge and other guesthouses appear in St Helena accommodation results; thin evidence, kept.",https://www.ttgmedia.com/st-helena-selling-guide/accommodation-in-st-helena,
jamestown,Longwood,KEEP,Longwood House (Napoleon's last residence) is the island's main sight and Bertrand's Cottage lodging is there; Expedia Longwood guide lists it as an attraction area.,https://www.expedia.nl/en/Longwood.dx6206304 | https://www.ttgmedia.com/st-helena-selling-guide/accommodation-in-st-helena,
jamestown,St Paul's,KEEP,"Farm Lodge Country House is in St Paul's (inland), per the St Helena accommodation guide; tiny island with few lodging areas, kept thin.",https://www.ttgmedia.com/st-helena-selling-guide/accommodation-in-st-helena,
jamestown,Alarm Forest,KEEP,"No source found to remove; guide says most lodging is in Jamestown but does not name Alarm Forest. Thin evidence, kept; listed stays overlap Longwood (Briar Rose repeated).",https://www.ttgmedia.com/st-helena-selling-guide/accommodation-in-st-helena,
castries,Castries City Centre,KEEP,Capital centre and cruise port; hotels.com Castries pages list guesthouses and hotels.,https://uk.hotels.com/de778595-qu0/cheap-hotels-castries-st-lucia,
castries,Vigie / Choc Bay,KEEP,"Expedia/hotels.com results show Vigie Beach, Choc Bay and Serenity Park with lodging; Choc Bay hosts Sandals Grande.",https://www.expedia.com.my/Castries-Vigie.dx553248635976397595,
kingstown,Calliaqua/Blue Lagoon,KEEP,"Blue Lagoon Hotel & Marina (pool, restaurant) and Young Island-area lodging appear on Booking/easyJet Calliaqua pages.",https://hotels.easyjet.com/city/vc/calliaqua.en-gb.html?aid=356980,
kingstown,Arnos Vale,REMOVE,"Arnos Vale point (13.1417,-61.2117) is about 0.65 km from the Villa/Indian Bay point (13.1374,-61.2071); lodging there is described as 300 m from Villa Beach (Basil At Villa, PRI Studio), i.e. the same visitor area under another name.",https://hotel.routard.com/city/vc/arnos-vale.html?aid=304142 | https://hotels.easyjet.com/city/vc/kingstown.en-gb.html?aid=356980,
apia,Sogi & Mulinuu Peninsula,KEEP,"Lava Hotel and Tanoa Tusitala (6 ha gardens, 400 m from waterfront) appear in Apia hotel results; thin evidence, kept.",https://uk.trip.com/hotels/apia-taumeasina-island/hotels-c4371m34468297,
apia,Taumeasina & East Apia,REMOVE,"Trip.com/Expedia describe Taumeasina as one 14.8-acre private island resort connected by causeway, 5 min from Apia centre: a single resort, not a district.",https://uk.trip.com/hotels/apia-taumeasina-island/hotels-c4371m34468297,
apia,Vailima & South Apia,KEEP,"Vailima has the Robert Louis Stevenson museum and botanical garden (hotels.com Vailima listing) plus Vaea Hotel; thin evidence, kept. Alternative Taumeasina dropped.",https://es.hotels.com/tgp/lodging/954654656477720576/vailima-botanical-garden,
san-marino,Dogana,REMOVE,"Hotels.com lists Hotel Dogana under Serravalle, a separate municipality (castello) on the border; commercial border locality, not part of the historic visitor area.",https://es.hoteles.com/de1246079/hoteles-serravalle-san-marino/monthTab10,
san-marino,Domagnano,KEEP,"Hotel Rossi (3.5 star, restaurant) in Domagnano on Expedia; thin evidence, kept.",https://www.expedia.ca/Destinations-In-San Marino.d11720.Hotel-Destinations,
abha,Al Shifa,KEEP,"Trip.com guide: Al Shifa is a practical base close to cafes, Aseer National Park and Abu Khayal Garden Park.",https://ae.trip.com/hotels/abha-hotels-list-6679/,
abha,Al Soudah,KEEP,"Trip.com lists Al Soudah as a separate best area to stay (highland views, Jabal Sawda, InterContinental); about 14 km from Abha centre, thin evidence, kept as a tourist area.",https://ae.trip.com/hotels/abha-hotels-list-6679/,
jeddah,Al Rawdah,KEEP,Expedia: Al Rawdah has business and luxury hotels near Corniche and Red Sea Mall.,https://www.expedia.ie/Al-Rawdah.dx6354449,
jeddah,Al Andalus,KEEP,"Expedia: Al Andalus has restaurants and monuments, near Jeddah Mall and Thalia Street.",https://www.expedia-aarp.com/Jeddah-Al-Andalus.dx6354450,
medina,Quba,KEEP,"Trips.pk: hotels around Quba Road have restaurants, cafes and shops; Radisson Madinah is 0.79 km from Quba Mosque.",https://www.trips.pk/hotel/madinah/quba-road-area,
riyadh,Diplomatic Quarter,KEEP,"Against the Compass describes the Diplomatic Quarter with the Ritz-Carlton, parks, trails, Tuwaiq Palace, shopping plazas; no source shows it is closed to visitors. Kept.",https://againstthecompass.com/en/where-to-stay-in-riyadh/,
riyadh,King Abdullah Financial District,KEEP,"Against the Compass: KAFD has new 4-5 star hotels, restaurants, galleries, becoming a lifestyle destination.",https://againstthecompass.com/en/where-to-stay-in-riyadh/,
ta-if,Al Hada,KEEP,"Al Hada resorts with escarpment views and cable car (guide result); about 20 km out, thin evidence, kept.",https://www.milehacker.com/travel/saudi-arabia/mecca-region/taif/where-to-stay-in-taif-hotels-neighborhoods-accommo/,
ta-if,Al Shafa,KEEP,"Ghazal Hotel (pool, garden, restaurant) and other Al Shafa resorts on Expedia/Booking; kept.",https://www.expedia.com/Ash-Shafa.dx6354430,
ta-if,Al Rudaf,KEEP,"Expedia notes hotels near Ar Ruddaf Park; no evidence to remove, kept.",https://www.expedia.com/es/Parque-Ar-Ruddaf-Taif.d553248621563223468.Guia-Turistica,
dakar,Point E / Fann,KEEP,"MustSeeSpots/TripBase: Point E and Fann have a solid selection of mid-range hotels, cafes and bakeries.",https://www.mustseespots.com/senegal/articles/where-to-stay-in-dakar-top-hotels-neighborhood-guide/,
dakar,Yoff,KEEP,MustSeeSpots: Yoff is a Lebu fishing village with Dakar's best beach and many budget options.,https://www.mustseespots.com/senegal/articles/where-to-stay-in-dakar-top-hotels-neighborhood-guide/,
saint-louis,Bango,REMOVE,"au-senegal.com places Ranch de Bango in the village of Bango near the airport, outside the city; Overture shows 0 venues.","https://au-senegal.com/saint-louis-et-ses-hotels,17049.html",
saint-louis,Hydrobase,KEEP,"au-senegal.com lists Hotel Cap Saint-Louis, Hotel Dior, La Saint-Louisienne and Hotel Mermoz in the Hydrobase quarter on the Langue de Barbarie beach.","https://au-senegal.com/hotel-cap-saint-louis,756.html | https://au-senegal.com/hotel-dior,759.html",
ziguinchor,Boudody,KEEP,Atrapalo lists 5 hotels in Boudody/Escale; Hotel Kadiandoumagne riverside (8.2 rating). Boudody is about 0.9 km from Escale; kept thin.,https://www.atrapalo.com/hoteles/africa/senegal/ziguinchor/boudody-escale/,
novi-sad,Petrovaradin,KEEP,"Fortress, Exit festival; guides recommend it for history and views.",https://www.itimaker.com/blog/where-stay-novi-sad,
novi-sad,Liman,KEEP,"Itimaker/tourismattractions: Liman has Danube Park, Strand beach and apartments EUR50-100; kept thin.",https://www.itimaker.com/blog/where-stay-novi-sad,
novi-sad,Telep,KEEP,"Telep has the Sheraton Novi Sad and Expedia lists lodging; thin evidence, kept.",https://www.expedia-aarp.com/Novi-Sad-Telep.dx1037448065725898752,
victoria,Eden Island,REMOVE,"Eden Island is a gated residential marina estate entered over a guarded bridge (edenisland.sc / Traveltriangle); one development with a single hotel (Eden Bleu), not an open district.",https://www.fortloc.com/pages/articles/travel/eden-island-seychelles/ | https://traveltriangle.com/blog/eden-island-hotels-seychelles/,
victoria,Bel Ombre / Glacis,KEEP,"Expedia Glacis: Hilton Northolme, Bliss Boutique Hotel, Calm Sorento B&B, Marie-Laure Suites in Bel Ombre.",https://www.expedia.com/Glacis.dx3000000557,
victoria,Anse Royale,KEEP,"Expedia/Booking: Le Nautique beachfront apartments, Laila Tribute resort in Anse Royale.",https://www.expedia.com/Glacis.dx3000000557,
freetown,Hill Station,REMOVE,"MileHacker's Freetown guide says Hill Station has quieter guesthouses with views but fewer immediate dining options and less nightlife; Overture 1 hotel, 2 food venues.",https://www.milehacker.com/travel/sierra-leone/western-area/freetown/where-to-stay-in-freetown-hotels-neighborhoods-acc/,
philipsburg,Little Bay,KEEP,"Hotels.com lists Divi Little Bay Beach Resort and other 4-star hotels near Little Bay Beach, Philipsburg.",https://ph.hotels.com/de10533419-st4/four-star-hotels-near-little-bay-beach-philipsburg-sint-maarten,
philipsburg,Dawn Beach & Oyster Pond,KEEP,Avygeo guide describes Dawn Beach / Oyster Pond as a quiet beach resort area; kept.,https://www.avygeo.com/en/where-to-stay/sint-maarten,
bratislava,Petržalka (Sad Janka Kráľa area),KEEP,"Culture Trip/MustSeeSpots: Petrzalka has Sad Janka Kral'a park, Danube embankment, affordable guesthouses; 13 hotels in Overture; kept.",https://www.mustseespots.com/slovakia/articles/where-to-stay-in-bratislava-top-neighborhoods-accommodation-guide/,
bratislava,Ružinov,REMOVE,MustSeeSpots describes Ruzinov as residential streets plus malls (Aupark); Overture 2 hotels within 800 m. Not a tourist base next to the Old Town.,https://www.mustseespots.com/slovakia/articles/where-to-stay-in-bratislava-top-neighborhoods-accommodation-guide/,
bratislava,Nové Mesto (near Main Station),REMOVE,"MustSeeSpots describes Nove Mesto as 'away from tourist crowds', authentic local life with a stadium and Kuchajda lake; 4 hotels.",https://www.mustseespots.com/slovakia/articles/where-to-stay-in-bratislava-top-neighborhoods-accommodation-guide/,
bratislava,Devín / Karlova Ves,REMOVE,"Culture Trip: Devin is a small town 'minutes outside' reached by bike, boat or train, centred on one medieval castle; a day trip (Overture 1 hotel).",https://front-desk.theculturetrip.com/europe/slovakia/articles/the-coolest-neighborhoods-in-bratislava,
poprad,AquaCity / Kvetnica,REMOVE,"Expedia places AquaCity in Spisska Sobota (0.7 km from its centre) with Hotel AquaCity Seasons there; a single aquapark resort, and the listed point (Kvetnica) is misplaced, so it duplicates Spisska Sobota.",https://www.expedia.com/cn/AquaCity-Poprad-Poprad.d553248621532515779.Place-To-Visit | https://www.expedia.com/Spisska-Sobota.dx553248621533040960,
ljubljana,Bežigrad,KEEP,"ljubljana-slovenia.com lists Bezigrad among calmer, cheaper areas to stay (with Trnovo, Siska); hotels.com has a Bezigrad district hotel listing. Evidence modest but it is a recognised stay area.",https://ljubljana-slovenia.com/best-areas-to-stay,
ljubljana,Vič,REMOVE,"ljubljana-slovenia.com 'best areas to stay' names Old Town, Trnovo, Siska and Bezigrad but not Vic; search found no visitor-stay info for Vic; Overture shows 1 hotel and 3 food within 800 m. Residential suburb.",https://ljubljana-slovenia.com/best-areas-to-stay,
honiara,Chinatown,KEEP,TripBase describes Chinatown as the commercial heart with budget restaurants beside the central market.,https://www.tripbase.com/destinations/honiara-solomon-islands/neighborhoods/chinatown/,
honiara,Kukum,KEEP,"TripBase: Kukum is a residential coastal strip with budget accommodation along Kukum Highway; evidence thin, kept.",https://www.tripbase.com/destinations/honiara-solomon-islands/neighborhoods/kukum/,
honiara,Panatina,REMOVE,"TripBase/UQ chapter describe Panatina as an eastern fringe suburb of schools and settlements, ~5 km east of the centre; Overture 0 hotels, 1 food.",https://www.tripbase.com/destinations/honiara-solomon-islands/neighborhoods/point-cruz/ | https://law.uq.edu.au/files/27246/UQChapter8Honiara.pdf,
mogadishu,Wadajir,KEEP,Search results place Corners Hotel (five-star) in Wadajir District; evidence thin but absence of open data is not evidence of absence.,https://www.odoo.com/es_ES/customers/corners-hotel-17066312,
mogadishu,Airport / Halane Zone,REMOVE,"Halane is a secure compound next to Aden Adde airport housing UN, AU and diplomatic missions (Somali Guardian, Al Jazeera reports of attacks and lockdowns); not an open visitor neighborhood.",https://www.somaliguardian.com/news/somalia-news/mortar-attack-targets-heavily-fortified-halane-base-in-mogadishu-amid-rising-militant-violence/ | https://www.aljazeera.com/news/2022/3/23/somali-forces-battling-attackers-at-mogadishu-military-camp,
mogadishu,Howlwadaag,ADD,"Search results show Weheliye Hotel and Salama Hotel tied to Howlwadaag district; central commercial district (Makka Al-Mukarama Road). Coordinate is the first pass's estimate, not independently verified; 1.3 km from Hamar Weyne so not a duplicate.",https://www.hotelscombined.co.uk/Place/Mogadishu.htm,"[2.035, 45.325]"
cape-town,Woodstock,REMOVE,"capetown.travel (official tourism) calls De Waterkant/Green Point one of the most popular places to stay; Woodstock is described as an arts area with some aparthotels and hostels. Cap of 5 forces a swap; Woodstock is the weaker tourist stay base. Alternative: keep Woodstock and drop Camps Bay (not done, Camps Bay is more famous).",https://www.capetown.travel/the-best-areas-to-stay-in-cape-town/,
cape-town,Green Point / De Waterkant,ADD,"capetown.travel calls De Waterkant, between the Waterfront and Green Point, one of the most popular places to stay, with boutique hotels, guesthouses, cafes and nightlife; Expedia describes Green Point Main Road hotels. Coordinate approximate midpoint (not map-verified); not already covered by Waterfront/City Bowl points.",https://www.capetown.travel/the-best-areas-to-stay-in-cape-town/ | https://www.expedia.com/Cape-Town-Green-Point.dx500756,"[-33.9085, 18.4105]"
durban,Berea,KEEP,"Berea includes Florida Road/Morningside and Windermere with cafes, bars and guesthouses per Expedia/sa-venues summaries; kept.",https://www.sa-venues.com/visit/tamarisk/map.php,
durban,Glenwood,KEEP,"sa-venues 'Glenwood as a destination' describes galleries, restaurants, cafes and many guesthouses/B&Bs.",https://www.sa-venues.com/visit/tamarisk/map.php,
johannesburg,Maboneng,KEEP,Named among Johannesburg stay areas by misstourist.com and Expedia guides; Maboneng has the 12 Decades Art Hotel and hostels.,https://misstourist.com/where-to-stay-in-johannesburg-south-africa/,
johannesburg,Braamfontein,KEEP,"misstourist.com lists Braamfontein with guesthouses to luxury hotels, shops and restaurants.",https://misstourist.com/where-to-stay-in-johannesburg-south-africa/,
knysna,Brenton-on-Sea,REMOVE,"Wikipedia: Brenton-on-Sea is a distinct seaside settlement 15 km west of Knysna (fetched); not a Knysna neighborhood, a day-trip beach village.",https://en.wikipedia.org/wiki/Brenton-on-Sea,
nelspruit,West Acres,KEEP,plek.co.za shows many West Acres guesthouses; area has the large West Acres mall with restaurants. Evidence moderate.,https://plek.co.za/collections/west-acres_nelspruit,
nelspruit,Sonheuwel,KEEP,"plek.co.za lists Sheppard Boutique Hotel and guesthouses in Sonheuwel; evidence thin, kept.",https://plek.co.za/collections/west-acres_nelspruit,
nelspruit,Steiltes,REMOVE,"plek.co.za describes Steiltes as a peaceful suburb with guesthouses (Vinique, Olive Place) and no dining or sights; Overture 4 hotels, 3 food. Thin evidence; borderline.",https://plek.co.za/collections/west-acres_nelspruit,
nelspruit,Riverside,KEEP,"Riverside has Southern Sun, StayEasy, Chill Pepper hotels and mall restaurants (listed stays); kept.",https://us.lastminute.com/hotels/za_south-africa/nelspruit-d1650155962,
plettenberg-bay,Keurbooms,KEEP,"Keurbooms river/lagoon area lists real lodgings (Archrock Resort, Stanley Island); sa-venues lists Keurbooms Lagoon as a beach attraction. Thin, kept.",https://www.sa-venues.com/things-to-do/gardenroute/bysuburb/plettenberg-bay/category/beaches-and-pools/,
plettenberg-bay,Lookout Area,KEEP,Lookout Beach is one of Plett's most popular beaches with the Lookout Deck restaurant; kept.,https://www.sa-venues.com/things-to-do/gardenroute/bysuburb/plettenberg-bay/category/beaches-and-pools/,
port-elizabeth,Walmer,KEEP,afktravel/MileHacker-type guides say Walmer has fine guesthouses and good independent restaurants; no evidence to remove.,https://afktravel.com/68705/eight-great-port-elizabeth-hotels/,
pretoria,Waterkloof,REMOVE,"360nations/lemagvoyage describe Waterkloof as an upmarket residential area of homes, golf and country club; guesthouses only. Cap of 5 forces swap with Church Square.",https://360nations.com/africa/south-africa/cities/pretoria/where-to-stay.html,
pretoria,Pretoria Central (Church Square),ADD,"360nations lists Pretoria CBD with Church Square, Kruger Museum and bars; the Church Square coordinate is the well-known square location, about 2.3 km from the Arcadia point. Replaces residential Waterkloof. Hotel quality in the CBD is mixed (low confidence).",https://360nations.com/africa/south-africa/cities/pretoria/where-to-stay.html,"[-25.7463, 28.1881]"
busan,Haeundae,KEEP,"Haeundae is Busan's main beach and hotel district; Overture count of 1 hotel shows the point is misplaced ~2.5 km NE of the beach. Wikipedia Haeundae Beach is at about 35.1587, 129.1604.",https://en.wikipedia.org/wiki/Haeundae_Beach,"[35.1587, 129.1604]"
busan,Gwangbok,REMOVE,"Points are ~190 m apart (35.0974/129.0304 vs 35.0991/129.0305); a Busan travel summary says Nampo-dong in the narrow sense runs from BIFF Street to Gwangbok-dong, i.e. Gwangbok is part of the Nampo shopping district.",https://en.wikipedia.com/wiki/Nampo-dong,
jeju-city,Nohyeong-dong,KEEP,"Expedia lists Grand Hyatt Jeju, Best Western Jeju, Nohyung Hotel in Nohyeong-dong. Point 33.448,126.485 is ~4 km too far south (inland); real area is just west of Yeon-dong (Sinjeju), about 1 km from the Sinjeju point, so the two are adjacent and distinct dongs.",https://www.expedia.com/Jeju-City-Nohyeong-Dong.dx553248635976008264,"[33.4835, 126.478]"
jeonju,Deokjin (Deokjin Park),KEEP,"Deokjin Park is a major Jeonju sight and Hound Hotel Jeonju Deokjin lists a spa hotel there; no solid evidence to remove, only 3 hoods in the city.",https://uk.trip.com/hotels/jeonju-si-jeonju-hanok-village/hotels-c61380m8779908,
seoul,Gangnam,KEEP,"Gangnam is a major shopping, nightlife and hotel area (Park Hyatt Seoul at 606 Teheran-ro, Grand InterContinental near COEX). Point 37.4967,127.0630 sits at Samseong/Daechi, ~3 km east of Gangnam Station (about 37.4979, 127.0276).",https://visitgangnam.net/en/places/park-hyatt-seoul,"[37.4979, 127.0276]"
sokcho,Daepo-dong (Harbor),KEEP,"Hotels.com/Expedia: 21 accommodations in Daepo-dong including Lotte Resort Sokcho and Ramada Sokcho, plus Daepo Port seafood and Seorak Sunrise Park; no clear evidence to remove.",https://hotels.com/de12465384-at25/pensions-hotels-daepo-dong-south-korea,
juba,Munuki,KEEP,"Evidence to remove not found; Mauna Classic Hotel and Roha Hotel are real Munuki stays, Overture undercounts Africa. Thin, kept.",https://www.booking.com/country/ss.html,
alicante,Playa de San Juan,KEEP,"destinationwellknown/lorenzigo list Playa de San Juan as a stay area (3 km beach with beach clubs, apartments, restaurants) though a separate beach zone ~6 km NE; kept.",https://destinationwellknown.com/where-to-stay-alicante/,
alicante,Benalúa,KEEP,"Benalua is next to the station with AC Marriott and 79 food venues; no source for removal; thin, kept.",https://lorenzigo.com/where-to-stay-in-alicante/,
bilbao,Deusto,REMOVE,"nomadotravel.app Bilbao guide: Deusto is residential with bars for locals and students rather than tourists, hotels far from main attractions.",https://www.nomadotravel.app/en/guides/where-to-stay-in-bilbao,
cadiz,La Caleta,REMOVE,"La Caleta beach is described as part of the La Vina fishing quarter (andalucia.org / travellingking); points are ~250 m apart (36.5301,-6.3030 vs 36.5298,-6.3058).",https://andalucia.org/en/cadiz-acommodation-la-vina-tourist-accommodation | https://www.travellingking.com/where-to-stay-in-cadiz/,
cadiz,Playa de la Victoria,ADD,"travellingking and minube: Playa Victoria holds the majority of Cadiz beach hotels and dozens of bars and restaurants (Hotel Playa Victoria, Hotel Cadiz Bahia by Q Hotels). Coordinate approximate mid-beach; not covered by the old-town hoods (~2.5 km away).",https://www.travellingking.com/where-to-stay-in-cadiz/ | https://www.minube.net/hotels-near/playa-victoria-a3650619,"[36.509, -6.273]"
cordoba,Zona Estación (Vial Norte),KEEP,"Voyage guides list Vial Norte/train station area among the most popular places to stay, with large hotels (Hotel Cordoba Center, Mezquita Center).",https://www.voyagetips.com/es/donde-alojarse-en-cordoba/,
ibiza,Es Canà,KEEP,"Expedia and Sandbeds describe Es Cana with a promenade of bars, cafes and restaurants and the Punta Arabi hippy market.",https://sandbeds.com/es-canar-ibiza/,
jerez-de-la-frontera,La Albarizuela,KEEP,"Searched; where-to-stay guides name Old Town, San Miguel and Santiago but not La Albarizuela by name; no evidence to remove, evidence thin. Point is about 0.6 km from Centro and San Miguel so it may overlap them.",https://xixerone.com/en/where-to-stay-in-jerez-de-la-frontera-best-areas-hotels,
palma-de-mallorca,Portixol,KEEP,"SeeMallorca guide: Portixol is a trendy seaside district with beach, promenade, boutique Portixol Hotel and several restaurants (Blau, Cocco).",https://seemallorca.com/portixol,
pamplona,San Juan,KEEP,Expedia has a San Juan hotel region; neighbourhood has Taconera park and many bars (90 food). No evidence to remove; thin.,https://expedia.ie/Pamplona-San-Juan.dx553248633935944600,
pamplona,Rochapea,REMOVE,Search result for Rochapea describes a residential area with a monastery and cafes; a visitor review flags safety concerns outside hotels; no visitor-stay cluster shown.,https://expedia.sa/Pamplona-Rochapea.dx553248633935944868,
pamplona,Iturrama,REMOVE,"Search result describes Iturrama as a student district around the University of Navarra with local squares and a university museum; 5 hotels, not a visitor base.",https://expedia.ie/Pamplona-San-Juan.dx553248633935944600,
santa-cruz-de-tenerife,La Salle,REMOVE,"Same area as Los Llanos: real-estate/search listings treat it as one neighbourhood 'La Salle-El Cabo-Los Llanos' and show apartments only, no hotels; points are 0.3 km apart.",https://www.indomio.es/en/venta-casas/santa-cruz-de-tenerife-capital/la-salle-el-cabo-los-llanos/,
santa-cruz-de-tenerife,San Andres & Las Teresitas,REMOVE,"Barcelo guide: San Andres is an old fishing village of ~4,000 people about 8 km from Santa Cruz centre, seen in a day on foot; Las Teresitas beach is a day trip.",https://www.barcelo.com/guia-turismo/en/spain/tenerife/things-to-do/playa-de-las-teresitas-beach/,
santiago-de-compostela,San Lázaro,KEEP,"Edreams/Expedia: San Lazaro has pilgrim hostels, pensiones and hotels (Eurostars Araguaney, Hotel Rua Villar), 15 min walk to the cathedral.",https://www.edreams.es/blog/donde-alojarse-santiago/,
santiago-de-compostela,Zona Universitaria,KEEP,Expedia/edreams list hotels (Exe Peregrino) 5 min from the University and 9 min from Alameda Park; adjacent to Zona Nova.,https://www.edreams.es/blog/donde-alojarse-santiago/,
santiago-de-compostela,Fontiñas,KEEP,"Expedia Fontinas guide lists hotels (Exe Area Central, Hotel Ciudad de Compostela) and cafes; no clear evidence it is non-tourist. Thin; may overlap Zona Nova/San Lazaro (0.85 km).",https://www.expedia.co.uk/Santiago-De-Compostela-Fontinas.dx1027331075082559488,
seville,Triana,KEEP,"Where-to-stay guides list Triana with hostel, apartments and boutique hotels, Mercado de Triana, flamenco heritage.",https://travellersworldwide.com/where-to-stay-in-seville/,
seville,La Macarena,KEEP,"Where-to-stay guides describe La Macarena as a boho district with Basilica, Alameda de Hercules nightlife and tapas, budget stays, slightly further from sights. Visited by tourists; kept.",https://www.treksplorer.com/?p=12230,
tarragona,El Serrallo,KEEP,"Milehacker/lastminute list hotels in El Serrallo, a former fishing district near port and beach with seafood restaurants. Thin, kept.",https://www.milehacker.com/travel/spain/catalonia/tarragona/where-to-stay-in-tarragona-hotels-neighborhoods-ac/,
tarragona,Nou Eixample,KEEP,Milehacker describes Nou Eixample as a modern area with shops and eateries by the bus station. No evidence to remove; thin.,https://www.milehacker.com/travel/spain/catalonia/tarragona/where-to-stay-in-tarragona-hotels-neighborhoods-ac/,
zaragoza,Delicias,KEEP,"Hotels.com/Expedia list Delicias hotels (Exe Plaza Delicias, Hotel Cesaraugusta, 5-star Reina Petronila) by the station; 139 restaurants. Real visitor stay area.",https://www.expedia-aarp.com/Zaragoza-Delicias.dx6355580,
zaragoza,Actur-Rey Fernando,REMOVE,"Search guide describes Actur as a quieter suburban, residential north district with parks and a mall; 1 hotel counted. Aquarium and mall only.",https://www.expedia.ca/Actur-Hotels.d553248635976008246.Travel-Guide-Hotels,
bentota,Bentota River & Dedduwa Lake,KEEP,Not removed: Bentota river and Dedduwa lake boat/safari area has a few hotels; no source contradicts. Thin.,https://ph.hotels.com/re793643/hotels-in-bentota-sri-lanka/,
bentota,Aluthgama,KEEP,"Search: Aluthgama town has NH Bentota Ceysands and spa villas on Galle Road, market and river access.",https://www.expedia.com/es/Aluthgama.dx6348269,
bentota,Induruwa,KEEP,"Search: Induruwa has Temple Tree Resort, Pandanus Beach Resort, Bombay Bicycle Club on Galle Road.",https://www.expedia.com/cn/Induruwa.dx6147300,
colombo,Slave Island / Beira Lake,KEEP,"Breathing Travel: Slave Island is a nightlife district beside Galle Face with bars, rooftop lounges, restaurants and Gangaramaya Temple, between Fort and Cinnamon Gardens.",https://breathingtravel.com/where-to-stay-in-colombo/,
galle,New Town (Galle City),REMOVE,"Backpackingislife where-to-stay guide gives Galle Fort, Unawatuna, Dalawella and Talpe as the places to stay, not New Town, a commercial/transport centre.",https://backpackingislife.com/where-to-stay-in-galle/,
galle,Talpe,KEEP,"Backpackingislife and search list Talpe (Radisson Collection Resort, Matara Rd) as a stay area.",https://backpackingislife.com/where-to-stay-in-galle/,
jaffna,Kokuvil,KEEP,"Search lists FOX Jaffna (4-star) in Kokuvil on KKS Road; no evidence to remove, thin.",https://www.travelocity.com/Nallur-Guest-Houses.d553248635973482632-aaGuestHouses.Travel-Guide-Accommodation,
kandy,Peradeniya,KEEP,"Peradeniya has Royal Botanic Gardens (major sight), Peradeniya Inn B&B 15 min walk away, Sevana City Hotel; kept as botanic-garden stay area.",https://www.expedia.de/en/Peradeniya.dx6348203,
kandy,Getambe,REMOVE,Duplicate of Peradeniya: Trip.com treats 'Gatambe Peradeniya' as one location; points 0.7 km apart.,https://nz.trip.com/hotels/kandy-hotels-list-3679/location100450,
kandy,Ampitiya,REMOVE,"Search shows Ampitiya hotels are scattered outlying resorts (Muduna Walawwa 4.4 km from Kandy station, Golden Crown), no restaurant cluster; 2 hotels, 1 food counted. Moderate evidence.",https://hotels.flytap.com/city/lk/ampitiya.html?aid=304142,
negombo,Kochchikade,KEEP,"Search lists guesthouses and hotels in Kochchikade (Villa Araliya, Emel Boutique Hotel). Kept, thin.",https://www.travelocity.com/Kochchikade-Guest-Houses.d3000405927-aaGuestHouses.Travel-Guide-Accommodation,
negombo,Kudapaduwa / Duwa,KEEP,"Hotels.com has a Kudapaduwa region with many resorts (Hive 68, Regenta Arie Lagoon, Wattura). The hood point may be misplaced but I could not verify a replacement coordinate, so no point_fix.",https://za.hotels.com/de11420186/kudapaduwa-sri-lanka-hotels-rooms,
sigiriya,Pidurangala Rock,KEEP,Findingouradventure: Pidurangala area has luxury jungle retreats (Back of Beyond). Kept.,https://www.findingouradventure.com/travel-diaries/where-to-stay-in-sigiriya,
sigiriya,Inamaluwa,KEEP,"Expedia lists Inamaluwa as a place (Sigiri Paddy Field Hut); thin evidence, not removed.",https://expedia.com.sg/Inamaluwa.dx3000003164,
trincomalee,Dutch Bay,REMOVE,"Where-to-stay guide gives only Trincomalee Town, Uppuveli and Nilaveli as stay areas; Dutch Bay point is 0.74 km from the Town/Fort point, same town-centre peninsula.",https://exploretraveloasis.com/where-to-stay-in-trincomalee/,
basseterre,Southeast Peninsula (Christophe Harbour),KEEP,"Caribjournal/Travellingking: Southeast Peninsula holds Park Hyatt St Kitts at Christophe Harbour (marina, beach, ferry to Nevis). A resort enclave, thin; kept, flagged.",https://www.caribjournal.com/2026/07/30/st-kitts-where-to-stay-hotels/,
basseterre,North Coast & Ottley's,REMOVE,"Only evidence is one isolated inn: Ottley's Plantation Inn is 8 km from Basseterre on rainforest slope; single site, no neighbourhood.",https://www.tropicalsky.co.uk/caribbean-holidays/st-kitts-and-nevis/ottleys-plantation-inn-hotel,
paramaribo,Zorg en Hoop,REMOVE,"Zorg en Hoop is the domestic airport zone between Zorg en Hoop and Flora quarters, residential; no hotel cluster found.",https://wanderlog.com/place/details/5913110/zorg-en-hoop-airport-org,
paramaribo,Flora & Rainville,KEEP,"Search: Rainville is Paramaribo's affluent riverfront with luxury guesthouses, Princess Casino, Palmentuin; Flora has hotels listed.",https://www.expedia.com/cn/Paramaribo-Flora.dx3000005800,
gothenburg,Majorna,KEEP,"Where-to-stay guides: Majorna is a hip, cafe-rich old working-class area with Rod Sten art centre and Slottsskogen.",https://www.travellingking.com/where-to-stay-in-gothenburg/,
malmo,Västra Hamnen,KEEP,"Where-to-stay guides: Vastra Hamnen has Turning Torso, waterfront promenade, 2 km from old town, stays at SEK 1,400-2,600.",https://northabroad.com/where-to-stay-malmo-best-areas-hotels/,
malmo,Slottsstaden,REMOVE,Hotels.com/Expedia description: Slottsstaden is a quiet residential area; listed hotels are around Slottstradgarden and the centre.,https://uk.hotels.com/tgp/lodging/940341783532032000/slottstradgarden,
visby,Almedalen & Harbour,REMOVE,Expedia: Almedalen is located within Innerstaden; hotels near Almedalen are inside the old town; point is about 0.4 km from Innerstaden with near-identical counts (34/77/44 vs 34/74/44).,https://www.expedia.com/es/Almedalen-Innerstaden.d6200738.Guia-Turistica,
visby,Norderstrand / Snäckgärdet,KEEP,"Search found no evidence on Norderstrand either way; not removed, thin. Guide would be left with 2-3 hoods.",https://www.hotelsone.com/sweden-se/reservations-visby-hotels.html,
basel,St. Johann,REMOVE,"Tripbase: St. Johann is quiet and practical, Novartis campus and business travel, 'not atmospheric'; 2 hotels counted.",https://www.tripbase.com/destinations/basel-switzerland/neighborhoods/,
basel,St. Alban,KEEP,"Tripbase: St. Alban is the 'Little Venice' millstream quarter east of the old town, Kunstmuseum nearby; kept.",https://www.tripbase.com/destinations/basel-switzerland/neighborhoods/,
bern,Kirchenfeld,KEEP,"Where-to-stay guide describes Kirchenfeld as the museum quarter (Kunstmuseum, Paul Klee) across the bridge, quiet with hotels; evidence for removal absent.",https://www.tripbase.com/destinations/bern-switzerland/neighborhoods/,
bern,Breitenrain,KEEP,"Guide treats Breitenrain-Lorraine as a trendy quarter with boutique hotels, craft beer and markets; Breitenrain and Lorraine points are 0.54 km apart so they overlap, but both kept as the city has only 5.",https://www.tripbase.com/destinations/bern-switzerland/neighborhoods/,
zurich,Zurich-West,KEEP,"Search showed Zurich West has Renaissance Tower and 25hours hotels plus Im Viadukt market, Frau Gerolds Garten, Schiffbau and Museum fuer Gestaltung; walkable to Altstadt. A well-known visitor district, not removed on hotel count.",https://hotelierschoice.com/de/guide/zurich/zurich-west/ | https://lenews.ch/2016/10/24/west-zest-zurichs-hippest-quarter/,
aleppo,Old City (Ancient Aleppo),KEEP,"Search shows Old City hotels (Talisman Hotel de Charme) operating; war-damage undercount, not evidence of absence.",https://www.readytotrip.com/hotels/Syria/Aleppo/,
aleppo,New Aleppo (Halab al-Jadida),KEEP,Evidence thin: no source found on New Aleppo; Sheraton-area central hotels listed on readytotrip. Kept because Syria is undercounted.,https://www.readytotrip.com/hotels/Syria/Aleppo/,
damascus,Abu Rumaneh & Malki,KEEP,MileHacker lists Malki/Abu Rummaneh as an upscale quiet area to stay in Damascus; Overture undercounts Syria.,https://www.milehacker.com/travel/syria/dimashq/damascus/where-to-stay-in-damascus-hotels-neighborhoods-acc/,
damascus,Mazzeh,KEEP,"Search shows Golden Mazzeh Hotel (luxury highrise, nine restaurants and bars) and MileHacker lists Mazzeh as a stay area near embassies.",https://www.inyourpocket.com/golden-mazzeh-hotel_174765v | https://www.milehacker.com/travel/syria/dimashq/damascus/where-to-stay-in-damascus-hotels-neighborhoods-acc/,
sao-tome,Praia Lagarto (Airport Beach),KEEP,"Evidence thin: expedia/travelated list Omali (4-star) and Hotel Praia resorts at Praia Lagarto, so visitors do stay there; no dining data found. Kept.",https://www.travelated.com/sao-tome-and-principe/santy/hotel-praia?locale=en,
sao-tome,Marginal 12 de Julho,KEEP,Pestana Sao Tome (5-star) and Pestana Miramar on Avenida Marginal 12 de Julho confirmed by search.,https://www.travelated.com/sao-tome-and-principe/santy/hotel-praia?locale=en,
hualien-city,Qixingtan Beach,REMOVE,"Expedia lists Qixingtan Coast Park under Xincheng Township, a separate township about 10 km north (point is 9 km from city centre); hotel pages put it 6 km from Hualien airport. It is a scenic beach excursion, not a city hood.",https://www.expedia.com/cn/Qixingtan-Coast-Park-Xincheng.d6267508.Place-To-Visit | https://ph.trip.com/hotels/hualien-chihsingtan-beach/hotels-c6954m6789418,
kaohsiung,Gushan (Sizihwan),KEEP,"Evidence thin: Gushan District has Shou Shan Zoo and Fisherman's Wharf per Expedia, plus Sizihwan; kept as a well-known sight area, with room under the cap.",https://expedia.com.ph/Kaohsiung-Gushan-District.dx6323134,
kaohsiung,Kaohsiung Main Station area,SKIP,"Search shows Liuhe night market and Kindness/Guide hotels are served from Sinsing; the proposed point is ~1.4 km from Sinsing (22.6284,120.3061) and the station area is already covered by it.",https://www.tripmasters.com/asia/taiwan/kaohsiung/airline_inn_kaohsiung_station/hotel-398031,"[22.635, 120.295]"
taichung,Beitun District,KEEP,Evidence thin: Expedia lists Beitun with Taichung Folklore Park and Taiyuan Station hotels; no clear reason to remove with room under the cap.,https://www.expedia.com/Taichung-Beitun-District.dx6336226,
tainan,South District (Nan Qu),KEEP,"Expedia/trip.com list hotels in South District (Cozzi Ximen, Maple Hotel) plus Blueprint Culture and Creative Park and the Golden Coast beach; point at 22.956 may sit too far south, area judged real.",https://www.expedia.nl/en/Tainan-South-District.dx553248635458585957 | https://www.trip.com/hotels/tainan-hotels-list-3847/location1778/,
taipei,Zhongshan,KEEP,"Regent Taipei and Hotel Metropolitan Premier (5-star) are in Zhongshan, which guides call known for temples and restaurants; 0 hotels in Overture is an undercount.",https://sg.trip.com/guide/stay/where-to-stay-in-taipei.html,
taipei,Shilin,KEEP,"Shilin has Shilin night market, Renaissance Taipei Shihlin and Jiantan Boutech Hotel per Expedia/trip.com; famous tourist district.",https://www.expedia.com.vn/en/Taipei-Shilin.dx6047797,
dushanbe,Ismoili Somoni District,REMOVE,"Hyatt Regency Dushanbe is at 26/1 Ismoili Somoni Prospekt in the city centre by City Park, so the real Ismoili Somoni area is already covered by City Center (Rudaki); this hood's point is 5.5 km north in a residential/monument zone.",https://www.hospitalityonline.com/es/hyatt-regency-dushanbe | https://www.hotelexecutive.com/newswire/19435/hyatt-regency-opens-in-dushanbe,
dushanbe,Airport Area (Ayni Street),KEEP,"Evidence thin: hospitality pages put Dushanbe airport 8 km from the centre, so this point (3.5 km out) is not the airport zone itself; Hilton Dushanbe and Hotel Atlas listed. Kept.",https://www.hospitalityonline.com/es/hyatt-regency-dushanbe,
dushanbe,Shah Mansur (Green Bazaar),KEEP,Lastminute/hotwire list hotels in central Dushanbe; Green Bazaar area is 11 hotels and adjacent to Rudaki. Evidence thin but not removable.,https://us.lastminute.com/hotels/tj_tajikistan/dushanbe-d1503257953,
arusha,Njiro,KEEP,Tripbase describes Njiro as the quieter upmarket suburb with hotels in gardens.,https://www.tripbase.com/destinations/arusha-tanzania/neighborhoods/,
arusha,Sakina,KEEP,"Tripbase: Sakina is the practical base with mid-range hotels, better restaurants and safari company offices.",https://www.tripbase.com/destinations/arusha-tanzania/neighborhoods/,
arusha,Usa River,REMOVE,"Usa River lodges are 21-25 km from Arusha centre (Endasawa Tree Lodge 24.6 km, Mzunguu 15 miles); it is a separate village, i.e. a day trip or lodge stay outside the city.",https://www.travelated.com/tanzania/arusha-city/endasawa-tree-lodge | https://www.kayak.com/Usa-River-Hotels-Mzunguu-Safari-Lodge.3829153.ksp,
dar-es-salaam,Masaki,KEEP,"Guides call Masaki/Oyster Bay the tourist-friendly area with restaurants, supermarkets and hotels (Sea Cliff).",https://www.easytravel.co.tz/blog/where-to-stay-in-dar-es-salaam/,
dar-es-salaam,Kigamboni (South Beach),KEEP,"Evidence thin: guides mention Kigamboni beaches (Kipepeo, Kijiji) as a place to stay across the ferry; within Dar region. Kept, flagged as weakest.",https://www.easytravel.co.tz/blog/where-to-stay-in-dar-es-salaam/,
moshi,Shanty Town,KEEP,"Lastminute/guides: Shanty Town has boutique and budget hotels (Impala, Ameg, Sal Salinero) and local restaurants.",https://us.lastminute.com/hotels/tz_tanzania/moshi-d1519265381,
moshi,Uru,REMOVE,"Booking lists Shimbwe/Uru-area guesthouses 14 km from Moshi railway station; Uru point is 11 km north of centre, a village on the Kilimanjaro slopes, not a city hood.",https://booking.com/guest-house/city/tz/moshi.html,
zanzibar-city,Shangani,KEEP,"Shangani is Stone Town's seafront hotel area (Beyt Al Salaam, Tembo House) per search.",https://www.travellingking.com/where-to-stay-in-zanzibar/,
zanzibar-city,Darajani/Malindi,KEEP,"Evidence thin: Darajani Market and Malindi Road (Golden Tulip Stonetown Boutique) are named quarters, but only 0.36 km from the Stone Town point, so they overlap. Kept because the city has only 3.",https://www.expedia.com/Darajani-Market.d553248621532405230.Vacation-Attraction | https://www.travellingking.com/where-to-stay-in-zanzibar/,
chiang-mai,Santitham,KEEP,"Hotelier's Choice calls Santitham a genuine Thai quarter with guesthouses (B2 Santitham, The Opium) and restaurants.",https://hotelierschoice.com/es/guide/chiang-mai/santitham/,
hua-hin,Nong Kae,ADD,"Expedia lists Nong Kae as a Hua Hin neighbourhood with Vana Nava Water Park and Cicada Market, with golf and beach hotels such as iSanook; 2.7 km from the beach/pier hood and 3.8 km from Khao Takiap, so not covered by either.",https://www.expedia.co.th/Hua-Hin-Nong-Kae.dx6215554,"[12.545, 99.965]"
ko-samui,Nathon,REMOVE,"Nathon is the capital and main west-coast ferry port; guides send visitors to beaches, and Bang Rak/Mae Nam/Bophut cover the north coast. Replaced by Bang Rak.",https://islanders-properties.com/blog/where-to-live-on-koh-samui-29 | https://www.lastminute.com/hotels/th_thailand/bangrak-beach-koh-samui-d1501254487,
ko-samui,Mae Nam,KEEP,Guides: Mae Nam on the north coast is popular with families; resorts such as Santiburi are there. Overture 2/0/0 judged a count artefact.,https://islanders-properties.com/blog/where-to-live-on-koh-samui-29,
ko-samui,Bang Rak (Big Buddha),ADD,"Lastminute and Sygic/Wikivoyage describe Bang Rak (Big Buddha Beach) as a northeast-coast stay area with boutique hotels, guesthouses and bungalows near the ferry pier; not covered by Bophut or Chaweng.",https://www.lastminute.com/hotels/th_thailand/bangrak-beach-koh-samui-d1501254487 | https://guides.travel.sygic.com/production/en/Bang_Rak,"[9.555, 100.055]"
nakhon-ratchasima,Mittraphap Road,KEEP,"Search confirmed Centara Korat, Centre Point Terminal 21, Kantary and B2 on Mittraphap Road.",https://www.btravel.com/hotel/centara-korat-nakhon-ratchasima,
pai,Tha Pai Hot Springs,REMOVE,"Tha Pai hot springs are a single site 6.4 km from Walking Street (point distance); search lists the hot springs as an attraction, not a town district.",https://www.thailandee.com/en/visit-thailand/wat-phra-that-mae-yen-pai-161 | https://trips.passporterapp.com/en/destination/xx6-1,
pai,Wat Phra That Mae Yen,KEEP,"Evidence thin: temple hill is 2 km from Pai, but with 33 lodgings in 800 m (resorts like The Oia Pai) it works as a stay area. Kept.",https://www.thailandee.com/en/visit-thailand/wat-phra-that-mae-yen-pai-161,
phitsanulok,Wat Chan,KEEP,"Evidence thin: hotels listed in Wat Chan (B2 Phitsanulok Premier, Pattara Resort). Kept.",https://ca.trip.com/hotels/internet-access/city/th/phitsanulok.html,
phitsanulok,Tha Pho (Naresuan University),REMOVE,"Tha Pho point is 8.5 km south of Nai Mueang; hotels.com lists it only as hotels near Naresuan University, a campus suburb with no sights.",https://za.hotels.com/de1791067/hotels-near-naresuan-university-tha-pho-thailand,
sukhothai,New Sukhothai (Town),KEEP,"Guides confirm New Sukhothai has the most hotels, guesthouses, restaurants and bus station.",https://theo-courant.com/en/where-to-stay-sukhothai-hotel/,
sukhothai,Sukhothai Historical Park (Central Zone),KEEP,Guides confirm staying by the Historical Park (Old Sukhothai) is the standard alternative to the new town.,https://theo-courant.com/en/where-to-stay-sukhothai-hotel/ | https://www.geckoroutes.com/thailand/sukhothai/,
sukhothai,Wat Si Chum,REMOVE,Wat Si Chum is a single temple site inside the Historical Park north zone; guides treat Old Sukhothai as one stay area.,https://www.geckoroutes.com/?p=13623 | https://www.itimaker.com/blog/where-to-stay-in-sukhothai,
sukhothai,Ramkhamhaeng National Museum,REMOVE,"Duplicate: point is 0.17 km from the Historical Park point (same area), and guides treat Old Sukhothai as one stay area.",https://www.geckoroutes.com/?p=13623 | https://www.itimaker.com/blog/where-to-stay-in-sukhothai,
surat-thani,Ban Don Pier,KEEP,"hotels.com/Expedia search shows about 154 lodgings around Ban Don pier/floating market (Orchid Riverview, Wangtai, Journey Hostel); point is 0.46 km from Talat but the pier/night market is the island-ferry gateway. Evidence for keeping is moderate.",https://www.expedia.com/cn/Ban-Don-Floating-Market-Surat-Thani.d553248633956275507.Place-To-Visit | https://za.hotels.com/de10832931/hotels-near-ban-don-floating-market-talat-thailand,
surat-thani,Phunphin,REMOVE,"Search results describe Phunphin as an isolated rural town ~10.7 km from the centre that travelers treat as a transit stopover by airport/station, not a destination; separate town.",https://www.hotelscombined.ie/Place/Phunphin.htm,
surat-thani,Bang Bai Mai,REMOVE,"Rim Nam Lomyen listing puts it 5.2 km from the City Pillar Shrine and ~23 min by car from the station; point is 3.4 km from centre, 1 hotel/1 restaurant within 800 m: suburb.",https://www.btravel.com/hotel/rim-nam-lomyen-resort-surat-thani,
serekunda,Bakau,KEEP,"Wikipedia: tourism is Bakau's most important business, with Kachikally crocodile pool and beachfront hotels; Wikivoyage-derived text lists Bakau/Fajara/Kotu/Kololi as the heart of Gambian tourism. Point is ~1.3 km SE of town centre, explaining zero counts.",https://en.wikipedia.org/wiki/Bakau | https://kwx.liehendr.com/content/wikivoyage_en_all_maxi_2025-02/A/Serekunda,"[13.4775, -16.6779]"
serekunda,Serekunda Market (Town Centre),KEEP,"Serekunda is described as one huge market with a silk cotton tree and wrestling arena (a real sight) but tourism sits on the coastal strip; kept as only 4 others exist and it is the guide city's core, evidence thin.",https://kwx.liehendr.com/content/wikivoyage_en_all_maxi_2025-02/A/Serekunda,
dili,Metiaut,KEEP,Not separately documented in searches; first-pass cited waterfront hotels; no evidence to remove (thin).,https://www.queroviajarmais.com/onde-ficar-em-dili/,
dili,Areia Branca,KEEP,"Expedia/Lonely Planet show Beachside Hotel opposite Areia Branca beach as one of Dili's best beachside stays, beach 4.6 km from centre.",https://www.expedia.com/Areia-Branca-Beach-Dili.d6119492.Vacation-Attraction,
dili,Comoro,KEEP,"Search source describes Comoro as a practical base with Timor Plaza mall, banks and international-standard dining plus hotels (Timor Plaza Hotel, Golgota); no evidence to remove despite airport adjacency.",https://www.queroviajarmais.com/onde-ficar-em-dili/,
lome,Kodjoviakopé,KEEP,Must See Spots says Kodjoviakopé and Lomé II hold most luxury/mid-range beachfront hotels with pools and dining.,https://www.mustseespots.com/togo/articles/where-to-stay-in-lom-best-neighborhoods-and-accommodation-options/,
lome,Tokoin,KEEP,Must See Spots lists Tokoin as a guesthouse/budget area with markets and street food.,https://www.mustseespots.com/togo/articles/where-to-stay-in-lom-best-neighborhoods-and-accommodation-options/,
lome,Bè,KEEP,"No source found against it; Bè is the historic quarter and listed stays include Sarakawa; evidence thin, kept.",https://www.mustseespots.com/togo/articles/where-to-stay-in-lom-best-neighborhoods-and-accommodation-options/,
lome,Adidogomé,KEEP,"hotel-booking results list about 5 stays in Adidogomé (Le Kentia, Le Patio, Résidence Lauria, Océane); suburban but with several hotels; no firm evidence to remove, kept thin.",https://hotels.easyjet.com/city/tg/adido-gome.en-gb.html?aid=356980,
nuku-alofa,Vuna Road Waterfront (Kolomotu'a),KEEP,"Tonga Pocket Guide: 2.5 km stretch of waterfront accommodation west of the Royal Palace, many with restaurants open to visitors.",https://tongapocketguide.com/where-to-stay-tongatapu-the-best-accommodations,
nuku-alofa,Kolofo'ou (Vuna Road East),REMOVE,"Point is 0.35 km from City Centre point with identical counts (17/17/5); Tonga Pocket Guide describes it as walking distance of town, i.e. the same central area.",https://tongapocketguide.com/where-to-stay-tongatapu-the-best-accommodations,
nuku-alofa,Ma'ufanga,KEEP,Tonga Pocket Guide lists Ma'ufanga/Touliki as waterfront stay area near the wharf for boat tours; Utu'one B&B and Fantasy Inn located there.,https://tongapocketguide.com/where-to-stay-tongatapu-the-best-accommodations,
nuku-alofa,Popua,REMOVE,"Tonga Pocket Guide calls Popua a far-flung eastern village area needing transport to town; 4.2 km out, 1 hotel.",https://tongapocketguide.com/where-to-stay-tongatapu-the-best-accommodations,
port-of-spain,St. Ann's,KEEP,Search shows St. Ann's listed among Port of Spain's top safe stay areas; Hilton Trinidad there; no evidence to remove.,https://tripjive.com/explore-the-safest-spots-to-stay-in-port-of-spain-trinidad/,
port-of-spain,Newtown,KEEP,"Dining district beside Queen's Park Savannah, 54 food places; no evidence to remove.",https://tripjive.com/explore-the-safest-spots-to-stay-in-port-of-spain-trinidad/,
monastir,Skanès (Zone Touristique),KEEP,Expedia lists Hilton Skanes Monastir Beach Resort and other beach resorts in the Skanes tourist zone.,https://www.expedia.com/Monastir-Beach-Tunisia.d6119350.Vacation-Attraction,
monastir,Khniss,KEEP,"Searches found nothing on Khniss at all, so no evidence to remove; 4.0 km south of centre, 0 hotels counted. Weakest of five.",https://www.expedia.com/Monastir-Beach-Tunisia.d6119350.Vacation-Attraction,
tozeur,Bled El Hadhar,KEEP,"Search shows palm-grove guesthouses (Diar Abou Habibi, Residence El Arich) that tourists praise; point ~1.4 km from Zone Touristique; no evidence to remove.",https://www.minube.net/where-to-stay/tunisia/tozeur,
tunis,Les Berges du Lac,KEEP,"Expedia/hotels.com results show business and luxury hotels (Maia Suites, Mövenpick) and the Dah Dah entertainment park; has hotels and 48 food places, so not office-only.",https://www.expedia.at/en/Tunis.dx6025910,
tunis,Gammarth,KEEP,"Search shows luxury resorts (The Residence, Four Seasons), marina, beaches; seaside resort area ~20 km away, thin but kept.",https://hotels.com/de1636616-qu4/luxury-hotels-gammarth-tunisia,
goreme,Aydınlı / Edebiyat Quarter,REMOVE,"Point is 0.37 km from Göreme Town Center, identical hotel counts (250 vs 268); travel guides treat Göreme as one stay area.",https://myturkeyadventure.com/blog/goreme-vs-uchisar-vs-urgup-where-to-stay-cappadocia-2026,
goreme,Avanos (Kızılırmak riverside),KEEP,"Guides list Avanos among Cappadocia towns, pottery town on the Red River, busier with tourists; 17 km out but part of the destination.",https://destinationlesstravel.com/where-to-stay-in-cappadocia-turkey/,
goreme,Ortahisar (Cappadocia),ADD,"Guides name Ortahisar one of the four best areas to stay in Cappadocia; Photon places it at 38.6215,34.8652. Not a guide city.",https://destinationlesstravel.com/best-areas-where-to-stay-in-cappadocia-turkey/,"[38.6215, 34.8652]"
goreme,Ürgüp,ADD,"Wikipedia: boutique-hotel movement, flourishing tourism, more amenities than other Cappadocia towns; coordinates 38°37′53″N 34°54′47″E.",https://en.wikipedia.org/wiki/Ürgüp | https://myturkeyadventure.com/blog/goreme-vs-uchisar-vs-urgup-where-to-stay-cappadocia-2026,"[38.6314, 34.9131]"
trabzon,Kemerkaya,REMOVE,"Point is 0.4 km from Meydan point, counts nearly identical (47/182/55 vs 44/189/57): same central area.",https://ph.hotels.com/tgp/lodging/star/2/3597/trabzon,
trabzon,Boztepe,KEEP,Search lists Boztepe Park as a visited green space near Hagia Sophia and Atatürk Mansion; stays thin (1 hotel listed).,https://www.expedia.com/cn/Boztepe-Park-Ortahisar.d553248621532503565.Place-To-Visit,
ashgabat,Berzengi,KEEP,"Search puts Archabil hotel ~10 km south of the core near oil-and-gas hubs, so weak; no direct evidence beyond that, kept thin.",https://nz.hotels.com/de1325800/hotels-in-ashgabat-turkmenistan,
ashgabat,Ashgabat Stadium / Sports District,REMOVE,"Search shows Sport Hotel ~5 km from core; Olympic complex is a single site with 1 hotel, 0 food, 0 sights.",https://nz.hotels.com/de1325800/hotels-in-ashgabat-turkmenistan,
cockburn-town,Pillory Beach,KEEP,0.84 km north of Front Street point; small beach hotels; no evidence to remove.,https://www.expedia.at/en/Cockburn-Town.dx11656,
cockburn-town,North Ridge,REMOVE,Search shows lodging concentrated on Duke/Front Street historic area; North Ridge point is 4.3 km north of Front Street with 0/0/0 counts.,https://app.advcollective.com/lodging/cockburn-town-grand-turk-duke-street,
funafuti,Alapi,KEEP,"Searches gave no Alapi data; village 0.7 km from Vaiaku on the same narrow island strip; kept, thin.",https://www.milehacker.com/travel/tuvalu/where-to-stay-in-tuvalu-hotels-neighborhoods-accom/,
funafuti,Senala,REMOVE,"Point identical to Fakaifou (distance 0 m, same counts and listed stays); same area.",https://en.wikipedia.com/wiki/Senala,
funafuti,Teone,KEEP,"No source found; listed stays are copies from other hoods; 2 km north, 0 counted. Kept only for lack of removal evidence.",https://www.milehacker.com/travel/tuvalu/where-to-stay-in-tuvalu-hotels-neighborhoods-accom/,
alanya,Kestel,KEEP,"Listings show Livane Beach, Eras Hotel, Cook's Club and apart hotels in Kestel; described as quieter base with cafes, bus to livelier areas; kept.",https://sonder.com/all/turkey/alanya/kestel,
ankara,Çankaya,KEEP,Sheraton and Hilton are in the Çankaya/Kavaklıdere area; no evidence to remove.,https://www.otelz.com/denizli-hotels,
antalya,Muratpaşa,REMOVE,"Wikipedia: Muratpaşa is Antalya's central administrative district (96 km2, 526,293 people) that contains Kaleiçi; point is 1.6 km from Kaleiçi: not a distinct neighborhood.",https://en.wikipedia.org/wiki/Muratpaşa,
antalya,Belek,REMOVE,"Wikipedia: Belek is in Serik district, a separate resort town ~35 km east (30+ four/five-star hotels, golf), outside the city: day trip/separate destination.",https://en.wikipedia.org/wiki/Belek,
denizli,İncilipınar,KEEP,"Search shows incilipinar mah has hotels/pensions listed (Inci Class, Grand İtimat); no evidence to remove.",https://neredekal.com/incilipinar-mah-otelleri/,
denizli,Pamukkale Village,KEEP,Hotels 20 m from travertines and Hierapolis; the reason visitors come to Denizli.,https://www.otelz.com/denizli-hotels,
denizli,Karahayıt,KEEP,"Thermal hotels (Ramada Resort Pamukkale Thermal, Ladik Hotel) recommended for thermal holidays.",https://www.otelz.com/denizli-hotels,
denizli,Çamlık,KEEP,"No evidence found; commercial area with 105 food places; kept thin, weakest.",https://www.otelz.com/denizli-hotels,
edirne,Karaagac,KEEP,"hotels.com lists hotels and guesthouses in Karaağaç Mahallesi (station, Meriç bridge); 3.5 km from Kaleici; low confidence, kept.",https://es.hotels.com/es/de11114033/hoteles-karaagac-mahallesi-turquia,
fethiye,Ölüdeniz,KEEP,"Wikipedia: Ölüdeniz is a Blue Flag beach resort ~14 km south of Fethiye; the listed point (36.5495,29.1560) is ~3 km east of the lagoon/beach, so 0 counts is a misplaced point; Photon places Ölüdeniz beach at 36.5505,29.1229.",https://en.wikipedia.org/wiki/Ölüdeniz,"[36.5505, 29.1229]"
gaziantep,Kaleiçi (Castle Quarter),REMOVE,"Expedia castle-hotel page lists the old-city konaks (Ali Bey, Lutfu Bey) as sitting in the historic Bey neighbourhood beside the castle. Kaleici point is 0.69 km from the Bey Mahallesi point and 0.57 km from Bakircilar; the castle quarter is part of the Bey old city, same area under a second name.",https://www.expedia.com/Gaziantep-Castle-Hotels.0-l6287706-0.Travel-Guide-Filter-Hotels,
kayseri,Melikgazi,KEEP,Thin evidence: where-to-stay page lists Melikgazi as a district with guesthouses and hotels but residential; no source proves it fails. Kept.,https://www.lastminute.com/hotels/tr_turkey/kayseri-city-center-d1511153629,
kayseri,Kocasinan,KEEP,"Thin evidence: same page lists Kocasinan as a hotel district (Fier Life, modern hotels). No source to remove. Kept.",https://www.lastminute.com/hotels/tr_turkey/kayseri-city-center-d1511153629,
kayseri,Hisarcık (Erciyes),REMOVE,Hotels.com Kayseri results place Erciyes Hill Hotel and DAS beside Erciyes ski resort; the point is about 20 km south of the centre (38.54 vs 38.72). A ski resort outside the city is a day trip.,https://in.hotels.com/ho3449097728,
konya,Meram,KEEP,"Thin evidence for removal; Meram Baglari vineyards, stream tea gardens, garden restaurants and nearby hotels (Dedeman, Ramada) listed by Expedia/Kupi. Only 3 hoods in guide. Kept.",https://kupi.com/en/explore/turkey/konya/meram-vineyards | https://www.expedia.com/Meram-Baglari-Meram.d553248621532502589.Vacation-Attraction,
kusadasi,Pamucak,REMOVE,"Pamucak Beach is about 8 km from Kusadasi centre (tourtravelworld), reached by car or bus; it lies in Selcuk's coast, not Kusadasi town. A beach outside town is a day trip.",https://www.tourtravelworld.com/turkey/kusadasi/pamucak-beach.htm,
kusadasi,Davutlar,KEEP,Thin evidence: Davutlar is 16 km from Ladies Beach but is a Kusadasi-district beach resort with hotels listed on hotels.com. Tourist resort area of the destination; kept.,https://nz.hotels.com/de1797502-th6/beach-hotels-in-davutlar-turkey | https://www.thetraveler.org/ladies-beach-kusadasi-guide-swimming-food-stays/,
marmaris,Turunç,SKIP,Wikipedia/Mercury Holidays: Turunc is a 1 km village about 20 km south of Marmaris with 4 hotels and a ferry link. A separate village outside the city is a day trip.,https://en.wikipedia.org/wiki/Turun%C3%A7,"[36.775, 28.245]"
selcuk,Şirince,KEEP,"Sirince has many boutique hotels (Nisanyan, Sirince Evleri, Lotus Konaklari) plus wine bars, cafes and restaurants per Expedia/TimeOut; a well-known overnight village in Selcuk district. Kept.",https://www.timeout.com/turkiye/hotels/best-hotels-in-sirince-selcuk | https://www.expedia.it/en/Sirince.dx6320855,
selcuk,Pamucak,REMOVE,"Pamucak is a beach reached by road (hotels list it 13-16 km from Sirince, about 8 km from Kusadasi); only resort hotels, no town centre. A beach 7 km from Selcuk is a day trip.",https://www.tourtravelworld.com/turkey/kusadasi/pamucak-beach.htm | https://www.otelz.com/en/hotel/hotel-sirince-evleri,
cesme,Alaçatı Beach,KEEP,"Alacati windsurf bay is about 3 km south of Alacati town centre (turkeytravelplanner), with cafes, restaurants, small hotels and surf shops. Hood point at 38.229,26.348 sits roughly 6.6 km away in the wrong spot; moved to about 3 km south of Alacati Old Town (approximate).",https://turkeytravelplanner.com/go/Aegean/cesme/alacati/see/windsurf.html,"[38.257, 26.375]"
izmir,Karşıyaka,KEEP,"Where-to-stay page lists Karsiyaka as a relaxed area reached by ferry, EUR 50-100 per night; 255 food places. Kept.",https://www.itimaker.com/blog/where-to-stay-izmir-first-timers,
izmir,Bornova,KEEP,"Thin evidence: Bornova is a university district with many affordable guesthouses and student hotels, 224 food places. Kept over Balcova as the cap-of-5 choice (see notes).",https://www.itimaker.com/blog/where-to-stay-izmir-first-timers,
izmir,Balçova / Güzelbahçe,REMOVE,"Expedia/Turna show Balcova as a peaceful thermal suburb with large spa hotels (Wyndham Grand, Balcova Thermal), cable car and a mall; not a walkable hotel/restaurant district (3 hotels, 67 food). Cap of 5 with Basmane added.",https://expedia.com.au/Izmir-Balcova.dx6057454,
izmir,Basmane,ADD,"Where-to-stay guides list Basmane as a stay area; Turkey Travel Planner says more than 20 hotels in all price ranges sit on and off Fezipasa Bulvari near the station, with shops and restaurants. About 1.5 km from the Konak point, so not covered by it.",https://turkeytravelplanner.com/go/Aegean/Izmir/transport/basmane.html | https://www.itimaker.com/blog/where-to-stay-izmir-first-timers,"[38.424, 27.144]"
sanliurfa,Karaköprü,KEEP,"Thin evidence: Expedia lists several Karakopru hotels (DoubleTree, Nevali spa, Hilton Garden Inn) and reservoir attractions; modern district 6 km north of old city but no source shows it fails. Kept.",https://www.expedia.com/es/Sanlurfa-Karakopru.dx553248635290261806,
charlotte-amalie,Lindbergh Bay,REMOVE,"Lindbergh Bay is a beach beside Cyril E. King Airport with two hotels (Emerald Beach, Lindbergh Bay Hotel); nearest restaurants are an airport cafe and 5-7 minute drives. Airport zone.",https://majority.travel.win/Hotels/Lindbergh_Bay_Hotel_And_Villas_StThomas,
charlotte-amalie,East End / Red Hook,KEEP,"Red Hook is a marina town with many restaurants, hotels and condo resorts, and the ferry hub to St John (Expedia/Tripbase). Kept.",https://www.expedia.com/cn/All-Red-Hook-Hotels.d9626-p4.Travel-Guide-City-All-Hotels-HK | https://www.tripbase.com/destinations/st-thomas-usvi/neighborhoods/,
abu-dhabi,Khalifa City,REMOVE,"Where-to-stay guide describes Khalifa City as a residential suburb for families with villas and apartments, not a visitor area.",https://breathingtravel.com/?p=29155,
abu-dhabi,Al Maryah Island,KEEP,"Al Maryah Island: shopping, dining and luxury hotels (Four Seasons, Rosewood) per Expedia/Hotels.com. Kept.",https://www.expedia-aarp.com/Al-Maryah-Island.dx6268728,
dubai,Jumeirah,KEEP,"Jumeirah is a famous beachfront tourist area (Burj Al Arab, Jumeirah Beach Hotel, JBR dining). The point sits in Jumeirah 1 villas; the listed stays are at Umm Suqeim, so point moved to the Burj Al Arab / Jumeirah Beach Hotel cluster (25.1412, 55.1853 for Burj Al Arab).",https://www.agoda.com/travel-guides/united-arab-emirates-uae/dubai/where-to-stay-in-dubai-your-ultimate-guide-to-the-best-areas-and-hotels,"[25.1415, 55.188]"
dubai,Business Bay,REMOVE,Agoda guide calls Business Bay a modern business district whose appeal is cheaper rooms near Downtown/Burj Khalifa; it has no heritage or sights of its own. Dropped for Bur Dubai (cap of 5).,https://www.agoda.com/travel-guides/united-arab-emirates-uae/dubai/where-to-stay-in-dubai-your-ultimate-guide-to-the-best-areas-and-hotels,
dubai,Bur Dubai,ADD,"Agoda guide: Bur Dubai is the old city with historic sites, traditional markets, and varied accommodation. Al Fahidi area, about 1.3 km from the Deira point across the Creek, so a separate area.",https://www.agoda.com/travel-guides/united-arab-emirates-uae/dubai/where-to-stay-in-dubai-your-ultimate-guide-to-the-best-areas-and-hotels,"[25.264, 55.297]"
kampala,Bugolobi,KEEP,Thin evidence: Bugolobi is described as affordable stays with local markets and upscale residential feel. Kept (5 hoods only).,https://www.lastminute.com/hotels/ug_uganda/kampala-d1526166272,
kampala,Muyenga,KEEP,Thin evidence: Muyenga is a hilltop suburb with hotels and lake views per the same guide. Kept.,https://www.lastminute.com/hotels/ug_uganda/kampala-d1526166272,
lviv,Halytskyi,REMOVE,Hotels.com page says Halytskyi district is the most popular area to stay and holds the Old Town attractions; the Old Town is inside it. Halytskyi point is 0.18 km from the Old Town point; same area under its administrative name.,https://ie.hotels.com/de12496392-at12/booking-hostel-hotels-halyts-kyi-district-ukraine-hotel-rooms,
lviv,Lychakiv,KEEP,Thin evidence: only a 'peaceful retreat' description found; Lychakiv Cemetery is a major sight. Kept with only 2-3 hoods left; Jeff may review.,https://ie.hotels.com/de12496392-at12/booking-hostel-hotels-halyts-kyi-district-ukraine-hotel-rooms,
brighton,Hove,KEEP,"Hove has Regency seafront, tree-lined streets, family stays per bounce.com guide. Kept.",https://bounce.com/guides/brighton/where-to-stay-brighton,
cambridge,Chesterton,KEEP,Thin evidence: Chesterton is a quiet area 15 min walk from centre with affordable stays and restaurants. Kept (5 hoods).,https://bounce.com/guides/cambridge/where-to-stay-cambridge,
cambridge,Newnham,KEEP,Thin evidence: Newnham is residential but guide says most visitors stay in B&Bs there; Hilton and Lensfield hotels listed. Kept.,https://bounce.com/guides/cambridge/where-to-stay-cambridge,
cardiff,Roath,REMOVE,"Guestready and lastminute where-to-stay lists for Cardiff cover City Centre, Pontcanna, Cardiff Bay, Cathays but not Roath; search found restaurants on Albany/City Road and Roath Park but no hotels (0 within 800 m).",https://book.guestready.com/destinations/cardiff,
durham,Elvet,KEEP,"Elvet borders the river, home of Hotel Indigo and OYO Townhouse (Old Elvet), a footbridge from the cathedral. Overture 1 hotel looks like a misplaced point; moved to Old Elvet (approximate, near the Hotel Indigo/Old Elvet street).",https://ph.trip.com/hotels/durham-1-elvet-bridge/hotels-c9563m24810039,"[54.7705, -1.5705]"
durham,Gilesgate,REMOVE,Wikipedia: Gilesgate is a suburb of Durham with Tesco Extra and pubs; the hotels are chain budget hotels on the edge road.,https://en.wikipedia.com/wiki/Gilesgate,
durham,Neville's Cross,REMOVE,"Gazetteer/Wikipedia: Neville's Cross is a wealthy residential suburb, primarily residential with a newsagent and some pubs; battlefield is a monument only.",https://en.wikipedia.org/wiki/Neville%27s_Cross,
edinburgh,Morningside,REMOVE,"Opodo/Hostelworld where-to-stay lists cover Old Town, New Town, Stockbridge, Leith, West End/Haymarket and Bruntsfield but not Morningside; residential suburb with 4 hotels. Replaced by West End (cap of 5).",https://www.opodo.co.uk/blog/where-to-stay-in-edinburgh/,
edinburgh,West End / Haymarket,ADD,"Opodo guide: the West End is home to Edinburgh Castle approach, Princes Street Gardens and the National Gallery, with boutique guesthouses and its own station/tram at Haymarket. More than 1 km from the New Town point.",https://www.opodo.co.uk/blog/where-to-stay-in-edinburgh/,"[55.9455, -3.2175]"
inverness,Crown,KEEP,Thin evidence: Crown is a residential area of B&Bs; dining limited in the area but 20-minute walk to centre (27 food within 800 m). Kept.,https://www.travellingking.com/where-to-stay-in-inverness/,
inverness,Merkinch,REMOVE,"Where-to-stay page describes Merkinch as a working-class suburb and one of the poorer areas, with nature reserve; not a visitor district.",https://www.travellingking.com/where-to-stay-in-inverness/,
inverness,Culduthel,REMOVE,Where-to-stay page describes Culduthel as a suburban area south of the city useful only as a day-trip base; point has 0 hotels and 2 food places.,https://www.travellingking.com/where-to-stay-in-inverness/,
oxford,Cowley,REMOVE,"Wikipedia: Cowley is a residential and industrial area (BMW Plant Oxford, Templars Square) with no mention of hotels or tourism; the visitor strip is Cowley Road, added separately.","https://en.wikipedia.org/wiki/Cowley,_Oxfordshire",
oxford,Summertown,KEEP,"Summertown: leafy upscale area with high-quality restaurants and boutiques, family stays. Kept.",https://m.fightcancer.org/stay-oxford,
oxford,Headington,KEEP,Thin evidence: Headington has family B&Bs in Victorian homes and the shark sculpture. Kept.,https://m.fightcancer.org/stay-oxford,
oxford,Cowley Road (East Oxford),ADD,"Where-to-stay guide: Cowley Road is the multicultural dining heart of Oxford with best food in town, Premier Inn and B&Bs, about 20 minutes walk from centre. Not the Cowley industrial area.","https://m.fightcancer.org/stay-oxford | https://en.wikipedia.org/wiki/Cowley,_Oxfordshire","[51.7455, -1.233]"
windermere,Troutbeck,KEEP,"Thin evidence: Troutbeck is a small village (Troutbeck Bridge lodges, Queens Head, YHA) between Windermere and Ambleside. Kept as no better local option (Ambleside is a separate town).",https://www.snaptrip.com/holiday-log-cabins/windermere/hot-tub,
windermere,Storrs / Storrs Park,REMOVE,"Storrs Park is leafy and 1.5 miles from Bowness, where the inns and eateries are (lakedistrictlodgeholidays); the point has 2 hotels and 0 restaurants.",https://www.lakedistrictlodgeholidays.co.uk/blog/?p=3059,
windermere,Ambleside,SKIP,Search shows Ambleside is a separate town 5-6 miles from Windermere at the head of the lake. A separate town is a day trip per the rule; Jeff may want it as a hub for a lake guide.,https://beta.slowways.org/Settlement/Ambleside/Web,"[54.4308, -2.9616]"
york,Bishopthorpe Road,KEEP,Search of York hotel pages lists Middlethorpe Hall on Bishopthorpe Road and guest houses nearby; restaurants strip is on the road itself.,https://www.hotelsone.com/district/gb/clifton6.html,
york,Fossgate & Walmgate,KEEP,Fossgate/Walmgate are different streets ~0.3 km from the Shambles point and a recognised dining quarter; not the same named area.,https://lookup.hotels.com/de1719231/hotels-near-shambles-york-united-kingdom,
york,Clifton,KEEP,Search shows St Mary's and Sycamore guest houses in Clifton a 15-minute walk from the Minster and station; thin but supports a B&B area.,https://www.expedia.com/York-Clifton.dx873145133565169664,
anaheim,Platinum Triangle,KEEP,"Search shows Platinum Triangle has Angel Stadium, Honda Center, Hyatt Regency OC/Ayres hotels and Expedia lists hotels there; only 3 hoods in guide, so no cap pressure. Evidence of tourist draw is thin (event-driven).",https://www.expedia.com/en/platinum-triangle.dx553248635976479837,
anchorage,Midtown,KEEP,"Same page: Midtown has most chain hotels, malls and dining.",https://misstourist.com/where-to-stay-in-anchorage-alaska-usa/,
anchorage,Spenard,KEEP,"Same page: Spenard has local character, dining and lake views.",https://misstourist.com/where-to-stay-in-anchorage-alaska-usa/,
anchorage,South Anchorage,KEEP,"Misstourist where-to-stay page covers South Anchorage as a stay area (mountain views, trailhead access); only 4 hoods so no cap pressure. Evidence thin.",https://misstourist.com/where-to-stay-in-anchorage-alaska-usa/,
atlanta,Virginia-Highland,KEEP,"DiscoverAtlanta lists Virginia-Highland as a visitor neighbourhood with many restaurants, bars and shops; only the Highland Inn nearby for lodging. Cap not exceeded (5).",https://discoveratlanta.com/explore/neighborhoods/eastside/virginia-highland/ | https://atlanta.com/articles/restaurant/virginia-highland-restaurants-atlanta,
austin,Zilker / Barton Hills,KEEP,"Hotels.com/Expedia pages show Zilker Park, Barton Springs Pool, Botanical Garden, mini train and nearby hotels/B&Bs; Overture 0 food is a point issue. Heavily visited sights.",https://ph.hotels.com/nh12531338/hotels-in-zilker-austin-texas | https://expedia.com.au/South-Austin.dx6283494,
charleston,Mount Pleasant,REMOVE,"Where-to-stay guides call Mount Pleasant a large suburb across the harbour that needs a car or rides; a separate town, not part of the peninsula.",https://www.thecrazytourist.com/stay-charleston-sc-neighborhoods-area-guide/,
charleston,Folly Beach,REMOVE,"Same guides: Folly Beach is a surf town 20-25 minutes from downtown, car needed; separate municipality, so a day trip.",https://www.thecrazytourist.com/stay-charleston-sc-neighborhoods-area-guide/,
charleston,Cannonborough-Elliotborough,ADD,"Afar and Expedia describe it as a historic district with award-winning restaurants, cafes, bars and the 86 Cannon boutique hotel, gateway to downtown; Photon places 86 Cannon at 32.7897,-79.9460, about 1.5 km from the King Street point, distinct from it.",https://www.afar.com/magazine/a-guide-to-cannonborough-elliotborough-charleston | https://www.expedia.com/es/Cannonborough-Elliotborough-Charleston-Hoteles.0-n553248635976479538-0.Guia-Viajes-Filter-Hoteles,"[32.7897, -79.946]"
chicago,Wicker Park,REMOVE,"Cap swap: Gold Coast/Magnificent Mile ranks above it for visitors. Choice Hotels and Expedia guides list Mag Mile hotels (Hilton, Aloft, Eurostars) and Rush St dining; Wicker Park is a hip shopping/nightlife area with only a few hotels (Overture 5).",https://choicehotels.com/explore/neighborhood-guides/chicago | https://www.expedia.co.kr/Chicago-Gold-Coast.dx6130105,
chicago,Hyde Park,KEEP,"Famous tourist district: Museum of Science and Industry, UChicago campus, Jackson Park; Sophy Hyde Park and Hyatt Place hotels, 53rd St restaurants. Not removed.",https://www.wonderfulmuseums.com/museum/hotels-near-the-science-and-industry-museum-chicago/,
chicago,Gold Coast / Magnificent Mile,ADD,"Expedia lists several Mag Mile/Gold Coast hotels and Rush Street bars and restaurants, Oak St boutiques; Photon puts Sofitel Chicago Mag Mile at 41.8986,-87.6273, ~1 km from River North point so a separate area.",https://www.expedia.co.kr/Chicago-Gold-Coast.dx6130105 | https://photon.komoot.io/api/?q=Magnificent+Mile+Chicago,"[41.9005, -87.627]"
dallas,Bishop Arts District,KEEP,"Bishop Arts has 60+ shops, restaurants and galleries and the Bishop Arts Hotel; a known visitor district. Kept.",https://try.gocheetah.com/bishop-arts-district-hotels,
dallas,Knox/Henderson,KEEP,Source describes Knox-Henderson as dining/Katy Trail area; no evidence strong enough to remove and no cap pressure (5).,https://www.extraspace.com/blog/city-guides/best-neighborhoods-in-dallas-for-singles-young-professionals/,
detroit,New Center,KEEP,"Search shows Motown Records in New Center and treksplorer covers it only lightly; no evidence to remove. Eastern Market (market, nearby casino hotels) is the alternative; no verified case it outranks New Center.",https://www.treksplorer.com/where-to-stay-in-detroit-mi-usa/,
honolulu,Kahala,REMOVE,"Hawaii vacation guides call Kahala secluded, off the beaten path and an affluent residential area with one resort; not a place visitors choose for variety of hotels/restaurants.",https://thehawaiivacationguide.com/where-to-stay-in-honolulu/,
honolulu,Kakaako,ADD,"Guides describe Kaka'ako as trendy with restaurants, bars, street art, the Modern Honolulu (353 rooms), Ward Village shops and Moku Kitchen/Nobu; Photon puts Ward Village at 21.2938,-157.8558.",https://lookup.hotels.com/de10521733/hotels-near-ward-village-shops-honolulu-united-states-of-america | https://thehawaiivacationguide.com/where-to-stay-in-honolulu/,"[21.2957, -157.8573]"
houston,The Heights,REMOVE,"Cap swap: guides describe The Heights as calm, quiet, Victorian B&Bs and boutiques on W 19th, below the Galleria/Uptown hotel and shopping hub.",https://santorinidave.com/best-places-houston | https://www.dallasites101.com/blog/post/neighborhood-guide-to-houston,
houston,Galleria / Uptown,ADD,"Guides list Uptown/Galleria as Texas's largest mall (~400 stores) with many restaurants and hotels; Photon places The Galleria at 29.7380,-95.4643 and Westin Galleria beside it.",https://www.dallasites101.com/blog/post/neighborhood-guide-to-houston | https://photon.komoot.io/api/?q=The+Galleria+Houston,"[29.738, -95.4643]"
las-vegas,Summerlin,REMOVE,"Expedia describes Summerlin as a 22,500-acre master-planned residential community with parks and Downtown Summerlin, about 10 miles from the Strip; a suburb, though Red Rock resort is there.",https://expedia.sa/Las-Vegas-Summerlin.dx6054171,
las-vegas,Henderson,REMOVE,"Henderson is a separate incorporated city (1953), about 16 miles from Las Vegas; outside the city so a day trip.",https://www.travelonly.com/location/henderson,
las-vegas,Chinatown (Spring Mountain),KEEP,"Expedia describes Spring Mountain Chinatown with Asian restaurants, bars, live music and entertainment; Palms/Rio nearby. Kept (food district for visitors).",https://www.expedia.com/es/Chinatown-Las-Vegas-Hoteles-Hotel-Con-Tiendas.0-n6159642-0-tHotelcontiendas.Guia-Viajes-Filter-Hoteles,
memphis,Midtown / Overton Square,KEEP,"Guide: Midtown centres on Overton Square (theatre/dining district) and Cooper-Young bars, Brooks Museum, Memphis Zoo.",https://library.peoplespharmacy.com/stay-memphis,
memphis,Whitehaven / Graceland,KEEP,"Graceland is a major tourist attraction with the Guest House at Graceland resort hotel and Elvis Presley Blvd dining; heavily visited, not removed.",https://library.peoplespharmacy.com/stay-memphis,
memphis,East Memphis,REMOVE,"Guide describes East Memphis as high-end shopping and sprawling estates; suburban, hotels are business-oriented.",https://library.peoplespharmacy.com/stay-memphis,
miami,Little Havana,KEEP,"Famous tourist district (Calle Ocho, Cuban cuisine); guides list Little Havana as a place to stay with hotels. Not removed on counts alone.",https://www.nomadicmatt.com/travel-blogs/where-to-stay-miami/ | https://bounce.com/guides/miami/where-to-stay-miami,
miami,Coconut Grove,KEEP,"Guides list Coconut Grove with boutique waterfront hotels, parks, restaurants.",https://bounce.com/guides/miami/where-to-stay-miami,
miami,Downtown Miami,SKIP,"Guides list Downtown Miami (museums, Bayside, port) as a stay area, but the cap of 5 is full of famous hoods; no evidence any listed hood is weaker than Downtown, and Brickell is 1.7 km away.",https://bounce.com/guides/miami/where-to-stay-miami,"[25.775, -80.195]"
minneapolis,North Loop,KEEP,"Tripbase and North Loop guide: warehouse district with galleries, eateries, breweries, Target Field and hotels (Hewing, Element).",https://www.tripbase.com/destinations/minneapolis-usa/neighborhoods/,
minneapolis,Northeast Minneapolis,KEEP,"Source: Northeast has converted warehouses, Northrup King galleries, Nicollet Island Inn; no strong removal evidence, no cap pressure.",https://www.tripbase.com/destinations/minneapolis-usa/neighborhoods/,
minneapolis,Dinkytown,KEEP,"Source: Dinkytown has bookstores, cafes and budget eateries on 14th Ave SE; two hotels nearby. Thin evidence to remove.",https://www.tripbase.com/destinations/minneapolis-usa/neighborhoods/,
nashville,East Nashville,KEEP,"Guide describes East Nashville as artsy with eclectic shops, galleries, restaurants, boutique hotels (Urban Cowboy, Russell).",https://nashvilleguru.com/hotels/w-nashville,
new-orleans,Bywater,KEEP,"Expedia shows 42 lodgings in Bywater; guides describe bars, restaurants, brunch, Crescent Park riverfront.",https://www.expedia.com/cn/Bywater-New-Orleans-Hotels-Best-Western.0-n6342726-0--bBestWestern.Travel-Guide-Filter-Hotels,
new-york,Upper East Side,KEEP,"Famous visitor district (Met, Guggenheim, Frick); Frommer's/Tour Guy list Upper East Side as a luxury stay area with the Carlyle and Regency. Not removed on counts.",https://www.frommers.com/destinations/new-york-city/hotels/neighborhoods/ | https://thetourguy.com/travel-blog/where-to-stay-manhattan,
new-york,Chelsea,SKIP,"Guides rate Chelsea (High Line, Whitney, galleries) highly, but the cap is full of famous hoods and no evidence shows one is weaker; Chelsea is 1.3 km from Greenwich Village.",https://thetourguy.com/travel-blog/where-to-stay-manhattan,"[40.745, -73.995]"
orlando,Winter Park,KEEP,"Gocity/Hotelguru: Winter Park has boutique hotels, Morse Museum (Tiffany), Park Avenue.",https://gocity.com/en/orlando/blog/where-stay-orlando,
orlando,Lake Nona,KEEP,"Gocity lists things to do in Lake Nona (Boxi Park, USTA campus, restaurants) and Wave Hotel; thin tourist draw but cap not hit.",https://gocity.com/en/orlando/things-to-do/things-to-do-in-lake-nona-orlando,
orlando,Lake Buena Vista / Disney Springs,ADD,"Gocity lists Lake Buena Vista as the base for Walt Disney World with many resorts; Photon places Disney Springs at 28.3712,-81.5184 and Wyndham LBV Disney Springs Resort Area beside it.",https://gocity.com/en/orlando/blog/where-stay-orlando | https://photon.komoot.io/api/?q=Disney+Springs+Lake+Buena+Vista,"[28.3712, -81.5184]"
philadelphia,South Philadelphia (East Passyunk),KEEP,"VisitPhilly: East Passyunk has 150+ independent restaurants and shops, James Beard picks, Pat's and Geno's; few lodgings but boutique hotels nearby.",https://www.visitphilly.com/neighborhoods/east-passyunk/,
phoenix,Arcadia,KEEP,"Guide: Arcadia is a leading dining neighbourhood with Royal Palms resort, but quiet and residential. Overture counts of 0 suggest the point is off; true area not verified. Kept, thin.",https://www.placemakr.com/blog/where-to-stay-in-phoenix,
phoenix,Midtown,KEEP,Guide lists Midtown with Biltmore area culture and dining; thin evidence to remove.,https://www.placemakr.com/blog/where-to-stay-in-phoenix,
portland,Alberta Arts District,KEEP,"Two Wandering Soles: Alberta Arts District is a popular stay with murals, galleries, boutiques; needs a car.",https://www.twowanderingsoles.com/blog/where-to-stay-in-Portland-oregon,
portland,Hawthorne District,KEEP,"Same guide: Hawthorne has vintage shops, eateries, street art and draws a creative crowd.",https://www.twowanderingsoles.com/blog/where-to-stay-in-Portland-oregon,
reno,Midtown,KEEP,"misstourist guide describes Midtown as walkable with boutique motor-lodge stays, breweries, galleries and restaurants.",https://misstourist.com/best-places-to-stay-in-reno-nevada-usa/,
reno,Northwest Reno,REMOVE,Wikivoyage Reno describes the northwest only as open desert and mountain-biking terrain (Peavine); Overture shows 0 hotels and 0 food at the point.,https://en.wikivoyage.org/wiki/Reno,
reno,South Reno,KEEP,"Wikivoyage places Atlantis (3800 S Virginia St) and Peppermill (2707 S Virginia St) south of downtown with several dining options, so the area is a real casino-resort stay zone; the point sits ~10 km too far south.",https://en.wikivoyage.org/wiki/Reno | https://misstourist.com/best-places-to-stay-in-reno-nevada-usa/,"[39.497, -119.789]"
salt-lake-city,The Avenues,REMOVE,Wikivoyage lists only Lindsay Gardens and a cemetery for The Avenues and no lodging or dining; placemakr/travel guides call it a historic residential hillside.,https://en.wikivoyage.org/wiki/Salt_Lake_City | https://www.placemakr.com/blog/where-to-stay-salt-lake-city,
salt-lake-city,Sugar House,KEEP,Wikivoyage and stay guides describe Sugar House as a walkable shopping/dining district with bars and a large park; evidence of lodging is thin but a removal is not supported. Point is ~1.2 km south of the commercial core.,https://en.wikivoyage.org/wiki/Salt_Lake_City | https://www.placemakr.com/blog/where-to-stay-salt-lake-city,"[40.7231, -111.8586]"
san-antonio,Alamo Heights,REMOVE,"Stay guide describes Alamo Heights as a quiet, family-oriented residential enclave with a small-town feel; Overture shows 0 hotels and 8 food places.",https://thehotelguru.com/where-to-stay/san-antonio,
san-francisco,Haight-Ashbury,KEEP,"Haight is a famous sightseeing district (Wikivoyage: home of the Hippie movement; Expedia lists hotels, galleries, theatre). Kept; the cap-of-5 swap falls on The Castro (see notes).",https://en.wikivoyage.org/wiki/San_Francisco | https://www.expedia.com/Haight-Ashbury-San-Francisco-Hotels.0-n111752-0.Travel-Guide-Filter-Hotels,
san-francisco,The Castro,REMOVE,"Cap of 5 with Fisherman's Wharf added. Castro is a niche LGBTQ-culture district (ytravelblog) with 7 hotels within 800 m, versus the Wharf's seven-plus named hotels and Pier 39/Alcatraz ferry draw.",https://www.ytravelblog.com/where-to-stay-in-san-francisco-ca/ | https://en.wikivoyage.org/wiki/San_Francisco,
san-francisco,Fisherman's Wharf,ADD,"Wikivoyage: touristy waterfront with Pier 39, Ghirardelli Square, Alcatraz ferry and many seafood restaurants; Expedia lists Argonaut, Hyatt Centric, Courtyard, Riu Plaza, Hotel Zephyr and more. Point at Pier 39/Wharf area.",https://en.wikivoyage.org/wiki/San_Francisco | https://www.laundryheap.com/en-us/hotels/san-francisco/fishermans-wharf,"[37.8087, -122.4098]"
scottsdale,North Scottsdale,KEEP,"Point is misplaced: Westin Kierland Resort (6902 E Greenway Pkwy) sits beside Kierland Commons, a 38-acre dining and shopping centre; resort zone is real. Moved to Kierland.",https://evendo.com/locations/arizona/scottsdale/kierland-commons,"[33.6219, -111.9255]"
scottsdale,McCormick Ranch,KEEP,"Expedia has a McCormick Ranch hotel region; The Scottsdale Resort & Spa and The McCormick are resorts here. Evidence thin, no removal evidence.",https://www.expedia.com/McCormick Ranch-Hotels.d553248635074842043.Travel-Guide-Hotels,
scottsdale,Gainey Ranch,KEEP,"Grand Hyatt Scottsdale and Sonesta Suites are in Gainey Ranch (Expedia lists a Gainey Ranch hotel region); evidence thin, no removal evidence.",https://www.expedia.com/Gainey-Ranch-Phoenix-Hotels-Spa-Hotel.0-n553248635074841821-0-tSpaHotel.Travel-Guide-Filter-Hotels,
seattle,Ballard,REMOVE,"Wikivoyage: Ballard is a mostly residential area; Overture 1 hotel, 6 food within 800 m.",https://en.wikivoyage.org/wiki/Seattle,
seattle,Fremont,KEEP,"Wikivoyage describes Fremont as a bohemian district noted for public art (Fremont Troll); hotels are few. Kept, evidence thin.",https://en.wikivoyage.org/wiki/Seattle,
seattle,Seattle Center / Lower Queen Anne,ADD,"Space Needle, MoPOP, Chihuly; Maxwell Hotel, MarQueen, Mediterranean Inn per Fodor's/Marriott pages; restaurants in Uptown. Point is Seattle Center, ~0.65 km from Belltown point.",https://visitseattle.org/?p=54188 | https://cdn.fodors.com/world/north-america/usa/washington/seattle/neighborhoods/queen-anne/hotels,"[47.6216, -122.351]"
tampa,Ybor City,KEEP,"Point is misplaced ~2 km NE. Hotel Haya is at 1412 E 7th Ave, the Ybor main street; Wikivoyage lists Ybor museums and Columbia Restaurant. Moved to 7th Ave / 15th St.",https://guide.michelin.com/sg/zh_CN/hotels-stays/tampa/hotel-haya-11738 | https://en.wikivoyage.org/wiki/Tampa,"[27.9603, -82.4385]"
tampa,Westshore,KEEP,"Wikivoyage lists International Plaza and Bay Street boutique shops, restaurants and bars; stay guides call it Tampa's premier business-hotel district. No evidence to remove.",https://en.wikivoyage.org/wiki/Tampa,
washington-d-c,Shaw,REMOVE,"Cap of 5 with Penn Quarter added. Shaw/U Street is a dining and live-music district (Wikivoyage) but Penn Quarter holds the National Mall, museums and theatre district with more hotels.","https://en.wikivoyage.org/wiki/Washington,_D.C. | https://www.expedia.com/Penn-Quarter-Washington-Hotels.0-n553248635976474760-0.Travel-Guide-Filter-Hotels",
washington-d-c,Penn Quarter / Downtown,ADD,"Wikivoyage: National Mall, theatre district, museums; Riggs, Westin Downtown, Grand Hyatt per washington.org; Expedia has a Penn Quarter hotel region.","https://en.wikivoyage.org/wiki/Washington,_D.C. | https://www.expedia.com/Penn-Quarter-Washington-Hotels.0-n553248635976474760-0.Travel-Guide-Filter-Hotels","[38.8969, -77.0226]"
montevideo,Carrasco,REMOVE,"nomadotravel: Carrasco is a quiet affluent residential barrio that 'does not perform for visitors', no concentrated attractions, restaurants close early; Sofitel is the one hotel anchor.",https://www.nomadotravel.app/en/places/carrasco,
samarkand,Silk Road Samarkand,REMOVE,Silk Road Samarkand is a single resort/hotel complex (Hilton Samarkand Regency) on the Rowing Canal ~5 km east of the old city.,https://www.enchantingtravels.com/destinations/asia/uzbekistan/samarkand,
tashkent,Yunusabad,REMOVE,"unusualnomad guide groups Yunusabad with residential areas for long stays, farther from the sights.",https://unusualnomad.com/?p=17555,
tashkent,Old City (Chorsu),KEEP,unusualnomad and kupi guides: Chorsu/Eski Shahar is the bazaar and old mahalla area with guesthouses and chaikhanas.,https://unusualnomad.com/?p=17555 | https://kupi.com/en/blog/in-which-district-of-tashkent-should-a-tourist-stay,
tashkent,Mirzo Ulugbek,REMOVE,unusualnomad guide groups Mirzo Ulugbek with residential longer-stay areas far from major attractions.,https://unusualnomad.com/?p=17555,
tashkent,Yakkasaray,KEEP,"kupi: Yakkasaray is a central, prestigious district with a wide choice of quality hotels.",https://kupi.com/en/blog/in-which-district-of-tashkent-should-a-tourist-stay,
urganch,City Center (Al-Khorezmi Ave),KEEP,Wikivoyage lists Khorezm Palace (2 Al Beruni St) and restaurants in the centre; search results call it the city centre and Khiva gateway.,https://en.wikivoyage.org/wiki/Urgench,
urganch,Al-Beruniy Avenue,REMOVE,Duplicate: Khorezm Palace on Al Beruni Street is described as in the centre of Urgench; this point is ~1.1 km from the City Centre point and Wikivoyage names no separate district.,https://en.wikivoyage.org/wiki/Urgench | https://ae.trip.com/hotels/urgench-hotels-list-6170,
urganch,Railway Station District,REMOVE,Wikivoyage Urgench names no districts and lists no lodging or dining near the station; point is ~3 km south of the centre.,https://en.wikivoyage.org/wiki/Urgench,
urganch,Airport District,REMOVE,Airport zone fails the definition; Wikivoyage Urgench lists no district there.,https://en.wikivoyage.org/wiki/Urgench,
urganch,Shavat Canal Park,REMOVE,"Shavat Canal appears in Wikivoyage only as the view from one restaurant; a canal park is a single site, not a district.",https://en.wikivoyage.org/wiki/Urgench,
port-vila,Iririki Island & Harbour Waterfront,REMOVE,Iririki is a single resort island ~0.65 km from the town centre point (Wikivoyage: 'a resort in Port Vila's harbour'); the harbour waterfront is part of Town Centre.,https://en.wikivoyage.org/wiki/Port_Vila,
port-vila,Pango Point / Devil's Point,KEEP,Wikivoyage lists resorts on the Pango peninsula (Paradise Cove etc.) and Expedia lists Breakas Beach Resort near Pango Point; resort zone with better snorkelling. Evidence thin.,https://en.wikivoyage.org/wiki/Port_Vila | https://www.expedia.com.my/Pango-Point-Port-Vila.d553248621552334779.Place-To-Visit,
port-vila,Mele Bay (Hideaway Island),KEEP,Wikivoyage describes Mele Bay as a water-activity area with cleaner water than Erakor; Island Magic Resort and Hideaway Island Resort are listed stays. Evidence thin.,https://en.wikivoyage.org/wiki/Port_Vila,
vatican-city,Vatican Museums,REMOVE,Duplicate visitor area: Vatican Museums point is 0.48 km from the St. Peter's point; visitrome treats both as one Vatican visitor area with Borgo and Prati as the stay districts.,https://visitrome.com/rome/travel-guides/accommodation-guides/where-to-stay-near-the-vatican-hotels-walking-distance,
vatican-city,Borgo,KEEP,"visitrome: Borgo is a main Vatican stay district (Hotel della Conciliazione, Sant'Anna), tourist-dense.",https://visitrome.com/rome/travel-guides/accommodation-guides/where-to-stay-near-the-vatican-hotels-walking-distance,
vatican-city,Prati,ADD,"visitrome: Prati is the primary Vatican hotel district (Hotel dei Mellini, NH Collection Giustiniano) with restaurants on Via Cola di Rienzo and Via Candia; point on Cola di Rienzo, ~0.8 km from Vatican Museums point.",https://visitrome.com/rome/travel-guides/accommodation-guides/where-to-stay-near-the-vatican-hotels-walking-distance,"[41.9068, 12.4635]"
da-lat,Tuyen Lam Lake,REMOVE,"Tuyen Lam Lake is a lake resort area ~7 km from the centre (thaiest guide); a single attraction, an outing from the centre.",https://thaiest.com/vietnam/travel/where-to-stay-in-dalat-best-areas,
da-nang,Sơn Trà,REMOVE,"Point is on the Son Tra nature-reserve peninsula: nomadotravel/vietnamtourism describe it as a secluded luxury-resort zone 20 minutes from anything else, not a district; the beach strip is covered by My Khe.",https://www.vietnamtourism.com/en/where-to-stay-in-da-nang-neighborhoods-and-hotel-picks-by-budget | https://www.nomadotravel.app/en/guides/where-to-stay-in-da-nang,
da-nang,Thanh Khê,REMOVE,"Cap of 5 with My Khe added. vietnamtourism says Da Nang splits into three stay zones (My Khe beach, Han River, Son Tra) and does not name Thanh Khe; local residential district.",https://www.vietnamtourism.com/en/where-to-stay-in-da-nang-neighborhoods-and-hotel-picks-by-budget,
da-nang,My Khe Beach,ADD,"vietnamtourism/nomadotravel: My Khe is Da Nang's tourism core with hotels, seafood restaurants and the beach; first pass counted 218 hotels in the cell. Overlap risk: An Thuong point is ~1.5 km south on the same strip.",https://www.vietnamtourism.com/en/where-to-stay-in-da-nang-neighborhoods-and-hotel-picks-by-budget,"[16.065, 108.245]"
hanoi,Dong Da,KEEP,"Hosts Temple of Literature area, Pullman Hanoi and 572 food places; kept over Cau Giay on tourist draw. Evidence thin.",https://en.wikivoyage.org/wiki/Hanoi,
hanoi,Cau Giay,REMOVE,"Wikivoyage Hanoi describes Cau Giay as a museum/transit district to the northwest; itimaker/themanduls pair it with budget modern amenities, not a tourist base. Less tourist-popular than Dong Da.",https://en.wikivoyage.org/wiki/Hanoi | https://themanduls.com/where-to-stay-in-hanoi/,
hanoi,French Quarter,ADD,"Wikivoyage and themanduls: south of Hoan Kiem Lake around the Opera House, upscale hotels, restaurants, galleries. Point is the Opera House, ~1.2 km from the Old Quarter point.",https://en.wikivoyage.org/wiki/Hanoi | https://themanduls.com/where-to-stay-in-hanoi/,"[21.0243, 105.8573]"
ho-chi-minh-city,Phu My Hung (District 7),REMOVE,"travelguidestip: Phu My Hung (District 7) is a planned modern district known for its Korean community and family/business stays, ~7 km from the tourist core.",https://travelguidestip.com/where-to-stay-in-ho-chi-minh-city/,
hoi-an,Cam Thanh (Coconut Village),KEEP,"localvietnam lists Cam Thanh as a countryside eco-tourism area to stay; 38 hotels counted. Excursion flavour noted, no removal evidence.",https://localvietnam.com/quang-nam/hoi-an/where-to-stay-in-hoi-an/,
hue,Vỹ Dạ,KEEP,"vietnamtourism snippet: Vy Da has budget hotels, restaurants, bars and nightclubs. Kept.",https://www.vietnamtourism.com/en/where-to-stay-in-hue-neighborhoods-and-hotel-picks-by-budget,
hue,Kim Long,KEEP,Kim Long is a Perfume River district of luxury garden-house hotels by Thien Mu (Expedia region lists hotels). Evidence thin.,https://www.expedia.com/Hue-Kim-Long.dx945956877012013056,
ha-long,Hon Gai,KEEP,Expedia lists Hon Gai among notable Ha Long stay areas; old town and ferry area. Kept.,https://www.expedia.com/Ha-Long.dx6055449.Where-To-Stay,
ha-long,Tuan Chau,KEEP,Expedia lists Tuan Chau among notable stay areas (marina island with resorts). Evidence thin.,https://www.expedia.com/Ha-Long.dx6055449.Where-To-Stay,
ha-long,Cua Ong,REMOVE,"Cua Ong is in Cam Pha, a separate coal-port city ~30 km from Bai Chay (Cam Pha port is Vietnam's main coal export port).",https://gem.wiki/Cam_Pha_Port | https://kupi.com/en/explore/vietnam/cam-pha,
ha-long,Cai Dam,REMOVE,"Duplicate of Bai Chay: Radisson Blu is addressed 'Cai Dam Urban Area, Bai Chay'; point is ~0.9 km from the Bai Chay point.",https://www.gate1travel.com/Supplier/VN-VN2RBH,
nha-trang,Biet Thu Nightlife Quarter,REMOVE,Duplicate of Tran Phu: point is ~0.1 km from the Tran Phu point and thebrokebackpacker puts the hostels and beach bars on the Tran Phu strip.,https://www.thebrokebackpacker.com/where-to-stay-in-nha-trang-vietnam/,
nha-trang,Vinh Hai / Hon Chong,KEEP,thebrokebackpacker lists Hon Chong/Vinh Phuoc as a quieter northern beach stay area with sea-view hotels.,https://www.thebrokebackpacker.com/where-to-stay-in-nha-trang-vietnam/,
nha-trang,Cho Dam (Old Market),KEEP,"Guide lists Nha Trang City (markets, cheap eats) as best-value base.",https://www.thebrokebackpacker.com/where-to-stay-in-nha-trang-vietnam/,
phu-quoc,Bai Sao (Sao Beach),KEEP,"Where-to-stay guide lists Sao Beach as a popular bay with beach accommodation and kayaks; resorts listed. Evidence thin; no source supports removal, so kept.",https://localvietnam.com/phu-quoc/where-to-stay-in-phu-quoc/,
phu-quoc,Ganh Dau (North),KEEP,"Where-to-stay guide lists Ganh Dau as a quiet northern beach area with food and friendly locals; Vinpearl resort listed. Evidence thin; no source supports removal, so kept.",https://localvietnam.com/phu-quoc/where-to-stay-in-phu-quoc/,
laayoune,Foum el Oued,REMOVE,"Press (aujourdhui.ma, le360) describes Foum El Oued as a beach 20-25 km (about 24 km by road) from Laayoune: outside the city, a day trip.",https://aujourdhui.ma/regions/foum-el-oued-une-plage-en-plein-desert-48229 | https://fr.le360.ma/societe/video-la-plage-de-foum-el-oued-pres-de-laayoune-tres-appreciee-des-habitants-de-la-region-242639/,
laayoune,Centre-ville (Place Mechouar),ADD,"Expedia Laayoune hotel listings show city-centre hotels (Sahariano City Center, Al Massira, Hotel Parador) and Place du Mechouar with cafes near the Spanish cathedral.",https://www.expedia.ca/Laayoune-Hotels.d1174.Travel-Guide-Hotels,"[27.155, -13.205]"
sana-a,Old City,KEEP,World Travel Guide: Old City has the widest range of hotels; Burj Al Salam in Al Fulayhi Quarter.,https://www.worldtravelguide.net/guides/middle-east/yemen/region-hotels,
sana-a,Hadda,KEEP,"Royal Family Hotel listed in well-rated Sana'a properties on Agoda search; embassy quarter. Evidence thin; no source supports removal, so kept.",https://www.agoda.com/en-nz/city/sana-a-ye.html,
livingstone,Zambezi Waterfront,KEEP,Trip.com results show Zambezi Waterfront accommodation with activities organised from there.,https://ae.trip.com/hotels/homestays/city/zm/livingstone.html,
livingstone,Mosi-oa-Tunya Road (Falls Gateway),KEEP,Not in scope; Maramba River Lodge/Waterfront by the park listed in results.,https://ae.trip.com/hotels/homestays/city/zm/livingstone.html,
livingstone,Maramba,KEEP,"Trip.com lists Maramba River Lodge and the Maramba Cultural Museum in the area. Evidence thin; no source supports removal, so kept.",https://ae.trip.com/hotels/homestays/city/zm/livingstone.html,
livingstone,Dambwa North,KEEP,"Search groups Dambwa with riverside lodges (Victoria Falls Waterfront). Evidence thin; no source supports removal, so kept.",https://ae.trip.com/hotels/homestays/city/zm/livingstone.html,
lusaka,Longacres,KEEP,"MileHacker: Longacres is packed with business hotels with conference facilities, safe with good dining.",https://www.milehacker.com/travel/zambia/lusaka-province/lusaka/where-to-stay-in-lusaka-hotels-neighborhoods-accom/,
lusaka,Kabulonga,KEEP,"TripBase/MileHacker: Kabulonga is Lusaka's most affluent area with the best restaurants and cafes, upscale and affordable lodging, walkable.",https://www.tripbase.com/destinations/lusaka-zambia/neighborhoods/kabulonga/,
lusaka,Lilayi,REMOVE,"Hotel listings place Lilayi Lodge 15.8 km from Lusaka centre, 'on the outskirts' in a nature reserve setting: a single lodge outside the city.",https://ratepunk.com/hotel/zm/lusaka/lilayi-lodge | https://www.lastminute.com/hotels/zambia/lusaka/lilayi-lodge_hid-1729326,
bulawayo,Hillside,KEEP,"Property.co.zw: Hillside is a leafy suburb with a shopping centre, restaurants, cafes and the National Gallery; Hillside Manor and Nesbitt Castle nearby.",https://www.property.co.zw/blog/exploring-bulawayos-promising-neighborhoods-where-heritage-meets-progress,
bulawayo,Kumalo,KEEP,"Property.co.zw lists Khumalo as a popular suburb; only a self-catering listing found. Evidence thin; no source supports removal, so kept.",https://www.property.co.zw/blog/exploring-bulawayos-promising-neighborhoods-where-heritage-meets-progress,
harare,Avondale,KEEP,"Hotels.com/Expedia show Avondale Shopping Centre with nearby Pemabwe, Bronte Hotel, Goshen Creek, N1 Rotten Row, Gray Apartments.",https://ae.hotels.com/de1678544/hotels-near-avondale-shopping-centre-harare-zimbabwe,
harare,Borrowdale,KEEP,Hotels.com has a Borrowdale hotel page; Sam Levy's Village and Ballantynes Lodge listed.,https://in.hotels.com/de12455060/hotels-in-borrowdale-zimbabwe,
harare,Highlands,KEEP,"Highlands Lodges and Apartments listed in Harare East. Evidence thin; no source supports removal, so kept.",https://in.hotels.com/de12470497-st2/two-star-hotels-in-harare-east-zimbabwe,
victoria-falls,Zambezi Riverfront,KEEP,"Zambezi riverbank lodges (Victoria Falls River Lodge area) listed in guides. Evidence thin; no source supports removal, so kept.",https://www.venture-to-zimbabwe.com/victoria-falls-river-lodge.html,
victoria-falls,Zambezi National Park / Safari Lodge Estate,KEEP,"Guides place river lodges inside Zambezi National Park; Elephant Hills sits about 2.7-5 km from town. Borderline single-site cluster. Evidence thin; no source supports removal, so kept.",https://www.venture-to-zimbabwe.com/victoria-falls-river-lodge.html | https://sp.booking.com/hotel/zw/elephant-hills.html,
victoria-falls,Chinotimba / Aerodrome,REMOVE,"Search results show Chinotimba only as a township (about 60,000 residents) visited on tours, not as a place visitors stay.",https://www.wetravel.com/trips/chinotimba-township-tour-the-shrub-lodge-and-safari-08769122 | https://newmarkhotels.com/experiences/chinotimba-township-tour,
