city,landmark,stored,result,places_name,places_lat,places_lng,km_from_stored
Abha,Habala Village,"18.2464685,42.5117238",PLACES_DIFFERS_NO_SECOND_SOURCE,Al Habala Village View Point,18.0353285,42.8724262,45.9
Abha,Rijal Almaa Heritage Village,"18.2124594,42.2734154",PLACES_AGREES,Rijal Almaa Museum,18.2124262,42.2736908,0.03
Abha,Abha High City,"18.2008944,42.4950944",PLACES_AGREES,Abha High City Viewpoint,18.2008944,42.4950944,
Abidjan,Le Plateau Skyline,"5.332547099999999,-4.023868999999999",PLACES_DIFFERS_NO_SECOND_SOURCE,Skyline,5.376239,-3.9823294000000002,6.69
Abidjan,Treichville Market,"5.3076419,-4.0140495",PLACES_AGREES,Market Treichville,5.3076419,-4.0140495,
Acapulco de Juarez,Zocalo and Nuestra Senora de la Soledad Cathedral,"16.8490916,-99.90889080000001",NO_NAMED_PLACES_HIT,,,,
Acapulco de Juarez,Playas Caleta y Caletilla,"16.8292502,-99.9097292",PLACES_DIFFERS_NO_SECOND_SOURCE,Caletilla Beach,16.8305145,-99.90550929999999,0.49
Addis Ababa,Entoto Mountain,"9.0191936,38.7524635",NO_NAMED_PLACES_HIT,,,,
Agadez,Old Town of Agadez,"16.9741689,7.986535",PLACES_AGREES,Agadez,16.9741689,7.986535,
Agadez,Kaocen Palace,"16.9741689,7.986535",NO_NAMED_PLACES_HIT,,,,
Agadez,Maison de Heinrich Barth,"16.9741689,7.986535",PLACES_AGREES,Maison Barth,16.9742228,7.986526099999999,0.01
Agadez,Camel Market,"16.9741689,7.986535",NO_NAMED_PLACES_HIT,,,,
Agadez,Village Artisanal,"16.9741689,7.986535",NO_NAMED_PLACES_HIT,,,,
Agadez,Tenere Desert,"16.9512572,7.9693907",NO_NAMED_PLACES_HIT,,,,
Agadir,Agadir Beach and Promenade,"30.4280405,-9.5925444",PLACES_DIFFERS_NO_SECOND_SOURCE,Agadir Beach,30.419952100000003,-9.6092132,2.01
Agadir,Musee du Patrimoine Amazigh (Amazigh Heritage Museum),"30.4159487,-9.597026",NO_NAMED_PLACES_HIT,,,,
Ahmedabad,Jama Mosque,"23.0238,72.5872",PLACES_AGREES,Shahi Jama Masjid Ahmedabad Sunni,23.023815,72.5866441,0.06
Al Ahmadi,Ahmadi Township Heritage District,"29.083461,48.07347619999999",PLACES_AGREES,Al Ahmadi,29.083461,48.073476199999995,
Al Ahmadi,Al Kout Beach,"29.0883565,48.1399079",PLACES_AGREES,Al kout beach,29.0883565,48.1399079,
Al Ahmadi,Al Kout Mall and Waterfront,"29.07836679999999,48.138673",PLACES_AGREES,Al Kout Mall,29.078232699999994,48.1389486,0.03
Al Ahmadi,Fahaheel Fish Market,"29.0803439,48.1431554",PLACES_AGREES,Fahaheel Fish Market,29.0803439,48.1431554,
Al Ahmadi,Sahara Kuwait Resort and Golf Club,"29.083461,48.07347619999999",PLACES_DIFFERS_NO_SECOND_SOURCE,Sahara Kuwait Golf Club,29.2579082,48.0260548,17.74
Alanya,Kizil Kule (Red Tower),"36.5364529,31.99828579999999",NO_NAMED_PLACES_HIT,,,,
Alanya,Alanya Harbour and Lovers' Cave Boat Tours,"36.544443,31.995408",NO_NAMED_PLACES_HIT,,,,
Aleppo,Khan al-Jumruk,"36.198168,37.1561116",NO_NAMED_PLACES_HIT,,,,
Aleppo,Al-Jdeideh Quarter,"36.2062456,37.1577004",NO_NAMED_PLACES_HIT,,,,
Ålesund,Art Nouveau Town Centre (Jugendstil district),"62.471076,6.150792099999999",PLACES_AGREES,The Art Nouveau Centre & The Art Museum Kube,62.471076,6.150792099999999,
Ålesund,Brosundet Canal,"62.472456,6.1524507",PLACES_AGREES,Brosundet,62.472456,6.1524507,
Alexandria,Abu al-Abbas al-Mursi Mosque,"31.2055004,29.8816716",NO_NAMED_PLACES_HIT,,,,
Alexandria,Roman Amphitheatre of Kom el-Dikka,"31.1944778,29.9046312",PLACES_AGREES,Kom el Dikka,31.1944778,29.904631199999997,
Algiers,Grande Poste d'Alger,"36.7728754,3.0593893",NO_NAMED_PLACES_HIT,,,,
Algiers,Bastion 23 / Palais des Raïs,"36.7884399,3.0636209",NO_NAMED_PLACES_HIT,,,,
Alicante,Concatedral de San Nicolas,"38.3454595,-0.4825726",NO_NAMED_PLACES_HIT,,,,
Almaty,Medeu Skating Rink,"43.158205,77.0589871",PLACES_AGREES,Medeu,43.158204999999995,77.0589871,
Amritsar,Heritage Street and Hall Bazaar,"31.6293094,74.87775909999999",PLACES_DIFFERS_NO_SECOND_SOURCE,Heritage Street,31.6237109,74.8795712,0.57
Amritsar,Maharaja Ranjit Singh Museum and Ram Bagh,"31.6384496,74.87849",NO_NAMED_PLACES_HIT,,,,
Amsterdam,Amsterdam Canal Ring,"52.37153708365174,4.894542560497265",PLACES_NEAR_NO_CHANGE,Amsterdam canal,52.3666969,4.8945398,0.33
Andorra la Vella,Grandvalira Ski Resort,,NULL_PIN_NO_SECOND_SOURCE,Grandvalira,42.5786601,1.6463181000000002,
Andorra la Vella,Naturlandia,"42.4420394,1.5020964",NO_NAMED_PLACES_HIT,,,,
Angra dos Reis,Ilhas Botinas,"-22.9649746,-44.3037438",NO_NAMED_PLACES_HIT,,,,
Angra dos Reis,Ilha da Gipoia and Praia do Dentista,"-23.0650048,-44.3540812",NO_NAMED_PLACES_HIT,,,,
Angra dos Reis,Igreja de Nossa Senhora do Carmo,"-23.0069216,-44.3185172",NO_NAMED_PLACES_HIT,,,,
Ankara,Atakule Tower,"39.8859133,32.8557478",PLACES_AGREES,Atakule,39.8859133,32.855747799999996,
Anshun,Yunfeng Tunpu (Eight Villages),"26.283544,106.098691",NO_NAMED_PLACES_HIT,,,,
Anshun,Anshun Batik Museum,"26.2536699,105.9462",NO_NAMED_PLACES_HIT,,,,
Anshun,Jiuzhou Old City,"26.2521479,106.1373261",PLACES_NEAR_NO_CHANGE,Jiuzhou Tourism Ancient Town,26.24974,106.13911999999999,0.31
Antalya,Yivli Minaret Mosque,"36.8866095,30.7045431",NO_NAMED_PLACES_HIT,,,,
Antananarivo,Lake Anosy and the Monument aux Morts,"-18.9152,47.5216",NO_NAMED_PLACES_HIT,,,,
Antananarivo,Analakely Market (Zoma area),"-18.9059206,47.5260319",PLACES_AGREES,Analakely Market,-18.905920599999998,47.5260319,
Antananarivo,Haute Ville (Upper Town) Steps and Streets,"-18.9184607,47.5211293",NO_NAMED_PLACES_HIT,,,,
Antsiranana,Les Trois Baies (Three Bays),"-12.2782989,49.2914581",NO_NAMED_PLACES_HIT,,,,
Antsiranana,Ramena Beach,"-12.2447996,49.3443489",PLACES_DIFFERS_NO_SECOND_SOURCE,Plage de Ramena,-12.248741299999999,49.341430599999995,0.54
Antsiranana,Rue Colbert and the Colonial Old Town,"-12.2738189,49.2926362",PLACES_AGREES,Le Colbert,-12.274423599999999,49.292537599999996,0.07
Antwerp,Scheldt River Promenade,"51.2199302,4.414990299999999",PLACES_DIFFERS_NO_SECOND_SOURCE,Scheldt,50.8212184,3.576621,97.3
Apia,Mount Vaea and Robert Louis Stevenson's Tomb,"-13.8615419,-171.7746007",PLACES_AGREES,Mount Vaea,-13.861541899999999,-171.77460069999998,
Apia,Apia Fish and Produce Market (Maketi Fou),"-13.831609,-171.7689086",PLACES_NEAR_NO_CHANGE,Apia Fish Market,-13.8294907,-171.77007569999998,0.26
Aqaba,Aqaba Flagpole and Great Arab Revolt Plaza,"29.52146399999999,35.0008436",PLACES_AGREES,Arab Revolt Flagpole,29.521463999999995,35.000843599999996,
Aqaba,Ayla Ruins,"29.5497769,34.9892072",NO_NAMED_PLACES_HIT,,,,
Århus,Dokk1 and Aarhus Ø Harbourfront,"56.1535693,10.2143501",PLACES_AGREES,Dokk1,56.1535693,10.2143501,
Arusha,Maasai Market (Curio Market),"-3.3758457,36.692359",PLACES_AGREES,Maasai Market of Curios and Crafts,-3.3758456999999997,36.692358999999996,
Arusha,Old Boma Museum,"-3.3707738,36.695382",PLACES_AGREES,German Boma,-3.3694327,36.696070299999995,0.17
Arusha,The Tanzanite Experience Museum,"-3.3712749,36.6945194",PLACES_AGREES,The Tanzanite Experience - Blue Plaza Museum.,-3.3712749,36.6945194,
Asunción,Asunción Metropolitan Cathedral,"-25.285074,-57.6342317",NO_NAMED_PLACES_HIT,,,,
Asunción,Costanera de Asunción,"-25.2768257,-57.6300848",PLACES_AGREES,Avenida Costanera José Asunción Flores,-25.2768257,-57.6300848,
Asunción,Antigua Estación Central del Ferrocarril,"-25.284007,-57.6296137",PLACES_AGREES,Estación de Ferrocarril,-25.2838669,-57.62984469999999,0.03
Aswan,Gharb Soheil Nubian Village,"24.108851,32.884882",NO_NAMED_PLACES_HIT,,,,
Athens,Plaka District,"37.9725529,23.7303364",PLACES_AGREES,Plaka,37.9725529,23.7303364,
Athens,Roman Agora and Tower of the Winds,"37.974197,23.7270127",NO_NAMED_PLACES_HIT,,,,
Austin,Austin Skyline from Zilker Park,"30.2669764,-97.7729703",NO_NAMED_PLACES_HIT,,,,
Avignon,Remparts d'Avignon (City Walls),"43.9496755,4.8201957",PLACES_DIFFERS_NO_SECOND_SOURCE,Remparts d'Avignon,43.9426628,4.8053169,1.75
Axum,Chapel of the Tablet,"14.1297131,38.7196836",NO_NAMED_PLACES_HIT,,,,
Baghdad,Al-Mustansiriya Madrasah,"33.3382741,44.390135",NO_NAMED_PLACES_HIT,,,,
Bahir Dar,Bezawit Hill (Haile Selassie Palace Viewpoint),"11.5843471,37.412528",NO_NAMED_PLACES_HIT,,,,
Bahir Dar,Kebran Gabriel Monastery,"11.65,37.3666667",NO_NAMED_PLACES_HIT,,,,
Bahir Dar,Bahir Dar Grand Market,"11.5883992,37.3868479",NO_NAMED_PLACES_HIT,,,,
Bahir Dar,St. George Cathedral (Kidus Giorgis),"11.5876434,37.3878324",PLACES_DIFFERS_NO_SECOND_SOURCE,St. George Church | ቅዱስ ጊዮርጊስ ቤተክርስቲያን,11.5953102,37.3889208,0.84
Bamako,Niger River Fishing Villages,"12.6391699,-8.0025475",NO_NAMED_PLACES_HIT,,,,
Bamberg,Neue Residenz and Rose Garden,"49.8920198,10.8818531",PLACES_AGREES,Rose garden,49.8920198,10.881853099999999,
Bamberg,Schlenkerla Brewery Tavern,"49.8917033,10.8849476",NO_NAMED_PLACES_HIT,,,,
Bamyan,Buddha Niches of Bamyan,"34.8100067,67.8212104",PLACES_DIFFERS_NO_SECOND_SOURCE,Buddha of Bamyan,34.832069,67.82666189999999,2.1
Bamyan,Shahr-e Gholghola (City of Screams),"34.806916,67.8222566",NO_NAMED_PLACES_HIT,,,,
Bamyan,Bamyan Cliff Monastic Caves,"34.806916,67.8222566",NO_NAMED_PLACES_HIT,,,,
Bamyan,Bamyan Bazaar,"34.7591242,67.5794288",NO_NAMED_PLACES_HIT,,,,
Bandar Seri Begawan,Sultan Omar Ali Saifuddin Mosque,"4.8895688,114.9392944",NO_NAMED_PLACES_HIT,,,,
Banff,Banff Gondola and Sulphur Mountain,"51.1479321,-115.555465",PLACES_AGREES,Banff Gondola,51.1479321,-115.555465,
Bangui,Notre-Dame Cathedral of Bangui,"4.362156,18.5827765",PLACES_DIFFERS_NO_SECOND_SOURCE,Notre-Dame of Bangui Cathedral,4.3699043,18.5780113,1.01
Bangui,Bangui Central Market,"4.3612468,18.58453",NO_NAMED_PLACES_HIT,,,,
Bangui,Ubangi River Waterfront,"4.3522055,18.5533749",PLACES_AGREES,Ubangi river,4.3522055,18.553374899999998,
Bangui,Boganda Monument,"4.3642827,18.5728723",PLACES_AGREES,Monument Barthélemy Boganda,4.3643021,18.5729379,0.01
Bangui,PK5 Central Mosque,"4.3792337,18.5381524",NO_NAMED_PLACES_HIT,,,,
Bangui,National Assembly of the Central African Republic,"4.359806,18.5791758",NO_NAMED_PLACES_HIT,,,,
Banjul,Banjul Waterfront and Harbour,"13.454375,-16.5753186",NO_NAMED_PLACES_HIT,,,,
Banyuwangi,De Djawatan Forest,"-8.4327513,114.2265734",PLACES_AGREES,De Djawatan Forest,-8.4327513,114.22657339999999,
Banyuwangi,Kemiren Osing Village,"-8.2035561,114.3203152",NO_NAMED_PLACES_HIT,,,,
Banyuwangi,Grand Watu Dodol Beach,"-8.088305,114.415928",NO_NAMED_PLACES_HIT,,,,
Baracoa,El Yunque,"20.352222,-74.573889",PLACES_AGREES,El Yunque,20.352221999999998,-74.573889,
Baracoa,Alejandro de Humboldt National Park,"20.4581855,-74.7337069",NO_NAMED_PLACES_HIT,,,,
Baracoa,Catedral de Nuestra Señora de la Asunción and Cruz de la Parra,"20.3475964,-74.49665530000001",PLACES_AGREES,Catedral de Nuestra Señora de la Asuncion,20.347521399999998,-74.49666859999999,0.01
Baracoa,Yumurí Canyon,"20.3477069,-74.49589139999999",NO_NAMED_PLACES_HIT,,,,
Baracoa,Castillo de Seboruco,"20.3477069,-74.49589139999999",PLACES_NEAR_NO_CHANGE,El Castillo,20.3479733,-74.4988108,0.33
Baracoa,Finca Duaba and the Toa River,"20.34501556973063,-74.74526404686206",NO_NAMED_PLACES_HIT,,,,
Barranquilla,Casa del Carnaval,"10.992789,-74.787798",NO_NAMED_PLACES_HIT,,,,
Basel,Rhine River Promenade & Kleinbasel,"47.56695430000001,7.593076499999999",NO_NAMED_PLACES_HIT,,,,
Basseterre,The Circus and Berkeley Memorial Clock,"17.2952227,-62.723782",PLACES_AGREES,Berkeley Memorial,17.2952227,-62.723782,
Basseterre,Timothy Hill Overlook,"17.2812337,-62.6789329",PLACES_AGREES,Timothy Hill Overlook,17.281233699999998,-62.6789329,
Battambang,French Colonial Quarter and Sangker Riverfront,"13.06969656347795,103.2901383867254",NO_NAMED_PLACES_HIT,,,,
Batumi,Alphabet Tower,"41.6560103,41.6393835",PLACES_AGREES,Alphabet Tower,41.6560103,41.6393835,
Batumi,Europe Square and the Medea Statue,"41.6510391,41.6360588",PLACES_AGREES,Europe Square,41.6510391,41.6360588,
Batumi,Argo Cable Car and Anuria Hill,"41.6460978,41.64049",PLACES_DIFFERS_NO_SECOND_SOURCE,Argo Cable Car,41.6474696,41.6454826,0.57
Batumi,Dancing Fountains of Lake Ardagani,"41.6540882,41.6353183",PLACES_AGREES,Dancing Fountains,41.6540882,41.6353183,
Batumi,Orta Jame Mosque and Old Batumi,"41.6515694,41.6399689",NO_NAMED_PLACES_HIT,,,,
Beihai,Beihai Old Street (Zhuhai Road),"21.4811199,109.12008",PLACES_AGREES,Floral Hotel Banyan Old Street Beihai,21.480776,109.11804699999999,0.23
Beihai,Crocodile Mountain Scenic Area,"21.4811199,109.12008",NO_NAMED_PLACES_HIT,,,,
Beihai,Jinhaiwan Mangrove Ecological Zone,"21.4811199,109.12008",NO_NAMED_PLACES_HIT,,,,
Beihai,Haibin Park (Beihai Seaside Park),"21.486985,109.127524",PLACES_AGREES,Haibin Park,21.486985,109.127524,
Beihai,Yunnan Road Market,"21.4571677,109.1005632",PLACES_DIFFERS_NO_SECOND_SOURCE,Yunnan Road Comprehensive Market,21.449939999999998,109.106855,1.02
Beijing,Beijing Hutongs,"39.8924728,116.2298042",NO_NAMED_PLACES_HIT,,,,
Beijing,798 Art District,"39.9828103,116.4904841",NO_NAMED_PLACES_HIT,,,,
Belém,Catedral da Sé (Belém Cathedral),"-1.4559254,-48.5047352",NO_NAMED_PLACES_HIT,,,,
Belfast,Peace Walls and Political Murals,"54.6007158,-5.9562574",NO_NAMED_PLACES_HIT,,,,
Belfast,Cave Hill and Belfast Castle,"54.6427371,-5.9422475",PLACES_AGREES,Belfast Castle & Cave Hill Trail,54.6415746,-5.9433584,0.14
Belfast,Botanic Gardens and Palm House,"54.5835266,-5.9336552",PLACES_AGREES,The Palm House,54.5835266,-5.9336552,
Bengaluru,ISKCON Temple Bangalore,"13.0096643,77.5511344",PLACES_AGREES,ISKCON Bangalore,13.009664299999999,77.5511344,
Bentota,Bentota River Safari,"6.424536499999999,79.9978206",PLACES_AGREES,Mangroves Safari Bentota River,6.424512,79.99789679999999,0.01
Bentota,Madu River and Cinnamon Island,"6.4187604,80.002455",PLACES_DIFFERS_NO_SECOND_SOURCE,Cinnamon Island,6.2961338,80.05112919999999,14.59
Bentota,Ambalangoda Mask Museum,"6.2295349,80.0607882",NO_NAMED_PLACES_HIT,,,,
Beppu,Kannawa District,"33.3195649,131.4675214",PLACES_AGREES,Kannawa,33.319564899999996,131.46752139999998,
Beppu,Beppu Ropeway and Mount Tsurumi,"33.2865857,131.4298687",PLACES_AGREES,Mount Tsurumi,33.286585699999996,131.4298687,
Bern,Aare River and Marzili Baths,"46.94520199999999,7.443098999999998",NO_NAMED_PLACES_HIT,,,,
Bishkek,Manas Statue and State Flag,,NO_NAMED_PLACES_HIT,,,,
Bissau,Fortaleza d'Amura (Fort of Amura),"11.8632196,-15.5843227",NO_NAMED_PLACES_HIT,,,,
Bissau,Pidjiguiti Memorial,"11.8558348,-15.5784578",NO_NAMED_PLACES_HIT,,,,
Bissau,Old Portuguese Colonial Quarter,"11.8632196,-15.5843227",NO_NAMED_PLACES_HIT,,,,
Bissau,Bissau Central Mosque,"11.8576573,-15.5840312",PLACES_DIFFERS_NO_SECOND_SOURCE,Mesquita Central de Bissau,11.859349799999999,-15.615393699999998,3.49
Bodrum,Bodrum Windmills,"37.0259382,27.414577",PLACES_AGREES,Windmills Bodrum,37.0259382,27.414576999999998,
Bodrum,Bodrum Maritime Museum,"37.0347481,27.4317874",PLACES_AGREES,Bodrum Maritime Museum,37.0347481,27.431787399999997,
Bonn,Godesburg Castle Ruins,"50.6768157,7.1583877",FIXED,Godesburg,50.685220199999996,7.151005199999999,1.01
Bonn,University of Bonn Main Building,"50.7261458,7.089662199999999",PLACES_DIFFERS_NO_SECOND_SOURCE,University of Bonn,50.7335189,7.1026007,1.53
Brades,Montserrat National Trust Botanic Garden,"16.7555943,-62.2194064",PLACES_AGREES,Montserrat National Trust,16.7555943,-62.2194064,
Brasília,Catedral Metropolitana de Brasília,"-15.7982965,-47.8755467",NO_NAMED_PLACES_HIT,,,,
Brașov,Șchei District,"45.6356517,25.5811375",NO_NAMED_PLACES_HIT,,,,
Bratislava,Slavín Memorial,"48.1539365,17.0995921",PLACES_AGREES,Slavín,48.1539365,17.0995921,
Brazzaville,Corniche of Brazzaville,"-4.2744405,15.2812803",NO_NAMED_PLACES_HIT,,,,
Brazzaville,École de Peinture de Poto-Poto,"-4.2740288,15.2677562",PLACES_DIFFERS_NO_SECOND_SOURCE,Ecole peinture Poto-Poto,-4.2544308,15.2743693,2.29
Bremen,Roland Statue,"53.0759237,8.8073277",NO_NAMED_PLACES_HIT,,,,
Bremen,Schnoor Quarter,"53.072827,8.8096563",NO_NAMED_PLACES_HIT,,,,
Bremen,Schlachte Embankment,"53.0782062,8.7991467",PLACES_DIFFERS_NO_SECOND_SOURCE,Schlachte,53.0755112,8.8029987,0.46
Bridgetown,St. Michael's Cathedral,"13.0978084,-59.61254630000001",PLACES_AGREES,St. Michael's Cathedral,13.0978084,-59.612546300000005,
Brighton,Brighton Beach and Seafront,"50.8233304,-0.1362767",PLACES_NEAR_NO_CHANGE,Brighton Beach,50.8192573,-0.13644689999999998,0.29
Bristol,"Cabot Tower, Brandon Hill","51.4540263,-2.6068101",PLACES_AGREES,Cabot Tower,51.454026299999995,-2.6068100999999997,
Brno,Labyrinth under the Cabbage Market,"49.1926088,16.608831",NO_NAMED_PLACES_HIT,,,,
Bujumbura,Lake Tanganyika Sunset Viewpoint,"-3.361378,29.3598782",NO_NAMED_PLACES_HIT,,,,
Bujumbura,Royal Drummers of Burundi Performance,"-3.361378,29.3598782",NO_NAMED_PLACES_HIT,,,,
Bujumbura,Bujumbura Skyline from the Surrounding Hills,"-3.361378,29.3598782",NO_NAMED_PLACES_HIT,,,,
Bukhara,Lyab-i Hauz,"39.7722694,64.4209262",NO_NAMED_PLACES_HIT,,,,
Bukhara,"Trading Domes (Toki Zargaron, Toki Sarrofon, Toki Telpak Furushon)","39.7725083,64.41863",NO_NAMED_PLACES_HIT,,,,
Bulawayo,National Railway Museum,"-20.1639732,28.5737795",PLACES_AGREES,Bulawayo Railway Museum of Zimbabwe,-20.163973199999997,28.573779499999997,
Bulawayo,Bulawayo City Hall and Centre,"-20.1543337,28.5864432",PLACES_AGREES,Bulawayo City Hall,-20.1543337,28.586443199999998,
Bulawayo,Centenary and Central Parks,"-20.1457125,28.5873388",PLACES_DIFFERS_NO_SECOND_SOURCE,Centenary Park,-20.153317299999998,28.5929285,1.01
Bursa,Cumalıkızık Village,"40.1776245,29.1721475",NO_NAMED_PLACES_HIT,,,,
Bursa,Tophane Clock Tower and Park,"40.1875349,29.057522",PLACES_AGREES,Tophane Clock Tower,40.187534899999996,29.057522,
Cadiz,Plaza de España and the 1812 Constitution Monument,"36.5351256,-6.2931782",PLACES_AGREES,The 1812 Constitution Monument,36.5351256,-6.2931782,
Cadiz,Barrio del Pópulo,"36.5310928,-6.2929387",PLACES_AGREES,El Pópulo,36.531092799999996,-6.2929387,
Cagliari,Castello (Old Citadel Quarter),"39.2447699,9.1096879",PLACES_AGREES,Castello di San Michele,39.2446956,9.1098175,0.02
Cairns,Cairns Marina and Waterfront,"-16.918516,145.7805153",NO_NAMED_PLACES_HIT,,,,
Calabar,Drill Ranch (Pandrillus Drill Monkey Sanctuary),"4.9822749,8.3438219",PLACES_AGREES,Drill Ranch,4.9822749,8.3438219,
Calabar,Kwa Falls,"5.0782638,8.4159316",FIXED,Kwa Falls,5.1425974,8.5101399,12.67
Calabar,Duke Town Presbyterian Church,"4.9605011,8.316516",PLACES_AGREES,Duke Town Presbyterian Church,4.9605011,8.316516,
Campeche,Centro Histórico and City Walls,,NO_NAMED_PLACES_HIT,,,,
Campeche,Malecón de Campeche,"19.8478906,-90.53977040000001",PLACES_AGREES,Malecón de Campeche,19.8478906,-90.53977040000001,
Campeche,Baluarte de Santiago and Xmuch'haltún Garden,"19.8478525,-90.5350497",NO_NAMED_PLACES_HIT,,,,
Campeche,Plaza de la Independencia (Parque Principal),"19.845919,-90.53701079999999",NO_NAMED_PLACES_HIT,,,,
Cancún,Cobá (Nohoch Mul Pyramid),"21.1546754,-86.8392826",PLACES_DIFFERS_NO_SECOND_SOURCE,Avenida Cobá,21.1567607,-86.8327576,0.76
Cancún,Xcaret Park,"21.1526824,-86.8412952",PLACES_DIFFERS_NO_SECOND_SOURCE,Xcaret Park,20.5809134,-87.119698,66.99
Cancún,Cenote Ik Kil,,NOT_SEARCHED_CITY_FILE_NOT_FOUND,,,,
Cancún,La Isla Shopping Village,,NOT_SEARCHED_CITY_FILE_NOT_FOUND,,,,
Cap-Haïtien,Historic Center Gingerbread Streets,"19.7370362,-72.20676809999999",NO_NAMED_PLACES_HIT,,,,
Cap-Haïtien,Monument des Héros de Vertières,"19.736068,-72.2208528",NO_NAMED_PLACES_HIT,,,,
Cap-Haïtien,Labadee Peninsula,"19.77205,-72.2474823",PLACES_DIFFERS_NO_SECOND_SOURCE,Labadee,19.7861371,-72.2440226,1.52
Cape Coast,Elmina Fish Market and Benya Lagoon,"5.0825787,-1.3506016",PLACES_AGREES,Elmina Fish Market,5.0825787,-1.3506015999999998,
Cape Coast,Cape Coast Centre for National Culture,"5.1230574,-1.2689394",NO_NAMED_PLACES_HIT,,,,
Caracas,Capitolio Nacional,"10.505107,-66.915902",NO_NAMED_PLACES_HIT,,,,
Caracas,"Aula Magna, Universidad Central de Venezuela","10.4908419,-66.8907394",NO_NAMED_PLACES_HIT,,,,
Caracas,Torres de El Silencio,"10.502488,-66.9161975",NO_NAMED_PLACES_HIT,,,,
Cardiff,Victorian and Edwardian Arcades,"51.483707,-3.1680962",NO_NAMED_PLACES_HIT,,,,
Cartagena,Torre del Reloj,"10.4229787,-75.54921829999999",PLACES_AGREES,Monumento Torre del Reloj,10.4229787,-75.54921829999999,
Cartagena,Palacio de la Inquisición,"10.4231599,-75.55152439999999",NO_NAMED_PLACES_HIT,,,,
Cartagena,Las Bóvedas,"10.4301532,-75.5464571",PLACES_AGREES,Las Bóvedas,10.4301532,-75.5464571,
Cartagena,Plaza Santo Domingo and Botero's Gertrudis,"10.3932277,-75.4832311",FIXED,Plaza de Santo Domingo,10.424339999999999,-75.551975,8.37
Casablanca,Mohammed V Square,"33.5913336,-7.618285299999999",NO_NAMED_PLACES_HIT,,,,
Casablanca,Habous Quarter (New Medina),"33.5778581,-7.610066199999999",NO_NAMED_PLACES_HIT,,,,
Catania,Piazza del Duomo and the Fontana dell'Elefante,"37.5025169,15.0870996",NO_NAMED_PLACES_HIT,,,,
Catania,Teatro Romano and Odeon,"37.51057369999999,15.0872426",NO_NAMED_PLACES_HIT,,,,
Çeşme,Alaçatı Old Town,"38.2887204,26.3778354",PLACES_AGREES,"Alaçatı,turkey",38.288720399999995,26.3778354,
Çeşme,Alaçatı Windmills,"38.2923772,26.4116227",NO_NAMED_PLACES_HIT,,,,
Çeşme,Ilıca Beach,"38.307606,26.3635702",PLACES_DIFFERS_NO_SECOND_SOURCE,Ilıca Beach,38.3085855,26.374789,1.25
Çeşme,Aya Yorgi Bay,"38.3386772,26.310156",NO_NAMED_PLACES_HIT,,,,
Çeşme,Çeşme Kervansaray (Ottoman Caravanserai),"38.322616,26.303219",PLACES_AGREES,Çeşme Kervansaray Antique Hotel - Kahvaltı Salonu ve Cafe,38.322444,26.30341,0.03
Çeşme,Çeşme Marina and İnkılap Street,"38.3288018,26.3056783",FIXED,Çeşme Marina,38.3212812,26.3013638,0.81
Çeşme,Church of Ayios Haralambos,"38.3251871,26.3039755",PLACES_AGREES,Ayios Haralambos Church,38.3251871,26.3039755,
Çeşme,Altınkum Beach (Golden Sand Beach),"38.2703703,26.2594724",PLACES_AGREES,Altınkum Beach,38.270370299999996,26.2594724,
Chamonix-Mont-Blanc,Mer de Glace and the Montenvers Railway,"45.9282478,6.8956012",NO_NAMED_PLACES_HIT,,,,
Chamonix-Mont-Blanc,Balmat and Saussure Monument,"45.9229932,6.870139699999999",NO_NAMED_PLACES_HIT,,,,
Chamonix-Mont-Blanc,Vallée Blanche Panoramic Gondola,"45.863544,6.9106279",NO_NAMED_PLACES_HIT,,,,
Chaozhou,Guangji Gate Tower and Ancient City Wall,"23.662996,116.652411",NO_NAMED_PLACES_HIT,,,,
Chaozhou,Jiadi Lane (Jiadixiang),"23.6602,116.64775",PLACES_AGREES,Jiadi Lane,23.6602,116.64775,
Chaozhou,Xu Fuma Mansion (Prince Consort Xu's Residence),"23.6734801,116.642675",NO_NAMED_PLACES_HIT,,,,
Charlottetown,Peake's Wharf and the Waterfront Boardwalk,"46.232229,-63.1231501",NO_NAMED_PLACES_HIT,,,,
Chefchaouen,The Blue Medina (old town),"35.1699105,-5.259769899999999",PLACES_AGREES,Blue Medina Chefchaouen - Two-Bedroom House,35.1699105,-5.259769899999999,
Chefchaouen,Plaza Uta el-Hammam,"35.168796,-5.268364099999999",NO_NAMED_PLACES_HIT,,,,
Chefchaouen,Spanish Mosque viewpoint (Jemaa Bouzafar hilltop),"35.1656126,-5.2555827",NO_NAMED_PLACES_HIT,,,,
Chefchaouen,Ras El Maa waterfall and springs,"35.17102819999999,-5.2563894",NO_NAMED_PLACES_HIT,,,,
Chefchaouen,Bab el-Ain gate and Callejon El Asri,"35.170233,-5.263265",PLACES_NEAR_NO_CHANGE,Bab el ain,35.1682582,-5.2648326,0.25
Chengde,Qingchui Peak (Sledgehammer Rock),"40.97091899999999,117.949665",PLACES_AGREES,Qingchui Peak Forestry Police Station,40.970918999999995,117.949665,
Chengde,Yanyu Tower (Misty Rain Tower),"40.95149989999999,117.9634",NO_NAMED_PLACES_HIT,,,,
Chengdu,Jinli Ancient Street,"30.5722599,104.0665099",NO_NAMED_PLACES_HIT,,,,
Chetumal,Oxtankah archaeological site,"18.5437427,-88.2736115",NO_NAMED_PLACES_HIT,,,,
Chetumal,Kohunlich archaeological site,"18.5007158,-88.3260748",NO_NAMED_PLACES_HIT,,,,
Chetumal,Dzibanché archaeological site,"18.5001889,-88.296146",NO_NAMED_PLACES_HIT,,,,
Chiang Mai,Tha Phae Gate and the Old City walls,"18.7895271,98.9931818",PLACES_AGREES,Tha Phae Gate,18.7878054,98.9933677,0.18
Chiang Rai,Chiang Rai Clock Tower,"19.9071489,99.8309632",PLACES_AGREES,Chiang Rai Clock Tower,19.9071489,99.8309632,
Chiang Rai,Khun Korn Waterfall,"19.882503,99.616416",PLACES_AGREES,Khun Korn Waterfall,19.882503,99.616416,
Chios,Chios Castle and Kastro quarter,"38.5228185,26.2059459",FIXED,Castle of Chios,38.371726599999995,26.1366302,15.25
Chios,Kampos district,"38.36818239999999,26.1310056",PLACES_DIFFERS_NO_SECOND_SOURCE,Kampos,38.3242086,26.136963599999998,3.89
Chios,Daskalopetra (Teacher's Rock),"38.4210709,26.134397",PLACES_AGREES,Paralia Daskalopetra,38.4210709,26.134397,
Chios,Korais Library and Argenti Museum,"38.367782,26.1368219",NO_NAMED_PLACES_HIT,,,,
Chios,Chios Maritime Museum,"38.3670669,26.1338568",PLACES_AGREES,Chios Maritime Museum,38.367041,26.133816,0.01
Chișinău,Mihai Eminescu Central Park,"46.5228456,28.7728945",NO_NAMED_PLACES_HIT,,,,
Chittagong,Chandanpura Shahi Jame Mosque (Masjid-e-Siraj ud-Daulah),"22.3752075,91.8348606",NO_NAMED_PLACES_HIT,,,,
Chongqing,Nanshan Yizhi Botanical Garden (One Tree Viewing Platform),"29.55656,106.62803",NO_NAMED_PLACES_HIT,,,,
Chongqing,Jiefangbei CBD Pedestrian Street,"29.556651,106.578677",PLACES_AGREES,Jiefangbei Pedestrian Street,29.557651,106.57759499999999,0.15
Chongqing,Guanyinqiao,"29.58171,106.54539",PLACES_AGREES,Guanyinqiao Residential District,29.581709999999998,106.54539,
Cienfuegos,Catedral de la Purísima Concepción,"22.1460112,-80.45183610000001",NO_NAMED_PLACES_HIT,,,,
Cienfuegos,Paseo del Prado and the Malecón,"22.1599753,-80.4437781",FIXED,Paseo del Prado,22.143006099999997,-80.4486306,1.83
Cinque Terre,Vernazza harbor and piazza,"44.1451286,9.646323599999999",NO_NAMED_PLACES_HIT,,,,
Cinque Terre,Monterosso al Mare old town and beach,"44.1451854,9.646379399999999",PLACES_DIFFERS_NO_SECOND_SOURCE,City of Monterosso Al Mare,44.146286599999996,9.6561097,1.09
Cluj-Napoca,Cetățuia Hill,"46.77533409999999,23.5816514",PLACES_AGREES,Cetățuia Park,46.775334099999995,23.5816514,
Cluj-Napoca,Dormition of the Theotokos Orthodox Cathedral,"46.77171,23.5964659",NO_NAMED_PLACES_HIT,,,,
Cluj-Napoca,Museum Square and the Franciscan Church,"46.7716483,23.5872505",PLACES_AGREES,Museum Square,46.771812399999995,23.587355799999997,0.02
Cockburn Town,Pillory Beach,"21.4805504,-71.1486836",PLACES_AGREES,Pillory Beach,21.4805504,-71.1486836,
Cologne,KölnTriangle observation deck,"50.9404112,6.9718078",NO_NAMED_PLACES_HIT,,,,
Cologne,Rheinauhafen and the Kranhäuser (Crane Houses),"50.9285259,6.9631351",PLACES_NEAR_NO_CHANGE,Kranhäuser im Rheinauhafen,50.927563799999994,6.966245,0.35
Conakry,National Museum of Guinea,"9.5048183,-13.7093353",PLACES_AGREES,National Museum of Guinea,9.5048183,-13.7093353,
Conakry,Camayenne Botanical Garden,"9.5308,-13.689522",PLACES_NEAR_NO_CHANGE,Botanical Garden,9.530248,-13.686205,0.37
Constanța,National History and Archaeology Museum and Ovid Square,"44.1741824,28.6583699",PLACES_AGREES,Museum of National History and Archaeology,44.1738289,28.658162299999994,0.04
Constanța,Old Town peninsula and seafront promenade,"44.1759147,28.6519359",NO_NAMED_PLACES_HIT,,,,
Constantine,The Casbah and Souika old town,"36.3569496,6.638871",NO_NAMED_PLACES_HIT,,,,
Constantine,Tiddis Roman ruins,"36.4760748,6.4953997",PLACES_DIFFERS_NO_SECOND_SOURCE,Tiddis Ruins,36.4629338,6.4837893,1.75
Corfu,Achilleion Palace,"39.5628042,19.9042949",PLACES_AGREES,The Achilleion Palace,39.562804199999995,19.9042949,
Corfu,Kanoni viewpoint,"39.5921319,19.9168188",PLACES_AGREES,Kanoni Viewpoint,39.5921319,19.916818799999998,
Coron,Japanese shipwrecks of Coron Bay,"11.8640347,120.182022",NO_NAMED_PLACES_HIT,,,,
Cortina d'Ampezzo,Tofana di Mezzo and the Freccia nel Cielo cable car,"46.5457702,12.1313807",PLACES_AGREES,Tofana - Freccia nel Cielo,46.5457715,12.1314168,
Cortina d'Ampezzo,Lagazuoi and its WWI tunnels,"46.5378431,12.1358821",NO_NAMED_PLACES_HIT,,,,
Cotonou,Ganvié Stilt Village,"6.469965699999999,2.4122257",NO_NAMED_PLACES_HIT,,,,
Cotonou,Cotonou Friendship Bridge (Pont du Novotel),"6.3859642,2.3794872",NO_NAMED_PLACES_HIT,,,,
Cotonou,Cotonou Central Mosque,"6.357574899999999,2.4300791",PLACES_DIFFERS_NO_SECOND_SOURCE,Central mosque,6.3679687,2.4859005,6.31
Cox's Bazar,Aggmeda Khyang,"21.4272184,92.0061058",NO_NAMED_PLACES_HIT,,,,
Cox's Bazar,Ramu Buddhist Village,"21.4291613,92.1066676",NO_NAMED_PLACES_HIT,,,,
Cuenca,Pumapungo Archaeological Park and Museum,"-2.9060989,-78.9968406",PLACES_AGREES,Pumapungo Museum,-2.9060989,-78.9968406,
Cuenca,El Barranco and Río Tomebamba,"-2.889011201451543,-79.03588754254118",PLACES_AGREES,Rio Tomebamba,-2.8902965,-79.0341528,0.24
Cuiabá,Catedral Basílica do Senhor Bom Jesus,"-15.5977394,-56.0958926",PLACES_AGREES,Catedral Basílica do Senhor Bom Jesus,-15.597739400000002,-56.0958926,
Cuiabá,Transpantaneira and the Pantanal (via Poconé),"-15.5954635,-56.0925824",NO_NAMED_PLACES_HIT,,,,
Cusco,Barrio de San Blas,"-13.513423,-71.970665",PLACES_DIFFERS_NO_SECOND_SOURCE,Barrio san blas,-13.5142828,-71.9744285,0.43
Cusco,Hatun Rumiyoc and the Twelve-Angled Stone,"-13.5160115,-71.9762743",PLACES_AGREES,Twelve Angled Stone,-13.5160115,-71.9762743,
Cyangugu,Nyungwe National Park Canopy Walkway,"-2.4830531,28.8965004",FIXED,Canopy walkway,-2.4758046,29.195543999999998,33.26
Cyangugu,Rusizi River Border and Bridge,"-2.4830531,28.8965004",NO_NAMED_PLACES_HIT,,,,
Cyangugu,Gisakura Tea Estate,"-2.4419966,29.0450835",NO_NAMED_PLACES_HIT,,,,
Cyangugu,Mibirizi Catholic Church,"-2.5678421,28.9535215",NO_NAMED_PLACES_HIT,,,,
Cyangugu,Kamembe Town and Market,"-2.4830531,28.8965004",PLACES_DIFFERS_NO_SECOND_SOURCE,Kamembe city market,-2.4781738,28.910503399999996,1.65
Da Lat,Truc Lam Zen Monastery and Cable Car,"11.9036292,108.4357112",NO_NAMED_PLACES_HIT,,,,
Da Lat,Da Lat Cathedral (Chicken Church),"11.9360895,108.4377113",PLACES_AGREES,St. Nicholas Cathedral of Da Lat,11.9360895,108.43771129999999,
Da Nang,Han Market,"16.0680836,108.224069",PLACES_AGREES,Han Market,16.068083599999998,108.224069,
Dahab,The Lighthouse Reef,,NO_NAMED_PLACES_HIT,,,,
Dahab,Three Pools,"28.4353845,34.4573306",PLACES_AGREES,Three Pools Dive Site,28.4353845,34.4573306,
Dahab,The Canyon,"28.5186708,34.5043039",PLACES_DIFFERS_NO_SECOND_SOURCE,Canyon .. Dahab .. South Sinaa,28.509158199999998,34.5136138,1.39
Dakar,Théodore Monod Museum of African Art (IFAN),"14.6635326,-17.4381482",PLACES_AGREES,Théodore Monod African Art Museum,14.6635326,-17.4381482,
Damascus,Street Called Straight (Via Recta),"33.5094266,36.3179576",NO_NAMED_PLACES_HIT,,,,
Dar es Salaam,Msasani Slipway,"-6.7524365,39.2728695",PLACES_AGREES,The Slipway,-6.7524365,39.2728695,
Darwin,WWII Oil Storage Tunnels,"-12.467528,130.845157",PLACES_AGREES,Darwin Museum Underground WWII Oil Storage Tunnels,-12.467528,130.845157,
Datong,Datong City Wall,"40.0853498,113.3154445",PLACES_DIFFERS_NO_SECOND_SOURCE,Datong Ancient City Wall,40.09646,113.31227,1.01
Datong,Huayan Monastery,"40.0763699,113.30001",PLACES_DIFFERS_NO_SECOND_SOURCE,Huayan Temple,40.090509999999995,113.31472699999999,2.03
Datong,Nine-Dragon Screen,"40.093236,113.303546",PLACES_AGREES,Nine Dragon Screen Ticket Office,40.093236,113.303546,
Delhi,Akshardham Temple,"28.6126735,77.2772619",PLACES_AGREES,Swaminarayan Akshardham,28.6126735,77.2772619,
Denizli,Pamukkale Travertines,"37.94179,29.1189251",NO_NAMED_PLACES_HIT,,,,
Denizli,Antique Pool (Cleopatra's Pool),"37.9259844,29.1256262",NO_NAMED_PLACES_HIT,,,,
Denizli,Denizli Teleferik and Bağbaşı Plateau,"37.7215076,29.1398636",PLACES_AGREES,Denizli Teleferik,37.7215076,29.139863599999998,
Denizli,Tripolis on the Meander,"37.7830159,29.0963328",NO_NAMED_PLACES_HIT,,,,
Denizli,Delikliçınar Square and the Denizli Rooster Statue,"37.7732796,29.0868879",PLACES_DIFFERS_NO_SECOND_SOURCE,Denizli Rooster Statue,37.7624563,29.0511695,4.08
Denizli,Kaleiçi Bazaar,"37.7859221,29.0844709",PLACES_AGREES,KALEİÇİ,37.7865355,29.084754599999997,0.06
Denpasar,Puputan Badung Square,"-8.6569327,115.2176527",NO_NAMED_PLACES_HIT,,,,
Denpasar,Maospahit Temple,"-8.6538408,115.2105013",PLACES_AGREES,Pura Maospahit,-8.6538408,115.2105013,
Dhaka,Buriganga River & Sadarghat Boat Terminal,"23.7055854,90.4097405",NO_NAMED_PLACES_HIT,,,,
Dili,National Parliament Building,"-8.5563336,125.5798233",NO_NAMED_PLACES_HIT,,,,
Djanet,Tegharghart (The Crying Cow),"24.3385926,9.460984",NO_NAMED_PLACES_HIT,,,,
Djanet,Djanet Oasis and Old Ksour,"24.554151,9.485429",NO_NAMED_PLACES_HIT,,,,
Djibouti City,Djibouti Central Market,"11.5721,43.1456",NO_NAMED_PLACES_HIT,,,,
Doha,The Pearl-Qatar,"25.368611,51.551583",NO_NAMED_PLACES_HIT,,,,
Douala,Akwa District,"4.0531425,9.699582300000001",NO_NAMED_PLACES_HIT,,,,
Douala,Deido District,"4.0681364,9.7107273",PLACES_AGREES,Deido,4.0681364,9.7107273,
Douala,Monument des Rois Akwa,"4.0531425,9.699582300000001",NO_NAMED_PLACES_HIT,,,,
Durban,Golden Mile Beachfront,,NO_NAMED_PLACES_HIT,,,,
Durham,River Wear Riverbanks Walk,"54.77525,-1.584852",NO_NAMED_PLACES_HIT,,,,
Durrës,Roman Baths of Durrës,"41.3147227,19.4465511",NO_NAMED_PLACES_HIT,,,,
Düsseldorf,Medienhafen (Media Harbour),"51.21457849999999,6.7549929",PLACES_AGREES,Medienhafen Dusseldorf e.V.,51.214578499999995,6.7549928999999995,
Edirne,Üç Şerefeli Mosque,"41.6780844,26.553477",NO_NAMED_PLACES_HIT,,,,
Edirne,Karaağaç and the Lausanne Monument,"41.6526589,26.5200271",PLACES_AGREES,Lausanne Monument,41.6526589,26.5200271,
Edirne,Sarayiçi and the Kırkpınar Arena,"41.6946005,26.5505246",NO_NAMED_PLACES_HIT,,,,
Edmonton,Rogers Place / Ice District,"53.54697549999999,-113.4978004",PLACES_AGREES,Rogers Place,53.546975499999995,-113.49780039999999,
Eilat,Underwater Observatory Marine Park,"29.5037774,34.9177235",PLACES_AGREES,Underwater Observatory Park,29.5037774,34.9177235,
Eilat,Mount Tzfahot,,NO_NAMED_PLACES_HIT,,,,
Eilat,Eilat Birdwatching Park (IBRCE),"29.5724526,34.9717278",NO_NAMED_PLACES_HIT,,,,
El Calafate,Laguna Nimez Nature Reserve,"-50.3283488,-72.268301",NO_NAMED_PLACES_HIT,,,,
El Calafate,Lago Argentino and Bahia Redonda,"-50.3447083,-72.2792319",PLACES_DIFFERS_NO_SECOND_SOURCE,Bahía Redonda,-50.3394838,-72.2894567,1.2
El Chaltén,Laguna de los Tres,"-49.28042610000001,-72.98596719999999",PLACES_AGREES,Laguna de los Tres,-49.28042610000001,-72.98596719999999,
Encarnación,Antigua Estación del Ferrocarril,"-27.3263682,-55.867162",NO_NAMED_PLACES_HIT,,,,
Ensenada,Riviera del Pacífico Cultural Center,"31.86495379999999,-116.627052",NO_NAMED_PLACES_HIT,,,,
Ensenada,Ventana al Mar and the Malecón,"31.85917269999999,-116.6234597",PLACES_AGREES,Ventana al Mar,31.859172699999995,-116.6234597,
Enshi,Qingjiang Wind-Rain Bridge,"30.2799353248491,109.3665455192339",NO_NAMED_PLACES_HIT,,,,
Erbil,Shar Park and the Citadel Fountains,"36.1885179,44.0107316",PLACES_AGREES,The Fountains of Shar Park,36.1885179,44.0107316,
Erbil,Erbil Civilization Museum,"36.1877383,44.0106983",NO_NAMED_PLACES_HIT,,,,
Erbil,Khanzad Castle,"36.3539265,44.1790473",PLACES_AGREES,Khanzad Castle قەڵای خانزاد,36.3539265,44.1790473,
Essaouira,Skala du Port and the Fishing Harbor,"31.5102721,-9.7741966",NO_NAMED_PLACES_HIT,,,,
Essaouira,Mellah and Haim Pinto Synagogue,"31.5159573,-9.7673285",PLACES_AGREES,Haim Pinto Synagogue,31.515957299999997,-9.7673285,
Essaouira,The Souks and Fish Market,"31.5144996,-9.768163",PLACES_AGREES,Fish Market,31.514499599999997,-9.768163,
Essaouira,Diabat and the Borj El Berod ruins,"31.4890154,-9.775700299999999",NO_NAMED_PLACES_HIT,,,,
Faro,Cidade Velha (Old Town) and Arco da Vila,"37.0146777,-7.934843300000001",PLACES_AGREES,Arco da Vila,37.0146777,-7.934843300000001,
Faro,Milreu Roman Ruins,"37.0948263,-7.904565799999999",PLACES_AGREES,Roman Ruins of Milreu,37.0948263,-7.904565799999999,
Fenghuang,Fenghuang Ancient Town,"27.9484299,109.59832",NO_NAMED_PLACES_HIT,,,,
Fenghuang,Diaojiaolou Stilt Houses on the Tuojiang,"27.95075,109.59296",NO_NAMED_PLACES_HIT,,,,
Fenghuang,Hong Bridge (Hongqiao),"27.94843,109.60638",NO_NAMED_PLACES_HIT,,,,
Fenghuang,Wanming Pagoda,"27.9484299,109.59832",NO_NAMED_PLACES_HIT,,,,
Fenghuang,Longevity Palace (Wanshou Gong),"27.9484299,109.59832",NO_NAMED_PLACES_HIT,,,,
Fès,Al Quaraouiyine Mosque and University,"34.0649299,-4.9733667",NO_NAMED_PLACES_HIT,,,,
Fès,Nejjarine Fountain and Museum of Wooden Arts,"34.0648041,-4.97577",PLACES_AGREES,Nejjarine Fountain,34.064804099999996,-4.97577,
Fethiye,Tomb of Amyntas and the Lycian Rock Tombs,"36.6189981,29.118324",PLACES_AGREES,Amyntas Rock Tombs,36.6189981,29.118323999999998,
Fethiye,Kayaköy Ghost Village,"36.5751381,29.0913086",NO_NAMED_PLACES_HIT,,,,
Fethiye,Saklıkent Gorge,"36.659246,29.126347",PLACES_DIFFERS_NO_SECOND_SOURCE,Saklıkent Gorge Club,36.4736729,29.401772,34.82
Fethiye,Telmessos Amphitheatre,"36.5691282,29.1361622",NO_NAMED_PLACES_HIT,,,,
Fethiye,Tlos Ruins,"36.5540176,29.4187025",PLACES_AGREES,Tlos Ruins,36.5542339,29.420206000000004,0.17
Florence,Pitti Palace & Boboli Gardens,"43.7646547,11.2504654",PLACES_NEAR_NO_CHANGE,Pitti Palace and Boboli Gardens,43.7624764,11.2485661,0.27
Flores,Flores Island Old Town and Malecón,,NO_NAMED_PLACES_HIT,,,,
Flores,Catedral Nuestra Señora de los Remedios y San Pablo,,NULL_PIN_NO_SECOND_SOURCE,Iglesia Catedral Nuestra Señora de los Remedios y San Pablo del Itza,16.9303673,-89.8913827,
Flores,ARCAS Wildlife Rescue Center,"16.928826,-89.8722031",PLACES_AGREES,ARCAS,16.928826,-89.8722031,
Flores,San Miguel Village and Playita El Chechenal,"16.9448389,-89.8948748",PLACES_AGREES,El chechenal,16.9448389,-89.8948748,
Florianópolis,Praia da Joaquina and the Dunes,"-27.6293577,-48.4490173",PLACES_AGREES,Praia da Joaquina,-27.6287456,-48.4478875,0.14
Fort-de-France,Ancien Hôtel de Ville and Théâtre Aimé Césaire,"14.6065229,-61.0699546",PLACES_AGREES,Théâtre Aimé Césaire,14.606522900000002,-61.0699546,
Fortaleza,Mucuripe Fish Market and Jangadas,"-3.725445,-38.48451",NO_NAMED_PLACES_HIT,,,,
Foz do Iguaçu,Refúgio Biológico Bela Vista,"-25.4469558,-54.5840659",PLACES_DIFFERS_NO_SECOND_SOURCE,Pórtico de Entrada do Refugio Biológico Bela Vista,-25.4490914,-54.556406599999995,3.08
Foz do Iguaçu,Catedral São João Batista,"-25.5472298,-54.5871515",NO_NAMED_PLACES_HIT,,,,
Freiburg,Münsterplatz and the Münstermarkt,"47.9957702,7.8524147",PLACES_AGREES,Münstermarkt,47.995770199999995,7.8524147,
Freiburg,Schauinsland Cable Car,"47.9119444,7.8983333",NO_NAMED_PLACES_HIT,,,,
Funafuti,Tepuka Islet,"-8.4666667,179.1",PLACES_AGREES,Tepuka,-8.4666667,179.1,
Funafuti,Fongafale Islet War Relics,"-8.5204754,179.1979716",PLACES_AGREES,Fongafale,-8.5204754,179.19797160000002,
Funafuti,Tuvalu Government Building and Parliament House,"-8.5211471,179.1961926",PLACES_NEAR_NO_CHANGE,Government of Tuvalu,-8.5242738,179.1945343,0.39
Funafuti,Funafuti Marine Conservation Area Vaiaku Islet,"-8.522239599999999,179.1964439",PLACES_DIFFERS_NO_SECOND_SOURCE,Funafuti Conservation Area,-8.516667,179.04999999999998,16.3
Funafuti,Funafuti Te Ano Beach and Foreshore,"-8.5211471,179.1961926",NO_NAMED_PLACES_HIT,,,,
Funchal,Zona Velha and Rua de Santa Maria,"32.6479044,-16.9009272",NO_NAMED_PLACES_HIT,,,,
Garmisch-Partenkirchen,Ludwigstrasse in Partenkirchen,"47.4940022,11.1107653",NO_NAMED_PLACES_HIT,,,,
Garmisch-Partenkirchen,Wank Mountain,"47.5072222,11.1436111",PLACES_AGREES,Wank,47.5072222,11.143611100000001,
Gaziantep,Bakırcılar Çarşısı (Coppersmiths' Bazaar),"37.0619833,37.3866826",NO_NAMED_PLACES_HIT,,,,
Gaziantep,Tahmis Kahvesi,"37.06132059999999,37.3877814",PLACES_AGREES,Tahmis Kahvesi,37.061320599999995,37.3877814,
Gaziantep,Panorama 25 Aralık Museum,"37.0628876,37.3974117",PLACES_DIFFERS_NO_SECOND_SOURCE,Panorama 25 Aralık Gaziantep Savunması Kahramanlık Panoraması ve Müzesi,37.0659622,37.3793187,2.03
Gdańsk,Żuraw (The Medieval Crane),"54.35049429999999,18.6575279",NO_NAMED_PLACES_HIT,,,,
Genoa,The Caruggi (Historic Centre Alleys),"44.4089412,8.9332234",PLACES_AGREES,Caruggi di Genova,44.4089412,8.9332234,
Gent,Graslei and Korenlei,"51.0547683,3.72075",PLACES_AGREES,Graslei,51.0547683,3.72075,
George Town,George Town UNESCO Heritage Core,"5.4170037,100.3379775",NO_NAMED_PLACES_HIT,,,,
Ghardaïa,Ksar of Ghardaïa and the Great Mosque,"32.4943741,3.64446",NO_NAMED_PLACES_HIT,,,,
Ghardaïa,The M'zab Palm Groves,"32.4943741,3.64446",PLACES_DIFFERS_NO_SECOND_SOURCE,M'Zab,32.4727002,3.7082024,7.37
Ghardaïa,Ghardaïa Panoramic Viewpoint,"32.4943741,3.64446",PLACES_DIFFERS_NO_SECOND_SOURCE,Viewpoint,32.4847937,3.6853177,4.63
Gibraltar,Barbary Macaques at Apes' Den,"36.1322425,-5.3487311",PLACES_AGREES,Apes Den,36.1322425,-5.3487311,
Gibraltar,Skywalk and Windsor Suspension Bridge,"36.1303551,-5.347626399999999",NO_NAMED_PLACES_HIT,,,,
Gilgit,Gilgit River Confluence Walks,"35.920191,74.308008",NO_NAMED_PLACES_HIT,,,,
Girona,Rambla de la Llibertat and Plaça de la Independència,"41.9837022,2.8239713",PLACES_AGREES,Plaça Independència,41.9857355,2.8235642999999997,0.17
Gisenyi,Lake Kivu Public Beach,"-1.6990482,29.2560996",NO_NAMED_PLACES_HIT,,,,
Gisenyi,Gisenyi Waterfront Corniche,"-1.6957111,29.2515096",PLACES_AGREES,La Corniche Gisenyi,-1.695711,29.251510599999996,
Gisenyi,Imbabazi Gardens (Rosamond Carr's Mugongo),"-1.5943452,29.3864105",NO_NAMED_PLACES_HIT,,,,
Gisenyi,Pfunda Tea Estate,"-1.7004897,29.3193857",NO_NAMED_PLACES_HIT,,,,
Gisenyi,Gisenyi Central Market,"-1.6957094,29.2623926",NO_NAMED_PLACES_HIT,,,,
Gisenyi,Rubavu Genocide Memorial,,NO_NAMED_PLACES_HIT,,,,
Goma,Goma Cathedral Ruins (Notre-Dame ruins),"-1.658501,29.2204548",NO_NAMED_PLACES_HIT,,,,
Goma,Virunga Market and Birere District,"-1.658501,29.2204548",PLACES_AGREES,Virunga,-1.658571,29.220448699999995,0.01
Goma,Grande Barrière Border Crossing,"-1.658501,29.2204548",PLACES_DIFFERS_NO_SECOND_SOURCE,Grande Barriere,-1.6978088,29.2447552,5.14
Gondar,Fasilides' Castle,"12.6149147,37.4747996",NO_NAMED_PLACES_HIT,,,,
Gondar,Kuskuam Complex (Empress Mentewab's Palace),"12.6215798,37.4476938",PLACES_AGREES,Kuskuam (ቁስቋም ማርያም),12.6215798,37.447693799999996,
Gondar,Ras Gimb Palace Museum,"12.5981077,37.4505182",NO_NAMED_PLACES_HIT,,,,
Gondar,Gondar Piazza,"12.6105915,37.4694142",PLACES_AGREES,Piazza,12.6108879,37.4681791,0.14
Gondar,Qusquam Debre Tsehay Church,"12.6225355,37.4466956",PLACES_AGREES,Qusquam Church,12.6225355,37.4466956,
Göreme,Paşabağ (Monks Valley),"38.67726529999999,34.8556884",PLACES_AGREES,Paşabağ Vadisi,38.677265299999995,34.8556884,
Göreme,Devrent Valley (Imagination Valley),"38.6726326,34.8858166",NO_NAMED_PLACES_HIT,,,,
Gothenburg,Haga District,"57.698553,11.9563423",PLACES_AGREES,Haga,57.698553000000004,11.9563423,
Gothenburg,Götaplatsen and the Poseidon Statue,"57.6973714,11.979319",PLACES_AGREES,Götaplatsen,57.6973714,11.979319,
Gothenburg,Nya Älvsborg Fortress,"57.6857785,11.8386358",NO_NAMED_PLACES_HIT,,,,
Granada,Monastery of Cartuja,"37.1923158,-3.599789699999999",NO_NAMED_PLACES_HIT,,,,
Grenoble,Grenoble Old Town and Place Grenette,"45.1910671,5.7277605",PLACES_AGREES,Place Grenette,45.1913712,5.7277724999999995,0.02
Grenoble,Parc Paul Mistral and the Perret Tower,"45.1849538,5.735422499999999",NO_NAMED_PLACES_HIT,,,,
Guadalajara,Instituto Cultural Cabañas Plaza and Historic Center Plazas,"20.6751707,-103.3473385",PLACES_DIFFERS_NO_SECOND_SOURCE,Cabañas Museum,20.676557499999998,-103.3382462,1.02
Guarujá,Mirante da Campina (Campina Hill Lookout),"-23.9948234,-46.2491835",NO_NAMED_PLACES_HIT,,,,
Guayaquil,Municipal Palace of Guayaquil,"-2.1891341,-79.8899031",NO_NAMED_PLACES_HIT,,,,
Guayaquil,Guayaquil Skyline,"-2.1704143,-79.9050241",NO_NAMED_PLACES_HIT,,,,
Guilin,Sun and Moon Pagodas (Riyue Shuang Ta),"25.25758,110.25519",NO_NAMED_PLACES_HIT,,,,
Guilin,Diecai Hill (Folded Brocade Hill),"25.28707,110.30114",NO_NAMED_PLACES_HIT,,,,
Guilin,Jingjiang Princes' Palace and Solitary Beauty Peak,"25.283041,110.298749",PLACES_AGREES,Jingjiang Princes' Palace,25.282194,110.299522,0.12
Gustavia,Gustavia Harbor,"17.8964345,-62.85220099999999",NO_NAMED_PLACES_HIT,,,,
Gustavia,Wall House Museum (Territorial Museum),"17.8983007,-62.8521179",PLACES_AGREES,Musée du Wall House,17.8983007,-62.8521179,
Gustavia,Notre-Dame de l'Assomption Catholic Church,"17.9054109,-62.8237278",NO_NAMED_PLACES_HIT,,,,
Hạ Long,Thien Cung Cave (Heavenly Palace Cave),"20.9126814,107.0172114",NO_NAMED_PLACES_HIT,,,,
Hạ Long,Sun World Ha Long and Queen Cable Car,"20.955588,107.0493252",NO_NAMED_PLACES_HIT,,,,
Hakodate,Motomachi District and Hachiman-zaka Slope,"41.763042,140.71205",PLACES_AGREES,Hachiman-Zaka Slope,41.7639012,140.71180429999998,0.08
Hamadan,Hegmataneh Hill (Ancient Ecbatana),"34.8084476,48.5163492",NO_NAMED_PLACES_HIT,,,,
Hamadan,Alvand Mountain,"34.763498,48.4024398",PLACES_DIFFERS_NO_SECOND_SOURCE,Alvand,34.6641666,48.4866666,13.04
Hamburg,Hamburg Cruise Terminal & Port,"53.5294335,9.9613836",PLACES_AGREES,Hamburg Cruise terminal,53.529433499999996,9.9613836,
Hamilton,Perot Post Office and Bermuda Historical Society Museum,"32.2929655,-64.7865602",PLACES_AGREES,Bermuda Historical Society Museum,32.2929655,-64.7865602,
Hangzhou,Hefang Street,"30.24012,120.17249",PLACES_AGREES,Hefang Street,30.24012,120.17249,
Harar,Hyena Feeding at the City Gates,"9.3046809,42.1469765",NO_NAMED_PLACES_HIT,,,,
Harar,Arthur Rimbaud House (Rimbaud Cultural Center),"9.309916,42.1379149",NO_NAMED_PLACES_HIT,,,,
Harar,Shoa Gate (Asmaddin Beri),"9.3066095,42.1360694",NO_NAMED_PLACES_HIT,,,,
Harar,Gidir Magala Market,"9.3091828,42.138049",PLACES_AGREES,Gidir Magala,9.3091828,42.138048999999995,
Harar,Sherif Harar City Museum,"9.3124367,42.121843",PLACES_DIFFERS_NO_SECOND_SOURCE,Sherif Harar City Musuem,9.3096888,42.1373008,1.75
Harbin,Songhua River and Stalin Park,"46.014938,127.590904",NO_NAMED_PLACES_HIT,,,,
Harbin,Flood Control Monument,"45.7567307,126.6424173",NO_NAMED_PLACES_HIT,,,,
Harbin,Volga Manor,"45.67054599999999,126.89939",PLACES_AGREES,Volga Manor,45.670545999999995,126.89939,
Harbin,Harbin Confucius Temple,"45.78125499999999,126.612443",PLACES_DIFFERS_NO_SECOND_SOURCE,Harbin Confucius Temple,45.77477,126.67557999999998,7.04
Hebron,Old City Souq (Casbah Market),,NO_NAMED_PLACES_HIT,,,,
Hebron,Hebron Glass and Ceramics Factories,"31.557286,35.100126",PLACES_AGREES,Hebron Glass & Ceramics,31.557285999999998,35.100125999999996,
Hebron,Ramat al-Khalil (Ancient Mamre),"31.5304303,35.0879406",NO_NAMED_PLACES_HIT,,,,
Hebron,"Nabi Yunis Shrine, Halhul",,NO_NAMED_PLACES_HIT,,,,
Heidelberg,Königstuhl Summit and Funicular,"49.4037,8.7277351",NO_NAMED_PLACES_HIT,,,,
Heidelberg,Marktplatz and Kornmarkt,"49.4119863,8.7117016",PLACES_AGREES,Kornmarkt,49.411903599999995,8.7115949,0.01
Heidelberg,Thingstätte and Heiligenberg,"49.4238453,8.706536999999999",NO_NAMED_PLACES_HIT,,,,
Helsinki,Suomenlinna Sea Fortress,"60.14539999999999,24.9881401",PLACES_AGREES,Suomenlinna,60.14539999999999,24.988140100000003,
Heraklion,Venetian Walls and Tomb of Kazantzakis,"35.3386746,25.1421291",NO_NAMED_PLACES_HIT,,,,
Himeji,Otemae-dori Avenue,"34.8316474,134.6916006",NO_NAMED_PLACES_HIT,,,,
Hirosaki,Saisho-in Five-Storied Pagoda,"40.5963366,140.4686587",NO_NAMED_PLACES_HIT,,,,
Hirosaki,Mount Iwaki and Iwakiyama Shrine,"40.6220863,140.3403973",PLACES_AGREES,Iwakiyama Shrine,40.6220863,140.3403973,
Hobart,Constitution Dock and Sullivans Cove Waterfront,"-42.8831003,147.3334465",PLACES_AGREES,Constitution Dock,-42.883100299999995,147.33344649999998,
Hoi An,Thu Bon River Lantern Boats and Night Market,"15.875503,108.3262087",PLACES_DIFFERS_NO_SECOND_SOURCE,Thu Bồn River,15.876137799999999,108.320572,0.63
Hoi An,Hoi An Central Market,"15.875027,108.326172",PLACES_AGREES,Central Market Hội An,15.875027000000001,108.32617200000001,
Hoi An,An Bang Beach,"15.9136072,108.3406489",PLACES_AGREES,An Bang Beach,15.9136072,108.34064889999999,
Hoi An,Tra Que Vegetable Village,"15.9023568,108.337635",PLACES_AGREES,Tra Que Vegetable Village,15.902356799999998,108.33763499999999,
Honiara,Iron Bottom Sound,"-9.25,160",NO_NAMED_PLACES_HIT,,,,
Honiara,Betikama War Relics Museum,"-9.4306698,159.9526758",NO_NAMED_PLACES_HIT,,,,
Honiara,"Parliament House, Honiara","-9.4341736,159.9558994",NO_NAMED_PLACES_HIT,,,,
Houmt El Souk,Houmt Souk Central Market (the souks),"33.8759693,10.8572832",PLACES_AGREES,Central Market of Houmt Souk,33.875077999999995,10.858539,0.16
Houmt El Souk,Djerba Explore Park and Lalla Hadria Museum,"33.8759693,10.8572832",PLACES_DIFFERS_NO_SECOND_SOURCE,Djerba Explore Park,33.8187713,11.0432121,21.34
Houmt El Souk,Sidi Mahrez Beach (Plage Sidi Mahres),"33.8614128,10.9785433",PLACES_DIFFERS_NO_SECOND_SOURCE,Plage de Sidi Mahrez,33.8375384,11.0079047,3.94
Hua Hin,Wat Huay Mongkol,"12.5525227,99.8243687",PLACES_AGREES,Wat Huay Mongkol,12.552522699999999,99.8243687,
Hua Hin,Maruekhathaiyawan Palace (Palace of Love and Hope),"12.6982924,99.96210819999999",NO_NAMED_PLACES_HIT,,,,
Hualien City,Swallow Grotto (Yanzikou),"24.1726824,121.5668667",NO_NAMED_PLACES_HIT,,,,
Hualien City,Ji'an Qingxiu Temple (Qingxiu Yuan),"23.9736882,121.5647145",PLACES_AGREES,Ji'an Qingxiu Temple,23.973688199999998,121.5647145,
Huangshan,West Sea Grand Canyon (Xihai Great Canyon),"29.7151699,118.33866",NO_NAMED_PLACES_HIT,,,,
Huangshan,Tunxi Old Street (Tunxi Laojie),"29.70842,118.30732",PLACES_AGREES,Tunxi Old Street,29.708420000000004,118.30731999999998,
Huangshan,Tangyue Memorial Archways,"29.86657,118.36959",PLACES_NEAR_NO_CHANGE,Tangyue,29.867566,118.37171800000002,0.26
Hurghada,El Dahar Old Town and Bazaar,"27.2518573,33.8178499",NO_NAMED_PLACES_HIT,,,,
Hurghada,Sand City Hurghada,"27.099592,33.8230867",PLACES_AGREES,Sand City Hurghada,27.099591999999998,33.8230867,
Hurghada,Eastern Desert Bedouin villages and dunes,,NO_NAMED_PLACES_HIT,,,,
Ibadan,Dugbe Market,"7.3901596,3.881754599999999",PLACES_AGREES,Dugbe Market,7.3901596000000005,3.8817545999999994,
Ibadan,Oyo State Museum of Natural History,"7.3775355,3.9470396",NO_NAMED_PLACES_HIT,,,,
Ibadan,Oja'ba (Old Ibadan Market Quarter),"7.3742579,3.8951313",PLACES_DIFFERS_NO_SECOND_SOURCE,Oja ba market,7.4159645,3.9175997,5.23
Ibadan,Ibadan's Seven Hills Viewpoints,"7.3775355,3.9470396",NO_NAMED_PLACES_HIT,,,,
Ibiza,Café del Mar Sunset Strip,"38.9804098,1.296303",PLACES_AGREES,Café del Mar,38.9804098,1.296303,
Ibiza,Ibiza Town Harbour,"38.9106115,1.4376852",PLACES_AGREES,Ibiza Harbour,38.9106115,1.4376852,
Ica,Bodega Tacama,"-14.0013248,-75.71729069999999",NO_NAMED_PLACES_HIT,,,,
Ica,Bodega El Catador,"-14.0089836,-75.7541268",PLACES_AGREES,Bodega El Catador Tony Labis,-14.008983599999999,-75.7541268,
Inhambane,Old Mosque of Inhambane,"-23.8790203,35.4025048",PLACES_DIFFERS_NO_SECOND_SOURCE,Massjid Velha De Inhambane,-23.8621564,35.3811666,2.93
Inhambane,Provincial Museum of Inhambane,"-23.8582893,35.3476374",NO_NAMED_PLACES_HIT,,,,
Inhambane,Dhow crossing to Maxixe,"-23.8606069,35.3468034",NO_NAMED_PLACES_HIT,,,,
Inhambane,Guinjata Bay and Jangamo beaches,"-24.1152811,35.3123257",PLACES_DIFFERS_NO_SECOND_SOURCE,Guinjata Bay Beach,-24.0719478,35.4957087,20.86
Innsbruck,Maria-Theresien-Strasse and St. Anne's Column,"47.2650113,11.3945913",NO_NAMED_PLACES_HIT,,,,
Iquitos,Belén Market and floating district,"-3.7437644,-73.2515532",NO_NAMED_PLACES_HIT,,,,
Iquitos,Amazon Rescue Center (CREA),"-3.8836211,-73.3511434",PLACES_AGREES,CREA Amazon Rescue Center,-3.8836211,-73.3511434,
Iquitos,Pilpintuwasi Butterfly Farm and Amazon Animal Orphanage,"-3.7044395,-73.2829594",PLACES_AGREES,Pilpintuwasi,-3.7044395,-73.2829594,
Iquitos,Quistococha Lagoon and Tourist Park,"-3.7437644,-73.2515532",NO_NAMED_PLACES_HIT,,,,
Iquitos,Pacaya-Samiria National Reserve,"-3.7608413,-73.277233",NO_NAMED_PLACES_HIT,,,,
Irkutsk,Kazan Church (Church of Our Lady of Kazan),"52.4316816,104.1341907",NO_NAMED_PLACES_HIT,,,,
Irkutsk,Epiphany Cathedral (Bogoyavlensky Sobor),"52.29218299999999,104.282645",NO_NAMED_PLACES_HIT,,,,
Irkutsk,Church of the Savior (Spasskaya Church),"52.2854834,104.2890222",PLACES_DIFFERS_NO_SECOND_SOURCE,Church Of The Savior Of The Holy Face,52.291115700000006,104.2813608,0.93
Irkutsk,Volkonsky House Museum (Decembrists' Museum),"52.2854834,104.2890222",PLACES_DIFFERS_NO_SECOND_SOURCE,House Museum of Prince Sergey Volkonsky,52.287592399999994,104.3047764,1.76
Irkutsk,Babr Monument,"52.2754864,104.2772072",NO_NAMED_PLACES_HIT,,,,
Irkutsk,Angara Embankment and Moscow Gates,"52.2854834,104.2890222",NO_NAMED_PLACES_HIT,,,,
İzmir,Bostanlı Sunset Point,"38.4572132,27.1000014",NO_NAMED_PLACES_HIT,,,,
Jaffna,Keerimalai Springs and Naguleswaram Kovil,"9.814893399999999,80.0112431",PLACES_AGREES,Keerimalai Naguleswaram Temple,9.8134441,80.0121161,0.19
Jaffna,Mantri Manai and Sangili Thoppu archway,"9.6762485,80.035963",PLACES_AGREES,Mantri Manai,9.6774253,80.0359549,0.13
Jasper,Maligne Lake and Spirit Island,"52.8732899,-118.0822838",PLACES_DIFFERS_NO_SECOND_SOURCE,Spirit Island,52.643049299999994,-117.49222999999998,67.42
Jeddah,Al Rahma Mosque (Floating Mosque),"21.6485661,39.1008916",PLACES_DIFFERS_NO_SECOND_SOURCE,Al Rahma Mosque,21.5572935,39.1525013,11.04
Jeddah,Jeddah Sculpture Museum (Open-Air),"21.5291073,39.1610619",PLACES_DIFFERS_NO_SECOND_SOURCE,Sculpture,21.546567,39.130214900000006,3.88
Jeju City,Yongyeon Pond and Cloud Bridge,"33.5042779,126.519838",NO_NAMED_PLACES_HIT,,,,
Jeju City,Jeju Folk and Natural History Museum,"33.5042779,126.519838",NO_NAMED_PLACES_HIT,,,,
Jeonju,Omokdae and Imokdae Pavilions,"35.814387,127.154601",PLACES_AGREES,Omokdae,35.814386999999996,127.154601,
Jeonju,Jaman Mural Village,"35.8142152,127.1572118",PLACES_AGREES,Jaman Mural Village,35.8142152,127.1572118,
Jeonju,Nambu Traditional Market,"35.8126868,127.1468566",PLACES_AGREES,Nambu Market,35.8126868,127.1468566,
Jerez de la Frontera,Cartuja de Santa María de la Defensión (Charterhouse),"36.6539291,-6.0924641",NO_NAMED_PLACES_HIT,,,,
Jianshui,Chaoyang Tower (Chaoyang Gate),"23.616377,102.8195845",NO_NAMED_PLACES_HIT,,,,
Jianshui,Xuezheng Examination Hall (Qing Imperial Examination Office),"23.6349899,102.82699",NO_NAMED_PLACES_HIT,,,,
Jianshui,Jianshui Ancient Town Small Train (Lin'an Station),"23.61588,102.82459",NO_NAMED_PLACES_HIT,,,,
Jianshui,Zitao Street (Purple Pottery Street),"23.6167123,102.8208082",NO_NAMED_PLACES_HIT,,,,
Jingdezhen,Taoxichuan Ceramic Art Avenue,"29.3094,117.23347",NO_NAMED_PLACES_HIT,,,,
Jingdezhen,Imperial Kiln Museum,"29.2932578,117.2078329",NO_NAMED_PLACES_HIT,,,,
Jingdezhen,Ancient Kiln Folk Customs Museum (Guyao),"29.283861,117.184555",NO_NAMED_PLACES_HIT,,,,
Jingdezhen,Jingdezhen China Ceramics Museum,"29.2686899,117.1783899",PLACES_DIFFERS_NO_SECOND_SOURCE,Jingdezhen Ceramics Museum,29.284565999999998,117.21678800000001,4.54
Jingdezhen,Longzhu Pavilion (Dragon Pearl Pavilion),"29.2686899,117.1783899",NO_NAMED_PLACES_HIT,,,,
Jingdezhen,Sanbao Ceramic Art Village,"29.3071,117.1816",PLACES_DIFFERS_NO_SECOND_SOURCE,Sanbao Village,29.272100000000002,117.18216000000001,3.39
Jingdezhen,Taoyangli Historic District,"29.2686899,117.1783899",NO_NAMED_PLACES_HIT,,,,
Jingdezhen,Fuliang Ancient County Town and Red Pagoda,"29.3515899,117.21523",PLACES_DIFFERS_NO_SECOND_SOURCE,Fuliang Ancient City,29.366302,117.2511371,4.24
Jinghong,Mengle Grand Buddha Temple (Wat Mengle),"21.997896,100.810628",NO_NAMED_PLACES_HIT,,,,
Jinghong,Gaozhuang Xishuangjing Starlight Night Market,"22.00792,100.81943",PLACES_AGREES,Gaozhuang Xishuangjing,22.00792,100.81943,
Jinghong,Wild Elephant Valley,"22.1670858,100.8659364",PLACES_AGREES,Xishuangbanna Wild Elephant Valley Tropical Rain Forest Scenic Area,22.1670858,100.8659364,
Jinghong,Dai Ethnic Garden (Ganlanba),"22.0000799,100.77163",NO_NAMED_PLACES_HIT,,,,
Jinghong,Lancang (Mekong) Riverfront and Night Cruise,"22.0000799,100.77163",NO_NAMED_PLACES_HIT,,,,
João Pessoa,Picãozinho Natural Pools,"-7.118835199999999,-34.8814339",NO_NAMED_PLACES_HIT,,,,
João Pessoa,Hotel Globo and the Historic Center,"-7.1124999,-34.8888057",PLACES_AGREES,Hotel Globo,-7.1124998999999995,-34.8888057,
Juba,White Nile Riverfront,"4.853856599999999,31.58252539999999",NO_NAMED_PLACES_HIT,,,,
Kagoshima,Iso Garden and Shoko Shuseikan,"31.617316,130.576297",PLACES_AGREES,Shoko Shuseikan Museum,31.617315999999995,130.57629699999998,
Kagoshima,Shiroyama Observatory,"31.6056382,130.5464088",NO_NAMED_PLACES_HIT,,,,
Kaifeng,Gulou (Drum Tower) Night Market,"34.7886099,114.34816",NO_NAMED_PLACES_HIT,,,,
Kaifeng,Po Pagoda (Fan Pagoda),"34.769205,114.364885",NO_NAMED_PLACES_HIT,,,,
Kairouan,Kairouan Carpet Souks,"35.8603908,10.5946152",NO_NAMED_PLACES_HIT,,,,
Kalamata,Church of the Holy Apostles (Agii Apostoli),"37.0435271,22.1131366",PLACES_AGREES,Church of the Holy Apostles,37.0436134,22.113195599999997,0.01
Kalamata,Kalamata Waterfront and Marina,"37.0945505,22.0476706",PLACES_DIFFERS_NO_SECOND_SOURCE,Kalamata Marina,37.023839599999995,22.1052295,8.96
Kalamata,Monastery of Kalograion (Nuns' Monastery),"37.0441057,22.1174226",NO_NAMED_PLACES_HIT,,,,
Kalamata,Kalamata Costume Museum (Benaki Museum Annex),"37.044789,22.1145976",NO_NAMED_PLACES_HIT,,,,
Kaliningrad,Fort No. 5 (King Friedrich Wilhelm III Fort),,NO_NAMED_PLACES_HIT,,,,
Kanazawa,Nagamachi Samurai District and Nomura-ke Residence,"36.5642058,136.6500324",PLACES_AGREES,Nagamachi Samurai District,36.5637517,136.6510146,0.12
Kandy,Udawattakele Forest Reserve,"7.2988782,80.6424033",NO_NAMED_PLACES_HIT,,,,
Kandy,"Lankatilaka, Gadaladeniya and Embekka Temples","7.2340309,80.56493739999999",NO_NAMED_PLACES_HIT,,,,
Kandy,Kandy Central Market,"7.292147,80.63450999999999",PLACES_AGREES,Municipal Central Market - Kandy,7.292147,80.63450999999999,
Kangding,Anjue Temple (Ngachu Monastery),"30.0544099,101.96308",NO_NAMED_PLACES_HIT,,,,
Kangding,Kangding Old Town and Zheduo River Squares,"29.98816,101.886012",PLACES_DIFFERS_NO_SECOND_SOURCE,Kangding,30.0544099,101.96307999999999,10.68
Kangding,Jingang Temple (Vajra Monastery),"30.0544099,101.96308",NO_NAMED_PLACES_HIT,,,,
Karakol,Holy Trinity Orthodox Cathedral,"42.4782102,78.39559860000001",PLACES_DIFFERS_NO_SECOND_SOURCE,Holy Trinity Cathedral,42.4890875,78.3946869,0.9
Karakol,Karakol Valley National Park,"42.3090934,78.4870258",NO_NAMED_PLACES_HIT,,,,
Karakol,Issyk-Kul Lake Shore,"42.4832821,78.4000716",PLACES_DIFFERS_NO_SECOND_SOURCE,Issyk Kul,42.3882639,77.2864879,124.07
Karbala,Imam Husayn Shrine,"32.6163341,44.0325336",NO_NAMED_PLACES_HIT,,,,
Karbala,Shrine of Al-Hurr al-Riyahi,"32.6475778,43.9746643",NO_NAMED_PLACES_HIT,,,,
Karbala,Karbala Old City Souks,"32.6027147,44.01969870000001",NO_NAMED_PLACES_HIT,,,,
Karbala,Maqam of Imam al-Mahdi,"32.6027147,44.01969870000001",NO_NAMED_PLACES_HIT,,,,
Karimabad,Altit Fort and Royal Garden,"36.3172554,74.68116719999999",PLACES_AGREES,Altit Fort,36.3172554,74.68116719999999,
Karimabad,Ganish Village,"36.3132333,74.667855",PLACES_AGREES,Ganish,36.3132333,74.667855,
Karimabad,Karimabad Bazaar,"36.3257123,74.6692091",NO_NAMED_PLACES_HIT,,,,
Kaş,Lion Tomb (King's Tomb),"36.199913,29.6395499",PLACES_AGREES,Lion Tomb,36.199912999999995,29.6395499,
Kaş,Kekova Sunken City,"36.199913,29.63955",PLACES_DIFFERS_NO_SECOND_SOURCE,Sunken City Kekova Tours,36.1822462,29.866633500000002,25.3
Kaş,Kaş Old Town and Harbour,"36.199913,29.63955",PLACES_AGREES,Kaş Old town,36.200049,29.641694,0.24
Kaş,Doric Rock Tomb,"36.199913,29.63955",NO_NAMED_PLACES_HIT,,,,
Kaş,Limanağzı Bay,"36.17232389999999,29.64993",NO_NAMED_PLACES_HIT,,,,
Kaş,Büyük Çakıl Beach,"36.1916213,29.6515803",NO_NAMED_PLACES_HIT,,,,
Kashgar,Kashgar Grand (Sunday) Bazaar,"39.4677199,75.99381",PLACES_DIFFERS_NO_SECOND_SOURCE,Kashgar Old City,39.4741204,75.9923216,0.57
Kashgar,Sunday Livestock Market,"39.4677199,75.99381",NO_NAMED_PLACES_HIT,,,,
Kashgar,Gaotai Ancient Homes,"39.47084,76.001268",NO_NAMED_PLACES_HIT,,,,
Kashgar,Handicraft Street (Ostangboyi),"39.4677199,75.99381",NO_NAMED_PLACES_HIT,,,,
Kashgar,Mor Pagoda (Mo'er Buddhist Stupa),"39.4677199,75.99381",NO_NAMED_PLACES_HIT,,,,
Kayseri,Kayseri Covered Bazaar and Vezirhan,"38.720489,35.48259700000001",PLACES_DIFFERS_NO_SECOND_SOURCE,Kayseri Bazaar,38.7206201,35.4869562,0.48
Kazan,Annunciation Cathedral,"55.7998516,49.1058719",PLACES_AGREES,Cathedral of the Annunciation,55.7998516,49.1058719,
Kelowna,Waterfront Park and Ogopogo Statue,"49.88652459999999,-119.4989853",PLACES_AGREES,Ogopogo Statue,49.886524599999994,-119.4989853,
Kermanshah,Emad od-Dowleh Mosque,"34.3276924,47.0777685",NO_NAMED_PLACES_HIT,,,,
Khartoum,Confluence of the Blue and White Niles,"15.597431,32.535587",NO_NAMED_PLACES_HIT,,,,
Khartoum,Whirling Dervishes of Hamed al-Nil,"15.597431,32.535587",NO_NAMED_PLACES_HIT,,,,
Kigali,Inema Art Center,"-1.9443617,30.0907095",NO_NAMED_PLACES_HIT,,,,
Kigali,Nyamirambo Neighborhood,"-1.991181,30.0463012",PLACES_AGREES,Nyamirambo,-1.991181,30.046301200000002,
Kingston,Tuff Gong Recording Studio,"18.0178743,-76.8099041",PLACES_DIFFERS_NO_SECOND_SOURCE,Tuff Gong,17.9957235,-76.8259918,2.95
Kingstown,Kingstown Botanic Gardens,,NO_NAMED_PLACES_HIT,,,,
Kingstown,Kingstown Harbour,"12.90447,-61.2765569",NO_NAMED_PLACES_HIT,,,,
Kingstown,Kingstown Public Market,,NO_NAMED_PLACES_HIT,,,,
Kinshasa,Limete Interchange Tower,"-4.3546851,15.3475693",NO_NAMED_PLACES_HIT,,,,
Kinshasa,Lumumba Mausoleum,"-4.3597727,15.3279486",NO_NAMED_PLACES_HIT,,,,
Klaipėda,Old Town Fachwerk Warehouses,,NOT_SEARCHED_CITY_FILE_NOT_FOUND,,,,
Klaipėda,Meridianas Sailing Ship,"55.7103893,21.1350717",NO_NAMED_PLACES_HIT,,,,
Klaipėda,Klaipėda Castle Site and Museum 39/45,"55.70575299999999,21.1282741",PLACES_AGREES,Klaipėda Castle,55.705752999999994,21.1282741,
Knysna,Knysna Lagoon,"-34.0406024,23.0548265",NO_NAMED_PLACES_HIT,,,,
Knysna,Diepwalle Forest and Big Tree,"-33.94866,23.15737",PLACES_AGREES,Diepwalle Forest,-33.94866,23.15737,
Knysna,Noetzie Beach,"-34.0799908,23.1286314",PLACES_AGREES,Noetzie beach,-34.0799908,23.1286314,
Knysna,Jubilee Creek and the Goldfields,"-34.03507889999999,23.0464579",NO_NAMED_PLACES_HIT,,,,
Ko Samui,Hin Ta and Hin Yai Rocks,"9.4521891,100.0395383",PLACES_AGREES,Hin Ta Hin Yai,9.4521891,100.0395383,
Ko Samui,Na Muang Waterfalls,"9.4668075,99.98377219999999",NO_NAMED_PLACES_HIT,,,,
Kobe,Kitano Ijinkan District,"34.7013924,135.1904004",NO_NAMED_PLACES_HIT,,,,
Koblenz,Koblenz Cable Car (Seilbahn),"50.3671783,7.615192100000001",PLACES_DIFFERS_NO_SECOND_SOURCE,Cable car Koblenz - Skyglide Event GmbH Germany,50.3602242,7.603140100000001,1.43
Koblenz,Marksburg Castle,"50.271987,7.649388500000001",PLACES_AGREES,Marksburg,50.272011899999995,7.64926,0.01
Konstanz,Imperia Statue,"47.6607658,9.1810989",PLACES_AGREES,Imperia Statue by Sculptor Peter Lenk,47.660758,9.1811223,
Konstanz,Niederburg Quarter,"47.665177,9.175875",PLACES_AGREES,Niederburg,47.665177,9.175875,
Konstanz,Stadtgarten and Lake Promenade,"47.6779808,9.1736741",FIXED,Stadtgarten,47.6622783,9.178910799999999,1.31
Konya,Whirling Dervish Sema Ceremony,,NO_NAMED_PLACES_HIT,,,,
Konya,Karatay Medrese,"37.8749886,32.4928654",NO_NAMED_PLACES_HIT,,,,
Konya,Şems-i Tebrizi Mosque and Tomb,"37.9020398,32.4498785",NO_NAMED_PLACES_HIT,,,,
Konya,Sille Village,"37.927207,32.419745",NO_NAMED_PLACES_HIT,,,,
Kotor,Kotor City Walls and St. John's Fortress,"42.42361111,18.77194444",PLACES_AGREES,Kotor Town Walls,42.425989799999996,18.7705966,0.25
Kotor,Cats Museum of Kotor,"42.4250993,18.7702537",PLACES_AGREES,Kotor Cats Museum,42.4250434,18.770304499999998,0.01
Krabi,"Four Islands Tour (Ko Poda, Chicken Island, Ko Tup, Ko Mor)","8.0854803,98.9062856",NO_NAMED_PLACES_HIT,,,,
Krabi,Khao Khanab Nam,"8.0774014,98.92063669999999",PLACES_AGREES,Khao Khanab Nam,8.0774014,98.92063669999999,
Krabi,Krabi Town Riverfront and Night Market,"8.0331554,98.8281735",PLACES_DIFFERS_NO_SECOND_SOURCE,Krabi Town Night Market,8.064136,98.9162686,10.37
Kralendijk,Klein Bonaire and No Name Beach,"12.1567923,-68.3041169",PLACES_DIFFERS_NO_SECOND_SOURCE,Klein Bonaire,12.1679646,-68.30362699999999,1.22
Kralendijk,Salt Pans and Slave Huts,"12.0578405,-68.2806919",PLACES_AGREES,Old Slave Huts,12.0578405,-68.2806919,
Kralendijk,Pekelmeer Flamingo Sanctuary,"12.1498095,-68.2763129",NO_NAMED_PLACES_HIT,,,,
Kuala Lumpur,Masjid Jamek,"3.1489235,101.6956276",NO_NAMED_PLACES_HIT,,,,
Kuching,Fort Margherita and the Brooke Gallery,"1.5606039,110.3494709",PLACES_AGREES,The Brooke Gallery at Fort Margherita,1.5606038999999998,110.3494709,
Kuching,Main Bazaar and Carpenter Street,"1.5582653,110.3459455",PLACES_AGREES,Carpenter Street,1.5580672,110.3468218,0.1
Kuching,Cat Statues of Kuching,"1.5577146,110.3526949",NO_NAMED_PLACES_HIT,,,,
Kumamoto,Honmyoji Temple,"32.8170368,130.6888163",PLACES_AGREES,Honmyoji,32.8170007,130.68878720000004,
Kumamoto,Shimotori and Kamitori Arcades,"32.7981873,130.7088858",PLACES_AGREES,Shimotori,32.798187299999995,130.7088858,
Kunming,Bamboo Temple (Qiongzhu Temple),"25.0624,102.6213",NO_NAMED_PLACES_HIT,,,,
Kunming,Golden Horse and Jade Rooster Memorial Archway,"24.8796599,102.83322",NO_NAMED_PLACES_HIT,,,,
Kurashiki,Kurashiki Canal Boat Ride,"34.5849782,133.7719812",NO_NAMED_PLACES_HIT,,,,
Kurashiki,Japan Rural Toy Museum,"34.5950576,133.7714446",NO_NAMED_PLACES_HIT,,,,
Kuşadası,Kaleiçi Old Town,"37.8596122,27.2578529",PLACES_AGREES,Old Town Bazaar Kaleiçi,37.8596122,27.257852900000003,
Kuşadası,Kuşadası Grand Bazaar,"37.8602862,27.255595",PLACES_AGREES,Grand Bazaar,37.8605648,27.2559682,0.05
Kuşadası,Kordon Promenade,,NOT_SEARCHED_CITY_FILE_NOT_FOUND,,,,
Kusatsu,Kosenji Temple,"36.6218197,138.5953027",PLACES_AGREES,Kōsenji Temple,36.621819699999996,138.5953027,
Kusatsu,Gozanoyu Bathhouse,"36.6223167,138.5960028",PLACES_AGREES,Gozanoyu,36.6223167,138.5960028,
Kusatsu,Shirane Shrine,"36.6247472,138.5962764",PLACES_AGREES,Shirane Shrine,36.6247472,138.5962764,
Kusatsu,Nishinokawara Park,"36.6234757,138.595494",NO_NAMED_PLACES_HIT,,,,
Kuwait City,Souq Al-Mubarakiya,"29.3751638,47.9741436",PLACES_AGREES,Mubarakiya Old Market,29.3749167,47.973220999999995,0.11
La Ceiba,Catedral San Isidro and Parque Central,"15.7831796,-86.7906521",NO_NAMED_PLACES_HIT,,,,
La Ceiba,La Ceiba Malecón (seafront boardwalk),"15.7890451,-86.7942981",PLACES_AGREES,Malecón Ceiba,15.788960000000001,-86.7946285,0.04
La Ceiba,Museum of Butterflies and Other Insects,"15.7698337,-86.7928282",NO_NAMED_PLACES_HIT,,,,
La Ceiba,Reynaldo Canales Tourist Pier,"15.7894931,-86.7954781",NO_NAMED_PLACES_HIT,,,,
La Romana,Parque Central and Iglesia Santa Rosa de Lima,"18.4240167,-68.9663313",NO_NAMED_PLACES_HIT,,,,
La Romana,Teeth of the Dog Golf Course,"18.4058755,-68.9244404",PLACES_DIFFERS_NO_SECOND_SOURCE,"Teeth of the Dog Golf Course, Casa de Campo Resort & Villas",18.4121426,-68.9341029,1.26
La Serena,La Recova Market,"-29.9016128,-71.2463272",PLACES_AGREES,La Recova,-29.9016128,-71.2463272,
La Serena,Barrio Inglés,"-29.9174955,-71.255121",NO_NAMED_PLACES_HIT,,,,
Laayoune,Moulay Abdel Aziz Grand Mosque,"27.1572164,-13.2047778",NO_NAMED_PLACES_HIT,,,,
Laayoune,Colline aux Oiseaux,"27.1500384,-13.1990758",PLACES_DIFFERS_NO_SECOND_SOURCE,Colline aux Oiseaux Park,49.197753,-0.3923751,2396.32
Laayoune,Old Spanish Quarter (Colonial Lower Town),"27.1500384,-13.1990758",NO_NAMED_PLACES_HIT,,,,
Laayoune,Souk Djemal (camel market district),"27.1500384,-13.1990758",NO_NAMED_PLACES_HIT,,,,
Laayoune,Souk ez-Zaj,,NO_NAMED_PLACES_HIT,,,,
Labuan Bajo,Manta Point,"-8.49246,119.8773097",PLACES_DIFFERS_NO_SECOND_SOURCE,Manta Point,-8.547071100000002,119.6366923,27.42
Labuan Bajo,Kampung Ujung Night Fish Market,"-8.488692799999999,119.8759229",NO_NAMED_PLACES_HIT,,,,
Lalibela,Bete Golgota-Mikael,"12.033694,39.0431358",NO_NAMED_PLACES_HIT,,,,
Lamu,Shela Beach,"-2.2970223,40.9154553",PLACES_AGREES,Shela Beach,-2.2970223,40.9154553,
Lamu,Shela Village,"-2.2931011,40.9138671",PLACES_AGREES,Shela,-2.2931011,40.9138671,
Lamu,Lamu Donkey Sanctuary,"-2.304635,40.9208929",PLACES_DIFFERS_NO_SECOND_SOURCE,Donkey Sanctuary,-2.2665618999999997,40.901997699999995,4.72
Lamu,Harambee Avenue,"-2.264993,40.9004235",NO_NAMED_PLACES_HIT,,,,
Las Palmas de Gran Canaria,Vegueta Old Town,"28.0974503,-15.4158001",PLACES_AGREES,Vegueta Old Town Las Palmas,28.097534099999997,-15.415800099999998,0.01
Las Vegas,Eiffel Tower at Paris Las Vegas,"36.1124833,-115.1725102",PLACES_AGREES,Paris Las Vegas,36.112462,-115.17070749999999,0.2
Las Vegas,The Venetian's Grand Canal,"36.1223898,-115.1674242",NO_NAMED_PLACES_HIT,,,,
Lausanne,Ouchy Waterfront,"46.510155,6.626487",NO_NAMED_PLACES_HIT,,,,
Le Gosier,Friday Night Market of Gosier,"16.2182006,-61.4552213",NO_NAMED_PLACES_HIT,,,,
Le Gosier,Étang du Mitan,,NULL_PIN_NO_SECOND_SOURCE,Étang Mitan,16.3178447,-61.789302400000004,
Leipzig,Mädler Passage and Auerbachs Keller,"51.3396848,12.3754921",PLACES_AGREES,Mädler-Passage,51.3393977,12.3755844,0.02
Leshan,Lingyun Temple,"29.542022,103.776471",PLACES_DIFFERS_NO_SECOND_SOURCE,Lingyun Temple,29.544500000000003,103.77203999999999,0.55
Leshan,Jiuqu Plank Road,"29.5522099,103.76539",NO_NAMED_PLACES_HIT,,,,
Leshan,Giant Buddha River Cruise (Sleeping Buddha view),"29.5441309,103.7715369",NO_NAMED_PLACES_HIT,,,,
Leshan,Mahao Cliff Tombs Museum,"29.552115,103.765678",NO_NAMED_PLACES_HIT,,,,
Leshan,Oriental Buddha Park,"29.5418216,103.7742282",PLACES_NEAR_NO_CHANGE,Oriental Buddha Capital Resort,29.539639999999995,103.77646999999999,0.33
Leshan,Leshan Confucian Temple,"29.5396713,103.7701307",NO_NAMED_PLACES_HIT,,,,
Leshan,Laoxiaoding,"29.5851296,103.747791",NO_NAMED_PLACES_HIT,,,,
Leticia,Amazon River excursions,"-4.203164999999999,-69.935907",NO_NAMED_PLACES_HIT,,,,
Leticia,Mundo Amazónico Ethnobotanical Park,"-4.203164999999999,-69.935907",NO_NAMED_PLACES_HIT,,,,
Leticia,Flor Lagoon,"-4.2148689,-69.9381962",NO_NAMED_PLACES_HIT,,,,
Leticia,Acuarios Etuena,,NO_NAMED_PLACES_HIT,,,,
Leticia,Yahuarcaca Lakes,,NO_NAMED_PLACES_HIT,,,,
Lhasa,Barkhor Street,"29.648649,91.133454",NO_NAMED_PLACES_HIT,,,,
Lhasa,Chakpori Hill,"29.6526199,91.13775",NO_NAMED_PLACES_HIT,,,,
Libreville,National Museum of Arts and Traditions,"0.4077972,9.440283299999999",PLACES_DIFFERS_NO_SECOND_SOURCE,"National Museum of Arts, Rites and Traditions of Gabon",0.3842161,9.4464916,2.71
Lijiang,Wangu Tower on Lion Hill,"26.8702,100.23233",NO_NAMED_PLACES_HIT,,,,
Lijiang,Baisha Village and Murals,"26.95013,100.21582",NO_NAMED_PLACES_HIT,,,,
Lijiang,Big Water Wheel,"26.8794749,100.2321835",NO_NAMED_PLACES_HIT,,,,
Lilongwe,Kamuzu Mausoleum,"-13.9460625,33.7847656",FIXED,Kamuzu Mausoleum,-13.954669899999999,33.789229399999996,1.05
Lilongwe,Nyika National Park,"-13.9865252,33.76806",PLACES_DIFFERS_NO_SECOND_SOURCE,Nyika National Park,-10.799999999999999,33.8,346.09
Lilongwe,Old Town Market,"-13.9819791,33.7663509",NO_NAMED_PLACES_HIT,,,,
Liverpool,Pier Head and the Three Graces,"53.4052285,-2.9953805",PLACES_AGREES,The Three Graces,53.4052285,-2.9953805,
Livingstone,Devil's Pool and Livingstone Island,"-17.8481789,25.8557277",FIXED,Devil's Pool,-17.923357799999998,25.854949100000002,7.96
Livingstone,Zambezi River Sunset Cruise,"-17.8481789,25.8557277",PLACES_DIFFERS_NO_SECOND_SOURCE,Zambezi River Cruise,-17.900239799999998,25.8223389,6.64
Ljubljana,Ljubljanica River Embankments,"46.0461608,14.5050387",PLACES_DIFFERS_NO_SECOND_SOURCE,Ljubljanica,46.0058656,14.4778724,4.34
Lomé,Lomé Beach,"6.166353,1.3456033",PLACES_AGREES,Royal Beach Lomé,6.166353,1.3456032999999998,
Lomé,Lomé Grand Marché Textile District,"6.1397976,1.2491783",PLACES_DIFFERS_NO_SECOND_SOURCE,Lomé Grand Market,6.1271125,1.2265156,2.88
Lomé,Wharf Français (Old Colonial Pier),"6.129557699999999,1.2196502",NO_NAMED_PLACES_HIT,,,,
Lomé,Lomé Central Station (Gare de Lomé),"6.129557699999999,1.2196502",NO_NAMED_PLACES_HIT,,,,
Longyearbyen,Longyearbyen's Colorful Houses and Polar Bear Sign,"78.2177382,15.7109578",PLACES_AGREES,Polar Bear Sign,78.2177382,15.710957800000001,
Luanda,Luanda Bay & Marginal Promenade,"-8.7905549,13.2403779",NO_NAMED_PLACES_HIT,,,,
Luanda,Kalandula Falls,"-8.8146556,13.2301756",PLACES_DIFFERS_NO_SECOND_SOURCE,Condo Falls From Kalandula,-8.9069042,13.196033799999999,10.82
Luang Prabang,Mount Phousi,"19.890322,102.1370062",NO_NAMED_PLACES_HIT,,,,
Luang Prabang,Morning Alms Giving (Tak Bat),"19.883285,102.1387166",NO_NAMED_PLACES_HIT,,,,
Luang Prabang,Luang Prabang Night Market,"19.8892734,102.1340698",PLACES_AGREES,Luang Prabang Night Market,19.8892734,102.1340698,
Luang Prabang,Ban Chan Pottery Village,"19.877207,102.1092865",NO_NAMED_PLACES_HIT,,,,
Lübeck,Lübeck Old Town (Altstadt Island),"53.8678197,10.6926075",PLACES_AGREES,Apartment Lübeck - Apartment in Luebeck Old Town,53.8678197,10.6926075,
Lübeck,Niederegger Marzipan Café and Museum,"53.8654673,10.6865593",NO_NAMED_PLACES_HIT,,,,
Lugano,Cathedral of San Lorenzo,"46.004648,8.9488393",NO_NAMED_PLACES_HIT,,,,
Luoyang,Lijing Gate and Luoyang Old Town,"34.741827,112.638854",NO_NAMED_PLACES_HIT,,,,
Luoyang,Sui and Tang Luoyang City National Heritage Park,"34.680064,112.460103",PLACES_AGREES,Sui and Tang Luoyang City National Heritage Park Ticket Selling,34.680064,112.46010299999999,
Luoyang,Guanlin Temple,"34.607705,112.48364",PLACES_AGREES,Guanlin Temple,34.607704999999996,112.48364,
Luoyang,Wangcheng Park Peony Gardens,"34.664139,112.420892",NO_NAMED_PLACES_HIT,,,,
Luoyang,Guanyintang and Xiaolangdi Dam Scenic Area,"34.6181299,112.45402",NO_NAMED_PLACES_HIT,,,,
Lusaka,Zambia National Assembly Building,"-15.4154677,28.2773267",PLACES_DIFFERS_NO_SECOND_SOURCE,National Assembly of Zambia.,-15.3922718,28.309037099999998,4.31
Lusaka,Manda Hill Shopping Centre,"-15.3949521,28.3081051",NO_NAMED_PLACES_HIT,,,,
Lviv,Dominican Church (Church of the Holy Eucharist),"49.8427498,24.0338232",NO_NAMED_PLACES_HIT,,,,
Maceió,Mirante da Sereia,"-9.5619444,-35.6438889",NO_NAMED_PLACES_HIT,,,,
Maceió,Palácio Floriano Peixoto and Praça dos Martírios,"-9.6602617,-35.7397513",PLACES_AGREES,Praça dos Martírios,-9.6601482,-35.738991,0.09
Majuro,WWII Japanese Bunkers and Relics,"7.066667,171.266667",NO_NAMED_PLACES_HIT,,,,
Majuro,Uliga District Waterfront,"7.0927792,171.3804967",PLACES_AGREES,Uliga,7.0927792,171.38049669999998,
Majuro,Rita Point,"7.1217448,171.3647645",NO_NAMED_PLACES_HIT,,,,
Majuro,Assumption of Mary Catholic Church,"7.066667,171.266667",NO_NAMED_PLACES_HIT,,,,
Malabo,Santa Isabel Cathedral,"3.7570285,8.7827462",NO_NAMED_PLACES_HIT,,,,
Malabo,Malabo Central Market,"3.7549606,8.7821344",PLACES_DIFFERS_NO_SECOND_SOURCE,Mercado Central de Malabo,3.7489228999999997,8.7799212,0.71
Malabo,Parque de la Amistad (Friendship Park),"3.7549606,8.7821344",NO_NAMED_PLACES_HIT,,,,
Malabo,Malabo's Spanish Colonial Old Town,"3.7549606,8.7821344",NO_NAMED_PLACES_HIT,,,,
Malabo,Arena Malabo,"3.735657,8.7698713",NO_NAMED_PLACES_HIT,,,,
Malabo,Malabo Port and Waterfront,"3.7576371,8.780825799999999",PLACES_AGREES,Port of Malabo,3.7576370999999997,8.780825799999999,
Malabo,Luba (Concepción) Coastal Town,"3.7545333,8.7830324",NO_NAMED_PLACES_HIT,,,,
Malacca,Dutch Square (Red Square) and the Stadthuys,"2.1941655,102.2495614",PLACES_AGREES,Stadthuys,2.1940808,102.2491414,0.05
Malang,Malang City Hall and Tugu Monument,"-7.978075,112.633868",PLACES_AGREES,Malang City Hall,-7.978075,112.63386799999999,
Malang,Kayutangan Heritage Street,"-7.976431099999999,112.6293999",PLACES_AGREES,Kayutangan Heritage,-7.976431099999999,112.6293999,
Malé,Male City Harbour Waterfront,"4.175270900000001,73.50911719999999",NO_NAMED_PLACES_HIT,,,,
Malé,Muleeaage Palace,"4.1775711,73.5123693",NO_NAMED_PLACES_HIT,,,,
Malindi,Marafa Depression (Hell's Kitchen),"-3.2250031,40.1141498",NO_NAMED_PLACES_HIT,,,,
Malindi,Falconry of Kenya,"-3.207429,40.1148421",PLACES_AGREES,Falconry Of Kenya Ltd,-3.207429,40.1148421,
Mamoudzou,Mayotte Lagoon,"-12.78064,45.23269639999999",NO_NAMED_PLACES_HIT,,,,
Mamoudzou,Dziani Dzaha Crater Lake,"-12.7706647,45.2885018",PLACES_AGREES,Dziani Dzaha,-12.7701619,45.2882415,0.06
Mamoudzou,Moya Beach,"-12.7838251,45.2994619",PLACES_DIFFERS_NO_SECOND_SOURCE,Plage de Moya,-12.7808472,45.2956761,0.53
Mamoudzou,Saziley Point and Marine Turtle Beaches,"-12.78064,45.23269639999999",NO_NAMED_PLACES_HIT,,,,
Manado,GMIM Sentrum Church,"1.4706275,124.8468804",PLACES_AGREES,GMIM Sion Teling Sentrum,1.4707024,124.84677070000001,0.01
Managua,Árboles de la Vida (Trees of Life),"12.1149926,-86.2361744",NO_NAMED_PLACES_HIT,,,,
Managua,Metropolitan Cathedral of Managua,"12.1329952,-86.2661002",NO_NAMED_PLACES_HIT,,,,
Manama,Manama Skyline,"26.2235305,50.5875935",NO_NAMED_PLACES_HIT,,,,
Manaus,Amazonas Sambódromo (Sambadrome),"-3.0845865,-60.02988329999999",NO_NAMED_PLACES_HIT,,,,
Manaus,Anavilhanas Archipelago,"-3.1190275,-60.0217314",NO_NAMED_PLACES_HIT,,,,
Mandalay,Inwa (Ava) Ancient City,"21.8573533,95.98193580000002",NO_NAMED_PLACES_HIT,,,,
Manzanillo,Las Hadas Resort and Marina,"19.1007223,-104.3479157",PLACES_AGREES,Las Hadas Marina,19.0992717,-104.34667200000001,0.21
Manzhouli,Hulun Lake,"49.5965499,117.37836",NO_NAMED_PLACES_HIT,,,,
Manzhouli,Mammoth Park (Zhalainuoer),"49.5965499,117.37836",NO_NAMED_PLACES_HIT,,,,
Manzhouli,Zhalainuoer Museum,"49.51053959999999,117.66992",NO_NAMED_PLACES_HIT,,,,
Manzhouli,Sino-Russian Border Trade Zone (Hushi),"49.5965499,117.37836",NO_NAMED_PLACES_HIT,,,,
Manzhouli,Zhongsu Street Russian architecture,"49.5965499,117.37836",NO_NAMED_PLACES_HIT,,,,
Manzhouli,Beihu Park,"49.59932,117.45939",PLACES_AGREES,Beihu Street,49.59932,117.45939,
Manzhouli,41st Boundary Marker (Sino-Russian border stone),"49.5965499,117.37836",NO_NAMED_PLACES_HIT,,,,
Mar del Plata,Sea lion colony at Banquina de Pescadores,,NO_NAMED_PLACES_HIT,,,,
Mar del Plata,Museo MAR,"-37.97338329999999,-57.5436797",NO_NAMED_PLACES_HIT,,,,
Marbella,Murallas del Castillo (Arab Castle Walls),"36.5102831,-4.8852579",NO_NAMED_PLACES_HIT,,,,
Mardin,Mardin Old Town,"37.3133399,40.7398613",PLACES_AGREES,Mardin Old Town,37.313339899999995,40.7398613,
Mardin,Dara Ancient City,"37.1815838,40.953246",PLACES_AGREES,Dara Ancient City Cistern,37.1815838,40.953246,
Mariehamn,Museum Ship Pommern,"60.09724120000001,19.9253171",PLACES_AGREES,Museum ship Pommern,60.097241200000006,19.9253171,
Mariehamn,St. Göran's Church,"60.3748304,19.8484833",NO_NAMED_PLACES_HIT,,,,
Mariehamn,Badhusparken and Badhusberget,"60.1011713,19.9246996",PLACES_AGREES,Badhusparken,60.0990351,19.925774999999998,0.17
Marigot,Catholic Church of Marigot,"18.1010791,-63.0569936",PLACES_DIFFERS_NO_SECOND_SOURCE,Roman Catholic Church Marigot,18.069243999999998,-63.08414689999999,4.52
Marmaris,Marmaris Castle and Archaeology Museum,"36.8505514,28.2742787",NO_NAMED_PLACES_HIT,,,,
Marmaris,Kaleiçi (Old Town),"36.8509884,28.2743478",PLACES_AGREES,Kaleiçi sokakları,36.8509884,28.2743478,
Marmaris,Uzunyalı Promenade (Long Beach),"36.8516581,28.2662401",NO_NAMED_PLACES_HIT,,,,
Marmaris,Marmaris Grand Bazaar,"36.854936,28.270878",NO_NAMED_PLACES_HIT,,,,
Marne-la-Vallée,Walt Disney Studios Park,"48.8680792,2.7803918",NO_NAMED_PLACES_HIT,,,,
Marsa Alam,Abu Dabbab Bay,"25.0676256,34.8789697",PLACES_DIFFERS_NO_SECOND_SOURCE,Abu Dabbab beach,25.336854499999998,34.7384524,31.27
Marsa Alam,Sataya Reef,"25.0676256,34.8789697",PLACES_DIFFERS_NO_SECOND_SOURCE,Sataya Dolphin House Reef South,24.156312999999997,35.711062999999996,130.57
Marsa Alam,Qulaan Mangrove Lagoons,"25.0676256,34.8789697",PLACES_DIFFERS_NO_SECOND_SOURCE,Qulaan Mangrove Beach,24.3586742,35.3054304,85.89
Marsa Alam,Sikait Roman Emerald Mines,"25.0676256,34.8789697",NO_NAMED_PLACES_HIT,,,,
Mashhad,Kang Village,"36.2972006,59.60669",PLACES_DIFFERS_NO_SECOND_SOURCE,Kang,36.3199046,59.2262145,42.36
Mataram,Banyumulek Pottery Village,"-8.597080799999999,116.1004894",NO_NAMED_PLACES_HIT,,,,
Matera,Palombaro Lungo,"40.66690260000001,16.6065001",PLACES_AGREES,Palombaro lungo,40.66690260000001,16.606500099999998,
Matera,Madonna de Idris,"40.6639603,16.6118595",PLACES_AGREES,Via Madonna dell'Idris,40.6639603,16.6118595,
Matsumoto,Nakamachi Street,"36.2338018,137.9714711",NO_NAMED_PLACES_HIT,,,,
Matsuyama,Ninomaru Historical Garden,"33.842943,132.764381",PLACES_AGREES,Matsuyama Castle Ninomaru Historical Site Garden,33.842943,132.764381,
Matsuyama,Dogo Shopping Arcade (Haikara-dori),"33.8520951,132.785232",NO_NAMED_PLACES_HIT,,,,
Maun,Mokoro excursions on the Boro River,"-19.9952622,23.4180769",NO_NAMED_PLACES_HIT,,,,
Maun,Motsana Cultural Centre,,NO_NAMED_PLACES_HIT,,,,
Maun,Boro-bonche Ostrich Farm,,NO_NAMED_PLACES_HIT,,,,
Mazatlán,Mercado Pino Suárez,"23.2022396,-106.421078",NO_NAMED_PLACES_HIT,,,,
Mbabane,Mantenga Cultural Village,"-26.4461535,31.1623541",PLACES_AGREES,Mantenga Nature Reserve and Cultural Village,-26.4461535,31.1623541,
Mecca,Mecca City Skyline at Night,"21.4240968,39.81733639999999",NO_NAMED_PLACES_HIT,,,,
Medan,Titi Gantung (Medan Hanging Bridge),"3.589893099999999,98.68069100000001",PLACES_AGREES,Titi Gantung Satria buku,3.5898930999999994,98.68069100000001,
Medellín,Comuna 13 Graffiti Tour,"6.255650900000001,-75.61862649999999",PLACES_DIFFERS_NO_SECOND_SOURCE,Comuna 13 - Graffiti tour Viajeros MAC,6.2508764,-75.6205499,0.57
Medina,King Fahd Complex for Printing the Holy Quran,"24.5147018,39.5411172",NO_NAMED_PLACES_HIT,,,,
Medina,Dar Al Madinah Museum,"24.477161,39.6878556",PLACES_AGREES,Dar Al Madinah Museum,24.477161,39.6878556,
Mek'ele,Martyrs' Memorial Monument,"13.4963255,39.4742677",PLACES_DIFFERS_NO_SECOND_SOURCE,ሓወልቲ ሰማእታት መቐለ | Martyrs' Memorial Monument MeKele,13.4904554,39.4593215,1.78
Mek'ele,Mekelle Salt Market,"13.4810692,39.4718526",NO_NAMED_PLACES_HIT,,,,
Mek'ele,Kedamay Weyane Market,"13.4963255,39.4742677",NO_NAMED_PLACES_HIT,,,,
Memphis,The Peabody Hotel Duck March,"35.1426419,-90.05198349999999",NO_NAMED_PLACES_HIT,,,,
Mendoza,Luján de Cuyo and Maipú Wineries,"-32.9934519,-68.8869352",NO_NAMED_PLACES_HIT,,,,
Mendoza,Portones del Parque,"-32.886616,-68.8612388",PLACES_AGREES,Portones del Parque General San Martín,-32.8865912,-68.86131329999999,0.01
Miami,Ocean Drive & Art Deco Historic District,"25.7705733,-80.1328304",NO_NAMED_PLACES_HIT,,,,
Milan,Navigli district,"45.4627939,9.1890431",NO_NAMED_PLACES_HIT,,,,
Mingora,Jehanabad Buddha,"34.8113809,72.4674363",NO_NAMED_PLACES_HIT,,,,
Mingora,Udegram Ruins and Raja Gira's Castle,"34.7717466,72.3601512",NO_NAMED_PLACES_HIT,,,,
Mingora,Mingora Bazaar,"34.7696725,72.3417046",NO_NAMED_PLACES_HIT,,,,
Mingora,Shingardar Stupa,"34.6930033,72.24960209999999",PLACES_AGREES,"Shingardar Stupa, Swat",34.6930033,72.24960209999999,
Mogadishu,Al-Uruba Hotel,"2.0340707,45.3432446",NO_NAMED_PLACES_HIT,,,,
Mogadishu,Mogadishu Skyline,"2.027413,45.3018503",NO_NAMED_PLACES_HIT,,,,
Monastir,Marina Cap Monastir,"35.77981219999999,10.8334784",PLACES_AGREES,Cap Monastir Marina,35.779812199999995,10.833478399999999,
Monastir,Sidi El Mézeri Cemetery,,NO_NAMED_PLACES_HIT,,,,
Monastir,Monastir Corniche and Plage de la Falaise,"35.7809646,10.816578",PLACES_AGREES,Plage la Falaise,35.7809646,10.816578000000002,
Monastir,Museum of Islamic Art,,NULL_PIN_NO_SECOND_SOURCE,National Museum of Islamic Art of Raqqada,35.5925359,10.0528505,
Monrovia,Waterside Market,"6.3216138,-10.8068386",PLACES_AGREES,Waterside Market,6.3211064,-10.806440000000002,0.07
Monrovia,Monrovia's CeCe Beach,"6.4023169,-10.8117378",PLACES_AGREES,Cece Beach,6.4023169,-10.8117378,
Mont-Saint-Michel,The Ramparts Walk,,NO_NAMED_PLACES_HIT,,,,
Montego Bay,Cinnamon Hill Great House,"18.5110212,-77.8129948",PLACES_AGREES,Cinnamon Hill Great House (Home Of Johnny Cash),18.5110212,-77.8129948,
Montego Bay,Montego Bay Marine Park,"18.462773,-77.94360759999999",PLACES_AGREES,Montego Bay Marine Park Trust,18.462773,-77.94360759999999,
Montego Bay,Montego Bay Cruise Port,"18.4595181,-77.9401221",PLACES_AGREES,Montego Bay Cruise Port shopping,18.4595181,-77.9401221,
Montreal,Biodome and Botanical Garden,"45.5596036,-73.5505972",NO_NAMED_PLACES_HIT,,,,
Morelia,Mercado de Dulces y Artesanías,"19.7034515,-101.1958297",PLACES_AGREES,Mercado de Dulces y Artesanías,19.703451500000003,-101.19582969999999,
Morondava,Baobab Amoureux,"-20.2114654,44.4001644",PLACES_AGREES,Baobab Amoureux,-20.211465399999998,44.4001644,
Morondava,Betania Fishing Village,"-20.3108134,44.2641229",NO_NAMED_PLACES_HIT,,,,
Morondava,Tsingy de Bemaraha National Park,"-20.2922299,44.2758771",PLACES_DIFFERS_NO_SECOND_SOURCE,Tsingy De Bemaraha National Park,-18.919965599999998,44.7943804,154.87
Morondava,Sacred Baobab of Mahabo,"-20.2985148,44.2844892",NO_NAMED_PLACES_HIT,,,,
Morondava,Marofandilia Craft Village,"-20.14052,44.552559",NO_NAMED_PLACES_HIT,,,,
Morondava,Morondava Mangroves and River Delta,"-20.2985148,44.2844892",PLACES_AGREES,Morondava,-20.2985148,44.284489199999996,
Moroni,Volcan Karthala,"-11.7451182,43.3584284",PLACES_DIFFERS_NO_SECOND_SOURCE,Karthala,-11.7602778,43.3530556,1.76
Moroni,Grand Marché de Moroni (Voidjou Market),"-11.7082641,43.2475791",NO_NAMED_PLACES_HIT,,,,
Moroni,Itsandra Beach and Palace Ruins,"-11.6754771,43.2690736",NO_NAMED_PLACES_HIT,,,,
Moshi,Marangu Village and Chagga Caves,"-3.2891229,37.5169721",NO_NAMED_PLACES_HIT,,,,
Moshi,Moshi Central Market,"-3.3479982,37.3438583",NO_NAMED_PLACES_HIT,,,,
Moshi,Moshi Clock Tower and Old Town,"-3.3485916,37.3435509",PLACES_AGREES,Clock Tower,-3.3486206999999997,37.343550799999996,
Muscat,Mutrah Corniche,"23.6203865,58.56627119999999",PLACES_AGREES,Mutrah Corniche,23.620795599999997,58.566109600000004,0.05
Muscat,Riyam Park Incense Burner Monument,"23.621833,58.5776934",NO_NAMED_PLACES_HIT,,,,
Mykonos,Windmills of Kato Mili,"37.4445825,25.3259318",NO_NAMED_PLACES_HIT,,,,
Mykonos,Chora (Mykonos Town) and Matogianni Street,"37.4456334,25.3289472",PLACES_AGREES,Matogianni,37.4456334,25.3289472,
Mykonos,"Panagia Tourliani Monastery, Ano Mera","37.4475041,25.3918719",PLACES_AGREES,Monastery of Tourliani,37.4475041,25.391871899999998,
Mysore,"Monolithic Nandi Statue, Chamundi Hill","12.279523,76.66798050000001",PLACES_AGREES,Nandi Statue,12.279523,76.66798050000001,
Mytilene,"Teriade Museum, Varia","39.0752123,26.5753762",NO_NAMED_PLACES_HIT,,,,
Mytilene,Theophilos Museum,"39.0748634,26.5746034",PLACES_AGREES,Museum of Theophilos,39.074736099999996,26.5744482,0.02
Mytilene,Yeni Tzami,"39.1039362,26.5545168",NO_NAMED_PLACES_HIT,,,,
Mytilene,Statue of Liberty of Mytilene,"39.1058792,26.5631245",PLACES_AGREES,Statue of Liberty,39.1058792,26.563124499999997,
N'Djamena,N'Djamena Central Market,"12.1191352,15.0502875",NO_NAMED_PLACES_HIT,,,,
N'Djamena,Cathédrale Notre-Dame de N'Djaména,"12.1114781,15.0373038",PLACES_AGREES,Parking Cathédrale Notre-Dame de N'Djaména,12.111039799999999,15.0366475,0.09
Nablus,Jacob's Well,"32.2226678,35.2621461",FIXED,Jacob's Well Greek Orthodox Church,32.2095124,35.285281399999995,2.85
Nablus,Great Mosque of Nablus,"32.2182834,35.2638797",PLACES_AGREES,The Great Mosque of Nablus,32.2182834,35.2638797,
Nablus,Traditional Soap Factories,"32.2226678,35.2621461",NO_NAMED_PLACES_HIT,,,,
Nablus,Hammam al-Shifa,"32.2193859,35.260087",NO_NAMED_PLACES_HIT,,,,
Nablus,Knafeh Quarter and Al-Qasaba Street,"32.2226678,35.2621461",NO_NAMED_PLACES_HIT,,,,
Nadi,Nadi Town and Nadi River,"-17.7998541,177.4298143",PLACES_DIFFERS_NO_SECOND_SOURCE,Nadi,-17.780625699999998,177.42989609999998,2.04
Nagano,Togakushi Ninja Museum and Ninpo Center,"36.7565838,138.080562",NO_NAMED_PLACES_HIT,,,,
Nagasaki,Mount Inasa Ropeway and Observatory,"32.7584755,129.8456878",NO_NAMED_PLACES_HIT,,,,
Nagoya,Ōsu Kannon and Ōsu Shopping District,"35.1596892,136.8994186",PLACES_AGREES,Osu Kannon,35.159689199999995,136.8994186,
Nagoya,Oasis 21 and Chubu Electric MIRAI Tower,"35.1723452,136.908338",PLACES_AGREES,Oasis 21,35.1711148,136.9094757,0.17
Naha,Kankaimon Gate,"26.217806,127.7177966",PLACES_AGREES,Kankaimon,26.217806,127.7177966,
Naha,Tsuboya Pottery District,"26.212885,127.6918486",NO_NAMED_PLACES_HIT,,,,
Naha,Shikinaen Garden,"26.2048032,127.7149044",NO_NAMED_PLACES_HIT,,,,
Nairobi,Uhuru Gardens National Monument,"-1.324551,36.798441",PLACES_AGREES,Uhuru Gardens National Monument & Museum,-1.324551,36.798441000000004,
Najaf,Imam Ali Shrine (Haram of Imam Ali),"31.99592789999999,44.3145819",PLACES_AGREES,Imam Ali Holy Shrine,31.995927899999995,44.3145819,
Najaf,Old City Souq (Grand Bazaar of Najaf),"32.0316216,44.3218899",NO_NAMED_PLACES_HIT,,,,
Najaf,Shrine of Muslim ibn Aqil,"32.0316216,44.3218899",NO_NAMED_PLACES_HIT,,,,
Najaf,"House of Imam Ali (Dar al-Imam Ali, Kufa)","32.0279766,44.3997411",PLACES_AGREES,House of Imam Ali (as),32.027976599999995,44.3997411,
Najaf,Amir al-Mu'minin Library (Haydariyya Library),"32.0316216,44.3218899",PLACES_DIFFERS_NO_SECOND_SOURCE,Al-Imam Amīr al-Mu'minīn (pbuh) Public Library,31.993661699999997,44.314349799999995,3.68
Nakhon Ratchasima,Thao Suranari Monument (Ya Mo),"14.9747113,102.0980895",PLACES_AGREES,Thao Suranari Monument (Ya Mo),14.9747113,102.0980895,
Nakhon Ratchasima,Maha Wirawong National Museum,"14.9720329,102.0976374",NO_NAMED_PLACES_HIT,,,,
Nakuru,Nakuru Town Curio and Maasai Market,"-0.2846599,36.0698043",PLACES_AGREES,Maasai Market,-0.28465989999999997,36.0698043,
Nanjing,Nanjing City Wall (Zhonghua Gate),"32.025876,118.825279",PLACES_AGREES,City Wall of Nanjing,32.025876,118.825279,
Nanjing,Confucius Temple (Fuzimiao),"32.021719,118.79187",PLACES_AGREES,Nanjing Confucius Temple-The Qinhuai River Scenic Area,32.021719,118.79186999999997,
Nara-shi,Nigatsu-dō Hall,"34.6892961,135.8442574",PLACES_AGREES,Nigatsu-do,34.6892747,135.8442433,
Nashville,Lower Broadway,"36.1564514,-86.7878029",PLACES_AGREES,Broadway,36.1564514,-86.7878029,
Nashville,Cheekwood Estate & Gardens,"36.0884471,-86.8759749",PLACES_AGREES,Cheekwood,36.088447099999996,-86.8759749,
Nassau,Nassau Lighthouse (Hog Island Lighthouse),"25.0443312,-77.3503609",PLACES_DIFFERS_NO_SECOND_SOURCE,Nassau Harbour Lighthouse,25.0869656,-77.3513775,4.3
Natal,Genipabu Dunes and Lagoon,"-5.693964999999999,-35.2052305",NO_NAMED_PLACES_HIT,,,,
Negombo,Muthurajawela Marsh,"7.205520799999999,79.8512562",NO_NAMED_PLACES_HIT,,,,
Negombo,Duwa Fishing Village,"7.2067147,79.8261137",NO_NAMED_PLACES_HIT,,,,
Negombo,Negombo Beach Road Fishing Boats,"7.2237776,79.8395114",NO_NAMED_PLACES_HIT,,,,
Nelson,World of WearableArt and Classic Cars Museum,"-41.2985321,173.2443635",NO_NAMED_PLACES_HIT,,,,
Nelson,Queens Gardens and Albion Square,"-41.2729038,173.2884882",NO_NAMED_PLACES_HIT,,,,
Nelspruit,Mpumalanga Provincial Legislature Building,"-25.4189018,30.9752198",PLACES_DIFFERS_NO_SECOND_SOURCE,Mpumalanga Provincial Legislature,-25.4395465,30.9709262,2.13
Nha Trang,Nha Trang Beach and Tran Phu Promenade,"12.2363052,109.1979116",NO_NAMED_PLACES_HIT,,,,
Nha Trang,National Oceanographic Museum of Vietnam,"12.2073287,109.2146547",NO_NAMED_PLACES_HIT,,,,
Nha Trang,Thap Ba Hot Springs and Mud Baths,"12.2704494,109.1769745",NO_NAMED_PLACES_HIT,,,,
Nha Trang,Dam Market (Cho Dam),"12.2549514,109.1918164",PLACES_AGREES,Dam Market,12.2549514,109.1918164,
Niamey,Niger River waterfront,"13.5115963,2.1253854",NO_NAMED_PLACES_HIT,,,,
Nouakchott,Port de Pêche (Fishermen's Beach),"18.1037524,-16.0276949",PLACES_AGREES,Port de Pêche,18.103752399999998,-16.027694900000004,
Nouakchott,Nouakchott Camel Market,"18.0922232,-15.9762697",PLACES_DIFFERS_NO_SECOND_SOURCE,Camel Market,18.056809899999998,-15.850904799999999,14.43
Nouakchott,Sebkha District,"18.0748218,-15.9983611",PLACES_AGREES,Sebkha,18.0748218,-15.9983611,
Novi Sad,Štrand Beach,"45.2368814,19.8490049",PLACES_AGREES,Štrand Beach,45.2368814,19.8490049,
Nuku'alofa,Free Wesleyan Church Centenary Chapel,"-21.1354296,-175.2028983",NO_NAMED_PLACES_HIT,,,,
Nuku'alofa,Fa'onelua Botanical Gardens,"-21.134964,-175.196895",NO_NAMED_PLACES_HIT,,,,
Nuku'alofa,Houma Blowholes,"-21.1689039,-175.3033574",NO_NAMED_PLACES_HIT,,,,
Nuku'alofa,International Dateline Marker,"-21.1343065,-175.2004858",NO_NAMED_PLACES_HIT,,,,
Nuremberg,Hauptmarkt with Schöner Brunnen and Frauenkirche,"49.454238,11.0770384",PLACES_AGREES,Schöner Brunnen,49.454238,11.0770384,
Nuremberg,St. Lorenz Church,"49.4509924,11.0783289",PLACES_AGREES,St. Lorenz,49.4509924,11.078328899999999,
Nuremberg,Henkersteg and the Pegnitz River Views,"49.4531258,11.0730657",PLACES_AGREES,Henkersteg,49.453125799999995,11.073065699999999,
Nuuk,Katuaq Cultural Centre,"64.17725930000002,-51.7388852",NO_NAMED_PLACES_HIT,,,,
Nuuk,Myggedalen Viewpoint,"64.1824385,-51.7448645",NO_NAMED_PLACES_HIT,,,,
Oaxaca,Mitla Archaeological Site,"17.0542297,-96.7132304",NO_NAMED_PLACES_HIT,,,,
Oaxaca,Mercados Benito Juárez and 20 de Noviembre,"17.0589907,-96.7266697",NO_NAMED_PLACES_HIT,,,,
Odense,Munke Mose and the Odense River Walk,"55.39173479999999,10.3827462",PLACES_AGREES,Munke Mose,55.391734799999995,10.3827462,
Odessa,Odessa Catacombs,"46.4689057,30.7418937",PLACES_DIFFERS_NO_SECOND_SOURCE,Excursions in Odessa catacombs,46.472961,30.736615699999998,0.66
Ohrid,Lake Ohrid Boardwalk and Potpeš Beach,"41.1107892,20.7916052",PLACES_NEAR_NO_CHANGE,Ohrid Boardwalk,41.1112598,20.7940369,0.27
Olomouc,The Baroque Fountains of Olomouc,,NO_NAMED_PLACES_HIT,,,,
Olomouc,Archdiocesan Museum and Přemyslid Palace,"49.5983094,17.2616073",PLACES_AGREES,Archdiocesan Museum,49.5983094,17.261607299999998,
Oran,Sidi El Houari Quarter,"35.7047036,-0.6541328",PLACES_AGREES,Sidi el houari,35.7046096,-0.6542336,0.01
Osogbo,Osun Shrine (Ojubo Osogbo),"7.7826709,4.5418141",NO_NAMED_PLACES_HIT,,,,
Osogbo,Nike Centre for Art and Culture,"7.7826709,4.5418141",PLACES_DIFFERS_NO_SECOND_SOURCE,Nike Centre For Art And Culture,7.493742699999999,4.5276117,31.88
Osogbo,Centre for Black Culture and International Understanding,"7.728202199999999,4.5223539",PLACES_AGREES,"Centre for Black Culture and International Understanding, Osogbo",7.728202199999999,4.5223539,
Osogbo,Mbari Mbayo Gallery,"7.5013943,4.546425",NO_NAMED_PLACES_HIT,,,,
Otaru,Otaru Sushiya-dori (Sushi Street),"43.1951109,141.001253",NO_NAMED_PLACES_HIT,,,,
Otaru,Temiya Line Railway Remains,"43.1990642,140.9987363",NO_NAMED_PLACES_HIT,,,,
Ottawa,National Gallery of Canada & Maman Spider Sculpture,"45.4293519,-75.6972739",PLACES_AGREES,Maman Sculpture,45.4293519,-75.6972739,
Ouagadougou,Siège du FESPACO,"12.3643225,-1.5357805",PLACES_AGREES,Fespaco,12.3646342,-1.5356919999999998,0.04
Ouagadougou,Moro-Naba Palace,"12.362361,-1.5286986",NO_NAMED_PLACES_HIT,,,,
Ouagadougou,Ouagadougou Central Market district,"12.3660514,-1.5215395",NO_NAMED_PLACES_HIT,,,,
Ouarzazate,El Mansour Eddahbi Reservoir,"30.9390766,-6.7788461",NO_NAMED_PLACES_HIT,,,,
Ouarzazate,Place Al Mouahidine,"30.9212984,-6.9137035",PLACES_AGREES,Place Al-Mouahidine,30.9212984,-6.9137035,
Padang,Pantai Air Manis & Malin Kundang Stone,"-0.9908600999999999,100.3647025",NO_NAMED_PLACES_HIT,,,,
Padang,Pantai Padang (Taplau),"-0.983452,100.3595404",PLACES_DIFFERS_NO_SECOND_SOURCE,Padang Padang Beach,-8.8111377,115.1037658,1854.72
Pai,Tha Pai Hot Springs,"19.3080849,98.47317",NO_NAMED_PLACES_HIT,,,,
Pai,Mo Paeng Waterfall,"19.3828343,98.3471781",NO_NAMED_PLACES_HIT,,,,
Pai,Boon Ko Ku So Bamboo Bridge,"19.3603574,98.4442923",NO_NAMED_PLACES_HIT,,,,
Pai,Pai Walking Street,"19.3588925,98.44374719999999",PLACES_AGREES,Pai Walking Street,19.3588925,98.44374719999999,
Palma de Mallorca,Palma Marina & Seafront,"39.564838,2.62749",NO_NAMED_PLACES_HIT,,,,
Palma de Mallorca,Santa Catalina Market & Neighborhood,"39.5711919,2.6382749",PLACES_AGREES,Santa Catalina Market,39.571191899999995,2.6382749,
Pamplona,Murallas de Pamplona & Portal de Francia,"42.82152,-1.6435326",PLACES_AGREES,Murallas de Pamplona,42.82152,-1.6435326,
Panama City,Amador Causeway,"8.9151095,-79.5269168",PLACES_AGREES,Amador Causeway,8.9151095,-79.5269168,
Papeete,Papeete Waterfront (Rade de Papeete),"-17.5324608,-149.5677151",NO_NAMED_PLACES_HIT,,,,
Papeete,Faarumai Waterfalls (Les Trois Cascades),"-17.5386493,-149.400652",NO_NAMED_PLACES_HIT,,,,
Papeete,Vaipahi Water Gardens,"-17.5324608,-149.5677151",PLACES_DIFFERS_NO_SECOND_SOURCE,Water Gardens Vaipahi,-17.760616,-149.3904279,31.19
Paphos,St Paul's Pillar & Ayia Kyriaki Church,"34.7580972,32.413697",NO_NAMED_PLACES_HIT,,,,
Paramaribo,Neveh Shalom Synagogue and Jamia Masjid Mosque,"5.828426,-55.1592063",PLACES_AGREES,Neveh Shalom Synagogue,5.828426,-55.1592063,
Pattaya-Chonburi,Big Buddha Hill (Wat Phra Yai),"12.9142046,100.8686082",NO_NAMED_PLACES_HIT,,,,
Pécs,Barbican,"46.0778257,18.2214627",PLACES_AGREES,Barbican,46.0778257,18.2214627,
Pécs,Jakováli Hasszán Mosque,"46.0741435,18.2210512",PLACES_AGREES,Jakováli Hasszán Pasa Dzsámi,46.0741435,18.221051199999998,
Pécs,Misina TV Tower,"46.0990921,18.2201459",NO_NAMED_PLACES_HIT,,,,
Pemba,Wimbe Beach,"-12.9720192,40.5465594",PLACES_AGREES,PRAIA DO WIMBE,-12.9720192,40.5465594,
Pemba,Paquitequete Fishing Village,"-12.9604102,40.4849253",NO_NAMED_PLACES_HIT,,,,
Pemba,Pemba Old Town (Baixa),,NULL_PIN_NO_SECOND_SOURCE,MUNICÍPIO DE PEMBA,-12.9647724,40.492530099999996,
Pemba,Artes Maconde Craft Cooperative,,NO_NAMED_PLACES_HIT,,,,
Pemba,Chuiba Beach,"-13.0409446,40.5616452",PLACES_AGREES,Chuiba Bay Lodge,-13.0409446,40.5616452,
Pemba,Mercado Municipal de Pemba,"-12.9683789,40.5155624",PLACES_DIFFERS_NO_SECOND_SOURCE,Mercado municipal,-12.9656468,40.4923515,2.6
Perpignan,Église Saint-Jacques & Jardin la Miranda,"42.6979445,2.9022433",NO_NAMED_PLACES_HIT,,,,
Perugia,Palazzo dei Priori & Galleria Nazionale dell'Umbria,"43.11186060000001,12.3885346",PLACES_AGREES,Palazzo dei Priori,43.11186060000001,12.3885346,
Philipsburg,Rainforest Adventures Rockland Estate,"18.0413954,-63.0646227",NO_NAMED_PLACES_HIT,,,,
Phitsanulok,Sergeant Major Thawee Folk Museum,"16.8056611,100.2673643",NO_NAMED_PLACES_HIT,,,,
Phitsanulok,Nan Riverfront & Night Bazaar,"16.8342404,100.439656",NO_NAMED_PLACES_HIT,,,,
Phitsanulok,Wat Chulamanee,"16.7877228,100.2166243",NO_NAMED_PLACES_HIT,,,,
Phitsanulok,Thai Bird Garden,"16.8221855,100.2903637",NO_NAMED_PLACES_HIT,,,,
Phoenix,Chase Field & Downtown Skyline,"33.4453344,-112.0667091",PLACES_AGREES,Chase Field,33.4453344,-112.0667091,
Phu Quoc,Long Beach (Bai Truong),"10.289879,103.98402",PLACES_DIFFERS_NO_SECOND_SOURCE,Long Beach Mart,10.1912094,103.96657479999999,10.97
Pisa,Baptistery of St. John,"43.72331630000001,10.3941347",NO_NAMED_PLACES_HIT,,,,
Pisa,Tuttomondo Mural by Keith Haring,"43.72283849999999,10.4017581",FIXED,Tuttomondo (Keith Haring),43.7111829,10.398329,1.01
Playa del Carmen,Parque Fundadores and Portal Maya,"20.6218103,-87.0746951",NO_NAMED_PLACES_HIT,,,,
Playa del Carmen,Playa Mamitas,"20.6307949,-87.0650411",PLACES_AGREES,Playa Mamitas,20.630794899999998,-87.0650411,
Playa del Carmen,Coco Bongo,"20.628114,-87.07238",PLACES_AGREES,Coco Bongo,20.6281295,-87.07234030000001,
Plovdiv,Old Town Architectural Reserve,"42.1481766,24.7553374",NO_NAMED_PLACES_HIT,,,,
Plovdiv,Kapana Creative District,"42.149488,24.7491692",NO_NAMED_PLACES_HIT,,,,
Plovdiv,Roman Stadium of Philippopolis,"42.1475945,24.748119",NO_NAMED_PLACES_HIT,,,,
Plovdiv,Tsar Simeon Garden,"42.141586,24.7468298",PLACES_AGREES,“Tsar Simeon Garden” Park,42.141586,24.7468298,
Plovdiv,Knyaz Alexander I Street,"42.1455558,24.7490779",NO_NAMED_PLACES_HIT,,,,
Podgorica,Stara Varos and the Clock Tower,"42.4356011,19.2600734",PLACES_AGREES,Clock Tower,42.4356011,19.2600734,
Podgorica,Ribnica Confluence and Adzi-pasha's Bridge,"42.4394917,19.2588233",NO_NAMED_PLACES_HIT,,,,
Podgorica,Petrovic Palace,"42.4383975,19.2477802",NO_NAMED_PLACES_HIT,,,,
Podgorica,St. George's Church and Gorica Hill,"42.452286,19.2685297",NO_NAMED_PLACES_HIT,,,,
Podgorica,Niagara Falls on the Cijevna,"42.4262708,19.4909841",NO_NAMED_PLACES_HIT,,,,
Pokhara,Mahendra and Bat Caves,"28.2674636,83.97592949999999",NO_NAMED_PLACES_HIT,,,,
Port Elizabeth,Shark Rock Pier and Hobie Beach,"-33.9801644,25.6586122",PLACES_AGREES,Shark Rock Pier,-33.9801644,25.6586122,
Port Elizabeth,The Campanile,"-33.9609211,25.6249502",PLACES_AGREES,The Campanile,-33.9609211,25.624950199999997,
Port Moresby,Parliament Haus,"-9.420152999999999,147.1726299",NO_NAMED_PLACES_HIT,,,,
Port Moresby,Hanuabada Village,"-9.4544704,147.152215",NO_NAMED_PLACES_HIT,,,,
Port Moresby,APEC Haus,"-9.4832623,147.150613",PLACES_AGREES,APEC Haus,-9.4832623,147.150613,
Port Sudan,Umbria Wreck,"19.6367031,37.290526",NO_NAMED_PLACES_HIT,,,,
Port Sudan,Souq El Kebir (Central Market),,NO_NAMED_PLACES_HIT,,,,
Port Sudan,Towartit Reefs,,NO_NAMED_PLACES_HIT,,,,
Port Vila,Iririki Island Resort,"-17.7445939,168.309707",PLACES_AGREES,Iririki Island Resort,-17.744593899999998,168.309707,
Port Vila,Chief Roi Mata's Domain (UNESCO Site),"-17.638232,168.1577573",PLACES_DIFFERS_NO_SECOND_SOURCE,Chief Roi Mata’s Domain,-17.6302308,168.2143902,6.35
Port Vila,Hideaway Island Marine Sanctuary,"-17.6973023,168.2633829",PLACES_AGREES,Hideaway Island & Marine Sanctuary Resort,-17.697302300000004,168.26338289999998,
Portland,Portlandia Statue,"45.5157811,-122.6790987",PLACES_AGREES,Portlandia,45.5157811,-122.67909870000001,
Portland,Keep Portland Weird Mural / Voodoo Doughnut,"45.5244637,-122.6504645",PLACES_AGREES,Voodoo Doughnut,45.5244637,-122.6504645,
Porto,Vila Nova de Gaia Port Wine Cellars,"41.139095,-8.6089599",NO_NAMED_PLACES_HIT,,,,
Porto Seguro,Passarela do Descobrimento (Passarela do Alcool),"-16.4527591,-39.0633161",PLACES_AGREES,"Passarela do Descobrimento, do Álcool, da Cultura, Atendimento ao Turista, Reclamações e Sugestões, Gastronômicas e Mercado",-16.452759099999998,-39.0633161,
Porto-Novo,Place Jean Bayol and King Toffa Statue,"6.469157099999999,2.6248765",NO_NAMED_PLACES_HIT,,,,
Porto-Novo,Palais des Gouverneurs,"6.478623799999999,2.6203212",PLACES_DIFFERS_NO_SECOND_SOURCE,Palais des Gouverneurs - Palazzu di i Guvernadori,42.6934755,9.4509935,3739.76
Porto-Novo,Marché International d'Ouando,"6.5060483,2.6111654",PLACES_AGREES,Marché Ouando,6.5066431,2.6112457,0.07
Potosí,Convento de San Francisco,"-19.5910754,-65.7530203",NO_NAMED_PLACES_HIT,,,,
Potosí,Catedral Basilica de Potosi,"-19.5746758,-65.75930900000002",NO_NAMED_PLACES_HIT,,,,
Poznań,Town Hall and the Fighting Goats,"52.40567859999999,16.9312766",NO_NAMED_PLACES_HIT,,,,
Praia,National Assembly Building,"14.9058012,-23.515931",PLACES_AGREES,National Assembly,14.905801199999999,-23.515931,
Praia,Ethnographic Museum of Praia,"14.919775,-23.5073437",PLACES_AGREES,Praia Ethnographic Museum,14.920917300000001,-23.5071417,0.12
Praia,Praia Cityscape,"14.9188419,-23.5090881",NO_NAMED_PLACES_HIT,,,,
Pretoria,Jacaranda Streets in October,"-25.7593353,28.225624",NO_NAMED_PLACES_HIT,,,,
Pucón,Lake Villarrica and Playa Grande,"-39.2698823,-71.9773807",NO_NAMED_PLACES_HIT,,,,
Pucón,El Cani Sanctuary,"-39.2551755,-71.76673219999999",NO_NAMED_PLACES_HIT,,,,
Puducherry,Auroville and the Matrimandir,"12.0070941,79.8106322",PLACES_AGREES,Matrimandir,12.0070941,79.8106322,
Puebla,Mercado El Parián,"19.0431794,-98.1932827",PLACES_AGREES,Parian market,19.0431794,-98.1932827,
Puerto Iguazú,Iguazú National Park Upper and Lower Circuits,"-25.6829476,-54.4546339",PLACES_AGREES,Iguazú National Park,-25.6829476,-54.4546339,
Puerto Madryn,Muelle Luis Piedrabuena and the Rambla,"-42.7815806,-65.0446088",NO_NAMED_PLACES_HIT,,,,
Puerto Natales,Estación de Ferrocarril de Puerto Natales,"-51.7262003,-72.5059982",NO_NAMED_PLACES_HIT,,,,
Puerto Natales,Cementerio Municipal de Puerto Natales,"-51.7262003,-72.5059982",NO_NAMED_PLACES_HIT,,,,
Puerto Plata,Parque Independencia,"19.7976623,-70.6932862",NO_NAMED_PLACES_HIT,,,,
Puerto Plata,27 Charcos de Damajagua,"19.7342692,-70.8191197",NO_NAMED_PLACES_HIT,,,,
Puerto Princesa,Iwahig River Firefly Watching,"9.7331068,118.683915",NO_NAMED_PLACES_HIT,,,,
Puerto Vallarta,El Malecón,"20.6111652,-105.2346505",PLACES_AGREES,Puerto Vallarta Malecon,20.6111652,-105.2346505,
Pula,Lighting Giants,"44.8722252,13.8363955",PLACES_AGREES,Lighting Giants,44.872225199999995,13.8363955,
Pula,Cape Kamenjak,"44.8741672,13.848556",PLACES_DIFFERS_NO_SECOND_SOURCE,Kamenjak,44.7680556,13.9225,11.73
Puno,Plaza de Armas and Casa del Corregidor,"-15.8404401,-70.02879639999999",PLACES_AGREES,La Casa del Corregidor,-15.840368999999999,-70.0288446,0.01
Puno,Yavarí Steamship,"-15.8256919,-70.0048802",PLACES_AGREES,Yavari,-15.825691899999999,-70.0048802,
Punta Arenas,Plaza Muñoz Gamero and the Magellan Monument,"-53.1633778,-70.907705",NO_NAMED_PLACES_HIT,,,,
Punta Cana,Marinarium,"18.556551,-68.3691611",PLACES_DIFFERS_NO_SECOND_SOURCE,Marinarium Snorkeling Cruise,18.6488555,-68.3575736,9.81
Punta Cana,Coco Bongo Punta Cana,"18.6351768,-68.3949984",PLACES_AGREES,Coco Bongo Punta Cana,18.6349375,-68.39518749999999,0.03
Pyatigorsk,Proval,"44.0464643,43.0992027",PLACES_AGREES,Proval,44.0464643,43.0992027,
Pyatigorsk,Park Tsvetnik and the Lermontov Gallery,"44.0367664,43.0812005",PLACES_AGREES,Park Tsvetnik,44.0367664,43.0812005,
Pyatigorsk,Eagle Sculpture (Orjol),"44.04989330000001,43.039636",NO_NAMED_PLACES_HIT,,,,
Pyatigorsk,Diana's Grotto,"44.0399133,43.0870572",NO_NAMED_PLACES_HIT,,,,
Pyatigorsk,Aeolian Harp,"44.0403335,43.0867875",NO_NAMED_PLACES_HIT,,,,
Pyatigorsk,Lermontov Duel Site,"44.0591027,43.0770018",NO_NAMED_PLACES_HIT,,,,
Pyatigorsk,Spassky Cathedral,"44.04989330000001,43.039636",NO_NAMED_PLACES_HIT,,,,
Qingdao,Badaguan Scenic Area,"36.0522009,120.352919",PLACES_AGREES,Badaguan,36.052200899999995,120.35291900000001,
Qingdao,Qingdao TV Tower,"36.06819,120.357864",PLACES_AGREES,Qingdao TV Tower,36.06819,120.35786399999999,
Qingdao,Qingdao Protestant Church,"36.0662299,120.38299",NO_NAMED_PLACES_HIT,,,,
Qingdao,Qingdao Beer Street Historic Area,"36.0662299,120.38299",NO_NAMED_PLACES_HIT,,,,
Qinhuangdao,Mengjiangnü Temple,"39.93544989999999,119.59964",NO_NAMED_PLACES_HIT,,,,
Qinhuangdao,Beidaihe Beach,"39.806206,119.455483",PLACES_AGREES,Beidaihe West Bathing Beach,39.806205999999996,119.455483,
Qinhuangdao,Pigeon Nest Park (Gezhenwo),"39.8344453,119.5191072",NO_NAMED_PLACES_HIT,,,,
Qinhuangdao,Beidaihe Wetlands and Bird Sanctuary,"39.8350699,119.48458",NO_NAMED_PLACES_HIT,,,,
Qinhuangdao,Xin'ao Undersea World,"39.93544989999999,119.59964",NO_NAMED_PLACES_HIT,,,,
Qinhuangdao,Qinhuang Qiuxian Ruhai Chu (Emperor Qin's Departure Point),"39.7909432,119.4252468",NO_NAMED_PLACES_HIT,,,,
Qom,Feyziyeh Seminary,"34.6427584,50.87928720000001",NO_NAMED_PLACES_HIT,,,,
Qom,Gonbad-e Sabz (Green Dome Mausoleums),,NO_NAMED_PLACES_HIT,,,,
Qom,Astan Museum of Qom,,NO_NAMED_PLACES_HIT,,,,
Qom,Historic House of Imam Khomeini,"34.6640287,50.8757578",NO_NAMED_PLACES_HIT,,,,
Quanzhou,West Street (Xi Jie),"24.8740499,118.67583",PLACES_DIFFERS_NO_SECOND_SOURCE,West Street Mianxian Hu,24.912314,118.590457,10.25
Quanzhou,Qingyuan Mountain and Laojun Rock,"24.954023,118.607567",PLACES_AGREES,Qingyuan Mountain,24.954023000000003,118.607567,
Quito,Basílica del Voto Nacional,"-0.2149867,-78.50765179999999",PLACES_AGREES,Basílica del Voto Nacional,-0.2149867,-78.50765179999999,
Rabat,Medina of Rabat and Rue des Consuls,"34.0271543,-6.8331646",NO_NAMED_PLACES_HIT,,,,
Rabat,Rabat Lighthouse and Udayas Corniche,"34.0318167,-6.8361049",PLACES_DIFFERS_NO_SECOND_SOURCE,Rabat Lighthouse,34.031523799999995,-6.8443781999999995,0.92
Reno,Midtown District Murals,"39.5177018,-119.8090145",NO_NAMED_PLACES_HIT,,,,
Reykjavík,Harpa Concert Hall,"64.1503943,-21.9324604",PLACES_AGREES,Harpa Concert Hall and Conference Centre,64.1502464,-21.932280499999997,0.02
Reykjavík,Grótta Lighthouse,"64.16501,-22.0219814",PLACES_AGREES,Grótta Lighthouse,64.16501,-22.021981399999998,
Rhodes,Rhodes Old Town Walls and Moat,"36.4340533,28.2176379",NO_NAMED_PLACES_HIT,,,,
Rhodes,Elli Beach and New Town Waterfront,"36.4555369,28.2206181",PLACES_DIFFERS_NO_SECOND_SOURCE,Elli Beach,36.4534685,28.2239896,0.42
Rio de Janeiro,Selarón Steps,"-22.9152923,-43.1792036",NO_NAMED_PLACES_HIT,,,,
Riyadh,National Museum of Saudi Arabia,"24.6480983,46.7109536",NO_NAMED_PLACES_HIT,,,,
Rotterdam,Historic Delfshaven,"51.9131258,4.4305403",NO_NAMED_PLACES_HIT,,,,
Rovaniemi,SantaPark Arctic World,"66.5393445,25.7969324",NO_NAMED_PLACES_HIT,,,,
Rovaniemi,Arctic Circle Hiking Area and Vaattunkiköngäs,"66.59365149999999,26.1161767",PLACES_NEAR_NO_CHANGE,Arctic Circle Hiking Area,66.5953212,26.1190942,0.33
Saint Martin's Island,Shomudro Bilash (Humayun Ahmed's House),"20.6319631,92.3171483",NO_NAMED_PLACES_HIT,,,,
Saint Martin's Island,Saint Martin's Jetty,"20.6332413,92.3247934",PLACES_DIFFERS_NO_SECOND_SOURCE,Saint Martin's Ship Jetty,20.922542,92.269315,30.7
Saint Martin's Island,Narikel Jinjira Coconut Groves,"20.6237016,92.3233948",NO_NAMED_PLACES_HIT,,,,
Saint Martin's Island,Coral Reefs and Snorkelling Shallows,"20.6237016,92.3233948",NO_NAMED_PLACES_HIT,,,,
Saint Martin's Island,Saint Martin's Bazaar,"20.6332413,92.3247934",NO_NAMED_PLACES_HIT,,,,
Saint Martin's Island,Keya Groves along the Shoreline,"20.6237016,92.3233948",NO_NAMED_PLACES_HIT,,,,
Saint-Louis,Palais du Gouverneur (Governance),,NULL_PIN_NO_SECOND_SOURCE,Palais du Gouverneur de Gorée,14.667829999999999,-17.399824,
Saint-Pierre,L'Arche Musée et Archives,"46.7845931,-56.1498752",NO_NAMED_PLACES_HIT,,,,
Saint-Pierre,Les Salines,"46.7818357,-56.17373929999999",PLACES_DIFFERS_NO_SECOND_SOURCE,Rue des Salines,46.7738556,-56.1642015,1.22
Saint-Pierre,Fronton Zazpiak-Bat,"46.7829466,-56.1733579",NO_NAMED_PLACES_HIT,,,,
Saint-Pierre,Quai de la République Waterfront,"46.7813652,-56.1661138",NO_NAMED_PLACES_HIT,,,,
Saint-Tropez,Phare de Saint-Tropez,"43.2727191,6.6405225",PLACES_DIFFERS_NO_SECOND_SOURCE,Phare de Saint-Tropez,43.2727104,6.6325722,0.88
Salalah,Al Haffa Frankincense Souq (Al Husn Souq),"17.0074809,54.1121738",PLACES_DIFFERS_NO_SECOND_SOURCE,Haffa market,17.0104596,54.1054307,0.81
Salvador,Pelourinho Historic Center,"-12.9736369,-38.5097201",PLACES_AGREES,Pelourinho,-12.9736369,-38.509720099999996,
Salzburg,Makartsteg Bridge,"47.8017325,13.0421736",NO_NAMED_PLACES_HIT,,,,
Samarkand,Registan Square,"39.6546466,66.9757669",PLACES_AGREES,Registan Square,39.6546466,66.9757669,
Samarkand,Afrasiyab Settlement & Museum,"39.6701911,66.9883763",PLACES_DIFFERS_NO_SECOND_SOURCE,Afrasiyab Museum,39.669295,66.9933669,0.56
Samarkand,Hazrat Khizr Mosque,"39.6634382,66.9832527",PLACES_AGREES,Hazrat Khizr Mosque,39.6634382,66.9832527,
Samarkand,Konigil Meros Paper Mill,"39.666646,67.034119",NO_NAMED_PLACES_HIT,,,,
San Andrés,Acuario & Haynes Cay,"12.585138,-81.6952252",PLACES_AGREES,Haynes Cay,12.585138,-81.6952252,
San Cristóbal de las Casas,El Arcotete Ecological Park,"16.7259686,-92.5843287",PLACES_AGREES,El Arcotete,16.725968599999998,-92.5843287,
San José,Museo del Jade,"9.9332199,-84.0727462",PLACES_AGREES,Museo del Jade y la Cultura Precolombina,9.9332199,-84.0727462,
San Marino,Guaita Tower,"43.9354691,12.4493514",PLACES_AGREES,Guaita Tower,43.9354691,12.4493514,
San Marino,Cesta Tower,"43.9330007,12.4515802",NO_NAMED_PLACES_HIT,,,,
San Marino,Montale Tower,"43.9303386,12.4526505",PLACES_AGREES,Montale Tower,43.9303386,12.452650499999999,
San Marino,State Museum of Torture Instruments,"43.9352313,12.4467607",NO_NAMED_PLACES_HIT,,,,
San Pedro Sula,Cascadas de Pulhapanzak,"15.5058165,-88.02580209999999",NO_NAMED_PLACES_HIT,,,,
San Pedro Sula,Cathedral viewpoint at El Merendón,"15.5189561,-88.1496963",PLACES_DIFFERS_NO_SECOND_SOURCE,Merendon,15.4615702,-88.02988529999999,14.67
San Sebastián,Monte Urgull,"43.3252327,-1.9898448",PLACES_AGREES,Urgull,43.3252327,-1.9898448,
San Sebastián,Palacio de Miramar,"43.3148304,-1.9984962",NO_NAMED_PLACES_HIT,,,,
Sana'a,Suq al-Milh (Salt Market),"15.3545381,44.2064003",NO_NAMED_PLACES_HIT,,,,
Sana'a,Sana'a Tower Houses of Al-Qasimi Quarter,"15.345331,44.2179399",NO_NAMED_PLACES_HIT,,,,
Sana'a,Wadi Dhahr Valley,"15.3545381,44.2064003",NO_NAMED_PLACES_HIT,,,,
Sana'a,Liberation Square (Midan al-Tahrir),"15.3539632,44.2049746",NO_NAMED_PLACES_HIT,,,,
Şanlıurfa,Rızvaniye Mosque and Ayn Zeliha Lake,"37.1467265,38.7848035",NO_NAMED_PLACES_HIT,,,,
Şanlıurfa,On Gözlü Köprü (Ten-Eyed Bridge),,NOT_SEARCHED_CITY_FILE_NOT_FOUND,,,,
Santa Cruz de la Sierra,Manzana Uno Espacio de Arte,"-17.7841689,-63.182489",PLACES_AGREES,Manzana Uno Espacio de Arte,-17.7841689,-63.182489,
Santa Cruz de Tenerife,Museo de la Naturaleza y Arqueología (MUNA),"28.463895,-16.249485",NO_NAMED_PLACES_HIT,,,,
Santa Marta,Catedral Basílica de Santa Marta,"11.243234,-74.21099219999999",PLACES_AGREES,Catedral Basílica de Santa Marta,11.243234,-74.21099219999999,
Santiago de Cuba,Padre Pico Steps & Tivolí Quarter,"20.0229686,-75.8312221",PLACES_NEAR_NO_CHANGE,Padre Pico Steps,20.019804999999998,-75.831829,0.34
Santiago de Querétaro,Templo y Ex-Convento de la Santa Cruz,"20.5931429,-100.383682",PLACES_AGREES,Templo de la Cruz,20.5932179,-100.3836807,0.01
Santiago de Querétaro,Jardín Zenea & Templo de San Francisco,"20.5929377,-100.3913766",NO_NAMED_PLACES_HIT,,,,
Santo Domingo,Catedral Primada de América,"18.4730666,-69.8839661",NO_NAMED_PLACES_HIT,,,,
Santorini,Akrotiri Archaeological Site,"36.3517952,25.403447",PLACES_AGREES,Akrotiri,36.3517952,25.403447,
Santorini,Fira to Oia Caldera Trail,"36.4618199,25.3753101",NO_NAMED_PLACES_HIT,,,,
Santorini,Pyrgos,"36.383038,25.4478176",PLACES_AGREES,Pyrgos Kallistis,36.383038,25.4478176,
Santorini,Perissa & Perivolos Black Sand Beach,"36.3571187,25.4748823",PLACES_DIFFERS_NO_SECOND_SOURCE,Perívolos,36.3453574,25.464719799999997,1.54
Sanya,Sanya Bay & Coconut Dream Corridor,"18.279309,109.470411",PLACES_DIFFERS_NO_SECOND_SOURCE,Sanya Bay Island Diary Homestay (Coconut Dream Corridor),18.287775099999998,109.4573059,1.71
São Tomé,Presidential Palace,"0.3388048,6.7331758",PLACES_AGREES,Presidential Palace,0.33880479999999996,6.7331758,
São Tomé,Óbô Natural Park,"0.1935478,6.547765699999999",PLACES_AGREES,Ôbo National Park,0.19354780000000002,6.547765699999999,
São Tomé,National Assembly Building,"0.2602568,6.621061099999999",NO_NAMED_PLACES_HIT,,,,
Sarajevo,Sebilj Fountain,"43.8597004,18.4312705",PLACES_AGREES,Sebilj,43.8597004,18.4312705,
Sarajevo,Trebević Cable Car,"43.8555617,18.4349711",NO_NAMED_PLACES_HIT,,,,
Savonlinna,Lake Saimaa Scenic Cruises,"61.8683766,28.8861803",NO_NAMED_PLACES_HIT,,,,
Savonlinna,Sulosaari Island Nature Trail,"61.8766661,28.8946743",PLACES_AGREES,Sulosaari,61.8766661,28.8946743,
Selçuk,Ephesus Ancient City,"37.9409263,27.3414579",PLACES_AGREES,Ephesus Ancient City,37.9409263,27.341457899999998,
Selçuk,Ayasuluk Castle,"37.9500926,27.3653081",NO_NAMED_PLACES_HIT,,,,
Selçuk,Şirince Village,"37.9526248,27.4303027",PLACES_DIFFERS_NO_SECOND_SOURCE,Şirince,37.944100999999996,27.431625000000004,0.76
Serekunda,Serekunda Market,"13.4389869,-16.6821758",PLACES_AGREES,Serekunda Market,13.4389869,-16.6821758,
Sergiyev Posad,Trinity Cathedral,"56.3097509,38.1294232",PLACES_AGREES,Trinity Cathedral,56.3097509,38.1294232,
Sergiyev Posad,Assumption Cathedral,"56.3151766,38.136706",NO_NAMED_PLACES_HIT,,,,
Sergiyev Posad,Chapel-at-the-Well (Nadkladeznaya Chapel),"56.3151766,38.136706",NO_NAMED_PLACES_HIT,,,,
Sergiyev Posad,Sergiev Posad State History and Art Museum-Reserve,"56.3151766,38.136706",NO_NAMED_PLACES_HIT,,,,
Sergiyev Posad,Toy Museum,"56.3151766,38.136706",NO_NAMED_PLACES_HIT,,,,
Sergiyev Posad,Blinnaya Gora (Pancake Hill) Viewpoint,"56.3073193,38.1348744",PLACES_AGREES,Blinnaya Gora,56.307319299999996,38.1348744,
Sergiyev Posad,Kelarsky Pond,"55.6312354,37.7170919",NO_NAMED_PLACES_HIT,,,,
Seville,Seville Cathedral & Giralda Tower,"37.3858247,-5.9931068",PLACES_AGREES,La Giralda,37.3861784,-5.992613700000001,0.06
Seville,Triana Neighborhood,"37.3810861,-6.0093952",PLACES_AGREES,Triana,37.381086100000005,-6.0093952,
Shanghai,Xintiandi,"31.230416,121.473701",PLACES_DIFFERS_NO_SECOND_SOURCE,Xintiandi Style Shopping Centre,31.21916,121.474878,1.08
Shangri-La,Dukezong Ancient Town,"27.8078181,99.70933409999999",PLACES_NEAR_NO_CHANGE,"Dukezong Ancient City, Shangri-La Administration Committee",27.810488,99.7086132,0.27
Shangri-La,Guishan Park Giant Prayer Wheel,"27.811189,99.706572",PLACES_AGREES,Guishan Park,27.811189000000002,99.706572,
Shangri-La,Baiji Temple (Hundred Chickens Temple),"27.80794,99.69928",PLACES_AGREES,Baiji Temple,27.807940000000002,99.69928,
Shangri-La,Shika Snow Mountain,"27.79146,99.5885",PLACES_NEAR_NO_CHANGE,Shika,27.793906,99.590175,0.3
Shangri-La,Dabao Temple (Dabaosi),"27.767323,99.772553",NO_NAMED_PLACES_HIT,,,,
Shangri-La,Gucheng Zangjingtang,,NO_NAMED_PLACES_HIT,,,,
Shaoxing,Shen Garden (Shenyuan),"29.99146,120.590143",NO_NAMED_PLACES_HIT,,,,
Shaoxing,East Lake (Dong Hu),"29.995762,120.586109",NO_NAMED_PLACES_HIT,,,,
Shaoxing,Cangqiao Straight Street,"29.99886,120.57762",PLACES_AGREES,Cangqiao Street,29.99886,120.57762,
Shaoxing,Zhou Enlai Ancestral Home,"29.995762,120.586109",NO_NAMED_PLACES_HIT,,,,
Shaoxing,Yingtian Pagoda and Tashan Hill,"29.86499,120.7891",NO_NAMED_PLACES_HIT,,,,
Shaoxing,Shaoxing Museum,"29.9585155,120.5188228",PLACES_DIFFERS_NO_SECOND_SOURCE,Shaoxing Museum,29.996794999999995,120.57249100000001,7.01
Sharjah,Al Majaz Waterfront,"25.3256091,55.3879588",PLACES_AGREES,Al Majaz Waterfront,25.327425299999998,55.3874036,0.19
Sharjah,Al Qasba & Eye of the Emirates,"25.3431752,55.38118249999999",PLACES_AGREES,Eye of the Emirates,25.343175199999997,55.381182499999994,
Sharjah,Blue Souq (Souq Al Markazi),"25.3462018,55.3846603",NO_NAMED_PLACES_HIT,,,,
Sharjah,Heart of Sharjah,"25.3595093,55.3841216",PLACES_AGREES,Heart of Sharjah قلب الشارقة,25.3595093,55.3841216,
Sharjah,Sharjah Aquarium,"25.3301909,55.3583432",PLACES_AGREES,Sharjah Aquarium,25.330190899999998,55.3583432,
Shenzhen,OCT-LOFT Creative Culture Park,"22.537294,113.991931",NO_NAMED_PLACES_HIT,,,,
Shenzhen,Dafen Oil Painting Village,"22.609845,114.136482",PLACES_AGREES,Dafen Oil Painting Village,22.609845,114.136482,
Siargao,Magpupungko Rock Pools,"9.8766561,126.1207588",NO_NAMED_PLACES_HIT,,,,
Siargao,Maasin River,"9.8214908,126.0562069",PLACES_AGREES,Maasin River Bridge,9.8214908,126.05620689999999,
Siargao,Coconut Mountain View Deck,"9.8481883,126.0458437",NO_NAMED_PLACES_HIT,,,,
Sibiu,Lutheran Cathedral of Saint Mary,"45.7977427,24.1500967",NO_NAMED_PLACES_HIT,,,,
Sibiu,Fortification Towers on Strada Cetății,"45.7936795,24.1519672",NO_NAMED_PLACES_HIT,,,,
Siddharthanagar,Puskarini Pond and Sacred Garden,"27.5060573,83.4561307",PLACES_DIFFERS_NO_SECOND_SOURCE,Sacred Pond,27.4693293,83.2755615,20.4
Siddharthanagar,Zhong Hua Chinese Monastery,"27.5060573,83.4561307",PLACES_DIFFERS_NO_SECOND_SOURCE,Zhong Hua Buddhist Monastery [Chinese Temple],27.480340899999998,83.2720566,20.62
Sigiriya,Mirror Wall,"7.957001500000001,80.74321160000001",PLACES_AGREES,The Mirror Wall Sigiriya,7.9570015000000005,80.74321160000001,
Sigiriya,Royal Water Gardens,"7.9455635,80.76157719999999",NO_NAMED_PLACES_HIT,,,,
Sigiriya,Ritigala Forest Monastery,"8.1183328,80.6646122",PLACES_DIFFERS_NO_SECOND_SOURCE,Andiyakanda Forest Monastery - Ritigala | රිටිගල ආඬියකන්ද ආරණ්‍ය සේනාසනය,8.1063997,80.66907429999999,1.4
Siwa Oasis,Fatnas Island,"29.1925543,25.4793782",NO_NAMED_PLACES_HIT,,,,
Siwa Oasis,Great Sand Sea,,NULL_PIN_NO_SECOND_SOURCE,Great Sand Sea Safari Tour Agency Information,29.2011945,25.5211749,
Siwa Oasis,Dakrour Mountain,"29.1894089,25.5529976",NO_NAMED_PLACES_HIT,,,,
Sochi,Agura Waterfalls,"43.5581736,39.8257689",NO_NAMED_PLACES_HIT,,,,
Sochi,Skypark AJ Hackett Sochi,"43.5248796,39.997029",PLACES_AGREES,Skypark,43.524790599999996,39.9965512,0.05
Sokcho,Sinheungsa Temple and Great Unification Buddha,"38.1758427,128.4845537",PLACES_NEAR_NO_CHANGE,Sinheungsa Unification Great Buddha,38.1743869,128.487047,0.31
Sokcho,Seorak Cable Car and Gwongeumseong Fortress,"38.1634225,128.4850404",NO_NAMED_PLACES_HIT,,,,
Sopot,Sopot Beach,"54.4477894,18.5701296",PLACES_AGREES,Sopot Beach,54.4477894,18.570129599999998,
Sousse,Kasbah and Khalef Tower,"35.8245029,10.634584",NO_NAMED_PLACES_HIT,,,,
Sousse,Catacombs of the Good Shepherd,"35.8245029,10.634584",PLACES_DIFFERS_NO_SECOND_SOURCE,Good Shepherd Catacombs (Roman epoch),35.818146399999996,10.626477999999999,1.07
Split,Riva Promenade,"43.5077507,16.4384962",NO_NAMED_PLACES_HIT,,,,
Split,Marjan Hill,"43.51666669999999,16.4166667",PLACES_AGREES,Marjan,43.516666699999995,16.4166667,
Srimangal,Nilkantha Tea Cabin (seven-layer tea),"24.2920467,91.74088019999999",PLACES_AGREES,Adi Nilkantha Tea Cabin,24.2920467,91.74088019999999,
Srimangal,Khasia tribal villages (punjis),"24.3094552,91.7314423",NO_NAMED_PLACES_HIT,,,,
St. George's,St. George's Anglican Church (ruins),"12.0493789,-61.75373339999999",NO_NAMED_PLACES_HIT,,,,
Stanley,Victory Green and Ross Road waterfront,"-51.6937699,-57.8401325",PLACES_AGREES,Ross Road,-51.6937699,-57.8401325,
Sucre,Convento de la Recoleta and Mirador,"-19.0352912,-65.2592563",NO_NAMED_PLACES_HIT,,,,
Sucre,Catedral Metropolitana de Sucre,"-19.0487591,-65.2598438",NO_NAMED_PLACES_HIT,,,,
Sucre,Tarabuco Sunday Market,"-19.0397412,-65.25572",NO_NAMED_PLACES_HIT,,,,
Surabaya,Suroboyo Statue (Patung Sura dan Buaya),"-7.30878,112.734448",NO_NAMED_PLACES_HIT,,,,
Surakarta,Pasar Gede Hardjonagoro,"-7.569377,110.8315563",PLACES_AGREES,Gede Hardjonagoro Market,-7.569377,110.83155629999999,
Surakarta,Kampung Batik Laweyan,"-7.5700737,110.7977996",PLACES_AGREES,Kampung Batik Laweyan,-7.5700737,110.79779959999999,
Surat Thani,Suan Mokkh (Wat Suan Mokkhaphalaram),"9.3537168,99.1859867",NO_NAMED_PLACES_HIT,,,,
Surat Thani,Tapi Riverfront and San Chao Night Market,"9.145740499999999,99.32599839999999",NO_NAMED_PLACES_HIT,,,,
Suzhou,Shantang Street,"31.31622,120.6035",PLACES_AGREES,Shantang Street,31.31622,120.6035,
Sylhet,Shrine of Hazrat Shah Jalal,"24.9021443,91.86656239999999",NO_NAMED_PLACES_HIT,,,,
Sylhet,Keane Bridge and Surma riverfront,"24.8876287,91.86798089999999",PLACES_AGREES,Keane Bridge,24.8876293,91.8680194,
Sylhet,Volaganj Sada Pathor,"24.9047808,91.86000790000001",NO_NAMED_PLACES_HIT,,,,
Sylhet,Osmani Museum,"24.9020252,91.8535767",PLACES_DIFFERS_NO_SECOND_SOURCE,Osmani Museum,24.893931100000003,91.87733589999999,2.77
Ta'if,Al Hada Mountain and Cable Car,"21.3648223,40.2803491",PLACES_DIFFERS_NO_SECOND_SOURCE,Al Hada Cable Car,21.364717499999998,40.267770899999995,1.4
Ta'if,Ta'if Rose Farms,"21.3826216,40.3476084",NO_NAMED_PLACES_HIT,,,,
Ta'if,Al Shafa Mountain Village,"21.2840782,40.42481919999999",NO_NAMED_PLACES_HIT,,,,
Ta'if,Al Rudaf Park,"21.2275475,40.4210529",NO_NAMED_PLACES_HIT,,,,
Ta'if,Saiysad National Park,"21.2932786,40.4943455",NO_NAMED_PLACES_HIT,,,,
Ta'if,Al Kar Tourist Village,"21.3567391,40.2294227",NO_NAMED_PLACES_HIT,,,,
Tabriz,Kandovan Village,"38.0791831,46.2886732",PLACES_DIFFERS_NO_SECOND_SOURCE,Kandovan,37.7948175,46.248751000000006,25.33
Tai'an,South Gate to Heaven (Nantianmen),"36.1999399,117.0884",NO_NAMED_PLACES_HIT,,,,
Tai'an,Bixia Temple (Azure Clouds Temple),"36.2350194,117.1085633",PLACES_DIFFERS_NO_SECOND_SOURCE,Bixia Lingying Palace,36.22627,117.12040999999998,1.53
Tai'an,Jade Emperor Peak (Yuhuangding),"36.2570035,117.1032653",PLACES_DIFFERS_NO_SECOND_SOURCE,Jade Emperor Temple,36.25725,117.10928,0.67
Tai'an,Red Gate Palace (Hongmen),"36.2066049,117.1223385",NO_NAMED_PLACES_HIT,,,,
Tai'an,Heaven Street (Tianjie),"36.2551471,117.1003943",NO_NAMED_PLACES_HIT,,,,
Taichung,Chun Shui Tang Teahouse (original branch),"24.149849,120.6643315",NO_NAMED_PLACES_HIT,,,,
Tainan,Tainan Confucius Temple,"22.9905296,120.2040401",PLACES_AGREES,Tainan Confucius Temple,22.9905296,120.2040401,
Tainan,Sicao Green Tunnel,"22.9998999,120.2268758",FIXED,Sicao Green Tunnel,23.0196399,120.1361465,10.29
Tainan,Garden Night Market (Huayuan),"23.0112387,120.2002271",PLACES_AGREES,Tainan Garden Night Market,23.0112387,120.20022709999998,
Takamatsu,Shikoku Mura Open-Air Museum,"34.344129,134.1084025",NO_NAMED_PLACES_HIT,,,,
Tamanrasset,The Frigate (Charles de Foucauld's house in Tamanrasset),"22.7942358,5.5361426",NO_NAMED_PLACES_HIT,,,,
Tampere,Tammerkoski Rapids and Finlayson Area,"61.5012656,23.7587366",PLACES_AGREES,Finlayson Area,61.501265599999996,23.7587366,
Tampere,Pispala District,"61.50529579999999,23.708018",PLACES_AGREES,Pispala,61.50529579999999,23.708018000000003,
Tangier,Tangier Medina,"35.7534929,-5.8509318",PLACES_DIFFERS_NO_SECOND_SOURCE,Medina Tangier,35.7594643,-5.8339544,1.96
Tangier,American Legation Museum,"35.783906,-5.810866499999999",PLACES_AGREES,Tangier American Legation Museum,35.783906,-5.8108664999999995,
Taormina,Duomo di Taormina (Cathedral of San Nicolò),"37.8510061,15.2829179",PLACES_AGREES,Duomo di Taormina,37.8510061,15.282917899999998,
Taormina,Mazzarò Beach and Cable Car,"37.854629,15.3003134",PLACES_AGREES,Cable Car - Mazzarò Taormina,37.8552409,15.299145200000002,0.14
Tarawa,"Japanese Bunkers and Naval Guns, Betio","1.3570366,172.932677",NO_NAMED_PLACES_HIT,,,,
Tarawa,Tarawa War Memorial,"1.4518171,172.9716617",NO_NAMED_PLACES_HIT,,,,
Tarawa,Tungaru National Museum and Cultural Centre,"1.3657276,173.1207258",NO_NAMED_PLACES_HIT,,,,
Tarawa,Betio-Bairiki-Bonriki Causeway,"1.3732383,173.1514991",PLACES_DIFFERS_NO_SECOND_SOURCE,Bairiki,1.3290526,172.9790528,19.79
Tarawa,"London Village and Church, North Tarawa","1.433333,173",PLACES_AGREES,North Tarawa,1.433333,173,
Tarawa,Betio Sea Wall and Harbor,"1.3570366,172.932677",NO_NAMED_PLACES_HIT,,,,
Tarragona,Circ Romà and Praetorium Tower,"41.1188392,1.2449435",PLACES_DIFFERS_NO_SECOND_SOURCE,Circ Roma,41.1161246,1.2570071999999999,1.36
Tashkent,Khast Imam Complex,"41.3371778,69.240123",NO_NAMED_PLACES_HIT,,,,
Tashkent,Kosmonavtlar Metro Station,"41.305193,69.26477",PLACES_AGREES,Kosmonavtlar,41.305192999999996,69.26477,
Taupo,Mine Bay Māori Rock Carvings,"-38.7329675,176.007645",PLACES_AGREES,Ngātoroirangi Mine Bay Māori Rock Carvings,-38.7329675,176.007645,
Tbilisi,Abanotubani Sulfur Bathhouses,"41.6876347,44.8106766",NO_NAMED_PLACES_HIT,,,,
Tbilisi,Metekhi Church and Vakhtang Gorgasali Monument,"41.6902072,44.8111695",NO_NAMED_PLACES_HIT,,,,
Tegucigalpa,Metropolitan Cathedral of San Miguel Arcángel,"14.1054824,-87.204415",NO_NAMED_PLACES_HIT,,,,
Tegucigalpa,Antigua Casa Presidencial,"14.1040058,-87.2059486",PLACES_AGREES,Antigua Casa Presidencial,14.1040058,-87.2059486,
Tegucigalpa,Río Choluteca and City Skyline,"14.0607145,-87.1824529",NO_NAMED_PLACES_HIT,,,,
Tehran,Sa'dabad Complex,"35.8161559,51.4240378",PLACES_AGREES,Sa'dabad Cultural and Historical Complex,35.8161559,51.4240378,
The Hague,Binnenhof and Ridderzaal,"52.0795985,4.313273",PLACES_AGREES,Ridderzaal,52.079666599999996,4.3133926,0.01
The Valley,Old Valley Well and Historic Village,"18.2148129,-63.0574406",NO_NAMED_PLACES_HIT,,,,
The Valley,Sandy Ground Village and Salt Pond,"18.2029169,-63.0868821",PLACES_DIFFERS_NO_SECOND_SOURCE,Sandy Ground Beach,18.1965725,-63.09196319999999,0.88
Thessaloniki,Church of Hagios Demetrios,"40.6388887,22.9476111",NO_NAMED_PLACES_HIT,,,,
Thimphu,Thimphu Valley Viewpoints,"27.4374121,89.65793339999999",PLACES_AGREES,Thimphu Valley,27.4374121,89.65793339999999,
Timbuktu,Well of Old Bouctou,"16.770195,-3.0082533",NO_NAMED_PLACES_HIT,,,,
Timbuktu,Flame of Peace Monument,"16.7804649,-3.0136733",NO_NAMED_PLACES_HIT,,,,
Timbuktu,Grand Marché and Saharan Dunes,"16.770195,-3.0082533",NO_NAMED_PLACES_HIT,,,,
Timimoun,Old Ksar of Timimoun,"29.5347975,0.183507",PLACES_AGREES,Ksar Draa of Timimoun,29.534797500000003,0.183507,
Timimoun,Hôtel de l'Oasis Rouge,"29.2616911,0.2415964",NO_NAMED_PLACES_HIT,,,,
Timimoun,Palmeraie of Timimoun,"29.2616911,0.2415964",PLACES_DIFFERS_NO_SECOND_SOURCE,Palmeraie de Timimoun,29.2638627,0.2174318,2.7
Timimoun,Grande Sebkha Viewpoint,"29.2616911,0.2415964",NO_NAMED_PLACES_HIT,,,,
Timimoun,Foggara Irrigation Galleries,"29.2616911,0.2415964",NO_NAMED_PLACES_HIT,,,,
Timimoun,Old Mosque of Timimoun,"29.2616911,0.2415964",NO_NAMED_PLACES_HIT,,,,
Tirupati,Sri Govindarajaswami Temple,"13.629941,79.4162996",NO_NAMED_PLACES_HIT,,,,
Tirupati,Akasa Ganga and Papavinasam Theertham,"13.7199523,79.34457379999999",NO_NAMED_PLACES_HIT,,,,
Tirupati,Sri Venkateswara Gosamrakshanashala,"13.626167,79.3758981",NO_NAMED_PLACES_HIT,,,,
Tofino,Cox Bay Beach and Lookout,"49.1017135,-125.8733386",PLACES_AGREES,Cox Bay Beach,49.101713499999995,-125.87333859999998,
Tofino,Meares Island Big Tree Trail,"49.1559846,-125.8752991",PLACES_AGREES,Big Tree Trail,49.1559846,-125.87529909999999,
Tofino,Roy Henry Vickers' Eagle Aerie Gallery,"49.1531135,-125.9063555",PLACES_AGREES,Roy Henry Vickers Gallery,49.153113499999996,-125.90635549999999,
Tórshavn,Skansin Fortress,"62.0077684,-6.763012",PLACES_AGREES,Skansin,62.007768399999996,-6.763012,
Tórshavn,Reyn Old Town Lanes,"62.01072479999999,-6.7740852",PLACES_DIFFERS_NO_SECOND_SOURCE,Reyn,62.0091757,-6.7704564,0.41
Tórshavn,Viðarlundin Park,"62.0166207,-6.7808989",PLACES_AGREES,Viðarlundin í Havn,62.016620700000004,-6.7808988999999995,
Tórshavn,Vestaravág Harbour,"62.0076827,-6.7722717",PLACES_AGREES,Vestaravág,62.007682700000004,-6.7722717,
Toulon,Rade de Toulon (Harbour Boat Tour),"43.1076264,5.914185700000001",PLACES_AGREES,Petite Rade de Toulon,43.1076264,5.914185700000001,
Toulon,Place Puget and the Old Town Fountains,"43.123446,5.9329149",NO_NAMED_PLACES_HIT,,,,
Tozeur,Palmeraie of Tozeur,"33.918534,8.1229329",PLACES_DIFFERS_NO_SECOND_SOURCE,Dar Farid - Palmeraie de Tozeur,33.904623799999996,8.1339735,1.78
Tozeur,Belvédère Rocks,"33.9087543,8.1106841",NO_NAMED_PLACES_HIT,,,,
Tozeur,Zoo du Sahara et Jardin du Paradis,,FIXED,Zoo of Sahara,33.895975299999996,8.1362075,
Trabzon,Bedesten Bazaar,"41.0078011,39.7236556",NO_NAMED_PLACES_HIT,,,,
Trincomalee,Swami Rock and Lover's Leap,"8.5833821,81.2456098",NO_NAMED_PLACES_HIT,,,,
Trinidad,Valle de los Ingenios and Manaca Iznaga Tower,"21.8429235,-79.8562826",NO_NAMED_PLACES_HIT,,,,
Trinidad,Cerro de la Vigía and Ermita de la Popa,"21.8140095,-79.9762034",PLACES_AGREES,Cerro de la Vigía,21.814009499999997,-79.9762034,
Tripoli,Red Castle (Assai al-Hamra) / Jamahiriya Museum,"32.8958252,13.1803431",NO_NAMED_PLACES_HIT,,,,
Tripoli,Karamanli House Museum,"32.8974039,13.1767694",PLACES_AGREES,House of Yusuf Karamanli,32.8974039,13.1767694,
Tripoli,Tripoli Cathedral (Church of San Francesco),"32.896672,13.1777923",PLACES_DIFFERS_NO_SECOND_SOURCE,"St. Francis Pro-Cathedral, Tripoli",32.8917941,13.193910899999999,1.85
Trujillo,Plaza de Armas and Freedom Monument,"-8.111784,-79.0287046",PLACES_AGREES,Freedom Monument,-8.1117802,-79.02867309999999,
Trujillo,Museo de Arqueología de la Universidad de Trujillo,"-8.115333099999999,-79.0380277",NO_NAMED_PLACES_HIT,,,,
Turin,Turin Cathedral and Chapel of the Holy Shroud,"45.0732483,7.6858756",NO_NAMED_PLACES_HIT,,,,
Turin,Piazza Castello and Palazzo Madama,"45.0710722,7.685478",PLACES_AGREES,Palazzo Madama,45.0710722,7.685478,
Turku,Luostarinmäki Handicrafts Museum,"60.44690680000001,22.2763941",NO_NAMED_PLACES_HIT,,,,
Turku,Forum Marinum and Museum Ships,"60.4366863,22.2357009",NO_NAMED_PLACES_HIT,,,,
Ulm,Wiblingen Monastery Library,"48.3611101,9.9910874",NO_NAMED_PLACES_HIT,,,,
Ulm,Einstein Fountain and Memorial,,NO_NAMED_PLACES_HIT,,,,
Ulm,Danube Riverside Walk and City Wall,,NO_NAMED_PLACES_HIT,,,,
Urganch,Al-Khwarizmi Monument,"41.5345323,60.6248891",NO_NAMED_PLACES_HIT,,,,
Urganch,Avesto (Avesta) Monument,"41.5470723,60.62619290000001",PLACES_AGREES,Avesto Monument,41.547072299999996,60.62619290000001,
Urganch,Urgench–Khiva Trolleybus Line,"41.554212,60.619564",NO_NAMED_PLACES_HIT,,,,
Urganch,Monument to the Twenty Komsomol Members,,NO_NAMED_PLACES_HIT,,,,
Ushuaia,Museo Marítimo y del Presidio,"-54.8035636,-68.2978787",PLACES_AGREES,Museo Marítimo y del Presidio de Ushuaia,-54.8035636,-68.2978787,
Ushuaia,Isla Martillo Penguin Colony,"-54.80761159999999,-68.30584089999999",PLACES_DIFFERS_NO_SECOND_SOURCE,Isla Martillo,-54.9,-67.39999999999999,100.9
Ushuaia,Ushuaia Waterfront and 'Fin del Mundo' Sign,"-54.8073347,-68.3023646",NO_NAMED_PLACES_HIT,,,,
Utrecht,Dom Church and Pandhof Cloister,"52.0893617,5.116869599999999",NO_NAMED_PLACES_HIT,,,,
Vaduz,Cathedral of St. Florin,"47.1362519,9.5226903",NO_NAMED_PLACES_HIT,,,,
Vaduz,Landtag (Parliament Building),"47.1377196,9.5226834",PLACES_AGREES,Landtag des Fürstentums Liechtenstein,47.1377196,9.5226834,
Valletta,Valletta Skyline from the Three Cities,"35.8944816,14.5134942",NO_NAMED_PLACES_HIT,,,,
Valparaíso,Ascensor Concepción and the Historic Funiculars,"-33.0407669,-71.6264097",NO_NAMED_PLACES_HIT,,,,
Valparaíso,Muelle Prat and the Harbour Boat Tours,"-33.0373883,-71.627336",NO_NAMED_PLACES_HIT,,,,
Varanasi,"New Vishwanath Temple, Banaras Hindu University","25.2659362,82.9879509",NO_NAMED_PLACES_HIT,,,,
Varna,Naval Museum and the Druzki Torpedo Boat,"43.2003181,27.9215004",PLACES_AGREES,Naval Museum,43.2003181,27.9215004,
Varna,Asparuhov Bridge and Asparuhovo Beach,"43.1778543,27.9117719",PLACES_DIFFERS_NO_SECOND_SOURCE,Asparuhov Bridge,43.190435099999995,27.8849242,3.15
Velikiy Novgorod,Vitoslavlitsy Museum of Wooden Architecture,"58.49032519999999,31.2722675",PLACES_AGREES,Vitoslavlitsy Museum,58.490325199999994,31.272267499999998,
Velikiy Novgorod,St. Anthony's (Antoniev) Monastery,"58.53997819999999,31.2873115",PLACES_AGREES,St. Anthony Monastery,58.53997819999999,31.287311499999998,
Veracruz,Faro Venustiano Carranza,"19.201913,-96.1335817",PLACES_AGREES,Faro Venustiano Carranza,19.201912999999998,-96.1335817,
Veracruz,Plaza de la Campana,"19.1990691,-96.1369133",NO_NAMED_PLACES_HIT,,,,
Victoria,Bicentennial Monument (Twa Zwazo),"-4.6230823,55.4551739",NO_NAMED_PLACES_HIT,,,,
Victoria Falls,Zambezi River White-Water Rafting,"-17.9315803,25.8301677",NO_NAMED_PLACES_HIT,,,,
Victoria Falls,Lunar Rainbow (Moonbow) at Victoria Falls,"-17.9315803,25.8301677",NO_NAMED_PLACES_HIT,,,,
Victoria Falls,Zambezi Sunset Cruise,"-17.927852,25.842246",NO_NAMED_PLACES_HIT,,,,
Victoria Falls,Zimbabwe-Side Falls Viewpoints,"-17.9845289,25.8323145",NO_NAMED_PLACES_HIT,,,,
Vientiane,Mekong River Waterfront,"17.965671,102.5986773",PLACES_DIFFERS_NO_SECOND_SOURCE,Mekong River Park,17.9747892,102.51814139999999,9.01
Vigan,Plaza Burgos and the Empanadahan,"17.5742759,120.3887634",NO_NAMED_PLACES_HIT,,,,
Vigan,Baluarte ni Chavit Singson,"17.5512775,120.3771761",NO_NAMED_PLACES_HIT,,,,
Viña del Mar,Quinta Vergara Park and Amphitheatre,"-33.0287956,-71.553193",PLACES_AGREES,Quinta Vergara,-33.028795599999995,-71.553193,
Viña del Mar,Museo Fonck and the Easter Island Moai,"-33.0153481,-71.55002759999999",PLACES_DIFFERS_NO_SECOND_SOURCE,Fonck Museum,-33.0198643,-71.5499245,0.42
Visby,St. Nicolai Church Ruin,"57.6441635,18.2984933",PLACES_AGREES,St. Nicolai Ruin,57.644163500000005,18.298493399999998,
Visby,St. Karin (St. Catherine's) Church Ruin,"57.6403445,18.2957001",NO_NAMED_PLACES_HIT,,,,
Vladimir,Cathedral Square and the Observation Deck,"56.1296075,40.4085005",PLACES_NEAR_NO_CHANGE,Observation Deck,56.1287691,40.4115608,0.34
Vladimir,Patriarch's Garden,"56.1248403,40.4011886",NO_NAMED_PLACES_HIT,,,,
Vladivostok,Tokarevsky Lighthouse,"43.0796916,131.8415803",NO_NAMED_PLACES_HIT,,,,
Vladivostok,S-56 Submarine Memorial Museum,"43.1332484,131.9112975",NO_NAMED_PLACES_HIT,,,,
Vladivostok,Sportivnaya Harbour and Admiral Fokin Street,"43.1332484,131.9112975",PLACES_DIFFERS_NO_SECOND_SOURCE,Admiral,43.2368556,132.0411212,16.7
Vladivostok,Triumphal Arch of Tsarevich Nicholas,"43.1332484,131.9112975",NO_NAMED_PLACES_HIT,,,,
Weimar,Goethe House and National Museum,,FIXED,Goethe's House,50.9775772,11.3287067,
Weimar,Goethe-Schiller Monument and German National Theatre,"50.9798527,11.3256598",NO_NAMED_PLACES_HIT,,,,
Wellington,Cuba Street & Bucket Fountain,"-41.2922557,174.7762933",PLACES_AGREES,Bucket Fountain,-41.2922557,174.7762933,
Weno,San Francisco Maru,"7.366861,151.91114",PLACES_DIFFERS_NO_SECOND_SOURCE,San Francisco Maru,7.3732538000000005,151.9081612,0.78
Weno,Shinkoku Maru,"7.398753,151.837134",NO_NAMED_PLACES_HIT,,,,
Weno,Mount Tonaachaw,"7.45972,151.84972",NO_NAMED_PLACES_HIT,,,,
Whistler,Whistler Mountain Summit and Cloudraker Skybridge,"50.0595993,-122.9590589",PLACES_AGREES,Cloudraker Skybridge,50.059599299999995,-122.95905889999999,
Willemstad,Otrobanda Street Art and Historic Quarter,"12.1094497,-68.9405465",NO_NAMED_PLACES_HIT,,,,
Windermere,Lake Windermere Cruises from Bowness Pier,"54.362873,-2.922884",PLACES_AGREES,Bowness Pier - Windermere Lake Cruises,54.362873,-2.922884,
Windhoek,Post Street Mall Gibeon Meteorites,"-22.5648886,17.0844199",NO_NAMED_PLACES_HIT,,,,
Wrocław,Wrocław's Dwarfs (Krasnale),"51.1089384,17.0328886",NO_NAMED_PLACES_HIT,,,,
Wuyishan,Tianyou Peak (Heavenly Tour Peak),"27.619826,117.988317",NO_NAMED_PLACES_HIT,,,,
Wuyishan,Da Hong Pao Mother Trees,"27.7567099,118.03548",NO_NAMED_PLACES_HIT,,,,
Wuyishan,Wuyi Palace (Wuyigong),"27.642093,117.971732",PLACES_AGREES,Wuyi Palace,27.642093,117.97173199999999,
Wuyishan,Great King Peak (Dawang Feng),"27.6492707,117.9627839",NO_NAMED_PLACES_HIT,,,,
Wuyishan,Tiger Roaring Rock (Huxiao Yan),"27.7567099,118.03548",NO_NAMED_PLACES_HIT,,,,
Wuyishan,Xiamei Ancient Village,"27.7567099,118.03548",PLACES_DIFFERS_NO_SECOND_SOURCE,Xiamei,27.671117,118.051238,8.61
Xiamen,Nanputuo Temple,"24.440773,118.096804",NO_NAMED_PLACES_HIT,,,,
Xiamen,Sunlight Rock (Riyanguang Yan),"24.4421684,118.0684188",PLACES_AGREES,Dora's House Sunlight Rock Branch,24.442168400000003,118.06841879999999,
Xiamen,Zhongshan Road Pedestrian Street,"24.454732,118.083011",PLACES_AGREES,Zhongshan Road Pedestrian Street Shangquan Chamber Of Commerce,24.454732000000003,118.083011,
Xiamen,White Egret Island Park,"24.4795099,118.0894799",NO_NAMED_PLACES_HIT,,,,
Yamoussoukro,Presidential Palace & Sacred Crocodile Lake,"6.816274099999999,-5.274362900000001",NO_NAMED_PLACES_HIT,,,,
Yamoussoukro,Grand Mosque of Yamoussoukro,"6.8113316,-5.297087",NO_NAMED_PLACES_HIT,,,,
Yamoussoukro,Saint Augustin Cathedral,"6.8242279,-5.2784072",NO_NAMED_PLACES_HIT,,,,
Yamoussoukro,Yamoussoukro's Artificial Lakes,"6.8113316,-5.297087",NO_NAMED_PLACES_HIT,,,,
Yangshuo,Impression Sanjie Liu,"24.7784299,110.49663",NO_NAMED_PLACES_HIT,,,,
Yangshuo,Big Banyan Tree Park,"24.7378265,110.4822062",PLACES_AGREES,Yangshuo Big Banyan Tree James Joyce Coffetel,24.7378265,110.48220620000001,
Yangzhou,Grand Canal (Yangzhou Section),"32.3935799,119.41269",NO_NAMED_PLACES_HIT,,,,
Yangzhou,Yangzhou Museum & China Block Printing Museum,"32.3899293,119.3722408",NO_NAMED_PLACES_HIT,,,,
Yaoundé,Benedictine Monastery Museum of Mont Fébé,"3.9153056,11.4985182",NO_NAMED_PLACES_HIT,,,,
Yaren,Nauru Phosphate Pinnacles (Topside),"-0.5466856999999999,166.9210913",NO_NAMED_PLACES_HIT,,,,
Yaren,Yaren District Airstrip and WWII Relics,"-0.5455672,166.9156781",NO_NAMED_PLACES_HIT,,,,
Yaren,Nauru's Coastal Ring Road,"-0.538396,166.9115933",PLACES_DIFFERS_NO_SECOND_SOURCE,Nauru,-0.522778,166.931503,2.81
Yaren,Nauru's Coral Coastline near Yaren,"-0.5466856999999999,166.9210913",NO_NAMED_PLACES_HIT,,,,
Yaroslavl,Volga Embankment,"57.8991523,38.8388633",NO_NAMED_PLACES_HIT,,,,
Yaroslavl,Assumption Cathedral,"57.6223904,39.9019964",NO_NAMED_PLACES_HIT,,,,
Yaroslavl,Chapel of Our Lady of Kazan,,NO_NAMED_PLACES_HIT,,,,
Yazd,Dowlat Abad Garden,"31.90191329999999,54.3535364",PLACES_AGREES,Dowlat Abad Garden,31.901913299999993,54.353536399999996,
Yazd,Fahadan Quarter,"31.9060589,54.3706311",NO_NAMED_PLACES_HIT,,,,
Zadar,Greeting to the Sun,"44.1175922,15.2198229",PLACES_AGREES,The Greeting to the Sun,44.1175922,15.2198229,
Zadar,Riva Promenade,"44.1128591,15.2247659",NO_NAMED_PLACES_HIT,,,,
Zanzibar City,Stone Town's Old Fort (Ngome Kongwe),"-6.161349899999999,39.1890572",PLACES_AGREES,Old Fort,-6.161349899999999,39.1890572,
Zanzibar City,Forodhani Gardens Night Market,"-6.1603409,39.18900259999999",NO_NAMED_PLACES_HIT,,,,
Zanzibar City,Old Slave Market & Anglican Cathedral,"-6.165192999999999,39.1989144",NO_NAMED_PLACES_HIT,,,,
Zanzibar City,Stone Town's Carved Doors,"-6.162222,39.1920735",NO_NAMED_PLACES_HIT,,,,
Zanzibar City,Malindi Mosque and Old Dhow Harbour,"-6.1592175,39.1923328",NO_NAMED_PLACES_HIT,,,,
Zaragoza,Caesaraugusta Roman Route,"41.6474339,-0.8861451",NO_NAMED_PLACES_HIT,,,,
Zhangjiajie,Yuanjiajie & Hallelujah Mountain,"29.239503,110.543465",PLACES_DIFFERS_NO_SECOND_SOURCE,Yuanjiajie,29.353462999999998,110.53638,11.08
Zhangjiajie,Golden Whip Stream,"29.1166699,110.47839",NO_NAMED_PLACES_HIT,,,,
Zhangye,Zhangye Wooden Pagoda,"38.9259199,100.44981",NO_NAMED_PLACES_HIT,,,,
Zhangye,Pingshanhu Grand Canyon,"38.96981,100.51568",NO_NAMED_PLACES_HIT,,,,
Zhaoqing,Meian (Plum Monastery),"23.0505626,112.4481157",PLACES_AGREES,Meian Road,23.0505626,112.4481157,
Zhaoqing,Yuejiang Tower,"23.04494,112.47745",NO_NAMED_PLACES_HIT,,,,
Zhaoqing,Licha Bagua Village,"22.93993,112.63894",PLACES_AGREES,Licha Bagua Village Scenic Spot,22.93993,112.63893999999999,
Zhoushan,Nanhai Guanyin Statue,"29.9853899,122.20778",NO_NAMED_PLACES_HIT,,,,
Zhoushan,Fanyin Cave,"30.0043131,122.4126174",NO_NAMED_PLACES_HIT,,,,
Zhoushan,Dinghai Ancient City,"30.0178923,122.1116808",PLACES_AGREES,Dinghai Ancient City,30.0178923,122.1116808,
Zhuhai,Lovers' Road (Qingluan Road),"22.26,113.6",PLACES_AGREES,"Zhuhai Lovers Road, Heatwave Bay Beach Atour",22.259999999999998,113.6,
Zhuhai,New Yuanmingyuan (Yuanmingxin Yuan),"22.2708599,113.57666",NO_NAMED_PLACES_HIT,,,,
Zhuhai,Hong Kong-Zhuhai-Macau Bridge Viewpoint,"22.3146569,113.9473807",NO_NAMED_PLACES_HIT,,,,
Ziguinchor,Place Jean-Paul II,"12.5836007,-16.2715167",NO_NAMED_PLACES_HIT,,,,
Ziguinchor,Boulevard du Général de Gaulle,"12.586274,-16.2713058",NO_NAMED_PLACES_HIT,,,,
