city,landmark,stored,result,google,distance_km,second_source,note
Abha,Green Mountain (Jabal Thera),"18.2046855,42.5062038",GOOGLE_AGREES,"18.204686,42.506204",0.0,,"Google: Green Mountain (establishment, natural_feature)"
Abha,Abha Dam Lake,"18.2116134,42.48672579999999",GOOGLE_AGREES,"18.211613,42.486726",0.0,,"Google: Abha Dam (establishment, natural_feature)"
Abha,Habala Village,"18.2464685,42.5117238",NO_GOOGLE_MATCH,,,,
Abha,Rijal Almaa Heritage Village,"18.2124594,42.2734154",NO_GOOGLE_MATCH,,,,
Abha,Abha High City,"18.2008944,42.4950944",NO_GOOGLE_MATCH,,,,
Abidjan,Le Plateau Skyline,"5.332547099999999,-4.023868999999999",NO_GOOGLE_MATCH,,,,
Abidjan,Treichville Market,"5.3076419,-4.0140495",NO_GOOGLE_MATCH,,,,
Abidjan,Cocody Town Hall,"5.3602164,-3.9674371",GOOGLE_AGREES,"5.360216,-3.967437",0.0,,"Google: Cocody (political, sublocality, sublocality_level_1)"
Abu Dhabi,Abu Dhabi Corniche,"24.4922589,54.3533032",GOOGLE_AGREES_UNNAMED,"24.492259,54.353303",0.0,,"Google: F9R3+W8 (establishment, point_of_interest); Google gave no name, plus code only"
Acapulco de Juarez,Zocalo and Nuestra Senora de la Soledad Cathedral,"16.8490916,-99.90889080000001",NO_GOOGLE_MATCH,,,,
Acapulco de Juarez,Playas Caleta y Caletilla,"16.8292502,-99.9097292",NO_GOOGLE_MATCH,,,,
Addis Ababa,Entoto Mountain,"9.0191936,38.7524635",NO_GOOGLE_MATCH,,,,
Adelaide,Mount Lofty Summit,"-34.9586178,138.715625",GOOGLE_AGREES,"-34.958618,138.715625",0.0,,Google: Mount Lofty Summit Road (route)
Adelaide,Glenelg Beach,"-34.9791277,138.5102207",GOOGLE_AGREES,"-34.979128,138.510221",0.0,,"Google: Glenelg Beach (establishment, natural_feature)"
Agadez,Old Town of Agadez,"16.9741689,7.986535",NO_GOOGLE_MATCH,,,,
Agadez,Kaocen Palace,"16.9741689,7.986535",NO_GOOGLE_MATCH,,,,
Agadez,Maison de Heinrich Barth,"16.9741689,7.986535",NO_GOOGLE_MATCH,,,,
Agadez,Grand Marche (Grand Market),"16.9717549,7.987386699999999",GOOGLE_AGREES,"16.971755,7.987387",0.0,,"Google: Grand Marché (premise, street_address)"
Agadez,Camel Market,"16.9741689,7.986535",NO_GOOGLE_MATCH,,,,
Agadez,Village Artisanal,"16.9741689,7.986535",NO_GOOGLE_MATCH,,,,
Agadez,Tenere Desert,"16.9512572,7.9693907",NO_GOOGLE_MATCH,,,,
Agadir,Agadir Beach and Promenade,"30.4280405,-9.5925444",NO_GOOGLE_MATCH,,,,
Agadir,Musee du Patrimoine Amazigh (Amazigh Heritage Museum),"30.4159487,-9.597026",NO_GOOGLE_MATCH,,,,
Agra,Ram Bagh (Aram Bagh),"27.2071559,78.0410787",GOOGLE_AGREES,"27.207156,78.041079",0.0,,"Google: Ram Bagh (political, sublocality, sublocality_level_1)"
Agra,Kinari Bazaar,"27.1686267,78.0419366",GOOGLE_AGREES,"27.168627,78.041937",0.0,,"Google: Kinari Bazar (neighborhood, political)"
Ahmedabad,Jama Mosque,"23.0238,72.5872",NO_GOOGLE_MATCH,,,,
Ahmedabad,Bhadra Fort & Teen Darwaza,"23.0236,72.5811",GOOGLE_AGREES,"23.024007,72.580788",0.055,,"Google: Bhadra Fort (premise, street_address)"
Al Ahmadi,Ahmad Al-Jaber Oil and Gas Exhibition,"29.0954761,48.0757102",GOOGLE_AGREES_UNNAMED,"29.095476,48.075710",0.0,,"Google: 212 (establishment, point_of_interest); Google gave no name, plus code only"
Al Ahmadi,Ahmadi Township Heritage District,"29.083461,48.07347619999999",NO_GOOGLE_MATCH,,,,
Al Ahmadi,Al Kout Beach,"29.0883565,48.1399079",NO_GOOGLE_MATCH,,,,
Al Ahmadi,Al Kout Mall and Waterfront,"29.07836679999999,48.138673",NO_GOOGLE_MATCH,,,,
Al Ahmadi,Fahaheel Fish Market,"29.0803439,48.1431554",NO_GOOGLE_MATCH,,,,
Al Ahmadi,Sahara Kuwait Resort and Golf Club,"29.083461,48.07347619999999",NO_GOOGLE_MATCH,,,,
Alanya,Kizil Kule (Red Tower),"36.5364529,31.99828579999999",NO_GOOGLE_MATCH,,,,
Alanya,Alanya Harbour and Lovers' Cave Boat Tours,"36.544443,31.995408",NO_GOOGLE_MATCH,,,,
Aleppo,Khan al-Jumruk,"36.198168,37.1561116",NO_GOOGLE_MATCH,,,,
Aleppo,Al-Jdeideh Quarter,"36.2062456,37.1577004",NO_GOOGLE_MATCH,,,,
Ålesund,Art Nouveau Town Centre (Jugendstil district),"62.471076,6.150792099999999",NO_GOOGLE_MATCH,,,,
Ålesund,Brosundet Canal,"62.472456,6.1524507",NO_GOOGLE_MATCH,,,,
Alexandria,Abu al-Abbas al-Mursi Mosque,"31.2055004,29.8816716",NO_GOOGLE_MATCH,,,,
Alexandria,The Corniche,"31.2095857,29.9076312",GOOGLE_AGREES,"31.209586,29.907631",0.0,,Google: Corniche (route)
Alexandria,Roman Amphitheatre of Kom el-Dikka,"31.1944778,29.9046312",NO_GOOGLE_MATCH,,,,
Algiers,Grande Poste d'Alger,"36.7728754,3.0593893",NO_GOOGLE_MATCH,,,,
Algiers,Bastion 23 / Palais des Raïs,"36.7884399,3.0636209",NO_GOOGLE_MATCH,,,,
Alicante,Playa del Postiguet,"38.3443863,-0.4789443",FIXED,"38.347059,-0.475452",0.426,osm relation/2150096 'Platja del Postiguet' 0.09km; wd Q1241471 'Postiguet' 0.07km,"Google: Platja del Postiguet (establishment, natural_feature)"
Alicante,Concatedral de San Nicolas,"38.3454595,-0.4825726",NO_GOOGLE_MATCH,,,,
Almaty,Medeu Skating Rink,"43.158205,77.0589871",NO_GOOGLE_MATCH,,,,
Almaty,Shymbulak Ski Resort,"43.1287067,77.0804725",GOOGLE_AGREES_UNNAMED,"43.128707,77.080472",0.0,,"Google: 558/1 (establishment, point_of_interest, tourist_attraction); Google gave no name, plus code only"
Almaty,Green Bazaar (Zelenyi Bazaar),"43.26423,76.9547506",GOOGLE_AGREES_UNNAMED,"43.264230,76.954751",0.0,,"Google: 53 (establishment, point_of_interest, tourist_attraction); Google gave no name, plus code only"
Amritsar,Heritage Street and Hall Bazaar,"31.6293094,74.87775909999999",NO_GOOGLE_MATCH,,,,
Amritsar,Maharaja Ranjit Singh Museum and Ram Bagh,"31.6384496,74.87849",NO_GOOGLE_MATCH,,,,
Amsterdam,Amsterdam Canal Ring,"52.37153708365174,4.894542560497265",NO_GOOGLE_MATCH,,,,
Anaheim,MUZEO Anaheim,"33.8335248,-117.9138964",GOOGLE_AGREES_UNNAMED,"33.833525,-117.913896",0.0,,"Google: 241 (establishment, museum, point_of_interest); Google gave no name, plus code only"
Andorra la Vella,Grandvalira Ski Resort,,NO_GOOGLE_MATCH,,,,
Andorra la Vella,Naturlandia,"42.4420394,1.5020964",NO_GOOGLE_MATCH,,,,
Angra dos Reis,Ilhas Botinas,"-22.9649746,-44.3037438",NO_GOOGLE_MATCH,,,,
Angra dos Reis,Ilha da Gipoia and Praia do Dentista,"-23.0650048,-44.3540812",NO_GOOGLE_MATCH,,,,
Angra dos Reis,Igreja Matriz de Nossa Senhora da Conceicao,"-23.0081844,-44.3188024",GOOGLE_AGREES_UNNAMED,"-23.008184,-44.318802",0.0,,"Google: 105 (church, establishment, place_of_worship); Google gave no name, plus code only"
Angra dos Reis,Igreja de Nossa Senhora do Carmo,"-23.0069216,-44.3185172",NO_GOOGLE_MATCH,,,,
Angra dos Reis,Cais Santa Luzia,"-23.0082776,-44.3156582",GOOGLE_AGREES_UNNAMED,"-23.008278,-44.315658",0.0,,"Google: 90-286 (establishment, point_of_interest, tourist_attraction); Google gave no name, plus code only"
Angra dos Reis,Mirante do Morro do Santo Antonio,"-23.0059286,-44.3210113",GOOGLE_AGREES,"-23.005929,-44.321011",0.0,,"Google: Morro do Santo Antonio (political, sublocality, sublocality_level_1)"
Ankara,Atakule Tower,"39.8859133,32.8557478",NO_GOOGLE_MATCH,,,,
Annecy,Palais de l'Ile,"45.8985762,6.1270851",GOOGLE_AGREES_UNNAMED,"45.898576,6.127085",0.0,,"Google: 3 (establishment, museum, point_of_interest); Google gave no name, plus code only"
Anshun,Yunfeng Tunpu (Eight Villages),"26.283544,106.098691",NO_GOOGLE_MATCH,,,,
Anshun,Anshun Batik Museum,"26.2536699,105.9462",NO_GOOGLE_MATCH,,,,
Anshun,Hongshan Lake,"26.2639704,105.9395008",REJECTED_ON_REVIEW,"26.259134,105.936162",0.633,osm way/965322443 'Hongshan Lake Park' 0.57km,"Google: Hongshan Lake (establishment, natural_feature)"
Anshun,Jiuzhou Old City,"26.2521479,106.1373261",NO_GOOGLE_MATCH,,,,
Antalya,Yivli Minaret Mosque,"36.8866095,30.7045431",NO_GOOGLE_MATCH,,,,
Antananarivo,Lake Anosy and the Monument aux Morts,"-18.9152,47.5216",NO_GOOGLE_MATCH,,,,
Antananarivo,Analakely Market (Zoma area),"-18.9059206,47.5260319",NO_GOOGLE_MATCH,,,,
Antananarivo,Antananarivo Cathedral (Andohalo Cathedral),"-18.9184607,47.5211293",FIXED,"-18.917870,47.530651",1.004,osm node/623449903 'Andohalo' 0.08km; osm way/511204750 'Catholic Cathedral of Andohalo' 0.00km,"Google: 3GJJ+V72 (church, establishment, place_of_worship); Google gave no name, plus code only"
Antananarivo,Andohalo Square,"-18.8942071,47.5679975",GOOGLE_AGREES,"-18.894207,47.567997",0.0,,"Google: Andohalo (political, sublocality, sublocality_level_1)"
Antananarivo,Haute Ville (Upper Town) Steps and Streets,"-18.9184607,47.5211293",NO_GOOGLE_MATCH,,,,
Antananarivo,Independence Avenue (Avenue de l'Indépendance),"-18.9069159,47.5250266",GOOGLE_AGREES,"-18.905830,47.523666",0.187,,Google: Avenue de L'Independance (route)
Antsiranana,Les Trois Baies (Three Bays),"-12.2782989,49.2914581",NO_GOOGLE_MATCH,,,,
Antsiranana,Ramena Beach,"-12.2447996,49.3443489",NO_GOOGLE_MATCH,,,,
Antsiranana,Rue Colbert and the Colonial Old Town,"-12.2738189,49.2926362",NO_GOOGLE_MATCH,,,,
Antwerp,Vlaeykensgang,"51.2203509,4.399511899999999",GOOGLE_AGREES_UNNAMED,"51.220351,4.399512",0.0,,"Google: 10 (establishment, point_of_interest, tourist_attraction); Google gave no name, plus code only"
Antwerp,Scheldt River Promenade,"51.2199302,4.414990299999999",NO_GOOGLE_MATCH,,,,
Aomori,Furukawa Fish Market (Aomori Gyosai Center),"40.8228648,140.7364409",GOOGLE_AGREES_UNNAMED,"40.825897,140.735912",0.34,,"Google: 16 (establishment, food, point_of_interest); Google gave no name, plus code only"
Apia,Mount Vaea and Robert Louis Stevenson's Tomb,"-13.8615419,-171.7746007",NO_GOOGLE_MATCH,,,,
Apia,Apia Clock Tower,"-13.8303855,-171.7685002",GOOGLE_AGREES_UNNAMED,"-13.830386,-171.768500",0.0,,"Google: 17 (establishment, point_of_interest); Google gave no name, plus code only"
Apia,Apia Fish and Produce Market (Maketi Fou),"-13.831609,-171.7689086",NO_GOOGLE_MATCH,,,,
Aqaba,Aqaba Flagpole and Great Arab Revolt Plaza,"29.52146399999999,35.0008436",NO_GOOGLE_MATCH,,,,
Aqaba,Ayla Ruins,"29.5497769,34.9892072",NO_GOOGLE_MATCH,,,,
Arequipa,Plaza de Armas and Basilica Cathedral,"-16.3981179,-71.5366937",GOOGLE_AGREES,"-16.398118,-71.536694",0.0,,"Google: Plaza de Armas (church, establishment, place_of_worship)"
Arequipa,Monasterio de la Recoleta,"-16.3938973,-71.5414929",GOOGLE_AGREES_UNNAMED,"-16.393897,-71.541493",0.0,,"Google: 117 (establishment, place_of_worship, point_of_interest); Google gave no name, plus code only"
Århus,Dokk1 and Aarhus Ø Harbourfront,"56.1535693,10.2143501",NO_GOOGLE_MATCH,,,,
Arusha,Maasai Market (Curio Market),"-3.3758457,36.692359",NO_GOOGLE_MATCH,,,,
Arusha,Old Boma Museum,"-3.3707738,36.695382",NO_GOOGLE_MATCH,,,,
Arusha,The Tanzanite Experience Museum,"-3.3712749,36.6945194",NO_GOOGLE_MATCH,,,,
Ashgabat,Independence Park,"37.8870615,58.38167360000001",GOOGLE_AGREES,"37.887062,58.381674",0.0,,"Google: Independence Park (establishment, park, point_of_interest)"
Asmara,Medebar Market,"15.3442297,38.9454433",GOOGLE_AGREES,"15.344230,38.945443",0.0,,"Google: Medebar Market (premise, street_address)"
Asmara,Commercial Bank of Eritrea Building,"15.3363928,38.942752",GOOGLE_AGREES_UNNAMED,"15.336393,38.942752",0.0,,"Google: 8WPV+H42 (bank, establishment, finance); Google gave no name, plus code only"
Asmara,Harnet Avenue (Liberation Avenue),"15.3364254,38.9386724",GOOGLE_AGREES,"15.336425,38.938672",0.0,,Google: Harnet Avenue (route)
Astana,Hazrat Sultan Mosque,"51.1258036,71.4728494",GOOGLE_AGREES_UNNAMED,"51.125804,71.472849",0.0,,"Google: 48 (establishment, mosque, place_of_worship); Google gave no name, plus code only"
Astana,Nur-Alem (Museum of Future Energy),"51.0892454,71.4160066",GOOGLE_DISAGREES_NO_SECOND_SOURCE,"51.090610,71.424228",0.594,,"Google: 55 (establishment, museum, point_of_interest); Google gave no name, plus code only"
Astana,Ishim River Embankment,"51.1655126,71.4272222",GOOGLE_DISAGREES_NO_SECOND_SOURCE,"51.178515,71.262532",11.572,,"Google: Ishim River (establishment, natural_feature)"
Asunción,Asunción Metropolitan Cathedral,"-25.285074,-57.6342317",NO_GOOGLE_MATCH,,,,
Asunción,Costanera de Asunción,"-25.2768257,-57.6300848",NO_GOOGLE_MATCH,,,,
Asunción,Antigua Estación Central del Ferrocarril,"-25.284007,-57.6296137",NO_GOOGLE_MATCH,,,,
Asunción,Congreso Nacional,"-25.2787852,-57.63567070000001",GOOGLE_AGREES,"-25.278785,-57.635671",0.0,,"Google: Congreso Nacional (premise, street_address)"
Aswan,Gharb Soheil Nubian Village,"24.108851,32.884882",NO_GOOGLE_MATCH,,,,
Athens,Plaka District,"37.9725529,23.7303364",NO_GOOGLE_MATCH,,,,
Athens,Roman Agora and Tower of the Winds,"37.974197,23.7270127",NO_GOOGLE_MATCH,,,,
Auckland,Piha Beach & Lion Rock,"-36.9534235,174.466818",GOOGLE_AGREES,"-36.953423,174.466818",0.0,,"Google: Lion Rock (establishment, park, point_of_interest)"
Austin,Austin Skyline from Zilker Park,"30.2669764,-97.7729703",NO_GOOGLE_MATCH,,,,
Avignon,Remparts d'Avignon (City Walls),"43.9496755,4.8201957",NO_GOOGLE_MATCH,,,,
Axum,Northern Stelae Park (Obelisks of Axum),"14.1238574,38.7245282",FIXED,"14.132077,38.719364",1.07,wd Q2308606 'Obelisk of Axum' 0.03km,"Google: 4PJ9+RPQ (establishment, point_of_interest, tourist_attraction); Google gave no name, plus code only"
Axum,Chapel of the Tablet,"14.1297131,38.7196836",NO_GOOGLE_MATCH,,,,
Axum,Dungur Palace (Queen of Sheba's Palace),"14.1268302,38.7064797",GOOGLE_AGREES_UNNAMED,"14.126830,38.706480",0.0,,"Google: 4PG4+PHQ (establishment, point_of_interest, tourist_attraction); Google gave no name, plus code only"
Axum,Tombs of Kings Kaleb and Gebre Meskel,"14.1421602,38.7293729",GOOGLE_AGREES,"14.142160,38.729373",0.0,,"Google: Tombs of Kings Kaleb & Gebre Meskel (premise, street_address)"
Axum,Mai Shum (Queen of Sheba's Bath),"14.1342242,38.7215177",GOOGLE_AGREES,"14.134472,38.721681",0.033,,"Google: Queen of Sheba's Bath (establishment, natural_feature)"
Baden-Baden,Merkur Mountain,"48.7647222,8.28",GOOGLE_AGREES,"48.764722,8.280000",0.0,,"Google: Merkur (establishment, natural_feature)"
Baghdad,Al-Mustansiriya Madrasah,"33.3382741,44.390135",NO_GOOGLE_MATCH,,,,
Bahir Dar,Bezawit Hill (Haile Selassie Palace Viewpoint),"11.5843471,37.412528",NO_GOOGLE_MATCH,,,,
Bahir Dar,Kebran Gabriel Monastery,"11.65,37.3666667",NO_GOOGLE_MATCH,,,,
Bahir Dar,Bahir Dar Grand Market,"11.5883992,37.3868479",NO_GOOGLE_MATCH,,,,
Bahir Dar,St. George Cathedral (Kidus Giorgis),"11.5876434,37.3878324",NO_GOOGLE_MATCH,,,,
Bamako,Bamako Cathedral (Cathédrale Sainte-Trinité),"12.6437176,-7.999181399999999",GOOGLE_AGREES_UNNAMED,"12.643718,-7.999181",0.0,,"Google: J2V2+F7F (church, establishment, place_of_worship); Google gave no name, plus code only"
Bamako,Niger River Fishing Villages,"12.6391699,-8.0025475",NO_GOOGLE_MATCH,,,,
Bamberg,Neue Residenz and Rose Garden,"49.8920198,10.8818531",NO_GOOGLE_MATCH,,,,
Bamberg,Altenburg Castle,"49.8805927,10.8685734",GOOGLE_AGREES,"49.880593,10.868573",0.0,,Google: Altenburg (route)
Bamberg,Schlenkerla Brewery Tavern,"49.8917033,10.8849476",NO_GOOGLE_MATCH,,,,
Bamyan,Buddha Niches of Bamyan,"34.8100067,67.8212104",NO_GOOGLE_MATCH,,,,
Bamyan,Shahr-e Gholghola (City of Screams),"34.806916,67.8222566",NO_GOOGLE_MATCH,,,,
Bamyan,Dara-e Ajdahar (Dragon Valley),"34.7956806,67.7739508",GOOGLE_DISAGREES_NO_SECOND_SOURCE,"34.833845,67.750421",4.756,,"Google: RQM2+G5M (establishment, point_of_interest, tourist_attraction); Google gave no name, plus code only"
Bamyan,Kakrak Valley Buddha Niche,"34.8095158,67.8518878",GOOGLE_AGREES,"34.809516,67.851888",0.0,,"Google: Kakrak Valley (establishment, natural_feature)"
Bamyan,Bamyan Cliff Monastic Caves,"34.806916,67.8222566",NO_GOOGLE_MATCH,,,,
Bamyan,Bamyan Bazaar,"34.7591242,67.5794288",NO_GOOGLE_MATCH,,,,
Banda Aceh,Lampulo Boat on the Roof,"5.5749094,95.32507679999999",GOOGLE_AGREES_UNNAMED,"5.574909,95.325077",0.0,,"Google: H8FG+X28 (establishment, point_of_interest); Google gave no name, plus code only"
Banda Aceh,Lampuuk Beach,"5.4854715,95.22646990000001",GOOGLE_AGREES,"5.485472,95.226470",0.0,,"Google: Lampuuk Beach (establishment, natural_feature)"
Bandar Seri Begawan,Sultan Omar Ali Saifuddin Mosque,"4.8895688,114.9392944",NO_GOOGLE_MATCH,,,,
Banff,Banff Gondola and Sulphur Mountain,"51.1479321,-115.555465",NO_GOOGLE_MATCH,,,,
Bangui,Notre-Dame Cathedral of Bangui,"4.362156,18.5827765",NO_GOOGLE_MATCH,,,,
Bangui,Bangui Central Market,"4.3612468,18.58453",NO_GOOGLE_MATCH,,,,
Bangui,Ubangi River Waterfront,"4.3522055,18.5533749",NO_GOOGLE_MATCH,,,,
Bangui,Boganda Monument,"4.3642827,18.5728723",NO_GOOGLE_MATCH,,,,
Bangui,Boganda National Museum,"4.3645095,18.5771256",GOOGLE_AGREES_UNNAMED,"4.364509,18.577126",0.0,,"Google: 9H7G+RV2 (establishment, museum, point_of_interest); Google gave no name, plus code only"
Bangui,PK5 Central Mosque,"4.3792337,18.5381524",NO_GOOGLE_MATCH,,,,
Bangui,National Assembly of the Central African Republic,"4.359806,18.5791758",NO_GOOGLE_MATCH,,,,
Banjul,Banjul Waterfront and Harbour,"13.454375,-16.5753186",NO_GOOGLE_MATCH,,,,
Banjul,Katchikally Crocodile Pool,"13.476838,-16.672504",GOOGLE_AGREES_UNNAMED,"13.476838,-16.672504",0.0,,"Google: F8GG+PXQ (establishment, point_of_interest, tourist_attraction); Google gave no name, plus code only"
Banyuwangi,De Djawatan Forest,"-8.4327513,114.2265734",NO_GOOGLE_MATCH,,,,
Banyuwangi,Kemiren Osing Village,"-8.2035561,114.3203152",NO_GOOGLE_MATCH,,,,
Banyuwangi,Bangsring Underwater,"-8.0545882,114.4309697",GOOGLE_AGREES,"-8.054588,114.430970",0.0,,"Google: Bangsring Underwater (establishment, park, point_of_interest)"
Banyuwangi,Grand Watu Dodol Beach,"-8.088305,114.415928",NO_GOOGLE_MATCH,,,,
Baracoa,El Yunque,"20.352222,-74.573889",NO_GOOGLE_MATCH,,,,
Baracoa,Alejandro de Humboldt National Park,"20.4581855,-74.7337069",NO_GOOGLE_MATCH,,,,
Baracoa,Catedral de Nuestra Señora de la Asunción and Cruz de la Parra,"20.3475964,-74.49665530000001",NO_GOOGLE_MATCH,,,,
Baracoa,Yumurí Canyon,"20.3477069,-74.49589139999999",NO_GOOGLE_MATCH,,,,
Baracoa,Castillo de Seboruco,"20.3477069,-74.49589139999999",NO_GOOGLE_MATCH,,,,
Baracoa,Malecón de Baracoa,"20.3478142,-74.49487870000002",GOOGLE_AGREES_UNNAMED,"20.347814,-74.494879",0.0,,"Google: 8GX4+42H (establishment, point_of_interest); Google gave no name, plus code only"
Baracoa,Finca Duaba and the Toa River,"20.34501556973063,-74.74526404686206",NO_GOOGLE_MATCH,,,,
Bari,Strada delle Orecchiette (Via Arco Basso),"41.1273071,16.867373",GOOGLE_AGREES,"41.127313,16.867113",0.022,,Google: Arco Basso (route)
Bariloche,Circuito Chico,"-41.0712303,-71.4880114",GOOGLE_AGREES,"-41.071230,-71.488011",0.0,,Google: Circuito Chico (route)
Barranquilla,Casa del Carnaval,"10.992789,-74.787798",NO_GOOGLE_MATCH,,,,
Barranquilla,Museo del Caribe,"11.0041072,-74.80698129999999",GOOGLE_DISAGREES_NO_SECOND_SOURCE,"10.982107,-74.780976",3.747,,"Google: Caribe (premise, street_address)"
Barranquilla,Iglesia de San Nicolás de Tolentino,"10.9801361,-74.7778563",GOOGLE_AGREES_UNNAMED,"10.980136,-74.777856",0.0,,"Google: 35 (church, establishment, place_of_worship); Google gave no name, plus code only"
Barranquilla,Museo Romántico,"10.9928358,-74.7876742",FIXED,"10.994924,-74.794277",0.757,wd Q137808317 'Museo Romántico' 0.03km; csv-lead Wikidata 'Museo Romántico (Barranquilla)' 0.03km,"Google: 59-199 (establishment, museum, point_of_interest); Google gave no name, plus code only"
Basel,Tinguely Fountain (Fasnachtsbrunnen),"47.553693,7.5906113",GOOGLE_AGREES_UNNAMED,"47.553693,7.590611",0.0,,"Google: 7 (establishment, point_of_interest, tourist_attraction); Google gave no name, plus code only"
Basel,Rhine River Promenade & Kleinbasel,"47.56695430000001,7.593076499999999",NO_GOOGLE_MATCH,,,,
Basseterre,The Circus and Berkeley Memorial Clock,"17.2952227,-62.723782",NO_GOOGLE_MATCH,,,,
Basseterre,St. George's Anglican Church,"17.2974804,-62.72460580000001",GOOGLE_AGREES_UNNAMED,"17.297480,-62.724606",0.0,,"Google: 77WG+X5R (church, establishment, place_of_worship); Google gave no name, plus code only"
Basseterre,Timothy Hill Overlook,"17.2812337,-62.6789329",NO_GOOGLE_MATCH,,,,
Battambang,French Colonial Quarter and Sangker Riverfront,"13.06969656347795,103.2901383867254",NO_GOOGLE_MATCH,,,,
Batumi,Batumi Boulevard,"41.65378219999999,41.6354766",GOOGLE_AGREES,"41.653794,41.635376",0.008,,"Google: Batumi Boulevard (establishment, park, point_of_interest)"
Batumi,Alphabet Tower,"41.6560103,41.6393835",NO_GOOGLE_MATCH,,,,
Batumi,Europe Square and the Medea Statue,"41.6510391,41.6360588",NO_GOOGLE_MATCH,,,,
Batumi,Argo Cable Car and Anuria Hill,"41.6460978,41.64049",NO_GOOGLE_MATCH,,,,
Batumi,Gonio Fortress,"41.5732878,41.57307060000001",GOOGLE_AGREES_UNNAMED,"41.573288,41.573071",0.0,,"Google: HHFF+868 (establishment, museum, point_of_interest); Google gave no name, plus code only"
Batumi,Dancing Fountains of Lake Ardagani,"41.6540882,41.6353183",NO_GOOGLE_MATCH,,,,
Batumi,Orta Jame Mosque and Old Batumi,"41.6515694,41.6399689",NO_GOOGLE_MATCH,,,,
Beihai,Beihai Old Street (Zhuhai Road),"21.4811199,109.12008",NO_GOOGLE_MATCH,,,,
Beihai,Crocodile Mountain Scenic Area,"21.4811199,109.12008",NO_GOOGLE_MATCH,,,,
Beihai,Guantouling National Forest Park,"21.451048,109.05627",FIXED,"21.453459,109.052046",0.513,osm way/694656858 'Guantouling National Forest Park' 0.24km,"Google: Guantouling National Forest Park (establishment, park, point_of_interest)"
Beihai,Jinhaiwan Mangrove Ecological Zone,"21.4811199,109.12008",NO_GOOGLE_MATCH,,,,
Beihai,Beihai Underwater World,"21.486619,109.127765",FIXED,"21.489015,109.123476",0.518,osm node/4962931225 'Beihai Underwater World' 0.07km,"Google: 27 (aquarium, establishment, point_of_interest); Google gave no name, plus code only"
Beihai,Haibin Park (Beihai Seaside Park),"21.486985,109.127524",NO_GOOGLE_MATCH,,,,
Beihai,Yunnan Road Market,"21.4571677,109.1005632",NO_GOOGLE_MATCH,,,,
Beijing,Beijing Hutongs,"39.8924728,116.2298042",NO_GOOGLE_MATCH,,,,
Beijing,798 Art District,"39.9828103,116.4904841",NO_GOOGLE_MATCH,,,,
Belém,Catedral da Sé (Belém Cathedral),"-1.4559254,-48.5047352",NO_GOOGLE_MATCH,,,,
Belfast,Peace Walls and Political Murals,"54.6007158,-5.9562574",NO_GOOGLE_MATCH,,,,
Belfast,Cave Hill and Belfast Castle,"54.6427371,-5.9422475",NO_GOOGLE_MATCH,,,,
Belfast,Botanic Gardens and Palm House,"54.5835266,-5.9336552",NO_GOOGLE_MATCH,,,,
Belize City,Belize City Lighthouse (Baron Bliss Memorial),"17.49141,-88.1814169",GOOGLE_AGREES_UNNAMED,"17.491459,-88.181447",0.006,,"Google: 4 (establishment, point_of_interest, tourist_attraction); Google gave no name, plus code only"
Belo Horizonte,Estádio Mineirão,"-19.865867,-43.97113150000001",GOOGLE_AGREES_UNNAMED,"-19.865867,-43.971132",0.0,,"Google: 1001 (establishment, point_of_interest, stadium); Google gave no name, plus code only"
Bengaluru,ISKCON Temple Bangalore,"13.0096643,77.5511344",NO_GOOGLE_MATCH,,,,
Bentota,Bentota River Safari,"6.424536499999999,79.9978206",NO_GOOGLE_MATCH,,,,
Bentota,Madu River and Cinnamon Island,"6.4187604,80.002455",NO_GOOGLE_MATCH,,,,
Bentota,Ambalangoda Mask Museum,"6.2295349,80.0607882",NO_GOOGLE_MATCH,,,,
Beppu,Kannawa District,"33.3195649,131.4675214",NO_GOOGLE_MATCH,,,,
Beppu,Beppu Ropeway and Mount Tsurumi,"33.2865857,131.4298687",NO_GOOGLE_MATCH,,,,
Bergen,Rosenkrantz Tower,"60.39903929999999,5.318298299999999",GOOGLE_AGREES_UNNAMED,"60.399039,5.318298",0.0,,"Google: 4 (establishment, museum, point_of_interest); Google gave no name, plus code only"
Bern,Old Town Arcades (Altstadt),"46.9279972,7.1181127",REJECTED_ON_REVIEW,"47.141039,7.246434",25.608,osm node/461587514 'Altstadt' 0.18km; osm node/461610364 'Altstadt' 0.12km,"Google: Altstadt (political, sublocality, sublocality_level_1)"
Bern,Aare River and Marzili Baths,"46.94520199999999,7.443098999999998",NO_GOOGLE_MATCH,,,,
Biarritz,Les Halles de Biarritz,"43.4809663,-1.5632651",GOOGLE_AGREES_UNNAMED,"43.480966,-1.563265",0.0,,"Google: 34 (bar, establishment, food); Google gave no name, plus code only"
Bilbao,Zubizuri Bridge,"43.2664015,-2.9284597",GOOGLE_AGREES,"43.266402,-2.928460",0.0,,Google: Zubizuri (route)
Bishkek,Manas Statue and State Flag,,NO_GOOGLE_MATCH,,,,
Bissau,Fortaleza d'Amura (Fort of Amura),"11.8632196,-15.5843227",NO_GOOGLE_MATCH,,,,
Bissau,Bandim Market,"11.8510814,-15.5958047",GOOGLE_AGREES,"11.851081,-15.595805",0.0,,"Google: Bandim (neighborhood, political)"
Bissau,Pidjiguiti Memorial,"11.8558348,-15.5784578",NO_GOOGLE_MATCH,,,,
Bissau,Old Portuguese Colonial Quarter,"11.8632196,-15.5843227",NO_GOOGLE_MATCH,,,,
Bissau,Bissau Central Mosque,"11.8576573,-15.5840312",NO_GOOGLE_MATCH,,,,
Blantyre,Michiru Mountain Nature Sanctuary,"-15.75,34.9666667",GOOGLE_AGREES,"-15.750000,34.966667",0.0,,"Google: Michiru Mountain (establishment, natural_feature)"
Blantyre,Ndirande Mountain,"-15.7696933,35.0415698",GOOGLE_AGREES,"-15.769693,35.041570",0.0,,"Google: Ndirande (political, sublocality, sublocality_level_1)"
Blantyre,Jacaranda Cultural Centre,"-15.7932484,35.0117364",GOOGLE_AGREES_UNNAMED,"-15.793248,35.011736",0.0,,"Google: 6246+PM5 (establishment, museum, point_of_interest); Google gave no name, plus code only"
Blantyre,Njamba Freedom Park,,GOOGLE_DISAGREES_NO_SECOND_SOURCE,"-15.813079,35.031933",,,"Google: Njamba Freedom Park (premise, street_address)"
Bodrum,Bodrum Windmills,"37.0259382,27.414577",NO_GOOGLE_MATCH,,,,
Bodrum,Bodrum Maritime Museum,"37.0347481,27.4317874",NO_GOOGLE_MATCH,,,,
Bentota,Paradise Island Sandbar (Aluthgama),,REJECTED_ON_REVIEW,"6.434573,80.000388",,osm node/1606321555 'Aluthgama' 0.25km; osm node/1606321633 'Aluthgama' 0.25km,"Google: Aluthgama (locality, political)"
Bologna,Finestrella di Via Piella,"44.4985895,11.3451942",GOOGLE_AGREES_UNNAMED,"44.498590,11.345194",0.0,,"Google: 16 (establishment, point_of_interest, tourist_attraction); Google gave no name, plus code only"
Bonn,Godesburg Castle Ruins,"50.6768157,7.1583877",NO_GOOGLE_MATCH,,,,
Bonn,University of Bonn Main Building,"50.7261458,7.089662199999999",NO_GOOGLE_MATCH,,,,
Boracay,Diniwid Beach,"11.9811832,121.9085779",FIXED,"11.976295,121.911668",0.639,osm node/12901368254 'Diniwid' 0.08km; osm way/24043654 'Diniwid Beach' 0.01km,"Google: 950 (establishment, point_of_interest, tourist_attraction); Google gave no name, plus code only"
Boston,Faneuil Hall & Quincy Market,"42.3602047,-71.0547788",GOOGLE_AGREES_UNNAMED,"42.360205,-71.054779",0.0,,"Google: 206 (establishment, food, point_of_interest); Google gave no name, plus code only"
Brades,Montserrat National Trust Botanic Garden,"16.7555943,-62.2194064",NO_GOOGLE_MATCH,,,,
Brasília,Catedral Metropolitana de Brasília,"-15.7982965,-47.8755467",NO_GOOGLE_MATCH,,,,
Brașov,Mount Tâmpa,"45.6340695,25.5928472",GOOGLE_AGREES,"45.634070,25.592847",0.0,,"Google: Tâmpa (establishment, natural_feature)"
Brașov,Weavers' Bastion (Bastionul Țesătorilor),"45.6369876,25.5889867",GOOGLE_AGREES_UNNAMED,"45.636988,25.588987",0.0,,"Google: 9 (establishment, museum, point_of_interest); Google gave no name, plus code only"
Brașov,Șchei District,"45.6356517,25.5811375",NO_GOOGLE_MATCH,,,,
Bratislava,Slavín Memorial,"48.1539365,17.0995921",NO_GOOGLE_MATCH,,,,
Brazzaville,Cathédrale de Brazzaville,"-4.270185,15.2738654",GOOGLE_AGREES_UNNAMED,"-4.270185,15.273865",0.0,,"Google: P7HF+WGH (church, establishment, place_of_worship); Google gave no name, plus code only"
Brazzaville,Palais du Peuple,"-4.283318599999999,15.2649343",GOOGLE_AGREES_UNNAMED,"-4.283319,15.264934",0.0,,"Google: P787+MXF (establishment, point_of_interest); Google gave no name, plus code only"
Brazzaville,Corniche of Brazzaville,"-4.2744405,15.2812803",NO_GOOGLE_MATCH,,,,
Brazzaville,École de Peinture de Poto-Poto,"-4.2740288,15.2677562",NO_GOOGLE_MATCH,,,,
Bremen,Roland Statue,"53.0759237,8.8073277",NO_GOOGLE_MATCH,,,,
Bremen,Schnoor Quarter,"53.072827,8.8096563",NO_GOOGLE_MATCH,,,,
Bremen,Schlachte Embankment,"53.0782062,8.7991467",NO_GOOGLE_MATCH,,,,
Bridgetown,St. Michael's Cathedral,"13.0978084,-59.61254630000001",NO_GOOGLE_MATCH,,,,
Brighton,Brighton Beach and Seafront,"50.8233304,-0.1362767",NO_GOOGLE_MATCH,,,,
Bristol,Clifton Observatory & Camera Obscura,"51.4566372,-2.6265264",GOOGLE_AGREES,"51.456614,-2.626485",0.004,,"Google: Clifton Observatory (premise, street_address)"
Bristol,"Cabot Tower, Brandon Hill","51.4540263,-2.6068101",NO_GOOGLE_MATCH,,,,
Brno,Labyrinth under the Cabbage Market,"49.1926088,16.608831",NO_GOOGLE_MATCH,,,,
Brugge,Markt Square,"51.2086881,3.2244082",GOOGLE_AGREES,"51.208688,3.224408",0.0,,"Google: Markt (establishment, point_of_interest)"
Brugge,Basilica of the Holy Blood,"51.2081343,3.2265448",GOOGLE_AGREES_UNNAMED,"51.208134,3.226545",0.0,,"Google: 13 (church, establishment, place_of_worship); Google gave no name, plus code only"
Buenos Aires,Palacio del Congreso,"-34.6100346,-58.3925879",GOOGLE_AGREES_UNNAMED,"-34.610035,-58.392588",0.0,,"Google: 1849 (establishment, museum, point_of_interest); Google gave no name, plus code only"
Bujumbura,Lake Tanganyika Beaches (Saga Beach),"-3.361378,29.3598782",REJECTED_ON_REVIEW,"-3.354124,29.323038",4.168,osm relation/1374224 'Lake Tanganyika' 315.90km,"Google: J8WF+963 (establishment, lodging, point_of_interest); Google gave no name, plus code only"
Bujumbura,Lake Tanganyika Sunset Viewpoint,"-3.361378,29.3598782",NO_GOOGLE_MATCH,,,,
Bujumbura,Royal Drummers of Burundi Performance,"-3.361378,29.3598782",NO_GOOGLE_MATCH,,,,
Bujumbura,Bujumbura Skyline from the Surrounding Hills,"-3.361378,29.3598782",NO_GOOGLE_MATCH,,,,
Bukhara,Lyab-i Hauz,"39.7722694,64.4209262",NO_GOOGLE_MATCH,,,,
Bukhara,"Trading Domes (Toki Zargaron, Toki Sarrofon, Toki Telpak Furushon)","39.7725083,64.41863",NO_GOOGLE_MATCH,,,,
Bukhara,Bolo Hauz Mosque,"39.7777531,64.40728659999999",GOOGLE_AGREES_UNNAMED,"39.777753,64.407287",0.0,,"Google: QCH4+4W3 (establishment, mosque, place_of_worship); Google gave no name, plus code only"
Bulawayo,National Railway Museum,"-20.1639732,28.5737795",NO_GOOGLE_MATCH,,,,
Bulawayo,Bulawayo City Hall and Centre,"-20.1543337,28.5864432",NO_GOOGLE_MATCH,,,,
Bulawayo,Chipangali Wildlife Orphanage,"-20.2516316,28.7812706",GOOGLE_AGREES,"-20.251632,28.781271",0.0,,"Google: Chipangali Wildlife Orphanage (establishment, park, point_of_interest)"
Bulawayo,Centenary and Central Parks,"-20.1457125,28.5873388",NO_GOOGLE_MATCH,,,,
Bulawayo,Mzilikazi Arts & Crafts Centre,,GOOGLE_DISAGREES_NO_SECOND_SOURCE,"-20.133357,28.573141",,,"Google: VH8F+M72 (establishment, point_of_interest); Google gave no name, plus code only"
Bursa,Cumalıkızık Village,"40.1776245,29.1721475",NO_GOOGLE_MATCH,,,,
Bursa,Tophane Clock Tower and Park,"40.1875349,29.057522",NO_GOOGLE_MATCH,,,,
Busan,Oryukdo Skywalk,"35.1006767,129.1244009",GOOGLE_AGREES_UNNAMED,"35.100677,129.124401",0.0,,"Google: 137 (establishment, point_of_interest, tourist_attraction); Google gave no name, plus code only"
Busan,Beomeosa Temple,"35.2839899,129.0687639",GOOGLE_AGREES_UNNAMED,"35.283990,129.068764",0.0,,"Google: 250 (establishment, place_of_worship, point_of_interest); Google gave no name, plus code only"
Cabo Frio,Boulevard Canal (Canal do Itajuru),"-22.8778993,-42.0178322",GOOGLE_AGREES,"-22.877899,-42.017832",0.0,,Google: Avenida Boulevard Canal (route)
Cadiz,Plaza de España and the 1812 Constitution Monument,"36.5351256,-6.2931782",NO_GOOGLE_MATCH,,,,
Cadiz,Barrio del Pópulo,"36.5310928,-6.2929387",NO_GOOGLE_MATCH,,,,
Cagliari,Castello (Old Citadel Quarter),"39.2447699,9.1096879",NO_GOOGLE_MATCH,,,,
Cairns,Cairns Marina and Waterfront,"-16.918516,145.7805153",NO_GOOGLE_MATCH,,,,
Calabar,National Museum Calabar (Old Residency),"4.9671559,8.320962",GOOGLE_AGREES_UNNAMED,"4.967156,8.320962",0.0,,"Google: X88C+V98 (establishment, museum, point_of_interest); Google gave no name, plus code only"
Calabar,Drill Ranch (Pandrillus Drill Monkey Sanctuary),"4.9822749,8.3438219",NO_GOOGLE_MATCH,,,,
Calabar,Kwa Falls,"5.0782638,8.4159316",NO_GOOGLE_MATCH,,,,
Calabar,Duke Town Presbyterian Church,"4.9605011,8.316516",NO_GOOGLE_MATCH,,,,
Calabar,Mary Slessor's Tomb,"4.957830599999999,8.312809399999999",GOOGLE_AGREES_UNNAMED,"4.957831,8.312809",0.0,,"Google: X857+44M (establishment, museum, point_of_interest); Google gave no name, plus code only"
Calabar,Tinapa Business and Leisure Resort,"5.0480755,8.3161931",GOOGLE_AGREES_UNNAMED,"5.048076,8.316193",0.0,,"Google: 28X8+6FP (establishment, lodging, point_of_interest); Google gave no name, plus code only"
Cali,Cristo Rey,"3.4471207,-76.5497311",REJECTED_ON_REVIEW,"3.440891,-76.553023",0.783,osm way/357518753 'Vía a Cristo Rey' 0.37km; osm way/631417370 'Vía a Cristo Rey' 0.34km,Google: Via a Cristo Rey (route)
Cali,La Ermita Church,"3.4540056,-76.5319868",GOOGLE_AGREES_UNNAMED,"3.454006,-76.531987",0.0,,"Google: 0 (church, establishment, place_of_worship); Google gave no name, plus code only"
Cali,Boulevard del Río (San Antonio Riverwalk),"3.4529552,-76.5350006",GOOGLE_AGREES,"3.452955,-76.535001",0.0,,"Google: Puente del Boulevard del Río Cali (establishment, point_of_interest)"
Campeche,Centro Histórico and City Walls,,NO_GOOGLE_MATCH,,,,
Campeche,Malecón de Campeche,"19.8478906,-90.53977040000001",NO_GOOGLE_MATCH,,,,
Campeche,Baluarte de Santiago and Xmuch'haltún Garden,"19.8478525,-90.5350497",NO_GOOGLE_MATCH,,,,
Campeche,Plaza de la Independencia (Parque Principal),"19.845919,-90.53701079999999",NO_GOOGLE_MATCH,,,,
Cancún,Cobá (Nohoch Mul Pyramid),"21.1546754,-86.8392826",NO_GOOGLE_MATCH,,,,
Cancún,Xcaret Park,"21.1526824,-86.8412952",NO_GOOGLE_MATCH,,,,
Cancún,Cenote Ik Kil,,NO_GOOGLE_MATCH,,,,
Cancún,Xel-Há Park,"21.1613411,-86.8331486",GOOGLE_AGREES,"21.161341,-86.833149",0.0,,Google: Xel-ha (route)
Cancún,La Isla Shopping Village,,NO_GOOGLE_MATCH,,,,
Cap-Haïtien,Historic Center Gingerbread Streets,"19.7370362,-72.20676809999999",NO_GOOGLE_MATCH,,,,
Cap-Haïtien,Monument des Héros de Vertières,"19.736068,-72.2208528",NO_GOOGLE_MATCH,,,,
Cap-Haïtien,Labadee Peninsula,"19.77205,-72.2474823",NO_GOOGLE_MATCH,,,,
Cape Coast,Elmina Fish Market and Benya Lagoon,"5.0825787,-1.3506016",NO_GOOGLE_MATCH,,,,
Cape Coast,Cape Coast Centre for National Culture,"5.1230574,-1.2689394",NO_GOOGLE_MATCH,,,,
Cape Coast,Hans Cottage Botel,"5.178954,-1.3087782",GOOGLE_AGREES_UNNAMED,"5.178954,-1.308778",0.0,,"Google: 355 (establishment, lodging, point_of_interest); Google gave no name, plus code only"
Caracas,Teleférico Warairarepano (Mount Ávila Cable Car),"10.51275,-66.8863635",GOOGLE_AGREES_UNNAMED,"10.512750,-66.886364",0.0,,"Google: G477+4CP (establishment, point_of_interest, tourist_attraction); Google gave no name, plus code only"
Caracas,Capitolio Nacional,"10.505107,-66.915902",NO_GOOGLE_MATCH,,,,
Caracas,"Aula Magna, Universidad Central de Venezuela","10.4908419,-66.8907394",NO_GOOGLE_MATCH,,,,
Caracas,Torres de El Silencio,"10.502488,-66.9161975",NO_GOOGLE_MATCH,,,,
Cardiff,Victorian and Edwardian Arcades,"51.483707,-3.1680962",NO_GOOGLE_MATCH,,,,
Cartagena,Torre del Reloj,"10.4229787,-75.54921829999999",NO_GOOGLE_MATCH,,,,
Cartagena,Palacio de la Inquisición,"10.4231599,-75.55152439999999",NO_GOOGLE_MATCH,,,,
Cartagena,Las Bóvedas,"10.4301532,-75.5464571",NO_GOOGLE_MATCH,,,,
Cartagena,Plaza Santo Domingo and Botero's Gertrudis,"10.3932277,-75.4832311",NO_GOOGLE_MATCH,,,,
Casablanca,Mohammed V Square,"33.5913336,-7.618285299999999",NO_GOOGLE_MATCH,,,,
Casablanca,Habous Quarter (New Medina),"33.5778581,-7.610066199999999",NO_GOOGLE_MATCH,,,,
Catania,Piazza del Duomo and the Fontana dell'Elefante,"37.5025169,15.0870996",NO_GOOGLE_MATCH,,,,
Catania,Teatro Romano and Odeon,"37.51057369999999,15.0872426",NO_GOOGLE_MATCH,,,,
Catania,Villa Bellini,"37.510677,15.0849635",GOOGLE_AGREES,"37.510677,15.084964",0.0,,"Google: Giardino Bellini - Villa Bellini (establishment, park, point_of_interest)"
Çeşme,Alaçatı Old Town,"38.2887204,26.3778354",NO_GOOGLE_MATCH,,,,
Çeşme,Alaçatı Windmills,"38.2923772,26.4116227",NO_GOOGLE_MATCH,,,,
Çeşme,Ilıca Beach,"38.307606,26.3635702",NO_GOOGLE_MATCH,,,,
Çeşme,Aya Yorgi Bay,"38.3386772,26.310156",NO_GOOGLE_MATCH,,,,
Çeşme,Çeşme Kervansaray (Ottoman Caravanserai),"38.322616,26.303219",NO_GOOGLE_MATCH,,,,
Çeşme,Çeşme Marina and İnkılap Street,"38.3288018,26.3056783",NO_GOOGLE_MATCH,,,,
Çeşme,Church of Ayios Haralambos,"38.3251871,26.3039755",NO_GOOGLE_MATCH,,,,
Çeşme,Altınkum Beach (Golden Sand Beach),"38.2703703,26.2594724",NO_GOOGLE_MATCH,,,,
Chamonix-Mont-Blanc,Mer de Glace and the Montenvers Railway,"45.9282478,6.8956012",NO_GOOGLE_MATCH,,,,
Chamonix-Mont-Blanc,Le Brévent Cable Car,"45.9354909,6.853480999999999",REJECTED_ON_REVIEW,"45.933854,6.837519",1.248,osm node/436622732 'Le Brévent' 0.03km; osm node/2938516349 'Le Brévent' 0.36km,"Google: Le Brévent (establishment, natural_feature)"
Chamonix-Mont-Blanc,Balmat and Saussure Monument,"45.9229932,6.870139699999999",NO_GOOGLE_MATCH,,,,
Chamonix-Mont-Blanc,Vallée Blanche Panoramic Gondola,"45.863544,6.9106279",NO_GOOGLE_MATCH,,,,
Chaozhou,Paifang Street (Memorial Archway Street),"23.6559956,116.6476247",GOOGLE_DISAGREES_NO_SECOND_SOURCE,"23.658707,116.643216",0.541,,"Google: MJ4X+92X (establishment, point_of_interest, tourist_attraction); Google gave no name, plus code only"
Chaozhou,Guangji Gate Tower and Ancient City Wall,"23.662996,116.652411",NO_GOOGLE_MATCH,,,,
Chaozhou,Jiadi Lane (Jiadixiang),"23.6602,116.64775",NO_GOOGLE_MATCH,,,,
Chaozhou,Phoenix Pagoda (Fenghuang Ta),"23.6566999,116.62296",FIXED,"23.649955,116.654229",3.272,osm node/7147916985 'Phoenix Pagoda' 0.02km,"Google: JMW5+WF3 (establishment, point_of_interest, tourist_attraction); Google gave no name, plus code only"
Chaozhou,Xu Fuma Mansion (Prince Consort Xu's Residence),"23.6734801,116.642675",NO_GOOGLE_MATCH,,,,
Charleston,Waterfront Park and the Pineapple Fountain,"32.7780879,-79.9251889",GOOGLE_AGREES_UNNAMED,"32.778088,-79.925189",0.0,,"Google: 1 (establishment, point_of_interest, tourist_attraction); Google gave no name, plus code only"
Charlotte Amalie,99 Steps,"18.3426812,-64.9301299",GOOGLE_AGREES,"18.342681,-64.930130",0.0,,Google: 99 Steps (route)
Charlottetown,Province House National Historic Site,"46.23498619999999,-63.12612169999999",GOOGLE_AGREES_UNNAMED,"46.234975,-63.126181",0.005,,"Google: 165 (establishment, point_of_interest); Google gave no name, plus code only"
Charlottetown,Peake's Wharf and the Waterfront Boardwalk,"46.232229,-63.1231501",NO_GOOGLE_MATCH,,,,
Chefchaouen,The Blue Medina (old town),"35.1699105,-5.259769899999999",NO_GOOGLE_MATCH,,,,
Chefchaouen,Plaza Uta el-Hammam,"35.168796,-5.268364099999999",NO_GOOGLE_MATCH,,,,
Chefchaouen,Spanish Mosque viewpoint (Jemaa Bouzafar hilltop),"35.1656126,-5.2555827",NO_GOOGLE_MATCH,,,,
Chefchaouen,Ras El Maa waterfall and springs,"35.17102819999999,-5.2563894",NO_GOOGLE_MATCH,,,,
Chefchaouen,Akchour Waterfalls,"35.2397287,-5.1792707",GOOGLE_DISAGREES_NO_SECOND_SOURCE,"35.217715,-5.138269",4.457,,"Google: Akchour Waterfalls (establishment, park, point_of_interest)"
Chefchaouen,Bab el-Ain gate and Callejon El Asri,"35.170233,-5.263265",NO_GOOGLE_MATCH,,,,
Chengde,Qingchui Peak (Sledgehammer Rock),"40.97091899999999,117.949665",NO_GOOGLE_MATCH,,,,
Chengde,Yanyu Tower (Misty Rain Tower),"40.95149989999999,117.9634",NO_GOOGLE_MATCH,,,,
Chengdu,Jinli Ancient Street,"30.5722599,104.0665099",NO_GOOGLE_MATCH,,,,
Chetumal,Oxtankah archaeological site,"18.5437427,-88.2736115",NO_GOOGLE_MATCH,,,,
Chetumal,Kohunlich archaeological site,"18.5007158,-88.3260748",NO_GOOGLE_MATCH,,,,
Chetumal,Dzibanché archaeological site,"18.5001889,-88.296146",NO_GOOGLE_MATCH,,,,
Chetumal,Monumento al Mestizaje,"18.5044558,-88.3159154",GOOGLE_AGREES_UNNAMED,"18.504456,-88.315915",0.0,,"Google: 488 (establishment, point_of_interest, tourist_attraction); Google gave no name, plus code only"
Chiang Mai,Tha Phae Gate and the Old City walls,"18.7895271,98.9931818",NO_GOOGLE_MATCH,,,,
Chiang Rai,Chiang Rai Clock Tower,"19.9071489,99.8309632",NO_GOOGLE_MATCH,,,,
Chiang Rai,Singha Park,"19.8530809,99.74302139999999",GOOGLE_AGREES,"19.853081,99.743021",0.0,,"Google: Singha Park Chiang Rai (establishment, park, point_of_interest)"
Chiang Rai,Khun Korn Waterfall,"19.882503,99.616416",NO_GOOGLE_MATCH,,,,
Chios,Chios Castle and Kastro quarter,"38.5228185,26.2059459",NO_GOOGLE_MATCH,,,,
Chios,Kampos district,"38.36818239999999,26.1310056",NO_GOOGLE_MATCH,,,,
Chios,Daskalopetra (Teacher's Rock),"38.4210709,26.134397",NO_GOOGLE_MATCH,,,,
Chios,Korais Library and Argenti Museum,"38.367782,26.1368219",NO_GOOGLE_MATCH,,,,
Chios,Chios Maritime Museum,"38.3670669,26.1338568",NO_GOOGLE_MATCH,,,,
Chișinău,Dendrarium Park,"47.0877977,28.8636727",FIXED,"47.029336,28.812039",7.587,osm relation/9991571 'Dendrariu Park' 0.04km,"Google: Dendrarium Park (establishment, park, point_of_interest)"
Chișinău,Mihai Eminescu Central Park,"46.5228456,28.7728945",NO_GOOGLE_MATCH,,,,
Chișinău,Pushkin Museum House,"47.0317701,28.8366273",GOOGLE_AGREES_UNNAMED,"47.031770,28.836627",0.0,,"Google: 19 (establishment, museum, point_of_interest); Google gave no name, plus code only"
Chișinău,Chișinău Flea Market (Piața Centrală),"47.0128675,28.8559278",FIXED,"47.020441,28.840934",1.415,osm node/11098541905 'Javian Piața Centrala' 0.26km; wd Q19708311 'Piața Centrală din Chișinău' 0.18km,"Google: 63 (establishment, point_of_interest); Google gave no name, plus code only"
Chittagong,Chandanpura Shahi Jame Mosque (Masjid-e-Siraj ud-Daulah),"22.3752075,91.8348606",NO_GOOGLE_MATCH,,,,
Chongqing,Ciqikou Ancient Town,"29.58177,106.4501576",FIXED,"29.584342,106.446176",0.48,osm way/1242282393 'Ciqikou Ancient Town' 0.09km,"Google: Ciqikou Ancient Town (establishment, park, point_of_interest)"
Chongqing,Nanshan Yizhi Botanical Garden (One Tree Viewing Platform),"29.55656,106.62803",NO_GOOGLE_MATCH,,,,
Chongqing,Jiefangbei CBD Pedestrian Street,"29.556651,106.578677",NO_GOOGLE_MATCH,,,,
Chongqing,Guanyinqiao,"29.58171,106.54539",NO_GOOGLE_MATCH,,,,
Cienfuegos,Catedral de la Purísima Concepción,"22.1460112,-80.45183610000001",NO_GOOGLE_MATCH,,,,
Cienfuegos,Paseo del Prado and the Malecón,"22.1599753,-80.4437781",NO_GOOGLE_MATCH,,,,
Cinque Terre,Vernazza harbor and piazza,"44.1451286,9.646323599999999",NO_GOOGLE_MATCH,,,,
Cinque Terre,Manarola viewpoint (Punta Bonfiglio),"44.1075479,9.7254419",GOOGLE_AGREES_UNNAMED,"44.107548,9.725442",0.0,,"Google: 19 (establishment, point_of_interest, tourist_attraction); Google gave no name, plus code only"
Cinque Terre,Monterosso al Mare old town and beach,"44.1451854,9.646379399999999",NO_GOOGLE_MATCH,,,,
Cinque Terre,Il Gigante of Monterosso,"44.1446949,9.644588599999999",GOOGLE_AGREES_UNNAMED,"44.144695,9.644589",0.0,,"Google: 138 (establishment, point_of_interest); Google gave no name, plus code only"
Cluj-Napoca,Alexandru Borza Botanical Garden,"46.7624851,23.5884695",GOOGLE_AGREES_UNNAMED,"46.762485,23.588469",0.0,,"Google: 42 (establishment, point_of_interest, tourist_attraction); Google gave no name, plus code only"
Cluj-Napoca,Cetățuia Hill,"46.77533409999999,23.5816514",NO_GOOGLE_MATCH,,,,
Cluj-Napoca,Dormition of the Theotokos Orthodox Cathedral,"46.77171,23.5964659",NO_GOOGLE_MATCH,,,,
Cluj-Napoca,Museum Square and the Franciscan Church,"46.7716483,23.5872505",NO_GOOGLE_MATCH,,,,
Cluj-Napoca,Tailors' Bastion (Bastionul Croitorilor),"46.7682659,23.597385",GOOGLE_AGREES_UNNAMED,"46.768044,23.597499",0.026,,"Google: 35 (establishment, point_of_interest, tourist_attraction); Google gave no name, plus code only"
Cockburn Town,Front Street and Duke Street historic district,"21.4688041,-71.1468009",GOOGLE_AGREES,"21.468804,-71.146801",0.0,,Google: Duke Street & Front Street (intersection)
Cockburn Town,Columbus Landfall National Park,"21.453437,-71.15017809999999",GOOGLE_AGREES,"21.453437,-71.150178",0.0,,"Google: Columbus Landfall National Park Beach Access (establishment, park, point_of_interest)"
Cockburn Town,St. Thomas' Anglican Church,"21.4655111,-71.13909579999999",GOOGLE_AGREES_UNNAMED,"21.465511,-71.139096",0.0,,"Google: FV86+692 (church, establishment, place_of_worship); Google gave no name, plus code only"
Cockburn Town,Pillory Beach,"21.4805504,-71.1486836",NO_GOOGLE_MATCH,,,,
Coimbra,Rua Ferreira Borges and the Baixa,"40.208514,-8.4291139",GOOGLE_AGREES,"40.208514,-8.429114",0.0,,Google: Rua Ferreira Borges (route)
Cologne,KölnTriangle observation deck,"50.9404112,6.9718078",NO_GOOGLE_MATCH,,,,
Cologne,Rheinauhafen and the Kranhäuser (Crane Houses),"50.9285259,6.9631351",NO_GOOGLE_MATCH,,,,
Conakry,National Museum of Guinea,"9.5048183,-13.7093353",NO_GOOGLE_MATCH,,,,
Conakry,Camayenne Botanical Garden,"9.5308,-13.689522",NO_GOOGLE_MATCH,,,,
Conakry,Rogbané Beach,"9.573832999999999,-13.66305",GOOGLE_AGREES,"9.573833,-13.663050",0.0,,"Google: Rogbane (neighborhood, political)"
Conakry,Case d'Olivier de Sanderval,"9.5047366,-13.7090178",GOOGLE_AGREES_UNNAMED,"9.504737,-13.709018",0.0,,"Google: G73R+V9X (establishment, point_of_interest); Google gave no name, plus code only"
Constanța,National History and Archaeology Museum and Ovid Square,"44.1741824,28.6583699",NO_GOOGLE_MATCH,,,,
Constanța,Old Town peninsula and seafront promenade,"44.1759147,28.6519359",NO_GOOGLE_MATCH,,,,
Constanța,Constanța Dolphinarium,"44.1728896,28.6215154",GOOGLE_DISAGREES_NO_SECOND_SOURCE,"44.205499,28.643050",4.012,,"Google: 255 (establishment, museum, point_of_interest); Google gave no name, plus code only"
Constantine,The Casbah and Souika old town,"36.3569496,6.638871",NO_GOOGLE_MATCH,,,,
Constantine,Mellah Slimane footbridge (Passerelle Perrégaux),"36.3662886,6.6150721",GOOGLE_AGREES,"36.366289,6.615072",0.0,,"Google: Mellah Slimane Bridge (establishment, point_of_interest)"
Constantine,Tiddis Roman ruins,"36.4760748,6.4953997",NO_GOOGLE_MATCH,,,,
Córdoba,Sinagoga de Córdoba,"37.8797069,-4.7833429",GOOGLE_AGREES_UNNAMED,"37.879707,-4.783343",0.0,,"Google: 20 (establishment, museum, place_of_worship); Google gave no name, plus code only"
Corfu,Achilleion Palace,"39.5628042,19.9042949",NO_GOOGLE_MATCH,,,,
Corfu,Spianada Square,"39.6230813,19.9245342",GOOGLE_AGREES,"39.623081,19.924534",0.0,,"Google: Spianada Square (establishment, park, point_of_interest)"
Corfu,Kanoni viewpoint,"39.5921319,19.9168188",NO_GOOGLE_MATCH,,,,
Coron,Coron Island (Calis) limestone cliffs,"11.9283293,120.2397336",GOOGLE_AGREES,"11.928329,120.239734",0.0,,"Google: Coron Island (establishment, natural_feature)"
Coron,Japanese shipwrecks of Coron Bay,"11.8640347,120.182022",NO_GOOGLE_MATCH,,,,
Coron,Siete Pecados Marine Park,"11.9831304,120.2306276",GOOGLE_AGREES_UNNAMED,"11.983130,120.230628",0.0,,"Google: X6MJ+772 (establishment, point_of_interest, tourist_attraction); Google gave no name, plus code only"
Cortina d'Ampezzo,Tofana di Mezzo and the Freccia nel Cielo cable car,"46.5457702,12.1313807",NO_GOOGLE_MATCH,,,,
Cortina d'Ampezzo,Lagazuoi and its WWI tunnels,"46.5378431,12.1358821",NO_GOOGLE_MATCH,,,,
Cotonou,Ganvié Stilt Village,"6.469965699999999,2.4122257",NO_GOOGLE_MATCH,,,,
Cotonou,Cotonou Beach,"6.3486558,2.3303207",GOOGLE_AGREES_UNNAMED,"6.348656,2.330321",0.0,,"Google: 88XJ+F48 (establishment, point_of_interest, tourist_attraction); Google gave no name, plus code only"
Cotonou,Cotonou Friendship Bridge (Pont du Novotel),"6.3859642,2.3794872",NO_GOOGLE_MATCH,,,,
Cotonou,Cotonou Central Mosque,"6.357574899999999,2.4300791",NO_GOOGLE_MATCH,,,,
Cox's Bazar,Aggmeda Khyang,"21.4272184,92.0061058",NO_GOOGLE_MATCH,,,,
Cox's Bazar,Ramu Buddhist Village,"21.4291613,92.1066676",NO_GOOGLE_MATCH,,,,
Cuenca,Pumapungo Archaeological Park and Museum,"-2.9060989,-78.9968406",NO_GOOGLE_MATCH,,,,
Cuenca,El Barranco and Río Tomebamba,"-2.889011201451543,-79.03588754254118",NO_GOOGLE_MATCH,,,,
Cuiabá,Catedral Basílica do Senhor Bom Jesus,"-15.5977394,-56.0958926",NO_GOOGLE_MATCH,,,,
Cuiabá,Transpantaneira and the Pantanal (via Poconé),"-15.5954635,-56.0925824",NO_GOOGLE_MATCH,,,,
Cusco,Barrio de San Blas,"-13.513423,-71.970665",NO_GOOGLE_MATCH,,,,
Cusco,Hatun Rumiyoc and the Twelve-Angled Stone,"-13.5160115,-71.9762743",NO_GOOGLE_MATCH,,,,
Cyangugu,Nyungwe National Park Canopy Walkway,"-2.4830531,28.8965004",NO_GOOGLE_MATCH,,,,
Cyangugu,Rusizi River Border and Bridge,"-2.4830531,28.8965004",NO_GOOGLE_MATCH,,,,
Cyangugu,Gisakura Tea Estate,"-2.4419966,29.0450835",NO_GOOGLE_MATCH,,,,
Cyangugu,Mibirizi Catholic Church,"-2.5678421,28.9535215",NO_GOOGLE_MATCH,,,,
Cyangugu,Kamembe Town and Market,"-2.4830531,28.8965004",NO_GOOGLE_MATCH,,,,
Da Lat,Truc Lam Zen Monastery and Cable Car,"11.9036292,108.4357112",NO_GOOGLE_MATCH,,,,
Da Lat,Da Lat Cathedral (Chicken Church),"11.9360895,108.4377113",NO_GOOGLE_MATCH,,,,
Da Nang,Han Market,"16.0680836,108.224069",NO_GOOGLE_MATCH,,,,
Da Nang,APEC Park,"16.0587532,108.2235123",GOOGLE_AGREES,"16.058105,108.223243",0.078,,"Google: APEC Park (establishment, park, point_of_interest)"
Da Nang,Con Market (Cho Con),"16.0681275,108.2145213",GOOGLE_AGREES_UNNAMED,"16.067793,108.214483",0.037,,"Google: 90 (establishment, point_of_interest, tourist_attraction); Google gave no name, plus code only"
Dahab,The Lighthouse Reef,,NO_GOOGLE_MATCH,,,,
Dahab,Three Pools,"28.4353845,34.4573306",NO_GOOGLE_MATCH,,,,
Dahab,The Canyon,"28.5186708,34.5043039",NO_GOOGLE_MATCH,,,,
Dakar,Sandaga Market,"14.6722923,-17.4410428",GOOGLE_AGREES_UNNAMED,"14.672292,-17.441043",0.0,,"Google: 8 (establishment, point_of_interest); Google gave no name, plus code only"
Dakar,Théodore Monod Museum of African Art (IFAN),"14.6635326,-17.4381482",NO_GOOGLE_MATCH,,,,
Dali,Xiaoputuo Island,"25.808264,100.226477",GOOGLE_DISAGREES_NO_SECOND_SOURCE,"25.811405,100.225370",0.366,,"Google: Xiaoputuo (political, sublocality, sublocality_level_3)"
Damascus,Street Called Straight (Via Recta),"33.5094266,36.3179576",NO_GOOGLE_MATCH,,,,
Dar es Salaam,Msasani Slipway,"-6.7524365,39.2728695",NO_GOOGLE_MATCH,,,,
Darwin,WWII Oil Storage Tunnels,"-12.467528,130.845157",NO_GOOGLE_MATCH,,,,
Datong,Datong City Wall,"40.0853498,113.3154445",NO_GOOGLE_MATCH,,,,
Datong,Huayan Monastery,"40.0763699,113.30001",NO_GOOGLE_MATCH,,,,
Datong,Nine-Dragon Screen,"40.093236,113.303546",NO_GOOGLE_MATCH,,,,
Delhi,Akshardham Temple,"28.6126735,77.2772619",NO_GOOGLE_MATCH,,,,
Denizli,Pamukkale Travertines,"37.94179,29.1189251",NO_GOOGLE_MATCH,,,,
Denizli,Antique Pool (Cleopatra's Pool),"37.9259844,29.1256262",NO_GOOGLE_MATCH,,,,
Denizli,Denizli Teleferik and Bağbaşı Plateau,"37.7215076,29.1398636",NO_GOOGLE_MATCH,,,,
Denizli,Tripolis on the Meander,"37.7830159,29.0963328",NO_GOOGLE_MATCH,,,,
Denizli,Delikliçınar Square and the Denizli Rooster Statue,"37.7732796,29.0868879",NO_GOOGLE_MATCH,,,,
Denizli,Kaleiçi Bazaar,"37.7859221,29.0844709",NO_GOOGLE_MATCH,,,,
Denpasar,Puputan Badung Square,"-8.6569327,115.2176527",NO_GOOGLE_MATCH,,,,
Denpasar,Jagatnatha Temple,"-8.656637,115.2187903",GOOGLE_AGREES_UNNAMED,"-8.656637,115.218790",0.0,,"Google: 7 (establishment, hindu_temple, place_of_worship); Google gave no name, plus code only"
Denpasar,Maospahit Temple,"-8.6538408,115.2105013",NO_GOOGLE_MATCH,,,,
Denpasar,Blanjong Pillar (Prasasti Blanjong),"-8.705825599999999,115.2541485",GOOGLE_AGREES_UNNAMED,"-8.705826,115.254148",0.0,,"Google: 77V3+MM6 (establishment, point_of_interest, tourist_attraction); Google gave no name, plus code only"
Dhaka,National Parliament House (Jatiyo Sangsad Bhaban),"23.7623508,90.37848830000001",GOOGLE_AGREES,"23.762446,90.378627",0.018,,"Google: Jatiyo Sangsad Bhaban (premise, street_address)"
Dhaka,Buriganga River & Sadarghat Boat Terminal,"23.7055854,90.4097405",NO_GOOGLE_MATCH,,,,
Dijon,Rue des Forges and Maison Millière,"47.3228136,5.0419956",GOOGLE_AGREES_UNNAMED,"47.322814,5.041996",0.0,,"Google: 10, 12 (bar, establishment, food); Google gave no name, plus code only"
Dili,Santa Cruz Cemetery,"-8.5631265,125.5862014",GOOGLE_AGREES,"-8.563126,125.586201",0.0,,"Google: Santa Cruz (cemetery, establishment, point_of_interest)"
Dili,Resistance Museum (Arquivo & Museu da Resistência Timorense),"-8.5555556,125.5775",GOOGLE_AGREES_UNNAMED,"-8.555556,125.577500",0.0,,"Google: 4 (establishment, museum, point_of_interest); Google gave no name, plus code only"
Dili,National Parliament Building,"-8.5563336,125.5798233",NO_GOOGLE_MATCH,,,,
Djanet,Tegharghart (The Crying Cow),"24.3385926,9.460984",NO_GOOGLE_MATCH,,,,
Djanet,Djanet Oasis and Old Ksour,"24.554151,9.485429",NO_GOOGLE_MATCH,,,,
Djibouti City,Djibouti Central Market,"11.5721,43.1456",NO_GOOGLE_MATCH,,,,
Djibouti City,Place Menelik,"11.5721,43.1456",GOOGLE_DISAGREES_NO_SECOND_SOURCE,"11.594851,43.146828",2.533,,"Google: H4VW+WPW (establishment, point_of_interest, tourist_attraction); Google gave no name, plus code only"
Djibouti City,Djibouti Museum,"11.5942,43.1474",GOOGLE_DISAGREES_NO_SECOND_SOURCE,"11.588595,43.145365",0.662,,"Google: Djibouti (locality, political)"
Doha,The Pearl-Qatar,"25.368611,51.551583",NO_GOOGLE_MATCH,,,,
Douala,Notre-Dame des Victoires de New Bell,"4.0307236,9.7068256",GOOGLE_AGREES_UNNAMED,"4.030724,9.706826",0.0,,"Google: 1581 (church, establishment, place_of_worship); Google gave no name, plus code only"
Douala,Bonanjo Monument,"4.0394288,9.6870459",GOOGLE_AGREES,"4.039429,9.687046",0.0,,"Google: Bonanjo (political, sublocality, sublocality_level_1)"
Douala,Akwa District,"4.0531425,9.699582300000001",NO_GOOGLE_MATCH,,,,
Douala,Deido District,"4.0681364,9.7107273",NO_GOOGLE_MATCH,,,,
Douala,Bonabéri Bridge,"4.090287,9.6610134",GOOGLE_AGREES,"4.090287,9.661013",0.0,,"Google: Bonabéri (locality, political)"
Douala,Monument des Rois Akwa,"4.0531425,9.699582300000001",NO_GOOGLE_MATCH,,,,
Dubrovnik,Franciscan Monastery and Museum,"42.6417047,18.1076136",GOOGLE_AGREES_UNNAMED,"42.641705,18.107614",0.0,,"Google: 30 (establishment, museum, point_of_interest); Google gave no name, plus code only"
Dubrovnik,Minčeta Tower,"42.6430069,18.1083794",GOOGLE_AGREES_UNNAMED,"42.643007,18.108379",0.0,,"Google: 9 (establishment, point_of_interest, tourist_attraction); Google gave no name, plus code only"
Dubrovnik,Lokrum Island,"42.6310979,18.1176678",GOOGLE_AGREES,"42.631098,18.117668",0.0,,"Google: Lokrum (establishment, natural_feature)"
Durban,Golden Mile Beachfront,,NO_GOOGLE_MATCH,,,,
Durham,River Wear Riverbanks Walk,"54.77525,-1.584852",NO_GOOGLE_MATCH,,,,
Durham,Durham Market Place and Market Hall,"54.7771756,-1.5756915",GOOGLE_AGREES,"54.777173,-1.575949",0.017,,"Google: Durham Market Place (premise, street_address)"
Durrës,Byzantine Forum (Macellum),"41.31501249999999,19.4458052",GOOGLE_AGREES_UNNAMED,"41.315012,19.445805",0.0,,"Google: 8C8W+283 (establishment, point_of_interest); Google gave no name, plus code only"
Durrës,Vollga Promenade,"41.3099832,19.4428245",GOOGLE_AGREES,"41.309983,19.442825",0.0,,"Google: Vollga Promenade (establishment, park, point_of_interest)"
Durrës,Roman Baths of Durrës,"41.3147227,19.4465511",NO_GOOGLE_MATCH,,,,
Dushanbe,National Museum of Antiquities of Tajikistan,"38.5665633,68.7905717",GOOGLE_AGREES_UNNAMED,"38.566563,68.790572",0.0,,"Google: 7 (establishment, museum, point_of_interest); Google gave no name, plus code only"
Düsseldorf,Medienhafen (Media Harbour),"51.21457849999999,6.7549929",NO_GOOGLE_MATCH,,,,
Düsseldorf,Basilika St. Lambertus,"51.2282953,6.771586399999999",GOOGLE_AGREES_UNNAMED,"51.228295,6.771586",0.0,,"Google: 1 (church, establishment, place_of_worship); Google gave no name, plus code only"
Edirne,Üç Şerefeli Mosque,"41.6780844,26.553477",NO_GOOGLE_MATCH,,,,
Edirne,Karaağaç and the Lausanne Monument,"41.6526589,26.5200271",NO_GOOGLE_MATCH,,,,
Edirne,Sarayiçi and the Kırkpınar Arena,"41.6946005,26.5505246",NO_GOOGLE_MATCH,,,,
Edmonton,Rogers Place / Ice District,"53.54697549999999,-113.4978004",NO_GOOGLE_MATCH,,,,
Eilat,Underwater Observatory Marine Park,"29.5037774,34.9177235",NO_GOOGLE_MATCH,,,,
Eilat,Eilat Promenade (Tayelet),"29.5486649,34.9655035",GOOGLE_DISAGREES_NO_SECOND_SOURCE,"29.557669,34.951925",1.652,,"Google: Eilat's Promenade (establishment, park, point_of_interest)"
Eilat,Mount Tzfahot,,NO_GOOGLE_MATCH,,,,
Eilat,Eilat Birdwatching Park (IBRCE),"29.5724526,34.9717278",NO_GOOGLE_MATCH,,,,
El Calafate,Perito Moreno Glacier,"-50.3355838,-72.2617495",SKIPPED,,,,"landmark renamed/moved since September, or its pin changed since the CSV was written"
El Calafate,Los Glaciares National Park,"-50.337969,-72.2647981",SKIPPED,,,,"landmark renamed/moved since September, or its pin changed since the CSV was written"
El Calafate,Laguna Nimez Nature Reserve,"-50.3283488,-72.268301",NO_GOOGLE_MATCH,,,,
El Calafate,Lago Argentino and Bahia Redonda,"-50.3447083,-72.2792319",NO_GOOGLE_MATCH,,,,
El Calafate,Upsala Glacier boat cruise,"-50.3362905,-72.2634131",SKIPPED,,,,"landmark renamed/moved since September, or its pin changed since the CSV was written"
El Calafate,Walichu Caves (Punta Walichu),"-50.295354,-72.203091",GOOGLE_AGREES_UNNAMED,"-50.295354,-72.203091",0.0,,"Google: PQ4X+53 (establishment, museum, point_of_interest); Google gave no name, plus code only"
El Chaltén,Laguna de los Tres,"-49.28042610000001,-72.98596719999999",NO_GOOGLE_MATCH,,,,
El Nido,Taraw Cliff,"11.1790798,119.3888629",GOOGLE_AGREES_UNNAMED,"11.179080,119.388863",0.0,,"Google: 59HQ+JGQ (establishment, point_of_interest, tourist_attraction); Google gave no name, plus code only"
Encarnación,Sambodromo de Encarnación,"-27.3291947,-55.8749117",GOOGLE_AGREES_UNNAMED,"-27.329195,-55.874912",0.0,,"Google: M4CG+82G (establishment, point_of_interest); Google gave no name, plus code only"
Encarnación,Catedral Nuestra Señora de la Encarnación,"-27.3141767,-55.8871239",GOOGLE_AGREES,"-27.314177,-55.887124",0.0,,Google: Nuestra Señora de la Encarnación (route)
Encarnación,Antigua Estación del Ferrocarril,"-27.3263682,-55.867162",NO_GOOGLE_MATCH,,,,
Ensenada,Riviera del Pacífico Cultural Center,"31.86495379999999,-116.627052",NO_GOOGLE_MATCH,,,,
Ensenada,Ventana al Mar and the Malecón,"31.85917269999999,-116.6234597",NO_GOOGLE_MATCH,,,,
Ensenada,Mirador El Ciprés (Chapultepec Hill),"31.7930103,-116.5794921",GOOGLE_DISAGREES_NO_SECOND_SOURCE,"31.785242,-116.598463",1.99,,Google: Chapultepec (route)
Enshi,Qingjiang Wind-Rain Bridge,"30.2799353248491,109.3665455192339",NO_GOOGLE_MATCH,,,,
Erbil,Shar Park and the Citadel Fountains,"36.1885179,44.0107316",NO_GOOGLE_MATCH,,,,
Erbil,Erbil Civilization Museum,"36.1877383,44.0106983",NO_GOOGLE_MATCH,,,,
Erbil,Khanzad Castle,"36.3539265,44.1790473",NO_GOOGLE_MATCH,,,,
Erfurt,Fischmarkt and the Rathaus,"50.9779287,11.0291472",GOOGLE_AGREES_UNNAMED,"50.977929,11.029147",0.0,,"Google: 1 (city_hall, establishment, local_government_office); Google gave no name, plus code only"
Erfurt,Anger Square,"50.975901,11.0341147",GOOGLE_AGREES,"50.975901,11.034115",0.0,,Google: Anger (route)
Essaouira,Skala du Port and the Fishing Harbor,"31.5102721,-9.7741966",NO_GOOGLE_MATCH,,,,
Essaouira,Mellah and Haim Pinto Synagogue,"31.5159573,-9.7673285",NO_GOOGLE_MATCH,,,,
Essaouira,The Souks and Fish Market,"31.5144996,-9.768163",NO_GOOGLE_MATCH,,,,
Essaouira,Diabat and the Borj El Berod ruins,"31.4890154,-9.775700299999999",NO_GOOGLE_MATCH,,,,
Faro,Cidade Velha (Old Town) and Arco da Vila,"37.0146777,-7.934843300000001",NO_GOOGLE_MATCH,,,,
Faro,Milreu Roman Ruins,"37.0948263,-7.904565799999999",NO_GOOGLE_MATCH,,,,
Fenghuang,Fenghuang Ancient Town,"27.9484299,109.59832",NO_GOOGLE_MATCH,,,,
Fenghuang,Diaojiaolou Stilt Houses on the Tuojiang,"27.95075,109.59296",NO_GOOGLE_MATCH,,,,
Fenghuang,Hong Bridge (Hongqiao),"27.94843,109.60638",NO_GOOGLE_MATCH,,,,
Fenghuang,Tuojiang River Boat Ride,"27.936599,109.402642",GOOGLE_DISAGREES_NO_SECOND_SOURCE,"27.939777,109.397802",0.592,,"Google: Tuojiang River (establishment, natural_feature)"
Fenghuang,North Gate Tower (Bei Men),"27.9484299,109.59832",FIXED,"27.952445,109.599151",0.454,osm node/3522445565 'North Gate' 0.09km; csv-lead OSM 'North Gate' 0.09km,"Google: WJX3+HF2 (establishment, food, point_of_interest); Google gave no name, plus code only"
Fenghuang,Wanming Pagoda,"27.9484299,109.59832",NO_GOOGLE_MATCH,,,,
Fenghuang,Longevity Palace (Wanshou Gong),"27.9484299,109.59832",NO_GOOGLE_MATCH,,,,
Fès,Al Quaraouiyine Mosque and University,"34.0649299,-4.9733667",NO_GOOGLE_MATCH,,,,
Fès,Nejjarine Fountain and Museum of Wooden Arts,"34.0648041,-4.97577",NO_GOOGLE_MATCH,,,,
Fethiye,Tomb of Amyntas and the Lycian Rock Tombs,"36.6189981,29.118324",NO_GOOGLE_MATCH,,,,
Fethiye,Kayaköy Ghost Village,"36.5751381,29.0913086",NO_GOOGLE_MATCH,,,,
Fethiye,Saklıkent Gorge,"36.659246,29.126347",NO_GOOGLE_MATCH,,,,
Fethiye,Babadağ Mountain,"36.5283333,29.185",GOOGLE_AGREES,"36.528333,29.185000",0.0,,"Google: Babadağ (establishment, natural_feature)"
Fethiye,Fethiye Fish Market (Balık Pazarı),"36.6208496,29.1113058",GOOGLE_AGREES,"36.620850,29.111306",0.0,,"Google: Balık Pazarı (establishment, food, point_of_interest)"
Fethiye,Telmessos Amphitheatre,"36.5691282,29.1361622",NO_GOOGLE_MATCH,,,,
Fethiye,Tlos Ruins,"36.5540176,29.4187025",NO_GOOGLE_MATCH,,,,
Florence,Pitti Palace & Boboli Gardens,"43.7646547,11.2504654",NO_GOOGLE_MATCH,,,,
Flores,Flores Island Old Town and Malecón,,NO_GOOGLE_MATCH,,,,
Flores,Catedral Nuestra Señora de los Remedios y San Pablo,,NO_GOOGLE_MATCH,,,,
Flores,Jorge's Rope Swing,"16.9334211,-89.8774797",GOOGLE_AGREES_UNNAMED,"16.933421,-89.877480",0.0,,"Google: W4MF+926 (establishment, point_of_interest, tourist_attraction); Google gave no name, plus code only"
Flores,ARCAS Wildlife Rescue Center,"16.928826,-89.8722031",NO_GOOGLE_MATCH,,,,
Flores,San Miguel Village and Playita El Chechenal,"16.9448389,-89.8948748",NO_GOOGLE_MATCH,,,,
Florianópolis,Praia da Joaquina and the Dunes,"-27.6293577,-48.4490173",NO_GOOGLE_MATCH,,,,
Fort-de-France,Ancien Hôtel de Ville and Théâtre Aimé Césaire,"14.6065229,-61.0699546",NO_GOOGLE_MATCH,,,,
Fortaleza,Mucuripe Fish Market and Jangadas,"-3.725445,-38.48451",NO_GOOGLE_MATCH,,,,
Foz do Iguaçu,"Iguaçu Falls (Brazilian Side, Parque Nacional do Iguaçu)","-25.5165101,-54.585403",FIXED,"-25.695259,-54.436666",24.849,osm node/361426109 'Iguaçu Falls;Iguassu Falls' 0.15km; osm way/233048015 'Iguazu Falls' 0.50km,"Google: Iguazu Falls (establishment, park, point_of_interest)"
Foz do Iguaçu,Refúgio Biológico Bela Vista,"-25.4469558,-54.5840659",NO_GOOGLE_MATCH,,,,
Foz do Iguaçu,Catedral São João Batista,"-25.5472298,-54.5871515",NO_GOOGLE_MATCH,,,,
Freetown,Fort Thornton,"8.483969600000002,-13.2339566",GOOGLE_AGREES_UNNAMED,"8.483970,-13.233957",0.0,,"Google: FQM8+HCM (establishment, point_of_interest); Google gave no name, plus code only"
Freetown,Lakka Beach,"8.487080299999999,-13.2354918",FIXED,"8.396212,-13.266979",10.681,osm node/3063740656 'Lakka' 0.26km; osm way/34230206 'Lakka Beach' 0.53km,"Google: Lakka Beach (establishment, natural_feature)"
Freiburg,Freiburg Münster (Minster),"47.9955824,7.852789499999999",GOOGLE_AGREES_UNNAMED,"47.995582,7.852789",0.0,,"Google: 1 (church, establishment, place_of_worship); Google gave no name, plus code only"
Freiburg,Münsterplatz and the Münstermarkt,"47.9957702,7.8524147",NO_GOOGLE_MATCH,,,,
Freiburg,Schauinsland Cable Car,"47.9119444,7.8983333",NO_GOOGLE_MATCH,,,,
Freiburg,Rathausplatz and the New Town Hall,"47.9962095,7.8493519",GOOGLE_AGREES,"47.996209,7.849352",0.0,,Google: Rathausplatz (route)
Funafuti,Tuvalu Philatelic Bureau,"-8.527072,179.1930376",GOOGLE_AGREES_UNNAMED,"-8.527072,179.193038",0.0,,"Google: F5FV+56F (establishment, point_of_interest); Google gave no name, plus code only"
Funafuti,Tepuka Islet,"-8.4666667,179.1",NO_GOOGLE_MATCH,,,,
Funafuti,Fongafale Islet War Relics,"-8.5204754,179.1979716",NO_GOOGLE_MATCH,,,,
Funafuti,Tuvalu Government Building and Parliament House,"-8.5211471,179.1961926",NO_GOOGLE_MATCH,,,,
Funafuti,Funafuti Marine Conservation Area Vaiaku Islet,"-8.522239599999999,179.1964439",NO_GOOGLE_MATCH,,,,
Funafuti,Tuvalu National Library and Archives,"-8.5263194,179.1934252",GOOGLE_AGREES_UNNAMED,"-8.526319,179.193425",0.0,,"Google: F5FV+F9F (establishment, library, point_of_interest); Google gave no name, plus code only"
Funafuti,Funafuti Te Ano Beach and Foreshore,"-8.5211471,179.1961926",NO_GOOGLE_MATCH,,,,
Funchal,Zona Velha and Rua de Santa Maria,"32.6479044,-16.9009272",NO_GOOGLE_MATCH,,,,
Garmisch-Partenkirchen,Ludwigstrasse in Partenkirchen,"47.4940022,11.1107653",NO_GOOGLE_MATCH,,,,
Garmisch-Partenkirchen,AlpspiX Viewing Platform,"47.4392117,11.0502519",GOOGLE_AGREES_UNNAMED,"47.439212,11.050252",0.0,,"Google: 31 (establishment, point_of_interest); Google gave no name, plus code only"
Garmisch-Partenkirchen,Wank Mountain,"47.5072222,11.1436111",NO_GOOGLE_MATCH,,,,
Gaziantep,Bakırcılar Çarşısı (Coppersmiths' Bazaar),"37.0619833,37.3866826",NO_GOOGLE_MATCH,,,,
Gaziantep,Tahmis Kahvesi,"37.06132059999999,37.3877814",NO_GOOGLE_MATCH,,,,
Gaziantep,Panorama 25 Aralık Museum,"37.0628876,37.3974117",NO_GOOGLE_MATCH,,,,
Gdańsk,Żuraw (The Medieval Crane),"54.35049429999999,18.6575279",NO_GOOGLE_MATCH,,,,
Gdańsk,Długa Street and the Golden Gate,"54.3496766,18.6480469",GOOGLE_AGREES_UNNAMED,"54.349677,18.648047",0.0,,"Google: 1 (establishment, point_of_interest, tourist_attraction); Google gave no name, plus code only"
Gdańsk,Museum of the Second World War,"54.3560788,18.6599928",GOOGLE_AGREES_UNNAMED,"54.356079,18.659993",0.0,,"Google: 1 (establishment, museum, point_of_interest); Google gave no name, plus code only"
Genoa,The Caruggi (Historic Centre Alleys),"44.4089412,8.9332234",NO_GOOGLE_MATCH,,,,
Gent,Graslei and Korenlei,"51.0547683,3.72075",NO_GOOGLE_MATCH,,,,
George Town,George Town UNESCO Heritage Core,"5.4170037,100.3379775",NO_GOOGLE_MATCH,,,,
Ghardaïa,Ksar of Ghardaïa and the Great Mosque,"32.4943741,3.64446",NO_GOOGLE_MATCH,,,,
Ghardaïa,Ghardaïa Market Square (Place du Marché),"32.4876964,3.672904",GOOGLE_AGREES_UNNAMED,"32.487407,3.675487",0.244,,"Google: FMPG+X59 (establishment, point_of_interest); Google gave no name, plus code only"
Ghardaïa,The M'zab Palm Groves,"32.4943741,3.64446",NO_GOOGLE_MATCH,,,,
Ghardaïa,Ghardaïa Panoramic Viewpoint,"32.4943741,3.64446",NO_GOOGLE_MATCH,,,,
Gibraltar,Barbary Macaques at Apes' Den,"36.1322425,-5.3487311",NO_GOOGLE_MATCH,,,,
Gibraltar,Skywalk and Windsor Suspension Bridge,"36.1303551,-5.347626399999999",NO_GOOGLE_MATCH,,,,
Gilgit,Raja Bazaar (Gilgit Bazaar),"35.9231176,74.3053383",GOOGLE_AGREES,"35.923118,74.305338",0.0,,Google: Rajah Bazaar (route)
Gilgit,Chinar Bagh,"35.9229949,74.32598279999999",GOOGLE_AGREES,"35.922995,74.325983",0.0,,"Google: Chinar Bagh (premise, street_address)"
Gilgit,Gilgit River Confluence Walks,"35.920191,74.308008",NO_GOOGLE_MATCH,,,,
Girona,Rambla de la Llibertat and Plaça de la Independència,"41.9837022,2.8239713",NO_GOOGLE_MATCH,,,,
Gisenyi,Lake Kivu Public Beach,"-1.6990482,29.2560996",NO_GOOGLE_MATCH,,,,
Gisenyi,Gisenyi Waterfront Corniche,"-1.6957111,29.2515096",NO_GOOGLE_MATCH,,,,
Gisenyi,Imbabazi Gardens (Rosamond Carr's Mugongo),"-1.5943452,29.3864105",NO_GOOGLE_MATCH,,,,
Gisenyi,Pfunda Tea Estate,"-1.7004897,29.3193857",NO_GOOGLE_MATCH,,,,
Gisenyi,Gisenyi Central Market,"-1.6957094,29.2623926",NO_GOOGLE_MATCH,,,,
Gisenyi,Rubavu Genocide Memorial,,NO_GOOGLE_MATCH,,,,
Goma,Goma Cathedral Ruins (Notre-Dame ruins),"-1.658501,29.2204548",NO_GOOGLE_MATCH,,,,
Goma,Virunga Market and Birere District,"-1.658501,29.2204548",NO_GOOGLE_MATCH,,,,
Goma,Grande Barrière Border Crossing,"-1.658501,29.2204548",NO_GOOGLE_MATCH,,,,
Gondar,Fasilides' Castle,"12.6149147,37.4747996",NO_GOOGLE_MATCH,,,,
Gondar,Kuskuam Complex (Empress Mentewab's Palace),"12.6215798,37.4476938",NO_GOOGLE_MATCH,,,,
Gondar,Ras Gimb Palace Museum,"12.5981077,37.4505182",NO_GOOGLE_MATCH,,,,
Gondar,Wolleka Falasha Village,"12.6435497,37.4771592",GOOGLE_DISAGREES_NO_SECOND_SOURCE,"12.603018,37.452132",5.262,,"Google: JF32+6V2 (establishment, point_of_interest); Google gave no name, plus code only"
Gondar,Gondar Piazza,"12.6105915,37.4694142",NO_GOOGLE_MATCH,,,,
Gondar,Qusquam Debre Tsehay Church,"12.6225355,37.4466956",NO_GOOGLE_MATCH,,,,
Gondar,Ras Mikael Sehul's Palace,,GOOGLE_DISAGREES_NO_SECOND_SOURCE,"12.612946,37.471497",,,"Google: JF7C+5HH (establishment, point_of_interest); Google gave no name, plus code only"
Göreme,Paşabağ (Monks Valley),"38.67726529999999,34.8556884",NO_GOOGLE_MATCH,,,,
Göreme,Devrent Valley (Imagination Valley),"38.6726326,34.8858166",NO_GOOGLE_MATCH,,,,
Gothenburg,Haga District,"57.698553,11.9563423",NO_GOOGLE_MATCH,,,,
Gothenburg,Götaplatsen and the Poseidon Statue,"57.6973714,11.979319",NO_GOOGLE_MATCH,,,,
Gothenburg,Nya Älvsborg Fortress,"57.6857785,11.8386358",NO_GOOGLE_MATCH,,,,
Granada,Carrera del Darro and Paseo de los Tristes,"37.1783098,-3.5928579",GOOGLE_AGREES,"37.179200,-3.588771",0.375,,Google: Paseo de los Tristes (route)
Granada,Monastery of Cartuja,"37.1923158,-3.599789699999999",NO_GOOGLE_MATCH,,,,
Grenoble,Grenoble Old Town and Place Grenette,"45.1910671,5.7277605",NO_GOOGLE_MATCH,,,,
Grenoble,Saint-Laurent Archaeological Museum,"45.197623,5.7315569",GOOGLE_AGREES_UNNAMED,"45.197623,5.731557",0.0,,"Google: 4 (establishment, museum, point_of_interest); Google gave no name, plus code only"
Grenoble,Parc Paul Mistral and the Perret Tower,"45.1849538,5.735422499999999",NO_GOOGLE_MATCH,,,,
Guadalajara,Instituto Cultural Cabañas Plaza and Historic Center Plazas,"20.6751707,-103.3473385",NO_GOOGLE_MATCH,,,,
Guangzhou,Shamian Island,"23.1067982,113.2447706",FIXED,"23.109487,113.239448",0.621,wd Q529977 'Shamian' 0.00km,"Google: Shamiandao Island (establishment, natural_feature)"
Guarujá,Mirante da Campina (Campina Hill Lookout),"-23.9948234,-46.2491835",NO_GOOGLE_MATCH,,,,
Guatemala City,Metropolitan Cathedral,"14.6415554,-90.51210209999999",GOOGLE_AGREES_UNNAMED,"14.641555,-90.512102",0.0,,"Google: 6-73 (church, establishment, place_of_worship); Google gave no name, plus code only"
Guatemala City,Kaminaljuyu Archaeological Site,"14.6322709,-90.5485331",GOOGLE_AGREES_UNNAMED,"14.632271,-90.548533",0.0,,"Google: JFJ2+WH4 (establishment, museum, point_of_interest); Google gave no name, plus code only"
Guatemala City,Cerro del Carmen,"14.6468594,-90.5057305",GOOGLE_AGREES,"14.647510,-90.504833",0.121,,"Google: Cerrito Del Carmen (establishment, park, point_of_interest)"
Guayaquil,Municipal Palace of Guayaquil,"-2.1891341,-79.8899031",NO_GOOGLE_MATCH,,,,
Guayaquil,Guayaquil Historical Park,"-2.1430351,-79.8681704",GOOGLE_AGREES,"-2.143035,-79.868170",0.0,,"Google: Guayaquil Historical Park (establishment, park, point_of_interest)"
Guayaquil,Guayaquil Skyline,"-2.1704143,-79.9050241",NO_GOOGLE_MATCH,,,,
Guilin,Sun and Moon Pagodas (Riyue Shuang Ta),"25.25758,110.25519",NO_GOOGLE_MATCH,,,,
Guilin,Seven Star Park (Qixing Gongyuan),"25.268791,110.312122",GOOGLE_DISAGREES_NO_SECOND_SOURCE,"25.271590,110.307494",0.56,,"Google: 1 (establishment, point_of_interest, tourist_attraction); Google gave no name, plus code only"
Guilin,Diecai Hill (Folded Brocade Hill),"25.28707,110.30114",NO_GOOGLE_MATCH,,,,
Guilin,Jingjiang Princes' Palace and Solitary Beauty Peak,"25.283041,110.298749",NO_GOOGLE_MATCH,,,,
Gustavia,Gustavia Harbor,"17.8964345,-62.85220099999999",NO_GOOGLE_MATCH,,,,
Gustavia,Shell Beach (Plage de Shell Beach),"17.8927854,-62.8488004",GOOGLE_AGREES,"17.892785,-62.848800",0.0,,"Google: Shell Beach (establishment, natural_feature)"
Gustavia,Wall House Museum (Territorial Museum),"17.8983007,-62.8521179",NO_GOOGLE_MATCH,,,,
Gustavia,Notre-Dame de l'Assomption Catholic Church,"17.9054109,-62.8237278",NO_GOOGLE_MATCH,,,,
Gyeongju,Seokguram Grotto,"35.7951981,129.3503599",GOOGLE_AGREES_UNNAMED,"35.795198,129.350360",0.0,,"Google: 238 (establishment, place_of_worship, point_of_interest); Google gave no name, plus code only"
Gyeongju,Cheomseongdae Observatory,"35.8347306,129.2190014",GOOGLE_AGREES_UNNAMED,"35.834731,129.219001",0.0,,"Google: 839-1 (establishment, point_of_interest, tourist_attraction); Google gave no name, plus code only"
Gyeongju,Namsan Mountain,"35.768056,129.225556",GOOGLE_AGREES,"35.768056,129.225556",0.0,,"Google: Namsan (establishment, natural_feature)"
Hạ Long,Ti Top Island,"20.8590207,107.0809085",GOOGLE_AGREES,"20.859076,107.080151",0.079,,"Google: Ti Top Island (establishment, natural_feature)"
Hạ Long,Thien Cung Cave (Heavenly Palace Cave),"20.9126814,107.0172114",NO_GOOGLE_MATCH,,,,
Hạ Long,Sun World Ha Long and Queen Cable Car,"20.955588,107.0493252",NO_GOOGLE_MATCH,,,,
Hạ Long,Cua Van Floating Village,"20.9417785,107.1277751",GOOGLE_DISAGREES_NO_SECOND_SOURCE,"20.964612,107.075139",6.027,,Google: Cửa Vạn (route)
Hakodate,Mount Hakodate Night View,"41.7592941,140.703917",GOOGLE_AGREES,"41.759294,140.703917",0.0,,"Google: Mount Hakodate (establishment, natural_feature)"
Hakodate,Motomachi District and Hachiman-zaka Slope,"41.763042,140.71205",NO_GOOGLE_MATCH,,,,
Hamadan,Hegmataneh Hill (Ancient Ecbatana),"34.8084476,48.5163492",NO_GOOGLE_MATCH,,,,
Hamadan,Alvand Mountain,"34.763498,48.4024398",NO_GOOGLE_MATCH,,,,
Hamburg,Binnenalster & Alster Lakes,"53.5488282,9.987170299999999",GOOGLE_DISAGREES_NO_SECOND_SOURCE,"53.568056,10.005833",2.468,,"Google: Alster Lakes (establishment, natural_feature)"
Hamburg,Hamburg Cruise Terminal & Port,"53.5294335,9.9613836",NO_GOOGLE_MATCH,,,,
Hamilton,Perot Post Office and Bermuda Historical Society Museum,"32.2929655,-64.7865602",NO_GOOGLE_MATCH,,,,
Hangzhou,Hefang Street,"30.24012,120.17249",NO_GOOGLE_MATCH,,,,
Hanoi,Hanoi Old Quarter (36 Streets),"21.0352664,105.8500124",GOOGLE_AGREES,"21.035266,105.850012",0.0,,"Google: Old Quarter (neighborhood, political)"
Harar,Hyena Feeding at the City Gates,"9.3046809,42.1469765",NO_GOOGLE_MATCH,,,,
Harar,Arthur Rimbaud House (Rimbaud Cultural Center),"9.309916,42.1379149",NO_GOOGLE_MATCH,,,,
Harar,Grand Jami Mosque (Al-Jami Mosque),"9.3109748,42.1387744",GOOGLE_AGREES_UNNAMED,"9.310975,42.138774",0.0,,"Google: 10 (establishment, mosque, place_of_worship); Google gave no name, plus code only"
Harar,Shoa Gate (Asmaddin Beri),"9.3066095,42.1360694",NO_GOOGLE_MATCH,,,,
Harar,Gidir Magala Market,"9.3091828,42.138049",NO_GOOGLE_MATCH,,,,
Harar,Sherif Harar City Museum,"9.3124367,42.121843",NO_GOOGLE_MATCH,,,,
Harar,Harari Cultural House (Traditional Gey Gar),"9.310566,42.140047",GOOGLE_AGREES_UNNAMED,"9.310566,42.140047",0.0,,"Google: 846R+62F (establishment, point_of_interest); Google gave no name, plus code only"
Harar,Medhane Alem Cathedral,"9.3106447,42.1368974",GOOGLE_AGREES_UNNAMED,"9.310645,42.136897",0.0,,"Google: 846P+7Q2 (church, establishment, place_of_worship); Google gave no name, plus code only"
Harbin,Sun Island Scenic Area,"45.796022,126.59118",GOOGLE_DISAGREES_NO_SECOND_SOURCE,"45.794121,126.585262",0.505,,"Google: Sun Island Scenic Area (establishment, park, point_of_interest)"
Harbin,Songhua River and Stalin Park,"46.014938,127.590904",NO_GOOGLE_MATCH,,,,
Harbin,Flood Control Monument,"45.7567307,126.6424173",NO_GOOGLE_MATCH,,,,
Harbin,Volga Manor,"45.67054599999999,126.89939",NO_GOOGLE_MATCH,,,,
Harbin,Harbin Confucius Temple,"45.78125499999999,126.612443",NO_GOOGLE_MATCH,,,,
Havana,Fortaleza de San Carlos de la Cabaña,"23.133865,-82.3585654",FIXED,"23.147124,-82.349597",1.736,osm way/260057475 'Fortaleza de San Carlos de La Cabaña' 0.09km; osm relation/2732747 'Fortaleza de San Carlos de La Cabaña' 0.05km,"Google: 4MW2+R5R (establishment, point_of_interest, tourist_attraction); Google gave no name, plus code only"
Hebron,Ibrahimi Mosque / Cave of the Patriarchs (Al-Haram al-Ibrahimi),"31.5247051,35.110719",GOOGLE_AGREES_UNNAMED,"31.524705,35.110719",0.0,,"Google: G4F6+V7Q (establishment, place_of_worship, point_of_interest); Google gave no name, plus code only"
Hebron,Hebron Old City (UNESCO),"32.232209,34.945701",SKIPPED,,,,"landmark renamed/moved since September, or its pin changed since the CSV was written"
Hebron,Old City Souq (Casbah Market),,NO_GOOGLE_MATCH,,,,
Hebron,Hebron Glass and Ceramics Factories,"31.557286,35.100126",NO_GOOGLE_MATCH,,,,
Hebron,Ramat al-Khalil (Ancient Mamre),"31.5304303,35.0879406",NO_GOOGLE_MATCH,,,,
Hebron,"Nabi Yunis Shrine, Halhul",,NO_GOOGLE_MATCH,,,,
Heidelberg,Königstuhl Summit and Funicular,"49.4037,8.7277351",NO_GOOGLE_MATCH,,,,
Heidelberg,Heidelberg University and Old Assembly Hall (Alte Aula),"49.41066,8.706554299999999",GOOGLE_AGREES_UNNAMED,"49.411278,8.706211",0.073,,"Google: 1 (establishment, point_of_interest, university); Google gave no name, plus code only"
Heidelberg,Student Jail (Studentenkarzer),"49.4494166,8.4962714",FIXED,"49.411342,8.706703",15.796,wd Q1387313 'Studentenkarzer' 0.03km,"Google: 2 (establishment, museum, point_of_interest); Google gave no name, plus code only"
Heidelberg,Marktplatz and Kornmarkt,"49.4119863,8.7117016",NO_GOOGLE_MATCH,,,,
Heidelberg,Thingstätte and Heiligenberg,"49.4238453,8.706536999999999",NO_GOOGLE_MATCH,,,,
Helsinki,Suomenlinna Sea Fortress,"60.14539999999999,24.9881401",NO_GOOGLE_MATCH,,,,
Heraklion,Venetian Walls and Tomb of Kazantzakis,"35.3386746,25.1421291",NO_GOOGLE_MATCH,,,,
Heraklion,Venetian Loggia,"35.3398299,25.1340017",GOOGLE_AGREES_UNNAMED,"35.339830,25.134002",0.0,,"Google: 25 (establishment, point_of_interest, tourist_attraction); Google gave no name, plus code only"
Heraklion,Central Market on 1866 Street,"35.3384076,25.1331402",GOOGLE_AGREES_UNNAMED,"35.338408,25.133140",0.0,,"Google: 9 (establishment, point_of_interest, tourist_attraction); Google gave no name, plus code only"
Himeji,Otemae-dori Avenue,"34.8316474,134.6916006",NO_GOOGLE_MATCH,,,,
Hirosaki,Saisho-in Five-Storied Pagoda,"40.5963366,140.4686587",NO_GOOGLE_MATCH,,,,
Hirosaki,Mount Iwaki and Iwakiyama Shrine,"40.6220863,140.3403973",NO_GOOGLE_MATCH,,,,
Hobart,Constitution Dock and Sullivans Cove Waterfront,"-42.8831003,147.3334465",NO_GOOGLE_MATCH,,,,
Hoi An,Fujian Assembly Hall (Phuc Kien),"15.8774847,108.3306281",GOOGLE_AGREES_UNNAMED,"15.877485,108.330628",0.0,,"Google: 46 (establishment, point_of_interest, tourist_attraction); Google gave no name, plus code only"
Hoi An,Thu Bon River Lantern Boats and Night Market,"15.875503,108.3262087",NO_GOOGLE_MATCH,,,,
Hoi An,Hoi An Central Market,"15.875027,108.326172",NO_GOOGLE_MATCH,,,,
Hoi An,An Bang Beach,"15.9136072,108.3406489",NO_GOOGLE_MATCH,,,,
Hoi An,Tra Que Vegetable Village,"15.9023568,108.337635",NO_GOOGLE_MATCH,,,,
Hong Kong,Ngong Ping 360 / Tian Tan Buddha,"22.2539847,113.904984",REJECTED_ON_REVIEW,"22.256316,113.901416",0.449,osm relation/6587868 'Ngong Ping 360' 2.75km; osm relation/6587869 'Ngong Ping 360' 2.75km,"Google: Ngong Ping 360 (establishment, point_of_interest, tourist_attraction)"
Honiara,Iron Bottom Sound,"-9.25,160",NO_GOOGLE_MATCH,,,,
Honiara,Betikama War Relics Museum,"-9.4306698,159.9526758",NO_GOOGLE_MATCH,,,,
Honiara,"Parliament House, Honiara","-9.4341736,159.9558994",NO_GOOGLE_MATCH,,,,
Honolulu,Bishop Museum,"21.3330841,-157.8707112",GOOGLE_AGREES_UNNAMED,"21.332919,-157.870613",0.021,,"Google: 1525 (establishment, museum, point_of_interest); Google gave no name, plus code only"
Houmt El Souk,Houmt Souk Central Market (the souks),"33.8759693,10.8572832",NO_GOOGLE_MATCH,,,,
Houmt El Souk,Guellala Museum (Djerba Heritage Museum),"33.7286958,10.8557577",GOOGLE_AGREES,"33.728561,10.856237",0.047,,"Google: Guellala (locality, political)"
Houmt El Souk,Djerba Explore Park and Lalla Hadria Museum,"33.8759693,10.8572832",NO_GOOGLE_MATCH,,,,
Houmt El Souk,Sidi Mahrez Beach (Plage Sidi Mahres),"33.8614128,10.9785433",NO_GOOGLE_MATCH,,,,
Hua Hin,Wat Huay Mongkol,"12.5525227,99.8243687",NO_GOOGLE_MATCH,,,,
Hua Hin,Khao Takiab (Chopstick Hill),"12.510005,99.9775969",FIXED,"12.515000,99.982222",0.749,osm node/4026422554 'Khao Takiab' 0.04km; osm node/9832045285 'Wat Khao Takiab' 0.18km,"Google: Khao Takiap (establishment, natural_feature)"
Hua Hin,Maruekhathaiyawan Palace (Palace of Love and Hope),"12.6982924,99.96210819999999",NO_GOOGLE_MATCH,,,,
Hualien City,Qixingtan Beach,"24.0430498,121.6224926",GOOGLE_AGREES,"24.043050,121.622493",0.0,,"Google: Qixingtan Beach (establishment, natural_feature)"
Hualien City,Swallow Grotto (Yanzikou),"24.1726824,121.5668667",NO_GOOGLE_MATCH,,,,
Hualien City,Ji'an Qingxiu Temple (Qingxiu Yuan),"23.9736882,121.5647145",NO_GOOGLE_MATCH,,,,
Huangshan,West Sea Grand Canyon (Xihai Great Canyon),"29.7151699,118.33866",NO_GOOGLE_MATCH,,,,
Huangshan,Tunxi Old Street (Tunxi Laojie),"29.70842,118.30732",NO_GOOGLE_MATCH,,,,
Huangshan,Tangyue Memorial Archways,"29.86657,118.36959",NO_GOOGLE_MATCH,,,,
Huangshan,Huizhou Ancient City (Shexian),"29.8669929,118.4349294",GOOGLE_DISAGREES_NO_SECOND_SOURCE,"29.869323,118.429685",0.568,,"Google: Huizhou Ancient City (establishment, park, point_of_interest)"
Hurghada,Hurghada Marina,"27.22563630089617,33.84217537987125",GOOGLE_AGREES,"27.225636,33.842175",0.0,,"Google: Marina Hurghada (establishment, natural_feature)"
Hurghada,El Dahar Old Town and Bazaar,"27.2518573,33.8178499",NO_GOOGLE_MATCH,,,,
Hurghada,Sand City Hurghada,"27.099592,33.8230867",NO_GOOGLE_MATCH,,,,
Hurghada,Eastern Desert Bedouin villages and dunes,,NO_GOOGLE_MATCH,,,,
Ibadan,University of Ibadan Zoological Garden,"7.4428749,3.8947627",GOOGLE_AGREES_UNNAMED,"7.442875,3.894763",0.0,,"Google: CVVV+4WR (establishment, point_of_interest, zoo); Google gave no name, plus code only"
Ibadan,Dugbe Market,"7.3901596,3.881754599999999",NO_GOOGLE_MATCH,,,,
Ibadan,Oyo State Museum of Natural History,"7.3775355,3.9470396",NO_GOOGLE_MATCH,,,,
Ibadan,Oja'ba (Old Ibadan Market Quarter),"7.3742579,3.8951313",NO_GOOGLE_MATCH,,,,
Ibadan,Ibadan's Seven Hills Viewpoints,"7.3775355,3.9470396",NO_GOOGLE_MATCH,,,,
Ibiza,Café del Mar Sunset Strip,"38.9804098,1.296303",NO_GOOGLE_MATCH,,,,
Ibiza,Ibiza Town Harbour,"38.9106115,1.4376852",NO_GOOGLE_MATCH,,,,
Ica,Bodega Tacama,"-14.0013248,-75.71729069999999",NO_GOOGLE_MATCH,,,,
Ica,Bodega El Catador,"-14.0089836,-75.7541268",NO_GOOGLE_MATCH,,,,
Inhambane,Old Mosque of Inhambane,"-23.8790203,35.4025048",NO_GOOGLE_MATCH,,,,
Inhambane,Inhambane Railway Station and jetty (Ponte-cais),"-23.8790203,35.4025048",GOOGLE_DISAGREES_NO_SECOND_SOURCE,"-23.867412,35.379610",2.662,,"Google: 49MH+2RQ (establishment, food, point_of_interest); Google gave no name, plus code only"
Inhambane,Provincial Museum of Inhambane,"-23.8582893,35.3476374",NO_GOOGLE_MATCH,,,,
Inhambane,Dhow crossing to Maxixe,"-23.8606069,35.3468034",NO_GOOGLE_MATCH,,,,
Inhambane,Guinjata Bay and Jangamo beaches,"-24.1152811,35.3123257",NO_GOOGLE_MATCH,,,,
Innsbruck,Bergisel Ski Jump,"47.2490579,11.3994845",GOOGLE_AGREES_UNNAMED,"47.249058,11.399484",0.0,,"Google: 3 (establishment, point_of_interest, tourist_attraction); Google gave no name, plus code only"
Innsbruck,Maria-Theresien-Strasse and St. Anne's Column,"47.2650113,11.3945913",NO_GOOGLE_MATCH,,,,
Iquitos,Belén Market and floating district,"-3.7437644,-73.2515532",NO_GOOGLE_MATCH,,,,
Iquitos,Amazon Rescue Center (CREA),"-3.8836211,-73.3511434",NO_GOOGLE_MATCH,,,,
Iquitos,Pilpintuwasi Butterfly Farm and Amazon Animal Orphanage,"-3.7044395,-73.2829594",NO_GOOGLE_MATCH,,,,
Iquitos,Quistococha Lagoon and Tourist Park,"-3.7437644,-73.2515532",NO_GOOGLE_MATCH,,,,
Iquitos,Pacaya-Samiria National Reserve,"-3.7608413,-73.277233",NO_GOOGLE_MATCH,,,,
Irkutsk,Kazan Church (Church of Our Lady of Kazan),"52.4316816,104.1341907",NO_GOOGLE_MATCH,,,,
Irkutsk,Epiphany Cathedral (Bogoyavlensky Sobor),"52.29218299999999,104.282645",NO_GOOGLE_MATCH,,,,
Irkutsk,Church of the Savior (Spasskaya Church),"52.2854834,104.2890222",NO_GOOGLE_MATCH,,,,
Irkutsk,Znamensky Monastery,"52.30072029999999,104.2946548",GOOGLE_AGREES_UNNAMED,"52.300720,104.294655",0.0,,"Google: 14 (establishment, place_of_worship, point_of_interest); Google gave no name, plus code only"
Irkutsk,Volkonsky House Museum (Decembrists' Museum),"52.2854834,104.2890222",NO_GOOGLE_MATCH,,,,
Irkutsk,Babr Monument,"52.2754864,104.2772072",NO_GOOGLE_MATCH,,,,
Irkutsk,Angara Embankment and Moscow Gates,"52.2854834,104.2890222",NO_GOOGLE_MATCH,,,,
Islamabad,Saidpur Village,"33.7447138,73.0682391",GOOGLE_AGREES,"33.744714,73.068239",0.0,,Google: Saidpur Village Road (route)
İzmir,Bostanlı Sunset Point,"38.4572132,27.1000014",NO_GOOGLE_MATCH,,,,
Jaffna,Nallur Kandaswamy Kovil,"9.6745617,80.0294083",GOOGLE_AGREES_UNNAMED,"9.674562,80.029408",0.0,,"Google: M2FH+XM5 (establishment, hindu_temple, place_of_worship); Google gave no name, plus code only"
Jaffna,Keerimalai Springs and Naguleswaram Kovil,"9.814893399999999,80.0112431",NO_GOOGLE_MATCH,,,,
Jaffna,Mantri Manai and Sangili Thoppu archway,"9.6762485,80.035963",NO_GOOGLE_MATCH,,,,
Jamestown,Napoleon's Tomb (Sane Valley),"-15.9267879,-5.717124699999999",GOOGLE_DISAGREES_NO_SECOND_SOURCE,"-15.950000,-5.700000",3.165,,"Google: Sane Valley (establishment, natural_feature)"
Jasper,Maligne Lake and Spirit Island,"52.8732899,-118.0822838",NO_GOOGLE_MATCH,,,,
Jeddah,Al Rahma Mosque (Floating Mosque),"21.6485661,39.1008916",NO_GOOGLE_MATCH,,,,
Jeddah,Jeddah Sculpture Museum (Open-Air),"21.5291073,39.1610619",NO_GOOGLE_MATCH,,,,
Jeju City,Yongduam Rock (Dragon Head Rock),"33.5157583,126.5116346",GOOGLE_AGREES,"33.515758,126.511635",0.0,,"Google: Yongduam Rock (establishment, park, point_of_interest)"
Jeju City,Yongyeon Pond and Cloud Bridge,"33.5042779,126.519838",NO_GOOGLE_MATCH,,,,
Jeju City,Jeju Folk and Natural History Museum,"33.5042779,126.519838",NO_GOOGLE_MATCH,,,,
Jeonju,Omokdae and Imokdae Pavilions,"35.814387,127.154601",NO_GOOGLE_MATCH,,,,
Jeonju,Pungnammun Gate,"35.8134947,127.1475931",GOOGLE_AGREES_UNNAMED,"35.813495,127.147593",0.0,,"Google: 1 (establishment, point_of_interest); Google gave no name, plus code only"
Jeonju,Jaman Mural Village,"35.8142152,127.1572118",NO_GOOGLE_MATCH,,,,
Jeonju,Nambu Traditional Market,"35.8126868,127.1468566",NO_GOOGLE_MATCH,,,,
Jerez de la Frontera,Cartuja de Santa María de la Defensión (Charterhouse),"36.6539291,-6.0924641",NO_GOOGLE_MATCH,,,,
Jerez de la Frontera,Tabanco El Pasaje,"36.682846,-6.1361408",GOOGLE_AGREES_UNNAMED,"36.682846,-6.136141",0.0,,"Google: 8 (bar, establishment, food); Google gave no name, plus code only"
Jianshui,Jianshui Confucian Temple (Wenmiao),"23.611963,102.823647",FIXED,"23.617451,102.820251",0.702,osm way/1125106023 'Jianshui Confucius Temple' 0.09km; wd Q11065434 'Jianshui Confucian Temple' 0.09km,"Google: Jianshui Confucius Temple (establishment, park, point_of_interest)"
Jianshui,Chaoyang Tower (Chaoyang Gate),"23.616377,102.8195845",NO_GOOGLE_MATCH,,,,
Jianshui,Zhu Family Garden (Zhujia Huayuan),"23.616565,102.826465",GOOGLE_AGREES_UNNAMED,"23.619335,102.825075",0.339,,"Google: JR8G+JHG (establishment, parking, point_of_interest); Google gave no name, plus code only"
Jianshui,Jianshui Ancient Town (Lin'an Old Town),"23.61588,102.82459",GOOGLE_AGREES_UNNAMED,"23.618646,102.823198",0.339,,"Google: JR8F+9R4 (establishment, point_of_interest); Google gave no name, plus code only"
Jianshui,Xuezheng Examination Hall (Qing Imperial Examination Office),"23.6349899,102.82699",NO_GOOGLE_MATCH,,,,
Jianshui,West Gate Ancient Well (Daban Well),"23.6349899,102.82699",FIXED,"23.611847,102.818901",2.702,osm way/1434324768 'Daban Well' 0.08km,"Google: JR5C+J4M (establishment, point_of_interest); Google gave no name, plus code only"
Jianshui,Jianshui Ancient Town Small Train (Lin'an Station),"23.61588,102.82459",NO_GOOGLE_MATCH,,,,
Jianshui,Zitao Street (Purple Pottery Street),"23.6167123,102.8208082",NO_GOOGLE_MATCH,,,,
Jingdezhen,Taoxichuan Ceramic Art Avenue,"29.3094,117.23347",NO_GOOGLE_MATCH,,,,
Jingdezhen,Imperial Kiln Museum,"29.2932578,117.2078329",NO_GOOGLE_MATCH,,,,
Jingdezhen,Ancient Kiln Folk Customs Museum (Guyao),"29.283861,117.184555",NO_GOOGLE_MATCH,,,,
Jingdezhen,Jingdezhen China Ceramics Museum,"29.2686899,117.1783899",NO_GOOGLE_MATCH,,,,
Jingdezhen,Longzhu Pavilion (Dragon Pearl Pavilion),"29.2686899,117.1783899",NO_GOOGLE_MATCH,,,,
Jingdezhen,Sanbao Ceramic Art Village,"29.3071,117.1816",NO_GOOGLE_MATCH,,,,
Jingdezhen,Taoyangli Historic District,"29.2686899,117.1783899",NO_GOOGLE_MATCH,,,,
Jingdezhen,Fuliang Ancient County Town and Red Pagoda,"29.3515899,117.21523",NO_GOOGLE_MATCH,,,,
Jinghong,Mengle Grand Buddha Temple (Wat Mengle),"21.997896,100.810628",NO_GOOGLE_MATCH,,,,
Jinghong,Gaozhuang Xishuangjing Starlight Night Market,"22.00792,100.81943",NO_GOOGLE_MATCH,,,,
Jinghong,Wild Elephant Valley,"22.1670858,100.8659364",NO_GOOGLE_MATCH,,,,
Jinghong,Dai Ethnic Garden (Ganlanba),"22.0000799,100.77163",NO_GOOGLE_MATCH,,,,
Jinghong,Lancang (Mekong) Riverfront and Night Cruise,"22.0000799,100.77163",NO_GOOGLE_MATCH,,,,
João Pessoa,Picãozinho Natural Pools,"-7.118835199999999,-34.8814339",NO_GOOGLE_MATCH,,,,
João Pessoa,Hotel Globo and the Historic Center,"-7.1124999,-34.8888057",NO_GOOGLE_MATCH,,,,
Jodhpur,Ghanta Ghar (Clock Tower) and Sardar Market,"26.2943082,73.02320929999999",GOOGLE_AGREES,"26.295118,73.024028",0.122,,"Google: Clock Tower (premise, street_address)"
Jodhpur,Blue City Old Town (Navchokiya),"26.2389469,73.02430939999999",GOOGLE_DISAGREES_NO_SECOND_SOURCE,"26.294305,73.014146",6.238,,"Google: Navchowkiya (neighborhood, political)"
Jodhpur,Mandore Gardens,"26.3525047,73.0353164",GOOGLE_AGREES,"26.352505,73.035316",0.0,,"Google: Mandore (establishment, museum, point_of_interest)"
Juba,White Nile Riverfront,"4.853856599999999,31.58252539999999",NO_GOOGLE_MATCH,,,,
Juba,Konyo Konyo Market,"4.8358501,31.6085538",GOOGLE_AGREES_UNNAMED,"4.835850,31.608554",0.0,,"Google: RJP5+8CV (establishment, point_of_interest); Google gave no name, plus code only"
Juba,Nyakuron Cultural Centre,"4.8438454,31.5853463",GOOGLE_AGREES,"4.843845,31.585346",0.0,,"Google: Nyakuron cultural center (establishment, point_of_interest)"
Kagoshima,Iso Garden and Shoko Shuseikan,"31.617316,130.576297",NO_GOOGLE_MATCH,,,,
Kagoshima,Shiroyama Observatory,"31.6056382,130.5464088",NO_GOOGLE_MATCH,,,,
Kagoshima,Sakurajima Yogan Nagisa Park Foot Bath,"31.5912892,130.5939151",GOOGLE_AGREES,"31.591289,130.593915",0.0,,"Google: Sakurajima Yōgan Nagisa Park. (establishment, park, point_of_interest)"
Kagoshima,Reimeikan and Tsurumaru Castle ruins,"31.5972465,130.5553833",GOOGLE_AGREES,"31.597247,130.555383",0.0,,Google: Tsurumaru Castle Ruins (intersection)
Kaifeng,Lord Bao Memorial Temple (Baogong Ci),"34.792561,114.338673",GOOGLE_DISAGREES_NO_SECOND_SOURCE,"34.793400,114.332778",0.546,,"Google: 1 (establishment, point_of_interest, tourist_attraction); Google gave no name, plus code only"
Kaifeng,Gulou (Drum Tower) Night Market,"34.7886099,114.34816",NO_GOOGLE_MATCH,,,,
Kaifeng,Po Pagoda (Fan Pagoda),"34.769205,114.364885",NO_GOOGLE_MATCH,,,,
Kairouan,Kairouan Carpet Souks,"35.8603908,10.5946152",NO_GOOGLE_MATCH,,,,
Kalamata,Church of the Holy Apostles (Agii Apostoli),"37.0435271,22.1131366",NO_GOOGLE_MATCH,,,,
Kalamata,Kalamata Old Town,"37.0484861,22.0724934",GOOGLE_DISAGREES_NO_SECOND_SOURCE,"37.043005,22.114618",3.788,,"Google: 10 (establishment, point_of_interest, real_estate_agency); Google gave no name, plus code only"
Kalamata,Kalamata Waterfront and Marina,"37.0945505,22.0476706",NO_GOOGLE_MATCH,,,,
Kalamata,Monastery of Kalograion (Nuns' Monastery),"37.0441057,22.1174226",NO_GOOGLE_MATCH,,,,
Kalamata,Kalamata Costume Museum (Benaki Museum Annex),"37.044789,22.1145976",NO_GOOGLE_MATCH,,,,
Kaliningrad,Fort No. 5 (King Friedrich Wilhelm III Fort),,NO_GOOGLE_MATCH,,,,
Kamakura,Meigetsu-in Temple (Hydrangea Temple),"35.3348896,139.5515225",GOOGLE_AGREES_UNNAMED,"35.334916,139.551539",0.003,,"Google: 189 (establishment, place_of_worship, point_of_interest); Google gave no name, plus code only"
Kanazawa,Ōmichō Market,"36.5717335,136.6558651",GOOGLE_AGREES_UNNAMED,"36.571734,136.655865",0.0,,"Google: 50-1 (establishment, point_of_interest); Google gave no name, plus code only"
Kanazawa,Nagamachi Samurai District and Nomura-ke Residence,"36.5642058,136.6500324",NO_GOOGLE_MATCH,,,,
Kanazawa,Kazue-machi Chaya District,"36.5722715,136.6637401",GOOGLE_AGREES_UNNAMED,"36.572271,136.663740",0.0,,"Google: 5 (establishment, point_of_interest, tourist_attraction); Google gave no name, plus code only"
Kandy,Udawattakele Forest Reserve,"7.2988782,80.6424033",NO_GOOGLE_MATCH,,,,
Kandy,"Lankatilaka, Gadaladeniya and Embekka Temples","7.2340309,80.56493739999999",NO_GOOGLE_MATCH,,,,
Kandy,Kandy Central Market,"7.292147,80.63450999999999",NO_GOOGLE_MATCH,,,,
Kangding,Mugecuo Lake (Muge Tso),"30.1527778,101.8547222",GOOGLE_AGREES,"30.155636,101.853207",0.35,,"Google: Mugecuo (establishment, natural_feature)"
Kangding,Paoma Mountain (Paomashan),"30.029796,101.996442",GOOGLE_AGREES,"30.032520,101.994824",0.341,,"Google: Paoma Mountain (establishment, natural_feature)"
Kangding,Anjue Temple (Ngachu Monastery),"30.0544099,101.96308",NO_GOOGLE_MATCH,,,,
Kangding,Zheduo Mountain Pass,"30.113849,101.797043",GOOGLE_AGREES,"30.116605,101.795395",0.345,,"Google: Zheduo Mountain (establishment, natural_feature)"
Kangding,Erdaoqiao Hot Springs,"30.084339,101.951941",GOOGLE_AGREES,"30.087064,101.950643",0.328,,"Google: Erdaoqiao Hot Spring (establishment, natural_feature)"
Kangding,Kangding Old Town and Zheduo River Squares,"29.98816,101.886012",NO_GOOGLE_MATCH,,,,
Kangding,Jingang Temple (Vajra Monastery),"30.0544099,101.96308",NO_GOOGLE_MATCH,,,,
Kano,Kano Central Mosque,"11.9948207,8.5176465",GOOGLE_DISAGREES_NO_SECOND_SOURCE,"12.012612,8.530002",2.392,,"Google: 2G7J+22R (establishment, mosque, place_of_worship); Google gave no name, plus code only"
Kaohsiung,Love River (Ai He),"22.64985125945071,120.3060680544741",GOOGLE_AGREES,"22.649851,120.306068",0.0,,"Google: Love River (establishment, natural_feature)"
Karakol,Holy Trinity Orthodox Cathedral,"42.4782102,78.39559860000001",NO_GOOGLE_MATCH,,,,
Karakol,Karakol Valley National Park,"42.3090934,78.4870258",NO_GOOGLE_MATCH,,,,
Karakol,Issyk-Kul Lake Shore,"42.4832821,78.4000716",NO_GOOGLE_MATCH,,,,
Karakol,Karakol Ski Base,"42.4081333,78.4661271",GOOGLE_AGREES_UNNAMED,"42.408133,78.466127",0.0,,"Google: CF58+7F2 (establishment, point_of_interest, tourist_attraction); Google gave no name, plus code only"
Karbala,Imam Husayn Shrine,"32.6163341,44.0325336",NO_GOOGLE_MATCH,,,,
Karbala,Shrine of Al-Hurr al-Riyahi,"32.6475778,43.9746643",NO_GOOGLE_MATCH,,,,
Karbala,Karbala Old City Souks,"32.6027147,44.01969870000001",NO_GOOGLE_MATCH,,,,
Karbala,Maqam of Imam al-Mahdi,"32.6027147,44.01969870000001",NO_GOOGLE_MATCH,,,,
Karimabad,Altit Fort and Royal Garden,"36.3172554,74.68116719999999",NO_GOOGLE_MATCH,,,,
Karimabad,Ganish Village,"36.3132333,74.667855",NO_GOOGLE_MATCH,,,,
Karimabad,Karimabad Bazaar,"36.3257123,74.6692091",NO_GOOGLE_MATCH,,,,
Karlovy Vary,Diana Observation Tower,"50.2189781,12.8722801",GOOGLE_AGREES_UNNAMED,"50.218978,12.872280",0.0,,"Google: 360 01 (establishment, point_of_interest, tourist_attraction); Google gave no name, plus code only"
Kaş,Lion Tomb (King's Tomb),"36.199913,29.6395499",NO_GOOGLE_MATCH,,,,
Kaş,Kekova Sunken City,"36.199913,29.63955",NO_GOOGLE_MATCH,,,,
Kaş,Kaş Old Town and Harbour,"36.199913,29.63955",NO_GOOGLE_MATCH,,,,
Kaş,Doric Rock Tomb,"36.199913,29.63955",NO_GOOGLE_MATCH,,,,
Kaş,Limanağzı Bay,"36.17232389999999,29.64993",NO_GOOGLE_MATCH,,,,
Kaş,Büyük Çakıl Beach,"36.1916213,29.6515803",NO_GOOGLE_MATCH,,,,
Kashgar,Kashgar Grand (Sunday) Bazaar,"39.4677199,75.99381",NO_GOOGLE_MATCH,,,,
Kashgar,Sunday Livestock Market,"39.4677199,75.99381",NO_GOOGLE_MATCH,,,,
Kashgar,Gaotai Ancient Homes,"39.47084,76.001268",NO_GOOGLE_MATCH,,,,
Kashgar,Handicraft Street (Ostangboyi),"39.4677199,75.99381",NO_GOOGLE_MATCH,,,,
Kashgar,Mor Pagoda (Mo'er Buddhist Stupa),"39.4677199,75.99381",NO_GOOGLE_MATCH,,,,
Kayseri,Grand Mosque (Ulu Cami),"38.720489,35.48259700000001",GOOGLE_AGREES,"38.720172,35.485330",0.24,,Google: Ulu Cami Caddesi (route)
Kayseri,Kayseri Covered Bazaar and Vezirhan,"38.720489,35.48259700000001",NO_GOOGLE_MATCH,,,,
Kazan,Kul Sharif Mosque,"55.7983713,49.1052365",GOOGLE_AGREES_UNNAMED,"55.798371,49.105236",0.0,,"Google: 13 (establishment, mosque, place_of_worship); Google gave no name, plus code only"
Kazan,Annunciation Cathedral,"55.7998516,49.1058719",NO_GOOGLE_MATCH,,,,
Kazan,Sviyazhsk Island Town,"55.7710745,48.6583572",GOOGLE_AGREES,"55.771074,48.658357",0.0,,"Google: Sviyazhsk (locality, political)"
Kelowna,Waterfront Park and Ogopogo Statue,"49.88652459999999,-119.4989853",NO_GOOGLE_MATCH,,,,
Kermanshah,Emad od-Dowleh Mosque,"34.3276924,47.0777685",NO_GOOGLE_MATCH,,,,
Khartoum,Confluence of the Blue and White Niles,"15.597431,32.535587",NO_GOOGLE_MATCH,,,,
Khartoum,Whirling Dervishes of Hamed al-Nil,"15.597431,32.535587",NO_GOOGLE_MATCH,,,,
Kigali,Inema Art Center,"-1.9443617,30.0907095",NO_GOOGLE_MATCH,,,,
Kigali,Nyamirambo Neighborhood,"-1.991181,30.0463012",NO_GOOGLE_MATCH,,,,
Kingston,Tuff Gong Recording Studio,"18.0178743,-76.8099041",NO_GOOGLE_MATCH,,,,
Kingstown,Kingstown Botanic Gardens,,NO_GOOGLE_MATCH,,,,
Kingstown,Bequia Island,"13.0117059,-61.2272312",GOOGLE_AGREES,"13.011706,-61.227231",0.0,,"Google: Bequia (establishment, natural_feature)"
Kingstown,Kingstown Harbour,"12.90447,-61.2765569",NO_GOOGLE_MATCH,,,,
Kingstown,Kingstown Public Market,,NO_GOOGLE_MATCH,,,,
Kinshasa,Limete Interchange Tower,"-4.3546851,15.3475693",NO_GOOGLE_MATCH,,,,
Kinshasa,Lumumba Mausoleum,"-4.3597727,15.3279486",NO_GOOGLE_MATCH,,,,
Klaipėda,Old Town Fachwerk Warehouses,,NO_GOOGLE_MATCH,,,,
Klaipėda,Meridianas Sailing Ship,"55.7103893,21.1350717",NO_GOOGLE_MATCH,,,,
Klaipėda,Klaipėda Castle Site and Museum 39/45,"55.70575299999999,21.1282741",NO_GOOGLE_MATCH,,,,
Klaipėda,Black Ghost Sculpture (Juodasis Vaiduoklis),"55.70661519999999,21.1268342",GOOGLE_AGREES_UNNAMED,"55.706615,21.126834",0.0,,"Google: 22 (establishment, point_of_interest, tourist_attraction); Google gave no name, plus code only"
Knysna,Knysna Lagoon,"-34.0406024,23.0548265",NO_GOOGLE_MATCH,,,,
Knysna,Diepwalle Forest and Big Tree,"-33.94866,23.15737",NO_GOOGLE_MATCH,,,,
Knysna,Noetzie Beach,"-34.0799908,23.1286314",NO_GOOGLE_MATCH,,,,
Knysna,Jubilee Creek and the Goldfields,"-34.03507889999999,23.0464579",NO_GOOGLE_MATCH,,,,
Ko Samui,Hin Ta and Hin Yai Rocks,"9.4521891,100.0395383",NO_GOOGLE_MATCH,,,,
Ko Samui,Na Muang Waterfalls,"9.4668075,99.98377219999999",NO_GOOGLE_MATCH,,,,
Ko Samui,Lad Koh Viewpoint,"9.499005499999999,100.0599805",GOOGLE_AGREES_UNNAMED,"9.499005,100.059980",0.0,,"Google: F3X5+JX5 (establishment, point_of_interest, tourist_attraction); Google gave no name, plus code only"
Kobe,Kitano Ijinkan District,"34.7013924,135.1904004",NO_GOOGLE_MATCH,,,,
Koblenz,Koblenz Cable Car (Seilbahn),"50.3671783,7.615192100000001",NO_GOOGLE_MATCH,,,,
Koblenz,Old Town and Jesuitenplatz,"50.3605354,7.5978727",GOOGLE_AGREES,"50.360535,7.597873",0.0,,Google: Jesuitenplatz (route)
Koblenz,Rhine Promenade (Konrad-Adenauer-Ufer),"50.3360391,7.7273396",REJECTED_ON_REVIEW,"50.300761,7.601893",9.732,osm way/48765745 'Rheinpromenade' 0.05km; osm way/64822409 'Rheinpromenade' 0.03km,Google: Rheinpromenade (route)
Koblenz,Marksburg Castle,"50.271987,7.649388500000001",NO_GOOGLE_MATCH,,,,
Konstanz,Imperia Statue,"47.6607658,9.1810989",NO_GOOGLE_MATCH,,,,
Konstanz,Mainau Island,"47.70548640000001,9.195575",GOOGLE_AGREES,"47.705486,9.195575",0.0,,"Google: Mainau (establishment, natural_feature)"
Konstanz,Niederburg Quarter,"47.665177,9.175875",NO_GOOGLE_MATCH,,,,
Konstanz,Rosgarten Museum,"47.659911,9.174787199999999",GOOGLE_AGREES_UNNAMED,"47.659911,9.174787",0.0,,"Google: 3-5 (establishment, museum, point_of_interest); Google gave no name, plus code only"
Konstanz,Stadtgarten and Lake Promenade,"47.6779808,9.1736741",NO_GOOGLE_MATCH,,,,
Konya,Whirling Dervish Sema Ceremony,,NO_GOOGLE_MATCH,,,,
Konya,Karatay Medrese,"37.8749886,32.4928654",NO_GOOGLE_MATCH,,,,
Konya,Şems-i Tebrizi Mosque and Tomb,"37.9020398,32.4498785",NO_GOOGLE_MATCH,,,,
Konya,Sille Village,"37.927207,32.419745",NO_GOOGLE_MATCH,,,,
Kotor,Kotor City Walls and St. John's Fortress,"42.42361111,18.77194444",NO_GOOGLE_MATCH,,,,
Kotor,Napoleon's Theatre,"42.4254183,18.7695208",GOOGLE_AGREES_UNNAMED,"42.425422,18.769503",0.002,,"Google: 432 (establishment, point_of_interest); Google gave no name, plus code only"
Kotor,Cats Museum of Kotor,"42.4250993,18.7702537",NO_GOOGLE_MATCH,,,,
Krabi,"Four Islands Tour (Ko Poda, Chicken Island, Ko Tup, Ko Mor)","8.0854803,98.9062856",NO_GOOGLE_MATCH,,,,
Krabi,Khao Khanab Nam,"8.0774014,98.92063669999999",NO_GOOGLE_MATCH,,,,
Krabi,Krabi Town Riverfront and Night Market,"8.0331554,98.8281735",NO_GOOGLE_MATCH,,,,
Kralendijk,Klein Bonaire and No Name Beach,"12.1567923,-68.3041169",NO_GOOGLE_MATCH,,,,
Kralendijk,Salt Pans and Slave Huts,"12.0578405,-68.2806919",NO_GOOGLE_MATCH,,,,
Kralendijk,Pekelmeer Flamingo Sanctuary,"12.1498095,-68.2763129",NO_GOOGLE_MATCH,,,,
Kuala Lumpur,Masjid Jamek,"3.1489235,101.6956276",NO_GOOGLE_MATCH,,,,
Kuching,Fort Margherita and the Brooke Gallery,"1.5606039,110.3494709",NO_GOOGLE_MATCH,,,,
Kuching,Main Bazaar and Carpenter Street,"1.5582653,110.3459455",NO_GOOGLE_MATCH,,,,
Kuching,Cat Statues of Kuching,"1.5577146,110.3526949",NO_GOOGLE_MATCH,,,,
Kumamoto,Sakura-no-baba Josaien,"32.8036711,130.7037558",GOOGLE_AGREES_UNNAMED,"32.803671,130.703756",0.0,,"Google: 1-2 (establishment, point_of_interest, tourist_attraction); Google gave no name, plus code only"
Kumamoto,Honmyoji Temple,"32.8170368,130.6888163",NO_GOOGLE_MATCH,,,,
Kumamoto,Shimotori and Kamitori Arcades,"32.7981873,130.7088858",NO_GOOGLE_MATCH,,,,
Kunming,"Dragon Gate, Western Hills (Xishan)","24.934343,102.638444",REJECTED_ON_REVIEW,"25.041505,102.663479",12.18,osm node/3114075050 'Xishan' 0.16km; wd Q2030923 'Xishan' 0.05km,"Google: Xishan (political, sublocality, sublocality_level_1)"
Kunming,Yunnan Nationalities Village,"24.967737,102.667391",GOOGLE_DISAGREES_NO_SECOND_SOURCE,"24.970796,102.666056",0.366,,"Google: 1310 (establishment, point_of_interest, tourist_attraction); Google gave no name, plus code only"
Kunming,Bamboo Temple (Qiongzhu Temple),"25.0624,102.6213",NO_GOOGLE_MATCH,,,,
Kunming,Golden Horse and Jade Rooster Memorial Archway,"24.8796599,102.83322",NO_GOOGLE_MATCH,,,,
Kurashiki,Kurashiki Canal Boat Ride,"34.5849782,133.7719812",NO_GOOGLE_MATCH,,,,
Kurashiki,Kurashiki Ivy Square,"34.5947279,133.7745473",GOOGLE_AGREES_UNNAMED,"34.594728,133.774547",0.0,,"Google: 2 (establishment, lodging, point_of_interest); Google gave no name, plus code only"
Kurashiki,Japan Rural Toy Museum,"34.5950576,133.7714446",NO_GOOGLE_MATCH,,,,
Kurashiki,Kojima Jeans Street,"34.4695944,133.8015776",GOOGLE_AGREES_UNNAMED,"34.469594,133.801578",0.0,,"Google: 5 (establishment, point_of_interest); Google gave no name, plus code only"
Kuşadası,Kaleiçi Old Town,"37.8596122,27.2578529",NO_GOOGLE_MATCH,,,,
Kuşadası,Kuşadası Grand Bazaar,"37.8602862,27.255595",NO_GOOGLE_MATCH,,,,
Kuşadası,Kordon Promenade,,NO_GOOGLE_MATCH,,,,
Kusatsu,Netsu-no-yu (Yumomi Show),"36.6227418,138.5962956",GOOGLE_AGREES_UNNAMED,"36.622742,138.596296",0.0,,"Google: 414 (establishment, point_of_interest, tourist_attraction); Google gave no name, plus code only"
Kusatsu,Sainokawara Park,"36.6241602,138.5896634",GOOGLE_AGREES,"36.624160,138.589663",0.0,,"Google: Sainokawara Park (establishment, park, point_of_interest)"
Kusatsu,Sainokawara Open-Air Bath,"36.6243123,138.5883882",GOOGLE_AGREES_UNNAMED,"36.624312,138.588388",0.0,,"Google: 521-3 (establishment, point_of_interest, spa); Google gave no name, plus code only"
Kusatsu,Kosenji Temple,"36.6218197,138.5953027",NO_GOOGLE_MATCH,,,,
Kusatsu,Gozanoyu Bathhouse,"36.6223167,138.5960028",NO_GOOGLE_MATCH,,,,
Kusatsu,Otakinoyu,"36.6228749,138.6030592",GOOGLE_AGREES,"36.622875,138.603059",0.0,,Google: Otakinoyu Street (route)
Kusatsu,Shirane Shrine,"36.6247472,138.5962764",NO_GOOGLE_MATCH,,,,
Kusatsu,Nishinokawara Park,"36.6234757,138.595494",NO_GOOGLE_MATCH,,,,
Kuwait City,Souq Al-Mubarakiya,"29.3751638,47.9741436",NO_GOOGLE_MATCH,,,,
Kyiv,Andriyivskyy Descent,"50.4598069,30.5161398",GOOGLE_AGREES,"50.459807,30.516140",0.0,,Google: Andriivs'kyi descent (route)
La Ceiba,Catedral San Isidro and Parque Central,"15.7831796,-86.7906521",NO_GOOGLE_MATCH,,,,
La Ceiba,La Ceiba Malecón (seafront boardwalk),"15.7890451,-86.7942981",NO_GOOGLE_MATCH,,,,
La Ceiba,Museum of Butterflies and Other Insects,"15.7698337,-86.7928282",NO_GOOGLE_MATCH,,,,
La Ceiba,Reynaldo Canales Tourist Pier,"15.7894931,-86.7954781",NO_GOOGLE_MATCH,,,,
La Romana,Parque Central and Iglesia Santa Rosa de Lima,"18.4240167,-68.9663313",NO_GOOGLE_MATCH,,,,
La Romana,Teeth of the Dog Golf Course,"18.4058755,-68.9244404",NO_GOOGLE_MATCH,,,,
La Romana,Dye Fore Golf Course,"18.4303943,-68.8943479",REJECTED_ON_REVIEW,"18.423430,-68.891187",0.843,osm way/198907138 'Dye Fore' 0.87km,"Google: C4F5+9GG (establishment, point_of_interest, tourist_attraction); Google gave no name, plus code only"
La Romana,Central Romana Sugar Mill,"18.4157945,-68.9676032",GOOGLE_AGREES,"18.417031,-68.964067",0.398,,"Google: Central Romana (neighborhood, political)"
La Serena,Catedral de La Serena and Plaza de Armas,"-29.8683892,-71.2274627",FIXED,"-29.902997,-71.250983",4.467,osm relation/20030152 'Catedral de La Serena' 0.01km; wd Q5557919 'Catedral de La Serena' 0.00km,"Google: Catedral de La Serena (premise, street_address)"
La Serena,La Recova Market,"-29.9016128,-71.2463272",NO_GOOGLE_MATCH,,,,
La Serena,Barrio Inglés,"-29.9174955,-71.255121",NO_GOOGLE_MATCH,,,,
Laayoune,Moulay Abdel Aziz Grand Mosque,"27.1572164,-13.2047778",NO_GOOGLE_MATCH,,,,
Laayoune,Colline aux Oiseaux,"27.1500384,-13.1990758",NO_GOOGLE_MATCH,,,,
Laayoune,Old Spanish Quarter (Colonial Lower Town),"27.1500384,-13.1990758",NO_GOOGLE_MATCH,,,,
Laayoune,Souk Djemal (camel market district),"27.1500384,-13.1990758",NO_GOOGLE_MATCH,,,,
Laayoune,Ensemble Artisanal (craft complex),"27.1568876,-13.2054427",GOOGLE_AGREES_UNNAMED,"27.156888,-13.205443",0.0,,"Google: 5Q4V+QR3 (establishment, point_of_interest); Google gave no name, plus code only"
Laayoune,Souk ez-Zaj,,NO_GOOGLE_MATCH,,,,
Labuan Bajo,Manta Point,"-8.49246,119.8773097",NO_GOOGLE_MATCH,,,,
Labuan Bajo,Kampung Ujung Night Fish Market,"-8.488692799999999,119.8759229",NO_GOOGLE_MATCH,,,,
Lalibela,Bete Amanuel,"12.0317341,39.0455979",GOOGLE_AGREES_UNNAMED,"12.031734,39.045598",0.0,,"Google: 22JW+M6X (church, establishment, place_of_worship); Google gave no name, plus code only"
Lalibela,Bete Golgota-Mikael,"12.033694,39.0431358",NO_GOOGLE_MATCH,,,,
Lalibela,Bete Merkorios,"12.031611,39.0453931",GOOGLE_AGREES_UNNAMED,"12.031502,39.045430",0.013,,"Google: 22JW+J53 (church, establishment, place_of_worship); Google gave no name, plus code only"
Lamu,Shela Beach,"-2.2970223,40.9154553",NO_GOOGLE_MATCH,,,,
Lamu,Shela Village,"-2.2931011,40.9138671",NO_GOOGLE_MATCH,,,,
Lamu,Swahili House Museum,"-2.266855,40.9007489",GOOGLE_AGREES_UNNAMED,"-2.266855,40.900749",0.0,,"Google: PWM2+684 (establishment, museum, point_of_interest); Google gave no name, plus code only"
Lamu,Lamu Donkey Sanctuary,"-2.304635,40.9208929",NO_GOOGLE_MATCH,,,,
Lamu,Harambee Avenue,"-2.264993,40.9004235",NO_GOOGLE_MATCH,,,,
Las Palmas de Gran Canaria,Vegueta Old Town,"28.0974503,-15.4158001",NO_GOOGLE_MATCH,,,,
Las Vegas,Eiffel Tower at Paris Las Vegas,"36.1124833,-115.1725102",NO_GOOGLE_MATCH,,,,
Las Vegas,The Venetian's Grand Canal,"36.1223898,-115.1674242",NO_GOOGLE_MATCH,,,,
Lausanne,Ouchy Waterfront,"46.510155,6.626487",NO_GOOGLE_MATCH,,,,
Lausanne,Sauvabelin Tower and Lake,"46.5353269,6.6385283",GOOGLE_AGREES,"46.535327,6.638528",0.0,,"Google: Sauvabelin (establishment, landmark, point_of_interest)"
Le Gosier,Friday Night Market of Gosier,"16.2182006,-61.4552213",NO_GOOGLE_MATCH,,,,
Le Gosier,Étang du Mitan,,NO_GOOGLE_MATCH,,,,
Leipzig,Old Town Hall and Markt,"51.3405689,12.374312",GOOGLE_AGREES,"51.340569,12.374312",0.0,,Google: Markt (route)
Leipzig,Mädler Passage and Auerbachs Keller,"51.3396848,12.3754921",NO_GOOGLE_MATCH,,,,
Leipzig,Leipzig Baumwollspinnerei,"51.3278254,12.3200435",GOOGLE_AGREES_UNNAMED,"51.327825,12.320044",0.0,,"Google: 7 (art_gallery, establishment, point_of_interest); Google gave no name, plus code only"
Labuan Bajo,Pink Beach (Pantai Merah),,GOOGLE_DISAGREES_NO_SECOND_SOURCE,"-8.498546,119.882729",,,"Google: GV2M+H3Q (establishment, point_of_interest, store); Google gave no name, plus code only"
Leshan,Lingyun Temple,"29.542022,103.776471",NO_GOOGLE_MATCH,,,,
Leshan,Jiuqu Plank Road,"29.5522099,103.76539",NO_GOOGLE_MATCH,,,,
Leshan,Giant Buddha River Cruise (Sleeping Buddha view),"29.5441309,103.7715369",NO_GOOGLE_MATCH,,,,
Leshan,Wuyou Temple,"29.5189,103.776905",GOOGLE_DISAGREES_NO_SECOND_SOURCE,"29.521678,103.774705",0.375,,"Google: GQ9G+HQ6 (establishment, place_of_worship, point_of_interest); Google gave no name, plus code only"
Leshan,Mahao Cliff Tombs Museum,"29.552115,103.765678",NO_GOOGLE_MATCH,,,,
Leshan,Oriental Buddha Park,"29.5418216,103.7742282",NO_GOOGLE_MATCH,,,,
Leshan,Leshan Confucian Temple,"29.5396713,103.7701307",NO_GOOGLE_MATCH,,,,
Leshan,Laoxiaoding,"29.5851296,103.747791",NO_GOOGLE_MATCH,,,,
Leticia,Amazon River excursions,"-4.203164999999999,-69.935907",NO_GOOGLE_MATCH,,,,
Leticia,Mundo Amazónico Ethnobotanical Park,"-4.203164999999999,-69.935907",NO_GOOGLE_MATCH,,,,
Leticia,Museo Etnográfico de Leticia,"-4.214233699999999,-69.94358350000002",GOOGLE_AGREES_UNNAMED,"-4.214234,-69.943584",0.0,,"Google: 9-43 (establishment, museum, point_of_interest); Google gave no name, plus code only"
Leticia,Flor Lagoon,"-4.2148689,-69.9381962",NO_GOOGLE_MATCH,,,,
Leticia,Acuarios Etuena,,NO_GOOGLE_MATCH,,,,
Leticia,Yahuarcaca Lakes,,NO_GOOGLE_MATCH,,,,
Lhasa,Jokhang Temple,"29.650237,91.133861",GOOGLE_AGREES_UNNAMED,"29.652962,91.132320",0.338,,"Google: M42M+3GX (establishment, place_of_worship, point_of_interest); Google gave no name, plus code only"
Lhasa,Barkhor Street,"29.648649,91.133454",NO_GOOGLE_MATCH,,,,
Lhasa,Chakpori Hill,"29.6526199,91.13775",NO_GOOGLE_MATCH,,,,
Libreville,Cathédrale Sainte-Marie,"0.4028511,9.4363248",GOOGLE_AGREES_UNNAMED,"0.402851,9.436325",0.0,,"Google: CC3P+4GW (church, establishment, place_of_worship); Google gave no name, plus code only"
Libreville,National Museum of Arts and Traditions,"0.4077972,9.440283299999999",NO_GOOGLE_MATCH,,,,
Libreville,Église Saint-Michel de Nkembo,"0.4091427,9.4575961",GOOGLE_AGREES_UNNAMED,"0.409143,9.457596",0.0,,"Google: CF55+M25 (church, establishment, place_of_worship); Google gave no name, plus code only"
Libreville,Presidential Palace of Gabon,"0.3924832,9.4420638",GOOGLE_AGREES,"0.392114,9.442614",0.074,,"Google: Presidential Palace (premise, street_address)"
Lijiang,Wangu Tower on Lion Hill,"26.8702,100.23233",NO_GOOGLE_MATCH,,,,
Lijiang,Shuhe Ancient Town,"26.915079,100.207049",GOOGLE_DISAGREES_NO_SECOND_SOURCE,"26.918591,100.205890",0.407,,"Google: W684+2RM (establishment, point_of_interest, tourist_attraction); Google gave no name, plus code only"
Lijiang,Baisha Village and Murals,"26.95013,100.21582",NO_GOOGLE_MATCH,,,,
Lijiang,Blue Moon Valley (Lanyue Gu),"27.125833,100.244686",FIXED,"27.129323,100.243557",0.404,osm way/1000077392 'Blue Moon Valley' 0.16km,"Google: 46GV+8VM (establishment, point_of_interest, tourist_attraction); Google gave no name, plus code only"
Lijiang,Sifang Street (Square Market),"26.87215,100.23371",GOOGLE_DISAGREES_NO_SECOND_SOURCE,"26.875648,100.232843",0.398,,"Google: V6CM+RHX (establishment, point_of_interest); Google gave no name, plus code only"
Lijiang,Big Water Wheel,"26.8794749,100.2321835",NO_GOOGLE_MATCH,,,,
Lilongwe,Kamuzu Mausoleum,"-13.9460625,33.7847656",NO_GOOGLE_MATCH,,,,
Lilongwe,Nyika National Park,"-13.9865252,33.76806",NO_GOOGLE_MATCH,,,,
Lilongwe,Old Town Market,"-13.9819791,33.7663509",NO_GOOGLE_MATCH,,,,
Lilongwe,Lilongwe City Mall,"-13.9867852,33.7702789",GOOGLE_AGREES_UNNAMED,"-13.986785,33.770279",0.0,,"Google: 2Q7C+74J (establishment, point_of_interest, shopping_mall); Google gave no name, plus code only"
Lima,Basilica and Convent of San Francisco,"-12.0456555,-77.026905",GOOGLE_AGREES_UNNAMED,"-12.045656,-77.026905",0.0,,"Google: XX3F+P6Q (church, establishment, museum); Google gave no name, plus code only"
Liverpool,Pier Head and the Three Graces,"53.4052285,-2.9953805",NO_GOOGLE_MATCH,,,,
Livingstone,Devil's Pool and Livingstone Island,"-17.8481789,25.8557277",NO_GOOGLE_MATCH,,,,
Livingstone,Zambezi River Sunset Cruise,"-17.8481789,25.8557277",NO_GOOGLE_MATCH,,,,
Ljubljana,Ljubljanica River Embankments,"46.0461608,14.5050387",NO_GOOGLE_MATCH,,,,
Ljubljana,Ljubljana Central Market,"46.05114,14.5094908",GOOGLE_AGREES_UNNAMED,"46.051140,14.509491",0.0,,"Google: 6 (establishment, point_of_interest, tourist_attraction); Google gave no name, plus code only"
Lomé,Grand Marché de Lomé,"6.1271125,1.2265156",GOOGLE_AGREES_UNNAMED,"6.127112,1.226516",0.0,,"Google: 46GG+RJR (establishment, point_of_interest); Google gave no name, plus code only"
Lomé,Akodessewa Fetish Market,"6.1576318,1.267046",GOOGLE_DISAGREES_NO_SECOND_SOURCE,"6.291245,1.084130",25.091,,"Google: 5758+3R3 (establishment, point_of_interest, tourist_attraction); Google gave no name, plus code only"
Lomé,Lomé Beach,"6.166353,1.3456033",NO_GOOGLE_MATCH,,,,
Lomé,Lomé Grand Marché Textile District,"6.1397976,1.2491783",NO_GOOGLE_MATCH,,,,
Lomé,Wharf Français (Old Colonial Pier),"6.129557699999999,1.2196502",NO_GOOGLE_MATCH,,,,
Lomé,Lomé Central Station (Gare de Lomé),"6.129557699999999,1.2196502",NO_GOOGLE_MATCH,,,,
Longyearbyen,Longyearbyen's Colorful Houses and Polar Bear Sign,"78.2177382,15.7109578",NO_GOOGLE_MATCH,,,,
Luanda,Luanda Bay & Marginal Promenade,"-8.7905549,13.2403779",NO_GOOGLE_MATCH,,,,
Luanda,Kalandula Falls,"-8.8146556,13.2301756",NO_GOOGLE_MATCH,,,,
Luang Prabang,Mount Phousi,"19.890322,102.1370062",NO_GOOGLE_MATCH,,,,
Luang Prabang,Royal Palace Museum (Haw Kham),"19.8922222,102.1355556",GOOGLE_AGREES_UNNAMED,"19.892222,102.135556",0.0,,"Google: 27 (establishment, museum, place_of_worship); Google gave no name, plus code only"
Luang Prabang,Morning Alms Giving (Tak Bat),"19.883285,102.1387166",NO_GOOGLE_MATCH,,,,
Luang Prabang,Luang Prabang Night Market,"19.8892734,102.1340698",NO_GOOGLE_MATCH,,,,
Luang Prabang,Ban Chan Pottery Village,"19.877207,102.1092865",NO_GOOGLE_MATCH,,,,
Lübeck,Lübeck Old Town (Altstadt Island),"53.8678197,10.6926075",NO_GOOGLE_MATCH,,,,
Lübeck,European Hansemuseum,"53.8741412,10.6895337",GOOGLE_AGREES_UNNAMED,"53.874141,10.689534",0.0,,"Google: 1 (establishment, museum, point_of_interest); Google gave no name, plus code only"
Lübeck,Niederegger Marzipan Café and Museum,"53.8654673,10.6865593",NO_GOOGLE_MATCH,,,,
Lugano,Cathedral of San Lorenzo,"46.004648,8.9488393",NO_GOOGLE_MATCH,,,,
Luoyang,Lijing Gate and Luoyang Old Town,"34.741827,112.638854",NO_GOOGLE_MATCH,,,,
Luoyang,Luoyang Museum,"34.642079,112.45335",FIXED,"34.643084,112.447096",0.583,osm way/295599891 'Luoyang Museum' 0.18km,"Google: JFR3+R8Q (establishment, museum, point_of_interest); Google gave no name, plus code only"
Luoyang,Sui and Tang Luoyang City National Heritage Park,"34.680064,112.460103",NO_GOOGLE_MATCH,,,,
Luoyang,Guanlin Temple,"34.607705,112.48364",NO_GOOGLE_MATCH,,,,
Luoyang,Wangcheng Park Peony Gardens,"34.664139,112.420892",NO_GOOGLE_MATCH,,,,
Luoyang,Guanyintang and Xiaolangdi Dam Scenic Area,"34.6181299,112.45402",NO_GOOGLE_MATCH,,,,
Lusaka,Zambia National Assembly Building,"-15.4154677,28.2773267",NO_GOOGLE_MATCH,,,,
Lusaka,Kenneth Kaunda Statue,"-15.4111167,28.318794",GOOGLE_AGREES_UNNAMED,"-15.411117,28.318794",0.0,,"Google: H8Q9+HG3 (establishment, point_of_interest); Google gave no name, plus code only"
Lusaka,Manda Hill Shopping Centre,"-15.3949521,28.3081051",NO_GOOGLE_MATCH,,,,
Lviv,High Castle Hill (Vysokyi Zamok),"49.8485255,24.0362359",GOOGLE_AGREES,"49.847091,24.037132",0.172,,Google: Vysokyi Zamok Street (route)
Lviv,Dominican Church (Church of the Holy Eucharist),"49.8427498,24.0338232",NO_GOOGLE_MATCH,,,,
Lyon,Traboules de Lyon,"45.7627248,4.8278892",GOOGLE_AGREES_UNNAMED,"45.762725,4.827889",0.0,,"Google: 27 (establishment, point_of_interest); Google gave no name, plus code only"
Maastricht,Vrijthof Square,"50.8493818,5.687712",GOOGLE_AGREES,"50.849382,5.687712",0.0,,Google: Vrijthof (route)
Maastricht,Boekhandel Dominicanen,"50.8500903,5.6898884",GOOGLE_AGREES_UNNAMED,"50.850090,5.689888",0.0,,"Google: 1 (book_store, establishment, point_of_interest); Google gave no name, plus code only"
Macau,Coloane Village,"22.1178966,113.5519312",GOOGLE_AGREES,"22.117897,113.551931",0.0,,"Google: Coloane Village (locality, political)"
Maceió,Pontal da Barra and Mundaú Lagoon,"-9.696044299999999,-35.777715",GOOGLE_AGREES,"-9.696044,-35.777715",0.0,,"Google: Pontal da Barra (political, sublocality, sublocality_level_1)"
Maceió,Mirante da Sereia,"-9.5619444,-35.6438889",NO_GOOGLE_MATCH,,,,
Maceió,Marechal Deodoro Historic Town,"-9.7115414,-35.8956476",GOOGLE_AGREES,"-9.711541,-35.895648",0.0,,"Google: Marechal Deodoro (locality, political)"
Maceió,Palácio Floriano Peixoto and Praça dos Martírios,"-9.6602617,-35.7397513",NO_GOOGLE_MATCH,,,,
Madrid,Fountain of Cibeles,"40.4193326,-3.6930825",GOOGLE_AGREES_UNNAMED,"40.419333,-3.693083",0.0,,"Google: S/N (establishment, point_of_interest, tourist_attraction); Google gave no name, plus code only"
Madurai,Thirumalai Nayakkar Palace,"9.9150904,78.1237483",GOOGLE_AGREES,"9.915090,78.123748",0.0,,"Google: Thirumalai Nayakkar Palace (premise, street_address)"
Madurai,Puthu Mandapam,"9.920145699999999,78.1212534",GOOGLE_AGREES,"9.920146,78.121253",0.0,,"Google: Pudhu Mandapam (premise, street_address)"
Magelang,Pawon Temple (Candi Pawon),"-7.6061706,110.2195822",GOOGLE_AGREES_UNNAMED,"-7.606171,110.219582",0.0,,"Google: 96V9+GRP (establishment, place_of_worship, point_of_interest); Google gave no name, plus code only"
Magelang,Taman Kyai Langgeng,"-7.4843948,110.2105462",GOOGLE_AGREES,"-7.484395,110.210546",0.0,,"Google: Taman Kyai Langgeng - Tempat Wisata Magelang (establishment, park, point_of_interest)"
Magelang,Alun-Alun Magelang and Water Tower,"-7.4767593,110.2177204",GOOGLE_AGREES,"-7.476932,110.218151",0.051,,Google: Alun Alun Magelang (town_square)
Majuro,WWII Japanese Bunkers and Relics,"7.066667,171.266667",NO_GOOGLE_MATCH,,,,
Majuro,Majuro Peace Park,"7.0542709,171.2370276",GOOGLE_AGREES,"7.054271,171.237028",0.0,,"Google: Majuro Peace Park (establishment, park, point_of_interest)"
Majuro,Marshall Islands Capitol Building,"7.089618799999999,171.3806685",GOOGLE_AGREES,"7.089619,171.380669",0.0,,"Google: Capitol Building (premise, street_address)"
Majuro,Uliga District Waterfront,"7.0927792,171.3804967",NO_GOOGLE_MATCH,,,,
Majuro,Rita Point,"7.1217448,171.3647645",NO_GOOGLE_MATCH,,,,
Majuro,Assumption of Mary Catholic Church,"7.066667,171.266667",NO_GOOGLE_MATCH,,,,
Makassar,Paotere Harbor,"-5.111929,119.421253",GOOGLE_AGREES,"-5.111929,119.421253",0.0,,"Google: Paotere Harbour (establishment, natural_feature)"
Makassar,Center Point of Indonesia (CPI),"-5.148503799999999,119.4071628",GOOGLE_AGREES,"-5.148504,119.407163",0.0,,"Google: Centre Point of Indonesia (establishment, park, point_of_interest)"
Malabo,Santa Isabel Cathedral,"3.7570285,8.7827462",NO_GOOGLE_MATCH,,,,
Malabo,Malabo Central Market,"3.7549606,8.7821344",NO_GOOGLE_MATCH,,,,
Malabo,Parque de la Amistad (Friendship Park),"3.7549606,8.7821344",NO_GOOGLE_MATCH,,,,
Malabo,Malabo's Spanish Colonial Old Town,"3.7549606,8.7821344",NO_GOOGLE_MATCH,,,,
Malabo,Arena Malabo,"3.735657,8.7698713",NO_GOOGLE_MATCH,,,,
Malabo,Malabo Port and Waterfront,"3.7576371,8.780825799999999",NO_GOOGLE_MATCH,,,,
Malabo,Luba (Concepción) Coastal Town,"3.7545333,8.7830324",NO_GOOGLE_MATCH,,,,
Malacca,Dutch Square (Red Square) and the Stadthuys,"2.1941655,102.2495614",NO_GOOGLE_MATCH,,,,
Malacca,Melaka Straits Mosque (Masjid Selat Melaka),"2.1790798,102.2491349",GOOGLE_AGREES,"2.179080,102.249135",0.0,,"Google: Masjid Selat (establishment, mosque, place_of_worship)"
Malang,Malang City Hall and Tugu Monument,"-7.978075,112.633868",NO_GOOGLE_MATCH,,,,
Malang,Kayutangan Heritage Street,"-7.976431099999999,112.6293999",NO_GOOGLE_MATCH,,,,
Malang,Ijen Boulevard,"-7.9723826,112.6218276",GOOGLE_AGREES,"-7.972383,112.621828",0.0,,"Google: Idjen Boulevard (establishment, park, point_of_interest)"
Malang,Alun-Alun Malang and Jami Mosque,"-7.9826145,112.6308113",GOOGLE_AGREES,"-7.982615,112.630811",0.0,,"Google: Alun Alun Malang (establishment, park, point_of_interest)"
Malé,Republic Square (Jumhooree Maidhaan),"4.179078,73.51113900000001",GOOGLE_AGREES,"4.179078,73.511139",0.0,,"Google: Republic Square (establishment, park, point_of_interest)"
Malé,Male City Harbour Waterfront,"4.175270900000001,73.50911719999999",NO_GOOGLE_MATCH,,,,
Malé,Muleeaage Palace,"4.1775711,73.5123693",NO_GOOGLE_MATCH,,,,
Malindi,Marafa Depression (Hell's Kitchen),"-3.2250031,40.1141498",NO_GOOGLE_MATCH,,,,
Malindi,Falconry of Kenya,"-3.207429,40.1148421",NO_GOOGLE_MATCH,,,,
Malindi,Silversand Beach,"-3.2361354,40.1272585",GOOGLE_AGREES,"-3.232763,40.127960",0.383,,"Google: Silversands Beach (establishment, park, point_of_interest)"
Malmö,Malmöhus Castle,"55.6049011,12.9875581",GOOGLE_AGREES_UNNAMED,"55.604901,12.987558",0.0,,"Google: 6 (establishment, museum, point_of_interest); Google gave no name, plus code only"
Mamoudzou,Mayotte Lagoon,"-12.78064,45.23269639999999",NO_GOOGLE_MATCH,,,,
Mamoudzou,Dziani Dzaha Crater Lake,"-12.7706647,45.2885018",NO_GOOGLE_MATCH,,,,
Mamoudzou,Moya Beach,"-12.7838251,45.2994619",NO_GOOGLE_MATCH,,,,
Mamoudzou,Mount Choungui,"-12.9612834,45.1269186",FIXED,"-12.956944,45.133889",0.896,wd Q3321752 'Mont Chongui' 0.00km,"Google: Mont Choungui (establishment, natural_feature)"
Mamoudzou,Mamoudzou Market (Marché Couvert),"-12.7572636,45.2295406",FIXED,"-12.777254,45.232861",2.252,osm node/9857772835 'Marché couvert de Mamoudzou' 0.01km,"Google: 4036 (establishment, point_of_interest); Google gave no name, plus code only"
Mamoudzou,M'tsapéré Mosque (Grande Mosquée de M'tsapéré),"-12.7864015,45.2173301",GOOGLE_AGREES,"-12.786402,45.217330",0.0,,"Google: Mtsapere (political, sublocality, sublocality_level_1)"
Mamoudzou,Saziley Point and Marine Turtle Beaches,"-12.78064,45.23269639999999",NO_GOOGLE_MATCH,,,,
Manado,Jembatan Soekarno,"1.4807218,124.8575081",GOOGLE_DISAGREES_NO_SECOND_SOURCE,"1.496761,124.839844",2.653,,"Google: Jembatan Ir. Soekarno (establishment, point_of_interest)"
Manado,GMIM Sentrum Church,"1.4706275,124.8468804",NO_GOOGLE_MATCH,,,,
Managua,Árboles de la Vida (Trees of Life),"12.1149926,-86.2361744",NO_GOOGLE_MATCH,,,,
Managua,Metropolitan Cathedral of Managua,"12.1329952,-86.2661002",NO_GOOGLE_MATCH,,,,
Manama,Manama Skyline,"26.2235305,50.5875935",NO_GOOGLE_MATCH,,,,
Manama,Al Fateh Corniche & Bahrain Bay,"26.234008,50.5986956",GOOGLE_AGREES,"26.234008,50.598696",0.0,,"Google: Al Fateh Corniche (establishment, point_of_interest, transit_station)"
Manaus,Amazonas Sambódromo (Sambadrome),"-3.0845865,-60.02988329999999",NO_GOOGLE_MATCH,,,,
Manaus,Anavilhanas Archipelago,"-3.1190275,-60.0217314",NO_GOOGLE_MATCH,,,,
Mandalay,Inwa (Ava) Ancient City,"21.8573533,95.98193580000002",NO_GOOGLE_MATCH,,,,
Manzanillo,El Pez Vela (Giant Sailfish Monument),"19.0907501,-104.2982314",GOOGLE_AGREES,"19.090750,-104.298231",0.0,,Google: Pez Vela (route)
Manzanillo,Malecón de Manzanillo,"19.0557464,-104.3078067",GOOGLE_AGREES,"19.055746,-104.307807",0.0,,Google: Malecón de Manzanillo (route)
Manzanillo,Playa La Audiencia,"19.138251,-104.3529979",GOOGLE_AGREES,"19.138251,-104.352998",0.0,,Google: Playa La Audiencia (route)
Manzanillo,Las Hadas Resort and Marina,"19.1007223,-104.3479157",NO_GOOGLE_MATCH,,,,
Manzanillo,Iguanario de Archundia,"19.0468521,-104.3183282",GOOGLE_AGREES,"19.046852,-104.318328",0.0,,"Google: Iguanario Archundia (premise, street_address)"
Manzanillo,Península de Santiago viewpoints,"19.1059757,-104.3457339",GOOGLE_AGREES,"19.105976,-104.345734",0.0,,"Google: Península de Santiago (political, sublocality, sublocality_level_1)"
Manzhouli,Matryoshka Square (Taowa Square),"49.611681,117.39938",FIXED,"49.609707,117.391055",0.639,osm node/806229833 'Manzhouli Matryoshka Square' 0.24km,"Google: J96X+MQC (establishment, point_of_interest, tourist_attraction); Google gave no name, plus code only"
Manzhouli,Guomen (National Gate) Scenic Area,"49.628797,117.355246",GOOGLE_DISAGREES_NO_SECOND_SOURCE,"49.626874,117.346997",0.631,,"Google: J9H4+G39 (establishment, point_of_interest, tourist_attraction); Google gave no name, plus code only"
Manzhouli,Hulun Lake,"49.5965499,117.37836",NO_GOOGLE_MATCH,,,,
Manzhouli,Mammoth Park (Zhalainuoer),"49.5965499,117.37836",NO_GOOGLE_MATCH,,,,
Manzhouli,Zhalainuoer Museum,"49.51053959999999,117.66992",NO_GOOGLE_MATCH,,,,
Manzhouli,Sino-Russian Border Trade Zone (Hushi),"49.5965499,117.37836",NO_GOOGLE_MATCH,,,,
Manzhouli,Zhongsu Street Russian architecture,"49.5965499,117.37836",NO_GOOGLE_MATCH,,,,
Manzhouli,Beihu Park,"49.59932,117.45939",NO_GOOGLE_MATCH,,,,
Manzhouli,41st Boundary Marker (Sino-Russian border stone),"49.5965499,117.37836",NO_GOOGLE_MATCH,,,,
Mar del Plata,Sea lion colony at Banquina de Pescadores,,NO_GOOGLE_MATCH,,,,
Mar del Plata,Museo MAR,"-37.97338329999999,-57.5436797",NO_GOOGLE_MATCH,,,,
Marbella,Murallas del Castillo (Arab Castle Walls),"36.5102831,-4.8852579",NO_GOOGLE_MATCH,,,,
Mardin,Mardin Old Town,"37.3133399,40.7398613",NO_GOOGLE_MATCH,,,,
Mardin,Dara Ancient City,"37.1815838,40.953246",NO_GOOGLE_MATCH,,,,
Mardin,Revaklı Çarşı (Old Bazaar),"37.313228,40.7407788",GOOGLE_AGREES_UNNAMED,"37.313470,40.736288",0.398,,"Google: 353 (clothing_store, establishment, point_of_interest); Google gave no name, plus code only"
Mariehamn,Museum Ship Pommern,"60.09724120000001,19.9253171",NO_GOOGLE_MATCH,,,,
Mariehamn,St. Göran's Church,"60.3748304,19.8484833",NO_GOOGLE_MATCH,,,,
Mariehamn,Badhusparken and Badhusberget,"60.1011713,19.9246996",NO_GOOGLE_MATCH,,,,
Marigot,Catholic Church of Marigot,"18.1010791,-63.0569936",NO_GOOGLE_MATCH,,,,
Marmaris,Marmaris Castle and Archaeology Museum,"36.8505514,28.2742787",NO_GOOGLE_MATCH,,,,
Marmaris,Kaleiçi (Old Town),"36.8509884,28.2743478",NO_GOOGLE_MATCH,,,,
Marmaris,Netsel Marina,"36.8520915,28.2809864",GOOGLE_AGREES,"36.852092,28.280986",0.0,,Google: Netsel Marina (route)
Marmaris,Uzunyalı Promenade (Long Beach),"36.8516581,28.2662401",NO_GOOGLE_MATCH,,,,
Marmaris,İçmeler Beach,"36.8034428,28.2338791",GOOGLE_AGREES,"36.803443,28.233879",0.0,,"Google: İçmeler Beach (establishment, natural_feature)"
Marmaris,Marmaris Grand Bazaar,"36.854936,28.270878",NO_GOOGLE_MATCH,,,,
Marne-la-Vallée,Walt Disney Studios Park,"48.8680792,2.7803918",NO_GOOGLE_MATCH,,,,
Marne-la-Vallée,Val d'Europe Shopping Center,"48.8559724,2.8075714",GOOGLE_AGREES,"48.855972,2.807571",0.0,,"Google: Val d'Europe (colloquial_area, political)"
Marsa Alam,Abu Dabbab Bay,"25.0676256,34.8789697",NO_GOOGLE_MATCH,,,,
Marsa Alam,Sataya Reef,"25.0676256,34.8789697",NO_GOOGLE_MATCH,,,,
Marsa Alam,Qulaan Mangrove Lagoons,"25.0676256,34.8789697",NO_GOOGLE_MATCH,,,,
Marsa Alam,Sikait Roman Emerald Mines,"25.0676256,34.8789697",NO_GOOGLE_MATCH,,,,
Mashhad,Harooniyeh Monument (Tus),"36.4799026,59.5068625",GOOGLE_AGREES,"36.479903,59.506862",0.0,,"Google: Harooniyeh (premise, street_address)"
Mashhad,Kang Village,"36.2972006,59.60669",NO_GOOGLE_MATCH,,,,
Mataram,Ampenan Old Town,"-8.5723634,116.0783783",GOOGLE_AGREES,"-8.572363,116.078378",0.0,,"Google: OLD TOWN Ampenan (establishment, park, point_of_interest)"
Mataram,Senggigi Beach,"-8.4787343,116.0376085",GOOGLE_AGREES,"-8.478734,116.037609",0.0,,"Google: Senggigi Beach (establishment, natural_feature)"
Mataram,Banyumulek Pottery Village,"-8.597080799999999,116.1004894",NO_GOOGLE_MATCH,,,,
Matera,Casa Grotta di Vico Solitario,"40.6637768,16.6122649",GOOGLE_AGREES_UNNAMED,"40.663777,16.612265",0.0,,"Google: 11 (establishment, museum, point_of_interest); Google gave no name, plus code only"
Matera,Palombaro Lungo,"40.66690260000001,16.6065001",NO_GOOGLE_MATCH,,,,
Matera,Madonna de Idris,"40.6639603,16.6118595",NO_GOOGLE_MATCH,,,,
Matsumoto,Nakamachi Street,"36.2338018,137.9714711",NO_GOOGLE_MATCH,,,,
Matsuyama,Botchan Karakuri Clock,"33.8507201,132.7854687",GOOGLE_AGREES_UNNAMED,"33.850720,132.785469",0.0,,"Google: 7 (establishment, point_of_interest, tourist_attraction); Google gave no name, plus code only"
Matsuyama,Bansuiso Villa,"33.8424389,132.7681889",GOOGLE_AGREES_UNNAMED,"33.842439,132.768189",0.0,,"Google: 7 (establishment, museum, point_of_interest); Google gave no name, plus code only"
Matsuyama,Ninomaru Historical Garden,"33.842943,132.764381",NO_GOOGLE_MATCH,,,,
Matsuyama,Dogo Shopping Arcade (Haikara-dori),"33.8520951,132.785232",NO_GOOGLE_MATCH,,,,
Maun,Mokoro excursions on the Boro River,"-19.9952622,23.4180769",NO_GOOGLE_MATCH,,,,
Maun,Old Matlapaneng Bridge,"-19.9435049,23.4891605",GOOGLE_AGREES,"-19.943505,23.489161",0.0,,Google: Old Matlapaneng Bridge (route)
Maun,Motsana Cultural Centre,,NO_GOOGLE_MATCH,,,,
Maun,Maun Environmental Education Centre,,GOOGLE_DISAGREES_NO_SECOND_SOURCE,"-20.003343,23.429054",,,"Google: XCWH+MJ7 (establishment, point_of_interest, tourist_attraction); Google gave no name, plus code only"
Maun,Boro-bonche Ostrich Farm,,NO_GOOGLE_MATCH,,,,
Mazatlán,The Malecón,"23.2024634,-106.4299625",GOOGLE_DISAGREES_NO_SECOND_SOURCE,"23.234638,-106.401456",4.614,,Google: Del Malecón (route)
Mazatlán,Mercado Pino Suárez,"23.2022396,-106.421078",NO_GOOGLE_MATCH,,,,
Mazatlán,Olas Altas,"23.2519425,-106.4254314",GOOGLE_AGREES,"23.251942,-106.425431",0.0,,Google: Olas Altas (route)
Mbabane,Mantenga Cultural Village,"-26.4461535,31.1623541",NO_GOOGLE_MATCH,,,,
Mecca,Mecca City Skyline at Night,"21.4240968,39.81733639999999",NO_GOOGLE_MATCH,,,,
Medan,Titi Gantung (Medan Hanging Bridge),"3.589893099999999,98.68069100000001",NO_GOOGLE_MATCH,,,,
Medellín,Comuna 13 Graffiti Tour,"6.255650900000001,-75.61862649999999",NO_GOOGLE_MATCH,,,,
Medina,King Fahd Complex for Printing the Holy Quran,"24.5147018,39.5411172",NO_GOOGLE_MATCH,,,,
Medina,Dar Al Madinah Museum,"24.477161,39.6878556",NO_GOOGLE_MATCH,,,,
Mek'ele,Emperor Yohannes IV Palace Museum,"13.4978875,39.4782344",GOOGLE_AGREES_UNNAMED,"13.497887,39.478234",0.0,,"Google: FFXH+575 (establishment, museum, point_of_interest); Google gave no name, plus code only"
Mek'ele,Martyrs' Memorial Monument,"13.4963255,39.4742677",NO_GOOGLE_MATCH,,,,
Mek'ele,Abraha Castle,"13.4872966,39.4684805",GOOGLE_AGREES_UNNAMED,"13.487297,39.468480",0.0,,"Google: FFP9+W99 (establishment, lodging, point_of_interest); Google gave no name, plus code only"
Mek'ele,Mekelle Salt Market,"13.4810692,39.4718526",NO_GOOGLE_MATCH,,,,
Mek'ele,Kedamay Weyane Market,"13.4963255,39.4742677",NO_GOOGLE_MATCH,,,,
Mek'ele,Romanat Waterfall,"13.5041752,39.4789896",GOOGLE_DISAGREES_NO_SECOND_SOURCE,"13.573619,39.418243",10.137,,"Google: Romanat Waterfall (establishment, natural_feature)"
Memphis,Memphis Pyramid,"35.1562594,-90.05177499999999",GOOGLE_AGREES,"35.156259,-90.051775",0.0,,"Google: Memphis Pyramid (premise, street_address)"
Memphis,The Peabody Hotel Duck March,"35.1426419,-90.05198349999999",NO_GOOGLE_MATCH,,,,
Mendoza,Luján de Cuyo and Maipú Wineries,"-32.9934519,-68.8869352",NO_GOOGLE_MATCH,,,,
Mendoza,Portones del Parque,"-32.886616,-68.8612388",NO_GOOGLE_MATCH,,,,
Miami,Ocean Drive & Art Deco Historic District,"25.7705733,-80.1328304",NO_GOOGLE_MATCH,,,,
Milan,Navigli district,"45.4627939,9.1890431",NO_GOOGLE_MATCH,,,,
Mingora,Jehanabad Buddha,"34.8113809,72.4674363",NO_GOOGLE_MATCH,,,,
Mingora,Udegram Ruins and Raja Gira's Castle,"34.7717466,72.3601512",NO_GOOGLE_MATCH,,,,
Mingora,Mingora Bazaar,"34.7696725,72.3417046",NO_GOOGLE_MATCH,,,,
Mingora,Shingardar Stupa,"34.6930033,72.24960209999999",NO_GOOGLE_MATCH,,,,
Minsk,National Academic Bolshoi Opera and Ballet Theatre,"53.9103046,27.5615253",GOOGLE_AGREES_UNNAMED,"53.910305,27.561525",0.0,,"Google: 1 (establishment, point_of_interest, store); Google gave no name, plus code only"
Mogadishu,Al-Uruba Hotel,"2.0340707,45.3432446",NO_GOOGLE_MATCH,,,,
Mogadishu,Mogadishu Skyline,"2.027413,45.3018503",NO_GOOGLE_MATCH,,,,
Monastir,Medina of Monastir,"35.773293,10.8281397",GOOGLE_AGREES_UNNAMED,"35.773293,10.828140",0.0,,"Google: QRFH+876 (establishment, point_of_interest); Google gave no name, plus code only"
Monastir,Marina Cap Monastir,"35.77981219999999,10.8334784",NO_GOOGLE_MATCH,,,,
Monastir,Sidi El Mézeri Cemetery,,NO_GOOGLE_MATCH,,,,
Monastir,Monastir Corniche and Plage de la Falaise,"35.7809646,10.816578",NO_GOOGLE_MATCH,,,,
Monastir,Museum of Islamic Art,,NO_GOOGLE_MATCH,,,,
Monrovia,Waterside Market,"6.3216138,-10.8068386",NO_GOOGLE_MATCH,,,,
Monrovia,Monrovia's CeCe Beach,"6.4023169,-10.8117378",NO_GOOGLE_MATCH,,,,
Mont-Saint-Michel,The Ramparts Walk,,NO_GOOGLE_MATCH,,,,
Montego Bay,Cinnamon Hill Great House,"18.5110212,-77.8129948",NO_GOOGLE_MATCH,,,,
Montego Bay,Montego Bay Marine Park,"18.462773,-77.94360759999999",NO_GOOGLE_MATCH,,,,
Montego Bay,Montego Bay Cruise Port,"18.4595181,-77.9401221",NO_GOOGLE_MATCH,,,,
Montevideo,Montevideo Sign,"-34.8888624,-56.259034",GOOGLE_AGREES_UNNAMED,"-34.888862,-56.259034",0.0,,"Google: 4P6R+F94 (establishment, point_of_interest, tourist_attraction); Google gave no name, plus code only"
Montreal,Biodome and Botanical Garden,"45.5596036,-73.5505972",NO_GOOGLE_MATCH,,,,
Morelia,Mercado de Dulces y Artesanías,"19.7034515,-101.1958297",NO_GOOGLE_MATCH,,,,
Morondava,Baobab Amoureux,"-20.2114654,44.4001644",NO_GOOGLE_MATCH,,,,
Morondava,Nosy Kely Beach,"-20.2993869,44.2680355",GOOGLE_AGREES,"-20.299387,44.268036",0.0,,"Google: Nosy Kely (political, sublocality, sublocality_level_1)"
Morondava,Betania Fishing Village,"-20.3108134,44.2641229",NO_GOOGLE_MATCH,,,,
Morondava,Tsingy de Bemaraha National Park,"-20.2922299,44.2758771",NO_GOOGLE_MATCH,,,,
Morondava,Sacred Baobab of Mahabo,"-20.2985148,44.2844892",NO_GOOGLE_MATCH,,,,
Morondava,Kimony Beach,"-20.2534706,44.2970695",GOOGLE_AGREES_UNNAMED,"-20.253471,44.297069",0.0,,"Google: P7WW+JR8 (establishment, point_of_interest, tourist_attraction); Google gave no name, plus code only"
Morondava,Marofandilia Craft Village,"-20.14052,44.552559",NO_GOOGLE_MATCH,,,,
Morondava,Morondava Mangroves and River Delta,"-20.2985148,44.2844892",NO_GOOGLE_MATCH,,,,
Moroni,Volcan Karthala,"-11.7451182,43.3584284",NO_GOOGLE_MATCH,,,,
Moroni,Grand Marché de Moroni (Voidjou Market),"-11.7082641,43.2475791",NO_GOOGLE_MATCH,,,,
Moroni,Itsandra Beach and Palace Ruins,"-11.6754771,43.2690736",NO_GOOGLE_MATCH,,,,
Moroni,Chomoni Beach,"-11.6460615,43.394005",GOOGLE_AGREES,"-11.646062,43.394005",0.0,,"Google: Chomoni (locality, political)"
Moscow,GUM Department Store,"55.7546967,37.6215215",GOOGLE_AGREES_UNNAMED,"55.754697,37.621522",0.0,,"Google: 3 (establishment, point_of_interest, shopping_mall); Google gave no name, plus code only"
Moshi,Materuni Coffee Tour,"-3.3370899,37.3473833",GOOGLE_DISAGREES_NO_SECOND_SOURCE,"-3.264746,37.393204",9.518,,"Google: Materuni Waterfalls and Coffee Tour (bar, establishment, food)"
Moshi,Marangu Village and Chagga Caves,"-3.2891229,37.5169721",NO_GOOGLE_MATCH,,,,
Moshi,Moshi Central Market,"-3.3479982,37.3438583",NO_GOOGLE_MATCH,,,,
Moshi,Moshi Clock Tower and Old Town,"-3.3485916,37.3435509",NO_GOOGLE_MATCH,,,,
Mostar,Bišćevića House (Turkish House),"43.3406431,17.8132005",GOOGLE_AGREES,"43.340764,17.814070",0.072,,Google: Biščevića (route)
Murree,Mall Road,"33.9052052,73.392116",GOOGLE_AGREES,"33.905205,73.392116",0.0,,Google: Mall Road (route)
Muscat,Mutrah Corniche,"23.6203865,58.56627119999999",NO_GOOGLE_MATCH,,,,
Muscat,Riyam Park Incense Burner Monument,"23.621833,58.5776934",NO_GOOGLE_MATCH,,,,
Mykonos,Windmills of Kato Mili,"37.4445825,25.3259318",NO_GOOGLE_MATCH,,,,
Mykonos,Delos Island,"37.3962623,25.2689412",GOOGLE_AGREES,"37.396262,25.268941",0.0,,"Google: Delos (establishment, natural_feature)"
Mykonos,Chora (Mykonos Town) and Matogianni Street,"37.4456334,25.3289472",NO_GOOGLE_MATCH,,,,
Mykonos,"Panagia Tourliani Monastery, Ano Mera","37.4475041,25.3918719",NO_GOOGLE_MATCH,,,,
Mysore,"Monolithic Nandi Statue, Chamundi Hill","12.279523,76.66798050000001",NO_GOOGLE_MATCH,,,,
Mytilene,"Teriade Museum, Varia","39.0752123,26.5753762",NO_GOOGLE_MATCH,,,,
Mytilene,Theophilos Museum,"39.0748634,26.5746034",NO_GOOGLE_MATCH,,,,
Mytilene,Yeni Tzami,"39.1039362,26.5545168",NO_GOOGLE_MATCH,,,,
Mytilene,Ermou Street and the Old Market,"39.1039362,26.5545168",GOOGLE_DISAGREES_NO_SECOND_SOURCE,"39.107851,26.556847",0.479,,Google: Ermou (route)
Mytilene,Statue of Liberty of Mytilene,"39.1058792,26.5631245",NO_GOOGLE_MATCH,,,,
N'Djamena,Chari River,"12.088176,15.047784",GOOGLE_AGREES_UNNAMED,"12.088176,15.047784",0.0,,"Google: 32QX+74 (establishment, point_of_interest); Google gave no name, plus code only"
N'Djamena,Presidential Palace,"12.108596,15.0372945",GOOGLE_AGREES,"12.108596,15.037294",0.0,,"Google: Presidential Palace (premise, street_address)"
N'Djamena,N'Djamena Central Market,"12.1191352,15.0502875",NO_GOOGLE_MATCH,,,,
N'Djamena,Cathédrale Notre-Dame de N'Djaména,"12.1114781,15.0373038",NO_GOOGLE_MATCH,,,,
N'Djamena,Pont de N'Gueli,"12.0688137,15.0541294",GOOGLE_AGREES,"12.068814,15.054129",0.0,,Google: Pont de N'Gueli (route)
Nablus,Jacob's Well,"32.2226678,35.2621461",NO_GOOGLE_MATCH,,,,
Nablus,Great Mosque of Nablus,"32.2182834,35.2638797",NO_GOOGLE_MATCH,,,,
Nablus,Traditional Soap Factories,"32.2226678,35.2621461",NO_GOOGLE_MATCH,,,,
Nablus,Hammam al-Shifa,"32.2193859,35.260087",NO_GOOGLE_MATCH,,,,
Nablus,Knafeh Quarter and Al-Qasaba Street,"32.2226678,35.2621461",NO_GOOGLE_MATCH,,,,
Nadi,Nadi Town and Nadi River,"-17.7998541,177.4298143",NO_GOOGLE_MATCH,,,,
Nagano,Togakushi Ninja Museum and Ninpo Center,"36.7565838,138.080562",NO_GOOGLE_MATCH,,,,
Nagasaki,Mount Inasa Ropeway and Observatory,"32.7584755,129.8456878",NO_GOOGLE_MATCH,,,,
Nagoya,Ōsu Kannon and Ōsu Shopping District,"35.1596892,136.8994186",NO_GOOGLE_MATCH,,,,
Nagoya,Oasis 21 and Chubu Electric MIRAI Tower,"35.1723452,136.908338",NO_GOOGLE_MATCH,,,,
Naha,Kankaimon Gate,"26.217806,127.7177966",NO_GOOGLE_MATCH,,,,
Naha,Tsuboya Pottery District,"26.212885,127.6918486",NO_GOOGLE_MATCH,,,,
Naha,Shikinaen Garden,"26.2048032,127.7149044",NO_GOOGLE_MATCH,,,,
Nairobi,Uhuru Gardens National Monument,"-1.324551,36.798441",NO_GOOGLE_MATCH,,,,
Najaf,Imam Ali Shrine (Haram of Imam Ali),"31.99592789999999,44.3145819",NO_GOOGLE_MATCH,,,,
Najaf,Old City Souq (Grand Bazaar of Najaf),"32.0316216,44.3218899",NO_GOOGLE_MATCH,,,,
Najaf,Al-Sahla Mosque,"32.0389526,44.3799199",GOOGLE_AGREES_UNNAMED,"32.038953,44.379920",0.0,,"Google: 29QH+HXM (establishment, mosque, place_of_worship); Google gave no name, plus code only"
Najaf,Shrine of Muslim ibn Aqil,"32.0316216,44.3218899",NO_GOOGLE_MATCH,,,,
Najaf,"House of Imam Ali (Dar al-Imam Ali, Kufa)","32.0279766,44.3997411",NO_GOOGLE_MATCH,,,,
Najaf,Amir al-Mu'minin Library (Haydariyya Library),"32.0316216,44.3218899",NO_GOOGLE_MATCH,,,,
Nakhon Ratchasima,Thao Suranari Monument (Ya Mo),"14.9747113,102.0980895",NO_GOOGLE_MATCH,,,,
Nakhon Ratchasima,Chumphon Gate (Pratu Chumphon),"14.976306,102.0983986",GOOGLE_AGREES_UNNAMED,"14.974714,102.098347",0.177,,"Google: 191 (establishment, point_of_interest); Google gave no name, plus code only"
Nakhon Ratchasima,Wat Salaloi,"14.9806479,102.116672",GOOGLE_AGREES_UNNAMED,"14.980648,102.116672",0.0,,"Google: X4J8+6JP (establishment, place_of_worship, point_of_interest); Google gave no name, plus code only"
Nakhon Ratchasima,Wat Phra Narai Maharat,"14.9756314,102.1069126",GOOGLE_AGREES_UNNAMED,"14.975631,102.106913",0.0,,"Google: X4G4+7Q3 (establishment, place_of_worship, point_of_interest); Google gave no name, plus code only"
Nakhon Ratchasima,Dan Kwian Pottery Village,"14.8477354,102.1940802",GOOGLE_AGREES,"14.847735,102.194080",0.0,,"Google: Dan Kwian (locality, political)"
Nakhon Ratchasima,Maha Wirawong National Museum,"14.9720329,102.0976374",NO_GOOGLE_MATCH,,,,
Nakhon Ratchasima,Save One Night Market,"14.9578634,102.0451821",GOOGLE_AGREES_UNNAMED,"14.957863,102.045182",0.0,,"Google: 1485/1 (establishment, point_of_interest); Google gave no name, plus code only"
Nakuru,Lake Elementaita,"-0.4732766,36.2565204",GOOGLE_DISAGREES_NO_SECOND_SOURCE,"-0.475227,36.285649",3.246,,Google: Lake Elementaita Road (route)
Nakuru,Kariandusi Prehistoric Site,"-0.4518104,36.2841209",GOOGLE_AGREES_UNNAMED,"-0.451810,36.284121",0.0,,"Google: G7XM+7JH (establishment, point_of_interest); Google gave no name, plus code only"
Nakuru,Nakuru Town Curio and Maasai Market,"-0.2846599,36.0698043",NO_GOOGLE_MATCH,,,,
Nanjing,Nanjing City Wall (Zhonghua Gate),"32.025876,118.825279",NO_GOOGLE_MATCH,,,,
Nanjing,Confucius Temple (Fuzimiao),"32.021719,118.79187",NO_GOOGLE_MATCH,,,,
Nara-shi,Nigatsu-dō Hall,"34.6892961,135.8442574",NO_GOOGLE_MATCH,,,,
Nashville,Lower Broadway,"36.1564514,-86.7878029",NO_GOOGLE_MATCH,,,,
Nashville,Cheekwood Estate & Gardens,"36.0884471,-86.8759749",NO_GOOGLE_MATCH,,,,
Nassau,Nassau Lighthouse (Hog Island Lighthouse),"25.0443312,-77.3503609",NO_GOOGLE_MATCH,,,,
Natal,Genipabu Dunes and Lagoon,"-5.693964999999999,-35.2052305",NO_GOOGLE_MATCH,,,,
Negombo,Muthurajawela Marsh,"7.205520799999999,79.8512562",NO_GOOGLE_MATCH,,,,
Negombo,Duwa Fishing Village,"7.2067147,79.8261137",NO_GOOGLE_MATCH,,,,
Negombo,Negombo Beach Road Fishing Boats,"7.2237776,79.8395114",NO_GOOGLE_MATCH,,,,
Nelson,World of WearableArt and Classic Cars Museum,"-41.2985321,173.2443635",NO_GOOGLE_MATCH,,,,
Nelson,Queens Gardens and Albion Square,"-41.2729038,173.2884882",NO_GOOGLE_MATCH,,,,
Nelspruit,Mpumalanga Provincial Legislature Building,"-25.4189018,30.9752198",NO_GOOGLE_MATCH,,,,
Nelspruit,Emoyeni,"-25.4729094,30.9772719",GOOGLE_DISAGREES_NO_SECOND_SOURCE,"-25.410019,31.130697",16.919,,"Google: Emoyeni (locality, political)"
New Orleans,Mississippi Riverfront & Steamboat Natchez,"29.9552704,-90.0627252",GOOGLE_AGREES_UNNAMED,"29.955270,-90.062725",0.0,,"Google: 400 (establishment, food, point_of_interest); Google gave no name, plus code only"
Nha Trang,Nha Trang Beach and Tran Phu Promenade,"12.2363052,109.1979116",NO_GOOGLE_MATCH,,,,
Nha Trang,National Oceanographic Museum of Vietnam,"12.2073287,109.2146547",NO_GOOGLE_MATCH,,,,
Nha Trang,Hon Mun Marine Protected Area,"12.1699981,109.3002051",GOOGLE_AGREES,"12.169998,109.300205",0.0,,"Google: Hon Mun Marine Protected Area (establishment, park, point_of_interest)"
Nha Trang,Thap Ba Hot Springs and Mud Baths,"12.2704494,109.1769745",NO_GOOGLE_MATCH,,,,
Nha Trang,Dam Market (Cho Dam),"12.2549514,109.1918164",NO_GOOGLE_MATCH,,,,
Niamey,Niger River waterfront,"13.5115963,2.1253854",NO_GOOGLE_MATCH,,,,
Nicosia,Shacolas Tower Museum and Observatory,"35.1719,33.3615",GOOGLE_AGREES_UNNAMED,"35.171630,33.361677",0.034,,"Google: 97 (establishment, museum, point_of_interest); Google gave no name, plus code only"
Nouakchott,Cathédrale Saint-Joseph,"18.0948725,-15.9807753",GOOGLE_AGREES_UNNAMED,"18.094873,-15.980775",0.0,,"Google: 32V9+WMX (church, establishment, place_of_worship); Google gave no name, plus code only"
Nouakchott,Port de Pêche (Fishermen's Beach),"18.1037524,-16.0276949",NO_GOOGLE_MATCH,,,,
Nouakchott,Nouakchott Camel Market,"18.0922232,-15.9762697",NO_GOOGLE_MATCH,,,,
Nouakchott,Sebkha District,"18.0748218,-15.9983611",NO_GOOGLE_MATCH,,,,
Novi Sad,Štrand Beach,"45.2368814,19.8490049",NO_GOOGLE_MATCH,,,,
Nuku'alofa,Talamahu Market,"-21.1341373,-175.1983096",GOOGLE_AGREES,"-21.134137,-175.198310",0.0,,"Google: Talamahu Market (premise, street_address)"
Nuku'alofa,Royal Tombs (Mala'e Kula),"-21.1359696,-175.2039757",GOOGLE_AGREES_UNNAMED,"-21.135970,-175.203976",0.0,,"Google: VQ7W+JC6 (establishment, point_of_interest, tourist_attraction); Google gave no name, plus code only"
Nuku'alofa,Free Wesleyan Church Centenary Chapel,"-21.1354296,-175.2028983",NO_GOOGLE_MATCH,,,,
Nuku'alofa,Fa'onelua Botanical Gardens,"-21.134964,-175.196895",NO_GOOGLE_MATCH,,,,
Nuku'alofa,Houma Blowholes,"-21.1689039,-175.3033574",NO_GOOGLE_MATCH,,,,
Nuku'alofa,International Dateline Marker,"-21.1343065,-175.2004858",NO_GOOGLE_MATCH,,,,
Nuremberg,Hauptmarkt with Schöner Brunnen and Frauenkirche,"49.454238,11.0770384",NO_GOOGLE_MATCH,,,,
Nuremberg,St. Lorenz Church,"49.4509924,11.0783289",NO_GOOGLE_MATCH,,,,
Nuremberg,Henkersteg and the Pegnitz River Views,"49.4531258,11.0730657",NO_GOOGLE_MATCH,,,,
Nuuk,Kolonihavnen (Colonial Harbour),"64.17432339999999,-51.7372787",GOOGLE_DISAGREES_NO_SECOND_SOURCE,"64.176852,-51.747180",0.556,,"Google: 57G3+P4W (establishment, point_of_interest); Google gave no name, plus code only"
Nuuk,Sermitsiaq Mountain,"64.2941918,-51.4950315",REJECTED_ON_REVIEW,"64.300000,-51.500000",0.689,wd Q2038090 'Sermitsiaq' 0.00km,"Google: Sermitsiaq (establishment, natural_feature)"
Nuuk,Katuaq Cultural Centre,"64.17725930000002,-51.7388852",NO_GOOGLE_MATCH,,,,
Nuuk,Myggedalen Viewpoint,"64.1824385,-51.7448645",NO_GOOGLE_MATCH,,,,
Oaxaca,Mitla Archaeological Site,"17.0542297,-96.7132304",NO_GOOGLE_MATCH,,,,
Oaxaca,Mercados Benito Juárez and 20 de Noviembre,"17.0589907,-96.7266697",NO_GOOGLE_MATCH,,,,
Odense,Munke Mose and the Odense River Walk,"55.39173479999999,10.3827462",NO_GOOGLE_MATCH,,,,
Odessa,Odessa National Opera and Ballet Theater,"46.48547869999999,30.7411793",GOOGLE_AGREES_UNNAMED,"46.485479,30.741179",0.0,,"Google: 1 (establishment, point_of_interest, tourist_attraction); Google gave no name, plus code only"
Odessa,Prymorsky Boulevard,"46.4878378,30.7413387",GOOGLE_AGREES,"46.487838,30.741339",0.0,,Google: Prymorskyi Boulevard (route)
Odessa,Deribasivska Street,"46.4841143,30.7388449",GOOGLE_AGREES,"46.484114,30.738845",0.0,,Google: Derybasivska Street (route)
Odessa,Odessa Catacombs,"46.4689057,30.7418937",NO_GOOGLE_MATCH,,,,
Ohrid,Lake Ohrid Boardwalk and Potpeš Beach,"41.1107892,20.7916052",NO_GOOGLE_MATCH,,,,
Olomouc,The Baroque Fountains of Olomouc,,NO_GOOGLE_MATCH,,,,
Olomouc,Archdiocesan Museum and Přemyslid Palace,"49.5983094,17.2616073",NO_GOOGLE_MATCH,,,,
Oran,Chapelle de Santa Cruz,"35.7097715,-0.6635937",GOOGLE_AGREES,"35.709772,-0.663594",0.0,,"Google: Chapelle Santa Cruz (premise, street_address)"
Oran,Sidi El Houari Quarter,"35.7047036,-0.6541328",NO_GOOGLE_MATCH,,,,
Osaka,Shitennoji Temple,"34.6544581,135.5165239",GOOGLE_AGREES_UNNAMED,"34.654458,135.516524",0.0,,"Google: 18 (establishment, place_of_worship, point_of_interest); Google gave no name, plus code only"
Oslo,Holmenkollen Ski Jump,"59.9650094,10.6646572",GOOGLE_AGREES_UNNAMED,"59.965009,10.664657",0.0,,"Google: 5 (establishment, museum, point_of_interest); Google gave no name, plus code only"
Osogbo,Osun Shrine (Ojubo Osogbo),"7.7826709,4.5418141",NO_GOOGLE_MATCH,,,,
Osogbo,Suzanne Wenger House (Adunni Olorisha Trust),"7.766548,4.5607707",GOOGLE_AGREES_UNNAMED,"7.766548,4.560771",0.0,,"Google: 89-43 (establishment, museum, point_of_interest); Google gave no name, plus code only"
Osogbo,Ataoja's Palace,"7.7657604,4.5551895",GOOGLE_AGREES,"7.765760,4.555190",0.0,,"Google: Ataoja's Palace (premise, street_address)"
Osogbo,Nike Centre for Art and Culture,"7.7826709,4.5418141",NO_GOOGLE_MATCH,,,,
Osogbo,Centre for Black Culture and International Understanding,"7.728202199999999,4.5223539",NO_GOOGLE_MATCH,,,,
Osogbo,Mbari Mbayo Gallery,"7.5013943,4.546425",NO_GOOGLE_MATCH,,,,
Ostrava,Landek Park Mining Museum,"49.868869,18.2654811",GOOGLE_AGREES_UNNAMED,"49.868869,18.265481",0.0,,"Google: 64 (establishment, museum, point_of_interest); Google gave no name, plus code only"
Ostrava,Stodolní Street,"49.8353456,18.2833326",GOOGLE_AGREES,"49.835346,18.283333",0.0,,Google: Stodolní (route)
Otaru,Sakaimachi Street,"43.1915229,141.0068248",GOOGLE_AGREES_UNNAMED,"43.191523,141.006825",0.0,,"Google: 11 (establishment, point_of_interest, tourist_attraction); Google gave no name, plus code only"
Otaru,Kitaichi Glass Sangokan,"43.1920396,141.0078582",GOOGLE_AGREES,"43.192040,141.007858",0.0,,"Google: Kitaichi Glass Sangokan mae (establishment, point_of_interest, transit_station)"
Otaru,Nishin Goten (Herring Mansion),"43.2378046,141.0156303",GOOGLE_AGREES_UNNAMED,"43.237805,141.015630",0.0,,"Google: 228 (establishment, point_of_interest, tourist_attraction); Google gave no name, plus code only"
Otaru,Otaru Sushiya-dori (Sushi Street),"43.1951109,141.001253",NO_GOOGLE_MATCH,,,,
Otaru,Temiya Line Railway Remains,"43.1990642,140.9987363",NO_GOOGLE_MATCH,,,,
Ottawa,Parliament Hill & Centre Block,"45.42505999999999,-75.699829",GOOGLE_AGREES,"45.425060,-75.699829",0.0,,"Google: Centre Block (premise, street_address)"
Ottawa,National Gallery of Canada & Maman Spider Sculpture,"45.4293519,-75.6972739",NO_GOOGLE_MATCH,,,,
Ouagadougou,Siège du FESPACO,"12.3643225,-1.5357805",NO_GOOGLE_MATCH,,,,
Ouagadougou,Village Artisanal de Ouagadougou,"12.3484127,-1.4921259",GOOGLE_AGREES,"12.348413,-1.492126",0.0,,"Google: Village Artisanal de Ouagadougou (premise, street_address)"
Ouagadougou,Moro-Naba Palace,"12.362361,-1.5286986",NO_GOOGLE_MATCH,,,,
Ouagadougou,Ouagadougou Central Market district,"12.3660514,-1.5215395",NO_GOOGLE_MATCH,,,,
Ouagadougou,Kwame Nkrumah Avenue,"12.3625157,-1.5180473",GOOGLE_AGREES,"12.362516,-1.518047",0.0,,Google: Avenue Kwame Nkrumah (route)
Ouarzazate,Noor Ouarzazate Solar Complex,"31.0090969,-6.8623319",GOOGLE_AGREES_UNNAMED,"31.009097,-6.862332",0.0,,"Google: 245Q+J3M (establishment, point_of_interest); Google gave no name, plus code only"
Ouarzazate,El Mansour Eddahbi Reservoir,"30.9390766,-6.7788461",NO_GOOGLE_MATCH,,,,
Ouarzazate,Place Al Mouahidine,"30.9212984,-6.9137035",NO_GOOGLE_MATCH,,,,
Padang,Pantai Air Manis & Malin Kundang Stone,"-0.9908600999999999,100.3647025",NO_GOOGLE_MATCH,,,,
Padang,Pantai Padang (Taplau),"-0.983452,100.3595404",NO_GOOGLE_MATCH,,,,
Pai,Pai Canyon (Kong Lan),"19.3061375,98.4525156",GOOGLE_AGREES_UNNAMED,"19.306137,98.452516",0.0,,"Google: 8F43+F22 (establishment, point_of_interest, tourist_attraction); Google gave no name, plus code only"
Pai,Big White Buddha (Wat Phra That Mae Yen),"19.3589112,98.43902709999999",FIXED,"19.349748,98.453993",1.872,osm node/6140845486 'White Buddha' 0.23km; osm way/389705040 'Wat Phra That Mae Yen' 0.04km,"Google: 8FX3+VHX (establishment, place_of_worship, point_of_interest); Google gave no name, plus code only"
Pai,Yun Lai Viewpoint,"19.3690372,98.395388",GOOGLE_AGREES_UNNAMED,"19.369037,98.395388",0.0,,"Google: 999W+J56 (establishment, point_of_interest, tourist_attraction); Google gave no name, plus code only"
Pai,Tha Pai Hot Springs,"19.3080849,98.47317",NO_GOOGLE_MATCH,,,,
Pai,Mo Paeng Waterfall,"19.3828343,98.3471781",NO_GOOGLE_MATCH,,,,
Pai,Boon Ko Ku So Bamboo Bridge,"19.3603574,98.4442923",NO_GOOGLE_MATCH,,,,
Pai,Pai Walking Street,"19.3588925,98.44374719999999",NO_GOOGLE_MATCH,,,,
Palermo,Ballarò Market,"38.1106144,13.3636751",GOOGLE_AGREES_UNNAMED,"38.110614,13.363675",0.0,,"Google: 23 (establishment, point_of_interest); Google gave no name, plus code only"
Palermo,Mondello Beach,"38.2000633,13.3285893",GOOGLE_AGREES,"38.200063,13.328589",0.0,,"Google: Mondello Beach (establishment, natural_feature)"
Palma de Mallorca,Basílica de Sant Francesc,"39.5689971,2.6531151",GOOGLE_AGREES_UNNAMED,"39.568997,2.653115",0.0,,"Google: 7 (church, establishment, place_of_worship); Google gave no name, plus code only"
Palma de Mallorca,Palma Marina & Seafront,"39.564838,2.62749",NO_GOOGLE_MATCH,,,,
Palma de Mallorca,Santa Catalina Market & Neighborhood,"39.5711919,2.6382749",NO_GOOGLE_MATCH,,,,
Pamplona,Murallas de Pamplona & Portal de Francia,"42.82152,-1.6435326",NO_GOOGLE_MATCH,,,,
Panama City,Amador Causeway,"8.9151095,-79.5269168",NO_GOOGLE_MATCH,,,,
Panglao,Napaling Point,"9.6165817,123.7713383",GOOGLE_AGREES,"9.617735,123.774762",0.397,,"Google: Napaling Point Purok 4 (establishment, lodging, point_of_interest)"
Papeete,Papeete Waterfront (Rade de Papeete),"-17.5324608,-149.5677151",NO_GOOGLE_MATCH,,,,
Papeete,Papeete Town Hall (Mairie de Papeete),"-17.5552187,-149.5793614",FIXED,"-17.537662,-149.565891",2.419,osm node/8117580518 'Mairie de Papeete' 0.03km; osm way/299285206 'Marché de Papeete' 0.20km,"Google: FC6M+WJQ (city_hall, establishment, local_government_office); Google gave no name, plus code only"
Papeete,Faarumai Waterfalls (Les Trois Cascades),"-17.5386493,-149.400652",NO_GOOGLE_MATCH,,,,
Papeete,Vaipahi Water Gardens,"-17.5324608,-149.5677151",NO_GOOGLE_MATCH,,,,
Papeete,Kanti Chinese Temple,"-17.5350271,-149.5572156",GOOGLE_AGREES_UNNAMED,"-17.535027,-149.557216",0.0,,"Google: FC7V+X4M (establishment, place_of_worship, point_of_interest); Google gave no name, plus code only"
Paphos,St Paul's Pillar & Ayia Kyriaki Church,"34.7580972,32.413697",NO_GOOGLE_MATCH,,,,
Paramaribo,Neveh Shalom Synagogue and Jamia Masjid Mosque,"5.828426,-55.1592063",NO_GOOGLE_MATCH,,,,
Paramaribo,Central Market Paramaribo,"5.823197899999999,-55.1587967",GOOGLE_AGREES_UNNAMED,"5.823198,-55.158797",0.0,,"Google: RRFR+7FG (establishment, point_of_interest, shopping_mall); Google gave no name, plus code only"
Pattaya-Chonburi,Big Buddha Hill (Wat Phra Yai),"12.9142046,100.8686082",NO_GOOGLE_MATCH,,,,
Pattaya-Chonburi,Pattaya Viewpoint (Pratamnak Hill),"12.9211098,100.8667147",GOOGLE_AGREES_UNNAMED,"12.921110,100.866715",0.0,,"Google: WVC8+CMW (establishment, point_of_interest, tourist_attraction); Google gave no name, plus code only"
Pattaya-Chonburi,Underwater World Pattaya,"12.8966819,100.8961308",GOOGLE_AGREES_UNNAMED,"12.896693,100.896062",0.008,,"Google: 22 (aquarium, establishment, point_of_interest); Google gave no name, plus code only"
Pécs,Barbican,"46.0778257,18.2214627",NO_GOOGLE_MATCH,,,,
Pécs,Jakováli Hasszán Mosque,"46.0741435,18.2210512",NO_GOOGLE_MATCH,,,,
Pécs,Misina TV Tower,"46.0990921,18.2201459",NO_GOOGLE_MATCH,,,,
Pemba,Wimbe Beach,"-12.9720192,40.5465594",NO_GOOGLE_MATCH,,,,
Pemba,Paquitequete Fishing Village,"-12.9604102,40.4849253",NO_GOOGLE_MATCH,,,,
Pemba,Pemba Old Town (Baixa),,NO_GOOGLE_MATCH,,,,
Pemba,Artes Maconde Craft Cooperative,,NO_GOOGLE_MATCH,,,,
Pemba,Chuiba Beach,"-13.0409446,40.5616452",NO_GOOGLE_MATCH,,,,
Pemba,Mercado Municipal de Pemba,"-12.9683789,40.5155624",NO_GOOGLE_MATCH,,,,
Perpignan,Église Saint-Jacques & Jardin la Miranda,"42.6979445,2.9022433",NO_GOOGLE_MATCH,,,,
Perugia,Palazzo dei Priori & Galleria Nazionale dell'Umbria,"43.11186060000001,12.3885346",NO_GOOGLE_MATCH,,,,
Philipsburg,The Courthouse,"18.0238633,-63.04568819999999",GOOGLE_AGREES,"18.023863,-63.045688",0.0,,"Google: Courthouse (premise, street_address)"
Philipsburg,Rainforest Adventures Rockland Estate,"18.0413954,-63.0646227",NO_GOOGLE_MATCH,,,,
Phitsanulok,King Naresuan Shrine & Chandra Palace Ruins (Wang Chan),"16.8347454,100.2542755",REJECTED_ON_REVIEW,"16.818431,100.257837",1.853,osm way/91670595 'Wang Chan Road' 0.88km; osm way/325811116 'Wang Chan Road' 0.21km,Google: Soi Wang Chan (route)
Phitsanulok,Sergeant Major Thawee Folk Museum,"16.8056611,100.2673643",NO_GOOGLE_MATCH,,,,
Phitsanulok,Nan Riverfront & Night Bazaar,"16.8342404,100.439656",NO_GOOGLE_MATCH,,,,
Phitsanulok,Wat Chulamanee,"16.7877228,100.2166243",NO_GOOGLE_MATCH,,,,
Phitsanulok,Thai Bird Garden,"16.8221855,100.2903637",NO_GOOGLE_MATCH,,,,
Phnom Penh,Silver Pagoda,"11.5625247,104.93165",GOOGLE_AGREES_UNNAMED,"11.562525,104.931650",0.0,,"Google: HW7J+2M2 (establishment, place_of_worship, point_of_interest); Google gave no name, plus code only"
Phnom Penh,Choeung Ek Killing Fields,"11.4842451,104.9013585",GOOGLE_AGREES_UNNAMED,"11.484245,104.901359",0.0,,"Google: FVMW+QX8 (establishment, museum, point_of_interest); Google gave no name, plus code only"
Phoenix,Chase Field & Downtown Skyline,"33.4453344,-112.0667091",NO_GOOGLE_MATCH,,,,
Phu Quoc,Long Beach (Bai Truong),"10.289879,103.98402",NO_GOOGLE_MATCH,,,,
Phu Quoc,Duong Dong Night Market,"10.2167531,103.9607665",GOOGLE_AGREES_UNNAMED,"10.216753,103.960767",0.0,,"Google: 128 (establishment, food, point_of_interest); Google gave no name, plus code only"
Phu Quoc,Ham Ninh Fishing Village,"10.1809348,104.048461",GOOGLE_AGREES_UNNAMED,"10.180935,104.048461",0.0,,"Google: 52JV+6XX (establishment, point_of_interest, tourist_attraction); Google gave no name, plus code only"
Phuket,Karon Viewpoint (Three Beaches Viewpoint),"7.797317499999999,98.3021487",GOOGLE_AGREES_UNNAMED,"7.797317,98.302149",0.0,,"Google: 4233 (establishment, landmark, point_of_interest); Google gave no name, plus code only"
Pilsen,Pilsen Historical Underground,"49.7487657,13.3806449",GOOGLE_AGREES_UNNAMED,"49.748766,13.380645",0.0,,"Google: 6 (establishment, museum, point_of_interest); Google gave no name, plus code only"
Pilsen,Brewery Museum,"49.7487558,13.3806832",GOOGLE_AGREES_UNNAMED,"49.748756,13.380683",0.0,,"Google: 58/6 (establishment, museum, point_of_interest); Google gave no name, plus code only"
Pilsen,Patton Memorial Pilsen,"49.7499997,13.3735725",GOOGLE_AGREES_UNNAMED,"49.750000,13.373572",0.0,,"Google: 10 (establishment, museum, point_of_interest); Google gave no name, plus code only"
Pisa,Baptistery of St. John,"43.72331630000001,10.3941347",NO_GOOGLE_MATCH,,,,
Pisa,Tuttomondo Mural by Keith Haring,"43.72283849999999,10.4017581",NO_GOOGLE_MATCH,,,,
Playa del Carmen,Parque Fundadores and Portal Maya,"20.6218103,-87.0746951",NO_GOOGLE_MATCH,,,,
Playa del Carmen,Playa Mamitas,"20.6307949,-87.0650411",NO_GOOGLE_MATCH,,,,
Playa del Carmen,Coco Bongo,"20.628114,-87.07238",NO_GOOGLE_MATCH,,,,
Plettenberg Bay,Keurbooms River Nature Reserve,"-34.00217689999999,23.4010823",GOOGLE_AGREES,"-34.002177,23.401082",0.0,,"Google: Keurbooms River Nature Reserve N2 (establishment, park, point_of_interest)"
Plettenberg Bay,Kranshoek Viewpoint,"-34.0852007,23.292716",FIXED,"-34.085610,23.227700",5.988,osm node/3665239117 'Kranshoek View Point' 0.04km; wd Q2322296 'Kranshoek' 0.32km,"Google: Harkerville Kranshoek Viewpoint (establishment, park, point_of_interest)"
Plovdiv,Ancient Roman Theatre,"42.1471279,24.7511529",GOOGLE_AGREES_UNNAMED,"42.147207,24.751187",0.009,,"Google: 4 (establishment, museum, point_of_interest); Google gave no name, plus code only"
Plovdiv,Old Town Architectural Reserve,"42.1481766,24.7553374",NO_GOOGLE_MATCH,,,,
Plovdiv,Kapana Creative District,"42.149488,24.7491692",NO_GOOGLE_MATCH,,,,
Plovdiv,Roman Stadium of Philippopolis,"42.1475945,24.748119",NO_GOOGLE_MATCH,,,,
Plovdiv,Tsar Simeon Garden,"42.141586,24.7468298",NO_GOOGLE_MATCH,,,,
Plovdiv,Knyaz Alexander I Street,"42.1455558,24.7490779",NO_GOOGLE_MATCH,,,,
Podgorica,Stara Varos and the Clock Tower,"42.4356011,19.2600734",NO_GOOGLE_MATCH,,,,
Podgorica,Ribnica Confluence and Adzi-pasha's Bridge,"42.4394917,19.2588233",NO_GOOGLE_MATCH,,,,
Podgorica,Petrovic Palace,"42.4383975,19.2477802",NO_GOOGLE_MATCH,,,,
Podgorica,St. George's Church and Gorica Hill,"42.452286,19.2685297",NO_GOOGLE_MATCH,,,,
Podgorica,Niagara Falls on the Cijevna,"42.4262708,19.4909841",NO_GOOGLE_MATCH,,,,
Pokhara,Mahendra and Bat Caves,"28.2674636,83.97592949999999",NO_GOOGLE_MATCH,,,,
Ponce,La Guancha Boardwalk,"17.9659567,-66.61255229999999",GOOGLE_AGREES,"17.965957,-66.612552",0.0,,"Google: La Guancha (establishment, park, point_of_interest)"
Poprad,Church of St. Egidius,"49.05494600000001,20.3013722",GOOGLE_AGREES_UNNAMED,"49.054946,20.301372",0.0,,"Google: 74 (church, establishment, place_of_worship); Google gave no name, plus code only"
Poprad,St. Egidius Square,"49.0545626,20.2991419",GOOGLE_AGREES,"49.054563,20.299142",0.0,,"Google: Park on the St. Egidius Square (establishment, park, point_of_interest)"
Poprad,Tatra Gallery,"49.0581853,20.2979071",GOOGLE_AGREES_UNNAMED,"49.058185,20.297907",0.0,,"Google: 341/12 (art_gallery, establishment, museum); Google gave no name, plus code only"
Poprad,Podtatranske Museum,"49.0536723,20.2973978",GOOGLE_AGREES_UNNAMED,"49.053672,20.297398",0.0,,"Google: 4 (establishment, museum, point_of_interest); Google gave no name, plus code only"
Poprad,Lomnicky stit Cable Car,"49.1953008,20.2131468",GOOGLE_AGREES,"49.195301,20.213147",0.0,,"Google: Lomnický štít (establishment, natural_feature)"
Port Elizabeth,Route 67,"-33.91369299999999,25.5826876",GOOGLE_DISAGREES_NO_SECOND_SOURCE,"-33.962032,25.622197",6.494,,"Google: 14 (establishment, museum, point_of_interest); Google gave no name, plus code only"
Port Elizabeth,Shark Rock Pier and Hobie Beach,"-33.9801644,25.6586122",NO_GOOGLE_MATCH,,,,
Port Elizabeth,The Campanile,"-33.9609211,25.6249502",NO_GOOGLE_MATCH,,,,
Port Louis,Port Louis Central Market,"-20.1606919,57.50295089999999",GOOGLE_AGREES_UNNAMED,"-20.160692,57.502951",0.0,,"Google: 9 (establishment, point_of_interest, tourist_attraction); Google gave no name, plus code only"
Port Moresby,Parliament Haus,"-9.420152999999999,147.1726299",NO_GOOGLE_MATCH,,,,
Port Moresby,Hanuabada Village,"-9.4544704,147.152215",NO_GOOGLE_MATCH,,,,
Port Moresby,APEC Haus,"-9.4832623,147.150613",NO_GOOGLE_MATCH,,,,
Port Sudan,Umbria Wreck,"19.6367031,37.290526",NO_GOOGLE_MATCH,,,,
Port Sudan,Souq El Kebir (Central Market),,NO_GOOGLE_MATCH,,,,
Port Sudan,Towartit Reefs,,NO_GOOGLE_MATCH,,,,
Port Sudan,Red Sea University,"19.6144721,37.2028353",FIXED,"19.610526,37.220247",1.876,osm way/126080268 'Red Sea University' 0.02km,"Google: J66C+639 (establishment, point_of_interest, university); Google gave no name, plus code only"
Port Sudan,Red Sea Museum,,GOOGLE_DISAGREES_NO_SECOND_SOURCE,"19.623409,37.215761",,,"Google: J6F8+986 (establishment, museum, point_of_interest); Google gave no name, plus code only"
Port Vila,Iririki Island Resort,"-17.7445939,168.309707",NO_GOOGLE_MATCH,,,,
Port Vila,Port Vila Harbour Waterfront,"-17.75,168.3",GOOGLE_AGREES,"-17.750000,168.300000",0.0,,"Google: Port Vila Harbour (establishment, natural_feature)"
Port Vila,Chief Roi Mata's Domain (UNESCO Site),"-17.638232,168.1577573",NO_GOOGLE_MATCH,,,,
Port Vila,Hideaway Island Marine Sanctuary,"-17.6973023,168.2633829",NO_GOOGLE_MATCH,,,,
Port-au-Prince,Hôtel Oloffson,"18.5508094,-72.3456523",FIXED,"18.529657,-72.337749",2.495,wd Q3365701 'Hotel Oloffson' 0.04km; csv-lead Wikidata 'Hotel Oloffson' 0.04km,"Google: GMH7+X4H (establishment, lodging, point_of_interest); Google gave no name, plus code only"
Portland,Portlandia Statue,"45.5157811,-122.6790987",NO_GOOGLE_MATCH,,,,
Portland,Powell's City of Books,"45.5232451,-122.6814329",GOOGLE_AGREES_UNNAMED,"45.523245,-122.681433",0.0,,"Google: 1005 (book_store, establishment, home_goods_store); Google gave no name, plus code only"
Portland,Keep Portland Weird Mural / Voodoo Doughnut,"45.5244637,-122.6504645",NO_GOOGLE_MATCH,,,,
Porto,Vila Nova de Gaia Port Wine Cellars,"41.139095,-8.6089599",NO_GOOGLE_MATCH,,,,
Porto Seguro,Passarela do Descobrimento (Passarela do Alcool),"-16.4527591,-39.0633161",NO_GOOGLE_MATCH,,,,
Porto Seguro,Reserva da Jaqueira,"-16.3711128,-39.0355453",GOOGLE_AGREES_UNNAMED,"-16.371113,-39.035545",0.0,,"Google: 4728-5136 (establishment, point_of_interest); Google gave no name, plus code only"
Porto-Novo,Musee Ethnographique Alexandre Senou Adande,"6.4731824,2.617385000000001",GOOGLE_AGREES_UNNAMED,"6.473182,2.617385",0.0,,"Google: FJF8+7XC (establishment, point_of_interest); Google gave no name, plus code only"
Porto-Novo,Place Jean Bayol and King Toffa Statue,"6.469157099999999,2.6248765",NO_GOOGLE_MATCH,,,,
Porto-Novo,Palais des Gouverneurs,"6.478623799999999,2.6203212",NO_GOOGLE_MATCH,,,,
Porto-Novo,Marché International d'Ouando,"6.5060483,2.6111654",NO_GOOGLE_MATCH,,,,
Positano,Arienzo Beach,"40.6267875,14.4958969",GOOGLE_AGREES,"40.626787,14.495897",0.0,,"Google: Arienzo Beach (establishment, natural_feature)"
Potosí,Convento de San Francisco,"-19.5910754,-65.7530203",NO_GOOGLE_MATCH,,,,
Potosí,Torre de la Compania de Jesus,"-19.5889076,-65.7548019",GOOGLE_AGREES_UNNAMED,"-19.588908,-65.754802",0.0,,"Google: C66W+C3P (establishment, point_of_interest, tourist_attraction); Google gave no name, plus code only"
Potosí,Catedral Basilica de Potosi,"-19.5746758,-65.75930900000002",NO_GOOGLE_MATCH,,,,
Poznań,Town Hall and the Fighting Goats,"52.40567859999999,16.9312766",NO_GOOGLE_MATCH,,,,
Poznań,Fara Poznanska (Parish Church of St. Stanislaus),"52.4061619,16.9341072",GOOGLE_AGREES_UNNAMED,"52.406162,16.934107",0.0,,"Google: 1 (church, establishment, place_of_worship); Google gave no name, plus code only"
Poznań,Porta Posnania,"52.412328,16.9515749",GOOGLE_AGREES_UNNAMED,"52.412328,16.951575",0.0,,"Google: 2 (establishment, museum, point_of_interest); Google gave no name, plus code only"
Praia,Presidential Palace,"14.9164796,-23.5095133",GOOGLE_AGREES_UNNAMED,"14.916480,-23.509513",0.0,,"Google: WF8R+H5X (establishment, point_of_interest, tourist_attraction); Google gave no name, plus code only"
Praia,National Assembly Building,"14.9058012,-23.515931",NO_GOOGLE_MATCH,,,,
Praia,Ethnographic Museum of Praia,"14.919775,-23.5073437",NO_GOOGLE_MATCH,,,,
Praia,Praia Cityscape,"14.9188419,-23.5090881",NO_GOOGLE_MATCH,,,,
Pretoria,Jacaranda Streets in October,"-25.7593353,28.225624",NO_GOOGLE_MATCH,,,,
Pristina,Bill Clinton Statue,"42.655678,21.1576471",FIXED,"42.654052,21.153167",0.409,osm node/2432920688 'Bill Clinton' 0.00km; osm way/131411393 'Bill Clinton' 0.43km,"Google: Statue of Bill Clinton (establishment, point_of_interest)"
Pucón,Lake Villarrica and Playa Grande,"-39.2698823,-71.9773807",NO_GOOGLE_MATCH,,,,
Pucón,El Cani Sanctuary,"-39.2551755,-71.76673219999999",NO_GOOGLE_MATCH,,,,
Puducherry,Auroville and the Matrimandir,"12.0070941,79.8106322",NO_GOOGLE_MATCH,,,,
Puebla,Zócalo de Puebla,"19.0436846,-98.1981031",GOOGLE_AGREES,"19.043685,-98.198103",0.0,,"Google: Zócalo de Puebla (establishment, park, point_of_interest)"
Puebla,Mercado El Parián,"19.0431794,-98.1932827",NO_GOOGLE_MATCH,,,,
Puerto Iguazú,Iguazú National Park Upper and Lower Circuits,"-25.6829476,-54.4546339",NO_GOOGLE_MATCH,,,,
Puerto Iguazú,Güirá Oga Wildlife Refuge,"-25.6261126,-54.548479",GOOGLE_AGREES,"-25.626113,-54.548479",0.0,,"Google: Güirá Oga (establishment, park, point_of_interest)"
Puerto Madryn,Ecocentro Puerto Madryn,"-42.7823723,-64.9958752",GOOGLE_AGREES_UNNAMED,"-42.782435,-64.995794",0.01,,"Google: 3784 (establishment, museum, point_of_interest); Google gave no name, plus code only"
Puerto Madryn,Muelle Luis Piedrabuena and the Rambla,"-42.7815806,-65.0446088",NO_GOOGLE_MATCH,,,,
Puerto Madryn,Punta Tombo,"-42.7847527,-65.00931849999999",GOOGLE_AGREES_UNNAMED,"-42.784753,-65.009318",0.0,,"Google: 2889 (establishment, point_of_interest, travel_agency); Google gave no name, plus code only"
Puerto Natales,Costanera Pedro Montt,"-51.7350565,-72.5075471",GOOGLE_AGREES,"-51.736035,-72.504847",0.215,,Google: Pedro Montt (route)
Puerto Natales,Monumento Amor al Viento,"-51.7269318,-72.5068209",GOOGLE_DISAGREES_NO_SECOND_SOURCE,"-51.726571,-72.513289",0.447,,"Google: Monumento al viento (establishment, park, point_of_interest)"
Puerto Natales,Plaza de Armas Arturo Prat and Iglesia María Auxiliadora,"-51.7263347,-72.5062211",GOOGLE_AGREES,"-51.726335,-72.506221",0.0,,"Google: Plaza de Armas Arturo Prat (establishment, park, point_of_interest)"
Puerto Natales,Estación de Ferrocarril de Puerto Natales,"-51.7262003,-72.5059982",NO_GOOGLE_MATCH,,,,
Puerto Natales,Cementerio Municipal de Puerto Natales,"-51.7262003,-72.5059982",NO_GOOGLE_MATCH,,,,
Puerto Plata,Parque Independencia,"19.7976623,-70.6932862",NO_GOOGLE_MATCH,,,,
Puerto Plata,Catedral San Felipe Apóstol,"19.7973104,-70.69356789999999",GOOGLE_AGREES_UNNAMED,"19.797310,-70.693568",0.0,,"Google: 36 (church, establishment, place_of_worship); Google gave no name, plus code only"
Puerto Plata,27 Charcos de Damajagua,"19.7342692,-70.8191197",NO_GOOGLE_MATCH,,,,
Puerto Princesa,Iwahig River Firefly Watching,"9.7331068,118.683915",NO_GOOGLE_MATCH,,,,
Puerto Vallarta,El Malecón,"20.6111652,-105.2346505",NO_GOOGLE_MATCH,,,,
Pula,Forum Square,"44.8699835,13.8422421",GOOGLE_AGREES_UNNAMED,"44.869983,13.842242",0.0,,"Google: 3 (establishment, point_of_interest, tourist_attraction); Google gave no name, plus code only"
Pula,Lighting Giants,"44.8722252,13.8363955",NO_GOOGLE_MATCH,,,,
Pula,Cape Kamenjak,"44.8741672,13.848556",NO_GOOGLE_MATCH,,,,
Puno,Plaza de Armas and Casa del Corregidor,"-15.8404401,-70.02879639999999",NO_GOOGLE_MATCH,,,,
Puno,Yavarí Steamship,"-15.8256919,-70.0048802",NO_GOOGLE_MATCH,,,,
Punta Arenas,Plaza Muñoz Gamero and the Magellan Monument,"-53.1633778,-70.907705",NO_GOOGLE_MATCH,,,,
Punta Arenas,Mirador Cerro de la Cruz,"-53.1601438,-70.9157761",GOOGLE_AGREES_UNNAMED,"-53.160144,-70.915776",0.0,,"Google: 1012 (establishment, point_of_interest, tourist_attraction); Google gave no name, plus code only"
Punta Arenas,Museo Regional Braun-Menéndez,"-53.1620782,-70.9061858",GOOGLE_AGREES_UNNAMED,"-53.162078,-70.906186",0.0,,"Google: 949 (establishment, museum, point_of_interest); Google gave no name, plus code only"
Punta Cana,Bávaro Beach,"18.6654185,-68.3959708",GOOGLE_AGREES,"18.665419,-68.395971",0.0,,"Google: Bavaro Beach (establishment, natural_feature)"
Punta Cana,Marinarium,"18.556551,-68.3691611",NO_GOOGLE_MATCH,,,,
Punta Cana,Coco Bongo Punta Cana,"18.6351768,-68.3949984",NO_GOOGLE_MATCH,,,,
Pyatigorsk,Mount Mashuk,"44.050889,43.088833",GOOGLE_AGREES,"44.050889,43.088833",0.0,,"Google: Mashuk (establishment, natural_feature)"
Pyatigorsk,Proval,"44.0464643,43.0992027",NO_GOOGLE_MATCH,,,,
Pyatigorsk,Park Tsvetnik and the Lermontov Gallery,"44.0367664,43.0812005",NO_GOOGLE_MATCH,,,,
Pyatigorsk,Eagle Sculpture (Orjol),"44.04989330000001,43.039636",NO_GOOGLE_MATCH,,,,
Pyatigorsk,Diana's Grotto,"44.0399133,43.0870572",NO_GOOGLE_MATCH,,,,
Pyatigorsk,Aeolian Harp,"44.0403335,43.0867875",NO_GOOGLE_MATCH,,,,
Pyatigorsk,Lermontov Duel Site,"44.0591027,43.0770018",NO_GOOGLE_MATCH,,,,
Pyatigorsk,Spassky Cathedral,"44.04989330000001,43.039636",NO_GOOGLE_MATCH,,,,
Pyongyang,Grand People's Study House,"39.02020539999999,125.7492459",GOOGLE_AGREES_UNNAMED,"39.020205,125.749246",0.0,,"Google: 2Q92+VC3 (establishment, library, point_of_interest); Google gave no name, plus code only"
Qingdao,Zhanqiao Pier,"36.058454,120.320491",FIXED,"36.058278,120.315439",0.455,osm way/1474305748 'Zhanqiao pier' 0.19km,"Google: 14 (establishment, point_of_interest, tourist_attraction); Google gave no name, plus code only"
Qingdao,Badaguan Scenic Area,"36.0522009,120.352919",NO_GOOGLE_MATCH,,,,
Qingdao,Tsingtao Beer Museum,"36.07912,120.346834",FIXED,"36.078890,120.341737",0.459,osm way/554250276 'Tsingtau beer museum' 0.02km; wd Q15914948 'Tsingtao Brewery Museum' 0.03km,"Google: -1 (establishment, museum, point_of_interest); Google gave no name, plus code only"
Qingdao,Xiaoyushan Park,"36.0583024,120.3367556",FIXED,"36.058643,120.331461",0.477,osm way/154258767 'Xiaoyushan Park' 0.01km,"Google: Xiaoyushan Park (establishment, park, point_of_interest)"
Qingdao,Qingdao TV Tower,"36.06819,120.357864",NO_GOOGLE_MATCH,,,,
Qingdao,Qingdao Protestant Church,"36.0662299,120.38299",NO_GOOGLE_MATCH,,,,
Qingdao,Qingdao Beer Street Historic Area,"36.0662299,120.38299",NO_GOOGLE_MATCH,,,,
Qinhuangdao,Jiaoshan Great Wall,"40.037204,119.74167",GOOGLE_DISAGREES_NO_SECOND_SOURCE,"40.035905,119.735751",0.524,,"Google: 2PPR+VMM (establishment, point_of_interest, tourist_attraction); Google gave no name, plus code only"
Qinhuangdao,Mengjiangnü Temple,"39.93544989999999,119.59964",NO_GOOGLE_MATCH,,,,
Qinhuangdao,Beidaihe Beach,"39.806206,119.455483",NO_GOOGLE_MATCH,,,,
Qinhuangdao,Pigeon Nest Park (Gezhenwo),"39.8344453,119.5191072",NO_GOOGLE_MATCH,,,,
Qinhuangdao,Beidaihe Wetlands and Bird Sanctuary,"39.8350699,119.48458",NO_GOOGLE_MATCH,,,,
Qinhuangdao,Qinhuangdao Wildlife Park,"39.86833499999999,119.5176",GOOGLE_DISAGREES_NO_SECOND_SOURCE,"39.867100,119.511619",0.529,,"Google: VG99+82Q (establishment, point_of_interest, zoo); Google gave no name, plus code only"
Qinhuangdao,Xin'ao Undersea World,"39.93544989999999,119.59964",NO_GOOGLE_MATCH,,,,
Qinhuangdao,Qinhuang Qiuxian Ruhai Chu (Emperor Qin's Departure Point),"39.7909432,119.4252468",NO_GOOGLE_MATCH,,,,
Qom,Feyziyeh Seminary,"34.6427584,50.87928720000001",NO_GOOGLE_MATCH,,,,
Qom,Gonbad-e Sabz (Green Dome Mausoleums),,NO_GOOGLE_MATCH,,,,
Qom,Astan Museum of Qom,,NO_GOOGLE_MATCH,,,,
Qom,Historic House of Imam Khomeini,"34.6640287,50.8757578",NO_GOOGLE_MATCH,,,,
Quanzhou,West Street (Xi Jie),"24.8740499,118.67583",NO_GOOGLE_MATCH,,,,
Quanzhou,Qingyuan Mountain and Laojun Rock,"24.954023,118.607567",NO_GOOGLE_MATCH,,,,
Quetzaltenango,Parque Centro América,"14.8344623,-91.51829049999999",GOOGLE_AGREES,"14.834462,-91.518290",0.0,,"Google: Parque Centro América (establishment, park, point_of_interest)"
Quito,Basílica del Voto Nacional,"-0.2149867,-78.50765179999999",NO_GOOGLE_MATCH,,,,
Rabat,Medina of Rabat and Rue des Consuls,"34.0271543,-6.8331646",NO_GOOGLE_MATCH,,,,
Rabat,Rabat Lighthouse and Udayas Corniche,"34.0318167,-6.8361049",NO_GOOGLE_MATCH,,,,
Reims,Domaine Pommery,"49.2433074,4.0511379",GOOGLE_AGREES_UNNAMED,"49.243307,4.051138",0.0,,"Google: 5 (establishment, food, point_of_interest); Google gave no name, plus code only"
Reno,Truckee Riverwalk District,"39.5266418,-119.8146837",GOOGLE_AGREES,"39.526642,-119.814684",0.0,,"Google: Riverwalk District (neighborhood, political)"
Reno,Midtown District Murals,"39.5177018,-119.8090145",NO_GOOGLE_MATCH,,,,
Reykjavík,Harpa Concert Hall,"64.1503943,-21.9324604",NO_GOOGLE_MATCH,,,,
Reykjavík,Grótta Lighthouse,"64.16501,-22.0219814",NO_GOOGLE_MATCH,,,,
Rhodes,Rhodes Old Town Walls and Moat,"36.4340533,28.2176379",NO_GOOGLE_MATCH,,,,
Rhodes,Suleiman Mosque,"36.4440228,28.2242665",GOOGLE_AGREES_UNNAMED,"36.444023,28.224266",0.0,,"Google: 11 (establishment, mosque, place_of_worship); Google gave no name, plus code only"
Rhodes,Elli Beach and New Town Waterfront,"36.4555369,28.2206181",NO_GOOGLE_MATCH,,,,
Riga,House of the Black Heads,"56.9471695,24.1067706",GOOGLE_AGREES_UNNAMED,"56.947170,24.106771",0.0,,"Google: 7 (establishment, museum, point_of_interest); Google gave no name, plus code only"
Rimini,Marina Centro Beach,"44.06819960000001,12.5802352",GOOGLE_AGREES,"44.068200,12.580235",0.0,,"Google: Marina Centro (neighborhood, political)"
Rio de Janeiro,Selarón Steps,"-22.9152923,-43.1792036",NO_GOOGLE_MATCH,,,,
Riyadh,National Museum of Saudi Arabia,"24.6480983,46.7109536",NO_GOOGLE_MATCH,,,,
Riyadh,Al Bujairi Heritage Park,"24.7360934,46.574162",GOOGLE_AGREES_UNNAMED,"24.736093,46.574162",0.0,,"Google: 3134 (establishment, park, point_of_interest); Google gave no name, plus code only"
Road Town,J.R. O'Neal Botanic Gardens,"18.4280384,-64.609791",GOOGLE_DISAGREES_NO_SECOND_SOURCE,"18.427638,-64.622421",1.333,,"Google: J.R. O'Neal Botanical Gardens (establishment, park, point_of_interest)"
Road Town,Crafts Alive Village,"18.4201546,-64.61743659999999",GOOGLE_AGREES_UNNAMED,"18.420155,-64.617437",0.0,,"Google: C9CM+328 (clothing_store, establishment, point_of_interest); Google gave no name, plus code only"
Road Town,1780 Lower Estate Sugar Works Museum,"18.427193,-64.61919499999999",GOOGLE_AGREES_UNNAMED,"18.427193,-64.619195",0.0,,"Google: C9GJ+V8F (establishment, museum, point_of_interest); Google gave no name, plus code only"
Roseau,Dominica Botanic Gardens,"15.3012453,-61.3819081",GOOGLE_AGREES_UNNAMED,"15.301245,-61.381908",0.0,,"Google: 8J29+F6W (establishment, point_of_interest, tourist_attraction); Google gave no name, plus code only"
Rostock,Kröpeliner Strasse,"54.0884406,12.1348342",GOOGLE_AGREES,"54.088441,12.134834",0.0,,Google: Kröpeliner Straße (route)
Rotorua,"Whakarewarewa, The Living Maori Village","-38.161131,176.256495",GOOGLE_AGREES_UNNAMED,"-38.161131,176.256495",0.0,,"Google: 17 (establishment, point_of_interest, tourist_attraction); Google gave no name, plus code only"
Rotterdam,Historic Delfshaven,"51.9131258,4.4305403",NO_GOOGLE_MATCH,,,,
Rovaniemi,SantaPark Arctic World,"66.5393445,25.7969324",NO_GOOGLE_MATCH,,,,
Rovaniemi,Arctic Circle Hiking Area and Vaattunkiköngäs,"66.59365149999999,26.1161767",NO_GOOGLE_MATCH,,,,
Sa Pa,Cat Cat Village,"22.3301416,103.8324947",GOOGLE_AGREES,"22.330142,103.832495",0.0,,"Google: Cat Cat Village (neighborhood, political)"
Saint Martin's Island,West Beach,"20.6237016,92.3233948",GOOGLE_DISAGREES_NO_SECOND_SOURCE,"20.614651,92.324674",1.015,,Google: West Beach Road (route)
Saint Martin's Island,Coral Beach (East Beach),"20.5927733,92.3309867",GOOGLE_DISAGREES_NO_SECOND_SOURCE,"20.612175,92.328367",2.175,,Google: East Beach Road (route)
Saint Martin's Island,Shomudro Bilash (Humayun Ahmed's House),"20.6319631,92.3171483",NO_GOOGLE_MATCH,,,,
Saint Martin's Island,Saint Martin's Jetty,"20.6332413,92.3247934",NO_GOOGLE_MATCH,,,,
Saint Martin's Island,Narikel Jinjira Coconut Groves,"20.6237016,92.3233948",NO_GOOGLE_MATCH,,,,
Saint Martin's Island,Coral Reefs and Snorkelling Shallows,"20.6237016,92.3233948",NO_GOOGLE_MATCH,,,,
Saint Martin's Island,Saint Martin's Bazaar,"20.6332413,92.3247934",NO_GOOGLE_MATCH,,,,
Saint Martin's Island,Dakhinpara (Southern Village),"20.7621334,92.3270926",GOOGLE_AGREES,"20.762133,92.327093",0.0,,"Google: Dakhinpara (locality, political)"
Saint Martin's Island,Keya Groves along the Shoreline,"20.6237016,92.3233948",NO_GOOGLE_MATCH,,,,
Saint Petersburg,Peterhof Palace and Gardens,"59.8863041,29.9085976",GOOGLE_AGREES,"59.886304,29.908598",0.0,,"Google: Peterhof Palace (establishment, museum, park)"
Saint-Louis,Guet N'Dar Fishing Quarter,"16.0209152,-16.5086938",GOOGLE_AGREES,"16.020915,-16.508694",0.0,,"Google: Guet N'Dar (political, sublocality, sublocality_level_1)"
Saint-Louis,Palais du Gouverneur (Governance),,NO_GOOGLE_MATCH,,,,
Saint-Pierre,L'Arche Musée et Archives,"46.7845931,-56.1498752",NO_GOOGLE_MATCH,,,,
Saint-Pierre,Les Salines,"46.7818357,-56.17373929999999",NO_GOOGLE_MATCH,,,,
Saint-Pierre,Fronton Zazpiak-Bat,"46.7829466,-56.1733579",NO_GOOGLE_MATCH,,,,
Saint-Pierre,Quai de la République Waterfront,"46.7813652,-56.1661138",NO_GOOGLE_MATCH,,,,
Saint-Tropez,Phare de Saint-Tropez,"43.2727191,6.6405225",NO_GOOGLE_MATCH,,,,
Salalah,Al Haffa Frankincense Souq (Al Husn Souq),"17.0074809,54.1121738",NO_GOOGLE_MATCH,,,,
Salvador,Pelourinho Historic Center,"-12.9736369,-38.5097201",NO_GOOGLE_MATCH,,,,
Salzburg,Makartsteg Bridge,"47.8017325,13.0421736",NO_GOOGLE_MATCH,,,,
Samarkand,Registan Square,"39.6546466,66.9757669",NO_GOOGLE_MATCH,,,,
Samarkand,Afrasiyab Settlement & Museum,"39.6701911,66.9883763",NO_GOOGLE_MATCH,,,,
Samarkand,Hazrat Khizr Mosque,"39.6634382,66.9832527",NO_GOOGLE_MATCH,,,,
Samarkand,Konigil Meros Paper Mill,"39.666646,67.034119",NO_GOOGLE_MATCH,,,,
San Andrés,Acuario & Haynes Cay,"12.585138,-81.6952252",NO_GOOGLE_MATCH,,,,
San Antonio,The Pearl District,"29.4422257,-98.47936560000001",GOOGLE_AGREES,"29.441900,-98.479200",0.04,,"Google: San Antonio Pearl District (establishment, point_of_interest, transit_station)"
San Cristóbal de las Casas,Cerrito de San Cristóbal,"16.6835469,-92.6155184",GOOGLE_DISAGREES_NO_SECOND_SOURCE,"16.754215,-92.639670",8.268,,Google: San Cristóbal (route)
San Cristóbal de las Casas,Andador Real de Guadalupe,"16.7377884,-92.6306813",GOOGLE_AGREES,"16.737788,-92.630681",0.0,,Google: Real de Guadalupe (route)
San Cristóbal de las Casas,El Arcotete Ecological Park,"16.7259686,-92.5843287",NO_GOOGLE_MATCH,,,,
San José,Museo del Jade,"9.9332199,-84.0727462",NO_GOOGLE_MATCH,,,,
San Marino,Guaita Tower,"43.9354691,12.4493514",NO_GOOGLE_MATCH,,,,
San Marino,Cesta Tower,"43.9330007,12.4515802",NO_GOOGLE_MATCH,,,,
San Marino,Montale Tower,"43.9303386,12.4526505",NO_GOOGLE_MATCH,,,,
San Marino,State Museum of Torture Instruments,"43.9352313,12.4467607",NO_GOOGLE_MATCH,,,,
San Pedro Sula,Cascadas de Pulhapanzak,"15.5058165,-88.02580209999999",NO_GOOGLE_MATCH,,,,
San Pedro Sula,Cathedral viewpoint at El Merendón,"15.5189561,-88.1496963",NO_GOOGLE_MATCH,,,,
San Sebastián,Monte Urgull,"43.3252327,-1.9898448",NO_GOOGLE_MATCH,,,,
San Sebastián,Basílica de Santa María del Coro,"43.3238369,-1.9866066",GOOGLE_AGREES_UNNAMED,"43.323837,-1.986607",0.0,,"Google: 46 (church, establishment, place_of_worship); Google gave no name, plus code only"
San Sebastián,Catedral del Buen Pastor,"43.3167707,-1.9815654",GOOGLE_AGREES_UNNAMED,"43.316771,-1.981565",0.0,,"Google: 12 (church, establishment, place_of_worship); Google gave no name, plus code only"
San Sebastián,Palacio de Miramar,"43.3148304,-1.9984962",NO_GOOGLE_MATCH,,,,
Sana'a,Suq al-Milh (Salt Market),"15.3545381,44.2064003",NO_GOOGLE_MATCH,,,,
Sana'a,Sana'a Tower Houses of Al-Qasimi Quarter,"15.345331,44.2179399",NO_GOOGLE_MATCH,,,,
Sana'a,Wadi Dhahr Valley,"15.3545381,44.2064003",NO_GOOGLE_MATCH,,,,
Sana'a,Liberation Square (Midan al-Tahrir),"15.3539632,44.2049746",NO_GOOGLE_MATCH,,,,
Şanlıurfa,Rızvaniye Mosque and Ayn Zeliha Lake,"37.1467265,38.7848035",NO_GOOGLE_MATCH,,,,
Şanlıurfa,On Gözlü Köprü (Ten-Eyed Bridge),,NO_GOOGLE_MATCH,,,,
Santa Cruz de la Sierra,Manzana Uno Espacio de Arte,"-17.7841689,-63.182489",NO_GOOGLE_MATCH,,,,
Santa Cruz de Tenerife,Museo de la Naturaleza y Arqueología (MUNA),"28.463895,-16.249485",NO_GOOGLE_MATCH,,,,
Santa Marta,Catedral Basílica de Santa Marta,"11.243234,-74.21099219999999",NO_GOOGLE_MATCH,,,,
Santa Marta,Playa El Rodadero,"11.2036394,-74.2276856",GOOGLE_AGREES,"11.203639,-74.227686",0.0,,"Google: Playa El Rodadero santa marta (establishment, natural_feature)"
Santa Marta,Camellón Rodrigo de Bastidas,"11.2451682,-74.2146169",GOOGLE_AGREES,"11.245168,-74.214617",0.0,,"Google: Parque Camellón Rodrigo de Bastidas (establishment, park, point_of_interest)"
Santiago de Compostela,Rúa do Franco & the Old Town,"42.8787112,-8.5451785",GOOGLE_AGREES,"42.878711,-8.545179",0.0,,Google: Rúa do Franco (route)
Santiago de Cuba,Basílica del Cobre,"20.0508568,-75.9489842",GOOGLE_AGREES_UNNAMED,"20.050857,-75.948984",0.0,,"Google: 3322+8CR (church, establishment, place_of_worship); Google gave no name, plus code only"
Santiago de Cuba,Casa de Diego Velázquez,"20.0216224,-75.8298659",GOOGLE_AGREES_UNNAMED,"20.021622,-75.829866",0.0,,"Google: 25CC+J3R (establishment, museum, point_of_interest); Google gave no name, plus code only"
Santiago de Cuba,Padre Pico Steps & Tivolí Quarter,"20.0229686,-75.8312221",NO_GOOGLE_MATCH,,,,
Santiago de Querétaro,Templo y Ex-Convento de la Santa Cruz,"20.5931429,-100.383682",NO_GOOGLE_MATCH,,,,
Santiago de Querétaro,Jardín Zenea & Templo de San Francisco,"20.5929377,-100.3913766",NO_GOOGLE_MATCH,,,,
Santo Domingo,Catedral Primada de América,"18.4730666,-69.8839661",NO_GOOGLE_MATCH,,,,
Santorini,Akrotiri Archaeological Site,"36.3517952,25.403447",NO_GOOGLE_MATCH,,,,
Santorini,Fira to Oia Caldera Trail,"36.4618199,25.3753101",NO_GOOGLE_MATCH,,,,
Santorini,Pyrgos,"36.383038,25.4478176",NO_GOOGLE_MATCH,,,,
Santorini,Perissa & Perivolos Black Sand Beach,"36.3571187,25.4748823",NO_GOOGLE_MATCH,,,,
Sanya,Yanoda Rainforest Cultural Tourism Zone,"18.452088,109.669316",GOOGLE_DISAGREES_NO_SECOND_SOURCE,"18.453912,109.665260",0.473,,"Google: FM29+RPP (establishment, point_of_interest, travel_agency); Google gave no name, plus code only"
Sanya,Sanya Bay & Coconut Dream Corridor,"18.279309,109.470411",NO_GOOGLE_MATCH,,,,
São Tomé,Fort São Sebastião,"0.3459787,6.7394069",GOOGLE_AGREES,"0.345979,6.739407",0.0,,"Google: Forte de São Sebastião (establishment, museum, point_of_interest)"
São Tomé,Presidential Palace,"0.3388048,6.7331758",NO_GOOGLE_MATCH,,,,
São Tomé,Óbô Natural Park,"0.1935478,6.547765699999999",NO_GOOGLE_MATCH,,,,
São Tomé,National Assembly Building,"0.2602568,6.621061099999999",NO_GOOGLE_MATCH,,,,
Sarajevo,Sebilj Fountain,"43.8597004,18.4312705",NO_GOOGLE_MATCH,,,,
Sarajevo,Tunnel of Hope Museum,"43.8197884,18.337341",GOOGLE_AGREES_UNNAMED,"43.819788,18.337341",0.0,,"Google: 1 (establishment, museum, point_of_interest); Google gave no name, plus code only"
Sarajevo,Trebević Cable Car,"43.8555617,18.4349711",NO_GOOGLE_MATCH,,,,
Saskatoon,Broadway District,"52.1158707,-106.6556734",GOOGLE_AGREES_UNNAMED,"52.115871,-106.655673",0.0,,"Google: 613 (establishment, point_of_interest); Google gave no name, plus code only"
Savonlinna,Lake Saimaa Scenic Cruises,"61.8683766,28.8861803",NO_GOOGLE_MATCH,,,,
Savonlinna,Sulosaari Island Nature Trail,"61.8766661,28.8946743",NO_GOOGLE_MATCH,,,,
Scottsdale,Old Town Scottsdale,"33.4983982,-111.9261077",GOOGLE_AGREES,"33.498398,-111.926108",0.0,,"Google: Old Town Scottsdale (neighborhood, political)"
Scottsdale,The Wave (Scottsdale Waterfront),"33.4948764,-111.9216734",REJECTED_ON_REVIEW,"33.501905,-111.926965",0.923,osm way/553647746 'Scottsdale Waterfront' 0.27km,"Google: 7135 (establishment, point_of_interest, shopping_mall); Google gave no name, plus code only"
Scottsdale,Soleri Bridge and Plaza,"33.5012595,-111.9266468",GOOGLE_AGREES,"33.501260,-111.926647",0.0,,"Google: Soleri Bridge (establishment, point_of_interest, tourist_attraction)"
Selçuk,Ephesus Ancient City,"37.9409263,27.3414579",NO_GOOGLE_MATCH,,,,
Selçuk,Ayasuluk Castle,"37.9500926,27.3653081",NO_GOOGLE_MATCH,,,,
Selçuk,Şirince Village,"37.9526248,27.4303027",NO_GOOGLE_MATCH,,,,
Serekunda,Serekunda Market,"13.4389869,-16.6821758",NO_GOOGLE_MATCH,,,,
Serekunda,Tanji Fish Market,"13.3536979,-16.7996581",GOOGLE_AGREES_UNNAMED,"13.353698,-16.799658",0.0,,"Google: 9632+F4 (establishment, point_of_interest); Google gave no name, plus code only"
Sergiyev Posad,Trinity Cathedral,"56.3097509,38.1294232",NO_GOOGLE_MATCH,,,,
Sergiyev Posad,Assumption Cathedral,"56.3151766,38.136706",NO_GOOGLE_MATCH,,,,
Sergiyev Posad,Chapel-at-the-Well (Nadkladeznaya Chapel),"56.3151766,38.136706",NO_GOOGLE_MATCH,,,,
Sergiyev Posad,Sergiev Posad State History and Art Museum-Reserve,"56.3151766,38.136706",NO_GOOGLE_MATCH,,,,
Sergiyev Posad,Toy Museum,"56.3151766,38.136706",NO_GOOGLE_MATCH,,,,
Sergiyev Posad,Blinnaya Gora (Pancake Hill) Viewpoint,"56.3073193,38.1348744",NO_GOOGLE_MATCH,,,,
Sergiyev Posad,Chernigovsky Skete,"56.307075,38.1789455",GOOGLE_AGREES_UNNAMED,"56.307075,38.178945",0.0,,"Google: 1 (church, establishment, place_of_worship); Google gave no name, plus code only"
Sergiyev Posad,Kelarsky Pond,"55.6312354,37.7170919",NO_GOOGLE_MATCH,,,,
Seville,Seville Cathedral & Giralda Tower,"37.3858247,-5.9931068",NO_GOOGLE_MATCH,,,,
Seville,Triana Neighborhood,"37.3810861,-6.0093952",NO_GOOGLE_MATCH,,,,
Shanghai,Xintiandi,"31.230416,121.473701",NO_GOOGLE_MATCH,,,,
Shangri-La,Dukezong Ancient Town,"27.8078181,99.70933409999999",NO_GOOGLE_MATCH,,,,
Shangri-La,Guishan Park Giant Prayer Wheel,"27.811189,99.706572",NO_GOOGLE_MATCH,,,,
Shangri-La,Baiji Temple (Hundred Chickens Temple),"27.80794,99.69928",NO_GOOGLE_MATCH,,,,
Shangri-La,Shika Snow Mountain,"27.79146,99.5885",NO_GOOGLE_MATCH,,,,
Shangri-La,Dabao Temple (Dabaosi),"27.767323,99.772553",NO_GOOGLE_MATCH,,,,
Shangri-La,Gucheng Zangjingtang,,NO_GOOGLE_MATCH,,,,
Shaoxing,Shen Garden (Shenyuan),"29.99146,120.590143",NO_GOOGLE_MATCH,,,,
Shaoxing,East Lake (Dong Hu),"29.995762,120.586109",NO_GOOGLE_MATCH,,,,
Shaoxing,Orchid Pavilion (Lanting),"29.924218,120.493479",NO_SECOND_SOURCE_LOOKUP,"29.926659,120.489150",0.498,,"Google: Shaoxing Orchid Pavilion (establishment, park, point_of_interest)"
Shaoxing,Cangqiao Straight Street,"29.99886,120.57762",NO_GOOGLE_MATCH,,,,
Shaoxing,Zhou Enlai Ancestral Home,"29.995762,120.586109",NO_GOOGLE_MATCH,,,,
Shaoxing,Yingtian Pagoda and Tashan Hill,"29.86499,120.7891",NO_GOOGLE_MATCH,,,,
Shaoxing,Shaoxing Museum,"29.9585155,120.5188228",NO_GOOGLE_MATCH,,,,
Sharjah,Al Majaz Waterfront,"25.3256091,55.3879588",NO_GOOGLE_MATCH,,,,
Sharjah,Al Qasba & Eye of the Emirates,"25.3431752,55.38118249999999",NO_GOOGLE_MATCH,,,,
Sharjah,Blue Souq (Souq Al Markazi),"25.3462018,55.3846603",NO_GOOGLE_MATCH,,,,
Sharjah,Heart of Sharjah,"25.3595093,55.3841216",NO_GOOGLE_MATCH,,,,
Sharjah,Sharjah Aquarium,"25.3301909,55.3583432",NO_GOOGLE_MATCH,,,,
Shenzhen,Lianhuashan Park,"22.554571,114.057378",GOOGLE_DISAGREES_NO_SECOND_SOURCE,"22.557288,114.052264",0.606,,"Google: Lianhuashan Park (establishment, park, point_of_interest)"
Shenzhen,OCT-LOFT Creative Culture Park,"22.537294,113.991931",NO_GOOGLE_MATCH,,,,
Shenzhen,Dafen Oil Painting Village,"22.609845,114.136482",NO_GOOGLE_MATCH,,,,
Siargao,Magpupungko Rock Pools,"9.8766561,126.1207588",NO_GOOGLE_MATCH,,,,
Siargao,Maasin River,"9.8214908,126.0562069",NO_GOOGLE_MATCH,,,,
Siargao,Coconut Mountain View Deck,"9.8481883,126.0458437",NO_GOOGLE_MATCH,,,,
Sibiu,Lutheran Cathedral of Saint Mary,"45.7977427,24.1500967",NO_GOOGLE_MATCH,,,,
Sibiu,Passage of Stairs (Pasajul Scărilor),"45.79745399999999,24.1492702",GOOGLE_AGREES,"45.797652,24.149352",0.023,,Google: Pasajul Scărilor (route)
Sibiu,Fortification Towers on Strada Cetății,"45.7936795,24.1519672",NO_GOOGLE_MATCH,,,,
Siddharthanagar,Puskarini Pond and Sacred Garden,"27.5060573,83.4561307",NO_GOOGLE_MATCH,,,,
Siddharthanagar,Zhong Hua Chinese Monastery,"27.5060573,83.4561307",NO_GOOGLE_MATCH,,,,
Sigiriya,Sigiriya Frescoes,"7.9567016,80.75929909999999",GOOGLE_AGREES_UNNAMED,"7.956702,80.759299",0.0,,"Google: XQ45+MPM (establishment, point_of_interest, tourist_attraction); Google gave no name, plus code only"
Sigiriya,Mirror Wall,"7.957001500000001,80.74321160000001",NO_GOOGLE_MATCH,,,,
Sigiriya,Royal Water Gardens,"7.9455635,80.76157719999999",NO_GOOGLE_MATCH,,,,
Sigiriya,Ritigala Forest Monastery,"8.1183328,80.6646122",NO_GOOGLE_MATCH,,,,
Sihanoukville,Wat Leu (Upper Pagoda),"10.6350619,103.5219078",GOOGLE_AGREES_UNNAMED,"10.635062,103.521908",0.0,,"Google: JGPC+2QF (establishment, place_of_worship, point_of_interest); Google gave no name, plus code only"
Sihanoukville,Wat Krom (Lower Pagoda),"10.6216454,103.5032423",GOOGLE_AGREES_UNNAMED,"10.621645,103.503242",0.0,,"Google: JGC3+M75 (establishment, place_of_worship, point_of_interest); Google gave no name, plus code only"
Sihanoukville,Otres Beach,"10.5716556,103.5513737",GOOGLE_AGREES,"10.571656,103.551374",0.0,,"Google: Otres Beach (establishment, natural_feature)"
Sihanoukville,Sokha Beach,"10.6086194,103.5126501",GOOGLE_AGREES,"10.608619,103.512650",0.0,,"Google: Sokha Beach (establishment, natural_feature)"
Siwa Oasis,Temple of the Oracle of Amun,"29.2052917,25.5435028",GOOGLE_AGREES_UNNAMED,"29.205292,25.543503",0.0,,"Google: 6G4V+4C6 (establishment, point_of_interest); Google gave no name, plus code only"
Siwa Oasis,Fatnas Island,"29.1925543,25.4793782",NO_GOOGLE_MATCH,,,,
Siwa Oasis,Great Sand Sea,,NO_GOOGLE_MATCH,,,,
Siwa Oasis,Siwa Salt Lakes,"29.1986522,25.6266118",GOOGLE_AGREES_UNNAMED,"29.198652,25.626612",0.0,,"Google: 5JXG+FJ9 (establishment, point_of_interest, tourist_attraction); Google gave no name, plus code only"
Siwa Oasis,Bir Wahed,"29.1219419,25.4321731",GOOGLE_AGREES_UNNAMED,"29.121942,25.432173",0.0,,"Google: 4CCJ+QVF (establishment, point_of_interest, tourist_attraction); Google gave no name, plus code only"
Siwa Oasis,Dakrour Mountain,"29.1894089,25.5529976",NO_GOOGLE_MATCH,,,,
Sochi,Sochi Marine Terminal (Morskoy Vokzal),"43.5175106,39.8747407",GOOGLE_DISAGREES_NO_SECOND_SOURCE,"43.581103,39.719347",14.382,,"Google: Morskoy vokzal (Fontan) (establishment, point_of_interest, transit_station)"
Sochi,Agura Waterfalls,"43.5581736,39.8257689",NO_GOOGLE_MATCH,,,,
Sochi,Skypark AJ Hackett Sochi,"43.5248796,39.997029",NO_GOOGLE_MATCH,,,,
Sokcho,Sinheungsa Temple and Great Unification Buddha,"38.1758427,128.4845537",NO_GOOGLE_MATCH,,,,
Sokcho,Seorak Cable Car and Gwongeumseong Fortress,"38.1634225,128.4850404",NO_GOOGLE_MATCH,,,,
Sokcho,Yeonggeumjeong Pavilion,"38.2120575,128.602076",GOOGLE_AGREES_UNNAMED,"38.212058,128.602076",0.0,,"Google: 43 (establishment, point_of_interest, tourist_attraction); Google gave no name, plus code only"
Sokcho,Cheongchoho Lake and Expo Tower,"38.1915813,128.5831046",GOOGLE_AGREES_UNNAMED,"38.191581,128.583105",0.0,,"Google: 72 (establishment, point_of_interest, tourist_attraction); Google gave no name, plus code only"
Sokcho,Naksansa Temple,"38.1246156,128.6280451",GOOGLE_AGREES_UNNAMED,"38.124616,128.628045",0.0,,"Google: 100 (establishment, place_of_worship, point_of_interest); Google gave no name, plus code only"
Sopot,Sopot Beach,"54.4477894,18.5701296",NO_GOOGLE_MATCH,,,,
Sousse,Kasbah and Khalef Tower,"35.8245029,10.634584",NO_GOOGLE_MATCH,,,,
Sousse,Catacombs of the Good Shepherd,"35.8245029,10.634584",NO_GOOGLE_MATCH,,,,
Sousse,Boujaffar Beach,"35.8359302,10.6381321",GOOGLE_AGREES,"35.835930,10.638132",0.0,,"Google: Bou Jaafar Beach (establishment, natural_feature)"
Sousse,Zaouia Zakkak,"35.8272113,10.6378902",GOOGLE_AGREES,"35.827211,10.637890",0.0,,"Google: Zaouia Zakkar (establishment, point_of_interest)"
Split,Riva Promenade,"43.5077507,16.4384962",NO_GOOGLE_MATCH,,,,
Split,Marjan Hill,"43.51666669999999,16.4166667",NO_GOOGLE_MATCH,,,,
Srimangal,Nilkantha Tea Cabin (seven-layer tea),"24.2920467,91.74088019999999",NO_GOOGLE_MATCH,,,,
Srimangal,Finlay Tea Estate,"24.3030859,91.74253159999999",GOOGLE_AGREES_UNNAMED,"24.303086,91.742532",0.0,,"Google: 8P3V+62M (establishment, food, point_of_interest); Google gave no name, plus code only"
Srimangal,Baikka Beel Wetland Sanctuary,"24.3515566,91.7059859",GOOGLE_AGREES_UNNAMED,"24.351557,91.705986",0.0,,"Google: 9P24+J9H (establishment, point_of_interest, tourist_attraction); Google gave no name, plus code only"
Srimangal,Khasia tribal villages (punjis),"24.3094552,91.7314423",NO_GOOGLE_MATCH,,,,
St. George's,St. George's Anglican Church (ruins),"12.0493789,-61.75373339999999",NO_GOOGLE_MATCH,,,,
St. George's,York House and Parliament Building,"12.0539715,-61.7453672",SKIPPED,,,,"landmark renamed/moved since September, or its pin changed since the CSV was written"
St. George's,Bay Gardens Botanical Reserve,,GOOGLE_DISAGREES_NO_SECOND_SOURCE,"12.040672,-61.717493",,,Google: Bay Gardens (route)
Stanley,Victory Green and Ross Road waterfront,"-51.6937699,-57.8401325",NO_GOOGLE_MATCH,,,,
Stavanger,Norwegian Canning Museum,"58.97239039999999,5.7251337",GOOGLE_AGREES_UNNAMED,"58.972390,5.725134",0.0,,"Google: 15 (cafe, establishment, food); Google gave no name, plus code only"
Strasbourg,Maison Kammerzell,"48.5819431,7.749812799999999",GOOGLE_AGREES_UNNAMED,"48.581943,7.749813",0.0,,"Google: 16 (establishment, food, lodging); Google gave no name, plus code only"
Stuttgart,Wilhelma Zoological and Botanical Garden,"48.8040951,9.2079984",GOOGLE_AGREES,"48.804095,9.207998",0.0,,"Google: Wilhelma - Zoological-botanical garden (establishment, park, point_of_interest)"
Sucre,Convento de la Recoleta and Mirador,"-19.0352912,-65.2592563",NO_GOOGLE_MATCH,,,,
Sucre,Catedral Metropolitana de Sucre,"-19.0487591,-65.2598438",NO_GOOGLE_MATCH,,,,
Sucre,Tarabuco Sunday Market,"-19.0397412,-65.25572",NO_GOOGLE_MATCH,,,,
Sukhothai,Wat Si Sawai,"17.0138064,99.7022709",GOOGLE_AGREES_UNNAMED,"17.013806,99.702271",0.0,,"Google: 2P72+GWC (establishment, point_of_interest, tourist_attraction); Google gave no name, plus code only"
Sukhothai,Wat Saphan Hin,"17.0231155,99.6752235",GOOGLE_AGREES_UNNAMED,"17.023115,99.675224",0.0,,"Google: 2MFG+63X (establishment, point_of_interest); Google gave no name, plus code only"
Surabaya,Suroboyo Statue (Patung Sura dan Buaya),"-7.30878,112.734448",NO_GOOGLE_MATCH,,,,
Surabaya,Gedung Negara Grahadi,"-7.262952899999999,112.7433776",GOOGLE_AGREES_UNNAMED,"-7.262953,112.743378",0.0,,"Google: PPPV+R96 (establishment, local_government_office, point_of_interest); Google gave no name, plus code only"
Surakarta,Pasar Gede Hardjonagoro,"-7.569377,110.8315563",NO_GOOGLE_MATCH,,,,
Surakarta,Kampung Batik Laweyan,"-7.5700737,110.7977996",NO_GOOGLE_MATCH,,,,
Surat Thani,Suan Mokkh (Wat Suan Mokkhaphalaram),"9.3537168,99.1859867",NO_GOOGLE_MATCH,,,,
Surat Thani,Tapi Riverfront and San Chao Night Market,"9.145740499999999,99.32599839999999",NO_GOOGLE_MATCH,,,,
Suzhou,Panmen Gate,"31.2990084,120.5852931",GOOGLE_DISAGREES_NO_SECOND_SOURCE,"31.301193,120.581116",0.465,,"Google: 7HXP+J43 (establishment, point_of_interest, tourist_attraction); Google gave no name, plus code only"
Suzhou,Shantang Street,"31.31622,120.6035",NO_GOOGLE_MATCH,,,,
Sylhet,Shrine of Hazrat Shah Jalal,"24.9021443,91.86656239999999",NO_GOOGLE_MATCH,,,,
Sylhet,Shrine of Hazrat Shah Paran,"24.905079,91.9355775",GOOGLE_AGREES,"24.905079,91.935577",0.0,,"Google: Hazrat Shah Paran (locality, political)"
Sylhet,Keane Bridge and Surma riverfront,"24.8876287,91.86798089999999",NO_GOOGLE_MATCH,,,,
Sylhet,Volaganj Sada Pathor,"24.9047808,91.86000790000001",NO_GOOGLE_MATCH,,,,
Sylhet,Osmani Museum,"24.9020252,91.8535767",NO_GOOGLE_MATCH,,,,
Ta'if,Al Hada Mountain and Cable Car,"21.3648223,40.2803491",NO_GOOGLE_MATCH,,,,
Ta'if,Ta'if Rose Farms,"21.3826216,40.3476084",NO_GOOGLE_MATCH,,,,
Ta'if,Al Shafa Mountain Village,"21.2840782,40.42481919999999",NO_GOOGLE_MATCH,,,,
Ta'if,Al Rudaf Park,"21.2275475,40.4210529",NO_GOOGLE_MATCH,,,,
Ta'if,Saiysad National Park,"21.2932786,40.4943455",NO_GOOGLE_MATCH,,,,
Ta'if,Old Ta'if Souq (Souq Al Balad),"21.2685457,40.3999324",GOOGLE_DISAGREES_NO_SECOND_SOURCE,"21.275395,40.409259",1.23,,"Google: 4933, 6656 (establishment, food, point_of_interest); Google gave no name, plus code only"
Ta'if,Al Kar Tourist Village,"21.3567391,40.2294227",NO_GOOGLE_MATCH,,,,
Tabriz,Kandovan Village,"38.0791831,46.2886732",NO_GOOGLE_MATCH,,,,
Tai'an,South Gate to Heaven (Nantianmen),"36.1999399,117.0884",NO_GOOGLE_MATCH,,,,
Tai'an,Eighteen Bends (Shibapan),"36.252632,117.106692",GOOGLE_DISAGREES_NO_SECOND_SOURCE,"36.252367,117.100607",0.546,,"Google: Eighteen Bends (political, sublocality, sublocality_level_3)"
Tai'an,Bixia Temple (Azure Clouds Temple),"36.2350194,117.1085633",NO_GOOGLE_MATCH,,,,
Tai'an,Riguan Peak (Sun Viewing Peak),"36.256101,117.111701",GOOGLE_DISAGREES_NO_SECOND_SOURCE,"36.255838,117.105615",0.546,,"Google: Riguan Peak (establishment, natural_feature)"
Tai'an,Jade Emperor Peak (Yuhuangding),"36.2570035,117.1032653",NO_GOOGLE_MATCH,,,,
Tai'an,Red Gate Palace (Hongmen),"36.2066049,117.1223385",NO_GOOGLE_MATCH,,,,
Tai'an,Heaven Street (Tianjie),"36.2551471,117.1003943",NO_GOOGLE_MATCH,,,,
Tai'an,Puzhao Temple,"36.207394,117.11596",GOOGLE_DISAGREES_NO_SECOND_SOURCE,"36.207146,117.109881",0.546,,"Google: 6448+X94 (establishment, place_of_worship, point_of_interest); Google gave no name, plus code only"
Taichung,Chun Shui Tang Teahouse (original branch),"24.149849,120.6643315",NO_GOOGLE_MATCH,,,,
Tainan,Tainan Confucius Temple,"22.9905296,120.2040401",NO_GOOGLE_MATCH,,,,
Tainan,Sicao Green Tunnel,"22.9998999,120.2268758",NO_GOOGLE_MATCH,,,,
Tainan,Garden Night Market (Huayuan),"23.0112387,120.2002271",NO_GOOGLE_MATCH,,,,
Takamatsu,Shikoku Mura Open-Air Museum,"34.344129,134.1084025",NO_GOOGLE_MATCH,,,,
Takamatsu,Naoshima Art Island,"34.4599166,133.9952438",GOOGLE_AGREES,"34.459917,133.995244",0.0,,"Google: Naoshima (locality, political)"
Tamanrasset,The Frigate (Charles de Foucauld's house in Tamanrasset),"22.7942358,5.5361426",NO_GOOGLE_MATCH,,,,
Tampa,Amalie Arena,"27.9427373,-82.4517771",GOOGLE_AGREES_UNNAMED,"27.942737,-82.451777",0.0,,"Google: 401 (establishment, point_of_interest); Google gave no name, plus code only"
Tampere,Tammerkoski Rapids and Finlayson Area,"61.5012656,23.7587366",NO_GOOGLE_MATCH,,,,
Tampere,Pispala District,"61.50529579999999,23.708018",NO_GOOGLE_MATCH,,,,
Tampere,Tallipiha Stable Yards,"61.50337849999999,23.7541356",GOOGLE_AGREES_UNNAMED,"61.503378,23.754136",0.0,,"Google: 4 (establishment, point_of_interest); Google gave no name, plus code only"
Tangier,Tangier Medina,"35.7534929,-5.8509318",NO_GOOGLE_MATCH,,,,
Tangier,American Legation Museum,"35.783906,-5.810866499999999",NO_GOOGLE_MATCH,,,,
Taormina,Piazza IX Aprile,"37.8516181,15.285882",GOOGLE_AGREES_UNNAMED,"37.851618,15.285882",0.0,,"Google: 6 (establishment, point_of_interest, tourist_attraction); Google gave no name, plus code only"
Taormina,Duomo di Taormina (Cathedral of San Nicolò),"37.8510061,15.2829179",NO_GOOGLE_MATCH,,,,
Taormina,Mazzarò Beach and Cable Car,"37.854629,15.3003134",NO_GOOGLE_MATCH,,,,
Tarawa,Betio Island Battlefields,"1.3570366,172.932677",GOOGLE_AGREES,"1.357037,172.932677",0.0,,"Google: Betio Island (establishment, natural_feature)"
Tarawa,"Japanese Bunkers and Naval Guns, Betio","1.3570366,172.932677",NO_GOOGLE_MATCH,,,,
Tarawa,Tarawa War Memorial,"1.4518171,172.9716617",NO_GOOGLE_MATCH,,,,
Tarawa,Tungaru National Museum and Cultural Centre,"1.3657276,173.1207258",NO_GOOGLE_MATCH,,,,
Tarawa,Betio-Bairiki-Bonriki Causeway,"1.3732383,173.1514991",NO_GOOGLE_MATCH,,,,
Tarawa,South Tarawa Lagoon Beaches,"1.433333,173",GOOGLE_AGREES,"1.433333,173.000000",0.0,,"Google: South Tarawa (establishment, natural_feature)"
Tarawa,"London Village and Church, North Tarawa","1.433333,173",NO_GOOGLE_MATCH,,,,
Tarawa,Betio Sea Wall and Harbor,"1.3570366,172.932677",NO_GOOGLE_MATCH,,,,
Tarragona,Circ Romà and Praetorium Tower,"41.1188392,1.2449435",NO_GOOGLE_MATCH,,,,
Tarragona,El Serrallo Fishing Quarter,"41.1097761,1.2406926",GOOGLE_AGREES,"41.109776,1.240693",0.0,,"Google: El Serrallo (neighborhood, political)"
Tashkent,Khast Imam Complex,"41.3371778,69.240123",NO_GOOGLE_MATCH,,,,
Tashkent,Kosmonavtlar Metro Station,"41.305193,69.26477",NO_GOOGLE_MATCH,,,,
Taupo,Mine Bay Māori Rock Carvings,"-38.7329675,176.007645",NO_GOOGLE_MATCH,,,,
Taupo,Spa Thermal Park and Otumuheke Stream,"-38.6694098,176.0854854",GOOGLE_AGREES_UNNAMED,"-38.669410,176.085485",0.0,,"Google: 281 (establishment, point_of_interest); Google gave no name, plus code only"
Taupo,Taupō Museum,"-38.6872612,176.0674994",GOOGLE_AGREES_UNNAMED,"-38.687261,176.067499",0.0,,"Google: 4 (art_gallery, establishment, museum); Google gave no name, plus code only"
Tbilisi,Narikala Fortress,"41.6880478,44.808764",GOOGLE_AGREES_UNNAMED,"41.688048,44.808764",0.0,,"Google: MRQ5+6G6 (establishment, point_of_interest, tourist_attraction); Google gave no name, plus code only"
Tbilisi,Abanotubani Sulfur Bathhouses,"41.6876347,44.8106766",NO_GOOGLE_MATCH,,,,
Tbilisi,Metekhi Church and Vakhtang Gorgasali Monument,"41.6902072,44.8111695",NO_GOOGLE_MATCH,,,,
Tegucigalpa,Metropolitan Cathedral of San Miguel Arcángel,"14.1054824,-87.204415",NO_GOOGLE_MATCH,,,,
Tegucigalpa,Antigua Casa Presidencial,"14.1040058,-87.2059486",NO_GOOGLE_MATCH,,,,
Tegucigalpa,Río Choluteca and City Skyline,"14.0607145,-87.1824529",NO_GOOGLE_MATCH,,,,
Tehran,Sa'dabad Complex,"35.8161559,51.4240378",NO_GOOGLE_MATCH,,,,
The Hague,Binnenhof and Ridderzaal,"52.0795985,4.313273",NO_GOOGLE_MATCH,,,,
The Valley,Old Valley Well and Historic Village,"18.2148129,-63.0574406",NO_GOOGLE_MATCH,,,,
The Valley,Ebenezer Methodist Church,"18.2186842,-63.0600992",GOOGLE_AGREES_UNNAMED,"18.218684,-63.060099",0.0,,"Google: 6W9Q+FXC (church, establishment, place_of_worship); Google gave no name, plus code only"
The Valley,Sandy Ground Village and Salt Pond,"18.2029169,-63.0868821",NO_GOOGLE_MATCH,,,,
Thessaloniki,Church of Hagios Demetrios,"40.6388887,22.9476111",NO_GOOGLE_MATCH,,,,
Thimphu,Thimphu Valley Viewpoints,"27.4374121,89.65793339999999",NO_GOOGLE_MATCH,,,,
Thiruvananthapuram,Shanghumukham Beach,"8.4784498,76.9119061",GOOGLE_AGREES,"8.478450,76.911906",0.0,,"Google: Shangumugham Beach (establishment, natural_feature)"
Timbuktu,Heinrich Barth House,"16.7724984,-3.0062179",GOOGLE_AGREES_UNNAMED,"16.772498,-3.006218",0.0,,"Google: QXCV+XGV (establishment, point_of_interest); Google gave no name, plus code only"
Timbuktu,Well of Old Bouctou,"16.770195,-3.0082533",NO_GOOGLE_MATCH,,,,
Timbuktu,Flame of Peace Monument,"16.7804649,-3.0136733",NO_GOOGLE_MATCH,,,,
Timbuktu,Grand Marché and Saharan Dunes,"16.770195,-3.0082533",NO_GOOGLE_MATCH,,,,
Timimoun,Old Ksar of Timimoun,"29.5347975,0.183507",NO_GOOGLE_MATCH,,,,
Timimoun,Hôtel de l'Oasis Rouge,"29.2616911,0.2415964",NO_GOOGLE_MATCH,,,,
Timimoun,Palmeraie of Timimoun,"29.2616911,0.2415964",NO_GOOGLE_MATCH,,,,
Timimoun,Grande Sebkha Viewpoint,"29.2616911,0.2415964",NO_GOOGLE_MATCH,,,,
Timimoun,Foggara Irrigation Galleries,"29.2616911,0.2415964",NO_GOOGLE_MATCH,,,,
Timimoun,Old Mosque of Timimoun,"29.2616911,0.2415964",NO_GOOGLE_MATCH,,,,
Tirana,Dajti Ekspres Cable Car,"41.350705,19.8608552",FIXED,"41.368518,19.905612",4.228,osm node/8956716488 'Dajti Ekspres' 0.01km; osm way/103710384 'Dajti Ekspres' 2.11km,"Google: Dajti Express Cable Car (establishment, point_of_interest, transit_station)"
Tirupati,Sri Govindarajaswami Temple,"13.629941,79.4162996",NO_GOOGLE_MATCH,,,,
Tirupati,Silathoranam (Natural Rock Arch),"13.6873945,79.3399579",GOOGLE_AGREES_UNNAMED,"13.687394,79.339958",0.0,,"Google: M8PQ+XX4 (establishment, landmark, point_of_interest); Google gave no name, plus code only"
Tirupati,Akasa Ganga and Papavinasam Theertham,"13.7199523,79.34457379999999",NO_GOOGLE_MATCH,,,,
Tirupati,Sri Venkateswara Gosamrakshanashala,"13.626167,79.3758981",NO_GOOGLE_MATCH,,,,
Tofino,Cox Bay Beach and Lookout,"49.1017135,-125.8733386",NO_GOOGLE_MATCH,,,,
Tofino,Meares Island Big Tree Trail,"49.1559846,-125.8752991",NO_GOOGLE_MATCH,,,,
Tofino,Roy Henry Vickers' Eagle Aerie Gallery,"49.1531135,-125.9063555",NO_GOOGLE_MATCH,,,,
Tórshavn,Skansin Fortress,"62.0077684,-6.763012",NO_GOOGLE_MATCH,,,,
Tórshavn,Kirkjubøur and St. Magnus Cathedral Ruins,"61.9518808,-6.7921569",GOOGLE_AGREES_UNNAMED,"61.951881,-6.792157",0.0,,"Google: X625+Q44 (establishment, point_of_interest, tourist_attraction); Google gave no name, plus code only"
Tórshavn,Nordic House (Norðurlandahúsið),"62.02206,-6.784673",GOOGLE_AGREES_UNNAMED,"62.022060,-6.784673",0.0,,"Google: 14 (establishment, point_of_interest, tourist_attraction); Google gave no name, plus code only"
Tórshavn,Reyn Old Town Lanes,"62.01072479999999,-6.7740852",NO_GOOGLE_MATCH,,,,
Tórshavn,Viðarlundin Park,"62.0166207,-6.7808989",NO_GOOGLE_MATCH,,,,
Tórshavn,Vestaravág Harbour,"62.0076827,-6.7722717",NO_GOOGLE_MATCH,,,,
Toulon,Rade de Toulon (Harbour Boat Tour),"43.1076264,5.914185700000001",NO_GOOGLE_MATCH,,,,
Toulon,Place Puget and the Old Town Fountains,"43.123446,5.9329149",NO_GOOGLE_MATCH,,,,
Toulouse,Couvent des Jacobins,"43.60348159999999,1.4404851",GOOGLE_AGREES,"43.603482,1.440485",0.0,,"Google: Couvent des Jacobins (church, establishment, place_of_worship)"
Tozeur,Palmeraie of Tozeur,"33.918534,8.1229329",NO_GOOGLE_MATCH,,,,
Tozeur,Dar Chraiet Museum,"33.9131625,8.1206094",GOOGLE_AGREES_UNNAMED,"33.913162,8.120609",0.0,,"Google: W47C+769 (establishment, museum, point_of_interest); Google gave no name, plus code only"
Tozeur,Belvédère Rocks,"33.9087543,8.1106841",NO_GOOGLE_MATCH,,,,
Tozeur,Chak Wak Park,"33.912036,8.1462523",GOOGLE_AGREES,"33.912036,8.146252",0.0,,"Google: Chak Wak Park (establishment, museum, park)"
Tozeur,Zoo du Sahara et Jardin du Paradis,,NO_GOOGLE_MATCH,,,,
Trabzon,Bedesten Bazaar,"41.0078011,39.7236556",NO_GOOGLE_MATCH,,,,
Trincomalee,Swami Rock and Lover's Leap,"8.5833821,81.2456098",NO_GOOGLE_MATCH,,,,
Trincomalee,Kanniya Hot Springs,"8.6044979,81.17133760000002",GOOGLE_AGREES,"8.604498,81.171338",0.0,,"Google: Kanniya Hot Water Springs (establishment, park, point_of_interest)"
Trincomalee,Dutch Bay Beach,"8.5668419,81.2387545",GOOGLE_AGREES,"8.570396,81.238250",0.399,,"Google: Dutch Bay Beach (establishment, natural_feature)"
Trinidad,Valle de los Ingenios and Manaca Iznaga Tower,"21.8429235,-79.8562826",NO_GOOGLE_MATCH,,,,
Trinidad,Cerro de la Vigía and Ermita de la Popa,"21.8140095,-79.9762034",NO_GOOGLE_MATCH,,,,
Tripoli,Red Castle (Assai al-Hamra) / Jamahiriya Museum,"32.8958252,13.1803431",NO_GOOGLE_MATCH,,,,
Tripoli,Ottoman Clock Tower,"32.8961594,13.1789349",GOOGLE_AGREES,"32.896159,13.178935",0.0,,"Google: Ottoman Clock Tower (premise, street_address)"
Tripoli,Karamanli House Museum,"32.8974039,13.1767694",NO_GOOGLE_MATCH,,,,
Tripoli,Tripoli Cathedral (Church of San Francesco),"32.896672,13.1777923",NO_GOOGLE_MATCH,,,,
Trujillo,Plaza de Armas and Freedom Monument,"-8.111784,-79.0287046",NO_GOOGLE_MATCH,,,,
Trujillo,Museo de Arqueología de la Universidad de Trujillo,"-8.115333099999999,-79.0380277",NO_GOOGLE_MATCH,,,,
Tunis,Al-Zaytuna Mosque,"36.7970222,10.1713704",GOOGLE_AGREES_UNNAMED,"36.797022,10.171370",0.0,,"Google: Q5XC+454 (establishment, mosque, place_of_worship); Google gave no name, plus code only"
Tunis,Carthage Ruins,"36.8540616,10.332765",GOOGLE_AGREES_UNNAMED,"36.854062,10.332765",0.0,,"Google: 88 (establishment, point_of_interest); Google gave no name, plus code only"
Tunis,Dar Hussein / Tourbet El Bey,"36.7955426,10.1705138",GOOGLE_AGREES_UNNAMED,"36.795543,10.170514",0.0,,"Google: 04, 1008 (establishment, point_of_interest); Google gave no name, plus code only"
Turin,Turin Cathedral and Chapel of the Holy Shroud,"45.0732483,7.6858756",NO_GOOGLE_MATCH,,,,
Turin,Piazza Castello and Palazzo Madama,"45.0710722,7.685478",NO_GOOGLE_MATCH,,,,
Turin,Parco del Valentino and Borgo Medievale,"45.0491158,7.6852483",GOOGLE_AGREES_UNNAMED,"45.049116,7.685248",0.0,,"Google: 107 (establishment, museum, point_of_interest); Google gave no name, plus code only"
Turku,Luostarinmäki Handicrafts Museum,"60.44690680000001,22.2763941",NO_GOOGLE_MATCH,,,,
Turku,Forum Marinum and Museum Ships,"60.4366863,22.2357009",NO_GOOGLE_MATCH,,,,
Turpan,Gaochang Ancient City (Karakhoja),"42.85971199999999,89.531908",GOOGLE_AGREES_UNNAMED,"42.858333,89.529374",0.257,,"Google: VG5J+VQM (establishment, point_of_interest, tourist_attraction); Google gave no name, plus code only"
Turpan,Astana Tombs,"42.876735,89.530107",GOOGLE_AGREES_UNNAMED,"42.875346,89.527565",0.258,,"Google: VGGJ+M2X (establishment, point_of_interest, tourist_attraction); Google gave no name, plus code only"
Ulm,Wiblingen Monastery Library,"48.3611101,9.9910874",NO_GOOGLE_MATCH,,,,
Ulm,Einstein Fountain and Memorial,,NO_GOOGLE_MATCH,,,,
Ulm,Danube Riverside Walk and City Wall,,NO_GOOGLE_MATCH,,,,
Urganch,Jaloliddin Manguberdi Memorial Complex,"41.5445284,60.6347914",GOOGLE_AGREES,"41.544528,60.634791",0.0,,"Google: Jaloliddin Manguberdi (premise, street_address)"
Urganch,Al-Khwarizmi Monument,"41.5345323,60.6248891",NO_GOOGLE_MATCH,,,,
Urganch,Avesto (Avesta) Monument,"41.5470723,60.62619290000001",NO_GOOGLE_MATCH,,,,
Urganch,Urgench–Khiva Trolleybus Line,"41.554212,60.619564",NO_GOOGLE_MATCH,,,,
Urganch,Monument to the Twenty Komsomol Members,,NO_GOOGLE_MATCH,,,,
Urganch,Urgench Railway Station,"41.5520506,60.6262614",FIXED,"41.536198,60.632423",1.836,wd Q115295750 'Urgench railway station' 0.04km,"Google: Urgench Railway Station (establishment, point_of_interest, train_station)"
Ushuaia,Museo Marítimo y del Presidio,"-54.8035636,-68.2978787",NO_GOOGLE_MATCH,,,,
Ushuaia,Martial Glacier,"-54.7928103,-68.3867918",GOOGLE_AGREES_UNNAMED,"-54.792810,-68.386792",0.0,,"Google: 486 (establishment, point_of_interest, tourist_attraction); Google gave no name, plus code only"
Ushuaia,Isla Martillo Penguin Colony,"-54.80761159999999,-68.30584089999999",NO_GOOGLE_MATCH,,,,
Ushuaia,Ushuaia Waterfront and 'Fin del Mundo' Sign,"-54.8073347,-68.3023646",NO_GOOGLE_MATCH,,,,
Utrecht,Dom Church and Pandhof Cloister,"52.0893617,5.116869599999999",NO_GOOGLE_MATCH,,,,
Vaduz,Cathedral of St. Florin,"47.1362519,9.5226903",NO_GOOGLE_MATCH,,,,
Vaduz,Landtag (Parliament Building),"47.1377196,9.5226834",NO_GOOGLE_MATCH,,,,
Valletta,Valletta Skyline from the Three Cities,"35.8944816,14.5134942",NO_GOOGLE_MATCH,,,,
Valparaíso,Ascensor Concepción and the Historic Funiculars,"-33.0407669,-71.6264097",NO_GOOGLE_MATCH,,,,
Valparaíso,Muelle Prat and the Harbour Boat Tours,"-33.0373883,-71.627336",NO_GOOGLE_MATCH,,,,
Varanasi,"New Vishwanath Temple, Banaras Hindu University","25.2659362,82.9879509",NO_GOOGLE_MATCH,,,,
Varanasi,Bharat Mata Temple,"25.3172733,82.9892867",GOOGLE_AGREES_UNNAMED,"25.317273,82.989287",0.0,,"Google: 29 (establishment, hindu_temple, place_of_worship); Google gave no name, plus code only"
Varna,Naval Museum and the Druzki Torpedo Boat,"43.2003181,27.9215004",NO_GOOGLE_MATCH,,,,
Varna,Retro Museum,"43.21761619999999,27.8986494",GOOGLE_AGREES_UNNAMED,"43.217616,27.898649",0.0,,"Google: 2 (establishment, museum, point_of_interest); Google gave no name, plus code only"
Varna,Asparuhov Bridge and Asparuhovo Beach,"43.1778543,27.9117719",NO_GOOGLE_MATCH,,,,
Velikiy Novgorod,St. George's (Yuriev) Monastery,"58.48666569999999,31.2844597",GOOGLE_AGREES_UNNAMED,"58.486666,31.284460",0.0,,"Google: 10 (establishment, place_of_worship, point_of_interest); Google gave no name, plus code only"
Velikiy Novgorod,Vitoslavlitsy Museum of Wooden Architecture,"58.49032519999999,31.2722675",NO_GOOGLE_MATCH,,,,
Velikiy Novgorod,St. Anthony's (Antoniev) Monastery,"58.53997819999999,31.2873115",NO_GOOGLE_MATCH,,,,
Venice,Burano Island,"45.4853906,12.4166562",GOOGLE_AGREES,"45.485391,12.416656",0.0,,"Google: Burano (establishment, natural_feature)"
Venice,Murano Island,"45.4589863,12.3523452",GOOGLE_AGREES,"45.458986,12.352345",0.0,,"Google: Murano (establishment, natural_feature)"
Veracruz,Gran Café de la Parroquia,"19.2166601,-96.22496389999999",FIXED,"19.200886,-96.135490",9.557,osm way/738874059 'Gran Café de la Parroquia de Veracruz' 0.05km; osm way/738874060 'Café de la Parroquia' 0.00km,"Google: 34 (cafe, establishment, food); Google gave no name, plus code only"
Veracruz,Museo Naval México,"19.199311,-96.1351226",GOOGLE_AGREES_UNNAMED,"19.199311,-96.135123",0.0,,"Google: 418 (establishment, museum, point_of_interest); Google gave no name, plus code only"
Veracruz,Faro Venustiano Carranza,"19.201913,-96.1335817",NO_GOOGLE_MATCH,,,,
Veracruz,Plaza de la Campana,"19.1990691,-96.1369133",NO_GOOGLE_MATCH,,,,
Victoria,Arul Mihu Navasakthi Vinayagar Temple,"-4.621499099999999,55.4503481",GOOGLE_AGREES_UNNAMED,"-4.621499,55.450348",0.0,,"Google: 9FH2+C45 (establishment, hindu_temple, place_of_worship); Google gave no name, plus code only"
Victoria,Bicentennial Monument (Twa Zwazo),"-4.6230823,55.4551739",NO_GOOGLE_MATCH,,,,
Victoria Falls,Zambezi River White-Water Rafting,"-17.9315803,25.8301677",NO_GOOGLE_MATCH,,,,
Victoria Falls,Lunar Rainbow (Moonbow) at Victoria Falls,"-17.9315803,25.8301677",NO_GOOGLE_MATCH,,,,
Victoria Falls,Zambezi Sunset Cruise,"-17.927852,25.842246",NO_GOOGLE_MATCH,,,,
Victoria Falls,Zimbabwe-Side Falls Viewpoints,"-17.9845289,25.8323145",NO_GOOGLE_MATCH,,,,
Vientiane,Mekong River Waterfront,"17.965671,102.5986773",NO_GOOGLE_MATCH,,,,
Vigan,Plaza Salcedo and the Dancing Fountain,"17.5754047,120.3875679",GOOGLE_AGREES_UNNAMED,"17.575405,120.387568",0.0,,"Google: H9GQ+528 (establishment, point_of_interest, tourist_attraction); Google gave no name, plus code only"
Vigan,Pagburnayan Jar Factories,"17.5709466,120.3819516",GOOGLE_AGREES_UNNAMED,"17.570947,120.381952",0.0,,"Google: 48 (establishment, point_of_interest, store); Google gave no name, plus code only"
Vigan,Plaza Burgos and the Empanadahan,"17.5742759,120.3887634",NO_GOOGLE_MATCH,,,,
Vigan,Baluarte ni Chavit Singson,"17.5512775,120.3771761",NO_GOOGLE_MATCH,,,,
Vigan,Hidden Garden,"17.5596546,120.3650618",GOOGLE_AGREES_UNNAMED,"17.559655,120.365062",0.0,,"Google: 008 (establishment, food, point_of_interest); Google gave no name, plus code only"
Vilnius,St. Anne's Church,"54.6831789,25.2933118",GOOGLE_AGREES_UNNAMED,"54.683179,25.293312",0.0,,"Google: 8 (church, establishment, place_of_worship); Google gave no name, plus code only"
Viña del Mar,Quinta Vergara Park and Amphitheatre,"-33.0287956,-71.553193",NO_GOOGLE_MATCH,,,,
Viña del Mar,Museo Fonck and the Easter Island Moai,"-33.0153481,-71.55002759999999",NO_GOOGLE_MATCH,,,,
Viña del Mar,Palacio Rioja,"-33.0206417,-71.54652779999999",GOOGLE_AGREES_UNNAMED,"-33.020642,-71.546528",0.0,,"Google: 214 (establishment, museum, point_of_interest); Google gave no name, plus code only"
Visby,St. Nicolai Church Ruin,"57.6441635,18.2984933",NO_GOOGLE_MATCH,,,,
Visby,St. Karin (St. Catherine's) Church Ruin,"57.6403445,18.2957001",NO_GOOGLE_MATCH,,,,
Visby,Kapitelhusgården,"57.64181,18.295939",GOOGLE_AGREES_UNNAMED,"57.642128,18.296308",0.042,,"Google: 8 (establishment, food, point_of_interest); Google gave no name, plus code only"
Vladimir,Cathedral Square and the Observation Deck,"56.1296075,40.4085005",NO_GOOGLE_MATCH,,,,
Vladimir,Patriarch's Garden,"56.1248403,40.4011886",NO_GOOGLE_MATCH,,,,
Vladivostok,Tokarevsky Lighthouse,"43.0796916,131.8415803",NO_GOOGLE_MATCH,,,,
Vladivostok,S-56 Submarine Memorial Museum,"43.1332484,131.9112975",NO_GOOGLE_MATCH,,,,
Vladivostok,Sportivnaya Harbour and Admiral Fokin Street,"43.1332484,131.9112975",NO_GOOGLE_MATCH,,,,
Vladivostok,Triumphal Arch of Tsarevich Nicholas,"43.1332484,131.9112975",NO_GOOGLE_MATCH,,,,
Weimar,Goethe House and National Museum,,NO_GOOGLE_MATCH,,,,
Weimar,Schiller House,"50.9789555,11.3278002",GOOGLE_AGREES_UNNAMED,"50.978955,11.327800",0.0,,"Google: 12 (establishment, museum, point_of_interest); Google gave no name, plus code only"
Weimar,Park an der Ilm and Goethe's Garden House,"50.97436,11.334699",GOOGLE_AGREES,"50.974360,11.334699",0.0,,"Google: Park an der Ilm (establishment, park, point_of_interest)"
Weimar,Goethe-Schiller Monument and German National Theatre,"50.9798527,11.3256598",NO_GOOGLE_MATCH,,,,
Wellington,Cuba Street & Bucket Fountain,"-41.2922557,174.7762933",NO_GOOGLE_MATCH,,,,
Weno,San Francisco Maru,"7.366861,151.91114",NO_GOOGLE_MATCH,,,,
Weno,Shinkoku Maru,"7.398753,151.837134",NO_GOOGLE_MATCH,,,,
Weno,Mount Tonaachaw,"7.45972,151.84972",NO_GOOGLE_MATCH,,,,
Whistler,Whistler Mountain Summit and Cloudraker Skybridge,"50.0595993,-122.9590589",NO_GOOGLE_MATCH,,,,
Willemstad,Handelskade Waterfront,"12.1058098,-68.9345356",GOOGLE_AGREES_UNNAMED,"12.105810,-68.934536",0.0,,"Google: 4348+85G (establishment, point_of_interest, tourist_attraction); Google gave no name, plus code only"
Willemstad,Floating Market,"12.1064935,-68.9328848",GOOGLE_AGREES_UNNAMED,"12.106493,-68.932885",0.0,,"Google: 19 (establishment, point_of_interest, tourist_attraction); Google gave no name, plus code only"
Willemstad,Otrobanda Street Art and Historic Quarter,"12.1094497,-68.9405465",NO_GOOGLE_MATCH,,,,
Windermere,Lake Windermere Cruises from Bowness Pier,"54.362873,-2.922884",NO_GOOGLE_MATCH,,,,
Windhoek,Reiterdenkmal (Equestrian Monument),"-22.569473,17.0883697",GOOGLE_AGREES,"-22.569473,17.088370",0.0,,"Google: Reiterdenkmal (establishment, point_of_interest)"
Windhoek,Post Street Mall Gibeon Meteorites,"-22.5648886,17.0844199",NO_GOOGLE_MATCH,,,,
Wrocław,Old Town Hall (Stary Ratusz),"51.10966130000001,17.0317516",GOOGLE_AGREES_UNNAMED,"51.109661,17.031752",0.0,,"Google: 1 (establishment, museum, point_of_interest); Google gave no name, plus code only"
Wrocław,Wrocław's Dwarfs (Krasnale),"51.1089384,17.0328886",NO_GOOGLE_MATCH,,,,
Wrocław,University of Wrocław & Aula Leopoldina,"51.113741,17.0333581",GOOGLE_AGREES_UNNAMED,"51.113741,17.033358",0.0,,"Google: 1 (establishment, point_of_interest); Google gave no name, plus code only"
Wrocław,St. Elizabeth's Church,"51.1115972,17.0303475",GOOGLE_AGREES_UNNAMED,"51.111597,17.030348",0.0,,"Google: 2 (church, establishment, place_of_worship); Google gave no name, plus code only"
Wuyishan,Tianyou Peak (Heavenly Tour Peak),"27.619826,117.988317",NO_GOOGLE_MATCH,,,,
Wuyishan,Da Hong Pao Mother Trees,"27.7567099,118.03548",NO_GOOGLE_MATCH,,,,
Wuyishan,Wuyi Palace (Wuyigong),"27.642093,117.971732",NO_GOOGLE_MATCH,,,,
Wuyishan,Water Curtain Cave (Shuilian Dong),"27.67897,117.97264",FIXED,"27.682275,117.967660",0.613,osm node/1864142193 'Water Curtain Cave' 0.17km,"Google: Water Curtain Cave (political, sublocality, sublocality_level_3)"
Wuyishan,Great King Peak (Dawang Feng),"27.6492707,117.9627839",NO_GOOGLE_MATCH,,,,
Wuyishan,Tiger Roaring Rock (Huxiao Yan),"27.7567099,118.03548",NO_GOOGLE_MATCH,,,,
Wuyishan,Xiamei Ancient Village,"27.7567099,118.03548",NO_GOOGLE_MATCH,,,,
Wuyishan,Impression Da Hong Pao,"27.638575,117.979164",GOOGLE_DISAGREES_NO_SECOND_SOURCE,"27.641859,117.974169",0.613,,"Google: JXQH+CMM (establishment, point_of_interest, tourist_attraction); Google gave no name, plus code only"
Xiamen,Gulangyu Island,"24.446318,118.066232",FIXED,"24.448980,118.061269",0.583,osm node/8168609825 'Gulangyu' 0.21km; wd Q140458991 'Gulangyu' 0.07km,"Google: Gulangyu (establishment, natural_feature)"
Xiamen,Nanputuo Temple,"24.440773,118.096804",NO_GOOGLE_MATCH,,,,
Xiamen,Sunlight Rock (Riyanguang Yan),"24.4421684,118.0684188",NO_GOOGLE_MATCH,,,,
Xiamen,Zhongshan Road Pedestrian Street,"24.454732,118.083011",NO_GOOGLE_MATCH,,,,
Xiamen,White Egret Island Park,"24.4795099,118.0894799",NO_GOOGLE_MATCH,,,,
Yamoussoukro,Presidential Palace & Sacred Crocodile Lake,"6.816274099999999,-5.274362900000001",NO_GOOGLE_MATCH,,,,
Yamoussoukro,Grand Mosque of Yamoussoukro,"6.8113316,-5.297087",NO_GOOGLE_MATCH,,,,
Yamoussoukro,Saint Augustin Cathedral,"6.8242279,-5.2784072",NO_GOOGLE_MATCH,,,,
Yamoussoukro,Yamoussoukro's Artificial Lakes,"6.8113316,-5.297087",NO_GOOGLE_MATCH,,,,
Yangshuo,West Street (Xi Jie),"24.7739,110.49398",NO_SECOND_SOURCE_LOOKUP,"24.777591,110.489936",0.579,,Google: Xi Jie (route)
Yangshuo,Impression Sanjie Liu,"24.7784299,110.49663",NO_GOOGLE_MATCH,,,,
Yangshuo,Ten-Mile Gallery (Shili Hualang),"24.7784299,110.49663",NO_SECOND_SOURCE_LOOKUP,"24.734418,110.482715",5.092,,Google: Shi Li Hua Lang (route)
Yangshuo,Big Banyan Tree Park,"24.7378265,110.4822062",NO_GOOGLE_MATCH,,,,
Yangzhou,Grand Canal (Yangzhou Section),"32.3935799,119.41269",NO_GOOGLE_MATCH,,,,
Yangzhou,Yangzhou Museum & China Block Printing Museum,"32.3899293,119.3722408",NO_GOOGLE_MATCH,,,,
Yaoundé,Benedictine Monastery Museum of Mont Fébé,"3.9153056,11.4985182",NO_GOOGLE_MATCH,,,,
Yaoundé,Musée La Blackitude,"3.8641926,11.5183432",GOOGLE_AGREES_UNNAMED,"3.864193,11.518343",0.0,,"Google: VG79+M8G (establishment, museum, point_of_interest); Google gave no name, plus code only"
Yaren,Nauru Phosphate Pinnacles (Topside),"-0.5466856999999999,166.9210913",NO_GOOGLE_MATCH,,,,
Yaren,Yaren District Airstrip and WWII Relics,"-0.5455672,166.9156781",NO_GOOGLE_MATCH,,,,
Yaren,Nauru's Coastal Ring Road,"-0.538396,166.9115933",NO_GOOGLE_MATCH,,,,
Yaren,Nauru's Coral Coastline near Yaren,"-0.5466856999999999,166.9210913",NO_GOOGLE_MATCH,,,,
Yaroslavl,Volga Embankment,"57.8991523,38.8388633",NO_GOOGLE_MATCH,,,,
Yaroslavl,Assumption Cathedral,"57.6223904,39.9019964",NO_GOOGLE_MATCH,,,,
Yaroslavl,Chapel of Our Lady of Kazan,,NO_GOOGLE_MATCH,,,,
Yazd,Amir Chakhmaq Complex,"31.8933927,54.3700437",GOOGLE_AGREES_UNNAMED,"31.893393,54.370044",0.0,,"Google: V9VC+923 (establishment, museum, point_of_interest); Google gave no name, plus code only"
Yazd,Zoroastrian Fire Temple (Atashkadeh),"31.8811441,54.3732708",GOOGLE_AGREES,"31.882621,54.374682",0.211,,Google: Atashkadeh (route)
Yazd,Dowlat Abad Garden,"31.90191329999999,54.3535364",NO_GOOGLE_MATCH,,,,
Yazd,Fahadan Quarter,"31.9060589,54.3706311",NO_GOOGLE_MATCH,,,,
Yerevan,Cascade Complex,"40.1894674,44.515414",GOOGLE_AGREES_UNNAMED,"40.189467,44.515414",0.0,,"Google: 10 (establishment, museum, point_of_interest); Google gave no name, plus code only"
Yerevan,Yerevan Opera Theatre,"40.1858583,44.5150806",GOOGLE_AGREES_UNNAMED,"40.185858,44.515081",0.0,,"Google: 54 (establishment, point_of_interest, tourist_attraction); Google gave no name, plus code only"
Yerevan,Vernissage Market,"40.1758116,44.5183504",GOOGLE_AGREES_UNNAMED,"40.175812,44.518350",0.0,,"Google: 1 (establishment, point_of_interest, store); Google gave no name, plus code only"
Yokohama,Sankeien Garden,"35.4170511,139.6588267",GOOGLE_AGREES_UNNAMED,"35.417051,139.658827",0.0,,"Google: 1 (establishment, museum, point_of_interest); Google gave no name, plus code only"
Zacatecas,Templo de Santo Domingo,"22.7764736,-102.5731703",GOOGLE_AGREES_UNNAMED,"22.776474,-102.573170",0.0,,"Google: 722 (church, establishment, place_of_worship); Google gave no name, plus code only"
Zacatecas,Plaza de Armas & Palacio de Gobierno,"22.7766134,-102.5714886",GOOGLE_AGREES,"22.776489,-102.571996",0.054,,"Google: Plaza de Armas (premise, street_address)"
Zadar,Greeting to the Sun,"44.1175922,15.2198229",NO_GOOGLE_MATCH,,,,
Zadar,Cathedral of St. Anastasia,"44.11637109999999,15.2242693",GOOGLE_AGREES_UNNAMED,"44.116371,15.224269",0.0,,"Google: 2 (church, establishment, place_of_worship); Google gave no name, plus code only"
Zadar,Riva Promenade,"44.1128591,15.2247659",NO_GOOGLE_MATCH,,,,
Zadar,Five Wells Square,"44.1124922,15.2289318",GOOGLE_AGREES_UNNAMED,"44.112492,15.228932",0.0,,"Google: 1 (establishment, point_of_interest, tourist_attraction); Google gave no name, plus code only"
Zadar,Land Gate,"44.1121206,15.2284848",GOOGLE_AGREES,"44.112121,15.228485",0.0,,"Google: Foša - The Land Gate (establishment, point_of_interest)"
Zadar,Museum of Ancient Glass,"44.11446129999999,15.2293115",GOOGLE_AGREES_UNNAMED,"44.114461,15.229311",0.0,,"Google: 1 (establishment, museum, point_of_interest); Google gave no name, plus code only"
Zagreb,Zrinjevac Park,"45.8102943,15.9783105",GOOGLE_AGREES,"45.810294,15.978310",0.0,,"Google: Zrinjevac Park (establishment, park, point_of_interest)"
Zanzibar City,Stone Town's Old Fort (Ngome Kongwe),"-6.161349899999999,39.1890572",NO_GOOGLE_MATCH,,,,
Zanzibar City,Forodhani Gardens Night Market,"-6.1603409,39.18900259999999",NO_GOOGLE_MATCH,,,,
Zanzibar City,Old Slave Market & Anglican Cathedral,"-6.165192999999999,39.1989144",NO_GOOGLE_MATCH,,,,
Zanzibar City,Stone Town's Carved Doors,"-6.162222,39.1920735",NO_GOOGLE_MATCH,,,,
Zanzibar City,Malindi Mosque and Old Dhow Harbour,"-6.1592175,39.1923328",NO_GOOGLE_MATCH,,,,
Zaragoza,Caesaraugusta Roman Route,"41.6474339,-0.8861451",NO_GOOGLE_MATCH,,,,
Zaragoza,Goya Museum,"41.6546755,-0.8783299",GOOGLE_AGREES_UNNAMED,"41.655037,-0.878084",0.045,,"Google: 28 (establishment, museum, point_of_interest); Google gave no name, plus code only"
Zhangjiajie,Yuanjiajie & Hallelujah Mountain,"29.239503,110.543465",NO_GOOGLE_MATCH,,,,
Zhangjiajie,Golden Whip Stream,"29.1166699,110.47839",NO_GOOGLE_MATCH,,,,
Zhangjiajie,Yellow Dragon Cave (Huanglongdong),"29.3614564,110.6116386",GOOGLE_DISAGREES_NO_SECOND_SOURCE,"29.368555,110.614253",0.829,,"Google: Huanglongdong (political, sublocality, sublocality_level_3)"
Zhangjiajie,Ten-Mile Natural Gallery,"29.363621,110.4880087",GOOGLE_DISAGREES_NO_SECOND_SOURCE,"29.366337,110.483073",0.566,,"Google: 9F7Q+C6R (establishment, point_of_interest); Google gave no name, plus code only"
Zhangye,Zhangye Wooden Pagoda,"38.9259199,100.44981",NO_GOOGLE_MATCH,,,,
Zhangye,Pingshanhu Grand Canyon,"38.96981,100.51568",NO_GOOGLE_MATCH,,,,
Zhaoqing,Meian (Plum Monastery),"23.0505626,112.4481157",NO_GOOGLE_MATCH,,,,
Zhaoqing,Yuejiang Tower,"23.04494,112.47745",NO_GOOGLE_MATCH,,,,
Zhaoqing,Licha Bagua Village,"22.93993,112.63894",NO_GOOGLE_MATCH,,,,
Zhaoqing,China Inkstone Culture Village (Baishi),"23.0468999,112.46528",GOOGLE_DISAGREES_NO_SECOND_SOURCE,"22.943981,112.270074",23.026,,"Google: Baishi (political, sublocality, sublocality_level_3)"
Zhoushan,Nanhai Guanyin Statue,"29.9853899,122.20778",NO_GOOGLE_MATCH,,,,
Zhoushan,Fanyin Cave,"30.0043131,122.4126174",NO_GOOGLE_MATCH,,,,
Zhoushan,Shenjiamen Fishing Port,"29.942007,122.309731",GOOGLE_DISAGREES_NO_SECOND_SOURCE,"29.944382,122.305561",0.481,,"Google: W8R5+RV5 (establishment, point_of_interest, tourist_attraction); Google gave no name, plus code only"
Zhoushan,Dinghai Ancient City,"30.0178923,122.1116808",NO_GOOGLE_MATCH,,,,
Zhuhai,Zhuhai Grand Theatre (Sun and Moon Shells),"22.281204,113.589364",FIXED,"22.284231,113.584338",0.617,osm node/1749730534 'Zhuhai Grand Theatre' 0.18km,"Google: 7HJQ+FPQ (establishment, point_of_interest); Google gave no name, plus code only"
Zhuhai,Lovers' Road (Qingluan Road),"22.26,113.6",NO_GOOGLE_MATCH,,,,
Zhuhai,New Yuanmingyuan (Yuanmingxin Yuan),"22.2708599,113.57666",NO_GOOGLE_MATCH,,,,
Zhuhai,Hong Kong-Zhuhai-Macau Bridge Viewpoint,"22.3146569,113.9473807",NO_GOOGLE_MATCH,,,,
Ziguinchor,Place Jean-Paul II,"12.5836007,-16.2715167",NO_GOOGLE_MATCH,,,,
Ziguinchor,Boulevard du Général de Gaulle,"12.586274,-16.2713058",NO_GOOGLE_MATCH,,,,
Zurich,Uetliberg Mountain,"47.3495,8.492049999999999",GOOGLE_AGREES,"47.349500,8.492050",0.0,,"Google: Uetliberg (establishment, natural_feature)"
