city,idx,name,img,w,h,ratio,bytes,page,credit,reason
denpasar,1,Puputan Badung Square,images/landmarks/denpasar-puputan-badung-square.webp,720,1600,0.45,107774,https://commons.wikimedia.org/wiki/File:Monumen_Puputan_Badung.jpg,,low-res+extreme-portrait
hua-hin,2,Wat Huay Mongkol,images/landmarks/hua-hin-wat-huay-mongkol.webp,640,1386,0.462,100698,https://commons.wikimedia.org/wiki/File:Wat_Huay_Mongkol_Giant_statue_of_famous_monk.jpg,,low-res+extreme-portrait
pattaya-chonburi,7,Art in Paradise Pattaya,images/landmarks/pattaya-chonburi-art-in-paradise-pattaya.webp,754,1600,0.471,69896,"https://commons.wikimedia.org/wiki/File:Art_In_Paradise,_Pattaya,_Thailand.png",,low-res+extreme-portrait
zaragoza,6,Goya Museum,images/landmarks/zaragoza-goya-museum.webp,775,1600,0.484,141434,https://commons.wikimedia.org/wiki/File:Casa_de_los_Pardo-Museo_Camon_Aznar.jpg,,low-res+extreme-portrait
cork,1,St. Fin Barre's Cathedral,images/landmarks/cork-st-fin-barre-s-cathedral.webp,827,1600,0.517,214468,https://commons.wikimedia.org/wiki/File:02_St_Fin_Barre%27s_Cathedral_Facade.jpg,,extreme-portrait
stuttgart,4,Stiftskirche (Stuttgart Collegiate Church),images/landmarks/stuttgart-stiftskirche.webp,834,1600,0.521,104236,https://commons.wikimedia.org/wiki/File:Stiftskirche_Stuttgart_2010.jpg,,extreme-portrait
bonn,1,Bonn Minster (Bonner Münster),images/landmarks/bonn-bonn-minster.webp,750,1371,0.547,100374,https://en.wikipedia.org/wiki/Bonn_Minster,,low-res+extreme-portrait
puerto-plata,0,Teleférico de Puerto Plata,images/landmarks/plata-teleferico.webp,540,960,0.562,146330,https://commons.wikimedia.org/wiki/File:Telef%C3%A9rico_Puerto_Plata.jpg,Ronny Medina / CC BY 4.0,low-res+extreme-portrait
puerto-plata,1,Pico Isabel de Torres and Christ the Redeemer,images/landmarks/plata-pico-isabel-cristo.webp,540,960,0.562,18652,"https://commons.wikimedia.org/wiki/File:Cristo_Redentor_P._Plata,_DR.jpg",,low-res+extreme-portrait+small-file
bamako,8,Muso Kunda Museum,images/landmarks/bamako-muso-kunda-museum.webp,607,1080,0.562,57734,https://en.wikipedia.org/wiki/Muso_Kunda_Museum_of_Women,,low-res+extreme-portrait
bishkek,5,Panfilov Park,images/landmarks/bishkek-panfilov-park.webp,899,1600,0.562,337766,https://en.wikipedia.org/wiki/Panfilov_Park_(Bishkek),,extreme-portrait
manaus,7,Museu da Amazônia (MUSA),images/landmarks/manaus-museu-da-amazonia-musa.webp,900,1600,0.562,541472,https://commons.wikimedia.org/wiki/File:Visita_ao_Museu_da_Amaz%C3%B4nia_(MUSA)_(54146161452).jpg,,extreme-portrait
shanghai,4,Jin Mao Tower,images/landmarks/shanghai-jin-mao-tower.webp,1200,2131,0.563,320400,https://commons.wikimedia.org/wiki/File:20090426_5223_Shanghai_Jin_Mao_Tower.jpg,Jakub Hałun / CC BY-SA 4.0,extreme-portrait
kermanshah,8,Dowlatshah Mosque,images/landmarks/kermanshah-dowlatshah-mosque.webp,702,1189,0.59,162958,https://en.wikipedia.org/wiki/Mohammad-Ali%20Mirza%20Dowlatshah,,low-res+extreme-portrait
yokohama,0,Yokohama Landmark Tower,images/landmarks/yokohama-landmark-tower.webp,909,1514,0.6,128900,https://commons.wikimedia.org/wiki/File:Yokohama_Landmark_Tower_02_cropped.jpg,,tall-portrait
rouen,1,Gros-Horloge,images/landmarks/rouen-gros-horloge.webp,960,1600,0.6,295750,"https://commons.wikimedia.org/wiki/File:Gros-Horloge,_Rouen,_West_View_140215_2.jpg",,tall-portrait
ulm,3,Schiefes Haus (Crooked House),images/landmarks/ulm-schiefes-haus.webp,960,1600,0.6,256292,https://commons.wikimedia.org/wiki/File:Ulm_Schiefes_Haus_01.jpg,,tall-portrait
paris,0,Eiffel Tower,images/landmarks/paris-eiffel-tower.webp,961,1600,0.601,138636,https://commons.wikimedia.org/wiki/File:Tour_Eiffel_Wikimedia_Commons_(cropped).jpg,,tall-portrait
phitsanulok,1,Wat Ratchaburana,images/landmarks/phitsanulok-wat-ratchaburana.webp,962,1600,0.601,160778,"https://commons.wikimedia.org/wiki/File:Wat_Ratchaburana,_Phitsanulok.jpg",,tall-portrait
bristol,3,St Mary Redcliffe Church,images/landmarks/bristol-st-mary-redcliffe-church.webp,964,1600,0.603,187486,https://en.wikipedia.org/wiki/St_Mary_Redcliffe,,tall-portrait
nelson,0,Christ Church Cathedral,images/landmarks/nelson-christ-church-cathedral.webp,965,1600,0.603,215624,"https://commons.wikimedia.org/wiki/File:Christ_Church_Cathedral,_Nelson,_South_Island,_New_Zealand_05.jpg",,tall-portrait
timbuktu,0,Djinguereber Mosque,images/landmarks/timbuktu-djinguereber-mosque.webp,965,1600,0.603,305442,"https://commons.wikimedia.org/wiki/File:Djinguereber_Mosque,_Timbuktu,_Mali.jpg",,tall-portrait
saint-john-s,1,Redcliffe Quay,images/landmarks/saint-john-s-redcliffe-quay.webp,1200,1991,0.603,278352,https://en.wikipedia.org/wiki/St_Mary_Redcliffe,,tall-portrait
gdansk,9,Oliwa Cathedral,images/landmarks/gdansk-oliwa-cathedral.webp,971,1600,0.607,230216,https://commons.wikimedia.org/wiki/File:Oliwa_Cathedral_Gda%C5%84sk.jpg,,tall-portrait
oxford,6,University Church of St Mary the Virgin,images/landmarks/oxford-university-church-st-mary.webp,971,1600,0.607,274196,"https://commons.wikimedia.org/wiki/File:Tower_of_University_Church_of_St_Mary_the_Virgin,_Oxford.jpg",,tall-portrait
liberia,7,Africa Mia,images/landmarks/liberia-africa-mia.webp,500,822,0.608,64924,https://commons.wikimedia.org/wiki/File:African_Repository_(IA_africanreposito4311amer_1).pdf,,low-res+tall-portrait
san-marino,9,Porta San Francesco,images/landmarks/san-marino-porta-san-francesco.webp,972,1600,0.608,211430,https://commons.wikimedia.org/wiki/File:Porta_San_Francesco_(San_Marino).jpg,,tall-portrait
tabriz,0,Tabriz Grand Bazaar,images/landmarks/tabriz-tabriz-grand-bazaar.webp,973,1600,0.608,385794,https://commons.wikimedia.org/wiki/File:Tabriz_grand_bazaar-interior_view.jpg,,tall-portrait
hobart,9,St David's Cathedral,images/landmarks/hobart-st-david-s-cathedral.webp,977,1600,0.611,201564,https://en.wikipedia.org/wiki/St%20David's%20Cathedral%2C%20Hobart,,tall-portrait
ostrava,2,New City Hall Viewing Tower,images/landmarks/ostrava-new-city-hall-viewing-tower.webp,978,1600,0.611,133238,"https://commons.wikimedia.org/wiki/File:2014_Ostrawa,_Nowy_Ratusz_10.jpg",,tall-portrait
cologne,0,Cologne Cathedral (Kölner Dom),images/landmarks/cologne-cologne-cathedral.webp,985,1600,0.616,311520,https://commons.wikimedia.org/wiki/File:K%C3%B6lner_Dom_-_Westfassade_2022_ohne_Ger%C3%BCst-0968_b.jpg,,tall-portrait
matera,3,Palombaro Lungo,images/landmarks/matera-palombaro-lungo.webp,985,1600,0.616,219578,https://commons.wikimedia.org/wiki/File:%22Palombaro_Lungo%22_ist_die_gr%C3%B6%C3%9Fte_Zisterne_Materas._02.jpg,,tall-portrait
montreal,6,Saint Joseph's Oratory,images/landmarks/montreal-saint-josephs-oratory.webp,985,1600,0.616,258190,https://commons.wikimedia.org/wiki/File:Beside_the_Tombeau_du_frere_Andree.jpg,,tall-portrait
melbourne,4,St Paul's Cathedral,images/landmarks/melbourne-st-pauls-cathedral.webp,986,1600,0.616,160496,https://commons.wikimedia.org/wiki/File:St._Paul's_Cathedral_Tower.jpg,,tall-portrait
nuremberg,5,Memorium Nuremberg Trials (Courtroom 600),images/landmarks/nuremberg-memorium-trials.webp,986,1600,0.616,356396,https://commons.wikimedia.org/wiki/File:Memorium_Nürnberger_Prozesse_-_Blick_in_den_Saal_600.jpg,,tall-portrait
kumasi,6,Rattray Park,images/landmarks/kumasi-rattray-park.webp,803,1302,0.617,81794,https://en.wikipedia.org/wiki/Robert_Sutherland_Rattray,,tall-portrait
belgrade,9,Knez Mihailova Street,images/landmarks/belgrade-knez-mihailova-street.webp,989,1600,0.618,289198,https://en.wikipedia.org/wiki/Knez_Mihailova_Street,,tall-portrait
frankfurt-am-main,2,Frankfurt Cathedral (Kaiserdom St. Bartholomäus),images/landmarks/frankfurt-am-main-cathedral.webp,989,1600,0.618,118030,https://commons.wikimedia.org/wiki/File:Kaiserdom_St._Bartholom%C3%A4us_-_Frankfurt_-_Germany_-_04.jpg,,tall-portrait
tampere,3,Näsinneula Tower,images/landmarks/tampere-nasinneula-tower.webp,989,1600,0.618,55278,https://commons.wikimedia.org/wiki/File:N%C3%A4sinneula_2020.jpg,,tall-portrait
fukuoka,0,Fukuoka Tower,images/landmarks/fukuoka-tower.webp,990,1600,0.619,107046,https://commons.wikimedia.org/wiki/File:Fukuoka_Tower_Before_Sunset.jpg,,tall-portrait
tampere,6,Vapriikki Museum Centre,images/landmarks/tampere-vapriikki-museum-centre.webp,991,1600,0.619,259312,https://commons.wikimedia.org/wiki/File:Museum_Centre_Vapriikki_2.jpg,,tall-portrait
helsinki,7,Helsinki Olympic Stadium Tower,images/landmarks/helsinki-helsinki-olympic-stadium-tower.webp,993,1600,0.621,63840,https://commons.wikimedia.org/wiki/File:Helsinki_Olympic_Stadium_Tower.jpg,,tall-portrait
wroclaw,3,Cathedral of St. John the Baptist,images/landmarks/wroclaw-cathedral-of-st-john-the-baptist.webp,993,1600,0.621,149336,https://commons.wikimedia.org/wiki/File:Wroc%C5%82aw_-_Archikatedra_%C5%9Bw._Jana_Chrzciciela1.jpg,,tall-portrait
phuket,1,Wat Chalong,images/landmarks/phuket-wat-chalong.webp,996,1600,0.623,154778,https://commons.wikimedia.org/wiki/File:Grand_Pagoda_-_Wat_Chalong.jpg,,tall-portrait
valencia,6,Torres de Quart,images/landmarks/valencia-torres-de-quart.webp,996,1600,0.623,367808,"https://commons.wikimedia.org/wiki/File:Torres_de_Cuart,_Valencia,_España,_2014-06-30,_DD_89.JPG",,tall-portrait
mysore,9,Karanji Lake,images/landmarks/mysore-karanji-lake.webp,999,1600,0.624,248322,https://commons.wikimedia.org/wiki/File:Fountain_Karanji_Mysore_Nov23_A7C_08190.jpg,,tall-portrait
rostock,3,Kröpeliner Tor,images/landmarks/rostock-kropeliner-tor.webp,999,1599,0.625,177436,"https://commons.wikimedia.org/wiki/File:Rostock,_Kr%C3%B6peliner_Tor_--_2024_--_5290.jpg",,tall-portrait
colmar,4,Maison des Têtes (House of Heads),images/landmarks/colmar-maison-des-tetes-house-of-heads.webp,1000,1600,0.625,297252,https://commons.wikimedia.org/wiki/File:Maison_des_T%C3%AAtes_2.jpg,,tall-portrait
funchal,4,Zona Velha and Rua de Santa Maria,images/landmarks/funchal-zona-velha.webp,1000,1600,0.625,398256,"https://commons.wikimedia.org/wiki/File:Funchal_(Madeira,_Portugal),_Rua_de_Santa_Maria_1_--_2025_--_0818.jpg",,tall-portrait
vilnius,7,Gate of Dawn,images/landmarks/vilnius-gate-of-dawn.webp,1006,1600,0.629,370716,https://commons.wikimedia.org/wiki/File:Aušros_Vartų_02(js)_Vilnius.jpg,,tall-portrait
ashgabat,1,Independence Monument,images/landmarks/ashgabat-independence-monument.webp,1007,1600,0.629,141042,https://commons.wikimedia.org/wiki/File:Independence_Monument_(27506800337).jpg,,tall-portrait
novi-sad,9,Novi Sad Synagogue,images/landmarks/novi-sad-synagogue.webp,1009,1600,0.631,225664,https://commons.wikimedia.org/wiki/File:Novi_Sad_Synagogue_08.jpg,,tall-portrait
bremen,3,Schnoor Quarter,images/landmarks/bremen-schnoor-quarter.webp,1011,1600,0.632,358240,"https://commons.wikimedia.org/wiki/File:Bremen,_Schnoor_3.jpg",,tall-portrait
pittsburgh,8,Allegheny County Courthouse,images/landmarks/pittsburgh-allegheny-county-courthouse.webp,1012,1600,0.632,234736,https://commons.wikimedia.org/wiki/File:AlleghenyCountyCourthouse.jpg,,tall-portrait
ulm,5,Wiblingen Monastery Library,images/landmarks/ulm-wiblingen-monastery-library.webp,1013,1600,0.633,233000,https://commons.wikimedia.org/wiki/File:Barocke_Klosterbibliothek_Wiblingen._01.jpg,,tall-portrait
turku,1,Turku Cathedral,images/landmarks/turku-turku-cathedral.webp,1015,1600,0.634,242932,https://commons.wikimedia.org/wiki/File:Turku_Cathedral_Turku.jpg,,tall-portrait
surakarta,6,Pasar Triwindu,images/landmarks/surakarta-pasar-triwindu.webp,1016,1600,0.635,254168,https://commons.wikimedia.org/wiki/File:Pasar_Triwindu_Solo_1.jpg,,tall-portrait
dijon,8,Puits de Moïse (Well of Moses),images/landmarks/dijon-puits-de-moise.webp,1017,1600,0.636,268188,https://commons.wikimedia.org/wiki/File:Dijon_-_Puits_de_Mo%C3%AFse_-_01.jpg,,tall-portrait
ponce,2,Plaza Las Delicias,images/landmarks/ponce-plaza-las-delicias.webp,1017,1600,0.636,153250,https://commons.wikimedia.org/wiki/File:Ponce_-_Plaza_Las_Delicias.jpg,,tall-portrait
chamonix-mont-blanc,5,Balmat and Saussure Monument,images/landmarks/chamonix-mont-blanc-balmat-saussure-monument.webp,1019,1600,0.637,259796,https://commons.wikimedia.org/wiki/File:Chamonix-Mont-Blanc_-_Place_Balmat_-_Monument_%C3%A0_Jacques_Balmat_et_Horace_B%C3%A9n%C3%A9dict_de_Saussure_(Jean-Jules_Salmson).jpg,,tall-portrait
tirana,3,Tirana Clock Tower,images/landmarks/tirana-tirana-clock-tower.webp,1020,1600,0.637,216950,https://commons.wikimedia.org/wiki/File:Tirana_-_Clock_Tower_(by_Pudelek).JPG,,tall-portrait
nashville,6,AT&T Building ('Batman Building'),images/landmarks/nashville-att-building-batman-building.webp,527,825,0.639,27452,https://commons.wikimedia.org/wiki/File:333_Commerce_Street_(Batman_Building).jpg,,low-res+tall-portrait
bergen,9,St. Mary's Church (Mariakirken),images/landmarks/bergen-st-marys-church.webp,1023,1600,0.639,252282,"https://en.wikipedia.org/wiki/St_Mary's_Church,_Bergen",,tall-portrait
nuremberg,1,Hauptmarkt with Schöner Brunnen and Frauenkirche,images/landmarks/nuremberg-hauptmarkt.webp,1024,1600,0.64,165038,"https://commons.wikimedia.org/wiki/File:GER_Nürnberg,_Hauptmarkt,_Schöner_Brunnen_0006.jpg",,tall-portrait
sousse,5,Catacombs of the Good Shepherd,images/landmarks/sousse-catacombs-of-the-good-shepherd.webp,1024,1600,0.64,79438,"https://commons.wikimedia.org/wiki/File:Catacombes_chr%C3%A9tiennes,_Sousse,_23_septembre_2013,_(06).jpg",,tall-portrait
velikiy-novgorod,6,Church of the Transfiguration on Ilyina Street,images/landmarks/velikiy-novgorod-church-of-transfiguration.webp,1024,1600,0.64,124026,"https://commons.wikimedia.org/wiki/File:Ilyina_Transfiguration_church,_Novgorod.JPG",,tall-portrait
nelson,4,Nelson Saturday Market,images/landmarks/nelson-nelson-saturday-market.webp,1025,1600,0.641,492816,https://en.wikipedia.org/wiki/Nelson's_Pillar,,tall-portrait
alesund,8,Molja Lighthouse (Molja fyr),images/landmarks/alesund-molja-lighthouse.webp,1026,1600,0.641,245390,https://commons.wikimedia.org/wiki/File:Molja_Leuchtturm_in_Ålesund_01.jpg,,tall-portrait
copenhagen,9,Church of Our Saviour,images/landmarks/copenhagen-church-of-our-saviour.webp,1027,1600,0.642,247278,https://commons.wikimedia.org/wiki/File:Copenhagen_-_Church_of_Our_Saviour_-_2013.jpg,,tall-portrait
jaipur,8,Patrika Gate,images/landmarks/jaipur-patrika-gate.webp,1028,1600,0.642,323660,https://commons.wikimedia.org/wiki/File:Patrika_Gate_Jaipur_Rajasthan.jpg,,tall-portrait
capri,7,Arco Naturale,images/landmarks/capri-arco-naturale.webp,1029,1600,0.643,255594,https://commons.wikimedia.org/w/index.php?search=Arco%20Naturale%20Capri&title=Special:MediaSearch,,tall-portrait
victoria-falls,0,Victoria Falls (Mosi-oa-Tunya),images/landmarks/victoria-falls-mosi-oa-tunya.webp,1029,1600,0.643,408424,"https://commons.wikimedia.org/wiki/File:Cataratas_Victoria,_Zambia-Zimbabue,_2018-07-27,_DD_04.jpg",,tall-portrait
livingstone,0,Victoria Falls (Mosi-oa-Tunya),images/landmarks/livingstone-victoria-falls.webp,1030,1600,0.644,328314,https://en.wikipedia.org/wiki/Victoria_Falls,,tall-portrait
avignon,8,Les Halles d'Avignon,images/landmarks/avignon-les-halles-davignon.webp,1031,1600,0.644,302812,https://commons.wikimedia.org/wiki/File:March%C3%A9%20sur%20la%20place%20Pie%20devant%20les%20Halles%20d%27Avignon.jpg,,tall-portrait
brussels,4,Cathedral of St. Michael and St. Gudula,images/landmarks/brussels-cathedral-of-st-michael-and-st-gudula.webp,1032,1600,0.645,376128,https://en.wikipedia.org/wiki/Cathedral_of_St._Michael_and_St._Gudula,,tall-portrait
montego-bay,4,Hip Strip (Gloucester Avenue),images/landmarks/montego-bay-hip-strip-gloucester-avenue.webp,350,542,0.646,32712,"https://commons.wikimedia.org/wiki/File:Backing_Jah_Lion_at_a_Hip_Strip_venue_in_Montego_Bay,_Jamaica.jpg",,low-res+tall-portrait
tunis,1,Al-Zaytuna Mosque,images/landmarks/tunis-al-zaytuna-mosque.webp,1033,1600,0.646,61918,https://commons.wikimedia.org/wiki/File:Al-Zaytuna_Mosque_Tunis.jpg,,tall-portrait
warsaw,1,Palace of Culture and Science,images/landmarks/warsaw-palace-of-culture-and-science.webp,1033,1600,0.646,243746,https://commons.wikimedia.org/wiki/File:Pa%C5%82ac_Kultury_i_Nauki_2019.jpg,,tall-portrait
bremen,4,Böttcherstraße,images/landmarks/bremen-bottcherstrasse.webp,1034,1600,0.646,226716,https://en.wikipedia.org/wiki/Böttcherstraße,,tall-portrait
dijon,1,Musée des Beaux-Arts de Dijon,images/landmarks/dijon-musee-beaux-arts.webp,1034,1600,0.646,599874,https://commons.wikimedia.org/wiki/File:Dijon_(C%C3%B4te-d%27Or)_-_Mus%C3%A9e_des_Beaux-Arts_-_Porte_du_Palais_de_Justice_(11642844196).jpg,,tall-portrait
istanbul,3,Basilica Cistern,images/landmarks/istanbul-basilica-cistern.webp,1034,1600,0.646,245544,"https://commons.wikimedia.org/wiki/File:Cisterna_Basílica,_Estambul,_Turquía,_2024-09-28,_DD_58-60_HDR.jpg",,tall-portrait
las-palmas-de-gran-canaria,3,Casa de Colón,images/landmarks/las-palmas-de-gran-canaria-casa-de-colon.webp,1035,1600,0.647,221314,https://commons.wikimedia.org/wiki/File:Portal_Casa_de_Colon_01.jpg,,tall-portrait
stuttgart,0,Fernsehturm Stuttgart,images/landmarks/stuttgart-fernsehturm-stuttgart.webp,1036,1600,0.647,252506,https://commons.wikimedia.org/wiki/File:Fernsehturm_Stuttgart.JPG,,tall-portrait
timbuktu,6,Gordon Laing House,images/landmarks/timbuktu-gordon-laing-house.webp,1036,1600,0.647,350292,https://commons.wikimedia.org/wiki/File:Gordon_Laing_House.jpg,,tall-portrait
whistler,4,Squamish Lil'wat Cultural Centre,images/landmarks/whistler-squamish-lil-wat-cultural-centre.webp,1037,1600,0.648,109914,https://commons.wikimedia.org/wiki/File:Squamish_Lilwat_Carving_(8050763160).jpg,,tall-portrait
bristol,5,"Cabot Tower, Brandon Hill",images/landmarks/bristol-cabot-tower-brandon-hill.webp,600,925,0.649,67706,"https://en.wikipedia.org/wiki/Cabot_Tower,_Bristol",,low-res+tall-portrait
zagreb,4,Museum of Broken Relationships,images/landmarks/zagreb-museum-of-broken-relationships.webp,800,1232,0.649,103492,https://commons.wikimedia.org/wiki/File:Museum_of_Broken_Relationships_Zagreb_2012.jpg,,tall-portrait
hamadan,9,Qorban Tower (Borj-e Qorban),images/landmarks/hamadan-qorban-tower.webp,666,1024,0.65,133118,https://commons.wikimedia.org/wiki/File:Hamadan_-_Borj-e_Qorban.jpg,,low-res+tall-portrait
basel,1,Basel Rathaus (Town Hall),images/landmarks/basel-rathaus-town-hall.webp,1043,1600,0.652,201638,https://en.wikipedia.org/wiki/Basel_Town_Hall,,tall-portrait
pamplona,4,Calle Estafeta,images/landmarks/pamplona-calle-estafeta.webp,1043,1600,0.652,179992,"https://commons.wikimedia.org/wiki/File:Carrer_de_l%27Estafeta,_Pamplona.JPG",,tall-portrait
mandalay,5,Shwenandaw Monastery (Golden Palace Monastery),images/landmarks/mandalay-shwenandaw-monastery.webp,1044,1600,0.652,239036,https://commons.wikimedia.org/wiki/File:Mandalay-Shwenandaw-26-gje.jpg,,tall-portrait
tokyo,0,Tokyo Skytree,images/landmarks/tokyo-tokyo-skytree.webp,1044,1600,0.652,104184,https://commons.wikimedia.org/wiki/File:Tokyo_Skytree_2014_Ⅲ.jpg,,tall-portrait
trincomalee,9,Trincomalee Harbour,images/landmarks/trincomalee-trincomalee-harbour.webp,1280,1961,0.653,59822,https://en.wikipedia.org/wiki/1985%20Trincomalee%20massacres,,tall-portrait
san-francisco,2,Fisherman's Wharf,images/landmarks/san-francisco-fishermans-wharf.webp,1009,1543,0.654,177352,https://commons.wikimedia.org/wiki/File:Fishermans_Wharf_Sign%2C_SF%2C_CA%2C_jjron_25.03.2012.jpg,,tall-portrait
riyadh,9,Riyadh Zoo,images/landmarks/riyadh-riyadh-zoo.webp,1280,1956,0.654,23352,https://en.wikipedia.org/wiki/Riyadh%20Season,,tall-portrait+small-file
colmar,2,Maison Pfister,images/landmarks/colmar-maison-pfister.webp,1048,1600,0.655,248480,https://commons.wikimedia.org/wiki/File:Maison_Pfister_Colmar_2011-04.jpg,,tall-portrait
alanya,1,Kizil Kule (Red Tower),images/landmarks/alanya-kizil-kule-red-tower.webp,1049,1600,0.656,375232,https://commons.wikimedia.org/wiki/File:Alanya_Red_Tower_2.jpg,,tall-portrait
fes,7,Nejjarine Fountain and Museum of Wooden Arts,images/landmarks/fes-nejjarine-fountain.webp,1049,1600,0.656,164330,https://commons.wikimedia.org/wiki/File:Fes_Caravanserai1(js).jpg,,tall-portrait
saipan,3,Suicide Cliff,images/landmarks/saipan-suicide-cliff.webp,1049,1600,0.656,203570,https://commons.wikimedia.org/wiki/File:SUICIDE_CLIFF.jpg,,tall-portrait
nassau,7,Rawson Square,images/landmarks/nassau-rawson-square.webp,1050,1600,0.656,97136,"https://commons.wikimedia.org/wiki/File:Bahamas_1988_(194)_New_Providence_Rawson_Square,_Nassau_(23819688282).jpg",,tall-portrait
bandung,8,Taman Hutan Raya Ir. H. Djuanda,images/landmarks/bandung-taman-hutan-raya-ir-h-djuanda.webp,320,487,0.657,55878,https://en.wikipedia.org/wiki/Djuanda%20Forest%20Park,,low-res+tall-portrait
mbabane,3,Mantenga Nature Reserve & Falls,images/landmarks/mbabane-mantenga-nature-reserve-falls.webp,1051,1600,0.657,202930,https://commons.wikimedia.org/wiki/File:Mantenga_Falls.jpg,,tall-portrait
phu-quoc,2,Long Beach (Bai Truong),images/landmarks/phu-quoc-long-beach-bai-truong.webp,1051,1600,0.657,238388,"https://commons.wikimedia.org/wiki/File:Bai_Truong_(Long_Beach)_Ph%C3%BA_Qu%E1%BB%91c,_Vietnam_(3859473907).jpg",,tall-portrait
torshavn,4,Nordic House (Norðurlandahúsið),images/landmarks/torshavn-nordic-house.webp,1052,1600,0.657,212932,"https://commons.wikimedia.org/wiki/File:Nordic_house,_faroe_islands_(2).jpg",,tall-portrait
mashhad,0,Imam Reza Holy Shrine,images/landmarks/mashhad-imam-reza-holy-shrine.webp,1053,1600,0.658,242416,https://commons.wikimedia.org/wiki/File:%D8%B5%D8%AD%D9%86_%D8%A7%DB%8C%D9%88%D8%A7%D9%86_%D8%B7%D9%84%D8%A7_%D9%88_%D8%B3%D9%82%D8%A7%D8%AE%D8%A7%D9%86%D9%87.jpg,,tall-portrait
cardiff,8,Victorian and Edwardian Arcades,images/landmarks/cardiff-victorian-edwardian-arcades.webp,1054,1600,0.659,74332,https://commons.wikimedia.org/wiki/File:City_of_Arcades_Cardiff.jpg,,tall-portrait
riga,8,Riga TV Tower,images/landmarks/riga-riga-tv-tower.webp,1055,1600,0.659,218810,https://commons.wikimedia.org/wiki/File:Riga_TV_tower_2020-03_view_from_south.jpg,,tall-portrait
sibiu,2,Council Tower (Turnul Sfatului),images/landmarks/sibiu-council-tower.webp,1055,1600,0.659,175516,https://commons.wikimedia.org/wiki/File:RO_SB_Council_tower.jpg,,tall-portrait
willemstad,3,Fort Amsterdam,images/landmarks/willemstad-fort-amsterdam.webp,1055,1600,0.659,139546,"https://commons.wikimedia.org/wiki/File:Fort_Amsterdam_in_Willemstad_Cura%C3%A7aoLandschap,_Bestanddeelnr_254-6242.jpg",,tall-portrait
bangui,6,Boganda National Museum,images/landmarks/bangui-boganda-national-museum.webp,969,1469,0.66,690992,https://en.wikipedia.org/wiki/Barth%C3%A9lemy_Boganda,,tall-portrait
harar,5,Gidir Magala Market,images/landmarks/harar-gidir-magala-market.webp,1056,1600,0.66,117744,"https://commons.wikimedia.org/wiki/File:Market,_Harar,_Ethiopia_(2751051477).jpg",,tall-portrait
rhodes,6,Suleiman Mosque,images/landmarks/rhodes-suleiman-mosque.webp,1056,1600,0.66,98452,https://commons.wikimedia.org/wiki/File:Suleiman_Mosque_(Rhodes)_02.jpg,,tall-portrait
axum,5,Ezana Stone,images/landmarks/axum-ezana-stone.webp,1057,1600,0.661,260992,https://commons.wikimedia.org/wiki/File:The%20Ezana%20Stone%20%282840202630%29.jpg,,tall-portrait
lamu,1,Lamu Fort,images/landmarks/lamu-lamu-fort.webp,1057,1600,0.661,84730,https://commons.wikimedia.org/wiki/File:LamuFort.jpg,,tall-portrait
prague,4,St. Vitus Cathedral,images/landmarks/prague-st-vitus-cathedral.webp,1057,1600,0.661,206568,"https://commons.wikimedia.org/wiki/File:20190816_The_Golden_Portal,_St._Vitus_Cathedral,_Prague,_1339_5272.jpg",,tall-portrait
delhi,2,Qutub Minar,images/landmarks/delhi-qutub-minar.webp,1058,1600,0.661,124226,https://commons.wikimedia.org/wiki/File:Qutb_Minar_2022.jpg,,tall-portrait
n-djamena,4,Cathédrale Notre-Dame de N'Djaména,images/landmarks/ndjamena-cathedrale-notre-dame.webp,1058,1600,0.661,306278,"https://commons.wikimedia.org/wiki/File:ASC_Leiden_-_NSAG_-_van_Es_7_-_019_-_La_cath%C3%A9drale_moderne_avec_une_arche_pointue_-_N%27Djam%C3%A9na,_Tchad_-_7_janvier_1962.tif",,tall-portrait
accra,3,Jamestown Lighthouse,images/landmarks/accra-jamestown-lighthouse.webp,1059,1600,0.662,90246,https://commons.wikimedia.org/wiki/File:James_town_2.jpg,,tall-portrait
biarritz,3,Biarritz Lighthouse (Phare de Biarritz),images/landmarks/biarritz-lighthouse.webp,1059,1600,0.662,148786,https://commons.wikimedia.org/wiki/File:Phare_de_Biarritz_2022.jpg,,tall-portrait
kamakura,9,Enoshima Island and the Enoden Railway,images/landmarks/kamakura-enoshima-island.webp,1059,1600,0.662,360964,https://commons.wikimedia.org/wiki/File:Shopping_Street_on_Enoshima_Island_and_Bridges_20130809.jpg,,tall-portrait
leipzig,9,Leipzig Baumwollspinnerei,images/landmarks/leipzig-baumwollspinnerei.webp,1059,1600,0.662,162640,https://en.wikipedia.org/wiki/Leipziger_Baumwollspinnerei,,tall-portrait
murree,4,Holy Trinity Church,images/landmarks/murree-holy-trinity-church.webp,1059,1600,0.662,227432,https://commons.wikimedia.org/wiki/File:Holy_Trinity_Church_in_Murree_view.jpg,,tall-portrait
nuremberg,4,Documentation Center Nazi Party Rally Grounds,images/landmarks/nuremberg-documentation-center.webp,1059,1600,0.662,119816,https://commons.wikimedia.org/wiki/File:Dokumentationszentrum_Reichsparteitagsgelände2.jpg,,tall-portrait
palma-de-mallorca,6,Arab Baths (Banys Àrabs),images/landmarks/palma-arab-baths.webp,1059,1600,0.662,173860,https://commons.wikimedia.org/wiki/File:Palma_Banys_%C3%80rabs.jpg,,tall-portrait
tirana,7,Tanners' Bridge (Ura e Tabakëve),images/landmarks/tirana-tanners-bridge-ura-e-tabakeve.webp,1059,1600,0.662,374860,"https://commons.wikimedia.org/wiki/File:Tanners%27_Bridge,_Tirana,_Albania_01.jpg",,tall-portrait
whistler,6,Lost Lake Park,images/landmarks/whistler-lost-lake-park.webp,1059,1600,0.662,352656,"https://commons.wikimedia.org/wiki/File:Lost_Lake,_Whistler_B.C.jpg",,tall-portrait
kota-kinabalu,9,Kota Kinabalu Waterfront,images/landmarks/kota-kinabalu-waterfront.webp,1060,1600,0.662,128824,"https://commons.wikimedia.org/wiki/File:Kota_Kinabalu_waterfront,_2024_(02).jpg",,tall-portrait
mytilene,9,Statue of Liberty of Mytilene,images/landmarks/mytilene-statue-of-liberty-of-mytilene.webp,1060,1600,0.662,305622,https://commons.wikimedia.org/wiki/File:Mytilini_-_Statue_of_Liberty.jpg,,tall-portrait
najaf,8,Bahr al-Najaf (Sea of Najaf),images/landmarks/najaf-bahr-al-najaf.webp,1060,1600,0.662,121096,https://commons.wikimedia.org/wiki/File:%D8%A8%D8%AD%D8%B1_%D8%A7%D9%84%D9%86%D8%AC%D9%81.jpg,,tall-portrait
port-elizabeth,3,The Campanile,images/landmarks/port-elizabeth-the-campanile.webp,1060,1600,0.662,68610,"https://commons.wikimedia.org/wiki/File:Campanile,_Port_Elizabeth,_South_Africa.jpg",,tall-portrait
srimangal,6,Hum Hum Waterfall,images/landmarks/srimangal-hum-hum-waterfall.webp,1060,1600,0.662,593794,https://commons.wikimedia.org/wiki/File:Ham_Ham_Waterfall.JPG,,tall-portrait
yangon,1,Sule Pagoda,images/landmarks/yangon-sule-pagoda.webp,1060,1600,0.662,238262,https://commons.wikimedia.org/wiki/File:20160815_Sule_Pagoda_Yangon_0307.jpg,,tall-portrait
yaroslavl,0,Transfiguration Monastery (Spaso-Preobrazhensky),images/landmarks/yaroslavl-spaso-preobrazhensky-monastery.webp,1060,1600,0.662,185512,https://commons.wikimedia.org/wiki/File:Transfiguration_Monastery_in_Yaroslavl_02.jpg,,tall-portrait
zanzibar-city,9,Malindi Mosque and Old Dhow Harbour,images/landmarks/zanzibar-city-malindi-mosque.webp,1060,1600,0.662,266978,https://commons.wikimedia.org/wiki/File:Bamnara_Mosque_also_known_as_Malindi_Mosque_in_Zanzibar.jpg,,tall-portrait
stockholm,6,Storkyrkan (Stockholm Cathedral),images/landmarks/stockholm-storkyrkan-stockholm-cathedral.webp,663,1000,0.663,73312,https://commons.wikimedia.org/wiki/File:Stockholm_Cathedral_-_Storkyrkan_2007.jpg,,low-res+tall-portrait
pai,2,Tha Pai Memorial Bridge,images/landmarks/pai-tha-pai-memorial-bridge.webp,1002,1512,0.663,410104,https://en.wikipedia.org/wiki/Pai_district,,tall-portrait
ashgabat,7,Ertugrul Gazi Mosque,images/landmarks/ashgabat-ertugrul-gazi-mosque.webp,1061,1600,0.663,106188,https://commons.wikimedia.org/wiki/File:Ertugrul_Gazi_Mosque_(12)_(45999846362).jpg,,tall-portrait
honiara,9,"Parliament House, Honiara",images/landmarks/honiara-parliament-house-honiara.webp,1061,1600,0.663,147804,"https://commons.wikimedia.org/wiki/File:The_National_Parliament_Building,_Honiara,_Solomon_Islands.jpg",,tall-portrait
lilongwe,4,Bingu National Stadium,images/landmarks/lilongwe-bingu-national-stadium.webp,720,1084,0.664,88170,"https://commons.wikimedia.org/wiki/File:A_Traditional_dancer_show-casing_his_skills_during_the_commemoration_of_the_International_Day_of_Families_in_Lilongwe,_Malawi_at_Bingu_National_Stadium.jpg",,low-res+tall-portrait
hanoi,6,St. Joseph's Cathedral,images/landmarks/hanoi-st-josephs-cathedral.webp,996,1500,0.664,328470,"https://commons.wikimedia.org/wiki/File:St._Joseph%27s_Cathedral_-_Hanoi,_Vietnam.jpg",,tall-portrait
brugge,4,Church of Our Lady,images/landmarks/brugge-church-of-our-lady.webp,1062,1600,0.664,330088,"https://en.wikipedia.org/wiki/Church_of_Our_Lady,_Bruges",,tall-portrait
brussels,2,Manneken Pis,images/landmarks/brussels-manneken-pis.webp,1062,1600,0.664,245182,https://en.wikipedia.org/wiki/Manneken_Pis,,tall-portrait
chefchaouen,0,The Blue Medina (old town),images/landmarks/chefchaouen-blue-medina.webp,1062,1600,0.664,168146,"https://commons.wikimedia.org/wiki/File:A_view_of_one_of_the_many_blue-painted_streets_in_Chefchaouen,_Morocco.jpg",,tall-portrait
da-lat,3,Linh Phuoc Pagoda,images/landmarks/da-lat-linh-phuoc-pagoda.webp,1062,1600,0.664,316628,https://commons.wikimedia.org/wiki/File:Da_Lat_-_Linh_Phuoc_Temple_01.jpg,,tall-portrait
dresden,7,Albertinum,images/landmarks/dresden-albertinum.webp,1062,1600,0.664,296836,https://commons.wikimedia.org/wiki/File:AlbertinumDresden.jpg,,tall-portrait
granada,9,Alcaicería,images/landmarks/granada-alcaiceria.webp,1062,1600,0.664,503854,https://commons.wikimedia.org/wiki/File:Alcaiceria_de_Granada_(2).jpg,,tall-portrait
irkutsk,3,Epiphany Cathedral (Bogoyavlensky Sobor),images/landmarks/irkutsk-epiphany-cathedral-bogoyavlensky-sobor.webp,1062,1600,0.664,123304,"https://commons.wikimedia.org/wiki/File:Epiphany_Cathedral,_Irkutsk_(15673417039).jpg",,tall-portrait
johor-bahru,2,Arulmigu Sri Rajakaliamman Glass Temple,images/landmarks/johor-bahru-glass-temple.webp,1062,1600,0.664,258584,https://commons.wikimedia.org/wiki/File:Arulmigu_Sri_Rajakaliamman_exterior.jpg,,tall-portrait
karachi,5,Merewether Clock Tower,images/landmarks/karachi-merewether-clock-tower.webp,1062,1600,0.664,362716,https://commons.wikimedia.org/wiki/File:Merewether_Clock_Tower_01.jpg,,tall-portrait
manzhouli,0,Matryoshka Square (Taowa Square),images/landmarks/manzhouli-matryoshka-square.webp,1062,1600,0.664,183676,https://commons.wikimedia.org/wiki/File:%E6%BB%A1%E6%B4%B2%E9%87%8C%E5%A5%97%E5%A8%83%E5%B9%BF%E5%9C%BA%E6%95%99%E5%A0%82_-_panoramio.jpg,,tall-portrait
naples,7,Galleria Umberto I,images/landmarks/naples-galleria-umberto-i.webp,1062,1600,0.664,409644,https://commons.wikimedia.org/wiki/File:Galleria_Umberto_I_Naples_n01.jpg,,tall-portrait
salvador,5,Farol da Barra (Barra Lighthouse),images/landmarks/salvador-farol-da-barra.webp,1062,1600,0.664,131908,https://commons.wikimedia.org/wiki/File:Forte_de_Santo_Antonio_da_Barra_-_Priscila_Nobrega_Cecilio-1.jpg,,tall-portrait
sharm-el-sheikh,4,Ras Um Sid,images/landmarks/sharm-el-sheikh-ras-um-sid.webp,1062,1600,0.664,153212,"https://commons.wikimedia.org/wiki/File:SHARM_EL_SHIEKH,_EGYPT.jpg",,tall-portrait
tofino,6,Rainforest Trail,images/landmarks/tofino-rainforest-trail.webp,1062,1600,0.664,422394,https://commons.wikimedia.org/wiki/File:Rainforest_Trail_(14360770454).jpg,,tall-portrait
turpan,4,Turpan Karez System,images/landmarks/turpan-karez-system.webp,1062,1600,0.664,260250,https://commons.wikimedia.org/wiki/File:Turpan_karez_system_IGP4205.jpg,,tall-portrait
bengaluru,5,Bull Temple (Dodda Basavana Gudi),images/landmarks/bengaluru-bull-temple.webp,1063,1600,0.664,152558,https://commons.wikimedia.org/wiki/File:Dodda_basavanna_inside_basavangudi.JPG,,tall-portrait
girona,7,Monastery of Sant Pere de Galligants,images/landmarks/girona-sant-pere-de-galligants.webp,1063,1600,0.664,282086,https://commons.wikimedia.org/wiki/File:Sant_Pere_de_Galligants.JPG,,tall-portrait
gondar,1,Fasilides' Castle,images/landmarks/gondar-fasilides-castle.webp,1063,1600,0.664,209972,"https://commons.wikimedia.org/wiki/File:The_Ruins_at_Gondar,_Ethiopia_-_Fasilides_Castle_(2415633944).jpg",,tall-portrait
isfahan,5,Ali Qapu Palace,images/landmarks/isfahan-ali-qapu-palace.webp,1063,1600,0.664,144006,"https://commons.wikimedia.org/wiki/File:Ali_Qapu_Palace_-_Isfahan,_Iran.jpg",,tall-portrait
jodhpur,7,Rao Jodha Desert Rock Park,images/landmarks/jodhpur-rao-jodha-desert-rock-park.webp,1063,1600,0.664,583874,"https://commons.wikimedia.org/wiki/File:Rao_Jodha_Desert_Rock_Park,_Jodhpur,_20191210_1137_7897.jpg",,tall-portrait
kairouan,5,Bir Barrouta,images/landmarks/kairouan-bir-barrouta.webp,1063,1600,0.664,313788,https://commons.wikimedia.org/wiki/File:Bir_Barrouta_(Kairouan).jpg,,tall-portrait
klaipeda,2,Meridianas Sailing Ship,images/landmarks/klaipeda-meridianas-sailing-ship.webp,1063,1600,0.664,240578,"https://commons.wikimedia.org/wiki/File:Meridianas,_Klaipėda,_2006_(02).jpg",,tall-portrait
olomouc,2,St. Wenceslas Cathedral,images/landmarks/olomouc-st-wenceslas-cathedral.webp,1063,1600,0.664,176344,https://commons.wikimedia.org/wiki/File:St_Wenceslas_Olomouc_11.jpg,,tall-portrait
olomouc,9,Villa Primavesi,images/landmarks/olomouc-villa-primavesi.webp,1063,1600,0.664,459114,"https://commons.wikimedia.org/wiki/File:Villa_Primavesi,_Olomouc_(07).jpg",,tall-portrait
taichung,4,Luce Memorial Chapel (Tunghai University),images/landmarks/taichung-luce-memorial-chapel-tunghai-university.webp,1063,1600,0.664,338252,https://commons.wikimedia.org/wiki/File:Luce_Memorial_Chapel_20170102.jpg,,tall-portrait
tofino,4,Meares Island Big Tree Trail,images/landmarks/tofino-meares-island-big-tree-trail.webp,1063,1600,0.664,464078,https://commons.wikimedia.org/wiki/File:Among_big_trees_on_Meares_Island_(3)_(28660481244).jpg,,tall-portrait
zaragoza,9,Expo 2008 Riverfront,images/landmarks/zaragoza-expo-2008-riverfront.webp,1063,1600,0.664,148444,https://commons.wikimedia.org/wiki/File:Expo_2008_zaragoza_torre_del_agua.jpg,,tall-portrait
jerez-de-la-frontera,5,Iglesia de San Miguel,images/landmarks/jerez-de-la-frontera-iglesia-de-san-miguel.webp,1200,1808,0.664,335304,https://commons.wikimedia.org/wiki/File:San_Miguel_Fachada_Jerez.JPG,Jerezplataforma / CC BY 3.0,tall-portrait
capri,4,Monte Solaro Chairlift,images/landmarks/capri-monte-solaro-chairlift.webp,660,993,0.665,142388,https://commons.wikimedia.org/w/index.php?search=Monte%20Solaro%20Chairlift%20Capri&title=Special:MediaSearch,,low-res+tall-portrait
acapulco-de-juarez,0,La Quebrada Cliff Divers,images/landmarks/acapulco-de-juarez-la-quebrada-cliff-divers.webp,679,1021,0.665,207616,https://commons.wikimedia.org/wiki/File:Don_off_Acapulco_Cliff.jpg,,low-res+tall-portrait
inhambane,1,Ponta da Barra and Barra Lighthouse,images/landmarks/inhambane-ponta-da-barra-and-barra-lighthouse.webp,851,1280,0.665,44490,https://commons.wikimedia.org/wiki/File:Barra_Lighthouse.jpg,,tall-portrait
aleppo,3,Khan al-Jumruk,images/landmarks/aleppo-khan-al-jumruk.webp,1064,1600,0.665,373632,https://commons.wikimedia.org/wiki/File:Aleppo_Khan_al-Jumruk_9164.jpg,,tall-portrait
antsiranana,1,Les Trois Baies (Three Bays),images/landmarks/antsiranana-les-trois-baies.webp,1064,1600,0.665,200138,https://commons.wikimedia.org/wiki/File:Diego_bay.JPG,,tall-portrait
bahir-dar,2,Ura Kidane Mehret Monastery,images/landmarks/bahir-dar-ura-kidane-mehret-monastery.webp,1064,1600,0.665,210456,https://commons.wikimedia.org/wiki/File:Ura%20Kidane%20Mihret%2C%20Lake%20Tana.jpg,,tall-portrait
damascus,8,Mausoleum of Saladin,images/landmarks/damascus-mausoleum-of-saladin.webp,1064,1600,0.665,182080,https://commons.wikimedia.org/wiki/File:Damascus_mausoleum_of_Sultan_Saladin_8146.jpg,,tall-portrait
fethiye,7,Telmessos Amphitheatre,images/landmarks/fethiye-telmessos-amphitheatre.webp,1064,1600,0.665,331924,https://commons.wikimedia.org/wiki/File:Fethiye_Roman_theatre_during_restoration_7183.jpg,,tall-portrait
gaziantep,0,Zeugma Mosaic Museum,images/landmarks/gaziantep-zeugma-mosaic-museum.webp,1064,1600,0.665,476756,https://commons.wikimedia.org/wiki/File:Gaziantep_Zeugma_Museum_Oceanus_and_Thetys_1_mosaic_2494.jpg,,tall-portrait
girona,6,Basilica of Sant Feliu,images/landmarks/girona-basilica-sant-feliu.webp,1064,1600,0.665,367066,https://commons.wikimedia.org/wiki/File:Basilica_Sant_Feliu_Girona_Catalonia_Spain.jpg,,tall-portrait
konya,4,Karatay Medrese,images/landmarks/konya-karatay-medrese.webp,1064,1600,0.665,339418,https://commons.wikimedia.org/wiki/File:Konya_Karatay_Ceramics_Museum_exterior_4465.jpg,,tall-portrait
konya,7,Aziziye Mosque,images/landmarks/konya-aziziye-mosque.webp,1064,1600,0.665,222862,https://commons.wikimedia.org/wiki/File:Konya_Aziziye_Mosque_exterior_3822.jpg,,tall-portrait
konya,9,Sırçalı Medrese,images/landmarks/konya-sircali-medrese.webp,1064,1600,0.665,332562,https://commons.wikimedia.org/wiki/File:Konya_S%C4%B1r%C3%A7al%C4%B1_Medrese_gravestone_museum_4489.jpg,,tall-portrait
maputo,2,Cathedral of Our Lady of Conception,images/landmarks/maputo-cathedral-of-our-lady-of-conception.webp,1064,1600,0.665,203366,https://commons.wikimedia.org/wiki/File:Cathedral_of_maputo_01.jpg,,tall-portrait
matsuyama,3,Isaniwa Shrine,images/landmarks/matsuyama-isaniwa-shrine.webp,1064,1600,0.665,441732,https://commons.wikimedia.org/wiki/File:Isaniwa_Shrine_Stairs.jpg,,tall-portrait
mykonos,9,Archaeological Museum of Mykonos,images/landmarks/mykonos-archaeological-museum-of-mykonos.webp,1064,1600,0.665,128430,"https://commons.wikimedia.org/wiki/File:Incense_burner,_pottery,_Kastro,_Chora,_Mykonos,_AM_of_Mykonos,_exhibition,_224884.jpg",,tall-portrait
pittsburgh,9,Fallingwater,images/landmarks/pittsburgh-fallingwater.webp,1064,1600,0.665,244078,https://commons.wikimedia.org/wiki/File:Wrightfallingwater.jpg,,tall-portrait
pristina,7,Clock Tower (Sahat Kulla),images/landmarks/pristina-clock-tower.webp,1064,1600,0.665,180476,"https://commons.wikimedia.org/wiki/File:Clock_Tower_,_Prishtina,_Kosovo.jpg",,tall-portrait
seville,4,Torre del Oro,images/landmarks/seville-torre-del-oro.webp,1064,1600,0.665,226712,https://commons.wikimedia.org/wiki/File:Torre_del_Oro_flag_Seville_Spain.jpg,,tall-portrait
tallinn,9,St. Mary's Cathedral (Toomkirik),images/landmarks/tallinn-st-marys-cathedral-toomkirik.webp,1064,1600,0.665,224372,https://commons.wikimedia.org/wiki/File:Tallinna_toomkirik.jpg,,tall-portrait
banff,4,Johnston Canyon,images/landmarks/banff-johnston-canyon.webp,533,800,0.666,40942,https://en.wikipedia.org/wiki/Johnston_Creek_(Alberta),,low-res+tall-portrait
perth,7,Crawley Edge Boatshed (Blue Boat House),images/landmarks/perth-crawley-edge-boatshed.webp,533,800,0.666,40898,https://commons.wikimedia.org/wiki/File:CrawleyEdgeBoatshed.jpg,,low-res+tall-portrait
vladivostok,9,Triumphal Arch of Tsarevich Nicholas,images/landmarks/vladivostok-triumphal-arch.webp,533,800,0.666,163740,https://commons.wikimedia.org/wiki/File:Triumphal_arch_Cesarevitch_Nikolay.jpg,,low-res+tall-portrait
cuiaba,1,Catedral Basílica do Senhor Bom Jesus,images/landmarks/cuiaba-catedral-basilica-senhor-bom-jesus.webp,853,1280,0.666,60870,"https://commons.wikimedia.org/wiki/File:Catedral_Bas%C3%ADlica_do_Senhor_Bom_Jesus,_Cuiab%C3%A1-MT.jpg",,tall-portrait
stanley,9,Victory Green and Ross Road waterfront,images/landmarks/stanley-victory-green-ross-road-waterfront.webp,853,1280,0.666,176252,"https://commons.wikimedia.org/wiki/File:Ross_Road,_Stanley_(Falkland_Islands).jpg",,tall-portrait
zhangjiajie,7,Yellow Dragon Cave (Huanglongdong),images/landmarks/zhangjiajie-yellow-dragon-cave.webp,933,1400,0.666,133172,https://commons.wikimedia.org/wiki/File:20120410_YD_cave_0001_04.jpg,,tall-portrait
edirne,8,Edirne Grand Synagogue,images/landmarks/edirne-edirne-grand-synagogue.webp,1065,1600,0.666,193724,https://commons.wikimedia.org/wiki/File:Grand_Synagogue_of_Edirne_3381.jpg,,tall-portrait
gibraltar,6,Moorish Castle,images/landmarks/gibraltar-moorish-castle.webp,1065,1600,0.666,559624,https://commons.wikimedia.org/wiki/File:Gibraltar_Moorish_Castle_from_Willis%27s_Road_1.jpg,,tall-portrait
rhodes,3,Mandraki Harbour,images/landmarks/rhodes-mandraki-harbour.webp,1065,1600,0.666,237012,https://commons.wikimedia.org/wiki/File:Windmills_Rhodes_harbour.jpg,,tall-portrait
venice,8,Santa Maria della Salute,images/landmarks/venice-santa-maria-della-salute.webp,1065,1600,0.666,244582,https://commons.wikimedia.org/wiki/File:Santa_Maria_della_Salute_from_Hotel_Monaco.jpg,,tall-portrait
aachen,4,Carolus Thermen,images/landmarks/aachen-carolus-thermen.webp,1066,1600,0.666,443812,https://commons.wikimedia.org/wiki/File:Eingang_Carolus_Thermen_in_Aachen_-_Passstra%C3%9Fe.jpg,,tall-portrait
aix-en-provence,1,Cathédrale Saint-Sauveur,images/landmarks/aix-en-provence-cathedrale-saint-sauveur.webp,1066,1600,0.666,213808,https://commons.wikimedia.org/wiki/File:Aix-Cathédrale-bjs180807-02.jpg,,tall-portrait
aurangabad,5,Grishneshwar Temple,images/landmarks/aurangabad-grishneshwar-temple.webp,1066,1600,0.666,386922,https://commons.wikimedia.org/wiki/File:Grishneshwar%20Temple%20Ellora.jpg,,tall-portrait
baku,2,Maiden Tower (Qız Qalası),images/landmarks/baku-maiden-tower-qz-qalas.webp,1066,1600,0.666,222780,https://commons.wikimedia.org/wiki/File:Maiden%20Tower%20in%20Baku%202015.jpg,,tall-portrait
banff,6,Cave and Basin National Historic Site,images/landmarks/banff-cave-and-basin-national-historic-site.webp,1066,1600,0.666,313256,https://en.wikipedia.org/wiki/Cave_and_Basin_National_Historic_Site,,tall-portrait
bangkok,2,Wat Pho (Temple of the Reclining Buddha),images/landmarks/bangkok-wat-pho.webp,1066,1600,0.666,411188,https://en.wikipedia.org/wiki/Wat_Pho,,tall-portrait
barcelona,4,Barcelona Cathedral,images/landmarks/barcelona-cathedral.webp,1066,1600,0.666,204886,https://en.wikipedia.org/wiki/Barcelona_Cathedral,,tall-portrait
barranquilla,7,Iglesia de San Nicolás de Tolentino,images/landmarks/barranquilla-iglesia-san-nicolas-de-tolentino.webp,1066,1600,0.666,167804,https://commons.wikimedia.org/wiki/File:2020_Barranquilla_-_Iglesia_de_San_Nicolas_de_Tolentino_(Barranquilla).jpg,,tall-portrait
batumi,0,Batumi Boulevard,images/landmarks/batumi-batumi-boulevard.webp,1066,1600,0.666,138358,https://commons.wikimedia.org/wiki/File:Batumi_Boulevard_Alley.jpg,,tall-portrait
bengaluru,7,St. Mary's Basilica,images/landmarks/bengaluru-st-mary-s-basilica.webp,1066,1600,0.666,120252,"https://en.wikipedia.org/wiki/St._Mary's_Basilica,_Bengaluru",,tall-portrait
berlin,8,Victory Column (Siegessäule),images/landmarks/berlin-victory-column.webp,1066,1600,0.666,148140,https://en.wikipedia.org/wiki/Berlin_Victory_Column,,tall-portrait
bern,0,Zytglogge (Clock Tower),images/landmarks/bern-zytglogge.webp,1066,1600,0.666,164982,https://en.wikipedia.org/wiki/Zytglogge,,tall-portrait
bilbao,7,Catedral de Santiago,images/landmarks/bilbao-catedral-de-santiago.webp,1066,1600,0.666,130406,https://commons.wikimedia.org/wiki/File:Iglesia_Catedral_de_Santiago_Bilbao.JPG,,tall-portrait
bratislava,2,Michael's Gate,images/landmarks/bratislava-michael-s-gate.webp,1066,1600,0.666,244462,https://en.wikipedia.org/wiki/Michael's_Gate,,tall-portrait
bremen,1,Roland Statue,images/landmarks/bremen-roland-statue.webp,1066,1600,0.666,306774,https://en.wikipedia.org/wiki/Bremen_Roland,,tall-portrait
brno,3,Old Town Hall,images/landmarks/brno-old-town-hall.webp,1066,1600,0.666,255858,https://commons.wikimedia.org/wiki/File:Brno_Old_Town_Hall-01.jpg,,tall-portrait
brugge,0,Belfry of Bruges (Belfort),images/landmarks/brugge-belfry-of-bruges-belfort.webp,1066,1600,0.666,140930,https://en.wikipedia.org/wiki/Belfry_of_Bruges,,tall-portrait
brugge,7,Groeningemuseum,images/landmarks/brugge-groeningemuseum.webp,1066,1600,0.666,182664,https://en.wikipedia.org/wiki/Groeningemuseum,,tall-portrait
calgary,2,The Bow,images/landmarks/calgary-the-bow.webp,1066,1600,0.666,181864,https://commons.wikimedia.org/w/index.php?search=The%20Bow%20Calgary&title=Special:MediaSearch,,tall-portrait
cambridge,3,Fitzwilliam Museum,images/landmarks/cambridge-fitzwilliam-museum.webp,1066,1600,0.666,140204,"https://commons.wikimedia.org/wiki/File:Fitzwilliam_Museum,_Cambridge,_July_2010_(01).JPG",,tall-portrait
cape-town,4,Bo-Kaap,images/landmarks/cape-town-bo-kaap.webp,1066,1600,0.666,249918,https://commons.wikimedia.org/w/index.php?search=Bo-Kaap%20Cape%20Town&title=Special:MediaSearch,,tall-portrait
capri,0,Grotta Azzurra (Blue Grotto),images/landmarks/capri-grotta-azzurra-blue-grotto.webp,1066,1600,0.666,343604,https://commons.wikimedia.org/wiki/File:Entrance_to_Grotta_Azzurra_(Capri).jpg,,tall-portrait
carcassonne,4,Canal du Midi,images/landmarks/carcassonne-canal-du-midi.webp,1066,1600,0.666,152736,"https://commons.wikimedia.org/wiki/File:Canal_du_Midi_-_Carcassonne,_France_-_July_30,_2024.jpg",,tall-portrait
cartagena,1,Castillo San Felipe de Barajas,images/landmarks/cartagena-castillo-san-felipe.webp,1066,1600,0.666,254856,"https://commons.wikimedia.org/wiki/File:Castillo_San_Felipe_de_Barajas,_Cartagena_01.jpg",,tall-portrait
cartagena,2,Torre del Reloj,images/landmarks/cartagena-torre-del-reloj.webp,1066,1600,0.666,222478,"https://commons.wikimedia.org/wiki/File:Puerta_del_Reloj,_Cartagena_02.jpg",,tall-portrait
cartagena,4,Catedral de Santa Catalina de Alejandría,images/landmarks/cartagena-catedral-santa-catalina.webp,1066,1600,0.666,197892,https://commons.wikimedia.org/wiki/File:Catedral_de_Cartagena-Fachada.jpg,,tall-portrait
cartagena,5,Palacio de la Inquisición,images/landmarks/cartagena-palacio-de-la-inquisicion.webp,1066,1600,0.666,335100,https://commons.wikimedia.org/wiki/File:Casa_Inquisicion_CTG_11_2019_1674.jpg,,tall-portrait
casablanca,9,Notre-Dame de Lourdes Church,images/landmarks/casablanca-notre-dame-de-lourdes.webp,1066,1600,0.666,117740,https://commons.wikimedia.org/wiki/File:Casablanca_Notre-Dame-de-Lourde_(2).jpg,,tall-portrait
catania,0,Piazza del Duomo and the Fontana dell'Elefante,images/landmarks/catania-piazza-del-duomo.webp,1066,1600,0.666,223372,https://commons.wikimedia.org/wiki/File:Catania_-_Fontana_dell%27Elefante_03.jpg,,tall-portrait
chamonix-mont-blanc,6,Glacier des Bossons,images/landmarks/chamonix-mont-blanc-glacier-des-bossons.webp,1066,1600,0.666,405448,https://commons.wikimedia.org/wiki/File:2025-07-22_Glacier_des_Bossons_1.jpg,,tall-portrait
chefchaouen,8,Talassemtane National Park,images/landmarks/chefchaouen-talassemtane-national-park.webp,1066,1600,0.666,310740,https://commons.wikimedia.org/wiki/File:Talassemtane_National_Park_(5065135690).jpg,,tall-portrait
chicago,1,Willis Tower Skydeck,images/landmarks/chicago-willis-tower-skydeck.webp,1066,1600,0.666,103458,https://commons.wikimedia.org/wiki/File:Chicago_-_Willis_Tower_-_Skydeck_Ledge.jpg,,tall-portrait
chicago,5,Chicago Riverwalk,images/landmarks/chicago-riverwalk.webp,1066,1600,0.666,415106,"https://commons.wikimedia.org/wiki/File:The_Jetty,_Chicago_Riverwalk,_Chicago,_2025.jpg",,tall-portrait
colmar,8,Église des Dominicains (Dominican Church),images/landmarks/colmar-glise-des-dominicains.webp,1066,1600,0.666,143128,https://commons.wikimedia.org/wiki/File:%C3%89glise_des_Dominicains_-_clocher_(Colmar).jpg,,tall-portrait
cologne,6,KölnTriangle observation deck,images/landmarks/cologne-k-lntriangle-observation-deck.webp,1066,1600,0.666,127928,https://commons.wikimedia.org/wiki/File:K%C3%B6lnTriangle_(0684).jpg,,tall-portrait
cordoba,3,Judería and Calleja de las Flores,images/landmarks/cordoba-juderia-calleja-de-las-flores.webp,1066,1600,0.666,119462,https://commons.wikimedia.org/wiki/File:C%C3%B3rdoba-Juder%C3%ADa-Calleja_de_las_Flores-20110917.jpg,,tall-portrait
dakar,9,Presidential Palace (Palais de la République),images/landmarks/dakar-presidential-palace.webp,1066,1600,0.666,298672,https://commons.wikimedia.org/wiki/File:Presidential_Palace_(49333168837).jpg,,tall-portrait
dar-es-salaam,6,Bongoyo Island,images/landmarks/dar-es-salaam-bongoyo-island.webp,1066,1600,0.666,323442,https://commons.wikimedia.org/wiki/File:Baobab_on_Bongoyo_island_(3186803451).jpg,,tall-portrait
darwin,4,Litchfield National Park,images/landmarks/darwin-litchfield-national-park.webp,1066,1600,0.666,477108,"https://commons.wikimedia.org/wiki/File:Litchfield_National_Park_(AU),_Magnetic_Termite_Mounds_--_2019_--_3731.jpg",,tall-portrait
douala,2,Notre-Dame des Victoires de New Bell,images/landmarks/douala-notre-dame-victoires-new-bell.webp,1066,1600,0.666,120270,https://commons.wikimedia.org/wiki/File:Notre_Dame_des_Victoires_de_New_Bell_1.JPG,,tall-portrait
erbil,6,Kurdish Textile Museum,images/landmarks/erbil-kurdish-textile-museum.webp,1066,1600,0.666,260520,https://commons.wikimedia.org/wiki/File:Kurdish_Costume_-_Kurdish_Textile_Museum_-_Erbil_-_Iraq.jpg,,tall-portrait
essaouira,6,Sidi Mohammed Ben Abdallah Museum,images/landmarks/essaouira-sidi-mohammed-ben-abdallah-museum.webp,1066,1600,0.666,110714,https://commons.wikimedia.org/wiki/File:Essaouira_le_matin_-_panoramio_(45).jpg,,tall-portrait
essaouira,8,The Souks and Fish Market,images/landmarks/essaouira-the-souks-and-fish-market.webp,1066,1600,0.666,152840,https://commons.wikimedia.org/wiki/File:Essaouira_Medina_-_panoramio_(11).jpg,,tall-portrait
florence,5,Piazza della Signoria & Palazzo Vecchio,images/landmarks/florence-piazza-della-signoria-and-palazzo-vecchio.webp,1066,1600,0.666,190054,https://commons.wikimedia.org/wiki/File:Firenze_-_Florence_-_Piazza_della_Signoria_-_View_ESE_on_Palazzo_Vecchio_I.jpg,,tall-portrait
fort-de-france,2,Cathédrale Saint-Louis,images/landmarks/fort-de-france-cathedrale-saint-louis.webp,1066,1600,0.666,230846,https://commons.wikimedia.org/wiki/File:Fort-de-France_-_2014_-_Cath%C3%A9drale_Saint-Louis_(2).jpg,,tall-portrait
freiburg,6,Martinstor,images/landmarks/freiburg-martinstor.webp,1066,1600,0.666,163682,"https://commons.wikimedia.org/wiki/File:Freiburg_im_Breisgau,_Martinstor_--_2025_--_8005.jpg",,tall-portrait
gdansk,3,Długa Street and the Golden Gate,images/landmarks/gdansk-dluga-street-golden-gate.webp,1066,1600,0.666,429614,https://commons.wikimedia.org/wiki/File:20230818_8797-Dluga_mit_Z%C5%82ota_Brama_und_Stockturm.jpg,,tall-portrait
gdansk,8,Westerplatte,images/landmarks/gdansk-westerplatte.webp,1066,1600,0.666,185538,https://commons.wikimedia.org/wiki/File:00565_Westerplatte_Monument_von_SE.jpg,,tall-portrait
georgetown,5,Georgetown Lighthouse,images/landmarks/georgetown-lighthouse.webp,1066,1600,0.666,147190,https://commons.wikimedia.org/wiki/File:Georgetown-Lighthouse.jpg,,tall-portrait
gilgit,5,Jaglot Three Mountain Ranges Junction,images/landmarks/gilgit-jaglot-junction.webp,1066,1600,0.666,226626,https://commons.wikimedia.org/wiki/File:Nanga_Parbat_along_with_Indus_River_at_Jaglot.jpg,,tall-portrait
glasgow,1,Glasgow Cathedral,images/landmarks/glasgow-cathedral.webp,1066,1600,0.666,433648,https://commons.wikimedia.org/wiki/File:Glasgow_Cathedral_main_portal.jpg,,tall-portrait
hamadan,6,Alavian Dome (Gonbad-e Alaviyan),images/landmarks/hamadan-alavian-dome.webp,1066,1600,0.666,278142,https://commons.wikimedia.org/wiki/File:Alaviyan_dome-Hamedan.JPG,,tall-portrait
hamburg,6,Binnenalster & Alster Lakes,images/landmarks/hamburg-binnenalster-alster-lakes.webp,1066,1600,0.666,241252,https://commons.wikimedia.org/wiki/File:Binnenalster_b.jpg,,tall-portrait
hangzhou,3,Six Harmonies Pagoda (Liuhe Pagoda),images/landmarks/hangzhou-six-harmonies-pagoda.webp,1066,1600,0.666,391934,https://commons.wikimedia.org/wiki/File:20240128_Liuhe_Pagoda_01.jpg,,tall-portrait
honolulu,7,USS Missouri Memorial,images/landmarks/honolulu-uss-missouri-memorial.webp,1066,1600,0.666,156868,"https://commons.wikimedia.org/wiki/File:USS_Missouri_Memorial,_Pearl_Harbor,_Honolulu_(503635)_(20350134748).jpg",,tall-portrait
hualien-city,2,Eternal Spring Shrine (Changchun Shrine),images/landmarks/hualien-city-eternal-spring-shrine.webp,1066,1600,0.666,440128,https://commons.wikimedia.org/wiki/File:Chang_Chun_Shrine_amk.jpg,,tall-portrait
hualien-city,4,Swallow Grotto (Yanzikou),images/landmarks/hualien-city-swallow-grotto.webp,1066,1600,0.666,183238,https://commons.wikimedia.org/wiki/File:Taroko-Gorge_Hualien_Taiwan_Swallow-Grotto-02.jpg,,tall-portrait
hualien-city,6,Pine Garden (Songyuan),images/landmarks/hualien-city-pine-garden.webp,1066,1600,0.666,296752,"https://commons.wikimedia.org/wiki/File:Pine_Garden_at_night,_Hualien_City,_Hualien_County_(Taiwan).jpg",,tall-portrait
hue,1,Thien Mu Pagoda,images/landmarks/hue-thien-mu-pagoda.webp,1066,1600,0.666,81704,https://commons.wikimedia.org/wiki/File:Hue_Vietnam_Thien-Mu-Temple-and-Pagoda-03.jpg,,tall-portrait
ica,8,Cañón de los Perdidos (Canyon of the Lost),images/landmarks/ica-canon-de-los-perdidos.webp,1066,1600,0.666,310760,https://commons.wikimedia.org/wiki/File:Ca%C3%B1%C3%B3n_de_los_Perdidos.jpg,,tall-portrait
inhambane,3,Old Mosque of Inhambane,images/landmarks/inhambane-old-mosque-of-inhambane.webp,1066,1600,0.666,237714,https://commons.wikimedia.org/wiki/File:Mosque_in_Inhambane_(3983844009).jpg,,tall-portrait
isfahan,6,Jameh Mosque of Isfahan (Friday Mosque),images/landmarks/isfahan-jameh-mosque-of-isfahan-friday-mosque.webp,1066,1600,0.666,334618,https://commons.wikimedia.org/wiki/File:Jameh_Mosque_of_isfahan.jpg,,tall-portrait
islamabad,4,Lok Virsa Museum,images/landmarks/islamabad-lok-virsa-museum.webp,1066,1600,0.666,182246,https://commons.wikimedia.org/wiki/File:Islamabad_Lok_Virsa_Museum_exterior_03.jpg,,tall-portrait
izmir,0,İzmir Clock Tower (Saat Kulesi),images/landmarks/izmir-izmir-clock-tower-saat-kulesi.webp,1066,1600,0.666,81026,https://commons.wikimedia.org/wiki/File:%C4%B0zmir_Saat_Kulesi_-_01.jpg,,tall-portrait
jakarta,2,Jakarta Cathedral,images/landmarks/jakarta-jakarta-cathedral.webp,1066,1600,0.666,255488,https://commons.wikimedia.org/wiki/File:Jakarta_Indonesia_Jakarta-Cathedral-01.jpg,,tall-portrait
jerez-de-la-frontera,4,Cartuja de Santa María de la Defensión (Charterhouse),images/landmarks/jerez-de-la-frontera-cartuja-de-santa-maría-de-la-defensión-charterhouse.webp,1066,1600,0.666,154878,https://commons.wikimedia.org/wiki/File:CARTUJA_DE_JEREZ.jpg,,tall-portrait
jerusalem,6,Via Dolorosa,images/landmarks/jerusalem-via-dolorosa.webp,1066,1600,0.666,236790,https://commons.wikimedia.org/wiki/File:Jerusalem_Via_dolorosa_BW_2010-09-20_09-56-43.JPG,,tall-portrait
karlovy-vary,3,Church of St. Mary Magdalene,images/landmarks/karlovy-vary-church-of-st-mary-magdalene.webp,1066,1600,0.666,218200,https://commons.wikimedia.org/wiki/File:Karlovy_Vary_kostel_svaté_Máří_Magdalény_květen_2022.jpg,,tall-portrait
kashgar,8,Shipton's Arch (Tushuk Tash),images/landmarks/kashgar-shiptons-arch.webp,1066,1600,0.666,303220,https://commons.wikimedia.org/wiki/File:ShiptonsArchHDR.jpg,,tall-portrait
kerman,7,Jameh Mosque of Kerman,images/landmarks/kerman-jameh-mosque-of-kerman.webp,1066,1600,0.666,382362,https://commons.wikimedia.org/wiki/File:Kerman_Friday_Mosque_entrance.JPG,,tall-portrait
ko-samui,6,Na Muang Waterfalls,images/landmarks/ko-samui-na-muang-waterfalls.webp,1066,1600,0.666,313502,"https://commons.wikimedia.org/wiki/File:Nam_Tok_Na_Muang,_Ko_Samui,_Thailand_(4570914278).jpg",,tall-portrait
konstanz,0,Konstanz Minster (Münster Unserer Lieben Frau),images/landmarks/konstanz-minster.webp,1066,1600,0.666,104546,https://commons.wikimedia.org/wiki/File:00_8946_Konstanzer_M%C3%BCnster.jpg,,tall-portrait
konstanz,7,Rosgarten Museum,images/landmarks/konstanz-rosgarten-museum.webp,1066,1600,0.666,163930,https://commons.wikimedia.org/wiki/File:Eingang_zum_Rosgartenmuseum_Konstanz.jpg,,tall-portrait
krabi,2,Tiger Cave Temple (Wat Tham Suea),images/landmarks/krabi-tiger-cave-temple.webp,1066,1600,0.666,153420,https://commons.wikimedia.org/wiki/File:Krabi_-_Wat_Tham_Suea_-_0015.jpg,,tall-portrait
kuala-lumpur,1,Batu Caves,images/landmarks/kuala-lumpur-batu-caves.webp,1066,1600,0.666,544246,https://commons.wikimedia.org/wiki/File:Gombak_Selangor_Batu-Caves-01.jpg,,tall-portrait
kyoto,4,Arashiyama Bamboo Grove,images/landmarks/kyoto-arashiyama-bamboo-grove.webp,1066,1600,0.666,446510,"https://commons.wikimedia.org/wiki/File:Bamboo_Grove,_Arashiyama,_Kyoto,_Japan.jpg",,tall-portrait
labuan-bajo,5,Batu Cermin Cave (Mirror Rock Cave),images/landmarks/labuan-bajo-batu-cermin-cave.webp,1066,1600,0.666,300346,https://commons.wikimedia.org/wiki/File:Goa_Batu_Cermin_-_Indonesia_1.jpg,,tall-portrait
malacca,2,St. Paul's Church and Hill,images/landmarks/malacca-st-pauls-church-hill.webp,1066,1600,0.666,128688,"https://commons.wikimedia.org/wiki/File:St_Paul's_Church,_Melaka.jpg",,tall-portrait
malacca,5,Cheng Hoon Teng Temple,images/landmarks/malacca-cheng-hoon-teng-temple.webp,1066,1600,0.666,344144,"https://commons.wikimedia.org/wiki/File:2016_Malakka,_Świątynia_Cheng_Hoon_Teng_(07).jpg",,tall-portrait
malmo,2,St. Petri Church (Sankt Petri kyrka),images/landmarks/malmo-st-petri-church.webp,1066,1600,0.666,405642,"https://commons.wikimedia.org/wiki/File:Sankt_Petri_kyrka_in_Malmö,_Sweden.jpg",,tall-portrait
milan,9,Bosco Verticale,images/landmarks/milan-bosco-verticale.webp,1066,1600,0.666,256474,https://commons.wikimedia.org/wiki/File:Il_Bosco_Verticale_Milano_Px_(137734459).jpeg,,tall-portrait
montpellier,2,Saint-Clément Aqueduct (Les Arceaux),images/landmarks/montpellier-saint-clement-aqueduct.webp,1066,1600,0.666,363934,https://commons.wikimedia.org/wiki/File:Aqueduc_Saint_Cl%C3%A9ment_-_Les_Arceaux_-_Montpellier_-_2025.jpg,,tall-portrait
moscow,8,Ostankino Tower,images/landmarks/moscow-ostankino-tower.webp,1066,1600,0.666,174368,https://commons.wikimedia.org/wiki/File:Ostankino_Tower.jpg,,tall-portrait
mostar,2,Koski Mehmed-Pasha Mosque,images/landmarks/mostar-koski-mehmed-pasha-mosque.webp,1066,1600,0.666,210340,"https://commons.wikimedia.org/wiki/File:Koski_Mehmed_Pasha_Mosque,_Mostar_01.jpg",,tall-portrait
mysore,4,St. Philomena's Cathedral,images/landmarks/mysore-st-philomenas-cathedral.webp,1066,1600,0.666,287660,"https://commons.wikimedia.org/wiki/File:Beautiful_Exterior_view_of_St._Philomena%E2%80%99s_Cathedral,_Mysuru,_Karnataka.jpg",,tall-portrait
novi-sad,6,Fruška Gora National Park and Monasteries,images/landmarks/novi-sad-fruska-gora.webp,1066,1600,0.666,494890,https://commons.wikimedia.org/wiki/File:2026-06-13_Fruška_Gora_National_Park_18.jpg,,tall-portrait
nuremberg,9,Henkersteg and the Pegnitz River Views,images/landmarks/nuremberg-henkersteg.webp,1066,1600,0.666,167130,https://commons.wikimedia.org/wiki/File:Nürnberg_Henkersteg_01.jpg,,tall-portrait
olomouc,1,Town Hall and Astronomical Clock,images/landmarks/olomouc-town-hall-astronomical-clock.webp,1066,1600,0.666,175852,https://commons.wikimedia.org/wiki/File:Olomouc_-_Horní_náměstí_-_View_SSE_on_Town_Hall_1607_-_Astronomical_clock_1955_by_Karel_Svolinský_-_Bronze_3D_Town_Map.jpg,,tall-portrait
ottawa,4,Notre-Dame Cathedral Basilica,images/landmarks/ottawa-notre-dame-cathedral-basilica.webp,1066,1600,0.666,152360,"https://commons.wikimedia.org/wiki/File:Ottawa,_ON_-_Notre_Dame_Cathedral_Basilica.jpg",,tall-portrait
palermo,4,Fontana Pretoria,images/landmarks/palermo-fontana-pretoria.webp,1066,1600,0.666,71290,https://commons.wikimedia.org/wiki/File:Palermo_-_Fontana_Pretoria_2321.jpg,,tall-portrait
panama-city,7,Cathedral Basilica Santa María la Antigua,images/landmarks/panama-city-cathedral-basilica-santa-maria-la-antigua.webp,1066,1600,0.666,200686,https://commons.wikimedia.org/wiki/File:Catedral_Metropolitana_de_Panam%C3%A1.jpg,,tall-portrait
pecs,3,Zsolnay Cultural Quarter,images/landmarks/pecs-zsolnay-cultural-quarter.webp,1066,1600,0.666,172590,https://commons.wikimedia.org/wiki/File:Zsolnay_Quarter_building.jpg,,tall-portrait
philadelphia,4,Philadelphia City Hall,images/landmarks/philadelphia-philadelphia-city-hall.webp,1066,1600,0.666,248056,https://commons.wikimedia.org/wiki/File:Philadelphia_city_hall.jpg,,tall-portrait
pilsen,6,Renaissance Town Hall,images/landmarks/pilsen-renaissance-town-hall.webp,1066,1600,0.666,258876,https://commons.wikimedia.org/wiki/File:Plze%C5%88_-_N%C3%A1m%C4%9Bst%C3%AD_Republiky_-_View_NE_on_Renesan%C4%8Dn%C3%AD_radnice_(City_Hall)_1559_by_Giovanni_de_Statia_-_Renaissance_architecture.jpg,,tall-portrait
plovdiv,5,Dzhumaya Mosque,images/landmarks/plovdiv-dzhumaya-mosque.webp,1066,1600,0.666,294218,"https://commons.wikimedia.org/wiki/File:Dzhumaya_Mosque,_Plovdiv.jpg",,tall-portrait
poprad,8,Belianska Cave,images/landmarks/poprad-belianska-cave.webp,1066,1600,0.666,286100,"https://commons.wikimedia.org/wiki/File:Belianska_Cave,_Vysok%C3%A9_Tatry,_Slovakia_(Unsplash).jpg",,tall-portrait
port-of-spain,6,Cathedral of the Immaculate Conception,images/landmarks/port-of-spain-cathedral-immaculate-conception.webp,1066,1600,0.666,229590,https://commons.wikimedia.org/wiki/File:Cathedral_Basilica_of_the_Immaculate_Conception_(Port_of_Spain).JPG,,tall-portrait
port-vila,5,Ekasup Cultural Village,images/landmarks/port-vila-ekasup-cultural-village.webp,1066,1600,0.666,281104,https://commons.wikimedia.org/wiki/File:Ekasup_Cultural_Village_(16123306403).jpg,,tall-portrait
porto,9,Vila Nova de Gaia Port Wine Cellars,images/landmarks/porto-port-wine-cellars.webp,1066,1600,0.666,380446,"https://commons.wikimedia.org/wiki/File:Ramos_Pinto_Port_Wine_Cellars_Entrance,_Vila_Nova_de_Gaia,_Porto_(54814198436).jpg",,tall-portrait
poznan,4,Fara Poznanska (Parish Church of St. Stanislaus),images/landmarks/poznan-fara-poznanska.webp,1066,1600,0.666,451676,https://commons.wikimedia.org/wiki/File:Fara_Pozna%C5%84ska.jpg,,tall-portrait
regensburg,1,Regensburg Cathedral (Dom St. Peter),images/landmarks/regensburg-cathedral.webp,1066,1600,0.666,188430,https://commons.wikimedia.org/wiki/File:00_2101_Regensburg_-_Dom_St._Peter.jpg,,tall-portrait
regensburg,6,Basilika St. Emmeram,images/landmarks/regensburg-basilika-st-emmeram.webp,1066,1600,0.666,283846,https://commons.wikimedia.org/wiki/File:Basilika_St._Emmeram_Regensburg_8.jpg,,tall-portrait
rostock,6,Kloster zum Heiligen Kreuz (Holy Cross Abbey),images/landmarks/rostock-kloster-zum-heiligen-kreuz-holy-cross-abbey.webp,1066,1600,0.666,256264,"https://commons.wikimedia.org/wiki/File:Rostock,_Kloster_zum_Heiligen_Kreuz,_Klosterkirche_--_2024_--_5301.jpg",,tall-portrait
rostock,7,Universitätsplatz and University Main Building,images/landmarks/rostock-universitatsplatz-and-university-main-building.webp,1066,1600,0.666,175460,https://commons.wikimedia.org/wiki/File:Main_Building_Rostock_University_at_night.JPG,,tall-portrait
rotorua,3,"Redwoods Treewalk, Whakarewarewa Forest",images/landmarks/rotorua-redwoods-treewalk-whakarewarewa-forest.webp,1066,1600,0.666,194200,https://commons.wikimedia.org/wiki/File:Lit_sculptures_above_entrance_tower_-_portrait.jpg,,tall-portrait
rotorua,7,Ohinemutu and St Faith's Church,images/landmarks/rotorua-ohinemutu-and-st-faiths-church.webp,1066,1600,0.666,128882,"https://commons.wikimedia.org/wiki/File:St_Faiths_Anglican_Church,_Ohinemutu,_Rotorua_(3).JPG",,tall-portrait
rotterdam,3,Euromast,images/landmarks/rotterdam-euromast.webp,1066,1600,0.666,167462,https://commons.wikimedia.org/wiki/File:.00_2435_Euromast_-_Rotterdam.jpg,,tall-portrait
saint-denis,5,Musée Léon Dierx,images/landmarks/saint-denis-reunion-musee-leon-dierx.webp,1066,1600,0.666,164038,https://commons.wikimedia.org/wiki/File:Buste-Léon-Dierx.JPG,,tall-portrait
saint-denis,6,Le Grand Marché,images/landmarks/saint-denis-reunion-le-grand-marche.webp,1066,1600,0.666,184148,https://commons.wikimedia.org/wiki/File:Grand-marché-Saint-Denis.JPG,,tall-portrait
salamanca,4,La Clerecía (Pontifical University),images/landmarks/salamanca-la-clerecia.webp,1066,1600,0.666,296680,"https://commons.wikimedia.org/wiki/File:2026-05-28_Church_of_la_Clerecía,_Salamanca_1.jpg",,tall-portrait
salerno,2,Giardino della Minerva,images/landmarks/salerno-giardino-della-minerva.webp,1066,1600,0.666,296068,https://commons.wikimedia.org/wiki/File:Giardino_della_Minerva_Salerno_09.jpg,,tall-portrait
salta,9,Mercado Artesanal de Salta,images/landmarks/salta-mercado-artesanal-de-salta.webp,1066,1600,0.666,134538,https://commons.wikimedia.org/wiki/File:Florentina_Mendoza_de_tienda_MATRA_en_Tecnópolis_(21895515470).jpg,,tall-portrait
salvador,1,Elevador Lacerda,images/landmarks/salvador-elevador-lacerda.webp,1066,1600,0.666,198116,https://commons.wikimedia.org/wiki/File:Elevador_Lacerda_7610.jpg,,tall-portrait
san-andres,7,First Baptist Church (La Loma),images/landmarks/san-andres-first-baptist-church.webp,1066,1600,0.666,187918,"https://commons.wikimedia.org/wiki/File:First_Baptist_church_on_The_Hill,_La_Loma.jpg",,tall-portrait
san-antonio,5,Tower of the Americas,images/landmarks/san-antonio-tower-of-the-americas.webp,1066,1600,0.666,98544,https://commons.wikimedia.org/wiki/File:San_Antonio_May_2018_8_(Tower_of_the_Americas).jpg,,tall-portrait
san-antonio,7,The Pearl District,images/landmarks/san-antonio-the-pearl-district.webp,1066,1600,0.666,234878,https://commons.wikimedia.org/wiki/File:Gustavs_Geysers_Pearl_Brewery_San_Antonio_2021.jpg,,tall-portrait
sanliurfa,4,Haleplibahçe Mosaic Museum,images/landmarks/sanliurfa-haleplibahce-mosaic-museum.webp,1066,1600,0.666,458950,https://commons.wikimedia.org/wiki/File:Urfa_Haleplibahçe_Mosaic_Museum_Alanyurt_mosaic_5200.jpg,,tall-portrait
santiago-de-compostela,2,Hostal dos Reis Católicos,images/landmarks/santiago-de-compostela-hostal-dos-reis-catolicos.webp,1066,1600,0.666,346106,https://commons.wikimedia.org/wiki/File:2025_Porta_e_balc%C3%B3n_do_Hostal_dos_Reis_Cat%C3%B3licos._Santiago_de_Compostela._Galiza.jpg,,tall-portrait
santiago-de-compostela,9,Rúa do Franco & the Old Town,images/landmarks/santiago-de-compostela-rua-do-franco.webp,1066,1600,0.666,301604,https://commons.wikimedia.org/wiki/File:R%C3%BAa_do_Franco._Santiago_de_Compostela._Galiza.jpg,,tall-portrait
santiago-de-cuba,8,Padre Pico Steps & Tivolí Quarter,images/landmarks/santiago-de-cuba-padre-pico-steps.webp,1066,1600,0.666,139664,"https://commons.wikimedia.org/wiki/File:Calle_Padre_Pico_desde_el_n%C2%BA_361,_al_fondo,_la_famosa_escalinata_-_panoramio.jpg",,tall-portrait
sao-tome,0,Fort São Sebastião,images/landmarks/sao-tome-fort-sao-sebastiao.webp,1066,1600,0.666,115880,https://commons.wikimedia.org/wiki/File:Fort_S%C3%A3o_Sebasti%C3%A3o_(S%C3%A3o_Tom%C3%A9)_(7).jpg,,tall-portrait
sarajevo,7,Old Orthodox Church,images/landmarks/sarajevo-old-orthodox-church.webp,1066,1600,0.666,474078,https://commons.wikimedia.org/wiki/File:Sarajevo_Old_Orthodox_Church_03.jpg,,tall-portrait
sergiyev-posad,3,Lavra Bell Tower,images/landmarks/sergiyev-posad-lavra-bell-tower.webp,1066,1600,0.666,151256,https://commons.wikimedia.org/wiki/File:Bell_Tower_Troitse-Sergiyeva_Lavra_2023-07-21_7008.jpg,,tall-portrait
shanghai,5,Nanjing Road,images/landmarks/shanghai-nanjing-road.webp,1066,1600,0.666,307694,https://commons.wikimedia.org/wiki/File:East_Nanjing_Road_2020_(50361842166).jpg,,tall-portrait
sibiu,4,Lutheran Cathedral of Saint Mary,images/landmarks/sibiu-lutheran-cathedral.webp,1066,1600,0.666,183540,https://commons.wikimedia.org/wiki/File:Sibiu_Lutheran_Cathedral.jpg,,tall-portrait
stanley,0,Christ Church Cathedral and Whalebone Arch,images/landmarks/stanley-christ-church-cathedral-and-whalebone-arch.webp,1066,1600,0.666,133328,https://commons.wikimedia.org/wiki/File%3AWhalebone_Arch_and_Christ_Church_Cathedral_%285618221414%29.jpg,,tall-portrait
stanley,8,Battle of the Falklands 1914 Memorial,images/landmarks/stanley-battle-of-falklands-1914-memorial.webp,1066,1600,0.666,220186,https://commons.wikimedia.org/wiki/File:Memorial_to_the_1914_Battle_of_the_Falkland_Islands_(5617680649).jpg,,tall-portrait
stockholm,0,Gamla Stan (Old Town),images/landmarks/stockholm-gamla-stan-old-town.webp,1066,1600,0.666,223662,"https://commons.wikimedia.org/wiki/File:Alley_in_Gamla_Stan,_Stockholm.jpg",,tall-portrait
sucre,5,Catedral Metropolitana de Sucre,images/landmarks/sucre-catedral-metropolitana-de-sucre.webp,1066,1600,0.666,186296,https://commons.wikimedia.org/wiki/File:Catedral_Metropolitana_de_Sucre.JPG,,tall-portrait
torshavn,1,Skansin Fortress,images/landmarks/torshavn-skansin-fortress.webp,1066,1600,0.666,256900,https://commons.wikimedia.org/wiki/File:Skansin_Fortress-pjt2.jpg,,tall-portrait
toulouse,3,Couvent des Jacobins,images/landmarks/toulouse-couvent-des-jacobins.webp,1066,1600,0.666,278624,https://commons.wikimedia.org/wiki/File:Ensemble_conventuel_des_Jacobins_2012-08-01_11-20-28.jpg,,tall-portrait
udaipur,4,Jagdish Temple,images/landmarks/udaipur-jagdish-temple.webp,1066,1600,0.666,232676,https://commons.wikimedia.org/wiki/File:Jagdish_Temple_Udaipur.jpg,,tall-portrait
ulm,0,Ulm Minster (Ulmer Münster),images/landmarks/ulm-ulm-minster.webp,1066,1600,0.666,224986,https://commons.wikimedia.org/wiki/File:Ulm_-_Ulmer_Münster_(49203436743).jpg,,tall-portrait
ulm,4,Metzgerturm (Butchers' Tower),images/landmarks/ulm-metzgerturm.webp,1066,1600,0.666,243458,https://commons.wikimedia.org/wiki/File:Ulm_Metzgerturm_04.jpg,,tall-portrait
vancouver,7,Lions Gate Bridge,images/landmarks/vancouver-lions-gate-bridge.webp,1066,1600,0.666,176762,"https://commons.wikimedia.org/wiki/File:Lions_Gate_Bridge,_Vancouver,_Canada.jpg",,tall-portrait
varna,0,Dormition of the Mother of God Cathedral,images/landmarks/varna-dormition-of-the-mother-of-god-cathedral.webp,1066,1600,0.666,451240,"https://commons.wikimedia.org/wiki/File:Dormition_of_the_Mother_of_God_Cathedral,_Varna,_December,_2018.jpg",,tall-portrait
vienna,1,St. Stephen's Cathedral,images/landmarks/vienna-st-stephens-cathedral.webp,1066,1600,0.666,359608,https://commons.wikimedia.org/wiki/File:Wien_-_Stephansdom_(1).JPG,,tall-portrait
visby,5,Fiskargränd,images/landmarks/visby-fiskargrand.webp,1066,1600,0.666,270186,"https://commons.wikimedia.org/wiki/File:Fiskargränd,_Visby.jpg",,tall-portrait
wroclaw,8,St. Elizabeth's Church,images/landmarks/wroclaw-st-elizabeth-s-church.webp,1066,1600,0.666,305654,https://commons.wikimedia.org/wiki/File:598582_Wroc%C5%82aw_Bazylika_El%C5%BCbiety_01.JPG,,tall-portrait
pilsen,4,Pilsen Historical Underground,images/landmarks/pilsen-historical-underground.webp,400,600,0.667,43060,https://commons.wikimedia.org/wiki/File:Plze%C5%88sk%C3%A9_historick%C3%A9_podzem%C3%AD_-_chodba.jpg,,low-res+tall-portrait
angra-dos-reis,6,Igreja Matriz de Nossa Senhora da Conceicao,images/landmarks/angra-dos-reis-igreja-matriz-de-nossa-senhora-da-conceicao.webp,512,768,0.667,100140,https://commons.wikimedia.org/wiki/File:Altar_da_Igreja_Matriz_de_Nossa_senhora_da_Concei%C3%A7%C3%A3o.jpg,,low-res+tall-portrait
lausanne,0,Lausanne Cathedral (Notre-Dame),images/landmarks/lausanne-lausanne-cathedral.webp,600,900,0.667,74796,https://commons.wikimedia.org/wiki/File:Lausanne-cathe7.JPG,,low-res+tall-portrait
san-antonio,1,San Antonio River Walk,images/landmarks/san-antonio-san-antonio-river-walk.webp,600,900,0.667,182144,https://commons.wikimedia.org/wiki/File:Riverwalk20.jpg,,low-res+tall-portrait
punta-cana,7,Manatí Park,images/landmarks/punta-cana-manati-park.webp,683,1024,0.667,109794,https://commons.wikimedia.org/wiki/File:Ara_chloropterus_-Manati_Park_-Dominican_Republic-8a.jpg,,low-res+tall-portrait
bergen,5,Bergen Cathedral,images/landmarks/bergen-bergen-cathedral.webp,800,1200,0.667,112012,https://en.wikipedia.org/wiki/Bergen_Cathedral,,tall-portrait
kathmandu,9,Nyatapola Temple Bazaar,images/landmarks/kathmandu-nyatapola-temple.webp,800,1200,0.667,134770,https://commons.wikimedia.org/wiki/File:Kathmandu_und_Bhaktapur_2013-05-11_16-03-39.jpg,,tall-portrait
yangon,5,Bogyoke Aung San Market,images/landmarks/yangon-bogyoke-aung-san-market.webp,1024,1536,0.667,239794,https://commons.wikimedia.org/wiki/File:Myanmar-Yangon-Bogyoke_market.jpg,,tall-portrait
buenos-aires,0,Obelisco de Buenos Aires,images/landmarks/buenos-aires-obelisco-de-buenos-aires.webp,1066,1599,0.667,159958,https://en.wikipedia.org/wiki/Obelisco_de_Buenos_Aires,,tall-portrait
salvador,3,Salvador Cathedral (Sé),images/landmarks/salvador-salvador-cathedral.webp,1066,1599,0.667,184280,https://commons.wikimedia.org/wiki/File:Catedral_Basílica_de_Salvador_2018-0111.jpg,,tall-portrait
zhangjiajie,2,Tianmen Mountain,images/landmarks/zhangjiajie-tianmen-mountain.webp,1066,1599,0.667,260648,https://commons.wikimedia.org/wiki/File:Tianmen_Mountain_Heaven_Gate_arch_Zhangjiajie.jpg,,tall-portrait
abha,2,Shada Palace,images/landmarks/abha-shada-palace.webp,1067,1600,0.667,233384,https://commons.wikimedia.org/wiki/File:%D9%82%D8%B5%D8%B1_%D8%B4%D8%AF%D8%A72.jpg,,tall-portrait
angra-dos-reis,5,Convento de Sao Bernardino de Sena,images/landmarks/angra-dos-reis-convento-de-sao-bernardino-de-sena.webp,1067,1600,0.667,277738,https://commons.wikimedia.org/wiki/File:Ru%C3%ADnas_do_Convento_S%C3%A3o_Bernardino_de_Sena.jpg,,tall-portrait
annecy,6,Basilique de la Visitation,images/landmarks/annecy-basilique-de-la-visitation.webp,1067,1600,0.667,117782,https://commons.wikimedia.org/wiki/File:Basilique_de_la_Visitation_-_207.jpg,,tall-portrait
antsiranana,2,Montagne d'Ambre National Park,images/landmarks/antsiranana-montagne-dambre-national-park.webp,1067,1600,0.667,288130,https://commons.wikimedia.org/wiki/File:Waterfall_Montagne_d_Ambre_MS5563.jpg,,tall-portrait
ashgabat,4,Monument to the Constitution,images/landmarks/ashgabat-monument-to-the-constitution.webp,1067,1600,0.667,83972,"https://commons.wikimedia.org/wiki/File:Monument_to_the_Constitution,_Ashgabat,_Turkmenistan.jpg",,tall-portrait
astana,7,Nur-Astana Mosque,images/landmarks/astana-nur-astana-mosque.webp,1067,1600,0.667,142628,https://commons.wikimedia.org/wiki/File:Nur_Astana_Mosque_02.jpg,,tall-portrait
baku,9,Nizami Street,images/landmarks/baku-nizami-street.webp,1067,1600,0.667,384502,https://en.wikipedia.org/wiki/Nizami%20Street,,tall-portrait
basel,5,St. Alban-Tor,images/landmarks/basel-st-alban-tor.webp,1067,1600,0.667,203068,https://commons.wikimedia.org/wiki/File:Basel_-_St.-Alban-Tor.jpg,,tall-portrait
brasov,2,Mount Tâmpa,images/landmarks/brasov-mount-tampa.webp,1067,1600,0.667,297868,https://commons.wikimedia.org/wiki/File:Ivy-covered_tower_below_Mount_Tâmpa_with_the_BRAȘOV_sign_(2025).jpg,,tall-portrait
cadiz,5,Teatro Romano (Roman Theatre),images/landmarks/cadiz-teatro-romano.webp,1067,1600,0.667,289816,https://commons.wikimedia.org/wiki/File:C%C3%A1diz_Teatro_Romano_1.jpg,,tall-portrait
cadiz,9,Barrio del Pópulo,images/landmarks/cadiz-barrio-del-populo.webp,1067,1600,0.667,155136,https://commons.wikimedia.org/w/index.php?search=Barrio%20del%20P%C3%B3pulo%20Cadiz&title=Special:MediaSearch,,tall-portrait
dubrovnik,4,Dubrovnik Cathedral (Cathedral of the Assumption),images/landmarks/dubrovnik-dubrovnik-cathedral-cathedral-of-the-assumption.webp,1067,1600,0.667,202528,"https://commons.wikimedia.org/wiki/File:Cattedrale_di_dubrovnik,_ext._01.JPG",,tall-portrait
gibraltar,2,St Michael's Cave,images/landmarks/gibraltar-st-michaels-cave.webp,1067,1600,0.667,474760,https://commons.wikimedia.org/wiki/File:Gibraltar_St._Michael%27s_Cave_interior_1.jpg,,tall-portrait
gibraltar,3,Great Siege Tunnels,images/landmarks/gibraltar-great-siege-tunnels.webp,1067,1600,0.667,419898,https://commons.wikimedia.org/wiki/File:Gibraltar_Great_Siege_Tunnels_main_course.jpg,,tall-portrait
gondar,3,Fasilides' Bath,images/landmarks/gondar-fasilides-bath.webp,1067,1600,0.667,426582,https://commons.wikimedia.org/wiki/File:ET_Gondar_asv2018-02_img29_Fasilides_Bath.jpg,,tall-portrait
istanbul,4,Grand Bazaar,images/landmarks/istanbul-grand-bazaar.webp,1067,1600,0.667,406194,https://commons.wikimedia.org/wiki/File:Istanbul_asv2021-11_img41_Grand_Bazaar.jpg,,tall-portrait
jeddah,0,King Fahd's Fountain,images/landmarks/jeddah-king-fahds-fountain.webp,1067,1600,0.667,27448,https://commons.wikimedia.org/wiki/File:King_Fahd’s_Fountain.jpg,,tall-portrait
konstanz,1,Imperia Statue,images/landmarks/konstanz-imperia-statue.webp,1067,1600,0.667,80468,"https://commons.wikimedia.org/wiki/File:Imperia_Statue,_Konstanz,_Germany,_20250502_1834_8716.jpg",,tall-portrait
la-paz,1,Mi Teleférico,images/landmarks/la-paz-mi-teleferico.webp,1067,1600,0.667,332224,"https://commons.wikimedia.org/wiki/File:Mi_Telef%C3%A9rico,_La_Paz,_Bolivia.jpg",,tall-portrait
leipzig,0,Völkerschlachtdenkmal (Monument to the Battle of the Nations),images/landmarks/leipzig-volkerschlachtdenkmal.webp,1067,1600,0.667,121654,https://en.wikipedia.org/wiki/Monument_to_the_Battle_of_the_Nations,,tall-portrait
leipzig,2,St. Nicholas Church (Nikolaikirche),images/landmarks/leipzig-nikolaikirche.webp,1067,1600,0.667,239034,"https://en.wikipedia.org/wiki/St._Nicholas_Church,_Leipzig",,tall-portrait
libreville,1,Hassan II Mosque,images/landmarks/libreville-hassan-ii-mosque.webp,1067,1600,0.667,288108,"https://commons.wikimedia.org/wiki/File:The_Hassan_II_Mosque_in_Libreville,_Gabon_-_2023.jpg",,tall-portrait
libreville,2,Léon Mba Memorial,images/landmarks/libreville-leon-mba-memorial.webp,1067,1600,0.667,348694,"https://commons.wikimedia.org/wiki/File:The_Leon_Mba_Memorial_-_Libreville,_Gabon_-_2023.jpg",,tall-portrait
libreville,8,Presidential Palace of Gabon,images/landmarks/libreville-presidential-palace-of-gabon.webp,1067,1600,0.667,356412,"https://commons.wikimedia.org/wiki/File:The_Hassan_II_Mosque_in_Libreville,_Gabon_-_2023.jpg",,tall-portrait
ljubljana,9,Metelkova Mesto,images/landmarks/ljubljana-metelkova-mesto.webp,1067,1600,0.667,390866,https://commons.wikimedia.org/wiki/File:Metelkova_mesto1.jpg,,tall-portrait
london,0,Big Ben (Elizabeth Tower),images/landmarks/london-big-ben.webp,1067,1600,0.667,171488,"https://commons.wikimedia.org/wiki/File:Elizabeth_Tower,_June_2022.jpg",,tall-portrait
longyearbyen,0,Svalbard Global Seed Vault,images/landmarks/longyearbyen-seed-vault.webp,1067,1600,0.667,84028,https://commons.wikimedia.org/wiki/File:Svalbard_Global_Seed_Vault_april2017.jpg,,tall-portrait
los-angeles,1,Griffith Observatory,images/landmarks/los-angeles-griffith-observatory.webp,1067,1600,0.667,347740,"https://commons.wikimedia.org/wiki/File:Griffith_Observatory,_Los_Angeles_2015-07-19.jpg",,tall-portrait
madrid,4,Gran Via,images/landmarks/madrid-gran-via.webp,1067,1600,0.667,227762,https://commons.wikimedia.org/wiki/File:Gran_Vía_-_01.jpg,,tall-portrait
madrid,7,Almudena Cathedral,images/landmarks/madrid-almudena-cathedral.webp,1067,1600,0.667,226524,https://commons.wikimedia.org/wiki/File:Catedral_de_la_Almudena_-_130826_211731.jpg,,tall-portrait
madurai,0,Meenakshi Amman Temple,images/landmarks/madurai-meenakshi-amman-temple.webp,1067,1600,0.667,472430,https://commons.wikimedia.org/wiki/File:MEENAKSHI_TEMPLE-_WEST_TOWER.jpg,,tall-portrait
malaga,5,Calle Marqués de Larios,images/landmarks/malaga-calle-marques-de-larios.webp,1067,1600,0.667,218178,"https://commons.wikimedia.org/wiki/File:Calle_Marques_de_Larios,_M%C3%A1laga.jpg",,tall-portrait
merida,4,Gran Museo del Mundo Maya,images/landmarks/merida-gran-museo-del-mundo-maya.webp,1067,1600,0.667,148918,https://commons.wikimedia.org/wiki/File:Gran_Museo_del_Mundo_Maya_-_Dic_2018_01.jpg,,tall-portrait
merida,5,Palacio Cantón,images/landmarks/merida-palacio-canton.webp,1067,1600,0.667,129824,https://commons.wikimedia.org/wiki/File:Palacio_Canton_Merida_Yucatan_2016_Exhibits_15.jpg,,tall-portrait
mexico-city,7,Torre Latinoamericana,images/landmarks/mexico-city-torre-latinoamericana.webp,1067,1600,0.667,179220,https://commons.wikimedia.org/wiki/File:Mexico_df_-_Torre_Latinoamerica.jpg,,tall-portrait
nadi,0,Sri Siva Subramaniya Temple,images/landmarks/nadi-sri-siva-subramaniya-temple.webp,1067,1600,0.667,218692,"https://commons.wikimedia.org/wiki/File:Sri_Siva_Subramaniya_Swami_Temple_-_Nadi,_Fiji.jpg",,tall-portrait
nagano,1,Jigokudani Snow Monkey Park,images/landmarks/nagano-jigokudani-snow-monkey-park.webp,1067,1600,0.667,126324,https://commons.wikimedia.org/wiki/File:Snow_Monkey_at_Jigokudani_Monkey_Park.jpg,,tall-portrait
nagasaki,1,Nagasaki Peace Park,images/landmarks/nagasaki-peace-park.webp,1067,1600,0.667,400806,https://commons.wikimedia.org/wiki/File:20190202_Nagasaki_Peace_Park_Peace_Statue-1.jpg,,tall-portrait
nanjing,3,Nanjing Massacre Memorial Hall,images/landmarks/nanjing-massacre-memorial-hall.webp,1067,1600,0.667,190736,https://commons.wikimedia.org/wiki/File:Nanjing_Massacre_Memorial_(10151828983).jpg,,tall-portrait
new-york,3,Central Park,images/landmarks/new-york-central-park.webp,1067,1600,0.667,454044,"https://commons.wikimedia.org/wiki/File:New_York_City_(New_York,_USA),_Central_Park_--_2012_--_6732.jpg",,tall-portrait
rhodes,5,Kahal Shalom Synagogue,images/landmarks/rhodes-kahal-shalom-synagogue.webp,1067,1600,0.667,312324,https://commons.wikimedia.org/wiki/File:Kahal_Shalom_Synagogue_entrance_2010.jpg,,tall-portrait
skopje,3,Old Bazaar (Stara Čaršija),images/landmarks/skopje-old-bazaar.webp,1067,1600,0.667,195424,"https://commons.wikimedia.org/wiki/File:Old_Bazaar,_Skopje_2018.jpg",,tall-portrait
split,5,Grgur Ninski Statue (Gregory of Nin),images/landmarks/split-grgur-ninski-statue.webp,1067,1600,0.667,290460,"https://commons.wikimedia.org/wiki/File:Gregory_of_Nin_statue_in_Split,_Croatia_(48693918937).jpg",,tall-portrait
split,9,Klis Fortress,images/landmarks/split-klis-fortress.webp,1067,1600,0.667,244596,https://commons.wikimedia.org/wiki/File:Fortress_of_Klis_02.jpg,,tall-portrait
tarragona,4,Passeig Arqueològic (Roman Walls),images/landmarks/tarragona-passeig-arqueologic-roman-walls.webp,1067,1600,0.667,337820,"https://commons.wikimedia.org/wiki/File:Muralla_romana,_Passeig_Arqueol%C3%B2gic,_05,_torre.jpg",,tall-portrait
thessaloniki,7,Aristotelous Square,images/landmarks/thessaloniki-aristotelous-square.webp,1067,1600,0.667,154120,https://commons.wikimedia.org/wiki/File:Thessaloniki_Aristotelous_Square_from_Mitropoleous_up.jpg,,tall-portrait
tokyo,8,teamLab Planets TOKYO,images/landmarks/tokyo-teamlab-planets.webp,1067,1600,0.667,256148,https://commons.wikimedia.org/wiki/File:At_teamLab_Planets_(48277798316).jpg,,tall-portrait
toronto,5,Toronto City Hall,images/landmarks/toronto-toronto-city-hall.webp,1067,1600,0.667,181332,"https://commons.wikimedia.org/wiki/File:City_Hall_-_Toronto,_Ontario,_Canada_-_October_16,_2023_01.jpg",,tall-portrait
toulouse,8,Canal du Midi,images/landmarks/toulouse-canal-du-midi.webp,1067,1600,0.667,309542,https://commons.wikimedia.org/wiki/File:J20_696_Canal_du_Midi.jpg,,tall-portrait
trier,2,Liebfrauenkirche (Church of Our Lady),images/landmarks/trier-liebfrauenkirche.webp,1067,1600,0.667,270442,"https://commons.wikimedia.org/wiki/File:Trier,_Liebfrauenkirche_--_2015_--_6137.jpg",,tall-portrait
trinidad,8,Cerro de la Vigía and Ermita de la Popa,images/landmarks/trinidad-cerro-de-la-vigia.webp,1067,1600,0.667,304572,https://commons.wikimedia.org/wiki/File:Ermita_de_la_Popa_-_Trinidad_-_01.jpg,,tall-portrait
turku,4,Forum Marinum and Museum Ships,images/landmarks/turku-forum-marinum.webp,1067,1600,0.667,147510,https://commons.wikimedia.org/wiki/File:Turku_-_Forum_Marinum_-_Suomen_Joutsen_01.jpg,,tall-portrait
yangon,2,Botataung Pagoda,images/landmarks/yangon-botataung-pagoda.webp,1067,1600,0.667,198586,https://commons.wikimedia.org/wiki/File:Botataung_Pagoda_stupa_with_flags_Yangon_Myanmar.jpg,,tall-portrait
yaounde,0,Notre-Dame des Victoires Cathedral,images/landmarks/yaounde-notre-dame-des-victoires-cathedral.webp,1067,1600,0.667,373028,https://commons.wikimedia.org/wiki/File:Cathédrale_Notre_Dame_de_Victoire_de_Yaoundé-01.jpg,,tall-portrait
yogyakarta,7,Tugu Yogyakarta,images/landmarks/yogyakarta-tugu-yogyakarta.webp,1067,1600,0.667,226828,https://commons.wikimedia.org/wiki/File:Yogyakarta_Indonesia_Tugu-Yogyakarta-01.jpg,,tall-portrait
yokohama,1,Cosmo Clock 21 (Ferris Wheel),images/landmarks/yokohama-cosmo-clock-21.webp,1067,1600,0.667,89720,https://commons.wikimedia.org/wiki/File:Cosmo_clock_21_ferris_wheel_yokohama.jpg,,tall-portrait
zagreb,0,St. Mark's Church,images/landmarks/zagreb-st-marks-church.webp,1067,1600,0.667,155672,"https://commons.wikimedia.org/wiki/File:St._Mark's_Church,_Zagreb_04.jpg",,tall-portrait
barcelona,8,La Rambla,images/landmarks/barcelona-la-rambla.webp,1068,1600,0.667,432188,https://commons.wikimedia.org/wiki/File:02006_44570082_La_Rambla_From_The_Cable_Car.jpg,,tall-portrait
bologna,4,Portico di San Luca,images/landmarks/bologna-portico-di-san-luca.webp,1068,1600,0.667,127330,"https://commons.wikimedia.org/wiki/File:Arcade_of_Sanctuary_of_the_Madonna_di_San_Luca,_Bologna,_Italy.jpg",,tall-portrait
copenhagen,0,The Little Mermaid statue,images/landmarks/copenhagen-the-little-mermaid-statue.webp,1068,1600,0.667,211892,https://en.wikipedia.org/wiki/File:Copenhagen_-_the_little_mermaid_statue_-_2013.jpg,,tall-portrait
erbil,2,Mudhafaria Minaret (Choli Minaret),images/landmarks/erbil-mudhafaria-minaret.webp,1068,1600,0.667,250334,"https://commons.wikimedia.org/wiki/File:Mudhafaria_Minaret,_Minaret_Park,_Erbil.jpg",,tall-portrait
heidelberg,4,Church of the Holy Spirit (Heiliggeistkirche),images/landmarks/heidelberg-church-of-the-holy-spirit.webp,1068,1600,0.667,271222,https://commons.wikimedia.org/wiki/File:20230315_Heiliggeistkirche_Heidelberg_01.jpg,,tall-portrait
innsbruck,4,Hofkirche (Court Church),images/landmarks/innsbruck-hofkirche.webp,1068,1600,0.667,318606,https://commons.wikimedia.org/wiki/File:20240225_Hofkirche_Innsbruck.jpg,,tall-portrait
lausanne,3,Place de la Palud,images/landmarks/lausanne-place-de-la-palud.webp,1068,1600,0.667,236206,https://commons.wikimedia.org/wiki/File:Lausanne_Palud_Justice_(1).jpg,,tall-portrait
leipzig,3,Old Town Hall and Markt,images/landmarks/leipzig-altes-rathaus.webp,1068,1600,0.667,152128,https://commons.wikimedia.org/wiki/File:20200912_Altes_Rathaus_Leipzig_02.jpg,,tall-portrait
minneapolis,7,Weisman Art Museum,images/landmarks/minneapolis-weisman-art-museum.webp,1068,1600,0.667,177064,"https://commons.wikimedia.org/wiki/File:Frank_Gehry_-_Minneapolis,_MN_-_Weisman_Art_Museum_(A).jpg",,tall-portrait
munich,3,Englischer Garten (English Garden),images/landmarks/munich-englischer-garten.webp,1068,1600,0.667,308208,"https://commons.wikimedia.org/wiki/File:Monopteros,_Englischer_Garten,_Munich,_20251110_0846_6048.jpg",,tall-portrait
osaka,9,Abeno Harukas,images/landmarks/osaka-abeno-harukas.webp,1068,1600,0.667,201138,https://commons.wikimedia.org/wiki/File:Abeno_Harukas_Osaka_Japan01-r.jpg,,tall-portrait
ponce,3,Museo de Arte de Ponce,images/landmarks/ponce-museo-de-arte-de-ponce.webp,1068,1600,0.667,92534,https://commons.wikimedia.org/wiki/File:Museo_de_Arte_de_Ponce_3360.jpg,,tall-portrait
port-louis,5,Port Louis Central Market,images/landmarks/port-louis-central-market.webp,1068,1600,0.667,315992,https://commons.wikimedia.org/wiki/File:Mauritius_-_Port_Louis_(Central_Market)_(17118303459).jpg,,tall-portrait
salerno,4,Via dei Mercanti,images/landmarks/salerno-via-dei-mercanti.webp,1200,1800,0.667,222868,"https://commons.wikimedia.org/wiki/File:Via_dei_Mercanti,_Salerno,_Italy_-_May_2010_(28).jpg",Mercy / CC BY-SA 3.0,tall-portrait
aix-en-provence,9,Thermes Sextius,images/landmarks/aix-en-provence-thermes-sextius.webp,1280,1920,0.667,239128,https://commons.wikimedia.org/wiki/File:Aix-en-Provence_Thermes_Sextius_1_20061227.jpg,,tall-portrait
fenghuang,5,Former Residence of Shen Congwen,images/landmarks/fenghuang-former-residence-of-shen-congwen.webp,400,599,0.668,30262,https://en.wikipedia.org/wiki/Shen_Congwen,,low-res+tall-portrait
sana-a,1,Great Mosque of Sana'a,images/landmarks/sanaa-great-mosque-of-sanaa.webp,684,1024,0.668,85920,https://commons.wikimedia.org/wiki/File:Old_City%2C_Sana%27a%2C_Yemen_%2815335600470%29.jpg,,low-res+tall-portrait
nimes,7,Cathédrale Notre-Dame-et-Saint-Castor,images/landmarks/nimes-cathedrale-notre-dame-saint-castor.webp,1069,1600,0.668,275802,https://commons.wikimedia.org/wiki/File:Exterior_of_the_Cathedral_of_Nimes_(7).jpg,,tall-portrait
charleston,5,St. Michael's Church,images/landmarks/charleston-st-michaels-church.webp,685,1024,0.669,54448,"https://commons.wikimedia.org/wiki/File:St._Michael%27s_Episcopal_Church_(Charleston,_South_Carolina)_02.JPG",,low-res+tall-portrait
sa-pa,5,Thac Bac (Silver Waterfall),images/landmarks/sa-pa-thac-bac-silver-waterfall.webp,685,1024,0.669,170958,https://commons.wikimedia.org/wiki/File:Th%C3%A1c_B%E1%BA%A1c.jpg,,low-res+tall-portrait
velikiy-novgorod,8,Kokui Tower,images/landmarks/velikiy-novgorod-kokui-tower.webp,771,1152,0.669,114742,https://commons.wikimedia.org/wiki/File:Velikiy_Novgorod_Detinets_Kokui_02.jpg,,low-res+tall-portrait
anchorage,5,Ship Creek,images/landmarks/anchorage-ship-creek.webp,1070,1600,0.669,213064,https://commons.wikimedia.org/wiki/File:Ship_Creek_Fishing_-_Anchorage.jpg,,tall-portrait
dublin,9,Spire of Dublin,images/landmarks/dublin-spire-of-dublin.webp,1070,1600,0.669,136416,https://commons.wikimedia.org/wiki/File:E4324-Spire-of-Dublin.jpg,,tall-portrait
iquitos,4,Iglesia Matriz de Iquitos (San Juan Bautista),images/landmarks/iquitos-iglesia-matriz-de-iquitos-san-juan-bautista.webp,1070,1600,0.669,117054,https://commons.wikimedia.org/wiki/File:Iglesia_Matriz_de_Iquitos.jpg,,tall-portrait
kazan,3,Bauman Street,images/landmarks/kazan-bauman-street.webp,1070,1600,0.669,346308,https://commons.wikimedia.org/wiki/File:Baumana_Street_Kazan_Russia_2009_sept_06.jpg,,tall-portrait
salvador,4,Igreja do Bonfim (Church of Nosso Senhor do Bonfim),images/landmarks/salvador-igreja-do-bonfim.webp,1070,1600,0.669,262220,"https://commons.wikimedia.org/wiki/File:Bonfim_Church,_Salvador_20150720-DSC05483.JPG",,tall-portrait
alesund,1,Art Nouveau Town Centre (Jugendstil district),images/landmarks/alesund-art-nouveau-town-centre.webp,1071,1600,0.669,160860,https://commons.wikimedia.org/wiki/File:Alesund_Kongensgate_12.jpg,,tall-portrait
boston,4,Bunker Hill Monument,images/landmarks/boston-bunker-hill-monument.webp,1071,1600,0.669,191350,https://en.wikipedia.org/wiki/Bunker_Hill_Monument,,tall-portrait
dusseldorf,7,Basilika St. Lambertus,images/landmarks/dusseldorf-basilika-st-lambertus.webp,1071,1600,0.669,175510,https://commons.wikimedia.org/wiki/File:St._Lambertus_Düsseldorf.jpg,,tall-portrait
el-calafate,6,Estancia Cristina,images/landmarks/el-calafate-estancia-cristina.webp,1071,1600,0.669,412128,https://commons.wikimedia.org/wiki/File:El_Calafate_-_Iglesita_en_estancia_Cristina.jpg,,tall-portrait
halifax,8,St. Paul's Church,images/landmarks/halifax-st-pauls-church.webp,1071,1600,0.669,324990,https://commons.wikimedia.org/wiki/File:Halifax_-_NS_-_St._Paul%E2%80%99s_Church.jpg,,tall-portrait
knysna,8,Knysna Elephant Park,images/landmarks/knysna-knysna-elephant-park.webp,1071,1600,0.669,540622,https://commons.wikimedia.org/wiki/File:Elephants_in_Knysna_-_panoramio.jpg,,tall-portrait
macau,1,Senado Square (Largo do Senado),images/landmarks/macau-senado-square.webp,1071,1600,0.669,155374,"https://commons.wikimedia.org/wiki/File:Senado_Square,_Macau_-_20101117.jpg",,tall-portrait
mingora,4,Jehanabad Buddha,images/landmarks/mingora-jehanabad-buddha.webp,1071,1600,0.669,228130,https://commons.wikimedia.org/wiki/File:Jahanabad_Buddha_Statue_(6).jpg,,tall-portrait
montevideo,1,Palacio Salvo,images/landmarks/montevideo-palacio-salvo.webp,1071,1600,0.669,139858,https://commons.wikimedia.org/wiki/File:Montevideo_Palacio_Salvo-20110506-RM-114438.jpg,,tall-portrait
portland,1,Portlandia Statue,images/landmarks/portland-portlandia-statue.webp,1071,1600,0.669,293550,"https://commons.wikimedia.org/wiki/File:Portlandia_Statue,_Portland_-_DPLA_-_fbf0ce94cb74678c246a445f38d9d6ba.jpg",,tall-portrait
salzburg,2,Salzburg Cathedral (Salzburger Dom),images/landmarks/salzburg-salzburg-cathedral.webp,1071,1600,0.669,165818,https://commons.wikimedia.org/wiki/File:Salzburg_Cathedral_1.jpg,,tall-portrait
sigiriya,7,Dambulla Cave Temple,images/landmarks/sigiriya-dambulla-cave-temple.webp,1071,1600,0.669,301488,https://commons.wikimedia.org/wiki/File:Buddha_Dambulla_2.jpg,,tall-portrait
sukhothai,1,Wat Si Chum,images/landmarks/sukhothai-wat-si-chum.webp,1071,1600,0.669,269864,https://commons.wikimedia.org/wiki/File:Wat_Si_Chum_Sukhothai_Thailand.jpg,,tall-portrait
tampa,4,Tampa Theatre,images/landmarks/tampa-tampa-theatre.webp,1071,1600,0.669,112610,https://commons.wikimedia.org/wiki/File:Tampa_Theatre_2013.jpg,,tall-portrait
vladimir,5,Old Vladimir Museum (Water Tower),images/landmarks/vladimir-water-tower-museum.webp,1071,1600,0.669,203096,"https://commons.wikimedia.org/wiki/File:Водонапорная,_ныне_Смотровая_башня.jpg",,tall-portrait
zacatecas,3,Teleférico de Zacatecas,images/landmarks/zacatecas-teleferico.webp,1071,1600,0.669,111814,https://commons.wikimedia.org/wiki/File:Teleférico_de_Zacatecas.jpg,,tall-portrait
ha-long,8,Long Tien Pagoda,images/landmarks/ha-long-long-tien-pagoda.webp,1280,1912,0.669,194880,https://en.wikipedia.org/wiki/%C4%90%E1%BB%8Di_S%C6%A1n_Pagoda,,tall-portrait
dunedin,2,Taiaroa Head and the Royal Albatross Centre,images/landmarks/dunedin-taiaroa-head-and-the-royal-albatross-centre.webp,1072,1600,0.67,413910,https://commons.wikimedia.org/wiki/File:Taiaroa_Head_2.jpg,,tall-portrait
rabat,1,Mausoleum of Mohammed V,images/landmarks/rabat-mausoleum-mohammed-v.webp,1073,1600,0.671,367398,"https://commons.wikimedia.org/wiki/File:Honor_guard_at_Mausoleum_of_Mohammed_V,_Rabat,_Morocco.jpg",,tall-portrait
pokhara,2,Sarangkot,images/landmarks/pokhara-sarangkot.webp,1074,1600,0.671,186462,https://commons.wikimedia.org/wiki/File:Sarangkot_Pokhara.jpg,,tall-portrait
naples,5,Spaccanapoli,images/landmarks/naples-spaccanapoli.webp,1075,1600,0.672,369130,https://commons.wikimedia.org/wiki/File:Naples_spaccanapoli.JPG,,tall-portrait
moscow,5,Spasskaya Tower,images/landmarks/moscow-spasskaya-tower.webp,1076,1600,0.672,172324,https://commons.wikimedia.org/wiki/File:Moscow_-_2025_-_Spasskaya_Tower.jpg,,tall-portrait
ostrava,5,Masaryk Square (Masarykovo náměstí),images/landmarks/ostrava-masaryk-square.webp,1076,1600,0.672,157106,"https://commons.wikimedia.org/wiki/File:Ostrava,_Masarykovo_n%C3%A1m%C4%9Bst%C3%AD_2.JPG",,tall-portrait
annecy,7,Cathedrale Saint-Pierre,images/landmarks/annecy-cathedrale-saint-pierre.webp,1200,1784,0.673,275088,https://commons.wikimedia.org/wiki/File:Saint_Peter_cathedral_in_Annecy_04.jpg,Krzysztof Golik / CC BY-SA 4.0,tall-portrait
nablus,5,Great Mosque of Nablus,images/landmarks/nablus-great-mosque.webp,422,626,0.674,26998,https://commons.wikimedia.org/wiki/File:Nablus_Great_Mosque.jpg,,low-res+tall-portrait
houston,3,Gerald D. Hines Waterwall Park,images/landmarks/houston-gerald-d-hines-waterwall-park.webp,1078,1600,0.674,382980,https://commons.wikimedia.org/wiki/File:Gerald_D._Hines_Waterwall_Park.jpg,,tall-portrait
krakow,4,St. Mary's Basilica,images/landmarks/krakow-st-marys-basilica.webp,1079,1600,0.674,163160,https://commons.wikimedia.org/wiki/File:Krakow_-_Kosciol_Mariacki.jpg,,tall-portrait
new-york,8,Rockefeller Center,images/landmarks/new-york-rockefeller-center.webp,1079,1600,0.674,372906,"https://commons.wikimedia.org/wiki/File:New_York_City_(New_York,_USA),_Rockefeller_Center_--_2012_--_6413.jpg",,tall-portrait
sarajevo,1,Baščaršija,images/landmarks/sarajevo-bascarsija.webp,1079,1600,0.674,221696,https://commons.wikimedia.org/wiki/File:Sarajevo_-_view_from_Ba%C5%A1%C4%8Dar%C5%A1ija.JPG,,tall-portrait
sibiu,0,Piața Mare (Large Square),images/landmarks/sibiu-piata-mare.webp,1079,1600,0.674,229158,https://commons.wikimedia.org/wiki/File:Sibiu_Piata_Mare_1.jpg,,tall-portrait
el-chalten,2,Cerro Torre,images/landmarks/el-chalten-cerro-torre.webp,522,773,0.675,88286,https://commons.wikimedia.org/wiki/File:Cerro_torre_1987.jpg,,low-res+tall-portrait
nelspruit,3,Lone Creek Falls (Sabie),images/landmarks/nelspruit-lone-creek-falls-sabie.webp,848,1257,0.675,357464,"https://commons.wikimedia.org/wiki/File:Lone_Creek_Falls,_Sabie.jpg",,tall-portrait
maastricht,7,Helpoort (Hell's Gate),images/landmarks/maastricht-helpoort.webp,1080,1600,0.675,229210,https://commons.wikimedia.org/wiki/File:Maastricht_Helpoort_BW_2017-08-19_13-58-28.jpg,,tall-portrait
koblenz,7,Church of Our Lady (Liebfrauenkirche),images/landmarks/koblenz-church-of-our-lady.webp,1081,1600,0.676,205256,https://commons.wikimedia.org/wiki/File:00_6108_Koblenz_-_Liebfrauenkirche.jpg,,tall-portrait
regensburg,2,Altes Rathaus (Old Town Hall),images/landmarks/regensburg-altes-rathaus.webp,1081,1600,0.676,230868,https://commons.wikimedia.org/wiki/File:Rathausplatz_4_Altes_Rathaus_Regensburg-3.jpg,,tall-portrait
sopot,6,St. George's Church (Kościół św. Jerzego),images/landmarks/sopot-st-georges-church.webp,1081,1600,0.676,353896,https://commons.wikimedia.org/wiki/File:Saint_George_church_Sopot.jpg,,tall-portrait
seattle,9,Smith Tower,images/landmarks/seattle-smith-tower.webp,1082,1600,0.676,129842,https://commons.wikimedia.org/wiki/File:Smith_Tower_in_Seattle_Washington.jpg,,tall-portrait
basel,0,Basel Minster (Basler Münster),images/landmarks/basel-basel-minster.webp,1084,1600,0.677,203370,https://en.wikipedia.org/wiki/Basel_Minster,,tall-portrait
rouen,5,Abbatiale Saint-Ouen,images/landmarks/rouen-abbatiale-saint-ouen.webp,1084,1600,0.677,296670,https://commons.wikimedia.org/wiki/File:Rouen_Abbatiale_Saint-Ouen_Vierungsturm_3.jpg,,tall-portrait
sanliurfa,2,Mevlid-i Halil Mosque and Cave of Abraham,images/landmarks/sanliurfa-mevlid-i-halil-mosque.webp,1084,1600,0.677,314752,https://commons.wikimedia.org/wiki/File:Urfa_1997_080.jpg,,tall-portrait
vaduz,1,Cathedral of St. Florin,images/landmarks/vaduz-cathedral-of-st-florin.webp,1085,1600,0.678,209930,https://commons.wikimedia.org/wiki/File:Cathedral_of_St._Florin_-_Vaduz.jpg,,tall-portrait
sana-a,4,Dar al-Hajar (Rock Palace),images/landmarks/sanaa-dar-al-hajar.webp,541,797,0.679,117016,https://commons.wikimedia.org/wiki/File:Dar_al_hajar_edit.jpg,,low-res+tall-portrait
dar-es-salaam,4,Kariakoo Market,images/landmarks/dar-es-salaam-kariakoo-market.webp,1086,1600,0.679,258210,https://commons.wikimedia.org/wiki/File:Kariakoo_market_dar_es_salaam.jpg,,tall-portrait
beirut,4,Martyrs' Square,images/landmarks/beirut-martyrs-square.webp,1088,1600,0.68,228950,"https://commons.wikimedia.org/wiki/File:Launching_ceremony_of_the_Martyr's_Statue,_Beirut.jpg",,tall-portrait
oxford,0,Radcliffe Camera,images/landmarks/oxford-radcliffe-camera.webp,1088,1600,0.68,272664,"https://commons.wikimedia.org/wiki/File:Radcliffe_Camera,_Oxford_-_Oct_2006.jpg",,tall-portrait
murree,1,Kashmir Point,images/landmarks/murree-kashmir-point.webp,1090,1600,0.681,395766,https://commons.wikimedia.org/wiki/File:Kashmir_Point_-_Murree_1.jpg,,tall-portrait
bonn,0,Beethoven-Haus,images/landmarks/bonn-beethoven-haus.webp,1091,1600,0.682,193328,https://en.wikipedia.org/wiki/Beethoven_House,,tall-portrait
chengdu,3,Wuhou Shrine (Wuhou Temple),images/landmarks/chengdu-wuhou-shrine.webp,1091,1600,0.682,216440,"https://commons.wikimedia.org/wiki/File:Wuhou_Shrine_-_Chengdu,_China_-_DSC05476.jpg",,tall-portrait
qingdao,6,Qingdao TV Tower,images/landmarks/qingdao-qingdao-tv-tower.webp,1092,1600,0.682,105534,https://commons.wikimedia.org/wiki/File:TV-Tower_Qingdao.jpg,,tall-portrait
nassau,0,Queen's Staircase,images/landmarks/nassau-queens-staircase.webp,1093,1600,0.683,195028,"https://commons.wikimedia.org/wiki/File:Queen's_staircase,_Nassau,_Bahamas.jpg",,tall-portrait
bursa,1,Yeşil Türbe (Green Tomb),images/landmarks/bursa-yesil-turbe-green-tomb.webp,1094,1600,0.684,367718,https://commons.wikimedia.org/wiki/File:Ye%C5%9Fil_T%C3%BCrbe_06.jpg,,tall-portrait
funchal,2,Monte Palace Tropical Garden,images/landmarks/funchal-monte-palace-garden.webp,1094,1600,0.684,660042,https://commons.wikimedia.org/wiki/File:Monte_Palace_Tropical_Garden_-_Fountain_01.jpg,,tall-portrait
kerman,6,Jabalieh Dome,images/landmarks/kerman-jabalieh-dome.webp,1094,1600,0.684,247678,https://commons.wikimedia.org/wiki/File:Gonbade_jabaliyeh1.jpg,,tall-portrait
reims,0,Cathédrale Notre-Dame de Reims (Reims Cathedral),images/landmarks/reims-cathedrale-notre-dame.webp,1094,1600,0.684,372670,https://commons.wikimedia.org/wiki/File:Cathedral_of_Reims_(17).jpg,,tall-portrait
barcelona,0,Sagrada Família,images/landmarks/barcelona-sagrada-familia.webp,1099,1600,0.687,202518,https://en.wikipedia.org/wiki/Sagrada_Fam%C3%ADlia,,tall-portrait
riga,3,St. Peter's Church,images/landmarks/riga-st-peters-church.webp,1200,1746,0.687,320600,"https://commons.wikimedia.org/wiki/File:St._Peter%27s_Church_facade,_Riga,_Latvia_-_Diliff.jpg",Diliff / CC BY-SA 3.0,tall-portrait
victoria-falls,9,Zimbabwe-Side Falls Viewpoints,images/landmarks/victoria-falls-zimbabwe-viewpoint.webp,1101,1600,0.688,134204,https://commons.wikimedia.org/wiki/File:Simbabwe_Viewpont_Victoria_Falls_(33933889186).jpg,,tall-portrait
knysna,5,Diepwalle Forest and Big Tree,images/landmarks/knysna-diepwalle-forest-and-big-tree.webp,529,768,0.689,143468,https://commons.wikimedia.org/wiki/File:Southafrica428yellowwood.jpg,,low-res+tall-portrait
erfurt,8,Anger Square,images/landmarks/erfurt-anger-square.webp,1102,1600,0.689,214028,"https://commons.wikimedia.org/wiki/File:The_building_%22Haus_zum_Schwarzen_L%C3%B6wen%22_at_Anger_square_in_Erfurt,_Germany_(35980977866).jpg",,tall-portrait
sarajevo,9,Ferhadija Street (Meeting of Cultures),images/landmarks/sarajevo-ferhadija-street.webp,1102,1600,0.689,268760,https://commons.wikimedia.org/wiki/File:Gatan_Ferhadija_i_Sarajevo_24_juli_2023.jpg,,tall-portrait
bonn,2,Beethoven Monument,images/landmarks/bonn-beethoven-monument.webp,1105,1600,0.691,215956,https://commons.wikimedia.org/wiki/File:Beethoven-Denkmal_Bonn.jpg,,tall-portrait
osogbo,4,Nike Centre for Art and Culture,images/landmarks/osogbo-nike-centre-for-art-and-culture.webp,1105,1600,0.691,213504,https://en.wikipedia.org/wiki/Nike_Davies-Okundaye,,tall-portrait
mostar,3,Kriva Ćuprija (Crooked Bridge),images/landmarks/mostar-kriva-cuprija.webp,1106,1600,0.691,361518,https://commons.wikimedia.org/wiki/File:Mostar_BW_2024-10-01_13-12-23.jpg,,tall-portrait
doha,4,West Bay Skyline,images/landmarks/doha-west-bay-skyline.webp,1107,1600,0.692,280646,https://commons.wikimedia.org/wiki/File:Doha_-_West_Bay_Skyline_01.jpg,,tall-portrait
innsbruck,2,Bergisel Ski Jump,images/landmarks/innsbruck-bergisel-ski-jump.webp,1107,1600,0.692,210302,https://commons.wikimedia.org/wiki/File:Bergiselschanze_Hadit_9.JPG,,tall-portrait
phitsanulok,9,Thai Bird Garden,images/landmarks/phitsanulok-thai-bird-garden.webp,461,665,0.693,41764,https://en.wikipedia.org/wiki/Dance%20in%20Thailand,,low-res+tall-portrait
chisinau,2,Stephen the Great Monument,images/landmarks/chisinau-stephen-the-great-monument.webp,1108,1600,0.693,291612,https://commons.wikimedia.org/wiki/File:Chisinau_Stefan_cel_Mare_monument.jpg,,tall-portrait
odense,9,St. Alban's Church,images/landmarks/odense-st-albans-church.webp,1108,1600,0.693,205540,https://commons.wikimedia.org/wiki/File:Odense_-_Sankt_Albani_Kirke_(Saint_Alban's_Church)_in_2024.jpg,,tall-portrait
innsbruck,7,Innsbruck Cathedral (Dom St. Jakob),images/landmarks/innsbruck-innsbruck-cathedral.webp,1109,1600,0.693,461818,https://commons.wikimedia.org/wiki/File:Innsbruck_Dom_zu_St_Jakob_Altar-20130528-RM-164113.jpg,,tall-portrait
cadiz,1,Torre Tavira,images/landmarks/cadiz-torre-tavira.webp,1111,1600,0.694,175286,https://commons.wikimedia.org/w/index.php?search=Torre%20Tavira%20Cadiz&title=Special:MediaSearch,,tall-portrait
vaduz,3,Vaduz City Hall (Rathaus),images/landmarks/vaduz-vaduz-city-hall.webp,1111,1600,0.694,297262,https://commons.wikimedia.org/wiki/File:Vaduz_City_Hall.jpg,,tall-portrait
bukhara,5,Chor Minor,images/landmarks/bukhara-chor-minor.webp,1112,1600,0.695,310372,https://en.wikipedia.org/wiki/Chor_Minor,,tall-portrait
hyderabad,6,Mecca Masjid,images/landmarks/hyderabad-mecca-masjid.webp,1113,1600,0.696,137420,https://commons.wikimedia.org/wiki/File:Minaret_of_the_Mecca_Masjid.jpg,,tall-portrait
jasper,3,Athabasca Falls,images/landmarks/jasper-athabasca-falls.webp,1113,1600,0.696,357658,https://commons.wikimedia.org/wiki/File:Athabasca_Falls_-_Jasper.jpg,,tall-portrait
naples,0,Naples Cathedral (Duomo di San Gennaro),images/landmarks/naples-naples-cathedral-duomo-di-san-gennaro.webp,1115,1600,0.697,242202,"https://commons.wikimedia.org/wiki/File:Naples_Cathedral_-_Duomo_di_Napoli,_Fa%C3%A7ade_(5315-Pan).jpg",,tall-portrait
pyongyang,0,Juche Tower,images/landmarks/pyongyang-juche-tower.webp,1115,1600,0.697,94102,https://commons.wikimedia.org/wiki/File:Juche-Tower-2014.jpg,,tall-portrait
tbilisi,2,Abanotubani Sulfur Bathhouses,images/landmarks/tbilisi-abanotubani-sulfur-bathhouses.webp,294,421,0.698,31196,https://commons.wikimedia.org/wiki/File:Old_Tbilisi._Abanotubani._Sulphur_Baths.jpg,,low-res+tall-portrait
andorra-la-vella,1,Santuari de Meritxell,images/landmarks/andorra-la-vella-santuari-de-meritxell.webp,1117,1600,0.698,405490,https://commons.wikimedia.org/wiki/File:Saint_Mary_church_in_Meritxell_(9).jpg,,tall-portrait
sochi,3,Sochi Marine Terminal (Morskoy Vokzal),images/landmarks/sochi-sochi-marine-terminal.webp,1117,1600,0.698,225624,"https://commons.wikimedia.org/wiki/File:Morskoi_vokzal_Sochi,_Russia.jpg",,tall-portrait
vilnius,3,St. Anne's Church,images/landmarks/vilnius-st-annes-church.webp,1118,1600,0.699,419754,"https://commons.wikimedia.org/wiki/File:St._Anne%27s_Church_Exterior_3,_Vilnius,_Lithuania_-_Diliff.jpg",,tall-portrait
gilgit,4,Chinese Memorial (Danyor Cemetery),images/landmarks/gilgit-chinese-memorial.webp,504,720,0.7,60528,https://commons.wikimedia.org/wiki/File:Chinese_Grave_Yard.jpg,,low-res+tall-portrait
kerman,3,Shah Nematollah Vali Shrine (Mahan),images/landmarks/kerman-shah-nematollah-vali-shrine.webp,1120,1600,0.7,289376,https://commons.wikimedia.org/wiki/File:Shah_Nematollah_Vali_Shrine_08.jpg,,tall-portrait
gent,1,St Bavo's Cathedral and the Ghent Altarpiece,images/landmarks/gent-st-bavos-altarpiece.webp,1121,1600,0.701,227690,"https://commons.wikimedia.org/wiki/File:Ghent_Altarpiece_(closed,_after_restoration).jpg",,tall-portrait
cork,3,Shandon Bells and St. Anne's Church,images/landmarks/cork-shandon-bells-and-st-anne-s-church.webp,1123,1600,0.702,306048,https://commons.wikimedia.org/wiki/File:St_Annes_Church_Shandon_2_-_PeterH.jpg,,tall-portrait
sopot,5,Sopot Lighthouse,images/landmarks/sopot-sopot-lighthouse.webp,1124,1600,0.703,232080,"https://commons.wikimedia.org/wiki/File:Faro,_Plaza_Zdrojowy,_Sopot,_Polonia,_2013-05-22,_DD_02.jpg",,tall-portrait
pamplona,1,Catedral de Santa María la Real,images/landmarks/pamplona-catedral-santa-maria-la-real.webp,1125,1600,0.703,182754,https://commons.wikimedia.org/wiki/File:Santa_maria_la_real_catedral_pamplona.jpg,,tall-portrait
turin,6,Basilica di Superga,images/landmarks/turin-basilica-di-superga.webp,1125,1600,0.703,147100,https://commons.wikimedia.org/wiki/File:Basilica_of_Superga_-_front_view.jpg,,tall-portrait
moscow,0,Saint Basil's Cathedral,images/landmarks/moscow-saint-basils-cathedral.webp,1129,1600,0.706,277364,https://commons.wikimedia.org/wiki/File:Sant_Vasily_cathedral_in_Moscow.JPG,,tall-portrait
valencia,3,La Lonja de la Seda (Silk Exchange),images/landmarks/valencia-la-lonja-de-la-seda.webp,1129,1600,0.706,320600,"https://commons.wikimedia.org/wiki/File:Lonja_de_la_Seda,_Valencia,_España,_2014-06-29,_DD_22.JPG",,tall-portrait
kolkata,7,Kalighat Kali Temple,images/landmarks/kolkata-kalighat-kali-temple.webp,1130,1600,0.706,135676,https://commons.wikimedia.org/wiki/File:Kalighat_Kali_Temple.jpg,,tall-portrait
monastir,3,Medina of Monastir,images/landmarks/monastir-medina-of-monastir.webp,1130,1600,0.706,225856,"https://commons.wikimedia.org/wiki/File:Medina,_Monastir,_Tunisia_-_panoramio.jpg",,tall-portrait
thessaloniki,0,White Tower (Lefkos Pyrgos),images/landmarks/thessaloniki-white-tower-lefkos-pyrgos.webp,1130,1600,0.706,219656,https://commons.wikimedia.org/wiki/File:White_Tower_in_Thessaloniki.jpg,,tall-portrait
brades,7,Oriole Walkway Trail (Centre Hills),images/landmarks/brades-oriole-walkway-trail.webp,960,1358,0.707,108992,https://en.wikipedia.org/wiki/Centre_Hills,,tall-portrait
toronto,0,CN Tower,images/landmarks/toronto-cn-tower.webp,1131,1600,0.707,92160,https://commons.wikimedia.org/wiki/File:CN_Tower_July_2005.jpg,,tall-portrait
hyderabad,0,Charminar,images/landmarks/hyderabad-charminar.webp,1132,1600,0.708,195940,https://commons.wikimedia.org/wiki/File:Charminar_Hyderabad_1.jpg,,tall-portrait
cartagena,9,Convento e Iglesia de San Pedro Claver,images/landmarks/cartagena-convento-e-iglesia-de-san-pedro-claver.webp,202,285,0.709,11584,https://en.wikipedia.org/wiki/Peter%20Claver,,low-res+tall-portrait+small-file
port-vila,3,Mele Cascades,images/landmarks/port-vila-mele-cascades.webp,908,1278,0.71,134776,https://commons.wikimedia.org/wiki/File:Mele_Cascades.jpg,,tall-portrait
jerusalem,1,Dome of the Rock,images/landmarks/jerusalem-dome-of-the-rock.webp,1136,1600,0.71,289036,https://commons.wikimedia.org/wiki/File:Jerusalem-2013-Temple_Mount-Dome_of_the_Rock_%26_Chain_02.jpg,,tall-portrait
veracruz,9,Plaza de la Campana,images/landmarks/veracruz-plaza-de-la-campana.webp,1280,1802,0.71,150948,"https://commons.wikimedia.org/wiki/File:Diario_de_las_operaciones_de_la_expedicion_contra_la_Plaza_de_Panzacola_concluida_por_las_armas_de_S(u)_M(agestad)_Cat%C3%B3lica,_(IA_diariodelasopera00glve).pdf",,tall-portrait
ashgabat,0,Arch of Neutrality,images/landmarks/ashgabat-arch-of-neutrality.webp,1138,1600,0.711,108334,https://commons.wikimedia.org/wiki/File:Arch_of_Neutrality_(41652997594).jpg,,tall-portrait
tel-aviv,6,Azrieli Center Towers,images/landmarks/tel-aviv-azrieli-center-towers.webp,1139,1600,0.712,340324,https://commons.wikimedia.org/wiki/File:Azrieli_Center_From_ToHa_2019-12.jpg,,tall-portrait
dunedin,6,Tūhura Otago Museum,images/landmarks/dunedin-tuhura-otago-museum.webp,393,551,0.713,40402,https://commons.wikimedia.org/wiki/File:OtagoMuseum2.jpg,,low-res+tall-portrait
stockholm,8,Riddarholmen Church,images/landmarks/stockholm-riddarholmen-church.webp,1140,1600,0.713,162442,https://commons.wikimedia.org/wiki/File:Riddarholmskyrkan_Stockholm_2016_01.jpg,,tall-portrait
playa-del-carmen,7,Capilla de Nuestra Senora del Carmen,images/landmarks/playa-del-carmen-capilla-nuestra-senora-del-carmen.webp,1141,1600,0.713,196180,"https://commons.wikimedia.org/wiki/File:Capilla_de_Nuestra_Se%C3%B1ora_del_Carmen_(Playa_del_Carmen,_QR)_-_sanctuary.jpg",,tall-portrait
port-moresby,0,Bomana War Cemetery,images/landmarks/port-moresby-bomana-war-cemetery.webp,500,700,0.714,115120,https://commons.wikimedia.org/wiki/File:Headstone_on_Gurney%27s_grave_at_Bomana_War_Cemetery_in_Port_Moresby_(C_R_Gurney).jpg,,low-res+tall-portrait
beppu,7,Beppu Tower,images/landmarks/beppu-beppu-tower.webp,1142,1600,0.714,160082,https://en.wikipedia.org/wiki/Beppu_Tower,,tall-portrait
bishkek,7,Burana Tower,images/landmarks/bishkek-burana-tower.webp,1142,1600,0.714,197238,https://en.wikipedia.org/wiki/Burana_Tower,,tall-portrait
cagliari,3,Torre dell'Elefante,images/landmarks/cagliari-torre-dell-elefante.webp,1142,1600,0.714,247534,https://commons.wikimedia.org/wiki/File:Cagliari_Elephant_Tower.jpg,,tall-portrait
dubai,1,Burj Al Arab,images/landmarks/dubai-burj-al-arab.webp,1142,1600,0.714,117928,"https://en.wikipedia.org/wiki/File:Burj_Al_Arab,_Dubai,_by_Joi_Ito_Dec2007.jpg",,tall-portrait
quito,2,Plaza Grande (Independence Square),images/landmarks/quito-plaza-grande.webp,1142,1600,0.714,71534,"https://commons.wikimedia.org/wiki/File:Plaza_Grande_sign,_Quito.jpg",,tall-portrait
ulaanbaatar,0,Gandantegchinlen Monastery,images/landmarks/ulan-bator-gandantegchinlen-monastery.webp,1142,1600,0.714,449748,https://commons.wikimedia.org/wiki/File:Gandantegchinlen_Monastery_07.jpg,,tall-portrait
antalya,2,Düden Waterfalls,images/landmarks/antalya-d-den-waterfalls.webp,1143,1600,0.714,488782,https://commons.wikimedia.org/wiki/File:Upper_Duden_Falls.jpg,,tall-portrait
ensenada,5,Hussong's Cantina,images/landmarks/ensenada-hussongs-cantina.webp,1143,1600,0.714,104754,"https://commons.wikimedia.org/wiki/File:Fleeting_moment_at_Cantina_Hussong,_Ensenada,_Baja_California,_Mexico.jpg",,tall-portrait
jaffna,9,Kadurugoda Vihara (Kandarodai Ruins),images/landmarks/jaffna-kadurugoda-vihara-kandarodai-ruins.webp,1143,1600,0.714,295884,https://en.wikipedia.org/wiki/Ancient%20Kadurugoda%20Viharaya,,tall-portrait
thimphu,6,Clock Tower Square,images/landmarks/thimphu-clock-tower-square.webp,1143,1600,0.714,297728,"https://commons.wikimedia.org/wiki/File:Clock_Tower,_Thimphu.jpg",,tall-portrait
zagreb,1,Zagreb Cathedral,images/landmarks/zagreb-cathedral.webp,1143,1600,0.714,183654,https://commons.wikimedia.org/wiki/File:Zagreb_Cathedral_03.jpg,,tall-portrait
bristol,2,Bristol Cathedral,images/landmarks/bristol-bristol-cathedral.webp,1143,1599,0.715,226928,https://en.wikipedia.org/wiki/Bristol_Cathedral,,tall-portrait
kashan,9,Jameh Mosque of Kashan,images/landmarks/kashan-jameh-mosque.webp,1144,1600,0.715,439806,https://en.wikipedia.org/wiki/Jameh_Mosque_of_Kashan,,tall-portrait
cockburn-town,8,St. Thomas' Anglican Church,images/landmarks/cockburn-town-st-thomas-anglican-church.webp,398,556,0.716,27586,https://en.wikipedia.org/wiki/Thomas_Talbot_(Upper_Canada),,low-res+tall-portrait
kinshasa,8,Limete Interchange Tower,images/landmarks/kinshasa-limete-interchange-tower.webp,1080,1508,0.716,44388,"https://commons.wikimedia.org/wiki/File:Kinshasa,_tour_de_l'échangeur_de_Limete_-_20090705.jpg",,tall-portrait
karlovy-vary,1,Hot Spring Colonnade (Vřídelní kolonáda) and Vřídlo Geyser,images/landmarks/karlovy-vary-hot-spring-colonnade-vridlo.webp,1145,1600,0.716,127714,"https://commons.wikimedia.org/wiki/File:Geyser_in_Vridelni_kolonada_-_Karlovy_Vary,_Czech_Republic_-_panoramio.jpg",,tall-portrait
rhodes,7,Archaeological Museum of Rhodes,images/landmarks/rhodes-archaeological-museum-of-rhodes.webp,1145,1600,0.716,306610,https://commons.wikimedia.org/wiki/File:Archaeological_Museum_of_Rhodes_(exterior)_02.jpg,,tall-portrait
tromso,5,Tromsø Cathedral,images/landmarks/tromso-tromso-cathedral.webp,1145,1600,0.716,237968,https://commons.wikimedia.org/wiki/File:NOR-2016-Tromsø-Tromsø_Cathedral.jpg,,tall-portrait
mexico-city,6,Frida Kahlo Museum (Casa Azul),images/landmarks/mexico-city-frida-kahlo-museum-casa-azul.webp,1150,1600,0.719,302954,https://commons.wikimedia.org/wiki/File:Museo_Frida_Kahlo.JPG,,tall-portrait
chios,9,Giustiniani Palace Museum,images/landmarks/chios-giustiniani-palace-museum.webp,431,599,0.72,6566,https://en.wikipedia.org/wiki/Vincenzo%20Giustiniani,,low-res+tall-portrait+small-file
ashgabat,8,Alem Cultural and Entertainment Center,images/landmarks/ashgabat-alem-cultural-and-entertainment-center.webp,1152,1600,0.72,321112,https://commons.wikimedia.org/wiki/File:Älem_Ashgabat.jpg,,tall-portrait
noumea,2,Baie des Citrons,images/landmarks/noumea-baie-des-citrons.webp,1080,1497,0.721,298314,https://commons.wikimedia.org/wiki/File:Plage_Baie_des_Citrons.JPG,,tall-portrait
durres,8,Fatih Mosque,images/landmarks/durres-fatih-mosque.webp,1153,1600,0.721,148478,https://commons.wikimedia.org/wiki/File:Xhamia_e_Fatihut.jpg,,tall-portrait
san-jose,4,Plaza de la Cultura,images/landmarks/san-jose-plaza-de-la-cultura.webp,1154,1600,0.721,169118,https://commons.wikimedia.org/wiki/File:Costa_Rica_-_San_José_05.jpg,,tall-portrait
sarajevo,2,Sebilj Fountain,images/landmarks/sarajevo-sebilj-fountain.webp,1154,1600,0.721,224752,"https://commons.wikimedia.org/wiki/File:Sebilj_fountain,_Sarajevo.jpg",,tall-portrait
algiers,1,Casbah of Algiers,images/landmarks/algiers-casbah-of-algiers.webp,1155,1600,0.722,219530,https://commons.wikimedia.org/wiki/File:AlgerCasbah.jpg,,tall-portrait
maastricht,8,Sint Janskerk,images/landmarks/maastricht-sint-janskerk.webp,1155,1600,0.722,216522,"https://commons.wikimedia.org/wiki/File:Maastricht,_de_Sint-Janskerk_RM27704_IMG_0877_2022-04-03_10.05.jpg",,tall-portrait
lagos,8,"Cathedral Church of Christ, Marina",images/landmarks/lagos-cathedral-church-of-christ-marina.webp,1156,1600,0.723,263240,"https://commons.wikimedia.org/wiki/File:Interior_of_Cathedral_Church_of_Christ,_Lagos.jpg",,tall-portrait
niagara-falls,3,Skylon Tower,images/landmarks/niagara-falls-skylon-tower.webp,1157,1600,0.723,164720,https://commons.wikimedia.org/wiki/File:Niagara_Falls_-_ON_-_Skylon_Tower5.jpg,,tall-portrait
mogadishu,9,Mogadishu Skyline,images/landmarks/mogadishu-mogadishu-skyline.webp,1158,1600,0.724,91164,https://commons.wikimedia.org/wiki/File:Mogadishu_Skyline_11th_picture.jpg,,tall-portrait
pilsen,3,Great Synagogue,images/landmarks/pilsen-great-synagogue.webp,1159,1600,0.724,198478,https://commons.wikimedia.org/wiki/File:Synagogue_Plzen_087.JPG,,tall-portrait
luxembourg,6,Gëlle Fra (Monument of Remembrance),images/landmarks/luxembourg-gelle-fra.webp,1126,1554,0.725,126282,https://en.wikipedia.org/wiki/File:Gëlle_Fra_whole_1.jpg,,tall-portrait
barcelona,6,Gothic Quarter (Barri Gòtic),images/landmarks/barcelona-gothic-quarter.webp,794,1094,0.726,126380,https://en.wikipedia.org/wiki/Gothic_Quarter%2C_Barcelona,,low-res+tall-portrait
perpignan,7,Église Saint-Jacques & Jardin la Miranda,images/landmarks/perpignan-eglise-saint-jacques-jardin-la-miranda.webp,1166,1599,0.729,267078,https://commons.wikimedia.org/wiki/File:Perpignan_%C3%89glise_Saint-Jacques_Main_portal_1.jpg,,tall-portrait
poprad,1,Church of St. Egidius,images/landmarks/poprad-church-of-st-egidius.webp,1167,1600,0.729,511620,https://commons.wikimedia.org/wiki/File:Poprad_-_Kostol_sv%C3%A4t%C3%A9ho_Eg%C3%ADdia.jpg,,tall-portrait
tangier,5,American Legation Museum,images/landmarks/tangier-american-legation-museum.webp,1168,1600,0.73,308810,"https://commons.wikimedia.org/wiki/File:Museo_del_Antiguo_Legado_Estadounidense,_T%C3%A1nger,_Marruecos,_2015-12-11,_DD_44-46_HDR.JPG",,tall-portrait
anaheim,1,Matterhorn Bobsleds,images/landmarks/anaheim-matterhorn-bobsleds.webp,1169,1600,0.731,330812,https://commons.wikimedia.org/wiki/File:Matterhorndisney.jpg,,tall-portrait
marrakech,7,Ben Youssef Madrasa,images/landmarks/marrakech-ben-youssef-madrasa.webp,1172,1600,0.733,79414,https://commons.wikimedia.org/wiki/File:Marrakesh_Ben_Youssef_Madrasa_courtyard_1.jpg,,tall-portrait
istanbul,5,Galata Tower,images/landmarks/istanbul-galata-tower.webp,1174,1600,0.734,321304,https://commons.wikimedia.org/wiki/File:Galata_tower_01_23.jpg,,tall-portrait
zurich,4,St. Peter's Church,images/landmarks/zurich-st-peters-church.webp,1175,1600,0.734,158178,https://commons.wikimedia.org/wiki/File:Zürich_Switzerland-St-Peter-02.jpg,,tall-portrait
rome,5,Sistine Chapel,images/landmarks/rome-sistine-chapel.webp,782,1062,0.736,322072,https://commons.wikimedia.org/wiki/File:Sistina-interno.jpg,,low-res+tall-portrait
vatican-city,2,Sistine Chapel,images/landmarks/vatican-city-sistine-chapel.webp,782,1062,0.736,322698,https://commons.wikimedia.org/wiki/File:Sistina-interno.jpg,,low-res+tall-portrait
papeete,1,Notre-Dame Cathedral of Papeete,images/landmarks/papeete-notre-dame-cathedral-of-papeete.webp,1146,1555,0.737,107720,https://commons.wikimedia.org/wiki/File:Cath%C3%A9drale.Papeete.JPG,,tall-portrait
parma,1,Battistero di Parma (Baptistery),images/landmarks/parma-battistero-di-parma.webp,1180,1600,0.738,165854,https://commons.wikimedia.org/wiki/File:Battistero_di_Parma_-_Vista_Ingresso.jpg,,tall-portrait
durban,3,Durban Botanic Gardens,images/landmarks/durban-durban-botanic-gardens.webp,530,717,0.739,93820,https://commons.wikimedia.org/wiki/File:Durban_Botanic_Gardens_new_entrance_04_09_2010.JPG,,low-res+tall-portrait
islamabad,0,Faisal Mosque,images/landmarks/islamabad-faisal-mosque.webp,750,1015,0.739,78924,"https://commons.wikimedia.org/wiki/File:Islamabad,Faisal_mosque.jpg",,low-res+tall-portrait
nuremberg,3,Albrecht Dürer House,images/landmarks/nuremberg-albrecht-durer-house.webp,1183,1600,0.739,280136,"https://commons.wikimedia.org/wiki/File:Albrecht-Dürer-Haus_-_Tiergärtnerplatz_-_Nuremberg,_Germany_-_DSC02033.jpg",,tall-portrait
san-andres,6,Rocky Cay,images/landmarks/san-andres-rocky-cay.webp,1183,1600,0.739,469182,"https://commons.wikimedia.org/wiki/File:Rocky_Cay,_San_Andrés.jpg",,tall-portrait
salamanca,1,Universidad de Salamanca (University Facade),images/landmarks/salamanca-universidad-de-salamanca.webp,561,758,0.74,145414,"https://commons.wikimedia.org/wiki/File:Facade_of_the_University,_Salamanca_by_Juan_Laurent.jpg",,low-res+tall-portrait
leipzig,1,St. Thomas Church (Thomaskirche),images/landmarks/leipzig-thomaskirche.webp,965,1304,0.74,118570,"https://en.wikipedia.org/wiki/St._Thomas_Church,_Leipzig",,tall-portrait
phnom-penh,2,Wat Phnom,images/landmarks/phnom-penh-wat-phnom.webp,720,972,0.741,60510,https://commons.wikimedia.org/wiki/File:Wat_Phnom_Doun_Penh.jpg,,low-res+tall-portrait
wuyishan,5,Great King Peak (Dawang Feng),images/landmarks/wuyishan-great-king-peak-dawang-feng.webp,768,1036,0.741,233514,https://commons.wikimedia.org/wiki/File:%E5%A4%A7%E7%8E%8B%E5%B3%B0%E5%B1%B1%E9%97%A8_-_Entrance_of_the_Great_King_Peak_-_2010.09_-_panoramio.jpg,,low-res+tall-portrait
malindi,4,Portuguese Chapel,images/landmarks/malindi-portuguese-chapel.webp,1186,1600,0.741,370370,https://commons.wikimedia.org/wiki/File:Portuguese_Chapel_Malindi_altar.jpg,,tall-portrait
hamilton,1,Cathedral of the Most Holy Trinity (Bermuda Cathedral),images/landmarks/hamilton-bermuda-cathedral-holy-trinity.webp,364,490,0.743,25738,"https://commons.wikimedia.org/wiki/File:Cathedral_in_Hamilton,_Bermuda.jpg",,low-res+tall-portrait
jaffna,4,Casuarina Beach,images/landmarks/jaffna-casuarina-beach.webp,1189,1600,0.743,402706,https://commons.wikimedia.org/wiki/File:Casuarina_Beach_1.jpg,,tall-portrait
aachen,1,Cathedral Treasury (Domschatzkammer),images/landmarks/aachen-cathedral-treasury.webp,1190,1600,0.744,411048,https://commons.wikimedia.org/wiki/File:Domschatzkammer2.jpg,,tall-portrait
nantes,2,Cathédrale Saint-Pierre-et-Saint-Paul,images/landmarks/nantes-cathedrale-saint-pierre-et-saint-paul.webp,1190,1600,0.744,227440,https://commons.wikimedia.org/wiki/File:Cath%C3%A9drale_Saint-Pierre_de_Nantes_-_fa%C3%A7ade.jpg,,tall-portrait
ostrava,1,Bolt Tower,images/landmarks/ostrava-bolt-tower.webp,1191,1600,0.744,258348,"https://commons.wikimedia.org/wiki/File:Ostrava,_Doln%C3%AD_oblast_V%C3%ADtkovice,_Bolt_Tower.jpg",,tall-portrait
tunis,6,Cathedral of St. Vincent de Paul,images/landmarks/tunis-cathedral-st-vincent-de-paul.webp,1191,1600,0.744,263240,https://commons.wikimedia.org/wiki/File:Cathedral_of_St._Vincent_de_Paul.jpg,,tall-portrait
genoa,6,La Lanterna,images/landmarks/genoa-la-lanterna.webp,1192,1600,0.745,47240,https://commons.wikimedia.org/wiki/File:La_Lanterna_di_Genova_al_Tramonto.jpg,,tall-portrait
wroclaw,6,Racławice Panorama,images/landmarks/wroclaw-raclawice-panorama.webp,1192,1600,0.745,348990,https://commons.wikimedia.org/wiki/File:WKossak006.jpg,,tall-portrait
kermanshah,2,Kermanshah Traditional Bazaar (Tarikeh Bazaar),images/landmarks/kermanshah-kermanshah-traditional-bazaar.webp,1194,1600,0.746,308516,https://commons.wikimedia.org/wiki/File:Tarike_bazar.jpg,,tall-portrait
morondava,2,Kirindy Forest Reserve,images/landmarks/morondava-kirindy-forest-reserve.webp,1194,1600,0.746,327974,"https://commons.wikimedia.org/wiki/File:Kirindy,_Morondava,_Madagascar.jpg",,tall-portrait
stanley,4,1982 Liberation Memorial,images/landmarks/stanley-1982-liberation-memorial.webp,1194,1600,0.746,144602,https://commons.wikimedia.org/wiki/File:1982_Liberation_Memorial_in_Stanley_(5612271774).jpg,,tall-portrait
bern,8,Aare River and Marzili Baths,images/landmarks/bern-aare-river-marzili-baths.webp,968,1296,0.747,89190,https://commons.wikimedia.org/wiki/File:Swimming_in_the_river_Aare_near_Marzilibad_in_Bern.jpg,,tall-portrait
baghdad,3,Al-Mustansiriya Madrasah,images/landmarks/baghdad-al-mustansiriya-madrasah.webp,1195,1600,0.747,307530,https://commons.wikimedia.org/wiki/File:Mustansiriya%20Madrasah%20gate.jpg,,tall-portrait
cape-town,2,V&A Waterfront,images/landmarks/cape-town-va-waterfront.webp,1195,1600,0.747,208150,https://commons.wikimedia.org/w/index.php?search=V%26A%20Waterfront%20Cape%20Town&title=Special:MediaSearch,,tall-portrait
parma,7,Parco Ducale,images/landmarks/parma-parco-ducale.webp,1195,1600,0.747,710036,"https://commons.wikimedia.org/wiki/File:Parco_Ducale,_Parma,_2019.jpg",,tall-portrait
santiago,4,Cerro Santa Lucía,images/landmarks/santiago-cl-cerro-santa-lucia.webp,1195,1600,0.747,415868,"https://commons.wikimedia.org/wiki/File:Cerro_Santa_Lucia_Castillo_Hidalgo2,_Santiago,_Chile.JPG",,tall-portrait
brasov,3,Catherine's Gate (Poarta Ecaterinei),images/landmarks/brasov-catherine-s-gate.webp,1196,1600,0.748,205246,https://en.wikipedia.org/wiki/Catherine's_Gate,,tall-portrait
cadiz,6,Plaza de España and the 1812 Constitution Monument,images/landmarks/cadiz-plaza-de-espana-constitution-monument.webp,1196,1600,0.748,286856,https://commons.wikimedia.org/wiki/File:Monumento_a_la_Constituci%C3%B3n_de_1812_01.jpg,,tall-portrait
essaouira,0,Medina of Essaouira,images/landmarks/essaouira-medina-of-essaouira.webp,1197,1600,0.748,187892,"https://commons.wikimedia.org/wiki/File:Medina_Street_and_Fortified_Tower,_Essaouira,_Morocco.jpg",,tall-portrait
essaouira,1,Skala de la Ville,images/landmarks/essaouira-skala-de-la-ville.webp,1197,1600,0.748,265560,"https://commons.wikimedia.org/wiki/File:Cannon_on_Skala_de_la_Ville,_Essaouira,_Morocco.jpg",,tall-portrait
essaouira,2,Skala du Port and the Fishing Harbor,images/landmarks/essaouira-skala-du-port-and-the-fishing-harbor.webp,1197,1600,0.748,427970,https://commons.wikimedia.org/wiki/File:Skala_du_Port_Essaouira_Morocco.jpg,,tall-portrait
haifa,5,Wadi Nisnas,images/landmarks/haifa-wadi-nisnas.webp,1197,1600,0.748,261832,https://commons.wikimedia.org/wiki/File:Wadi_Nisnas_P8020004.JPG,,tall-portrait
jasper,1,Maligne Canyon,images/landmarks/jasper-maligne-canyon.webp,1197,1600,0.748,572178,https://commons.wikimedia.org/wiki/File:Maligne_Canyon_01.JPG,,tall-portrait
nantes,7,Île de Versailles,images/landmarks/nantes-ile-de-versailles.webp,1197,1600,0.748,251572,https://commons.wikimedia.org/wiki/File:Nantes_-_%C3%8Ele_de_Versailles_2.jpg,,tall-portrait
sergiyev-posad,4,Chapel-at-the-Well (Nadkladeznaya Chapel),images/landmarks/sergiyev-posad-chapel-at-the-well.webp,1197,1600,0.748,172368,https://commons.wikimedia.org/wiki/File:Russia-Sergiev_Posad-Assumption_Chapel-at-the_Well-1.jpg,,tall-portrait
vladimir,0,Assumption (Dormition) Cathedral,images/landmarks/vladimir-assumption-cathedral.webp,1197,1600,0.748,77390,https://commons.wikimedia.org/wiki/File:Russia-Vladimir-Assumption_Cathedral-1.jpg,,tall-portrait
sharjah,7,Al Noor Island,images/landmarks/sharjah-al-noor-island.webp,652,870,0.749,245022,https://commons.wikimedia.org/wiki/File:Picturesque_Noor_Island.jpg,,low-res+tall-portrait
praia,8,Nossa Senhora da Graça Church,images/landmarks/praia-nossa-senhora-graca.webp,960,1281,0.749,289256,https://commons.wikimedia.org/wiki/File:Igreja_de_Nossa_Senhora_da_Gra%C3%A7a_(Praia)_01.jpg,,tall-portrait
papeete,7,Faarumai Waterfalls (Les Trois Cascades),images/landmarks/papeete-faarumai-waterfalls.webp,1198,1600,0.749,403572,"https://commons.wikimedia.org/wiki/File:Tahiti,_French_Polynesia_-_Les_Trois_Cascades_(48034036742).jpg",,tall-portrait
rostock,2,Neuer Markt and Rathaus,images/landmarks/rostock-neuer-markt-and-rathaus.webp,1198,1600,0.749,247592,https://commons.wikimedia.org/wiki/File:Rostock_Neuer_Markt_1a_2012-11-04.jpg,,tall-portrait
toronto,3,Toronto Sign at Nathan Phillips Square,images/landmarks/toronto-toronto-sign.webp,1198,1600,0.749,241652,"https://commons.wikimedia.org/wiki/File:Toronto_Sign,_Nathan_Phillips_Square,_Toronto_(30427335411).jpg",,tall-portrait
belem,1,Basílica Santuário de Nazaré,images/landmarks/belem-basilica-santuario-de-nazare.webp,1199,1600,0.749,276218,https://en.wikipedia.org/wiki/Basilica_of_Our_Lady_of_Nazareth_of_Exile,,tall-portrait
cambridge,0,King's College Chapel,images/landmarks/cambridge-kings-college-chapel.webp,1199,1600,0.749,196142,https://commons.wikimedia.org/wiki/File:Kings_College_Cambridge_Chapel_from_the_river.jpg,,tall-portrait
dresden,6,Katholische Hofkirche (Dresden Cathedral),images/landmarks/dresden-hofkirche-cathedral.webp,1199,1600,0.749,199014,"https://commons.wikimedia.org/wiki/File:Dresden,_Katholische_Hofkirche_--_2023_--_9410.jpg",,tall-portrait
jakarta,5,Taman Mini Indonesia Indah (TMII),images/landmarks/jakarta-taman-mini-indonesia-indah-tmii.webp,1199,1600,0.749,213936,"https://commons.wikimedia.org/wiki/File:Saudjana_Viewing_Tower,_Taman_Mini_Indonesia_Indah,_lower_perspective.jpg",,tall-portrait
lahore,3,Minar-e-Pakistan,images/landmarks/lahore-minar-e-pakistan.webp,1199,1600,0.749,409428,https://commons.wikimedia.org/wiki/File:Minar_e_Pakistan_2021.jpg,,tall-portrait
lyon,9,Fresque des Lyonnais,images/landmarks/lyon-fresque-des-lyonnais.webp,1199,1600,0.749,259654,https://commons.wikimedia.org/wiki/File:Fresque_des_Lyonnais_mural_Lyon_2026.JPG,,tall-portrait
mataram,3,Taman Narmada,images/landmarks/mataram-taman-narmada.webp,1199,1600,0.749,454394,"https://commons.wikimedia.org/wiki/File:Taman_Narmada,_Lombok,_Indonesia_(932832779).jpg",,tall-portrait
mumbai,4,Siddhivinayak Temple,images/landmarks/mumbai-siddhivinayak-temple.webp,1199,1600,0.749,179272,https://commons.wikimedia.org/wiki/File:Shree_Siddhivinayak_Temple_Mumbai.jpg,,tall-portrait
phnom-penh,5,National Museum of Cambodia,images/landmarks/phnom-penh-national-museum-of-cambodia.webp,1199,1600,0.749,254996,https://commons.wikimedia.org/wiki/File:Entrance_of_the_National_Museum_of_Cambodia.jpg,,tall-portrait
potosi,1,Casa Nacional de la Moneda,images/landmarks/potosi-casa-nacional-moneda.webp,1199,1600,0.749,235684,"https://commons.wikimedia.org/wiki/File:Casa_Nacional_de_la_Moneda,_Potos%C3%AD.jpg",,tall-portrait
potosi,8,Arco de Cobija,images/landmarks/potosi-arco-de-cobija.webp,1199,1600,0.749,251062,https://commons.wikimedia.org/wiki/File:Arco_de_Cobija_Potos%C3%AD-Bolivia.jpg,,tall-portrait
pretoria,1,Voortrekker Monument,images/landmarks/pretoria-voortrekker-monument.webp,1199,1600,0.749,420530,https://commons.wikimedia.org/wiki/File:Voortrekker_Monument.jpg,,tall-portrait
pretoria,5,Pretoria National Botanical Garden,images/landmarks/pretoria-botanical-garden.webp,1199,1600,0.749,534436,https://commons.wikimedia.org/wiki/File:South_Africa-Pretoria-National_Botanical_Gardens01.jpg,,tall-portrait
rouen,3,Aître Saint-Maclou,images/landmarks/rouen-aitre-saint-maclou.webp,1199,1600,0.749,199032,https://commons.wikimedia.org/wiki/File:ROUEN_AITRE_SAINT_MACLOU_(7)_02.jpg,,tall-portrait
santiago,3,Gran Torre Santiago (Costanera Center),images/landmarks/santiago-cl-gran-torre-santiago-costanera-center.webp,1199,1600,0.749,154000,https://commons.wikimedia.org/wiki/File:Gran_Torre_Santiago_y_complejo_Costanera_Center.jpg,,tall-portrait
wuyishan,0,Nine-Bend Stream (Jiuqu Xi) Bamboo Rafting,images/landmarks/wuyishan-nine-bend-stream-jiuqu-xi-bamboo-rafting.webp,1199,1600,0.749,438954,https://commons.wikimedia.org/wiki/File:China_Wuyishan_River_Rafting.jpg,,tall-portrait
timbuktu,5,René Caillié House,images/landmarks/timbuktu-rene-caillie-house.webp,240,320,0.75,18020,https://commons.wikimedia.org/wiki/File:Timbuktu_Caille_House_Street_Scene.jpg,,low-res+small-file
agadir,2,Souk El Had,images/landmarks/agadir-souk-el-had.webp,336,448,0.75,30902,https://commons.wikimedia.org/wiki/File:C360_2015-04-28-16-25-59_-_Copie.jpg,,low-res
naples,8,Cappella Sansevero,images/landmarks/naples-cappella-sansevero.webp,375,500,0.75,35530,https://en.wikipedia.org/wiki/Cappella%20Sansevero,,low-res
pilsen,7,Patton Memorial Pilsen,images/landmarks/pilsen-patton-memorial.webp,400,533,0.75,23008,https://commons.wikimedia.org/wiki/File:Patton_Memorial_Pilsen-exterier_(Plze%C5%88).jpg,,low-res+small-file
bariloche,6,Isla Victoria,images/landmarks/bariloche-isla-victoria.webp,450,600,0.75,52236,https://commons.wikimedia.org/wiki/File:100_5407_Pinares_de_la_Isla_Victoria_den_San_Carlos_de_Bariloche.jpg,,low-res
cork,0,The English Market,images/landmarks/cork-the-english-market.webp,480,640,0.75,78012,https://commons.wikimedia.org/wiki/File:Princes_Street_Indoor_Market_-_geograph.org.uk_-_595328.jpg,,low-res
halifax,9,Africville,images/landmarks/halifax-africville.webp,480,640,0.75,85598,https://en.wikipedia.org/wiki/Africville,,low-res
houmt-el-souk,6,Guellala Museum (Djerba Heritage Museum),images/landmarks/houmt-el-souk-guellala-museum.webp,480,640,0.75,30014,https://commons.wikimedia.org/wiki/File:Guellala_Museum.jpg,,low-res
liberia,4,Museo de Guanacaste,images/landmarks/liberia-museo-de-guanacaste.webp,480,640,0.75,34124,https://commons.wikimedia.org/wiki/File:Pilar_antropomorfo-Guanacaste-Costa_Rica.JPG,,low-res
playa-del-carmen,9,Coco Bongo,images/landmarks/playa-del-carmen-coco-bongo.webp,480,640,0.75,52996,"https://commons.wikimedia.org/wiki/File:Coco_Bongo,_Playa_del_Carmen._-_panoramio.jpg",,low-res
porto,4,Clérigos Tower,images/landmarks/porto-clerigos-tower.webp,480,640,0.75,47316,"https://commons.wikimedia.org/wiki/File:Clerigos_Tower,_Porto,_Portugal.JPG",,low-res
sa-pa,9,Ta Phin Village,images/landmarks/sa-pa-ta-phin-village.webp,480,640,0.75,32920,https://commons.wikimedia.org/wiki/File:Sapa_Ta_Phin.jpg,,low-res
windhoek,7,Zoo Park,images/landmarks/windhoek-zoo-park.webp,480,640,0.75,52454,https://commons.wikimedia.org/wiki/File:Windhoek_Zoo_Park_War_Memorial_2002.jpg,,low-res
beirut,1,Mohammad Al-Amin Mosque,images/landmarks/beirut-mohammad-al-amin-mosque.webp,493,657,0.75,37214,https://en.wikipedia.org/wiki/Mohammad_Al-Amin_Mosque,,low-res
jeddah,9,Al Shallal Theme Park,images/landmarks/jeddah-al-shallal-theme-park.webp,500,667,0.75,46252,https://commons.wikimedia.org/wiki/File:Al_Shallal_Roller_Coaster_as_seen_from_the_AlShallal_Marine_Lake.jpg,,low-res
tampere,2,Pyynikki Observation Tower,images/landmarks/tampere-pyynikki-observation-tower.webp,540,720,0.75,68268,https://commons.wikimedia.org/wiki/File:Pyynikki_observation_tower.jpg,,low-res
brno,6,Capuchin Crypt,images/landmarks/brno-capuchin-crypt.webp,600,800,0.75,58566,https://commons.wikimedia.org/wiki/File:Brno_CZ_Crypt_at_the_Capuchin_Monastery_01.jpg,,low-res
durres,6,Royal Villa of Durrës (King Zog's Palace),images/landmarks/durres-royal-villa-of-durres-king-zog-s-palace.webp,600,800,0.75,56106,https://commons.wikimedia.org/wiki/File:Palace_of_king_Zog_durres.jpg,,low-res
ko-samui,0,Big Buddha Temple (Wat Phra Yai),images/landmarks/ko-samui-big-buddha-temple.webp,600,800,0.75,71292,https://commons.wikimedia.org/wiki/File:Big_Buddha_Statue_at_Wat_Phra_Yai.jpg,,low-res
rio-de-janeiro,7,Theatro Municipal,images/landmarks/rio-de-janeiro-theatro-municipal.webp,600,800,0.75,145588,"https://commons.wikimedia.org/wiki/File:Teatro_Municipal_do_Rio_de_Janeiro,_Fevereiro_2006.jpg",,low-res
salta,1,Catedral Basílica de Salta,images/landmarks/salta-catedral-basilica-de-salta.webp,600,800,0.75,47484,https://commons.wikimedia.org/wiki/File:Catedral_de_Salta_1.jpg,,low-res
phitsanulok,4,Buranathai Buddha Image Foundry,images/landmarks/phitsanulok-buranathai-buddha-image-foundry.webp,634,845,0.75,61470,https://commons.wikimedia.org/wiki/File:Phitsanulok_Foundry.jpg,,low-res
la-paz,6,Calle Jaén,images/landmarks/la-paz-calle-jaen.webp,640,853,0.75,60578,https://commons.wikimedia.org/wiki/File:La_Paz-Calle_Jaen.jpg,,low-res
dar-es-salaam,1,Askari Monument,images/landmarks/dar-es-salaam-askari-monument.webp,684,912,0.75,106326,https://commons.wikimedia.org/wiki/File:The_Askari_Monument_in_Dar_es_Salaam.jpg,,low-res
charlotte-amalie,6,Blackbeard's Castle (Skytsborg Tower),images/landmarks/charlotte-amalie-blackbeards-castle.webp,720,960,0.75,75958,https://commons.wikimedia.org/wiki/File:Blackbeard%27s_Castle_in_Charlotte_Amalie.jpg,,low-res
dakar,6,Museum of Black Civilizations,images/landmarks/dakar-museum-of-black-civilizations.webp,720,960,0.75,60648,https://commons.wikimedia.org/wiki/File:Mus%C3%A9e_civilisations_noires_Dakar.jpg,,low-res
potosi,3,Torre de la Compania de Jesus,images/landmarks/potosi-torre-compania-jesus.webp,720,960,0.75,107898,https://commons.wikimedia.org/wiki/File:Torre_Compa%C3%B1ia_de_Jesus_Potosi_-_Bolivia.jpg,,low-res
phuket,7,Kata Beach,images/landmarks/phuket-kata-beach.webp,750,1000,0.75,91080,"https://commons.wikimedia.org/wiki/File:Kata_Beach,_Phuket.jpg",,low-res
taupo,2,Mine Bay Māori Rock Carvings,images/landmarks/taupo-mine-bay-maori-rock-carvings.webp,750,1000,0.75,224428,https://commons.wikimedia.org/wiki/File:01_New_Zealand_Carving_Taupo_Maori.jpg,,low-res
charlotte-amalie,2,99 Steps,images/landmarks/charlotte-amalie-99-steps.webp,768,1024,0.75,177038,https://commons.wikimedia.org/wiki/File:The_99_Steps_-_geograph.org.uk_-_7482245.jpg,,low-res
denver,8,16th Street Mall,images/landmarks/denver-16th-street-mall.webp,768,1024,0.75,177466,https://commons.wikimedia.org/wiki/File:2006-04-23_-_16th_Street_Mall_from_D%26F_Tower.jpg,,low-res
gustavia,6,Notre-Dame de l'Assomption Catholic Church,images/landmarks/gustavia-notre-dame-de-lassomption.webp,768,1024,0.75,113732,https://commons.wikimedia.org/wiki/File:Church_of_Our_Lady_of_the_Assumption_(49910950296).jpg,,low-res
hangzhou,9,Baochu Pagoda,images/landmarks/hangzhou-baochu-pagoda.webp,768,1024,0.75,123466,https://commons.wikimedia.org/wiki/File:BaoChuTa.jpg,,low-res
la-serena,2,La Recova Market,images/landmarks/la-serena-la-recova-market.webp,768,1024,0.75,227392,https://commons.wikimedia.org/wiki/File:Tienda_de_productos_artesanales_en_La_Recova.jpg,,low-res
libreville,5,Église Saint-Michel de Nkembo,images/landmarks/libreville-eglise-saint-michel.webp,768,1024,0.75,135646,https://commons.wikimedia.org/wiki/File:Eglise_Saint-Michel_de_Nkembo_(31225192077).jpg,,low-res
olomouc,0,Holy Trinity Column,images/landmarks/olomouc-holy-trinity-column.webp,768,1024,0.75,87264,https://commons.wikimedia.org/wiki/File:Holy_Trinity_Column.jpg,,low-res
sao-tome,6,Pico Cão Grande,images/landmarks/sao-tome-pico-cao-grande.webp,768,1024,0.75,133000,https://commons.wikimedia.org/wiki/File:S%C3%A3o_Tom%C3%A9_-_Pico_C%C3%A3o_Grande.jpg,,low-res
takamatsu,7,Setoshirube (Red Lighthouse),images/landmarks/takamatsu-setoshirube-red-lighthouse.webp,768,1024,0.75,64218,https://commons.wikimedia.org/wiki/File:TakamatsuAkaToudai.jpg,,low-res
bamako,5,Monument de l'Indépendance,images/landmarks/bamako-monument-de-lindependance.webp,780,1040,0.75,55164,https://commons.wikimedia.org/wiki/File:MONUMENT%20DE%20L%27IND%C3%89PENDANCE%20DU%20MALI.jpg,,low-res
san-salvador,2,Monumento al Divino Salvador del Mundo,images/landmarks/san-salvador-monumento-al-divino-salvador-del-mundo.webp,450,599,0.751,29880,https://commons.wikimedia.org/wiki/File:Salvadordelmundo.jpg,,low-res
manado,6,Museum Negeri Sulawesi Utara,images/landmarks/manado-museum-negeri-sulawesi-utara.webp,500,666,0.751,36496,https://commons.wikimedia.org/wiki/File:Pameran_Museum_-_Museum_Negeri_Sulawesi_Utara.pdf,,low-res
bamako,2,BCEAO Tower,images/landmarks/bamako-bceao-tower.webp,584,778,0.751,22556,https://commons.wikimedia.org/wiki/File:BCEAO%20tower%20Bamako.jpg,,low-res+small-file
regensburg,8,Schottenkirche St. Jakob,images/landmarks/regensburg-schottenkirche.webp,482,640,0.753,43738,https://commons.wikimedia.org/wiki/File:Schottenkirche_St._Jakob_in_Regensburg_-_geo.hlipp.de_-_10291.jpg,,low-res
alice-springs,7,Standley Chasm (Angkerle Atwatye),images/landmarks/alice-springs-standley-chasm.webp,609,800,0.761,97432,https://commons.wikimedia.org/wiki/File:Standley_Chasm.jpg,,low-res
abuja,3,National Christian Centre,images/landmarks/abuja-national-christian-centre.webp,719,945,0.761,29836,"https://commons.wikimedia.org/wiki/File:Catedral_Nacional_em_Abuja,_Nigéria.jpg",,low-res
port-elizabeth,6,South End Museum,images/landmarks/port-elizabeth-south-end-museum.webp,780,1024,0.762,113342,https://commons.wikimedia.org/wiki/File:Port_Elizabeth_South_End_Museum_facade.JPG,,low-res
hualien-city,3,Qingshui Cliffs,images/landmarks/hualien-city-qingshui-cliffs.webp,590,771,0.765,83372,https://commons.wikimedia.org/wiki/File:Qingshui_Cliff.jpg,,low-res
leon,7,Iglesia de San Francisco,images/landmarks/leon-iglesia-de-san-francisco.webp,628,820,0.766,54848,https://en.wikipedia.org/wiki/Francisco%20Le%C3%B3n%20de%20la%20Barra,,low-res
denizli,6,Delikliçınar Square and the Denizli Rooster Statue,images/landmarks/denizli-deliklic-nar-square-and-the-denizli-rooster-statue.webp,780,1016,0.768,109582,https://en.wikipedia.org/wiki/Denizli_chicken,,low-res
hamilton,4,City Hall and Arts Centre,images/landmarks/hamilton-bermuda-city-hall-arts-centre.webp,372,480,0.775,25444,"https://commons.wikimedia.org/wiki/File:City_Hall_in_Hamilton,_Bermuda.jpg",,low-res
sao-paulo,6,Avenida Paulista,images/landmarks/sao-paulo-avenida-paulista.webp,700,894,0.783,33442,https://commons.wikimedia.org/wiki/File:Avenida_Paulista_Skyline_2012.jpg,,low-res
porto-seguro,7,Marco do Descobrimento,images/landmarks/porto-seguro-marco-do-descobrimento.webp,615,774,0.795,65152,https://commons.wikimedia.org/wiki/File:Detalhe_do_Marco_do_Descobrimento_em_Porto_Seguro.png,,low-res
karakol,4,Przhevalsky Memorial Museum,images/landmarks/karakol-przhevalsky-memorial-museum.webp,628,789,0.796,45486,https://en.wikipedia.org/wiki/Nikolay_Przhevalsky,,low-res
tashkent,4,Independence Square (Mustaqillik Maydoni),images/landmarks/tashkent-independence-square-mustaqillik-maydoni.webp,720,905,0.796,85436,https://commons.wikimedia.org/wiki/File:Mustaqillik_maydoni_01.05.2024.jpg,,low-res
san-pedro-sula,5,Cascadas de Pulhapanzak,images/landmarks/san-pedro-sula-cascadas-de-pulhapanzak.webp,750,938,0.8,61540,https://commons.wikimedia.org/wiki/File:Cataratas_Pulhapanzak_~_Honduras.jpg,,low-res
funafuti,3,Funafuti Lagoon,images/landmarks/funafuti-lagoon.webp,1065,1331,0.8,23264,"https://commons.wikimedia.org/wiki/File:Funafuti_Atoll,_Tuvalu_(153047_-_funafuti_oli_20230928_lrg).jpg",,small-file
charlotte-amalie,4,St. Thomas Synagogue,images/landmarks/charlotte-amalie-st-thomas-synagogue.webp,433,537,0.806,57850,"https://commons.wikimedia.org/wiki/File:Synagogue_of_Beracha_Veshalom_Vegemiluth_Hasidim,_Krystalgade_16A_%26_B,_Charlotte_Amalie_(St._Thomas_County,_Virgin_Islands).jpg",,low-res
mar-del-plata,2,Sea lion colony at Banquina de Pescadores,images/landmarks/mar-del-plata-sea-lion-colony-banquina.webp,785,956,0.821,120756,https://commons.wikimedia.org/wiki/File:Lobos_marinos_en_el_puerto_de_Mar_del_Plata.jpg,,low-res
tabriz,9,Jameh Mosque of Tabriz,images/landmarks/tabriz-jameh-mosque-of-tabriz.webp,720,837,0.86,139220,https://commons.wikimedia.org/wiki/File:Jameh_mosque_of_Tabriz.jpg,,low-res
doha,8,Aspire Tower (Torch Doha),images/landmarks/doha-aspire-tower-torch-doha.webp,319,359,0.889,10876,https://en.wikipedia.org/wiki/Aspire_Tower,,low-res+small-file
brazzaville,7,Stade Alphonse Massamba-Débat,images/landmarks/brazzaville-stade-alphonse-massamba-debat.webp,725,800,0.906,60228,https://en.wikipedia.org/wiki/Stade_Alphonse_Massemba-Débat,,low-res
bridgetown,1,St. Michael's Cathedral,images/landmarks/bridgetown-st-michael-s-cathedral.webp,446,490,0.91,45860,"https://commons.wikimedia.org/wiki/File:CATHEDRAL_CHURCH_OF_ST._MICHAEL_AND_ALL_ANGELS,_BRIDGETOWN,_BARBADOS.jpg",,low-res
kelowna,5,Father Pandosy Mission,images/landmarks/kelowna-father-pandosy-mission.webp,200,218,0.917,5882,https://en.wikipedia.org/wiki/Father_Pandosy,,low-res+small-file
ta-if,2,Souk Okaz,images/landmarks/taif-souk-okaz.webp,798,869,0.918,47860,https://commons.wikimedia.org/wiki/File:%D8%B3%D9%88%D9%82_%D8%B9%D9%83%D8%A7%D8%B8.JPG,,low-res
irkutsk,2,Kazan Church (Church of Our Lady of Kazan),images/landmarks/irkutsk-kazan-church-church-of-our-lady-of-kazan.webp,700,758,0.923,42696,https://commons.wikimedia.org/wiki/File:Kazansky_Church_Irkutsk.jpg,,low-res
antsiranana,3,Tsingy Rouge,images/landmarks/antsiranana-tsingy-rouge.webp,400,428,0.935,37588,https://commons.wikimedia.org/wiki/File:Tsingy_Rouge-Ankarangona.jpg,,low-res
bodrum,1,Mausoleum at Halicarnassus,images/landmarks/bodrum-mausoleum-at-halicarnassus.webp,561,600,0.935,34922,https://en.wikipedia.org/wiki/Mausoleum_at_Halicarnassus,,low-res
bridgetown,7,National Heroes Square,images/landmarks/bridgetown-national-heroes-square.webp,430,458,0.939,40604,https://en.wikipedia.org/wiki/National_Heroes_Square,,low-res
port-moresby,3,Owers' Corner (Kokoda Track trailhead),images/landmarks/port-moresby-owers-corner.webp,498,528,0.943,35114,https://commons.wikimedia.org/wiki/File:Owers_Corner.jpg,,low-res
port-of-spain,8,Lion House,images/landmarks/port-of-spain-lion-house.webp,1280,1354,0.945,18494,https://en.wikipedia.org/wiki/Lion_(heraldry),,small-file
rostock,0,St.-Marien-Kirche (St Mary's Church),images/landmarks/rostock-st-marien-kirche-st-marys-church.webp,790,800,0.988,73250,https://commons.wikimedia.org/wiki/File:Rostock_St._Marien_Kirche_4.jpg,,low-res
caracas,4,Capitolio Nacional,images/landmarks/caracas-capitolio-nacional.webp,599,603,0.993,71152,"https://commons.wikimedia.org/wiki/File:Vista_frontal_del_Capitolio_de_Caracas,_Venezuela.jpg",,low-res
mytilene,6,Theophilos Museum,images/landmarks/mytilene-theophilos-museum.webp,329,331,0.994,35268,https://en.wikipedia.org/wiki/Theophilos_Hatzimihail,,low-res
bonn,9,University of Bonn Main Building,images/landmarks/bonn-university-of-bonn-main-building.webp,330,330,1.0,18050,https://en.wikipedia.org/wiki/University_of_Bonn,,low-res+small-file
mytilene,2,Ancient Theatre of Mytilene,images/landmarks/mytilene-ancient-theatre-of-mytilene.webp,339,339,1.0,34262,https://commons.wikimedia.org/wiki/File:Ancient_Theatre_of_Mytilene.jpg,,low-res
libreville,7,Marché du Mont-Bouët,images/landmarks/libreville-marche-du-mont-bouet.webp,500,500,1.0,49434,https://en.wikipedia.org/wiki/Mont-Bou%C3%ABt,,low-res
xi-an,8,Small Wild Goose Pagoda,images/landmarks/xian-small-wild-goose-pagoda.webp,544,544,1.0,51234,https://commons.wikimedia.org/wiki/File:Xi%27anwildgoosepagoda2.JPG,,low-res
batumi,9,Orta Jame Mosque and Old Batumi,images/landmarks/batumi-orta-jame-mosque.webp,640,640,1.0,78950,https://commons.wikimedia.org/wiki/File:Batumi_Mosque_Entrance.jpg,,low-res
nantes,9,Trentemoult,images/landmarks/nantes-trentemoult.webp,640,640,1.0,39470,"https://commons.wikimedia.org/wiki/File:La_jolie_maison_rouge_de_Trentemoult,_Nantes_(15551496631).jpg",,low-res
pretoria,2,Church Square,images/landmarks/pretoria-church-square.webp,640,640,1.0,97150,"https://commons.wikimedia.org/wiki/File:Church_Square,_Pretoria.jpg",,low-res
nakhon-ratchasima,0,Thao Suranari Monument (Ya Mo),images/landmarks/nakhon-ratchasima-thao-suranari-monument.webp,1200,1200,1.0,19988,https://commons.wikimedia.org/wiki/File:Thao_Suranari_Monument.JPG,,small-file
gondar,9,Ras Mikael Sehul's Palace,images/landmarks/gondar-ras-mikael-sehul-s-palace.webp,408,406,1.005,38686,https://en.wikipedia.org/wiki/Mikael%20Sehul,,low-res
majuro,4,Marshall Islands Capitol Building,images/landmarks/majuro-capitol-building.webp,600,597,1.005,41516,https://commons.wikimedia.org/wiki/File:Marshall_Islands_Capital_Building.png,,low-res
karbala,8,Lake Razzaza (Milh Lake),images/landmarks/karbala-lake-razzaza.webp,639,635,1.006,116576,https://commons.wikimedia.org/wiki/File:Lake_milh.jpg,,low-res
freetown,3,St. George's Cathedral,images/landmarks/freetown-st-georges-cathedral.webp,497,492,1.01,44314,https://commons.wikimedia.org/wiki/File:St._George%27s_Cathedral_Freetown.jpg,,low-res
brazzaville,8,National Assembly Building,images/landmarks/brazzaville-national-assembly-building.webp,500,490,1.02,41706,https://en.wikipedia.org/wiki/National_Assembly_(Republic_of_the_Congo),,low-res
port-au-prince,2,Cathédrale Notre-Dame de l'Assomption,images/landmarks/port-au-prince-cathedrale-notre-dame.webp,402,392,1.026,24698,https://commons.wikimedia.org/wiki/File:Cath%C3%A9drale-Port-au-Prince_(before_1924).jpg,,low-res+small-file
medellin,2,Metrocable,images/landmarks/medellin-metrocable.webp,524,510,1.027,80354,https://commons.wikimedia.org/wiki/File:Metrocablemed.jpg,,low-res
osogbo,2,Suzanne Wenger House (Adunni Olorisha Trust),images/landmarks/osogbo-suzanne-wenger-house.webp,700,674,1.039,52362,https://commons.wikimedia.org/wiki/File:COLLECTIE_TROPENMUSEUM_Een_cementen_sculptuur_van_Adebisi_Akanji_bij_de_ingang_tot_het_huis_van_Susanne_Wenger_TMnr_20014554.jpg,,low-res
cusco,0,Plaza de Armas,images/landmarks/cusco-plaza-de-armas.webp,741,704,1.053,161346,https://commons.wikimedia.org/wiki/File:Plaza_de_Armas_-_Cusco.jpg,,low-res
kabul,3,Pul-e Khishti Mosque,images/landmarks/kabul-pul-e-khishti-mosque.webp,720,639,1.127,44282,https://commons.wikimedia.org/wiki/File:Pul-i-Khishti_Mosque.jpg,,low-res
amritsar,3,Akal Takht,images/landmarks/amritsar-akal-takht.webp,483,422,1.145,28730,https://commons.wikimedia.org/wiki/File:AkalTakhtGoldenTempleComplex.jpg,,low-res
tampa,2,Sunshine Skyway Bridge,images/landmarks/tampa-sunshine-skyway-bridge.webp,400,344,1.163,27182,https://commons.wikimedia.org/wiki/File:Sunshine_Skyway_Bridge.jpg,,low-res
monrovia,0,Providence Island,images/landmarks/monrovia-providence-island.webp,715,611,1.17,54602,https://commons.wikimedia.org/wiki/File:JOHNSTON(1907)_Providence_Island_in_Mesurado_Lagoon.jpg,,low-res
lamu,6,Swahili House Museum,images/landmarks/lamu-swahili-house-museum.webp,397,338,1.175,7364,https://en.wikipedia.org/wiki/Swahili_coast,,low-res+small-file
nadi,8,Vuda Marina,images/landmarks/nadi-vuda-marina.webp,568,480,1.183,21216,https://en.wikipedia.org/wiki/Vuda_Point,,low-res+small-file
salamanca,6,Casa Lis (Museo Art Nouveau y Art Déco),images/landmarks/salamanca-casa-lis.webp,400,336,1.19,41590,https://commons.wikimedia.org/wiki/File:Copia_de_FACHADA_NORTE.JPG,,low-res
ta-if,5,Abdullah Ibn Abbas Mosque,images/landmarks/taif-abdullah-ibn-abbas-mosque.webp,300,250,1.2,13432,https://commons.wikimedia.org/wiki/File:%D9%85%D8%B3%D8%AC%D8%AF_%D8%B9%D8%A8%D8%AF_%D8%A7%D9%84%D9%84%D9%87_%D8%A8%D9%86_%D8%A7%D9%84%D8%B9%D8%A8%D8%A7%D8%B3_%D8%A8%D8%A7%D9%84%D8%B7%D8%A7%D8%A6%D9%81.jpg,,low-res+small-file
morelia,1,The Aqueduct of Morelia,images/landmarks/morelia-the-aqueduct-of-morelia.webp,750,624,1.202,87084,https://commons.wikimedia.org/wiki/File:Mexico_Morelia_the_old_aqueduct_(6218040709).jpg,,low-res
bujumbura,0,Livingstone-Stanley Monument,images/landmarks/bujumbura-livingstone-stanley-monument.webp,343,281,1.221,22544,https://en.wikipedia.org/wiki/Livingstone%E2%80%93Stanley_Monument,,low-res+small-file
kinshasa,2,Palais de la Nation,images/landmarks/kinshasa-palais-de-la-nation.webp,602,487,1.236,66692,https://commons.wikimedia.org/wiki/File:Palais_de_la_nation.jpg,,low-res
montevideo,4,Rambla de Montevideo,images/landmarks/montevideo-rambla-de-montevideo.webp,500,403,1.241,8030,https://commons.wikimedia.org/wiki/File:Rambla_de_Montevideo_1.jpg,,low-res+small-file
durres,2,Durrës Archaeological Museum,images/landmarks/durres-durres-archaeological-museum.webp,300,240,1.25,2438,https://commons.wikimedia.org/wiki/File:Archaeological_Museum_of_Durrës.png,,low-res+small-file
lilongwe,7,Old Town Market,images/landmarks/lilongwe-old-town-market.webp,745,589,1.265,126942,https://commons.wikimedia.org/wiki/File:Lilongwe_market_closeup.JPG,,low-res
bariloche,8,Cerro Otto,images/landmarks/bariloche-cerro-otto.webp,760,590,1.288,60552,https://en.wikipedia.org/wiki/Cerro_Otto,,low-res
mashhad,6,Kooh Sangi Park,images/landmarks/mashhad-kooh-sangi-park.webp,615,473,1.3,82776,https://commons.wikimedia.org/wiki/File:Koohsagi1.jpg,,low-res
bishkek,4,Victory Square,images/landmarks/bishkek-victory-square.webp,400,307,1.303,28696,"https://en.wikipedia.org/wiki/Victory_Square,_Bishkek",,low-res
leon,1,Museo de Arte Fundación Ortiz-Gurdián,images/landmarks/leon-museo-ortiz-gurdian.webp,741,563,1.316,32136,https://commons.wikimedia.org/wiki/File:Museoleonnicaragua.JPG,,low-res
copenhagen,4,Rosenborg Castle,images/landmarks/copenhagen-rosenborg-castle.webp,661,502,1.317,33130,https://commons.wikimedia.org/wiki/File:Rosenborg_cph.jpg,,low-res
mashhad,8,Harooniyeh Monument (Tus),images/landmarks/mashhad-harooniyeh-monument-tus.webp,539,409,1.318,29174,https://commons.wikimedia.org/wiki/File:Haruniyeh.JPG,,low-res
baguio,5,BenCab Museum,images/landmarks/baguio-bencab-museum.webp,1200,904,1.327,18016,https://commons.wikimedia.org/wiki/File:Fog%20outside%20BenCab%20Museum%2C%20Tuba%2C%20Benguet.jpg,,small-file
qinhuangdao,3,Mengjiangnü Temple,images/landmarks/qinhuangdao-mengjiangnu-temple.webp,681,512,1.33,39912,https://commons.wikimedia.org/wiki/File:Temple_de_Meng_Jiangn%C3%BC.jpg,,low-res
antsiranana,5,Ramena Beach,images/landmarks/antsiranana-ramena-beach.webp,450,338,1.331,17260,https://commons.wikimedia.org/wiki/File:Ramena.jpg,,low-res+small-file
houston,7,Rothko Chapel,images/landmarks/houston-rothko-chapel.webp,450,338,1.331,24038,https://commons.wikimedia.org/wiki/File:Rothko_chapel.jpg,,low-res+small-file
baracoa,1,Alejandro de Humboldt National Park,images/landmarks/baracoa-alejandro-de-humboldt-national-park.webp,425,319,1.332,35646,https://en.wikipedia.org/wiki/Alejandro_de_Humboldt_National_Park,,low-res
houmt-el-souk,4,Fondouks of Houmt Souk (historic caravanserais),images/landmarks/houmt-el-souk-fondouks-of-houmt-souk.webp,453,340,1.332,16374,https://commons.wikimedia.org/wiki/File:L%E2%80%99entr%C3%A9e_dun_Fondouk_%C3%A0_Houmt_Souk.jpg,,low-res+small-file
manzanillo,0,El Pez Vela (Giant Sailfish Monument),images/landmarks/manzanillo-el-pez-vela.webp,778,584,1.332,45202,https://commons.wikimedia.org/wiki/File:Pez_Vela_en_malecon_-_panoramio.jpg,,low-res
manzanillo,7,Laguna de Cuyutlán,images/landmarks/manzanillo-laguna-de-cuyutlan.webp,778,584,1.332,44292,https://commons.wikimedia.org/wiki/File:Desembocadura_de_la_Laguna_de_Cuyutlan_-_panoramio.jpg,,low-res
astana,9,Ishim River Embankment,images/landmarks/astana-ishim-river-embankment.webp,240,180,1.333,1854,https://commons.wikimedia.org/wiki/File:IshiminAstana.jpg,,low-res+small-file
abu-dhabi,6,Abu Dhabi Corniche,images/landmarks/abu-dhabi-abu-dhabi-corniche.webp,320,240,1.333,11024,https://commons.wikimedia.org/wiki/File:Abu_Dhabi_Corniche.jpg,,low-res+small-file
malabo,8,Malabo Port and Waterfront,images/landmarks/malabo-port-waterfront.webp,320,240,1.333,14158,https://commons.wikimedia.org/wiki/File:Malabo.jpg,,low-res+small-file
rotorua,9,Lake Tikitapu (Blue Lake),images/landmarks/rotorua-lake-tikitapu-blue-lake.webp,384,288,1.333,12000,https://en.wikipedia.org/wiki/Lake%20Tikitapu,,low-res+small-file
antsiranana,9,Ankarana Special Reserve,images/landmarks/antsiranana-ankarana-special-reserve.webp,400,300,1.333,32712,https://commons.wikimedia.org/wiki/File:Ankarana-Mahamasina.jpg,,low-res
dahab,6,Eel Garden,images/landmarks/dahab-eel-garden.webp,480,360,1.333,27466,https://commons.wikimedia.org/wiki/File:Dahab_-_Eel_Garden.jpg,,low-res
hamadan,8,Alvand Mountain,images/landmarks/hamadan-alvand-mountain.webp,500,375,1.333,22462,https://commons.wikimedia.org/wiki/File:Alvand_2007.jpg,,low-res+small-file
kanchanaburi,8,Prasat Muang Sing Historical Park,images/landmarks/kanchanaburi-prasat-muang-sing.webp,500,375,1.333,47332,https://commons.wikimedia.org/wiki/File:Mueang_Sing.jpg,,low-res
wuyishan,3,Wuyi Palace (Wuyigong),images/landmarks/wuyishan-wuyi-palace-wuyigong.webp,500,375,1.333,33018,https://commons.wikimedia.org/wiki/File:Wuyi_palace.jpg,,low-res
yamoussoukro,1,Presidential Palace & Sacred Crocodile Lake,images/landmarks/yamoussoukro-presidential-palace-crocodile-lake.webp,500,375,1.333,33076,https://commons.wikimedia.org/wiki/File:Presidential_Palace_in_Yamoussoukro.jpg,,low-res
kinshasa,0,Congo River at Pool Malebo,images/landmarks/kinshasa-congo-river-at-pool-malebo.webp,540,405,1.333,79872,https://commons.wikimedia.org/wiki/File:Kinshasa_&_Brazzaville_-_ISS007-E-6305.jpg,,low-res
basseterre,3,St. George's Anglican Church,images/landmarks/basseterre-st-georges-anglican-church.webp,584,438,1.333,43808,"https://commons.wikimedia.org/wiki/File:Basseterre_-_St._George's_Church,_1900s.jpg",,low-res
boracay,2,Puka Shell Beach,images/landmarks/boracay-puka-shell-beach.webp,600,450,1.333,38258,https://commons.wikimedia.org/wiki/File:Puka_Beach_Boracay.jpg,,low-res
santa-marta,1,Quinta de San Pedro Alejandrino,images/landmarks/santa-marta-quinta-de-san-pedro-alejandrino.webp,600,450,1.333,25436,https://commons.wikimedia.org/wiki/File:PanteodelaPatria.JPG,,low-res
vientiane,7,Talat Sao (Morning Market),images/landmarks/vientiane-talat-sao.webp,600,450,1.333,36236,https://commons.wikimedia.org/wiki/File:Talatsao_@_2012.JPG,,low-res
aleppo,4,Aleppo National Museum,images/landmarks/aleppo-aleppo-national-museum.webp,604,453,1.333,56838,https://commons.wikimedia.org/wiki/File:National_Museum_of_Aleppo.jpg,,low-res
colombo,3,Galle Face Green,images/landmarks/colombo-galle-face-green.webp,604,453,1.333,29096,https://commons.wikimedia.org/wiki/File:Colombo_-_Galle_Face.jpg,,low-res
colombo,8,Beira Lake,images/landmarks/colombo-beira-lake.webp,604,453,1.333,67934,https://commons.wikimedia.org/wiki/File:Colombo_-_Lake.jpg,,low-res
mek-ele,5,Romanat Waterfall,images/landmarks/mek-ele-romanat-waterfall.webp,604,453,1.333,67846,https://commons.wikimedia.org/wiki/File:Waterfall_Romanat.jpg,,low-res
alice-springs,0,Anzac Hill (Untyeyetwelye),images/landmarks/alice-springs-anzac-hill.webp,640,480,1.333,88298,https://commons.wikimedia.org/wiki/File:Anzac_hill_stairs.jpg,,low-res
asuncion,4,Costanera de Asunción,images/landmarks/asuncion-costanera-de-asuncion.webp,640,480,1.333,28074,https://commons.wikimedia.org/wiki/File:Costanera_Asunción_3.jpg,,low-res
belem,5,Mangal das Garças,images/landmarks/belem-mangal-das-garcas.webp,640,480,1.333,31828,https://commons.wikimedia.org/wiki/File:Mangal_das_Garcas.jpg,,low-res
beppu,9,Takasakiyama Monkey Park,images/landmarks/beppu-takasakiyama-monkey-park.webp,640,480,1.333,69394,https://en.wikipedia.org/wiki/Takasakiyama_Natural_Zoological_Garden,,low-res
bridgetown,9,Independence Square,images/landmarks/bridgetown-independence-square.webp,640,480,1.333,38426,"https://commons.wikimedia.org/wiki/File:Fountain_at_Independence_Square,_Bridgetown,_Barbados-001.jpg",,low-res
bujumbura,6,Musée Vivant de Bujumbura,images/landmarks/bujumbura-musee-vivant-de-bujumbura.webp,640,480,1.333,68472,https://en.wikipedia.org/wiki/Living_Museum_of_Bujumbura,,low-res
cochin,2,Paradesi Synagogue and Jew Town,images/landmarks/cochin-paradesi-synagogue-and-jew-town.webp,640,480,1.333,78960,https://commons.wikimedia.org/wiki/File:Jewish_synagouge_kochi_india.jpg,,low-res
dunedin,3,Baldwin Street,images/landmarks/dunedin-baldwin-street.webp,640,480,1.333,86406,https://commons.wikimedia.org/wiki/File:Baldwinstreet.jpg,,low-res
dushanbe,8,Dushanbe Zoo,images/landmarks/dushanbe-dushanbe-zoo.webp,640,480,1.333,45208,https://commons.wikimedia.org/wiki/File:Dushanbezoo_entrance.JPG,,low-res
eilat,4,Hai-Bar Yotvata Nature Reserve,images/landmarks/eilat-hai-bar-yotvata-nature-reserve.webp,640,480,1.333,14644,https://commons.wikimedia.org/wiki/File:Hai_Bar_Yotvata_Nature_Reserve_08.jpg,,low-res+small-file
foz-do-iguacu,6,Mesquita Omar Ibn Al-Khattab,images/landmarks/foz-do-iguacu-mesquita-omar-ibn-al-khattab.webp,640,480,1.333,34414,https://commons.wikimedia.org/wiki/File:MesquitaFozDoIgua%C3%A7uParanaBrasil.JPG,,low-res
glasgow,0,Kelvingrove Art Gallery and Museum,images/landmarks/glasgow-kelvingrove-art-gallery.webp,640,480,1.333,59438,"https://commons.wikimedia.org/wiki/File:Kelvingrove_Museum_and_Art_Gallery,_Glasgow_-_geograph.org.uk_-_1324599.jpg",,low-res
glasgow,5,George Square,images/landmarks/glasgow-george-square.webp,640,480,1.333,61820,"https://commons.wikimedia.org/wiki/File:George_Square,_Glasgow_-_geograph.org.uk_-_2469957.jpg",,low-res
guaruja,7,"Praia Branca (White Beach, Bertioga Channel)",images/landmarks/guaruja-praia-branca.webp,640,480,1.333,79168,https://commons.wikimedia.org/wiki/File:Prainha_Branca_-_Guaruj%C3%A1_-_panoramio.jpg,,low-res
guilin,7,Diecai Hill (Folded Brocade Hill),images/landmarks/guilin-diecai-hill.webp,640,480,1.333,31162,https://commons.wikimedia.org/wiki/File:Diecaishan.jpg,,low-res
haifa,0,Bahá'í Gardens and Shrine of the Báb,images/landmarks/haifa-bahai-gardens.webp,640,480,1.333,65594,https://commons.wikimedia.org/wiki/File:TerracesBenGurion2.jpg,,low-res
halifax,6,Point Pleasant Park,images/landmarks/halifax-point-pleasant-park.webp,640,480,1.333,71212,https://commons.wikimedia.org/wiki/File:Point_Pleasant.jpg,,low-res
inverness,7,Victorian Market,images/landmarks/inverness-victorian-market.webp,640,480,1.333,52428,"https://commons.wikimedia.org/wiki/File:Victorian_Market,_Inverness_-_geograph.org.uk_-_4090975.jpg",,low-res
inverness,8,Old High Church,images/landmarks/inverness-old-high-church.webp,640,480,1.333,43802,"https://commons.wikimedia.org/wiki/File:Old_High_Church,_Inverness_-_geograph.org.uk_-_2365908.jpg",,low-res
kuching,8,Sarawak State Museum,images/landmarks/kuching-sarawak-state-museum.webp,640,480,1.333,52860,https://en.wikipedia.org/wiki/Sarawak%20State%20Museum,,low-res
la-paz,8,Mount Illimani viewpoint,images/landmarks/la-paz-mount-illimani-viewpoint.webp,640,480,1.333,21890,https://commons.wikimedia.org/wiki/File:Illimani2.JPG,,low-res+small-file
le-gosier,2,Plage de la Datcha,images/landmarks/le-gosier-plage-de-la-datcha.webp,640,480,1.333,29726,"https://commons.wikimedia.org/wiki/File:Plage_de_la_Datcha,_Le_Gosier.JPG",,low-res
marmaris,0,Marmaris Castle and Archaeology Museum,images/landmarks/marmaris-marmaris-castle-archaeology-museum.webp,640,480,1.333,85568,https://commons.wikimedia.org/wiki/File:Marmaris_Castle.jpg,,low-res
mbabane,5,Ludzidzini Royal Village,images/landmarks/mbabane-ludzidzini-royal-village.webp,640,480,1.333,56394,https://commons.wikimedia.org/wiki/File:ELudzidzini.JPG,,low-res
morelia,5,Palacio de Gobierno,images/landmarks/morelia-palacio-de-gobierno.webp,640,480,1.333,38176,https://commons.wikimedia.org/wiki/File:Morelia_-_Palacio_de_Gobierno.jpg,,low-res
mostar,9,Bišćevića House (Turkish House),images/landmarks/mostar-biscevica-house.webp,640,480,1.333,72344,"https://commons.wikimedia.org/wiki/File:Mostar,_nadvori_Biscevicova_domu_z_18._stol._(muzeum).jpg",,low-res
muscat,2,Mutrah Corniche,images/landmarks/muscat-mutrah-corniche.webp,640,480,1.333,40882,"https://commons.wikimedia.org/wiki/File:Mutrah_Corniche,_Muscat.JPG",,low-res
nakuru,5,Lord Egerton Castle,images/landmarks/nakuru-lord-egerton-castle.webp,640,480,1.333,62176,"https://commons.wikimedia.org/wiki/File:Lord_Egerton_Castle_Nakuru,_Kenya_05.jpg",,low-res
novi-sad,7,Sremski Karlovci,images/landmarks/novi-sad-sremski-karlovci.webp,640,480,1.333,38370,"https://commons.wikimedia.org/wiki/File:Sremski_Karlovci_City_Hall,_Sremski_Karlovci,_Serbia.jpg",,low-res
phitsanulok,3,Sergeant Major Thawee Folk Museum,images/landmarks/phitsanulok-sergeant-major-thawee-folk-museum.webp,640,480,1.333,39960,"https://commons.wikimedia.org/wiki/File:Sgt._Maj._Thawee_Folk_Museum,_Phitsanulok,_Sukhothai,_Thailand.JPG",,low-res
port-louis,6,Place d'Armes,images/landmarks/port-louis-place-darmes.webp,640,480,1.333,69802,"https://commons.wikimedia.org/wiki/File:Place_d%27Armes_(Port_Louis,_Mauritius)_2006.jpg",,low-res
port-louis,9,Chinatown,images/landmarks/port-louis-chinatown.webp,640,480,1.333,41774,https://commons.wikimedia.org/wiki/File:Chinatown_Port_Louis.JPG,,low-res
roseau,6,Boiling Lake,images/landmarks/roseau-boiling-lake.webp,640,480,1.333,32980,https://commons.wikimedia.org/wiki/File:Dominica_boiling_lake.jpg,,low-res
san-jose,7,Barrio Amón,images/landmarks/san-jose-barrio-amon.webp,640,480,1.333,48494,https://commons.wikimedia.org/wiki/File:Casa_Alvarez_Mengar._Barrio_Amon._San_Jose_Costa_Rica.JPG,,low-res
san-jose,8,Correos de Costa Rica (Central Post Office),images/landmarks/san-jose-correos-de-costa-rica.webp,640,480,1.333,56612,https://commons.wikimedia.org/wiki/File:Edificio_de_Correos_y_Telegrafos._San_Jose._Costa_Rica.JPG,,low-res
sousse,6,Dar Essid Museum,images/landmarks/sousse-dar-essid-museum.webp,640,480,1.333,34268,"https://commons.wikimedia.org/wiki/File:Dar_Essid_Museum,_Sousse,_Tunisia.JPG",,low-res
sukhothai,5,Wat Saphan Hin,images/landmarks/sukhothai-wat-saphan-hin.webp,640,480,1.333,58896,"https://commons.wikimedia.org/wiki/File:Wat_Saphan_Hin,_Sukhothai,_Thailand.JPG",,low-res
sukhothai,6,Ramkhamhaeng National Museum,images/landmarks/sukhothai-ramkhamhaeng-national-museum.webp,640,480,1.333,45240,"https://commons.wikimedia.org/wiki/File:King_Ramkhamhaeng_National_Museum,_Sukhothai,_Thailand.JPG",,low-res
tabriz,2,El Goli (Shah Goli) Park,images/landmarks/tabriz-el-goli-shah-goli-park.webp,640,480,1.333,77124,"https://commons.wikimedia.org/wiki/File:El-goli,_Tabriz,_Iran.jpg",,low-res
tampa,8,The Florida Aquarium,images/landmarks/tampa-the-florida-aquarium.webp,640,480,1.333,40116,https://commons.wikimedia.org/wiki/File:Florida_aquarium_exterior.jpg,,low-res
vina-del-mar,8,Palacio Presidencial de Cerro Castillo,images/landmarks/vina-del-mar-cerro-castillo.webp,640,480,1.333,44794,https://commons.wikimedia.org/wiki/File:Palacio_de_Cerro_Castillo_-_frontis.jpg,,low-res
weimar,9,Belvedere Palace and Park,images/landmarks/weimar-belvedere-palace-and-park.webp,640,480,1.333,94656,https://commons.wikimedia.org/wiki/File:Weimar_-_Schlosspark_Belvedere_(Belvedere_Palace_Park)_-_geo.hlipp.de_-_40124.jpg,,low-res
windermere,3,"Blackwell, The Arts and Crafts House",images/landmarks/windermere-blackwell-the-arts-and-crafts-house.webp,640,480,1.333,53756,https://commons.wikimedia.org/wiki/File:Blackwell_-_The_Arts_and_Crafts_House_-_geograph.org.uk_-_7579.jpg,,low-res
xiamen,4,Hulishan Fortress,images/landmarks/xiamen-hulishan-fortress.webp,640,480,1.333,39886,"https://commons.wikimedia.org/wiki/File:Hulishan_Fortress,_Xiamen,_China.JPG",,low-res
xiamen,5,Shuzhuang Garden,images/landmarks/xiamen-shuzhuang-garden.webp,640,480,1.333,40968,"https://commons.wikimedia.org/wiki/File:Shuzhuang_Garden,_Xiamen,_China.JPG",,low-res
hamilton,5,Sessions House,images/landmarks/hamilton-bermuda-sessions-house.webp,700,525,1.333,29582,https://commons.wikimedia.org/wiki/File:Bermuda-House_of_Assembly_and_Supreme_Court.jpg,,low-res
leon,6,Iglesia de San Juan Bautista de Sutiaba,images/landmarks/leon-iglesia-de-san-juan-bautista-de-sutiaba.webp,720,540,1.333,32498,https://commons.wikimedia.org/wiki/File:SangredeCristo-Sutiaba-2011.jpg,,low-res
mingora,6,Udegram Ruins and Raja Gira's Castle,images/landmarks/mingora-udegram-ruins-and-raja-giras-castle.webp,720,540,1.333,158800,https://commons.wikimedia.org/wiki/File:Raja_Gira_Castle_walls_in_swat.jpg,,low-res
petropolis,9,Parque Nacional da Serra dos Órgãos,images/landmarks/petropolis-parque-nacional-da-serra-dos-orgaos.webp,720,540,1.333,33460,https://commons.wikimedia.org/wiki/File:Dedo_de_Deus_-_Parque_Nacional_Serra_dos_Org%C3%A3os.jpg,,low-res
windermere,0,Lake Windermere Cruises from Bowness Pier,images/landmarks/windermere-lake-windermere-cruises-from-bowness-pier.webp,720,540,1.333,71378,https://commons.wikimedia.org/wiki/File:Bowness_on_Windermere.jpg,,low-res
chefchaouen,7,God's Bridge (Pont de Dieu),images/landmarks/chefchaouen-gods-bridge.webp,761,571,1.333,116656,https://commons.wikimedia.org/wiki/File:AKCHOUR_le_Pont_de_Dieu_inscrit_au_patrimoine_de_l%27Unesco.jpg,,low-res
foz-do-iguacu,3,Itaipu Dam,images/landmarks/foz-do-iguacu-itaipu-dam.webp,785,589,1.333,76190,"https://commons.wikimedia.org/wiki/File:Itaipu_Dam,_Foz_do_Igua%C3%A7u,_Brazil.jpg",,low-res
savonlinna,0,Olavinlinna Castle,images/landmarks/savonlinna-olavinlinna-castle.webp,1200,900,1.333,24416,https://commons.wikimedia.org/wiki/File:Olavinlinna_Savonlinna.jpg,,small-file
durban,0,Moses Mabhida Stadium,images/landmarks/durban-moses-mabhida-stadium.webp,607,455,1.334,29784,https://commons.wikimedia.org/wiki/File:Moses_Mabhida_stadium_in_Durban.jpg,,low-res
hebron,9,"Nabi Yunis Shrine, Halhul",images/landmarks/hebron-nabi-yunis-shrine-halhul.webp,450,337,1.335,21658,https://en.wikipedia.org/wiki/Halhul,,low-res+small-file
lugano,2,Monte Brè,images/landmarks/lugano-monte-bre.webp,454,340,1.335,14520,https://commons.wikimedia.org/wiki/File:Monte_Bre.jpg,,low-res+small-file
tripoli,0,Red Castle (Assai al-Hamra) / Jamahiriya Museum,images/landmarks/tripoli-red-castle.webp,550,412,1.335,35564,"https://commons.wikimedia.org/wiki/File:Red_Castle_Museum_Tripoli,_LIbya.jpg",,low-res
la-paz,9,Mercado Lanza,images/landmarks/la-paz-mercado-lanza.webp,730,547,1.335,74916,https://commons.wikimedia.org/wiki/File:Nuevo_Mercado_Lanza.jpg,,low-res
montevideo,9,Cerro de Montevideo and Fortress,images/landmarks/montevideo-cerro-de-montevideo-and-fortress.webp,765,573,1.335,76878,https://commons.wikimedia.org/wiki/File:Fortaleza_del_Cerro.jpg,,low-res
luxembourg,3,Bock Casemates,images/landmarks/luxembourg-bock-casemates.webp,604,452,1.336,41384,https://commons.wikimedia.org/wiki/File:Casemates_Luxembourg_963.jpg,,low-res
murree,9,Kuldana and Lawrence College Ghora Gali,images/landmarks/murree-kuldana-and-lawrence-college-ghora-gali.webp,720,539,1.336,73568,https://commons.wikimedia.org/wiki/File:Lawrence_College.jpg,,low-res
nara-shi,7,Mount Wakakusa (Wakakusayama),images/landmarks/nara-shi-mount-wakakusa-wakakusayama.webp,768,575,1.336,33388,https://commons.wikimedia.org/wiki/File:MtWakakusa_Nara_Japan.jpg,,low-res
jakarta,7,National Museum of Indonesia,images/landmarks/jakarta-national-museum-of-indonesia.webp,793,593,1.337,73092,https://commons.wikimedia.org/wiki/File:Museum_Nasional_Indonesia.jpg,,low-res
antwerp,7,Antwerp Zoo,images/landmarks/antwerp-antwerp-zoo.webp,740,553,1.338,73532,https://commons.wikimedia.org/wiki/File:Entrance_Antwerp_Zoo.jpg,,low-res
kingston,4,Emancipation Park,images/landmarks/kingston-emancipation-park.webp,640,478,1.339,44108,https://commons.wikimedia.org/wiki/File:Laura_Facey_-_Redemption_song_003.jpg,,low-res
tripoli,9,Tripoli Cathedral (Church of San Francesco),images/landmarks/tripoli-tripoli-cathedral.webp,720,537,1.341,57004,https://commons.wikimedia.org/wiki/File:كاتدرائية_طرابلس.jpg,,low-res
xiamen,2,Xiamen University,images/landmarks/xiamen-xiamen-university.webp,350,260,1.346,13864,https://commons.wikimedia.org/wiki/File:XMU_campus.JPG,,low-res+small-file
addis-ababa,5,Africa Hall,images/landmarks/addis-ababa-africa-hall.webp,600,445,1.348,46344,https://en.wikipedia.org/wiki/File:African_Hall_Addis_Abeba.jpg,,low-res
kingstown,8,Kingstown Public Market,images/landmarks/kingstown-kingstown-public-market.webp,350,259,1.351,25298,"https://commons.wikimedia.org/wiki/File:Market_in_kingstown,_Saint_Vincent.png",,low-res
glasgow,6,"Clyde Auditorium (""The Armadillo"") & SEC",images/landmarks/glasgow-clyde-auditorium.webp,640,468,1.368,57558,https://commons.wikimedia.org/wiki/File:Clyde_Auditorium_and_the_Hydro_-_geograph.org.uk_-_2961258.jpg,,low-res
addis-ababa,0,Holy Trinity Cathedral,images/landmarks/addis-ababa-holy-trinity-cathedral.webp,600,436,1.376,52814,https://commons.wikimedia.org/wiki/File:Addis_Ababa_Ethiopia_2.jpg,,low-res
yaren,4,Moqua Well and Caves,images/landmarks/yaren-moqua-well-caves.webp,425,307,1.384,43490,https://commons.wikimedia.org/wiki/File:Cave_of_Nauru_(1917).jpeg,,low-res
memphis,3,Sun Studio,images/landmarks/memphis-sun-studio.webp,620,448,1.384,74738,https://commons.wikimedia.org/wiki/File:Sun_studio_memphis.jpg,,low-res
knysna,9,Jubilee Creek and the Goldfields,images/landmarks/knysna-jubilee-creek-and-the-goldfields.webp,680,491,1.385,25672,https://commons.wikimedia.org/wiki/File:Millwood01.jpg,,low-res
turku,9,Turku Art Museum,images/landmarks/turku-turku-art-museum.webp,554,398,1.392,38546,https://en.wikipedia.org/wiki/History%20of%20Turku,,low-res
freetown,2,State House,images/landmarks/freetown-state-house.webp,604,433,1.395,40946,"https://commons.wikimedia.org/wiki/File:State_House,_Freetown,_Sierra_Leone.jpg",,low-res
taichung,5,Taichung Park,images/landmarks/taichung-taichung-park.webp,594,425,1.398,41330,https://commons.wikimedia.org/wiki/File:Taichung_Park-1.JPG,,low-res
medellin,6,Parque Arví,images/landmarks/medellin-parque-arvi.webp,557,398,1.399,36596,https://commons.wikimedia.org/wiki/File:MetrocableArv%C3%AD1.JPG,,low-res
da-lat,2,Da Lat Railway Station,images/landmarks/da-lat-railway-station.webp,640,455,1.407,47710,https://commons.wikimedia.org/wiki/File:Da_Lat_Railway_Station_01.jpg,,low-res
mataram,4,Pura Lingsar,images/landmarks/mataram-pura-lingsar.webp,700,496,1.411,69902,https://commons.wikimedia.org/wiki/File:COLLECTIE_TROPENMUSEUM_De_poort_van_de_pura_in_Lingsar_TMnr_10016648.jpg,,low-res
shiraz,4,Tomb of Hafez (Hafezieh),images/landmarks/shiraz-tomb-of-hafez.webp,700,490,1.429,104184,https://commons.wikimedia.org/wiki/File:Hafez_880714_095.jpg,,low-res
banjul,1,Albert Market,images/landmarks/banjul-albert-market.webp,560,389,1.44,51102,https://commons.wikimedia.org/wiki/File:1014046-Banjul_Albert_Market-The_Gambia.jpg,,low-res
banjul,5,Cathedral of Our Lady of the Assumption,images/landmarks/banjul-cathedral.webp,560,388,1.443,33146,https://commons.wikimedia.org/wiki/File:1913328-Banjul-The_Gambia.jpg,,low-res
perpignan,0,Palais des Rois de Majorque (Palace of the Kings of Majorca),images/landmarks/perpignan-palais-des-rois-de-majorque.webp,630,436,1.445,51316,https://commons.wikimedia.org/wiki/File:Palaisdesrois.jpg,,low-res
malabo,2,Malabo Central Market,images/landmarks/malabo-central-market.webp,560,387,1.447,38912,"https://commons.wikimedia.org/wiki/File:Mercado_Central,_Malabo_City,_Equatorial_Guinea.jpg",,low-res
antsiranana,7,Cap Diego,images/landmarks/antsiranana-cap-diego.webp,793,548,1.447,66396,https://commons.wikimedia.org/wiki/File:Antsiranana_Diego_Suarez_typical_Arab-influenced_architecture_Madagascar.jpg,,low-res
windhoek,3,Reiterdenkmal (Equestrian Monument),images/landmarks/windhoek-reiterdenkmal-equestrian-monument.webp,500,344,1.453,32416,https://commons.wikimedia.org/wiki/File:Reiterdenkmal-Windhoek.jpg,,low-res
cotonou,7,Stade de l'Amitié,images/landmarks/cotonou-stade-de-l-amiti.webp,600,413,1.453,39882,https://commons.wikimedia.org/wiki/File:Stade_de_l%27amiti%C3%A9_de_Cotonou.jpg,,low-res
bariloche,5,Cerro Catedral,images/landmarks/bariloche-cerro-catedral.webp,788,539,1.462,99896,https://en.wikipedia.org/wiki/Cerro_Catedral,,low-res
antsiranana,0,Mer d'Emeraude (Emerald Sea),images/landmarks/antsiranana-mer-demeraude.webp,1040,706,1.473,22688,https://commons.wikimedia.org/wiki/File:Brandon_Sanderson_at_MCM_Comic_Con_London_22_May_2026_02.jpg,,small-file
mogadishu,2,Fakhr ad-Din Mosque,images/landmarks/mogadishu-fakhr-ad-din-mosque.webp,631,427,1.478,78372,https://commons.wikimedia.org/wiki/File:Fakr_Ud_Din_Mosque.jpg,,low-res
harare,5,Mbare Musika Market,images/landmarks/harare-mbare-musika-market.webp,604,408,1.48,68612,https://en.wikipedia.org/wiki/Mbare%2C_Harare,,low-res
cap-haitien,5,Monument des Héros de Vertières,images/landmarks/cap-haitien-monument-heros-vertieres.webp,566,382,1.482,44940,https://commons.wikimedia.org/wiki/File:Vertieres.jpg,,low-res
shiraz,5,Karim Khan Citadel (Arg of Karim Khan),images/landmarks/shiraz-karim-khan-citadel.webp,750,506,1.482,54678,https://commons.wikimedia.org/wiki/File:Arg.karimkhan.jpg,,low-res
banyuwangi,8,Taman Blambangan,images/landmarks/banyuwangi-taman-blambangan.webp,700,470,1.489,62294,https://en.wikipedia.org/wiki/Pura%20Taman%20Ayun,,low-res
funafuti,0,Funafuti Conservation Area,images/landmarks/funafuti-conservation-area.webp,500,335,1.493,18962,"https://commons.wikimedia.org/wiki/File:Fualifeke_Islet,_Funafuti_Atoll.jpg",,low-res+small-file
funafuti,9,Funafuti Te Ano Beach and Foreshore,images/landmarks/funafuti-te-ano-beach.webp,500,335,1.493,27484,https://commons.wikimedia.org/wiki/File:Beach_on_Fongafale_Islet.jpg,,low-res
lugano,1,Monte San Salvatore,images/landmarks/lugano-monte-san-salvatore.webp,498,333,1.495,40254,https://commons.wikimedia.org/wiki/File:Picswiss_TI-16-02.jpg,,low-res
panglao,3,Virgin Island (Pontod Sandbar),images/landmarks/panglao-virgin-island.webp,475,317,1.498,6470,https://commons.wikimedia.org/wiki/File:%ED%95%84%EB%A6%AC%ED%95%80_%EB%B3%B4%ED%99%80_%EB%B2%84%EC%A7%84_%EC%95%84%EC%9D%BC%EB%9E%9C%EB%93%9C_(Bohol_Virgin_Islands)_-_panoramio.jpg,,low-res+small-file
vladivostok,7,Primorsky Aquarium (Oceanarium),images/landmarks/vladivostok-primorsky-aquarium.webp,650,434,1.498,42868,https://commons.wikimedia.org/wiki/File:Oceanarium_of_Vladivostok.jpeg,,low-res
maseru,5,Morija Museum and Archives,images/landmarks/maseru-morija-museum.webp,520,347,1.499,30402,"https://commons.wikimedia.org/wiki/File:Morija_Museum_and_Archives_in_Morija,_Lesotho.jpg",,low-res
bangui,2,Ubangi River Waterfront,images/landmarks/bangui-ubangi-river-waterfront.webp,583,389,1.499,35896,https://commons.wikimedia.org/wiki/File:Ubangi_river_near_Bangui.jpg,,low-res
puebla,4,Museo Amparo,images/landmarks/puebla-museo-amparo.webp,640,427,1.499,62150,https://commons.wikimedia.org/wiki/File:Fachada_Museo_Amparo.jpg,,low-res
victoria,0,Victoria Clock Tower (Lorlorz),images/landmarks/victoria-seychelles-clock-tower.webp,640,427,1.499,63904,https://commons.wikimedia.org/wiki/File:Victoria_clock_tower.jpg,,low-res
victoria,2,Cathedral of the Immaculate Conception,images/landmarks/victoria-seychelles-cathedral.webp,640,427,1.499,51644,"https://commons.wikimedia.org/wiki/File:Cathedral_of_the_Immaculate_Conception,_Victoria,_Seychelles.jpg",,low-res
victoria,5,Victoria Botanical Gardens,images/landmarks/victoria-seychelles-botanical-gardens.webp,640,427,1.499,69998,https://commons.wikimedia.org/wiki/File:Seychelles_National_Botanical_Gardens_Mahe_Victoria.jpg,,low-res
victoria,7,State House,images/landmarks/victoria-seychelles-state-house.webp,640,427,1.499,60528,https://commons.wikimedia.org/wiki/File:State_House_Seychelles.jpg,,low-res
lusaka,2,Zambia National Assembly Building,images/landmarks/lusaka-national-assembly.webp,670,447,1.499,32272,https://commons.wikimedia.org/wiki/File:Zambia_National_Assembly_Building.jpg,,low-res
riyadh,0,Kingdom Centre Tower,images/landmarks/riyadh-kingdom-centre-tower.webp,691,461,1.499,51248,https://commons.wikimedia.org/wiki/File:Kingdom_Tower_at_night.JPG,,low-res
al-ahmadi,9,Sabah Al Ahmad Sea City (Khiran),images/landmarks/al-ahmadi-sabah-al-ahmad-sea-city-khiran.webp,700,467,1.499,56512,https://commons.wikimedia.org/wiki/File:Sabah_Al_Ahmad_Sea_City_-_A3_Aerial_Shot2.JPG,,low-res
hua-hin,6,Cicada Market,images/landmarks/hua-hin-cicada-market.webp,799,533,1.499,108102,https://commons.wikimedia.org/wiki/File:Cicada_Market.jpg,,low-res
atlanta,2,Centennial Olympic Park,images/landmarks/atlanta-centennial-olympic-park.webp,300,200,1.5,12902,https://commons.wikimedia.org/wiki/File:Centennial_Olympic_Park.jpg,,low-res+small-file
alice-springs,4,Alice Springs School of the Air,images/landmarks/alice-springs-alice-springs-school-of-the-air.webp,600,400,1.5,36466,https://commons.wikimedia.org/wiki/File:Alice_Springs_school_of_the_air.jpg,,low-res
da-lat,5,Datanla Waterfall,images/landmarks/da-lat-datanla-waterfall.webp,600,400,1.5,71218,https://commons.wikimedia.org/wiki/File:Datanla_falls.jpg,,low-res
santa-cruz-de-tenerife,2,Plaza de España,images/landmarks/santa-cruz-de-tenerife-plaza-de-espana.webp,600,400,1.5,45608,https://commons.wikimedia.org/wiki/File:Plaza_de_España(Santa_Cruz_de_Tenerife).jpg,,low-res
santa-cruz-de-tenerife,5,Palmetum de Santa Cruz,images/landmarks/santa-cruz-de-tenerife-palmetum-de-santa-cruz.webp,600,400,1.5,58444,https://commons.wikimedia.org/wiki/File:Palmetum_%28Santa_Cruz_de_Tenerife%29.jpg,,low-res
bengaluru,8,Nandi Hills,images/landmarks/bengaluru-nandi-hills.webp,1200,800,1.5,22408,"https://en.wikipedia.org/wiki/Nandi_Hills,_India",,small-file
da-nang,3,Lady Buddha and Linh Ung Pagoda,images/landmarks/da-nang-lady-buddha-linh-ung-pagoda.webp,1200,800,1.5,21590,https://pixabay.com/photos/buddha-danang-moon-sky-vietnam-7438162/,Leino194 / Pixabay,small-file
magelang,3,Punthuk Setumbu,images/landmarks/magelang-punthuk-setumbu.webp,1200,800,1.5,18310,https://commons.wikimedia.org/wiki/File:Sunrise_di_punthuk_setumbu.jpg,,small-file
nakuru,0,Lake Nakuru National Park,images/landmarks/nakuru-lake-nakuru-national-park.webp,1200,800,1.5,23570,https://commons.wikimedia.org/wiki/File:Lake_Nakuru_National_Park_02_-_Lesser_Flamingo_(Phoeniconaias_minor).jpg,,small-file
timimoun,7,Grand Erg Occidental Dunes at Tinerkouk,images/landmarks/timimoun-grand-erg-occidental-dunes-at-tinerkouk.webp,1200,800,1.5,20892,https://commons.wikimedia.org/wiki/File:Grand_erg_occidental.jpg,,small-file
tofino,0,Long Beach (Pacific Rim National Park Reserve),images/landmarks/tofino-long-beach-pacific-rim-national-park-reserve.webp,1200,800,1.5,14008,https://commons.wikimedia.org/wiki/File:Long_beach_Tofino_10.jpg,,small-file
bangui,5,Bangui M'Poko International Airport,images/landmarks/bangui-mpoko-international-airport.webp,800,533,1.501,21792,https://en.wikipedia.org/wiki/Bangui_M'Poko_International_Airport,,small-file
houmt-el-souk,5,Mosque of the Turks (Jamaa Ettrouk),images/landmarks/houmt-el-souk-mosque-of-the-turks.webp,800,533,1.501,17346,https://commons.wikimedia.org/wiki/File:Mosqu%C3%A9e_des_Turcs-Houmt_Souk.jpg,,small-file
nelson,6,World of WearableArt and Classic Cars Museum,images/landmarks/nelson-world-of-wearableart-and-classic-cars-museum.webp,350,233,1.502,13170,https://commons.wikimedia.org/wiki/File:WOW-Museum1.jpg,,low-res+small-file
yaren,3,Anibare Bay,images/landmarks/yaren-anibare-bay.webp,500,333,1.502,24714,https://commons.wikimedia.org/wiki/File:Nauru_Anibare_Bay.jpg,,low-res+small-file
banyuwangi,2,Alas Purwo National Park and G-Land,images/landmarks/banyuwangi-alas-purwo-national-park.webp,640,426,1.502,100596,https://commons.wikimedia.org/wiki/File:Alas_Purwo_Jawa_Timur.jpg,,low-res
inverness,5,River Ness and Ness Islands,images/landmarks/inverness-river-ness-and-ness-islands.webp,640,426,1.502,88792,"https://commons.wikimedia.org/wiki/File:River_Ness,_Ness_Islands,_Inverness_-_geograph.org.uk_-_1247094.jpg",,low-res
mataram,0,Islamic Center NTB (Hubbul Wathan Mosque),images/landmarks/mataram-islamic-center-ntb.webp,640,426,1.502,40554,https://commons.wikimedia.org/wiki/File:Hubbul_Wathan_Islamic_Center.jpg,,low-res
siddharthanagar,7,Lumbini Museum,images/landmarks/siddharthanagar-lumbini-museum.webp,640,426,1.502,52408,https://commons.wikimedia.org/wiki/File:Lumbini_Museum.jpg,,low-res
thiruvananthapuram,8,Kowdiar Palace,images/landmarks/thiruvananthapuram-kowdiar-palace.webp,640,426,1.502,52824,https://en.wikipedia.org/wiki/Kowdiar%20Palace,,low-res
victoria,8,Independence Avenue,images/landmarks/victoria-seychelles-independence-avenue.webp,640,426,1.502,59384,https://commons.wikimedia.org/wiki/File:Independence_Avenue_Victoria_Seychelles.jpg,,low-res
monrovia,3,Masonic Temple,images/landmarks/monrovia-masonic-temple.webp,655,436,1.502,35108,"https://commons.wikimedia.org/wiki/File:Grand_Masonic_Temple,_Monrovia,_Liberia.jpg",,low-res
adelaide,5,Mount Lofty Summit,images/landmarks/adelaide-mount-lofty-summit.webp,451,300,1.503,27122,https://commons.wikimedia.org/wiki/File:Mount_lofty_from_south.jpg,,low-res
livingstone,6,Livingstone Museum,images/landmarks/livingstone-livingstone-museum.webp,520,346,1.503,23946,https://en.wikipedia.org/wiki/Livingstone_Museum,,low-res+small-file
niamey,2,Niger River waterfront,images/landmarks/niamey-niger-river-waterfront.webp,1200,798,1.504,21538,https://commons.wikimedia.org/wiki/File:Niger_river_in_Niamey.jpg,,small-file
vigan,0,Calle Crisologo,images/landmarks/vigan-calle-crisologo.webp,720,478,1.506,67330,"https://commons.wikimedia.org/wiki/File:Calle_Crisologo,_Vigan_City.jpg",,low-res
durban,2,Golden Mile Beachfront,images/landmarks/durban-golden-mile-beachfront.webp,300,199,1.508,10048,https://commons.wikimedia.org/wiki/File:The_sun_set_of_GOLDEN_MILE.jpg,,low-res+small-file
dushanbe,0,Dushanbe Flagpole,images/landmarks/dushanbe-dushanbe-flagpole.webp,720,477,1.509,39316,https://commons.wikimedia.org/wiki/File:Flag_TJ_Bagh-i_Rudaki.jpg,,low-res
vatican-city,7,Vatican Necropolis (Tomb of St. Peter),images/landmarks/vatican-city-necropolis.webp,685,452,1.515,66738,https://commons.wikimedia.org/wiki/File:Vatican_Necropolis_tomb.jpg,,low-res
toulon,3,Cours Lafayette Market,images/landmarks/toulon-cours-lafayette-market.webp,640,420,1.524,68904,https://commons.wikimedia.org/wiki/File:Marché_de_Provence_cours_Lafayette.JPG,,low-res
kingston,0,Bob Marley Museum,images/landmarks/kingston-bob-marley-museum.webp,560,367,1.526,34144,https://commons.wikimedia.org/wiki/File:56hoperd.JPG,,low-res
winnipeg,4,Winnipeg Art Gallery – Qaumajuq,images/landmarks/winnipeg-winnipeg-art-gallery-qaumajuq.webp,714,467,1.529,33778,https://commons.wikimedia.org/wiki/File:Winnipeg_Art_Gallery.jpg,,low-res
turpan,9,Aydingkol Lake,images/landmarks/turpan-aydingkol-lake.webp,740,484,1.529,28116,https://commons.wikimedia.org/wiki/File:Aydingkol1.jpg,,low-res
moroni,2,La Corniche (Moroni Waterfront),images/landmarks/moroni-corniche-waterfront.webp,670,438,1.53,38532,https://commons.wikimedia.org/wiki/File:Moroni-Port.jpg,,low-res
yaounde,9,Musée La Blackitude,images/landmarks/yaounde-musee-la-blackitude.webp,553,361,1.532,41382,https://commons.wikimedia.org/wiki/File:BLackitude_Museum.jpg,,low-res
kralendijk,4,Pekelmeer Flamingo Sanctuary,images/landmarks/kralendijk-pekelmeer-flamingo-sanctuary.webp,719,469,1.533,48338,https://commons.wikimedia.org/wiki/File:BONAIRE_FLAMINGO_SANCTUARY.jpg,,low-res
kalamata,4,Kalamata Old Town,images/landmarks/kalamata-old-town.webp,560,365,1.534,46386,"https://commons.wikimedia.org/wiki/File:Kalamata,_Peloponnese,_Greece.jpg",,low-res
cardiff,5,St Fagans National Museum of History,images/landmarks/cardiff-st-fagans-national-museum.webp,640,417,1.535,40188,https://commons.wikimedia.org/wiki/File:St_Fagans_Castle.jpg,,low-res
bujumbura,8,Royal Drummers of Burundi Performance,images/landmarks/bujumbura-royal-drummers-of-burundi-performance.webp,704,458,1.537,30690,https://commons.wikimedia.org/wiki/File:Les_tambours_du_burundi.jpg,,low-res
kanchanaburi,5,Thailand-Burma Railway Centre,images/landmarks/kanchanaburi-thailand-burma-railway-centre.webp,600,385,1.558,25844,https://commons.wikimedia.org/wiki/File:Exterior_of_the_Centre.jpg,,low-res
alice-springs,5,Araluen Cultural Precinct,images/landmarks/alice-springs-araluen-cultural-precinct.webp,597,383,1.559,39460,https://commons.wikimedia.org/wiki/File:Alice_Springs0258.jpg,,low-res
haifa,4,Cave of Elijah,images/landmarks/haifa-cave-of-elijah.webp,746,477,1.564,39674,"https://commons.wikimedia.org/wiki/File:Grotto_of_Elijah,_Mt_Carmel.jpg",,low-res
cotonou,4,Place de l'Étoile Rouge,images/landmarks/cotonou-place-de-l-toile-rouge.webp,720,459,1.569,38392,https://commons.wikimedia.org/wiki/File:Place_de_l%27%C3%A9toile-rouge_%C3%A0_Cotonou._P%C3%A9riode_de_No%C3%ABl.jpg,,low-res
yaren,0,Nauru Parliament House,images/landmarks/yaren-parliament-house.webp,720,459,1.569,59506,https://commons.wikimedia.org/wiki/File:Nauru-parliament.jpg,,low-res
brazzaville,2,Cathédrale de Brazzaville,images/landmarks/brazzaville-cathedrale-de-brazzaville.webp,563,358,1.573,33978,https://commons.wikimedia.org/wiki/File:Cathédrale_de_Brazzaville-1907.jpg,,low-res
abidjan,4,Grand-Bassam,images/landmarks/abidjan-grand-bassam.webp,799,508,1.573,63812,https://commons.wikimedia.org/wiki/File:800px-Grand-Bassam.jpg,,low-res
arequipa,6,Mercado San Camilo,images/landmarks/arequipa-mercado-san-camilo.webp,576,366,1.574,55792,https://commons.wikimedia.org/wiki/File:Mercado_San_Camilo.jpg,,low-res
tegucigalpa,4,Iglesia Los Dolores,images/landmarks/tegucigalpa-iglesia-los-dolores.webp,720,457,1.575,43960,https://commons.wikimedia.org/wiki/File:Iglesia_Los_Dolores_Tegucigalpa.jpg,,low-res
dakar,7,Sandaga Market,images/landmarks/dakar-sandaga-market.webp,622,394,1.579,23430,https://commons.wikimedia.org/wiki/File:March%C3%A9_Sandaga_%C3%A0_Dakar.JPG,,low-res+small-file
belfast,9,Crown Liquor Saloon,images/landmarks/belfast-crown-liquor-saloon.webp,640,405,1.58,57920,https://en.wikipedia.org/wiki/Crown_Liquor_Saloon,,low-res
constantine,4,Sidi Rached Viaduct,images/landmarks/constantine-sidi-rached-viaduct.webp,516,325,1.588,27474,"https://commons.wikimedia.org/wiki/File:Constantine,_1972.jpg",,low-res
naples,9,Catacombe di San Gennaro,images/landmarks/naples-catacombe-di-san-gennaro.webp,700,440,1.591,39060,"https://commons.wikimedia.org/wiki/File:Catacombe_san_Gennaro,_vestibolo_inferiore.jpg",,low-res
najaf,0,Imam Ali Shrine (Haram of Imam Ali),images/landmarks/najaf-imam-ali-shrine.webp,640,402,1.592,44016,"https://commons.wikimedia.org/wiki/File:Imam_Ali_Shrine,_Najaf.jpg",,low-res
aurangabad,9,Himayat Bagh,images/landmarks/aurangabad-himayat-bagh.webp,774,485,1.596,100516,https://commons.wikimedia.org/wiki/File:Himayat%20Bagh.jpg,,low-res
brazzaville,3,Palais du Peuple,images/landmarks/brazzaville-palais-du-peuple.webp,596,373,1.598,38748,https://commons.wikimedia.org/wiki/File:Palais-du-Peuple-AEF-Brazzaville.png,,low-res
sigiriya,1,Sigiriya Frescoes,images/landmarks/sigiriya-frescoes.webp,1200,746,1.609,22082,"https://commons.wikimedia.org/wiki/File:Fresco%27s_te_Sigiriya_Frescoes_upon_Sigiri_(titel_op_object),_RP-F-2001-7-285-47.jpg",,small-file
port-moresby,2,Ela Beach,images/landmarks/port-moresby-ela-beach.webp,581,359,1.618,10742,https://commons.wikimedia.org/wiki/File:Ela_Beach_Port_Moresby.JPG,,low-res+small-file
perugia,6,Pozzo Etrusco (Etruscan Well),images/landmarks/perugia-pozzo-etrusco.webp,654,403,1.623,69084,https://commons.wikimedia.org/wiki/File:Pozzo_etrusco-_passerella.jpg,,low-res
mogadishu,6,Villa Somalia,images/landmarks/mogadishu-villa-somalia.webp,380,234,1.624,18932,https://commons.wikimedia.org/wiki/File:Villa_Somalia.jpg,,low-res+small-file
belfast,6,Botanic Gardens and Palm House,images/landmarks/belfast-botanic-gardens-palm-house.webp,635,391,1.624,75684,https://en.wikipedia.org/wiki/Botanic_Gardens_(Belfast),,low-res
manaus,4,Museu do Seringal Vila Paraíso,images/landmarks/manaus-museu-do-seringal-vila-paraiso.webp,799,491,1.627,119226,https://commons.wikimedia.org/wiki/File:Museu_do_Seringal_Vila_Para%C3%ADso_(12091527864).jpg,,low-res
funafuti,5,Fongafale Islet War Relics,images/landmarks/funafuti-fongafale-war-relics.webp,640,393,1.628,61296,https://commons.wikimedia.org/wiki/File:155mm-gun-M1918-funafuti.jpg,,low-res
tarawa,2,"Japanese Bunkers and Naval Guns, Betio",images/landmarks/tarawa-japanese-bunkers-guns.webp,640,387,1.654,37520,https://commons.wikimedia.org/wiki/File:8-inch-japanese-gun-betio.jpg,,low-res
maun,6,Lake Ngami,images/landmarks/maun-lake-ngami.webp,736,442,1.665,41678,https://commons.wikimedia.org/wiki/File:Lake_Ngami-1857.jpg,,low-res
the-valley,6,Sandy Ground Village and Salt Pond,images/landmarks/the-valley-sandy-ground-village-and-salt-pond.webp,620,372,1.667,25804,https://commons.wikimedia.org/wiki/File:Sandy_Ground_Anguilla.jpg,,low-res
mariehamn,9,Mariehamn Town Hall (Stadshuset),images/landmarks/mariehamn-mariehamn-town-hall-stadshuset.webp,659,381,1.73,20948,https://commons.wikimedia.org/wiki/File:Stadshuset_i_Mariehamn.jpg,,low-res+small-file
belfast,2,Peace Walls and Political Murals,images/landmarks/belfast-peace-walls-murals.webp,640,367,1.744,62602,https://en.wikipedia.org/wiki/Peace_lines,,low-res
nakuru,4,Hyrax Hill Prehistoric Site and Museum,images/landmarks/nakuru-hyrax-hill-prehistoric-site.webp,377,215,1.753,20144,https://commons.wikimedia.org/wiki/File:Hyrax_Hill_Museum.jpg,,low-res+small-file
manzanillo,4,Playa Miramar,images/landmarks/manzanillo-playa-miramar.webp,1200,676,1.775,20914,https://commons.wikimedia.org/wiki/File:Sunset_at_Playa_Miramar_-_Manzanillo_-_Colima_-_Mexico_-_01_(52572660035).jpg,,small-file
guatemala-city,9,Mercado Central,images/landmarks/guatemala-city-mercado-central.webp,480,270,1.778,19670,https://commons.wikimedia.org/wiki/File:Mercado_central.jpg,,low-res+small-file
murree,8,Bhurban,images/landmarks/murree-bhurban.webp,720,405,1.778,24124,"https://commons.wikimedia.org/wiki/File:Bhurban,_Murree.jpg",,low-res+small-file
natal,2,Genipabu Dunes and Lagoon,images/landmarks/natal-genipabu-dunes-and-lagoon.webp,960,539,1.781,11436,https://commons.wikimedia.org/wiki/File:Dunas_de_Genipabu_em_Natal_-_Rio_Grande_do_Norte.jpg,,small-file
durban,6,Suncoast Casino and Beach,images/landmarks/durban-suncoast-casino-and-beach.webp,718,403,1.782,23580,https://commons.wikimedia.org/wiki/File:Suncoast_casino_durban.jpg,,low-res+small-file
lome,5,Palais de Lomé,images/landmarks/lome-palais-de-lome.webp,464,260,1.785,23992,https://commons.wikimedia.org/wiki/File:Palais_de_Lomé.jpg,,low-res+small-file
medina,8,Hejaz Railway Museum (Al-Madinah Station),images/landmarks/medina-hejaz-railway-museum.webp,669,374,1.789,36738,https://commons.wikimedia.org/wiki/File:Madinah-station.JPG,,low-res
goma,2,Lake Kivu Waterfront,images/landmarks/goma-lake-kivu-waterfront.webp,775,433,1.79,44838,"https://commons.wikimedia.org/wiki/File:Goma,_Lake_Kivu,_DRC_(Zaire_-_Congo),_Photo_by_Sascha_Grabow.jpg",,low-res
jerusalem,7,Garden of Gethsemane,images/landmarks/jerusalem-garden-of-gethsemane.webp,592,330,1.794,23280,https://commons.wikimedia.org/wiki/File:Garden_of_Gethsemane_(9088060226).jpg,,low-res+small-file
bodrum,0,Bodrum Castle (Castle of St. Peter),images/landmarks/bodrum-bodrum-castle.webp,600,330,1.818,29734,https://en.wikipedia.org/wiki/Bodrum_Castle,,low-res
bodrum,9,Bodrum Maritime Museum,images/landmarks/bodrum-bodrum-maritime-museum.webp,600,330,1.818,30732,https://en.wikipedia.org/wiki/Bodrum_Castle,,low-res
lijiang,9,Naxi Ancient Music Association,images/landmarks/lijiang-naxi-ancient-music-association.webp,482,258,1.868,42270,https://en.wikipedia.org/wiki/Music%20of%20Yunnan,,low-res
mykonos,5,Armenistis Lighthouse,images/landmarks/mykonos-armenistis-lighthouse.webp,1200,628,1.911,23178,https://commons.wikimedia.org/wiki/File:Phare_Armenistis_(%C3%AEle_de_Mykonos_Gr%C3%A8ce).jpg,,small-file
brasilia,1,Congresso Nacional (National Congress),images/landmarks/brasilia-congresso-nacional.webp,500,257,1.946,15940,https://en.wikipedia.org/wiki/Brazilian_National_Congress,,low-res+small-file
kingston,8,Tuff Gong Recording Studio,images/landmarks/kingston-tuff-gong-recording-studio.webp,768,394,1.949,45960,https://commons.wikimedia.org/wiki/File:Tuff_Gong_1.jpg,,low-res
karakol,8,Issyk-Kul Lake Shore,images/landmarks/karakol-issyk-kul-lake-shore.webp,749,384,1.951,62772,https://commons.wikimedia.org/wiki/File:Issykkul_plyag.jpg,,low-res
guadalajara,3,Plaza de los Mariachis,images/landmarks/guadalajara-plaza-de-los-mariachis.webp,634,324,1.957,57106,https://commons.wikimedia.org/wiki/File:Plaza_de_los_Mariachis_2013.jpg,,low-res
cartagena,0,Ciudad Amurallada (Walled City),images/landmarks/cartagena-ciudad-amurallada.webp,796,398,2.0,48264,https://commons.wikimedia.org/wiki/File:La_muralla_de_cartagena.png,,low-res
kuching,9,Sarawak Textile Museum (Square Tower),images/landmarks/kuching-sarawak-textile-museum-square-tower.webp,1280,640,2.0,14006,https://en.wikipedia.org/wiki/Sarawak,,small-file
urganch,4,Museum of Contemporary Art of Uzbekistan,images/landmarks/urganch-museum-of-contemporary-art-of-uzbekistan.webp,1280,640,2.0,7328,https://en.wikipedia.org/wiki/Uzbekistan,,small-file
kingston,5,Hope Botanical Gardens and Zoo,images/landmarks/kingston-hope-botanical-gardens-and-zoo.webp,759,379,2.003,39762,"https://commons.wikimedia.org/wiki/File:Hope_gardens,_Kingston,_Jamaica_Carleton_H._Graves.jpg",,low-res
abuja,9,Gurara Falls,images/landmarks/abuja-gurara-falls.webp,616,300,2.053,26400,https://commons.wikimedia.org/wiki/File:Gurara_waterfalls.jpg,,low-res
liverpool,0,Royal Albert Dock,images/landmarks/liverpool-royal-albert-dock.webp,640,309,2.071,44700,"https://commons.wikimedia.org/wiki/File:Albert_Dock,_Liverpool_-_geograph.org.uk_-_847422.jpg",,low-res
la-romana,2,Río Chavón,images/landmarks/la-romana-rio-chavon.webp,1200,571,2.102,85326,"https://commons.wikimedia.org/wiki/File:Chav%C3%B3n_River._Casa_de_Campo_(historical_village),_La_Romana,_Dominican_Republic.jpg",,ultra-wide
batumi,4,Piazza Batumi,images/landmarks/batumi-piazza-batumi.webp,1200,570,2.105,104898,https://commons.wikimedia.org/wiki/File:BATUMI_PIAZZA.jpg,,ultra-wide
aachen,6,Centre Charlemagne,images/landmarks/aachen-centre-charlemagne.webp,1200,568,2.113,171714,https://commons.wikimedia.org/wiki/File:Centre_Charlemagne_Aachen_Katschhof_Ritter-Chorus.Stra%C3%9Fe_26._August_2020.jpg,,ultra-wide
fes,9,Royal Palace Gates (Dar el-Makhzen),images/landmarks/fes-royal-palace-gates.webp,1200,568,2.113,140258,https://commons.wikimedia.org/wiki/File:Dar_el-Makhzen-fez.jpg,,ultra-wide
harar,0,Harar Jugol (Old Walled City),images/landmarks/harar-harar-jugol.webp,1200,568,2.113,56178,https://commons.wikimedia.org/wiki/File:Harar_Gate.jpg,,ultra-wide
liverpool,5,St George's Hall,images/landmarks/liverpool-st-georges-hall.webp,1200,568,2.113,144222,"https://en.wikipedia.org/wiki/St_George's_Hall,_Liverpool",,ultra-wide
medellin,1,Comuna 13 Graffiti Tour,images/landmarks/medellin-comuna-13-graffiti-tour.webp,1200,568,2.113,231784,https://commons.wikimedia.org/wiki/File:Grafitti_-_Plaza_-_Comuna_13_-_Medell%C3%ADn_-_Colombia_2024.jpg,,ultra-wide
serekunda,9,Brikama Craft Market,images/landmarks/serekunda-brikama-craft-market.webp,1200,568,2.113,166342,https://commons.wikimedia.org/wiki/File:Wood_Carver_at_Brikama_Craft_Market.jpg,,ultra-wide
tegucigalpa,7,Parque Central (Plaza Morazán),images/landmarks/tegucigalpa-parque-central-plaza-morazan.webp,1200,568,2.113,119368,https://commons.wikimedia.org/wiki/File:Tegucigalpa%27s_central_park.jpg,,ultra-wide
porto-seguro,8,Farol de Porto Seguro,images/landmarks/porto-seguro-farol-de-porto-seguro.webp,1040,492,2.114,139758,https://commons.wikimedia.org/wiki/File:Farol_de_Porto_Seguro_02.jpg,,ultra-wide
bengaluru,2,Bangalore Palace,images/landmarks/bengaluru-bangalore-palace.webp,1200,567,2.116,127584,https://en.wikipedia.org/wiki/Bengaluru_Palace,,ultra-wide
lhasa,9,Yamdrok Lake (Yamdrok Yumtso),images/landmarks/lhasa-yamdrok-lake.webp,1200,567,2.116,87042,https://en.wikipedia.org/wiki/Yamdrok_Lake,,ultra-wide
vina-del-mar,4,Casino Municipal de Viña del Mar,images/landmarks/vina-del-mar-casino-municipal.webp,1200,567,2.116,153462,https://commons.wikimedia.org/wiki/File:Casino_Municipal_de_Viña_del_Mar.jpg,,ultra-wide
ohrid,1,Samuel's Fortress,images/landmarks/ohrid-samuels-fortress.webp,1200,566,2.12,172492,https://commons.wikimedia.org/wiki/File:Samuel's_Fortress_Ohrid_3.jpg,,ultra-wide
vladivostok,2,Eagle's Nest Hill and Funicular,images/landmarks/vladivostok-eagles-nest-funicular.webp,1200,564,2.128,234206,https://commons.wikimedia.org/wiki/File:Vladivostok_Funicular_(October_2024)-0.jpg,,ultra-wide
the-hague,9,Louwman Museum,images/landmarks/the-hague-louwman-museum.webp,933,438,2.13,45542,https://commons.wikimedia.org/wiki/File:Louwman_Museum_2023.jpg,,ultra-wide
liverpool,2,The Cavern Club,images/landmarks/liverpool-cavern-club.webp,1200,563,2.131,106780,"https://commons.wikimedia.org/wiki/File:Cavern_Club_entrance_%26_John_Lennon_statue_-_Mathew_Street,_Liverpool_(2015-11-11_16.11.37_by_Loco_Steve).jpg",,ultra-wide
lima,3,Museo Larco (Larco Museum),images/landmarks/lima-museo-larco.webp,1200,562,2.135,143948,https://en.wikipedia.org/wiki/Larco_Museum,,ultra-wide
qinhuangdao,1,Laolongtou (Old Dragon's Head),images/landmarks/qinhuangdao-laolongtou.webp,1200,562,2.135,69162,https://commons.wikimedia.org/wiki/File:Old_Dragon%27s_Head_of_Great_Wall.jpg,,ultra-wide
kingstown,1,St. George's Anglican Cathedral,images/landmarks/kingstown-st-george-s-anglican-cathedral.webp,1200,561,2.139,148726,https://commons.wikimedia.org/wiki/File:Kingstown_-_St._George's_Anglican_Cathedral_-_panoramio.jpg,,ultra-wide
bulawayo,3,National Gallery Bulawayo (Douslin House),images/landmarks/bulawayo-national-gallery-bulawayo-douslin-house.webp,1200,560,2.143,66708,https://commons.wikimedia.org/wiki/File:ZW_Bulawayo_National_Art_Gallery.JPG,,ultra-wide
castries,8,Port of Castries,images/landmarks/castries-port-of-castries.webp,1200,560,2.143,75248,https://commons.wikimedia.org/wiki/File:Port_of_Castries_(23487679553).jpg,,ultra-wide
funafuti,1,Funafuti International Airport Runway,images/landmarks/funafuti-airport-runway.webp,1200,560,2.143,59096,https://commons.wikimedia.org/wiki/File:ATR_72_in_Funafuti_Airport.jpg,,ultra-wide
funafuti,6,Tuvalu Government Building and Parliament House,images/landmarks/funafuti-government-parliament.webp,1200,560,2.143,205818,https://commons.wikimedia.org/wiki/File:Parliament._Government_building_in_Funafuti.jpg,,ultra-wide
hanoi,2,Temple of Literature (Van Mieu),images/landmarks/hanoi-temple-of-literature.webp,1200,560,2.143,184084,https://commons.wikimedia.org/wiki/File:Hanoi_Temple_of_Literature_(cropped).jpg,,ultra-wide
yogyakarta,1,Prambanan Temple,images/landmarks/yogyakarta-prambanan-temple.webp,1200,560,2.143,107788,https://commons.wikimedia.org/wiki/File:Yogyakarta_Indonesia_Prambanan-temple-complex-02.jpg,,ultra-wide
alicante,0,Castillo de Santa Barbara,images/landmarks/alicante-castillo-de-santa-barbara.webp,1200,558,2.151,94868,"https://commons.wikimedia.org/wiki/File:Castillo_de_Santa_B%C3%A1rbara,_Alicante,_Espa%C3%B1a,_2014-07-04,_DD_31.JPG",,ultra-wide
kayseri,1,Mount Erciyes,images/landmarks/kayseri-mount-erciyes.webp,1200,557,2.154,88340,"https://commons.wikimedia.org/wiki/File:Mount_Erciyes_(Argaeus),_Turkey_(31870998063)_(cropped).jpg",,ultra-wide
nuuk,4,Nuuk Fjord (Nuup Kangerlua),images/landmarks/nuuk-nuup-kangerlua-fjord.webp,1200,557,2.154,40698,https://commons.wikimedia.org/wiki/File:Nuup-Kangerlua.jpg,,ultra-wide
knysna,7,Brenton-on-Sea,images/landmarks/knysna-brenton-on-sea.webp,1200,556,2.158,123002,https://commons.wikimedia.org/wiki/File:Brenton_on_sea_South_Africa-93.jpg,,ultra-wide
lima,2,Basilica and Convent of San Francisco,images/landmarks/lima-basilica-san-francisco.webp,1200,556,2.158,90722,"https://en.wikipedia.org/wiki/Basilica_and_Convent_of_San_Francisco,_Lima",,ultra-wide
san-diego,3,Hotel del Coronado,images/landmarks/san-diego-hotel-del-coronado.webp,1200,556,2.158,104130,https://commons.wikimedia.org/wiki/File:2019_Hotel_del_Coronado_from_beach.jpg,,ultra-wide
tirana,1,Skanderbeg Monument,images/landmarks/tirana-skanderbeg-monument.webp,1200,556,2.158,83422,"https://commons.wikimedia.org/wiki/File:Monumento_a_Skanderbeg,_Tirana,_Albania,_2014-04-17,_DD_03.JPG",,ultra-wide
konya,5,Çatalhöyük,images/landmarks/konya-catalhoyuk.webp,1200,555,2.162,200110,"https://commons.wikimedia.org/wiki/File:%C3%87atalh%C3%B6y%C3%BCk,_7400_BC,_Konya,_Turkey_-_UNESCO_World_Heritage_Site,_09.jpg",,ultra-wide
munich,1,Frauenkirche (Munich Cathedral),images/landmarks/munich-frauenkirche.webp,1200,555,2.162,94246,"https://commons.wikimedia.org/wiki/File:Frauenkirche_Munich,_March_2018.jpg",,ultra-wide
chicago,9,Museum of Science and Industry,images/landmarks/chicago-museum-science-industry.webp,1200,554,2.166,99900,https://commons.wikimedia.org/wiki/File:Museum_of_Science_and_Industry.jpg,,ultra-wide
chisinau,7,Mihai Eminescu Central Park,images/landmarks/chisinau-mihai-eminescu-park.webp,1200,554,2.166,166220,https://commons.wikimedia.org/wiki/File:Mihai_Eminescu_Park_Chișinău_20250406_1.jpg,,ultra-wide
davao,3,Roxas Night Market,images/landmarks/davao-roxas-night-market.webp,1200,554,2.166,171896,https://commons.wikimedia.org/wiki/File:Roxas_Ave_Night_Market_001.jpg,,ultra-wide
kalamata,5,Kalamata Municipal Railway Park,images/landmarks/kalamata-municipal-railway-park.webp,1200,554,2.166,170718,https://commons.wikimedia.org/wiki/File:Kalamata_Municipal_Railway_Park_10.jpg,,ultra-wide
osogbo,3,Ataoja's Palace,images/landmarks/osogbo-ataojas-palace.webp,1200,554,2.166,40348,https://commons.wikimedia.org/wiki/File:Ataoja_Osogbo_Palace_Museum.jpg,,ultra-wide
quebec,8,Montmorency Falls,images/landmarks/quebec-montmorency-falls.webp,1200,553,2.17,208222,https://commons.wikimedia.org/wiki/File:Chute_Montmorency_panorama.jpg,,ultra-wide
willemstad,0,Handelskade Waterfront,images/landmarks/willemstad-handelskade-waterfront.webp,1200,553,2.17,113606,"https://commons.wikimedia.org/wiki/File:Facades_of_Handelskade,_Willemstad,_Cura%C3%A7ao_-_February_2020.jpg",,ultra-wide
delhi,1,Red Fort,images/landmarks/delhi-red-fort.webp,1200,551,2.178,89886,https://commons.wikimedia.org/wiki/File:Delhi_fort.jpg,,ultra-wide
kas,5,Kaş Old Town and Harbour,images/landmarks/kas-kas-old-town-and-harbour.webp,1200,550,2.182,182590,https://commons.wikimedia.org/wiki/File:Kaş_harbour_6101.jpg,,ultra-wide
malindi,3,Marafa Depression (Hell's Kitchen),images/landmarks/malindi-marafa-depression.webp,1200,550,2.182,205332,https://commons.wikimedia.org/wiki/File:Marafa_Hell's_Kitchen_Malindi_Kenya_1.jpg,,ultra-wide
belfast,1,Belfast City Hall,images/landmarks/belfast-city-hall.webp,1200,548,2.19,83818,https://en.wikipedia.org/wiki/Belfast_City_Hall,,ultra-wide
n-djamena,6,National Museum of Chad,images/landmarks/ndjamena-national-museum-of-chad.webp,1200,548,2.19,51922,https://commons.wikimedia.org/wiki/File:National_Museum_and_National_Library_of_Chad_in_N%27Djamena_-_2014-10-01_a.jpg,,ultra-wide
sydney,1,Sydney Harbour Bridge,images/landmarks/sydney-sydney-harbour-bridge.webp,1200,547,2.194,57664,https://commons.wikimedia.org/wiki/File:Sydney_Harbour_Bridge_from_Circular_Quay.jpg,,ultra-wide
jasper,4,Columbia Icefield and Athabasca Glacier,images/landmarks/jasper-columbia-icefield-and-athabasca-glacier.webp,1200,546,2.198,109224,"https://commons.wikimedia.org/wiki/File:Athabasca_Glacier_from_the_valley_floor,_Jasper_National_Park,_Alberta,_Canada.jpg",,ultra-wide
ghardaia,9,Ghardaïa Panoramic Viewpoint,images/landmarks/ghardaia-panoramic-viewpoint.webp,1200,544,2.206,125748,"https://commons.wikimedia.org/wiki/File:Panoramic_view_of_Ksar_Ghardaïa,_Algeria_2006.jpg",,ultra-wide
beijing,5,Beijing National Stadium (Bird's Nest),images/landmarks/beijing-birds-nest-stadium.webp,1200,542,2.214,114906,https://en.wikipedia.org/wiki/Beijing_National_Stadium,,ultra-wide
siem-reap,1,Bayon Temple,images/landmarks/siem-reap-bayon-temple.webp,1200,542,2.214,120436,"https://commons.wikimedia.org/wiki/File:Bayon,_Angkor_Thom,_Camboya,_2013-08-17,_DD_37.JPG",,ultra-wide
san-antonio,0,The Alamo,images/landmarks/san-antonio-the-alamo.webp,1200,541,2.218,119822,https://commons.wikimedia.org/wiki/File:Alamo_pano.jpg,,ultra-wide
tirupati,5,Akasa Ganga and Papavinasam Theertham,images/landmarks/tirupati-akasa-ganga-and-papavinasam-theertham.webp,1200,541,2.218,158024,https://commons.wikimedia.org/wiki/File:Papavinasam_Theertham.jpg,,ultra-wide
aqaba,2,Ayla Ruins,images/landmarks/aqaba-ayla-ruins.webp,1200,540,2.222,157768,https://commons.wikimedia.org/wiki/File:Ancient_Ayla_ruins_at_Aqaba.jpg,,ultra-wide
chisinau,6,National Museum of Ethnography and Natural History,images/landmarks/chisinau-national-museum-ethnography.webp,1200,540,2.222,188236,https://commons.wikimedia.org/wiki/File:National_Museum_of_Ethnography_and_Natural_History_in_Chișinău_14.jpg,,ultra-wide
hurghada,2,Hurghada Marina,images/landmarks/hurghada-hurghada-marina.webp,1200,540,2.222,52548,https://commons.wikimedia.org/wiki/File:Hurghada_Marina_for_yachts.jpg,,ultra-wide
ica,3,Plaza de Armas de Ica,images/landmarks/ica-plaza-de-armas-de-ica.webp,1200,540,2.222,163178,https://commons.wikimedia.org/wiki/File:Plaza_de_armas_de_Ica.jpg,,ultra-wide
jodhpur,6,Mandore Gardens,images/landmarks/jodhpur-mandore-gardens.webp,1200,540,2.222,250388,"https://commons.wikimedia.org/wiki/File:Mandore_Garden_in_Mandore,_Jodhpur_city,_Rajasthan_02.jpg",,ultra-wide
leshan,1,Lingyun Temple,images/landmarks/leshan-lingyun-temple.webp,1200,540,2.222,139510,https://commons.wikimedia.org/wiki/File:Leshan_Lingyun_Temple.jpg,,ultra-wide
lusaka,5,Kenneth Kaunda Statue,images/landmarks/lusaka-kenneth-kaunda-statue.webp,1200,540,2.222,200876,https://commons.wikimedia.org/wiki/File:KK_statue_in_2024_11.jpg,,ultra-wide
medan,0,Maimun Palace (Istana Maimun),images/landmarks/medan-maimun-palace.webp,1200,540,2.222,120194,https://commons.wikimedia.org/wiki/File:Istana_Maimoon.jpg,,ultra-wide
san-pedro-de-atacama,0,Valle de la Luna (Moon Valley),images/landmarks/san-pedro-de-atacama-valle-de-la-luna.webp,1200,540,2.222,65080,https://commons.wikimedia.org/wiki/File:Valle_della_Luna_01.jpg,,ultra-wide
selcuk,3,Temple of Artemis,images/landmarks/selcuk-temple-of-artemis.webp,1200,540,2.222,169098,https://commons.wikimedia.org/wiki/File:Temple_of_Ephesian_Artemis_(90795).jpg,,ultra-wide
trabzon,2,Boztepe Hill,images/landmarks/trabzon-boztepe-hill.webp,1200,540,2.222,26924,"https://commons.wikimedia.org/wiki/File:Boztepe,_Trabzon.jpg",,ultra-wide
yogyakarta,9,Alun-Alun Kidul,images/landmarks/yogyakarta-alun-alun-kidul.webp,1200,540,2.222,99390,"https://commons.wikimedia.org/wiki/File:Panoramic_photo_of_Alun-alun_Kidul,_Yogyakarta_(1).jpg",,ultra-wide
lamu,2,Lamu Museum,images/landmarks/lamu-lamu-museum.webp,1200,539,2.226,188444,https://commons.wikimedia.org/wiki/File:Lamu_Fort_Museum%27s.jpg,,ultra-wide
santiago,8,Barrio Lastarria,images/landmarks/santiago-cl-barrio-lastarria.webp,1200,539,2.226,148894,https://commons.wikimedia.org/wiki/File:Barrio_Lastarria_Santiago.jpg,,ultra-wide
trabzon,0,Hagia Sophia of Trabzon (Ayasofya Mosque),images/landmarks/trabzon-hagia-sophia.webp,1200,539,2.226,103412,https://commons.wikimedia.org/wiki/File:Trabzon_Ayasofya_Camii.jpg,,ultra-wide
yamoussoukro,5,Hôtel Président,images/landmarks/yamoussoukro-hotel-president.webp,1200,539,2.226,117578,https://commons.wikimedia.org/wiki/File:H%C3%B4tel_Pr%C3%A9sident_de_Yamoussoukro.jpg,,ultra-wide
anchorage,3,Alaska Native Heritage Center,images/landmarks/anchorage-alaska-native-heritage-center.webp,1200,538,2.23,159746,https://commons.wikimedia.org/wiki/File:Alaska_Native_Heritage_Center_across_Lake_Tiulana.jpg,,ultra-wide
pittsburgh,4,Roberto Clemente Bridge,images/landmarks/pittsburgh-roberto-clemente-bridge.webp,984,441,2.231,75634,https://commons.wikimedia.org/wiki/File:Roberto_Clemente_bridge.jpg,,ultra-wide
genoa,2,Acquario di Genova,images/landmarks/genoa-acquario.webp,1200,537,2.235,158044,https://commons.wikimedia.org/wiki/File:Acquario_di_Genova_2.jpg,,ultra-wide
aqaba,0,Aqaba Fort (Mamluk Castle),images/landmarks/aqaba-aqaba-fort.webp,1200,536,2.239,155852,https://commons.wikimedia.org/wiki/File:Aqaba_Fort_may_2024_by_najehphoto_(9).jpg,,ultra-wide
aqaba,1,Aqaba Flagpole and Great Arab Revolt Plaza,images/landmarks/aqaba-aqaba-flagpole-and-great-arab-revolt-plaza.webp,1200,536,2.239,9000,https://commons.wikimedia.org/wiki/File:Aqaba_sarya_may_2024_(10).jpg,,ultra-wide+small-file
kolkata,0,Victoria Memorial,images/landmarks/kolkata-victoria-memorial.webp,1200,536,2.239,75724,https://commons.wikimedia.org/wiki/File:Victoria_Memorial_situated_in_Kolkata.jpg,,ultra-wide
medan,4,Tjong Yong Hian Tomb,images/landmarks/medan-tjong-yong-hian-tomb.webp,1200,535,2.243,183558,https://commons.wikimedia.org/wiki/File:%E5%8D%B0%E5%B0%BC%E8%98%87%E5%8C%97%E6%A3%89%E8%98%AD%E8%8C%82%E6%A6%95%E5%9C%92_Taman_Tjong_Yong_Hian_di_Medan.jpg,,ultra-wide
berlin,1,Reichstag Building,images/landmarks/berlin-reichstag-building.webp,1200,534,2.247,101296,https://en.wikipedia.org/wiki/Reichstag_building,,ultra-wide
nha-trang,4,Hon Chong Promontory,images/landmarks/nha-trang-hon-chong-promontory.webp,1200,534,2.247,111728,https://commons.wikimedia.org/wiki/File:Hon_Chong_rocks_2011.jpg,,ultra-wide
venice,1,St. Mark's Square (Piazza San Marco),images/landmarks/venice-st-marks-square.webp,1200,534,2.247,96140,https://commons.wikimedia.org/wiki/File:Panorama_Piazza_San_Marco_and_Venice_on_Easter_2013.jpg,,ultra-wide
noumea,1,Anse Vata Beach,images/landmarks/noumea-anse-vata-beach.webp,1200,533,2.251,125028,https://commons.wikimedia.org/wiki/File:Va'a_outrigger_canoeing_at_Anse_Vata_Beach_for_the_2011_Pacific_Games.jpg,,ultra-wide
gyeongju,2,Daereungwon Tomb Complex (Cheonmachong),images/landmarks/gyeongju-daereungwon-tomb-complex.webp,1200,528,2.273,79044,https://commons.wikimedia.org/wiki/File:Gyeongju_-_King_Tomb_Park_-_panoramio.jpg,,ultra-wide
sibiu,5,ASTRA Museum of Traditional Folk Civilisation,images/landmarks/sibiu-astra-museum.webp,1200,528,2.273,207752,"https://commons.wikimedia.org/wiki/File:ASTRA_National_Museum_Complex_,_main_entrance_of_the_Open_air_museum,_Sibiu.jpg",,ultra-wide
vienna,3,Belvedere Palace,images/landmarks/vienna-belvedere.webp,1200,528,2.273,64386,"https://commons.wikimedia.org/wiki/File:Palacio_Belvedere,_Viena,_Austria,_2020-02-01,_DD_93-95_HDR.jpg",,ultra-wide
vienna,2,Hofburg Palace,images/landmarks/vienna-hofburg.webp,1200,527,2.277,88804,https://commons.wikimedia.org/wiki/File:Wien_-_Neue_Hofburg.JPG,,ultra-wide
nagoya,4,SCMAGLEV and Railway Park,images/landmarks/nagoya-scmaglev-railway-park.webp,1024,449,2.281,44342,https://commons.wikimedia.org/wiki/File:SCMaglev_and_Railway_Park_-_2.jpg,,ultra-wide
salta,5,Cabildo de Salta (Museo Histórico del Norte),images/landmarks/salta-cabildo-de-salta.webp,1200,526,2.281,67698,"https://commons.wikimedia.org/wiki/File:Cabildo_de_Salta,_Argentina.jpg",,ultra-wide
xi-an,7,Shaanxi History Museum,images/landmarks/xian-shaanxi-history-museum.webp,1200,526,2.281,62126,https://commons.wikimedia.org/wiki/File:Shaanxi_History_Museum.jpg,,ultra-wide
banyuwangi,0,Kawah Ijen (Ijen Crater),images/landmarks/banyuwangi-kawah-ijen.webp,1200,525,2.286,19980,https://en.wikipedia.org/wiki/Ijen,,ultra-wide+small-file
lagos,7,Eko Atlantic City,images/landmarks/lagos-eko-atlantic-city.webp,1099,480,2.29,21052,https://commons.wikimedia.org/wiki/File:Eko_Atlantic_Location_map.png,,ultra-wide+small-file
copenhagen,5,Christiansborg Palace,images/landmarks/copenhagen-christiansborg-palace.webp,1200,524,2.29,71396,https://commons.wikimedia.org/wiki/File:Christiansborg_Slot_Copenhagen_2014_01.jpg,,ultra-wide
surabaya,7,Surabaya Zoo (Kebun Binatang Surabaya),images/landmarks/surabaya-surabaya-zoo.webp,1200,524,2.29,103556,https://commons.wikimedia.org/wiki/File:Surabaya_Zoo.JPG,,ultra-wide
kuching,4,The Astana,images/landmarks/kuching-the-astana.webp,1200,521,2.303,135128,https://commons.wikimedia.org/wiki/File:Astana_Kuching_Sarawak.jpg,,ultra-wide
dallas,4,Nasher Sculpture Center,images/landmarks/dallas-nasher-sculpture-center.webp,1200,520,2.308,85476,https://commons.wikimedia.org/wiki/File:Nasher_Sculpture_Center_Dallas.jpg,,ultra-wide
majuro,8,Majuro Lagoon,images/landmarks/majuro-lagoon.webp,700,303,2.31,45064,https://commons.wikimedia.org/wiki/File:Lagoon_side_with_native_dwellings_-_Majuro.jpg,,low-res+ultra-wide
washington-d-c,0,Lincoln Memorial,images/landmarks/washington-dc-lincoln-memorial.webp,1200,518,2.317,64678,https://commons.wikimedia.org/wiki/File:Lincoln_Memorial_east_side.JPG,,ultra-wide
the-valley,0,Wallblake House,images/landmarks/the-valley-wallblake-house.webp,1200,517,2.321,71796,"https://commons.wikimedia.org/wiki/File:Wallblake_House,_The_Valley.jpg",,ultra-wide
montpellier,1,Promenade du Peyrou,images/landmarks/montpellier-promenade-du-peyrou.webp,1200,516,2.326,114878,"https://commons.wikimedia.org/wiki/File:Place_royale_du_Peyrou,_Northeast_entrance.jpg",,ultra-wide
basel,2,Mittlere Brücke (Middle Bridge),images/landmarks/basel-mittlere-brucke.webp,1200,514,2.335,54310,https://en.wikipedia.org/wiki/Middle_Bridge%2C_Basel,,ultra-wide
charleston,7,Angel Oak,images/landmarks/charleston-angel-oak.webp,1200,514,2.335,177978,"https://commons.wikimedia.org/wiki/File:Angel_Oak,_Johns_Island,_South_Carolina.jpg",,ultra-wide
el-calafate,0,Perito Moreno Glacier,images/landmarks/el-calafate-perito-moreno-glacier.webp,1200,514,2.335,100836,https://commons.wikimedia.org/wiki/File:Perito_Moreno_Glacier_2023.jpg,,ultra-wide
matsuyama,6,Ninomaru Historical Garden,images/landmarks/matsuyama-ninomaru-historical-garden.webp,1200,514,2.335,133182,https://commons.wikimedia.org/wiki/File:Ninomaru20220617_13.jpg,,ultra-wide
washington-d-c,1,United States Capitol,images/landmarks/washington-dc-united-states-capitol.webp,1200,514,2.335,69922,https://commons.wikimedia.org/wiki/File:Capitol_Building_Full_View.jpg,,ultra-wide
guatemala-city,4,Relief Map (Mapa en Relieve),images/landmarks/guatemala-city-mapa-en-relieve.webp,1200,513,2.339,138092,https://commons.wikimedia.org/wiki/File:Mapa_en_Relieve_de_Guatemala_-_51575580031.jpg,,ultra-wide
mysore,3,Devaraja Market,images/landmarks/mysore-devaraja-market.webp,1200,511,2.348,100982,https://commons.wikimedia.org/wiki/File:Mysore_-_Devaraja_Mohalla.jpg,,ultra-wide
dijon,6,Place de la Libération,images/landmarks/dijon-place-de-la-liberation.webp,1200,510,2.353,97082,https://commons.wikimedia.org/wiki/File:Dijon_-_Place_de_la_Lib%C3%A9ration_-_1.jpg,,ultra-wide
bengaluru,9,Karnataka High Court (Attara Kacheri),images/landmarks/bengaluru-karnataka-high-court.webp,1200,506,2.372,90384,https://en.wikipedia.org/wiki/Attara_Kacheri,,ultra-wide
kazan,6,Old Tatar Quarter (Staro-Tatarskaya Sloboda),images/landmarks/kazan-old-tatar-quarter.webp,1200,506,2.372,78490,https://commons.wikimedia.org/wiki/File:Old_Tatar_Sloboda_in_Kazan_(April_2025)_-_0_1.jpg,,ultra-wide
perth,8,South Perth Foreshore,images/landmarks/perth-south-perth-foreshore.webp,1200,506,2.372,81328,https://commons.wikimedia.org/wiki/File:Perth_Skyline_Night_South_Perth_Foreshore.jpg,,ultra-wide
san-juan,0,Castillo San Felipe del Morro,images/landmarks/san-juan-castillo-san-felipe-del-morro.webp,1200,506,2.372,104188,https://commons.wikimedia.org/wiki/File:Castillo_San_Felipe_Del_Morro_%2816869927311%29.jpg,,ultra-wide
belgrade,6,House of the National Assembly,images/landmarks/belgrade-house-of-the-national-assembly.webp,1200,504,2.381,75250,"https://en.wikipedia.org/wiki/House_of_the_National_Assembly,_Belgrade",,ultra-wide
malaga,9,Playa de la Malagueta,images/landmarks/malaga-playa-de-la-malagueta.webp,1200,504,2.381,84420,"https://commons.wikimedia.org/wiki/File:Playa_de_la_Malagueta,_M%C3%A1laga,_Espa%C3%B1a,_2023-05-20,_DD_69.jpg",,ultra-wide
paris,1,Louvre Museum,images/landmarks/paris-louvre-museum.webp,1200,504,2.381,72930,https://commons.wikimedia.org/wiki/File:Louvre_Museum_Wikimedia_Commons.jpg,,ultra-wide
durham,2,Palace Green,images/landmarks/durham-palace-green.webp,1200,500,2.4,87310,https://commons.wikimedia.org/wiki/File:Durham_Cathedral_from_Palace_Green.jpg,,ultra-wide
nimes,0,Arènes de Nîmes (Roman Amphitheatre),images/landmarks/nimes-arenes-de-nimes.webp,1200,500,2.4,114852,https://commons.wikimedia.org/wiki/File:Arenes_de_Nimes_(18).jpg,,ultra-wide
port-of-spain,0,Queen's Park Savannah,images/landmarks/port-of-spain-queens-park-savannah.webp,1200,500,2.4,116180,https://commons.wikimedia.org/wiki/File:Port_of_Spain_with_Queen%27s_Park_Savannah_panorama.jpg,,ultra-wide
houston,1,Houston Museum of Natural Science,images/landmarks/houston-houston-museum-of-natural-science.webp,1200,499,2.405,147190,https://commons.wikimedia.org/wiki/File:HMNS.jpg,,ultra-wide
kyiv,7,Mariinsky Palace,images/landmarks/kyiv-mariinsky-palace.webp,1200,499,2.405,64356,"https://commons.wikimedia.org/wiki/File:2018-07-17_Mariinsky_Palace,_Kyiv,_Ukraine.jpg",,ultra-wide
oranjestad,8,National Archaeological Museum Aruba,images/landmarks/oranjestad-national-archaeological-museum.webp,1200,499,2.405,88894,"https://commons.wikimedia.org/wiki/File:Archaeological_Museum_Panorama_(1),_Oranjestad,_ARUBA.JPG",,ultra-wide
khartoum,2,Republican Palace (Presidential Palace),images/landmarks/khartoum-republican-palace.webp,1200,498,2.41,39206,"https://commons.wikimedia.org/wiki/File:Presidential_Palace_in_Khartoum,_Sudan.jpg",,ultra-wide
bilbao,4,Vizcaya Bridge (Puente Colgante),images/landmarks/bilbao-vizcaya-bridge.webp,1200,497,2.414,81086,https://en.wikipedia.org/wiki/Vizcaya_Bridge,,ultra-wide
charleston,2,Fort Sumter National Monument,images/landmarks/charleston-fort-sumter.webp,1200,494,2.429,39298,https://commons.wikimedia.org/wiki/File:FortSumter2009.jpg,,ultra-wide
goreme,4,Pigeon Valley (Güvercinlik Vadisi),images/landmarks/goreme-pigeon-valley.webp,1200,494,2.429,176978,https://commons.wikimedia.org/wiki/File:Guvercinlik_Vadisi.jpg,,ultra-wide
eilat,5,Mount Tzfahot,images/landmarks/eilat-mount-tzfahot.webp,800,329,2.432,22224,https://commons.wikimedia.org/wiki/File:Tzfahot.jpg,,ultra-wide+small-file
rome,1,Roman Forum,images/landmarks/rome-roman-forum.webp,1200,493,2.434,129014,https://commons.wikimedia.org/wiki/File:Foro_Romano_Musei_Capitolini_Roma.jpg,,ultra-wide
cancun,2,Cobá (Nohoch Mul Pyramid),images/landmarks/cancun-coba-nohoch-mul-pyramid.webp,1200,491,2.444,158616,https://commons.wikimedia.org/w/index.php?search=Cob%C3%A1%20%28Nohoch%20Mul%20Pyramid%29%20Canc%C3%BAn&title=Special:MediaSearch,,ultra-wide
san-diego,1,USS Midway Museum,images/landmarks/san-diego-uss-midway-museum.webp,1200,491,2.444,62084,"https://commons.wikimedia.org/wiki/File:San_Diego_(California,_USA),_USS_Midway_Museum_--_2012_--_5368.jpg",,ultra-wide
santiago-de-cuba,2,Cementerio Santa Ifigenia,images/landmarks/santiago-de-cuba-cementerio-santa-ifigenia.webp,1200,490,2.449,87656,"https://commons.wikimedia.org/wiki/File:Cementerio_Santa_Ifigenia,_Santiago_de_Cuba_36.jpg",,ultra-wide
detroit,2,Belle Isle Park,images/landmarks/detroit-belle-isle-park.webp,1200,489,2.454,58708,https://commons.wikimedia.org/wiki/File:Belle_Isle_Park.jpg,,ultra-wide
catania,1,Mount Etna,images/landmarks/catania-mount-etna.webp,1200,488,2.459,99170,https://commons.wikimedia.org/wiki/File:Mt_Etna_and_Catania1.jpg,,ultra-wide
las-palmas-de-gran-canaria,1,Vegueta Old Town,images/landmarks/las-palmas-de-gran-canaria-vegueta-old-town.webp,1200,488,2.459,112874,https://commons.wikimedia.org/wiki/File:Vegueta_D81_6060_View_from_Santa_Ana_church_bell_tower_(32313549676).jpg,,ultra-wide
kinshasa,4,National Museum of the Democratic Republic of Congo,images/landmarks/kinshasa-national-museum-of-the-democratic-republic-of-congo.webp,923,374,2.468,53474,https://commons.wikimedia.org/wiki/File:National_Museum_of_RD_Congo_01.jpg,,ultra-wide
freetown,6,Bunce Island,images/landmarks/freetown-bunce-island.webp,1000,405,2.469,88884,https://commons.wikimedia.org/wiki/File:Bunce_Island_north-west.JPG,,ultra-wide
hyderabad,5,Falaknuma Palace,images/landmarks/hyderabad-falaknuma-palace.webp,1200,484,2.479,100918,https://commons.wikimedia.org/wiki/File:Falaknuma_Palace_01.jpg,,ultra-wide
algiers,7,Jardin d'Essai du Hamma,images/landmarks/algiers-jardin-dessai-du-hamma.webp,1200,483,2.484,147184,https://commons.wikimedia.org/wiki/File:Jardin_d%27essai_du_Hamma.jpg,,ultra-wide
kashan,7,Tepe Sialk,images/landmarks/kashan-tepe-sialk.webp,1200,482,2.49,49322,"https://commons.wikimedia.org/wiki/File:Tepe_Sialk,_Kashan,_Irán,_2016-09-19,_DD_24.jpg",,ultra-wide
marmaris,6,Turunç Bay,images/landmarks/marmaris-turunc-bay.webp,1200,480,2.5,110758,https://commons.wikimedia.org/wiki/File:Turunc_panorama.jpg,,ultra-wide
munich,2,Nymphenburg Palace,images/landmarks/munich-nymphenburg-palace.webp,1200,480,2.5,76398,https://commons.wikimedia.org/wiki/File:Image-Schloss_Nymphenburg_Munich_CC.jpg,,ultra-wide
nassau,9,Prince George Wharf,images/landmarks/nassau-prince-george-wharf.webp,1200,480,2.5,79052,https://commons.wikimedia.org/wiki/File:Prince_George_Wharf_in_Nassau_Harbor.jpg,,ultra-wide
san-francisco,3,Painted Ladies,images/landmarks/san-francisco-painted-ladies.webp,1200,480,2.5,103026,https://commons.wikimedia.org/wiki/File:Painted_Ladies_San_Francisco_January_2013_panorama_2.jpg,,ultra-wide
chongqing,7,Nanshan Yizhi Botanical Garden (One Tree Viewing Platform),images/landmarks/chongqing-nanshan-yizhi-botanical-garden.webp,1200,478,2.51,60604,https://commons.wikimedia.org/wiki/File:SkylineOfChongqing.jpg,,ultra-wide
sa-pa,4,Ham Rong Mountain (Dragon's Jaw),images/landmarks/sa-pa-ham-rong-mountain-dragons-jaw.webp,1200,478,2.51,93792,https://commons.wikimedia.org/wiki/File:Sapa_vu_du_mont_Ham_Rong.jpg,,ultra-wide
marne-la-vallee,3,Château de Champs-sur-Marne,images/landmarks/marne-la-vallee-chateau-de-champs-sur-marne.webp,1200,476,2.521,90586,https://commons.wikimedia.org/wiki/File:Chateau_Champs_sur_Marne.jpg,,ultra-wide
thessaloniki,4,Thessaloníki Waterfront Promenade (Nea Paralia),images/landmarks/thessaloniki-thessaloniki-waterfront-promenade-nea-paralia.webp,1200,476,2.521,87766,https://commons.wikimedia.org/wiki/File:Thessaloniki_beach_promenade.jpg,,ultra-wide
varna,7,Asparuhov Bridge and Asparuhovo Beach,images/landmarks/varna-asparuhov-bridge.webp,1200,476,2.521,68940,https://commons.wikimedia.org/wiki/File:Asparuhov_Bridge_Varna.JPG,,ultra-wide
marseille,7,Palais Longchamp,images/landmarks/marseille-palais-longchamp.webp,1200,475,2.526,166036,https://commons.wikimedia.org/wiki/File:Palais_Longchamp_3.jpg,,ultra-wide
venice,4,Grand Canal,images/landmarks/venice-grand-canal.webp,1200,472,2.542,125260,https://commons.wikimedia.org/wiki/File:Canal_Grande_in_Venice_001.jpg,,ultra-wide
yogyakarta,0,Borobudur Temple,images/landmarks/yogyakarta-borobudur-temple.webp,1200,472,2.542,125820,https://commons.wikimedia.org/wiki/File:Borobudur-Nothwest-view.jpg,,ultra-wide
trier,6,Hauptmarkt,images/landmarks/trier-hauptmarkt.webp,1200,470,2.553,68594,https://commons.wikimedia.org/wiki/File:Hauptmarkt_Trier.jpg,,ultra-wide
salta,0,Plaza 9 de Julio,images/landmarks/salta-plaza-9-de-julio.webp,1200,468,2.564,87788,https://commons.wikimedia.org/wiki/File:Edificios_alrededor_de_la_plaza_9_de_Julio_Salta.jpg,,ultra-wide
yazd,0,Historic City of Yazd,images/landmarks/yazd-historic-city-of-yazd.webp,1200,468,2.564,45714,https://commons.wikimedia.org/wiki/File:Yazd_Historic_City.jpg,,ultra-wide
bern,5,Rose Garden (Rosengarten),images/landmarks/bern-rose-garden.webp,1200,466,2.575,146430,https://commons.wikimedia.org/wiki/File:Bern_Panorama_von_Rosengarten_20211007.jpg,,ultra-wide
novi-sad,0,Petrovaradin Fortress,images/landmarks/novi-sad-petrovaradin-fortress.webp,1200,465,2.581,63162,"https://commons.wikimedia.org/wiki/File:Petrovaradin_Fortress_(Péterváradi_vár,_Peterwardein).JPG",,ultra-wide
santiago-de-queretaro,7,Jardín Zenea & Templo de San Francisco,images/landmarks/santiago-de-queretaro-jardin-zenea-templo-de-san-francisco.webp,1200,465,2.581,108386,"https://commons.wikimedia.org/wiki/File:Quer%C3%A9taro_panor%C3%A1mica_centro,_jard%C3%ADn_Zenea.jpg",,ultra-wide
islamabad,3,Margalla Hills National Park,images/landmarks/islamabad-margalla-hills-national-park.webp,1200,464,2.586,73822,https://commons.wikimedia.org/wiki/File:Margalla_Hills_National_Park.jpg,,ultra-wide
marseille,1,Vieux-Port (Old Port),images/landmarks/marseille-vieux-port-old-port.webp,1200,464,2.586,91146,https://commons.wikimedia.org/wiki/File:Marseille_Old_Port.jpg,,ultra-wide
tarragona,0,Amfiteatre Romà (Roman Amphitheatre),images/landmarks/tarragona-amfiteatre-roma-roman-amphitheatre.webp,1200,464,2.586,130434,https://commons.wikimedia.org/wiki/File:Amphitheatre_of_Tarragona_02.jpg,,ultra-wide
nassau,6,Fort Charlotte,images/landmarks/nassau-fort-charlotte.webp,1200,460,2.609,83812,"https://commons.wikimedia.org/wiki/File:Fort_Charlotte,_Nassau,_The_Bahamas.jpg",,ultra-wide
mytilene,7,Yeni Tzami,images/landmarks/mytilene-yeni-tzami.webp,1200,458,2.62,88544,https://commons.wikimedia.org/wiki/File:Geni_Tzami_Mytilini.jpg,,ultra-wide
algiers,9,Bastion 23 / Palais des Raïs,images/landmarks/algiers-bastion-23.webp,1200,455,2.637,65552,https://commons.wikimedia.org/wiki/File:Bastion_23_-_Palais_18_-_Patio.jpg,,ultra-wide
kanazawa,1,Kanazawa Castle Park,images/landmarks/kanazawa-kanazawa-castle-park.webp,1200,452,2.655,80652,https://commons.wikimedia.org/wiki/File:Kanazawa-M-5937.jpg,,ultra-wide
natal,6,Centro de Turismo de Natal,images/landmarks/natal-centro-de-turismo-de-natal.webp,1200,452,2.655,91822,https://commons.wikimedia.org/wiki/File:Centro_de_Turismo_de_Natal_(RN).jpg,,ultra-wide
honiara,3,Point Cruz,images/landmarks/honiara-point-cruz.webp,1200,450,2.667,133248,"https://commons.wikimedia.org/wiki/File:Battle_of_Guadalcanal_Japanese_Plaque_on_cenotaph_at_Central_Police_Station,_Point_Cruz_Honiara._1993_Honiara_Association_Fukuoka_Japan.jpg",,ultra-wide
kelowna,6,Kasugai Gardens,images/landmarks/kelowna-kasugai-gardens.webp,1200,450,2.667,151994,https://commons.wikimedia.org/wiki/File:Kasugai_Gardens_Kelowna_July_2016_panarama_01.jpg,,ultra-wide
joao-pessoa,5,Parque Solon de Lucena (Lagoa),images/landmarks/joao-pessoa-parque-solon-de-lucena.webp,1200,449,2.673,123660,"https://commons.wikimedia.org/wiki/File:Parque_da_Lagoa_S%C3%B3lon_de_Lucena,_Jo%C3%A3o_Pessoa_(PB).jpg",,ultra-wide
parma,2,Palazzo della Pilotta,images/landmarks/parma-palazzo-della-pilotta.webp,1200,449,2.673,93488,"https://commons.wikimedia.org/wiki/File:Parma,_palazzo_della_pilotta_01.jpg",,ultra-wide
bengaluru,0,Vidhana Soudha,images/landmarks/bengaluru-vidhana-soudha.webp,1200,446,2.691,64218,https://en.wikipedia.org/wiki/Vidhana_Soudha,,ultra-wide
saint-john-s,6,Fort Barrington,images/landmarks/saint-johns-fort-barrington.webp,1200,445,2.697,78632,https://commons.wikimedia.org/wiki/File:Fort_Barrington_defensless_against_tourist_invasion_(16627845017).jpg,,ultra-wide
capri,9,Certosa di San Giacomo,images/landmarks/capri-certosa-di-san-giacomo.webp,1200,440,2.727,79726,https://commons.wikimedia.org/w/index.php?search=Certosa%20di%20San%20Giacomo%20Capri&title=Special:MediaSearch,,ultra-wide
dubrovnik,8,Lokrum Island,images/landmarks/dubrovnik-lokrum-island.webp,1200,437,2.746,30920,"https://commons.wikimedia.org/wiki/File:Isla_de_Lokrum,_Croacia,_2014-04-14,_DD_01.JPG",,ultra-wide
samarkand,5,Siyob Bazaar,images/landmarks/samarkand-siyob-bazaar.webp,1200,437,2.746,123204,https://commons.wikimedia.org/wiki/File:13S_20240410_110.jpg,,ultra-wide
edinburgh,1,Arthur's Seat,images/landmarks/edinburgh-arthur-s-seat.webp,1200,436,2.752,82938,"https://commons.wikimedia.org/wiki/File:Arthur's_Seat,_Edinburgh.JPG",,ultra-wide
granada,0,The Alhambra and Nasrid Palaces,images/landmarks/granada-alhambra-nasrid-palaces.webp,1200,436,2.752,116792,"https://commons.wikimedia.org/wiki/File:Nasrid_Palaces_and_Palace_of_Charles_V._Alhambra,_Granada._Spain.jpg",,ultra-wide
foz-do-iguacu,1,Garganta del Diablo (Argentine Side),images/landmarks/foz-do-iguacu-garganta-del-diablo.webp,1200,434,2.765,70434,https://commons.wikimedia.org/wiki/File:Garganta_del_Diablo_Panorama_2009_AR.jpg,,ultra-wide
knysna,1,Featherbed Nature Reserve,images/landmarks/knysna-featherbed-nature-reserve.webp,1200,434,2.765,129432,https://commons.wikimedia.org/wiki/File:Knysna_Head_West.jpg,,ultra-wide
santa-marta,7,Playa Cristal,images/landmarks/santa-marta-playa-cristal.webp,1200,427,2.81,99100,https://commons.wikimedia.org/wiki/File:Santa_Marta_-_Playa_Cristal_en_el_Tayrona_-_panoramio.jpg,,ultra-wide
lugano,0,Piazza della Riforma,images/landmarks/lugano-piazza-della-riforma.webp,1200,426,2.817,115246,"https://commons.wikimedia.org/wiki/File:Piazza_della_Riforma,_Lugano_4.jpg",,ultra-wide
ushuaia,5,Laguna Esmeralda,images/landmarks/ushuaia-laguna-esmeralda.webp,1200,424,2.83,156150,"https://commons.wikimedia.org/wiki/File:Laguna_Esmeralda,_Ushuaia,_Tierra_del_Fuego,_Argentina.jpg",,ultra-wide
turku,2,Aura Riverfront,images/landmarks/turku-aura-riverfront.webp,1200,422,2.844,130008,https://commons.wikimedia.org/wiki/File:Aurajoki_Turku_panorama.jpg,,ultra-wide
cabo-frio,9,Mirante do Pontal do Atalaia (Arraial do Cabo),images/landmarks/cabo-frio-mirante-pontal-do-atalaia.webp,1200,418,2.871,79350,https://commons.wikimedia.org/wiki/File:Praia_Brava_-_Pontal_do_Atalaia.jpg,,ultra-wide
niagara-falls,2,Niagara City Cruises (Voyage to the Falls),images/landmarks/niagara-falls-niagara-city-cruises-voyage-to-the-falls.webp,1200,418,2.871,45490,"https://commons.wikimedia.org/wiki/File:Hornblower_Niagara_Cruise_Approaching_Horseshoe_Falls,_Niagara_Falls,_Ontario_(29871587212).jpg",,ultra-wide
sihanoukville,5,Ochheuteal Beach,images/landmarks/sihanoukville-ochheuteal-beach.webp,1200,418,2.871,82720,"https://commons.wikimedia.org/wiki/File:Ochheuteal_Beach,_Sihanoukville.jpg",,ultra-wide
sihanoukville,7,Independence Beach,images/landmarks/sihanoukville-independence-beach.webp,1200,418,2.871,45908,https://commons.wikimedia.org/wiki/File:Independence_beach._Sihanoukville.jpg,,ultra-wide
zanzibar-city,1,Stone Town's Old Fort (Ngome Kongwe),images/landmarks/zanzibar-city-old-fort.webp,1200,418,2.871,117260,https://commons.wikimedia.org/wiki/File:Old_Fort_of_Zanzibar.jpg,,ultra-wide
encarnacion,6,San Roque González de Santa Cruz Bridge,images/landmarks/encarnacion-san-roque-gonzalez-de-santa-cruz-bridge.webp,1200,417,2.878,37318,https://commons.wikimedia.org/wiki/File:San_Roque_Gonz%C3%A1lez_de_Santa_Cruz_Bridge_7450.jpg,,ultra-wide
tampere,8,Rajaportti Sauna,images/landmarks/tampere-rajaportti-sauna.webp,1200,417,2.878,87274,https://commons.wikimedia.org/wiki/File:Rajaportin_sauna_pispala.jpg,,ultra-wide
porto-seguro,6,Arraial d'Ajuda,images/landmarks/porto-seguro-arraial-dajuda.webp,1200,416,2.885,84900,"https://commons.wikimedia.org/wiki/File:Arraial_d%27Ajuda_(Porto_Seguro),_Bahia,_Brazil.jpg",,ultra-wide
antwerp,1,Grote Markt,images/landmarks/antwerp-grote-markt.webp,1200,415,2.892,80320,https://commons.wikimedia.org/wiki/File:Grote_Markt_(Antwerpen).jpg,,ultra-wide
pretoria,9,Ditsong National Museum of Natural History,images/landmarks/pretoria-ditsong-museum.webp,1200,415,2.892,94468,https://commons.wikimedia.org/wiki/File:Transvaal_Museum.jpg,,ultra-wide
padang,3,Gunung Padang (Padang Hill),images/landmarks/padang-gunung-padang-hill.webp,1200,412,2.913,70648,https://commons.wikimedia.org/wiki/File:Padang_dari_Gunung_Padang_2.JPG,,ultra-wide
brussels,7,Cinquantenaire Arcade,images/landmarks/brussels-cinquantenaire-arcade.webp,1200,411,2.92,75672,https://en.wikipedia.org/wiki/Cinquantenaire,,ultra-wide
kerman,4,Kaluts of Shahdad (Lut Desert),images/landmarks/kerman-kaluts-of-shahdad.webp,1200,407,2.948,51846,https://commons.wikimedia.org/wiki/File:Kaluts_of_Shahdad.jpg,,ultra-wide
delhi,3,Humayun's Tomb,images/landmarks/delhi-humayuns-tomb.webp,1200,405,2.963,68372,"https://commons.wikimedia.org/wiki/File:Tomb_of_Humayun,_Delhi.jpg",,ultra-wide
pittsburgh,5,Mount Washington Overlook,images/landmarks/pittsburgh-mount-washington-overlook.webp,1200,405,2.963,105278,"https://commons.wikimedia.org/wiki/File:Pittsburgh_skyline_from_Mount_Washington,_2024-05-27,_01.jpg",,ultra-wide
yangshuo,4,Xianggong Hill,images/landmarks/yangshuo-xianggong-hill.webp,1024,343,2.985,31482,https://www.flickr.com/photos/67769030@N07/40916757694,Arian Zwegers (CC BY),ultra-wide
oslo,9,Akerselva River,images/landmarks/oslo-akerselva-river.webp,1200,400,3.0,99086,"https://commons.wikimedia.org/wiki/File:Akerselva_-_Oslo,_Norway_2020-08-03_(05).jpg",,ultra-wide
vladivostok,1,Russky Bridge,images/landmarks/vladivostok-russky-bridge.webp,1200,400,3.0,58358,https://commons.wikimedia.org/wiki/File:Russky_Bridge_(October_2024)-0_2.jpg,,ultra-wide
willemstad,8,Queen Juliana Bridge,images/landmarks/willemstad-queen-juliana-bridge.webp,1200,400,3.0,57490,"https://commons.wikimedia.org/wiki/File:Queen_Juliana_Bridge,_Willemstad,_Cura%C3%A7ao.jpg",,ultra-wide
durres,3,Durrës Beach,images/landmarks/durres-durres-beach.webp,1200,398,3.015,55578,https://commons.wikimedia.org/wiki/File:Durrës_beach_(by_Pudelek).JPG,,ultra-wide
dusseldorf,9,Hofgarten,images/landmarks/dusseldorf-hofgarten.webp,1200,395,3.038,167778,"https://commons.wikimedia.org/wiki/File:Düsseldorf_Hofgarten,_13._Mai_2021.jpg",,ultra-wide
batumi,5,Europe Square and the Medea Statue,images/landmarks/batumi-europe-square-medea-statue.webp,1200,394,3.046,78414,https://commons.wikimedia.org/wiki/File:1070_-_Kaukasus_2014_-_Georgien_-_Batumi_(17162956598).jpg,,ultra-wide
ohrid,7,Bay of Bones Museum,images/landmarks/ohrid-bay-of-bones-museum.webp,1200,391,3.069,70502,"https://commons.wikimedia.org/wiki/File:Museum_on_Water_2_(by_Pudelek),_Ohrid.JPG",,ultra-wide
amsterdam,8,Begijnhof,images/landmarks/amsterdam-begijnhof.webp,1200,388,3.093,113640,"https://commons.wikimedia.org/wiki/File:Amsterdam_(NL),_Begijnhof_--_2015_--_7215-8.jpg",,ultra-wide
mont-saint-michel,4,The Bay of Mont-Saint-Michel,images/landmarks/mont-saint-michel-the-bay-of-mont-saint-michel.webp,1200,388,3.093,19280,https://commons.wikimedia.org/wiki/File:Mont_st_michel_vue_baie_tombelaine.jpg,,ultra-wide+small-file
cancun,1,Playa Delfines,images/landmarks/cancun-playa-delfines.webp,1200,386,3.109,62106,https://commons.wikimedia.org/w/index.php?search=Playa%20Delfines%20Canc%C3%BAn&title=Special:MediaSearch,,ultra-wide
mumbai,9,Colaba Causeway,images/landmarks/mumbai-colaba-causeway.webp,1200,380,3.158,127708,https://commons.wikimedia.org/wiki/File:Colaba_Causeway_-_panoramio_(2).jpg,,ultra-wide
pemba,6,Murrébuè Beach,images/landmarks/pemba-murrebue-beach.webp,1200,380,3.158,24030,https://commons.wikimedia.org/wiki/File:Beach_hunt_(3912252464).jpg,,ultra-wide+small-file
porto-seguro,2,Passarela do Descobrimento (Passarela do Alcool),images/landmarks/porto-seguro-passarela-descobrimento.webp,1200,373,3.217,101886,https://commons.wikimedia.org/wiki/File:Passarela_do_descobrimento_-_Porto_seguro_-_Bahia.jpg,,ultra-wide
hamburg,8,HafenCity,images/landmarks/hamburg-hafencity.webp,1200,362,3.315,75488,"https://commons.wikimedia.org/wiki/File:Hamburg,_HafenCity,_Bebauung_am_Sandtorkai_--_2016_--_3037-41.jpg",,ultra-wide
nakuru,2,Baboon Cliff Viewpoint,images/landmarks/nakuru-baboon-cliff.webp,799,240,3.329,21718,https://commons.wikimedia.org/wiki/File:Baboon_Cliff_Panorama.jpg,,low-res+ultra-wide+small-file
kunming,8,Golden Horse and Jade Rooster Memorial Archway,images/landmarks/kunming-golden-horse-jade-rooster-archway.webp,1200,358,3.352,53156,https://commons.wikimedia.org/wiki/File:%E9%87%91%E9%A9%AC%E7%A2%A7%E9%B8%A1%E5%9D%8A.jpg,,ultra-wide
beppu,4,Kannawa District,images/landmarks/beppu-kannawa-district.webp,1200,356,3.371,139756,https://commons.wikimedia.org/wiki/File:Beppu_Kannawa_Panorama_01.jpg,,ultra-wide
cuenca,3,Pumapungo Archaeological Park and Museum,images/landmarks/cuenca-pumapungo.webp,1200,356,3.371,57282,https://commons.wikimedia.org/wiki/File:Panor%C3%A1mica_Pumapungo.png,,ultra-wide
kelowna,0,Okanagan Lake and City Park,images/landmarks/kelowna-okanagan-lake-and-city-park.webp,1200,354,3.39,70562,https://commons.wikimedia.org/wiki/File:Okanagan_Lake_-_Kelowna_City_Park.jpg,,ultra-wide
aachen,3,Elisenbrunnen,images/landmarks/aachen-elisenbrunnen.webp,1200,351,3.419,102416,https://commons.wikimedia.org/wiki/File:Elisenbrunnen_Panorama.jpg,,ultra-wide
aomori,5,Furukawa Fish Market (Aomori Gyosai Center),images/landmarks/aomori-furukawa-fish-market.webp,1200,349,3.438,68758,"https://commons.wikimedia.org/wiki/File:Furukawa_market_,_古川市場_青森魚菜センター_-_Panoramio_107351554.jpg",,ultra-wide
krabi,3,"Four Islands Tour (Ko Poda, Chicken Island, Ko Tup, Ko Mor)",images/landmarks/krabi-four-islands-tour.webp,1200,345,3.478,67424,https://commons.wikimedia.org/wiki/File:Ko_Kai_%26_Ko_Tub_12.jpg,,ultra-wide
copenhagen,7,Frederik's Church (Marble Church),images/landmarks/copenhagen-frederik-s-church.webp,1200,344,3.488,64498,"https://commons.wikimedia.org/wiki/File:Moltke%27s_Palace,_Frederik%27s_Church_(The_Marble_Church),_Levetzau%27s_Palace_(left_to_right)_as_seen_from_Amalienborg._Copenhagen,_Denmark,_Northern_Europe.jpg",,ultra-wide
washington-d-c,9,Arlington National Cemetery,images/landmarks/washington-dc-arlington-national-cemetery.webp,1200,344,3.488,109304,https://commons.wikimedia.org/wiki/File:Panorama_in_Arlington_National_Cemetery_(20_September_2023)_01.jpg,,ultra-wide
isfahan,4,Khaju Bridge,images/landmarks/isfahan-khaju-bridge.webp,1200,343,3.499,53916,"https://commons.wikimedia.org/wiki/File:Khaju_Bridge,_Isfahan_01.jpg",,ultra-wide
san-sebastian,1,Parte Vieja (Old Town),images/landmarks/san-sebastian-parte-vieja.webp,1200,341,3.519,98450,https://commons.wikimedia.org/wiki/File:Panorama_San_Sebastian_Parte_Vieja_06_2012_2503.jpg,,ultra-wide
heidelberg,9,Thingstätte and Heiligenberg,images/landmarks/heidelberg-thingst-tte-and-heiligenberg.webp,1200,340,3.529,128534,https://commons.wikimedia.org/wiki/File:Heidelberg_-_Thingst%C3%A4tte_01.jpg,,ultra-wide
bogota,1,Plaza de Bolívar,images/landmarks/bogota-plaza-de-bolivar.webp,1024,290,3.531,40528,"https://commons.wikimedia.org/wiki/File:Plaza_de_Bolívar,_Bogotá,_Colombia.jpg",,ultra-wide
phuket,5,Karon Viewpoint (Three Beaches Viewpoint),images/landmarks/phuket-karon-viewpoint.webp,1200,337,3.561,31114,https://commons.wikimedia.org/wiki/File:Three_beaches.jpg,,ultra-wide
cairo,3,Cairo Citadel of Saladin,images/landmarks/cairo-citadel-of-saladin.webp,1200,334,3.593,41330,https://commons.wikimedia.org/w/index.php?search=Cairo%20Citadel%20of%20Saladin%20Cairo&title=Special:MediaSearch,,ultra-wide
san-pedro-de-atacama,7,Valle del Arcoíris (Rainbow Valley),images/landmarks/san-pedro-de-atacama-valle-del-arcoiris.webp,1200,334,3.593,59374,"https://commons.wikimedia.org/wiki/File:Valle_Arcoiris,_Río_Grande,_Chile,_2016-02-05,_DD_16-18_PAN.JPG",,ultra-wide
jerusalem,5,Mount of Olives,images/landmarks/jerusalem-mount-of-olives.webp,1200,329,3.647,80950,https://commons.wikimedia.org/wiki/File:Jerusalem_panorama_from_Mount_of_Olives_07112018.jpg,,ultra-wide
paris,6,Musée d'Orsay,images/landmarks/paris-musee-dorsay.webp,1200,320,3.75,72978,https://commons.wikimedia.org/wiki/File:MuseeDOrsay.jpg,,ultra-wide
roseau,9,Morne Bruce,images/landmarks/roseau-morne-bruce.webp,1200,308,3.896,90928,https://commons.wikimedia.org/wiki/File:View_of_Roseau_(4).jpg,,ultra-wide
jaipur,3,Jantar Mantar,images/landmarks/jaipur-jantar-mantar.webp,1200,297,4.04,54330,https://commons.wikimedia.org/wiki/File:Jaipur_Jantar_Mantar_panorama_2011.jpg,,ultra-wide
stuttgart,2,Neues Schloss (New Palace),images/landmarks/stuttgart-neues-schloss-new-palace.webp,1200,296,4.054,58810,https://commons.wikimedia.org/wiki/File:Neues_Schloss_Schlossplatz_Stuttgart_2015_02.jpg,,ultra-wide
helsinki,4,Senate Square,images/landmarks/helsinki-senate-square.webp,1200,289,4.152,65232,"https://commons.wikimedia.org/wiki/File:Senate_Square_-_Senaatintori_-_Senatstorget,_Helsinki,_Finland.jpg",,ultra-wide
perth,1,Kings Park and Botanic Garden,images/landmarks/perth-kings-park-and-botanic-garden.webp,1200,288,4.167,62078,"https://commons.wikimedia.org/wiki/File:Perth_(AU),_View_from_Kings_Park_--_2019_--_0525-30.jpg",,ultra-wide
takamatsu,1,Yashima,images/landmarks/takamatsu-yashima.webp,1200,286,4.196,57224,https://commons.wikimedia.org/wiki/File:Takamatsu_pano_from_Yashima_335.jpg,,ultra-wide
rouen,9,Panorama from Côte Sainte-Catherine,images/landmarks/rouen-panorama-from-cote-sainte-catherine.webp,1200,280,4.286,80140,https://commons.wikimedia.org/wiki/File:Panorama_of_Rouen.jpg,,ultra-wide
amman,8,Odeon of Amman,images/landmarks/amman-odeon-of-amman.webp,1200,278,4.317,57802,https://commons.wikimedia.org/wiki/File:Amman_Odeon_04.jpg,,ultra-wide
santorini,4,Red Beach,images/landmarks/santorini-red-beach.webp,1200,278,4.317,46322,"https://commons.wikimedia.org/wiki/File:Red_Beach,_Santorini.jpg",,ultra-wide
siargao,5,Naked Island,images/landmarks/siargao-naked-island.webp,1200,272,4.412,35224,"https://commons.wikimedia.org/wiki/File:PANSUKIAN,_NAKED_ISLAND.jpg",,ultra-wide
coimbra,0,University of Coimbra (Paço das Escolas),images/landmarks/coimbra-university-of-coimbra.webp,1200,267,4.494,50786,https://commons.wikimedia.org/wiki/File:Coimbra_Pa%C3%A7o_das_Escolas_pano.jpg,,ultra-wide
quito,9,Plaza de San Francisco,images/landmarks/quito-plaza-san-francisco.webp,1200,263,4.563,42822,"https://commons.wikimedia.org/wiki/File:Plaza_de_San_Francisco_en_Centro_hist%C3%B3rico_de_Quito,_Ecuador.JPG",,ultra-wide
pattaya-chonburi,2,Pattaya Viewpoint (Pratamnak Hill),images/landmarks/pattaya-chonburi-pattaya-viewpoint.webp,1200,257,4.669,39718,https://commons.wikimedia.org/wiki/File:Panorama_of_Pattaya_city_from_Sunrise_Viewpoint_on_Ko_Lan_island.jpg,,ultra-wide
davao,6,Magsaysay Park,images/landmarks/davao-magsaysay-park.webp,1280,268,4.776,134458,https://commons.wikimedia.org/wiki/File:Magsaysay_park_davao_(3286705424).jpg,,ultra-wide
beihai,9,Yunnan Road Market,images/landmarks/beihai-yunnan-road-market.webp,1280,264,4.848,81598,"https://commons.wikimedia.org/wiki/File:Shaxi,_Yunnan,_China.jpg",,ultra-wide
valletta,5,Valletta Skyline from the Three Cities,images/landmarks/valletta-skyline-from-three-cities.webp,1200,238,5.042,55656,https://commons.wikimedia.org/wiki/File:Valletta-view-from-senglea-edit1.jpg,,ultra-wide
panama-city,2,Panama City Skyline (Cinta Costera),images/landmarks/panama-city-panama-city-skyline.webp,1200,226,5.31,24606,https://commons.wikimedia.org/wiki/File:Panama_Skyline_Cinta_Costera_2.jpg,,ultra-wide+small-file
oaxaca,9,Cerro del Fortín,images/landmarks/oaxaca-cerro-del-fortin.webp,1280,240,5.333,52946,https://commons.wikimedia.org/wiki/File:Panorama_cerro_del_Fortin.jpg,,ultra-wide
santorini,3,Fira to Oia Caldera Trail,images/landmarks/santorini-fira-to-oia-caldera-trail.webp,1200,224,5.357,38674,https://commons.wikimedia.org/wiki/File:Caldera_with_crater_rim_and_the_towns_Imerovigli_Firostefani_Fira_-_Santorini_-_Greece.jpg,,ultra-wide
cork,6,Elizabeth Fort,images/landmarks/cork-elizabeth-fort.webp,1200,220,5.455,44418,https://commons.wikimedia.org/wiki/File:Cork_-_Elizabeth_Fort_-_20170930210330.jpg,,ultra-wide
wellington,3,Mount Victoria Lookout,images/landmarks/wellington-mount-victoria-lookout.webp,1200,188,6.383,44706,https://commons.wikimedia.org/wiki/File:Wellington_from_the_Mount_Victoria_lookout_2026-06-13.jpg,,ultra-wide
la-ceiba,7,Playa La Ensenada,images/landmarks/la-ceiba-playa-la-ensenada.webp,1200,181,6.63,32292,https://commons.wikimedia.org/wiki/File:Playa_la_ceiba_parroquia_bideau.jpg,,ultra-wide
fenghuang,9,Southern Great Wall (Miaojiang Great Wall),images/landmarks/fenghuang-southern-great-wall-miaojiang-great-wall.webp,1280,183,6.995,85860,https://commons.wikimedia.org/wiki/File:Linhai_city_wall_Taizhou_banner1.jpg,,ultra-wide
tirupati,0,"Sri Venkateswara Temple, Tirumala",images/landmarks/tirupati-sri-venkateswara-temple-tirumala.webp,1200,171,7.018,51266,https://commons.wikimedia.org/wiki/File:Tirupati_banner_Tirumala_Venkateswara_Temple.jpg,,ultra-wide
sokcho,7,Cheongchoho Lake and Expo Tower,images/landmarks/sokcho-cheongchoho-lake.webp,1200,166,7.229,39452,https://commons.wikimedia.org/wiki/File:Korea-Sokcho-South_of_lake_panorama.jpg,,ultra-wide
