city,idx,name,current_img,current,current_ratio,tier,proposed_file,proposed,proposed_ratio,alternates
luxembourg,1,Notre-Dame Cathedral,images/landmarks/luxembourg-notre-dame-cathedral.webp,485x1600,0.303,good,File:Adolphe Bridge over the valley of Petrusse in Luxembourg City.jpg,6000x4000,1.5,File:Exterior of Luxembourg City railway station 20180627.jpg | File:20180901 Luxembourg railway station.jpg | File:Grand Ducal Palace (Luxembourg) 20180627.jpg
riga,1,Freedom Monument,images/landmarks/riga-freedom-monument.webp,507x1600,0.317,strong,File:Honour guard at The Freedom Monument IMG 2415 C.JPG,4272x2848,1.5,File:Freedom Monument Latvia 11.jpg | File:Freedom Monument Latvia 13.jpg | File:Freedom Monument (Brivibas Piemineklis) (2).JPG
rouen,0,Cathédrale Notre-Dame de Rouen (Rouen Cathedral),images/landmarks/rouen-cathedrale-notre-dame-de-rouen-rouen-cathedral.webp,624x1600,0.39,strong,File:Rouen (76) Cathédrale Notre-Dame Vitraux 211.jpg,7728x5152,1.5,
new-york,0,Statue of Liberty,images/landmarks/new-york-statue-of-liberty.webp,646x1600,0.404,strong,"File:1 New York, Statue of Liberty.jpg",3803x2137,1.78,"File:Fire boat new york harbor fdny statue of liberty.jpg | File:0326New York City Statue of Liberty.JPG | File:2 New York, Statue of Liberty.jpg"
strasbourg,7,European Parliament (Louise Weiss Building),images/landmarks/strasbourg-european-parliament-louise-weiss-building.webp,666x1600,0.416,weak,File:Orange the World Parliament stands against rape (49123424842).jpg,1618x1079,1.5,File:14-02-06-Parlement-européen-Strasbourg-RalfR-115.jpg | File:14-02-06-Parlement-européen-Strasbourg-RalfR-117.jpg | File:14-02-06-Parlement-européen-Strasbourg-RalfR-119.jpg
tours,0,Cathédrale Saint-Gatien,images/landmarks/tours-cathedrale-saint-gatien.webp,681x1600,0.426,strong,File:Tours - Cathédrale Saint-Gatien - Exterior - 14.jpg,6298x4198,1.5,File:Tours - Cathédrale Saint-Gatien.jpg | File:Tours - Cathédrale Saint-Gatien - Exterior - 16.jpg | File:Tours - Cathédrale Saint-Gatien - Exterior - 02.jpg
santiago,1,Plaza de Armas,images/landmarks/santiago-cl-plaza-de-armas.webp,683x1600,0.427,strong,"File:J24 705 Plaza de Armas, catedrál.jpg",5850x3900,1.5,"File:Catedral de Santiago de Chile na náměstí Plaza de Armas - panoramio.jpg | File:J27 852 Santiago de Chile, Plaza de Armas.jpg | File:J25 291e Plaza de Armas, catedral metropolitana.jpg"
new-york,1,Empire State Building,images/landmarks/new-york-empire-state-building.webp,687x1600,0.429,strong,File:Empire State Building - New York.jpg,4608x3072,1.5,File:Empire State Building (6853503067).jpg | File:Empire State Building (30371635731).jpg | File:Empire State Building - Sunset.jpg
pittsburgh,0,Cathedral of Learning,images/landmarks/pittsburgh-cathedral-of-learning.webp,696x1600,0.435,strong,File:Cathedral of Learning Pittsburgh (3).jpg,4608x3072,1.5,"File:Cathedral of Learning Pittsburgh (2).jpg | File:Cathedral of Learning blue sky cloud.jpg | File:Cathedral of Learning and Carnegie, Oakland, Pittsburgh, 2015-03-30.jpg"
berlin,2,Berlin TV Tower (Fernsehturm),images/landmarks/berlin-tv-tower-fernsehturm.webp,707x1600,0.442,strong,"File:Fernsehturm, Berlín, Alemania, 2016-04-21, DD 40-42 HDR.jpg",7394x4845,1.526,"File:Fernsehturm und Bode-Museum bei Sonnenaufgang, Berlin-Mitte, 151011, ako.jpg | File:View Berlin TV Tower Jan2015 img4.jpg | File:Berliner Dom und Fernsehturm, 170117, ako.jpg"
wurzburg,3,Würzburg Cathedral (Dom St. Kilian),images/landmarks/wurzburg-wurzburg-cathedral-dom-st-kilian.webp,715x1600,0.447,strong,"File:Doppelturmfassade (Westeite) Dom St. Kilian Würzburg, Eingerahmt von Gebäuden, P1010702, 2024-09-07, yj.jpg",4000x3000,1.333,"File:Würzburg Dom St. Kilian Front 4.JPG | File:Würzburg, Dom, östliche Aussenansicht, 001.jpg | File:St. Kilian's Cathedral (Würzburg) 01.JPG"
vatican-city,9,Vatican Obelisk,images/landmarks/vatican-city-obelisk.webp,719x1600,0.449,strong,File:Base of the Vatican obelisk.jpg,6016x4000,1.504,"File:Saint Peter's Square - Vatican obelisk and facade of Saint Peter's Basilica (2).jpg | File:Rome, Italy, The Vatican obelisk at St. Peter's Square.jpg | File:DSCF1343-Vatican Obelisk-St Pieter Square-Vaticano-Italy-Castielli CC0.jpg"
denpasar,1,Puputan Badung Square,images/landmarks/denpasar-puputan-badung-square.webp,720x1600,0.45,strong,File:Taman Puputan 1906-Denpasar Bali.JPG,1600x1200,1.333,
mar-del-plata,5,Torre Tanque,images/landmarks/mar-del-plata-torre-tanque.webp,720x1600,0.45,strong,File:Torre tanque.jpg,2896x1944,1.49,File:Vista de Mar del Plata desde la Torre Tanque.jpg | File:Torre Tanque de Obras Sanitarias de la Nación-Mar del plata-06.jpg | File:Escalera caracol de la torre de agua.jpg
new-orleans,2,St. Louis Cathedral,images/landmarks/new-orleans-st-louis-cathedral.webp,722x1600,0.451,strong,"File:St. Louis Cathedral, New Orleans, Louisiana.jpg",4272x2848,1.5,"File:Joe and Jill Biden in St Louis Cathedral, New Orleans, 6 January 2025 P20250106AS-1841.jpg | File:St. Louis Cathedral Tabernacle.jpg | File:President Joe Biden speaks at St Louis Cathedral, New Orleans 6 January 2025 P20250106AS-1944.jpg"
oranjestad,0,Fort Zoutman & Willem III Tower,images/landmarks/oranjestad-fort-zoutman.webp,730x1600,0.456,strong,File:Fort Zoutman Willem III Toren Brakins 06.jpg,6000x4000,1.5,File:Fort Zoutman Willem III Toren Brakins 04.jpg | File:Fort Zoutman Willem III Toren Brakins 07.jpg | File:Fort Zoutman Willem III Tower 2.jpg
hua-hin,2,Wat Huay Mongkol,images/landmarks/hua-hin-wat-huay-mongkol.webp,640x1386,0.462,good,File:Elephant at Wat Huai Mongkhon.JPG,2048x1536,1.333,File:Wat Huai Mongkhon Hall.JPG | File:Wat Huai Mongkhon.JPG | File:หลวงปู่ทวด@วัดห้วยมงคล หัวหิน - panoramio.jpg
tangier,0,Kasbah and Kasbah Museum (Dar el Makhzen),images/landmarks/tangier-kasbah-and-kasbah-museum-dar-el-makhzen.webp,739x1600,0.462,good,File:Entrance to the Kasbah (22955672269).jpg,4452x2967,1.501,File:Kasbah de Tanger.jpg | File:Kasbah de Tánger 14.jpg | File:Kasbah of Tangier (19515).jpg
ulm,6,Museum Ulm,images/landmarks/ulm-museum-ulm.webp,740x1600,0.463,strong,File:House in Ulm - panoramio (11).jpg,5184x3456,1.5,File:Ulm-Marktplatz9-1-Asio.JPG | File:GER — BW — RPT — Ulm — Marktpl. 9 — (Ulmer Museum) — Mattes 2022-03-13 Batch (14).jpg | File:GER — BW — RPT — Ulm — Marktpl. 9 — (Ulmer Museum) — Mattes 2022-03-13 Batch (42).jpg
melbourne,6,Eureka Tower / Skydeck,images/landmarks/melbourne-eureka-tower-skydeck.webp,484x1036,0.467,strong,File:Eureka Skydeck 88 2017.jpg,2112x1408,1.5,"File:Eureka Tower by Arnaud Mesureur.jpg | File:The Eureka Challenge (10921541666).jpg | File:Eureka tower in the clouds at sunrise, Melbourne, Victoria, Australia - Flickr - Romain Pontida.jpg"
puebla,1,Capilla del Rosario (Rosary Chapel),images/landmarks/puebla-capilla-del-rosario.webp,748x1600,0.468,strong,File:Capilla del Rosario la casa de oro.jpg,5184x3456,1.5,File:Amazing capilla del Rosario 01.jpg | File:Capilla del Rosario 03.jpg | File:Capilla del Rosario 04.jpg
shanghai,6,Shanghai World Financial Center,images/landmarks/shanghai-shanghai-world-financial-center.webp,749x1600,0.468,strong,File:Shanghai World Financial Center ground cover (3135088282).jpg,3499x2340,1.495,File:Shanghai World Financial Center (34331162).jpeg | File:Shanghai World Financial Center (2874673073).jpg | File:Shanghai World Financial Center (2874694867).jpg
pattaya-chonburi,7,Art in Paradise Pattaya,images/landmarks/pattaya-chonburi-art-in-paradise-pattaya.webp,754x1600,0.471,good,File:พิพิธภัณท์เหรียญ(167).jpg,5616x3744,1.5,File:พิพิธภัณฑ์เพื่อการศึกษาวัดหนังฯ.jpg | File:DFC 0740 Juicy cheeseburger with fresh lettuce on a sesame bun served alongside crispy fries.jpg | File:DFC 0616 Evening buzz outside the Poli Poli Bar - neon lights laughter and late-night chatter spilling onto the street.jpg
hebron,5,Tel Rumeida (Ancient Tel Hebron),images/landmarks/hebron-tel-rumeida.webp,758x1600,0.474,strong,"File:Travel 2 Palestine, Markings of Hebron Biblical Pathway, Tel Rumeida.jpg",4368x2912,1.5,"File:Travel 2 Palestine, Shepherd at Tel Rumeida, Hebron.jpg | File:Moritz Schmitz von Hülst, Olive Tree at Tel Rumeida, Hebron IMG 4978.jpg | File:Moritz Schmitz von Hülst, Abandoned Schweppes truck at Tel Rumeida, Hebron IMG 4973.jpg"
auckland,0,Sky Tower,images/landmarks/auckland-sky-tower.webp,764x1600,0.477,good,File:TVNZ building 2025.jpg,4080x3060,1.333,"File:Panorama of Auckland (4749714165).jpg | File:Practice safe Mex in Auckland. Bueno (15456312235).jpg | File:Bus on Victoria Street West, Auckland Central, 1991.jpg"
pisa,0,Leaning Tower of Pisa,images/landmarks/pisa-leaning-tower-of-pisa.webp,765x1600,0.478,strong,File:Leaning Tower of Pisa in 2017.jpg,5472x3648,1.5,"File:Leaning Tower and Cathedral, Pisa 12.jpg | File:Leaning Tower and Cathedral, Pisa 14.jpg | File:Leaning Tower of Pisa 比薩斜塔 - panoramio.jpg"
shanghai,0,Oriental Pearl Tower,images/landmarks/shanghai-oriental-pearl-tower.webp,765x1600,0.478,strong,File:Iron bridge and Oriental Pearl Tower (8367909542).jpg,6000x4000,1.5,File:Far view of the Oriental Pearl TV Tower (36305049221).jpg | File:Oriental Pearl Tower - Glass Floor View.JPG | File:Oriental Pearl Tower (37756932761).jpg
klaipeda,9,Central Post Office,images/landmarks/klaipeda-central-post-office.webp,770x1600,0.481,strong,File:Main post office building in Klaipėda 02.jpg,2816x1816,1.551,"File:Klaipėda's German post office - panoramio.jpg | File:No mail today.jpg | File:Liepu Gatve, Klaipeda, August 1980.jpg"
zaragoza,6,Goya Museum,images/landmarks/zaragoza-goya-museum.webp,775x1600,0.484,strong,File:Museo Goya Zaragoza 2.jpg,3264x2448,1.333,"File:La Gloria (boceto), de Francisco de Goya. (Museo Ibercaja Camón Aznar).jpg"
sana-a,7,Sana'a Tower Houses of Al-Qasimi Quarter,images/landmarks/sanaa-sanaa-tower-houses-of-al-qasimi-quarter.webp,778x1600,0.486,good,"File:Sana'a, Yemen (11643260583).jpg",6016x4016,1.498,"File:Sana'a, Yemen (in explore) - Flickr - Rod Waddington.jpg | File:Aerial bombardments on Sana'a, Yemen from Saudi Arabia without the right aircraft. injustice - panoramio.jpg | File:Sana'a Asir - HDR (15330955454).jpg"
dusseldorf,0,Rheinturm,images/landmarks/dusseldorf-rheinturm.webp,778x1600,0.486,strong,File:2015.09.26.160445 Rheinturm Düsseldorf.jpg,2736x1824,1.5,"File:2015.09.26.161652 Rheinturm Neuer Zollhof Düsseldorf.jpg | File:Dülmen, Börnste, Kettbach -- 2015 -- 4644.jpg | File:Dülmen, Börnste, Kettbach -- 2015 -- 9900.jpg"
shanghai,1,Shanghai Tower,images/landmarks/shanghai-shanghai-tower.webp,778x1600,0.486,strong,"File:""Never forgot initial heart, remember the mission"" slogan in the Bund, Shanghai.jpg",3968x2976,1.333,File:20191112 Bund Bull-1.jpg | File:20191112 Bund Bull-2.jpg | File:20191112 Bund Bull-3.jpg
san-sebastian,6,Catedral del Buen Pastor,images/landmarks/san-sebastian-catedral-del-buen-pastor.webp,784x1600,0.49,strong,File:Catedral del Buen Pastor (9177326725).jpg,3888x2592,1.5,File:Catedral del Buen Pastor - Donostia-San Sebastian (01).jpg | File:San Sebastian Peine del Viento-Haizearen Orrazia 1190518.jpg | File:San Sebastian El Peine del Viento-Haizearen Orrazia (present and future) 1190526.jpg
taormina,9,Mazzarò Beach and Cable Car,images/landmarks/taormina-mazzaro-beach-and-cable-car.webp,785x1600,0.491,good,File:Cable cars in Taormina 02.jpg,4032x2268,1.778,"File:Funivia mazzaro taormina - panoramio.jpg | File:Funivia mazzaro taormina - panoramio - kajikawa (1).jpg | File:98039 Taormina, Province of Messina, Italy - panoramio (19).jpg"
catania,4,Via Etnea,images/landmarks/catania-via-etnea.webp,788x1600,0.492,strong,File:Catania - Via Etnea.jpg,3830x2560,1.496,"File:Catania - Via Etnea - panoramio.jpg | File:Catania Via Etnea, north of Via Pacini.jpg | File:Catania Via Etnea.jpg"
colmar,3,Collégiale Saint-Martin,images/landmarks/colmar-coll-giale-saint-martin.webp,789x1600,0.493,good,File:2019-08-04 21-57-31 tour-alsace-dannemarie.jpg,6000x4000,1.5,File:2019-08-04 21-58-09 tour-alsace-dannemarie.jpg | File:2019-08-04 21-58-53 tour-alsace-dannemarie.jpg | File:2019-08-04 21-59-29 tour-alsace-dannemarie.jpg
shanghai,4,Jin Mao Tower,images/landmarks/shanghai-jin-mao-tower.webp,795x1600,0.497,strong,File:Shanghai-Jin Mao-04-Innenansicht-2012-gje.jpg,5184x3456,1.5,File:Shanghai-Jin Mao-06-Teeladen-2012-gje.jpg | File:Pudong 21874-Shanghai (33024703806).jpg | File:Shanghai tre skyskrapor.jpg
london,5,Westminster Abbey,images/landmarks/london-westminster-abbey.webp,796x1600,0.497,strong,File:London - Westminster Abbey (1).jpg,5184x3456,1.5,"File:London - Westminster Abbey (40420372903).jpg | File:7-7-29, service à Westminster (Abbey) pour le rétablissement du roi (CN) - btv1b53217528s.jpg | File:London Westminster Abbey P1130951.jpg"
lisbon,7,Cristo Rei (Christ the King),images/landmarks/lisbon-cristo-rei.webp,500x1000,0.5,strong,"File:View of Lisbon and Rio Tejo looking east from Santuário de Cristo Rei (Sanctuary of Christ the King) in Almada, Portugal (55135633797).jpg",4022x3028,1.328,"File:The Christ the King statue, Cristo Rei.JPG | File:The Sanctuary of Christ the King and the Tagus River.jpg | File:National Sanctuary of Christ the King, Lisbon (11977106504).jpg"
taormina,2,Corso Umberto,images/landmarks/taormina-corso-umberto.webp,800x1600,0.5,strong,File:Corso Umberto Taormina - panoramio.jpg,4134x2756,1.5,"File:Corso Umberto a Taormina.jpg | File:0052 - Taormina - Corso Umberto - Dettaglio di casa - Foto Giovanni Dall'Orto, 19-May-2008.jpg | File:0057 - Taormina - Corso Umberto - Ex Hotel Metropol - Foto Giovanni Dall'Orto, 20-May-2008.jpg"
saskatoon,2,Meewasin Valley Trail,images/landmarks/saskatoon-meewasin-valley-trail.webp,802x1600,0.501,good,File:Downtown Saskatoon (2954134514).jpg,3742x2496,1.499,"File:Downtown Saskatoon (3169712658).jpg | File:Kiwanis Park (8149839483).jpg | File:Central Business District, 23rd St E, Saskatoon (505690) (25993032242).jpg"
detroit,6,Guardian Building,images/landmarks/detroit-guardian-building.webp,803x1600,0.502,strong,File:Guardian Building grill.jpg,4000x3000,1.333,"File:Guardian Building, Detroit 2.jpg | File:Guardian Building, Griswold Street, Detroit, MI - 53027562748.jpg | File:Guardian Building and Michigan Consolidated Gas Company Building, Detroit, MI - 53027548473.jpg"
paris,9,Sainte-Chapelle,images/landmarks/paris-sainte-chapelle.webp,807x1600,0.504,strong,"File:Paris, Sainte-Chapelle, Untere Kapelle, Innenansicht (1).jpg",4000x3000,1.333,"File:Paris, Sainte-Chapelle, Obere Kapelle, Innenansicht (27).jpg | File:Sainte-Chapelle, Paris, from street.jpg"
freiburg,3,Schlossberg and Tower,images/landmarks/freiburg-schlossberg-tower.webp,821x1600,0.513,good,File:Freiburg im Breisgau Schlossbergturm 01.jpg,6016x4016,1.498,"File:Schlossbergturm in Freiburg, Treppe von oben 2.jpg | File:Schlossbergturm in Freiburg 9.jpg | File:Schlossbergturm in Freiburg, Aussichtsplattform mit Treppe zur Kanzel.jpg"
cork,1,St. Fin Barre's Cathedral,images/landmarks/cork-st-fin-barre-s-cathedral.webp,827x1600,0.517,strong,File:2017-06-15 7356x4904 cork saint fin barre's cathedral northeast.jpg,7356x4904,1.5,File:Saint Fin Barre's Cathedral.jpg | File:St Fin Barre's Cathedral.jpg | File:Cork St. Fin Barre's Cathedral Exterior Choir 06.jpg
frankfurt-am-main,5,Main Tower,images/landmarks/frankfurt-am-main-main-tower.webp,831x1600,0.519,strong,File:Frankfurt-Niederrader Bahnhof- auf Bahnsteig zu Gleis 2- Richtung Frankfurt am Main 7.6.2012.JPG,4912x3264,1.505,File:Frankfurter (Main) Flughafen Regionalbahnhof- auf Bahnsteig zu Gleis 1- Richtung Mainz 10.6.2012.jpg | File:Frankfurt am Main- Sozialgericht Frankfurt am Main- Außenansicht 16.6.2012.JPG | File:Frankfurt am Main- Bahnhof Taunusanlage- auf Bahnsteig zu Gleis 1 1.7.2012.jpg
stuttgart,4,Stiftskirche (Stuttgart Collegiate Church),images/landmarks/stuttgart-stiftskirche.webp,834x1600,0.521,strong,File:Stiftskirche Stuttgart-pjt1.jpg,6192x4128,1.5,File:Stiftskirche Stuttgart-pjt5.jpg | File:Stiftskirche Stuttgart-pjt6.jpg | File:Stiftskirche Stuttgart-pjt8.jpg
milan,2,Sforza Castle (Castello Sforzesco),images/landmarks/milan-sforza-castle-castello-sforzesco.webp,836x1600,0.522,strong,File:Sforza Castle (Castello Sforzesco) Milan high quality exterior view.jpg,5184x3456,1.5,"File:Sforza Castle (Castello Sforzesco), Milan (03).jpg | File:Sforza Castle (Castello Sforzesco), Milan (02).jpg | File:Sforza Castle (Castello Sforzesco), Milan (04).jpg"
baden-baden,5,Merkur Mountain,images/landmarks/baden-baden-merkur-mountain.webp,842x1600,0.526,strong,File:Baden-Baden-Merkur-55-2008-gje.jpg,2975x1857,1.602,File:Baden-Baden-Merkurturm-04-Wuerfel-2014-gje.jpg | File:Baden-Baden-Merkurturm-12-2010-gje.jpg | File:Baden-Baden-Merkurturm-14-Antenne-2010-gje.jpg
bissau,3,Bissau Cathedral (Sé Catedral de Bissau),images/landmarks/bissau-cathedral.webp,852x1600,0.532,strong,File:Catedral de Bissau (2).jpg,4608x2592,1.778,File:DC - Foto Serra No 132 - Catedral de Bissau.jpg | File:DC - Foto Serra No 027 - Bissau - Vista Aérea (1955).jpg | File:Katedrala u Bissauu 7.3.2026.jpg
innsbruck,8,City Tower (Stadtturm),images/landmarks/innsbruck-city-tower.webp,852x1600,0.532,strong,"File:Stadtturm Tower, Innsbruck.jpg",7747x5165,1.5,"File:Stadtturm Innsbruck (K16A9596).jpg | File:Innsbruck, der Inn vanaf de Universitätsbrücke met der Dom Sankt Jakob Dm64166 en der Stadtturm Dm64167 foto9 2017-07-30 16.22.jpg | File:Stadtturm 市政大樓 - panoramio.jpg"
salzburg,4,Mozart's Birthplace,images/landmarks/salzburg-mozart-s-birthplace.webp,855x1600,0.534,good,File:Salzburg Mozart Birthplace (9812850656).jpg,1598x1140,1.402,"File:Fachada de la casa natal de Mozart, Salzburgo, Austria, 2019-05-19, DD 56.jpg | File:Austria-00235 - Mozart's Second Home (19715784776).jpg | File:1944 - Salzburg - Mozart Wohnhaus, Makartplatz.jpg"
utrecht,0,Dom Tower (Domtoren),images/landmarks/utrecht-dom-tower.webp,854x1600,0.534,strong,File:Dom en domtoren vanuit het oosten - Utrecht - 20232131 - RCE.jpg,3134x2320,1.351,"File:Dom Tower, Domplein, seen from Stadhuisbrug, Utrecht 03.jpg | File:De Hamburgerbrug met de Oudegracht en de Domtoren in de Stad Utrecht.jpg | File:2012 Domtoren Utrecht.jpg"
nashville,9,Bridgestone Arena,images/landmarks/nashville-bridgestone-arena.webp,859x1600,0.537,strong,File:Bridgestone Arena Nashville 2012.jpg,4732x3088,1.532,File:Bridgestone Arena (North face) 2.JPG | File:Bridgestone Arena (Southwest corner) 1.JPG | File:Bridgestone Arena (North face) 1.JPG
bonn,1,Bonn Minster (Bonner Münster),images/landmarks/bonn-bonn-minster.webp,750x1371,0.547,strong,"File:Bonn, Münster -- 2021 -- 6653 (bw).jpg",6720x4480,1.5,"File:Bonn, Münster -- 2021 -- 6653.jpg | File:Bonn, Münster (11.-13. Jh.), Krypta.jpg | File:Bonn, Münster, Hochchor 1.jpg"
leticia,9,Puerto de Leticia,images/landmarks/leticia-puerto-de-leticia.webp,889x1600,0.556,strong,File:Puerto de Leticia.JPG,4320x3240,1.333,File:Leticia port in dry season.JPG | File:Leticia port in wet season.JPG | File:Leticia.jpg
prague,2,Prague Astronomical Clock,images/landmarks/prague-astronomical-clock.webp,895x1600,0.559,strong,"File:Astronomical Clock Prague 2014-01 (Tower, right side).jpg",5122x3415,1.5,"File:Astronomical Clock Prague 2014-01 (Tower, left side).jpg | File:Astronomical Clock - Old Town Square, Prague, Czech Republic - May 19, 2019.jpg | File:Astronomical Clock and Tyn Church Prague (51630232994).jpg"
santa-cruz-de-tenerife,6,Iglesia de la Concepción,images/landmarks/santa-cruz-de-tenerife-iglesia-de-la-concepcion.webp,896x1600,0.56,strong,"File:Iglesia de Nuestra Señora de la Concepción, Santa Cruz de Tenerife, España, 2012-12-15, DD 03.jpg",5225x3446,1.516,File:Iglesia Nuestra Señora de la Concepción - Santa Cruz de Tenerife.jpg | File:TORRE IGLESIA CONCEPCION SANTA CRUZ - panoramio.jpg | File:Iglesia Concepción Santa Cruz de Tenerife Entrada.jpg
bratislava,1,St. Martin's Cathedral,images/landmarks/bratislava-st-martin-s-cathedral.webp,898x1600,0.561,strong,File:St. Martin's Cathedral & Bratislava Castle (33791855856).jpg,5784x3856,1.5,"File:St. Martin's Cathedral in 2019.05.jpg | File:Bratislava Saint Martin's Cathedral O 01.jpg | File:Cathedral of St Martin, Bratislava 03.jpg"
bremen,2,Bremen Town Musicians Statue,images/landmarks/bremen-bremen-town-musicians-statue.webp,500x891,0.561,good,"File:Bremen, Bremer Stadtmusikanten -- 2021 -- 6369.jpg",6465x4310,1.5,File:Sieben-Faulen-Brunnen bremen 2019-04-19 -2.jpg | File:Sieben-Faulen-Brunnen bremen 2019-04-19 -1.jpg | File:Sieben-Faulen-Brunnen bremen 2019-04-19 -3.jpg
kandy,4,Udawattakele Forest Reserve,images/landmarks/kandy-udawattakele-forest-reserve.webp,898x1600,0.561,good,File:Udawattakele Kandy.JPG,4000x3000,1.333,File:Udawattakele kandy (3).JPG | File:Udawattakele kandy 2017-10-20 (1).jpg | File:Udawattakele kandy 2017-10-20 (2).jpg
erbil,0,Erbil Citadel,images/landmarks/erbil-erbil-citadel.webp,898x1600,0.561,strong,"File:2. Erbil Citadel, Erbil Governorate, Iraqi Kurdistan.jpg",4288x2848,1.506,"File:5. Erbil Citadel, Erbil Governorate, Iraqi Kurdistan.jpg | File:7. Erbil Citadel, Erbil Governorate, Iraqi Kurdistan.jpg | File:9. Erbil Citadel, Erbil Governorate, Iraqi Kurdistan.jpg"
toronto,9,Kensington Market,images/landmarks/toronto-kensington-market.webp,898x1600,0.561,strong,"File:Carlos' House of Spice, Kensington Market 2026.jpg",6000x4000,1.5,"File:Kensington Market in Toronto, June 24 2026 (17).jpg | File:Kensington Market in Toronto, June 24 2026 (09).jpg | File:Kensington Market in Toronto, June 24 2026 (05).jpg"
vilnius,8,Vilnius TV Tower,images/landmarks/vilnius-tv-tower.webp,898x1600,0.561,strong,"File:Vilnius, Lazdynai, Televizijos bokštas.jpg",6000x4000,1.5,"File:331 vilnius St. Catherine's Chuch (21654658939).jpg | File:Paneriai, Vilnius, Lithuania - panoramio (62).jpg | File:Paneriai, Vilnius, Lithuania - panoramio (63).jpg"
basseterre,1,The Circus and Berkeley Memorial Clock,images/landmarks/basseterre-the-circus-berkeley-memorial-clock.webp,900x1600,0.562,strong,"File:St. Kitts, Karibik - The Berkeley Memorial - Circus in Basseterre - panoramio.jpg",3611x2568,1.406,File:The Circus from Ballahoo.JPG | File:The Circus from Ballahoo 2.JPG | File:The Berkley Memorial.jpg
banda-aceh,0,Baiturrahman Grand Mosque,images/landmarks/banda-aceh-baiturrahman-grand-mosque.webp,900x1600,0.562,strong,File:Taraweh di Baiturrahman.jpg,6000x4000,1.5,"File:Prasasti mengenai tewasnya Jenderal Kohler dalam upaya penyerangan di Masjid Raya Baiturrahman; 2014.jpg | File:Meuseujid Raya Baiturrahman .jpg | File:Meuseujid Raya Baiturrahman, Aceh.jpg"
bariloche,4,Centro Cívico,images/landmarks/bariloche-centro-civico.webp,899x1600,0.562,strong,File:CENTRO CIVICO 18.JPG,4272x2848,1.5,File:CENTRO CIVICO 21.JPG | File:CENTRO CIVICO 20.JPG | File:CENTRO CIVICO 22.JPG
bishkek,5,Panfilov Park,images/landmarks/bishkek-panfilov-park.webp,899x1600,0.562,strong,File:Panfilov park.jpg,4032x3024,1.333,File:Bishkek-kyrgyzstan-panfilov park.jpg | File:Bishkek P9170513 29 (26229395198).jpg | File:Bishkek P9170514 002 (26229398468).jpg
cordoba,7,Torre de la Calahorra,images/landmarks/cordoba-torre-de-la-calahorra.webp,900x1600,0.562,strong,File:Córdoba-Puente Romano-Torre de La Calahorra-20110917.jpg,4272x2848,1.5,"File:170922 Torre de la Calahorra,.jpg | File:Torre de la Calahorra (36301033134).jpg | File:Torre de la Calahorra desde el aire (Córdoba, España).jpg"
cox-s-bazar,8,Sonadia Island,images/landmarks/coxs-bazar-sonadia-island.webp,900x1600,0.562,strong,"File:Mangrove Forest and Tidal Mudflats on Sonadia Island, Maheshkhali, Cox's Bazar, Bangladesh.jpg",3264x2448,1.333,"File:Sonadia Beach, (photo-Zahirul Islam-MLA).jpg | File:Sailing Through the Green.jpg | File:𝐁𝐥𝐚𝐜𝐤- 𝐇𝐞𝐚𝐝𝐞𝐝 𝐈𝐛𝐢𝐬.jpg"
arhus,2,Aarhus Cathedral (Aarhus Domkirke),images/landmarks/arhus-cathedral.webp,900x1600,0.562,strong,"File:2015-06-30 Aarhus, Domkirke 01.jpg",4752x3168,1.5,File:Aarhus Domkirke (ur).jpg | File:Aarhus Domkirke – Exterior.jpg | File:Aarhus Domkirke.JPG
corfu,1,Corfu Old Town and the Liston,images/landmarks/corfu-corfu-old-town-and-the-liston.webp,900x1600,0.562,good,"File:Korfu (GR), Korfu, Ptichia -- 2018 -- 1112.jpg",6720x4480,1.5,"File:Korfu (GR), Agii Douli, Olivenhain -- 2018 -- 1261.jpg | File:Korfu (GR), Nimfes, Quelle -- 2018 -- 1305.jpg | File:Korfu (GR), Nimfes, Quelle -- 2018 -- 1306.jpg"
guangzhou,8,Guangzhou Circle,images/landmarks/guangzhou-circle.webp,900x1600,0.562,strong,File:Guangzhou Circle Building.jpg,3264x1836,1.778,File:Guangzhou Circle Building 5.jpg | File:Guangzhou (74178).jpg | File:Guangzhou (26229).jpg
hue,8,An Dinh Palace,images/landmarks/hue-an-dinh-palace.webp,900x1600,0.562,strong,File:An Dinh Palace - Cung An Định (2024) - front facade - img 04.jpg,4032x3024,1.333,"File:An Dinh Palace - Cung An Định (2024) - front facade - img 05.jpg | File:La façade principale du palais An Dinh à Hué (4393491888).jpg | File:Cung An Định, Huế (32311325687).jpg"
guadalajara,5,Templo Expiatorio del Santísimo Sacramento,images/landmarks/guadalajara-templo-expiatorio.webp,900x1600,0.562,strong,File:Templo Expiatorio del Santísimo Sacramento de Guadalajara 1.jpg,4032x2268,1.778,File:Templo Expiatorio del Santísimo Sacramento de Guadalajara 3.jpg | File:Templo Expiatorio del Santísimo Sacramento de Guadalajara 7.jpg | File:Templo Expiatorio del Santísimo Sacramento de Guadalajara 8.jpg
ibadan,3,Bower's Tower (Oke-Are),images/landmarks/ibadan-bowers-tower.webp,900x1600,0.562,good,"File:The hill road to Bower towers, Ibadan.jpg",4608x3072,1.5,"File:Bower towers complex, Ibadan.jpg | File:Bower towers complex, Ibadan2.jpg | File:Bower towers complex, Ibadan3.jpg"
hebron,1,Hebron Old City (UNESCO),images/landmarks/hebron-hebron-old-city.webp,900x1600,0.562,strong,File:PalFest 2010 al Khalil Hebron.jpg,5184x3456,1.5,"File:Hebron School child (7555040926).jpg | File:School Children in Hebron (7555041186).jpg | File:ISM Palestine, Palestinian boys attending a demonstration in Hebron.jpg"
izmir,9,Kültürpark,images/landmarks/izmir-kulturpark.webp,960x1707,0.562,strong,File:Aerial view of the Kültürpark of the town of Izmir 007.jpg,6400x4063,1.575,"File:Kültürpark, May 2019 (2).jpg | File:View of the Kültürpark park.jpg | File:Kültürpark, September 2021.jpg"
galle,1,Galle Fort Ramparts,images/landmarks/galle-fort-ramparts.webp,900x1600,0.562,strong,File:Sea and Ramparts - Fort District - Galle - Sri Lanka (14050149046).jpg,3648x2736,1.333,"File:Galle Fort ramparts (23304598811).jpg | File:Galle Fort, Sri Lanka.JPG | File:SL Galle Fort asv2020-01 img18.jpg"
kaohsiung,7,85 Sky Tower,images/landmarks/kaohsiung-85-sky-tower.webp,900x1600,0.562,strong,File:The Tungtex Sky Tower.jpg,7338x4863,1.509,File:Kaohsiung Tuntex Sky Tower 05.jpg | File:Kaohsiung Tuntex Sky Tower 21.jpg | File:Kaohsiung Tuntex Sky Tower 03.jpg
manaus,7,Museu da Amazônia (MUSA),images/landmarks/manaus-museu-da-amazonia-musa.webp,900x1600,0.562,strong,File:Visita ao Museu da Amazônia (MUSA) (54146153232).jpg,1920x1280,1.5,File:Visita ao Museu da Amazônia (MUSA) (54147292598).jpg | File:Visita ao Museu da Amazônia (MUSA) (54147332524).jpg | File:Visita ao Museu da Amazônia (MUSA) (54147000971).jpg
gdansk,5,Mariacka Street,images/landmarks/gdansk-mariacka-street.webp,900x1600,0.562,strong,File:02024 0127 Mariacka Street in Gdańsk.jpg,4836x3224,1.5,File:02024 0374 Mariacka Street in Gdańsk.jpg | File:02024 0373 Mariacka Street in Gdańsk.jpg | File:02024 0128 Mariacka Street in Gdańsk.jpg
macau,0,Ruins of St. Paul's,images/landmarks/macau-ruins-of-st-pauls.webp,900x1600,0.562,strong,File:Macau - Ruins of Saint Paul's (Ank Kumar) 01.jpg,4425x2950,1.5,File:Macau - Ruins of Saint Paul's (Ank Kumar) 02.jpg | File:Macau - Ruins of Saint Paul's (Ank Kumar) 03.jpg | File:Macau - Ruins of Saint Paul's (Ank Kumar) 04.jpg
jerez-de-la-frontera,5,Iglesia de San Miguel,images/landmarks/jerez-de-la-frontera-iglesia-de-san-miguel.webp,899x1600,0.562,strong,"File:Iglesia de San Miguel, Jerez de la Frontera, España, 2015-12-07, DD 105-107 HDR.JPG",8533x5591,1.526,"File:Iglesia de San Miguel, Jerez de la Frontera, España, 2015-12-07, DD 99-101 HDR.JPG | File:Iglesia Mayor Prioral, El Puerto de Santa María, España, 2015-12-08, DD 14.JPG | File:Iglesia de la Victoria, Jerez de la Frontera, España, 2015-12-07, DD 36-38 HDR.JPG"
mardin,6,Mor Behnam (Kırklar) Church,images/landmarks/mardin-mor-behnam-kirklar-church.webp,900x1600,0.562,good,"File:Mardin, Mar Behnam Kirche (altsyrisch-orthodox) (39732950014).jpg",2816x2112,1.333,File:EX21 - Mardin.jpg | File:Mardin Meryem Ana Kilisesi.jpg | File:Mardin Forty Martyrs Church in 2025 1087.jpg
manchester,4,Beetham Tower,images/landmarks/manchester-beetham-tower.webp,899x1600,0.562,strong,File:Beetham Tower on a sunny day.jpg,4075x3048,1.337,"File:Beetham Tower Manchester (5872382054).jpg | File:Beetham Tower from Bridgehall - panoramio.jpg | File:Beetham Tower from Limefield, Bury - panoramio.jpg"
mostar,8,Museum of Old Bridge and Tara Tower,images/landmarks/mostar-museum-of-old-bridge-and-tara-tower.webp,900x1600,0.562,good,File:01 - Mostar.jpg,6000x4000,1.5,File:02 - Mostar.jpg | File:03 - Mostar.jpg | File:Bosnia and Herzegovina-02212 - Neretva River (10480890195).jpg
monterrey,9,Paseo Santa Lucía,images/landmarks/monterrey-paseo-santa-lucia.webp,900x1600,0.562,strong,File:Paseo Santa Lucía.jpg,4128x3096,1.333,File:Paseo Santa Lucía with Torre Ciudadana.jpg | File:Paseo Santa Lucía - Santa Lucía Riverwalk.jpg | File:PASEO SANTA LUCIA MTY.jpg
osaka,3,Shitennoji Temple,images/landmarks/osaka-shitennoji-temple.webp,899x1600,0.562,strong,File:Shitennoji Osaka Tennoji-ku) hdsr S5 06.jpg,5328x4000,1.332,"File:Shitennoji Osaka Tennoji-ku) hdsr S5 07.jpg | File:1 Chome-11 Shitennōji, Tennōji-ku, Ōsaka-shi, Ōsaka-fu 543-0051, Japan - panoramio - jetsun (4).jpg | File:Shi Tennō-ji aperçu de la cour 9289.jpg"
nouakchott,7,Nouakchott Beach,images/landmarks/nouakchott-beach.webp,900x1600,0.562,strong,File:Nouakchott beach - fishing boat.jpg,1840x1232,1.494,File:Fish market in Nouakchott - Mauritania.jpg | File:Back from octopus fishing - Mauritania.jpg | File:LELOURIOT Diapo057 ret.jpg
nassau,1,Fort Fincastle,images/landmarks/nassau-fort-fincastle.webp,900x1600,0.562,strong,"File:Fort Fincastle, Nassau, Bahamas.jpg",5229x3514,1.488,File:Fort Fincastle.JPG | File:Fort Fincastle walls 1.JPG | File:Fort Fincastle walls 2.JPG
papeete,3,Point Venus Lighthouse,images/landmarks/papeete-point-venus-lighthouse.webp,900x1600,0.562,good,"File:Captain Cook's Memorial, Point Venus, by Clement Lindley Wragge.jpg",1496x936,1.598,
nice,5,"Russian Orthodox Cathedral, Nice",images/landmarks/nice-russian-orthodox-cathedral-nice.webp,900x1600,0.562,strong,File:Russian church nice france.JPG,3264x2448,1.333,File:Cathédrale Saint-Nicolas de Nice (3).jpg | File:Cathédrale Saint-Nicolas de Nice (1).jpg | File:Nice (06) Cathédrale orthodoxe russe Saint-Nicolas 899.jpg
petropolis,8,Cervejaria Bohemia,images/landmarks/petropolis-cervejaria-bohemia.webp,900x1600,0.562,strong,File:Cervejaria Bohemia 01.jpg,4128x2322,1.778,File:Cervejaria Bohemia 02.jpg | File:Cervejaria Bohemia 04.jpg | File:Cervejaria Bohemia 05.jpg
potosi,5,Iglesia de San Lorenzo de Carangas,images/landmarks/potosi-iglesia-san-lorenzo.webp,899x1600,0.562,good,File:San Lorenzo - Templo.JPG,4000x3000,1.333,File:Tmpl. San Lorenzo.JPG | File:Templo SAnLOrenzo.JPG | File:DESDE ARRIBA.JPG
puerto-plata,0,Teleférico de Puerto Plata,images/landmarks/plata-teleferico.webp,540x960,0.562,good,File:Доминиканская Республика - panoramio (81).jpg,4288x2848,1.506,File:Доминиканская Республика - panoramio (83).jpg | File:Dominican Republic (340231836).jpg
riga,3,St. Peter's Church,images/landmarks/riga-st-peters-church.webp,899x1600,0.562,good,File:Daugavgrīvas piejūra.jpg,5184x3456,1.5,File:2015 09 Engure (61).jpg | File:A crocodile and a lamb - panoramio.jpg | File:20060701-CRW 1678. LNO skvērs.jpg
rostock,4,Petrikirche (St Peter's Church),images/landmarks/rostock-petrikirche-st-peters-church.webp,899x1600,0.562,good,"File:Rostock, Universität, Hauptgebäude -- 2024 -- 5310.jpg",6093x4062,1.5,"File:Rostock, Ständehaus -- 2024 -- 5355.jpg | File:Rostock, Skulptur ""Menschen am Wasser"" -- 2024 -- 5420.jpg | File:Rostock, Skulptur ""Menschen am Wasser"" -- 2024 -- 5431.jpg"
puerto-plata,1,Pico Isabel de Torres and Christ the Redeemer,images/landmarks/plata-pico-isabel-cristo.webp,540x960,0.562,good,File:Caribbean Coral - panoramio.jpg,4752x3168,1.5,File:Damajagua Waterfall.jpg | File:CP25 U S Navy Band in The Dominican Republic (9197817).jpg | File:CP25 U S Navy Band in The Dominican Republic (9197819).jpg
sana-a,8,Wadi Dhahr Valley,images/landmarks/sanaa-wadi-dhahr-valley.webp,900x1600,0.562,strong,"File:Dar Al Hajar, Wadi Dhahr, Yemen (4325726246).jpg",3888x2592,1.5,"File:Dar Al Hajar, Wadi Dhahr, Yemen (4325716370).jpg | File:Dar Al Hajar, Wadi Dhahr, Yemen (4325704846).jpg | File:Dar al Hajar (دار الحجر), Wadi Dhahr - وادي ظهر (2286453431).jpg"
tabriz,8,Amir Nezam House (Qajar Museum),images/landmarks/tabriz-amir-nezam-house-qajar-museum.webp,900x1600,0.562,strong,File:Amir Nezam House (Qajar museum) 1.jpg,3104x1746,1.778,File:Amir Nezam House (Qajar museum) 3.jpg | File:Amir Nezam House (Qajar museum) 2.jpg | File:Amir Nezam House (Qajar museum) 4.jpg
shenzhen,0,Ping An Finance Centre (Free Sky Observatory),images/landmarks/shenzhen-ping-an-finance-centre.webp,900x1600,0.562,strong,File:Ping An Finance Centre Construction October 2015 Shenzhen China (22518949153).jpg,3264x2176,1.5,"File:PING AN FINANCE CENTER, SHENZHEN (12).jpg | File:PING AN FINANCE CENTER, SHENZHEN (14).jpg | File:PING AN FINANCE CENTER, SHENZHEN (16).jpg"
surakarta,3,Pasar Gede Hardjonagoro,images/landmarks/surakarta-pasar-gede-hardjonagoro.webp,720x1280,0.562,strong,"File:Een groep Indonesische militairen voor de ruine van de uitgebrande Pasar Gede, Bestanddeelnr 885.jpg",3774x2486,1.518,File:Pasar Gede 3.jpg | File:Pasar Gede 1.jpg | File:Pasar Gede 2.jpg
seville,3,Barrio Santa Cruz,images/landmarks/seville-barrio-santa-cruz.webp,900x1600,0.562,strong,"File:Barrio de Santa Cruz, Sevilla. Portal.jpg",4112x3088,1.332,"File:Patio en el Barrio de Santa Cruz, Sevilla.jpg | File:Currito de la Cruz.jpg | File:Metropol Parasol 2019 (3).jpg"
tashkent,3,Tashkent TV Tower,images/landmarks/tashkent-tashkent-tv-tower.webp,900x1600,0.562,strong,File:Tashkent TV Tower 192 Restaurant Space.jpg,2521x1816,1.388,File:Tashkent TV Tower 181.jpg | File:Tashkent TV Tower 178.jpg | File:Tashkent TV Tower 179.jpg
turpan,6,Grape Valley (Putao Gou),images/landmarks/turpan-grape-valley.webp,720x1280,0.562,good,File:Valley of Grapes fountain Turpan.jpg,4000x3000,1.333,File:Valley of Grapes Turpan - Apandi.jpg | File:Valley of Grapes Turpan (2).jpg | File:Valley of Grapes Turpan (1).jpg
valparaiso,1,Ascensor Concepción and the Historic Funiculars,images/landmarks/valparaiso-ascensor-concepcion-funiculars.webp,899x1600,0.562,strong,"File:Letrero Ascensor Concepción, Cerro Concepción, Valparaíso 20201102 151.jpg",5722x3815,1.5,"File:Ascensor Concepción, Cerro Concepción, Valparaíso 20201102 150.jpg | File:Ascensor Concepción, Valparaíso - ambos carros.JPG | File:Ascensor Concepción, Valparaíso - un ascensor.JPG"
vina-del-mar,5,Muelle Vergara,images/landmarks/vina-del-mar-muelle-vergara.webp,341x607,0.562,strong,"File:Muelle Vergara, Viña del Mar 20200121 22.jpg",6000x4000,1.5,"File:Muelle Vergara, Viña del Mar 20200121 25.jpg | File:Muelle Vergara, Viña del Mar 20230907 01.jpg | File:Muelle Vergara, Viña del Mar 20230907 03.jpg"
vancouver,8,Gastown Steam Clock,images/landmarks/vancouver-gastown-steam-clock.webp,900x1600,0.562,strong,File:Gastown Vancouver Steam Clock Water Street (30853451538).jpg,5894x3929,1.5,"File:Vancouver - Gastown Steam Clock 02.jpg | File:Gastown Steam Clock on Water St. (5946458216).jpg | File:Steam Clock @ Gastown, Vancouver.jpg"
santiago-de-queretaro,6,Museo de Arte de Querétaro,images/landmarks/santiago-de-queretaro-museo-de-arte-de-queretaro.webp,901x1600,0.563,strong,File:Museo de arte de queretaro.jpg,2992x2000,1.496,"File:Querétaro, ex convento San Agustín 1.JPG | File:Querétaro, ex convento san Agustín 2.JPG | File:Querétaro, ex convento San Agustín 3.JPG"
san-francisco,4,Lombard Street,images/landmarks/san-francisco-lombard-street.webp,596x1058,0.563,strong,File:Lombard Street (14044313580).jpg,5472x3648,1.5,File:Lombard Street (14230668014).jpg | File:Lombard Street (San Francisco) Photowalkabout March 23 2013-8685.jpg | File:Lombard Street (14867928736).jpg
guangzhou,9,Guangzhou International Finance Center,images/landmarks/guangzhou-international-finance-center.webp,709x1260,0.563,good,File:Guangzhou Two Towers 02-10-2018.jpg,5184x3456,1.5,"File:Guangzhou Opera House.png | File:China 2012 Guangzhou (8347577926).jpg | File:Zhujiang New Town Buildings, Guangzhou.jpg"
nimes,3,Tour Magne,images/landmarks/nimes-tour-magne.webp,903x1600,0.564,strong,File:281 Tour Magne NIM 1008.jpg,4992x3328,1.5,File:17 rue des Marchands in Nimes 05.jpg | File:17 rue des Marchands in Nimes 06.jpg | File:17 rue des Marchands in Nimes 07.jpg
tegucigalpa,2,Cristo del Picacho,images/landmarks/tegucigalpa-cristo-del-picacho.webp,903x1600,0.564,good,File:Ceremonial Plaza .jpg,3264x2448,1.333,
houmt-el-souk,0,Borj El Ghazi Mustapha (Borj El Kebir fortress),images/landmarks/houmt-el-souk-borj-el-ghazi-mustapha.webp,908x1600,0.568,strong,"File:Borj Ghazi Mustapha, 2018-2.jpg",4032x3024,1.333,"File:Borj Ghazi Mustapha, 2018-1.jpg | File:Borj Ghazi Mustapha, 2018-3.jpg | File:Borj Ghazi Mustapha, 2018-4.jpg"
annecy,7,Cathedrale Saint-Pierre,images/landmarks/annecy-cathedrale-saint-pierre.webp,912x1600,0.57,good,File:Quai de l'Ile n Annecy.jpg,5429x3643,1.49,File:Palais de l'Isle in Annecy 04.jpg | File:Palais de l'Isle in Annecy 03.jpg | File:Palais de l'Isle in Annecy 09.jpg
livingstone,8,Mukuni Village,images/landmarks/livingstone-mukuni-village.webp,919x1600,0.574,strong,"File:Mukuni Village, Zambia (14522247501).jpg",5760x3840,1.5,File:Nomadorphan.jpg
quito,1,La Compañía de Jesús,images/landmarks/quito-la-compania-de-jesus.webp,919x1600,0.574,strong,"File:Compañía de Jesús, Quito 03.jpg",5712x4284,1.333,"File:Compañía de Jesús, Quito 06.jpg | File:Compañía de Jesús, Quito 08.jpg | File:Compañía de Jesús, Quito 11.jpg"
munich,0,Marienplatz,images/landmarks/munich-marienplatz.webp,936x1600,0.585,strong,File:Munich - U-Bahn - Marienplatz - 2012 - IMG 7562.jpg,5184x3456,1.5,"File:Marienplatz Munich 1933.jpg | File:Marienplatz Neues Rathaus Munich 1933.jpg | File:Street life at Marienplatz, Munich - Images from Munich Project 49.jpg"
surat-thani,7,Khao Tha Phet Viewpoint,images/landmarks/surat-thani-khao-tha-phet-viewpoint.webp,941x1600,0.588,good,File:Pra that sri surat.jpg,5184x3456,1.5,File:Phra That Si Surat 2.jpg
aswan,1,Unfinished Obelisk,images/landmarks/aswan-unfinished-obelisk.webp,940x1600,0.588,strong,File:By ovedc - Unfinished obelisk in Aswan - 03.jpg,5312x2988,1.778,File:By ovedc - Unfinished obelisk in Aswan - 02.jpg | File:By ovedc - Unfinished obelisk in Aswan - 06.jpg | File:By ovedc - Unfinished obelisk in Aswan - 11.jpg
ho-chi-minh-city,4,Bitexco Financial Tower,images/landmarks/ho-chi-minh-city-bitexco-financial-tower.webp,942x1600,0.589,good,"File:Ben Thanh, Ciudad Ho Chi Minh, Vietnam, 2013-08-14, DD 05.JPG",5066x3377,1.5,"File:Faisán plateado (Lophura nycthemera), Zoo de Ciudad Ho Chi Minh, Vietnam, 2013-08-14, DD 01.JPG | File:Ayuntamiento, Ciudad Ho Chi Minh, Vietnam, 2013-08-14, DD 07.JPG | File:Ayuntamiento, Ciudad Ho Chi Minh, Vietnam, 2013-08-14, DD 01.JPG"
lalibela,9,Bete Merkorios,images/landmarks/lalibela-bete-merkorios.webp,947x1600,0.592,strong,"File:Lalibela, bete merkorios 01.jpg",5472x3648,1.5,"File:Lalibela, bete merkorios 13.jpg | File:Lalibela, bete merkorios 32.jpg | File:Lalibela, bete merkorios 34.jpg"
playa-del-carmen,2,Playa Mamitas,images/landmarks/playa-del-carmen-playa-mamitas.webp,955x1600,0.597,good,File:4 Italian Girls in Hawaii beach.jpg,4256x2832,1.503,File:Ali bikini.jpg | File:Asa Akira at AVN Adult Entertainment Expo 2009 (4).jpg | File:Ashley Fires and Ariel X at AVN Adult Entertainment Expo 2009 (2).jpg
ulm,3,Schiefes Haus (Crooked House),images/landmarks/ulm-schiefes-haus.webp,960x1600,0.6,strong,File:I09 269 »schiefes Haus«.jpg,4494x2996,1.5,File:Ulm Schiefes Haus 318.jpg | File:Ulm Schiefes Haus 317.jpg | File:Ulm - Schiefes Haus (49203800011).jpg
rouen,1,Gros-Horloge,images/landmarks/rouen-gros-horloge.webp,960x1600,0.6,strong,File:Gros-Horloge (30599909950).jpg,5520x3680,1.5,"File:Gros Horloge, Rouen (2).jpg | File:Arche Gros-Horloge, Rouen 140215 1.jpg | File:Overview of Rouen from Gros Horloge 140215 5.jpg"
yokohama,0,Yokohama Landmark Tower,images/landmarks/yokohama-landmark-tower.webp,909x1514,0.6,strong,"File:Upper part of Yokohama Landmark Tower - May 23, 2013.jpg",4431x2954,1.5,File:Yokohama Landmark Tower 20250429-1.jpg | File:Yokohama Landmark Tower 20250429-2.jpg | File:Yokohama Landmark Tower 20250429-4.jpg
phitsanulok,1,Wat Ratchaburana,images/landmarks/phitsanulok-wat-ratchaburana.webp,962x1600,0.601,strong,File:Chedi of Wat Ratchaburana 1.jpg,5184x3888,1.333,"File:Wat Ratchaburana Phitsanulok- Ho Trai Sao Klom หอไตรเสากลม วัดราชบูรณะ พิษณุโลก - img 02.jpg | File:Wat ratburana.jpg | File:March 2022 - Royal Stupa, Wat Ratcha Burana, Phitsanulok - พระเจดีย์หลวง วัดราชบูรณะ พิษณุโลก - img 02.jpg"
paris,0,Eiffel Tower,images/landmarks/paris-eiffel-tower.webp,961x1600,0.601,strong,File:Eiffel tower-Paris.jpg,3888x2592,1.5,File:Eiffel Tower 6 October 2009.jpg | File:Eiffel Tower (4116261786).jpg | File:Eiffel Tour at Night (3371533036).jpg
nelson,0,Christ Church Cathedral,images/landmarks/nelson-christ-church-cathedral.webp,965x1600,0.603,strong,"File:Christ Church Cathedral, Nelson 035.JPG",5472x3648,1.5,"File:Christ Church Cathedral - Nelson (4428124448).jpg | File:Christ Church Cathedral - Nelson (4428125018).jpg | File:Christ Church Cathedral, Nelson, South Island, New Zealand 06.jpg"
bristol,3,St Mary Redcliffe Church,images/landmarks/bristol-st-mary-redcliffe-church.webp,964x1600,0.603,strong,"File:St Mary Redcliffe, Bristol, UK.jpg",4608x3456,1.333,"File:St Mary Redcliffe 01.jpg | File:The Church of St Mary, Redcliffe, Bristol (3870379968).jpg | File:Main entrance to the church of St Mary Radcliffe in Bristol.jpg"
timbuktu,0,Djinguereber Mosque,images/landmarks/timbuktu-djinguereber-mosque.webp,965x1600,0.603,strong,"File:Djinguereber Mosque, Timbuktu.jpg",2796x1804,1.55,"File:Gezicht op en plattegrond van de Djinguereber-moskee te Timboektoe, RP-P-2018-3756.jpg | File:Djinguereber in Timbuktu.jpg | File:US Navy 100520-N-2221M-102 Uganda People's Defense Force (UPDF) soldiers, assisted by U.S. military and civilian personnel, meet with the Nkumba Quran Primary school headmistress Hadija Nantume and members of the school's manag.jpg"
gdansk,9,Oliwa Cathedral,images/landmarks/gdansk-oliwa-cathedral.webp,971x1600,0.607,strong,"File:Catedral de Oliwa, Gdansk, Polonia, 2013-05-21, DD 16.jpg",3929x2768,1.419,"File:64, Gdańsk-Oliwa, Katedra Oliwska 01.JPG | File:Katedra oliwska - detal wieży.JPG"
oxford,6,University Church of St Mary the Virgin,images/landmarks/oxford-university-church-st-mary.webp,971x1600,0.607,good,File:Broadwell Village Cross SS Peter and Paul Church West Oxfordshire England 03.jpg,6240x4160,1.5,File:Christ Church Meadow Dawn.jpg | File:Broadwell Village Cross SS Peter and Paul Church West Oxfordshire England 01.jpg | File:Broadwell Steeple&Roof.JPG
san-marino,9,Porta San Francesco,images/landmarks/san-marino-porta-san-francesco.webp,972x1600,0.608,strong,"File:San marino, citta di sm, porta san francesco, lato interno.jpg",6120x4480,1.366,File:Porta San Francesco din San Marino1.jpg | File:Porta San Francesco din San Marino3.jpg | File:RSM-San Marino145.jpg
tabriz,0,Tabriz Grand Bazaar,images/landmarks/tabriz-tabriz-grand-bazaar.webp,973x1600,0.608,strong,File:Bazaar Tabriz.jpg,3092x2061,1.5,"File:Bazaar, Tabriz (14475234765).jpg | File:1244.Bazaar.Tabriz (1470550699).jpg | File:1258.Bazaar.Tabriz (1470552741).jpg"
hobart,9,St David's Cathedral,images/landmarks/hobart-st-david-s-cathedral.webp,977x1600,0.611,strong,File:DSC00011 St David's 2022.jpg,8660x5784,1.497,"File:World War I Roll of Honour at St David's Cathedral, Hobart July 2017.jpg | File:Paris B-A - 51511043469 St David's 2021.jpg | File:St David's Church, Hobart, Tasmania, 1826, Thomas Scott.jpg"
ostrava,2,New City Hall Viewing Tower,images/landmarks/ostrava-new-city-hall-viewing-tower.webp,978x1600,0.611,good,"File:2014 Ostrawa, Stacja kolejowa Ostrava-střed 02.jpg",4159x2773,1.5,"File:2014 Ostrawa, Nowy Ratusz 18.jpg | File:2014 Ostrawa, Stacja kolejowa Ostrava-střed 01.jpg | File:2014 Ostrawa, Nowy Ratusz 17.jpg"
matera,3,Palombaro Lungo,images/landmarks/matera-palombaro-lungo.webp,985x1600,0.616,strong,"File:""Palombaro Lungo"" ist die größte Zisterne Materas. 01.jpg",5906x3939,1.499,"File:""Palombaro Lungo"" ist die größte Zisterne Materas. 10.jpg | File:Piazza Vittorio Veneto (Matera).jpg | File:Ita11154 01.jpg"
cologne,0,Cologne Cathedral (Kölner Dom),images/landmarks/cologne-cologne-cathedral.webp,985x1600,0.616,good,File:2008-04-24-Koelner-Dom-03.jpg,2048x1536,1.333,"File:Abriss Bürogebäude Am Hof 20-26, Köln-0970.jpg | File:Abriss Bürogebäude Am Hof 20-26, Köln-0971.jpg | File:Abriss Bürogebäude Am Hof 20-26, Köln-1282.jpg"
melbourne,4,St Paul's Cathedral,images/landmarks/melbourne-st-pauls-cathedral.webp,986x1600,0.616,strong,"File:St. Paul's Cathedral, Melbourne.jpg",4488x2940,1.527,"File:St. Paul's Cathedral (16191479786).jpg | File:St Paul's Cathedral, Melbourne, Australia.jpg | File:St pauls at night.jpg"
nuremberg,5,Memorium Nuremberg Trials (Courtroom 600),images/landmarks/nuremberg-memorium-trials.webp,986x1600,0.616,strong,File:Permanent Exhibition at Memorium Nuremberg Trials - Palace of Justice - Nuremberg-Nurnberg - Germany - 02.jpg,3648x2736,1.333,File:Permanent Exhibition at Memorium Nuremberg Trials - Palace of Justice - Nuremberg-Nurnberg - Germany - 01.jpg | File:Palace of Justice - Where Nuremberg Trials Were Held - Nuremberg-Nurnberg - Germany - 01.jpg | File:Memorium Nürnberger Prozesse Fürther Straße 39.jpg
montreal,6,Saint Joseph's Oratory,images/landmarks/montreal-saint-josephs-oratory.webp,985x1600,0.616,good,File:11012014-5285 studio (11934399333).jpg,5616x3744,1.5,"File:2-42 Community Church, Brighton worship service (Unsplash).jpg | File:-i---i- (7054675411).jpg | File:-i---i- (6908585502).jpg"
belgrade,9,Knez Mihailova Street,images/landmarks/belgrade-knez-mihailova-street.webp,989x1600,0.618,strong,File:Knez Mihailova Street (13810256475).jpg,4288x2848,1.506,File:Knez Mihailova Street (13809248913).jpg | File:Knez Mihailova Street (13808033864).jpg | File:Knez Mihailova Street (13807665375).jpg
frankfurt-am-main,2,Frankfurt Cathedral (Kaiserdom St. Bartholomäus),images/landmarks/frankfurt-am-main-cathedral.webp,989x1600,0.618,good,File:Frankfurt (49690467122).jpg,4512x2538,1.778,File:City Hall Watch Frankfurt Hesse Germany.JPG | File:City Hall Balcony Frankfurt Hesse Germany.JPG
tampere,3,Näsinneula Tower,images/landmarks/tampere-nasinneula-tower.webp,989x1600,0.618,strong,File:Näsinneula view 1.jpg,4800x3200,1.5,File:Näsinneula view 7.jpg | File:Näsinneula view 8.jpg | File:Näsinneula view 3.jpg
fukuoka,0,Fukuoka Tower,images/landmarks/fukuoka-tower.webp,990x1600,0.619,strong,File:20100718 Fukuoka 2870.jpg,4288x2848,1.506,File:Fukuoka Tower - panoramio.jpg | File:Fukuoka Tower and pine trees from beach of Seaside Momochi Seaside Park.jpg | File:Fukuoka Tower view SW from Seaside Momochi Seaside Park 3-26 Momochi-hama 2-chōme Sawara-ku Fukuoka City 20230703.jpg
tampere,6,Vapriikki Museum Centre,images/landmarks/tampere-vapriikki-museum-centre.webp,991x1600,0.619,strong,File:Museokeskus Vapriikki (29769680481).jpg,5080x3387,1.5,File:Vapriikki 0004 (29559450630).jpg | File:Vapriikki center hall.jpg | File:Vapriikki 2.jpg
helsinki,7,Helsinki Olympic Stadium Tower,images/landmarks/helsinki-helsinki-olympic-stadium-tower.webp,993x1600,0.621,good,"File:Helsinki Central Library Oodi, 2019 (01).jpg",5869x3915,1.499,"File:Summer in Helsinki, Finland (55450719848).jpg | File:Helsinki Central Station, 2019 (08).jpg | File:Helsinki Central Station, 2019 (02).jpg"
wroclaw,3,Cathedral of St. John the Baptist,images/landmarks/wroclaw-cathedral-of-st-john-the-baptist.webp,993x1600,0.621,good,File:Rynek Wroclaw Summer 2010.JPG,5184x3456,1.5,File:Wrocław Sky Tower.jpg | File:Widok na Wrocław.jpg | File:Widok na Wrocław - Bazylika św. Elżbiety Węgierskiej.jpg
phuket,1,Wat Chalong,images/landmarks/phuket-wat-chalong.webp,996x1600,0.623,strong,File:Pagoda of Wat Chalong.jpg,1600x1200,1.333,
valencia,6,Torres de Quart,images/landmarks/valencia-torres-de-quart.webp,996x1600,0.623,good,"File:Ayuntamiento de Alicante, España, 2014-07-04, DD 34.JPG",5425x3617,1.5,"File:Castillo de Santa Bárbara, Alicante, España, 2014-07-04, DD 54.JPG | File:Balcón del Mediterráneo, Benidorm, España, 2014-07-02, DD 17.JPG | File:Calpe, España, 2014-07-01, DD 04.JPG"
mysore,9,Karanji Lake,images/landmarks/mysore-karanji-lake.webp,999x1600,0.624,strong,File:Peacock in Karanji Lake Mysore.jpg,6000x4000,1.5,File:East Karanji Lake Mysore Nov23 A7C 08141.jpg | File:Island Karanji Lake Mysore Nov23 A7C 08143.jpg | File:NE Karanji Lake Mysore Nov23 A7C 08145.jpg
colmar,4,Maison des Têtes (House of Heads),images/landmarks/colmar-maison-des-tetes-house-of-heads.webp,1000x1600,0.625,good,File:Auguste Bartholdi est né dans cette maison.jpg,4000x3000,1.333,"File:Maison Pfister, médaillons de l'oriel.jpg | File:Colmar France 2010 IMG 2250 (4503085481).jpg | File:Colmar France 2010 IMG 2257 (4503734140).jpg"
funchal,4,Zona Velha and Rua de Santa Maria,images/landmarks/funchal-zona-velha.webp,1000x1600,0.625,good,"File:São Martinho (Madeira, Portugal), Ilhéu do Gorgulho -- 2025 -- 0067.jpg",6687x4458,1.5,"File:São Martinho (Madeira, Portugal), Ilhéu do Gorgulho -- 2025 -- 0084.jpg | File:São Martinho (Madeira, Portugal), Ilhéu do Gorgulho -- 2025 -- 0091.jpg | File:São Martinho (Madeira, Portugal), Ilhéu do Gorgulho -- 2025 -- 0095.jpg"
vilnius,7,Gate of Dawn,images/landmarks/vilnius-gate-of-dawn.webp,1006x1600,0.629,good,File:Album Wilenskie. 1845-1875 (5552584) (cropped).jpg,4181x2993,1.397,"File:Włodawa, klasztor i kościół pw.św. Ludwika.jpg | File:Włodawa, klasztor paulinów, XVIII, XIX.JPG"
novi-sad,9,Novi Sad Synagogue,images/landmarks/novi-sad-synagogue.webp,1009x1600,0.631,strong,File:Novi Sad IMG 9196.JPG,5184x3456,1.5,"File:Novi Sad, Jevrejska v únoru.jpg | File:Novi Sad, Liman, budova rektorátu II.jpg | File:Novi Sad, Liman, budova rektorátu III.jpg"
turku,1,Turku Cathedral,images/landmarks/turku-turku-cathedral.webp,1015x1600,0.634,strong,"File:Kirjastosilta, Aurajoki ja Turun tuomiokirkko, kuvattuna Itäiseltä Rantakadulta, Turku, 8.12.2013.jpg",5184x3456,1.5,File:Turku Cathedral Park 2020.jpg | File:Turku Cathedral -1.jpg | File:Turku Cathedral 03.jpg
surakarta,6,Pasar Triwindu,images/landmarks/surakarta-pasar-triwindu.webp,1016x1600,0.635,good,File:A building in Yankari Game Reserve 01.jpg,5184x3456,1.5,File:20V-Health-3A.jpg | File:A walk Around Burtons' St.Leonards. (6771495813).jpg | File:2003 09 21 Best of Musical 006 (51027793393).jpg
dijon,8,Puits de Moïse (Well of Moses),images/landmarks/dijon-puits-de-moise.webp,1017x1600,0.636,strong,File:Dijon - Puits de Moïse - 02.jpg,6621x4418,1.499,File:Dijon (Côte-d'Or) - Puits de Moïse - Jérémie (détail).jpg | File:Dijon mosesbrunnen4.jpg | File:Dijon mosesbrunnen5.jpg
ponce,2,Plaza Las Delicias,images/landmarks/ponce-plaza-las-delicias.webp,1017x1600,0.636,strong,File:Plaza Las Delicias (2025).jpg,6240x4160,1.5,File:Plaza Las Delicias (2025)-1.jpg | File:Plaza Las Delicias (2025)-2.jpg | File:Plaza Las Delicias (2025)-3.jpg
chamonix-mont-blanc,5,Balmat and Saussure Monument,images/landmarks/chamonix-mont-blanc-balmat-saussure-monument.webp,1019x1600,0.637,strong,File:Détails de la statue de Balmat et Saussure de Chamonix.JPG,4272x2848,1.5,File:Chamonix Mont-Blanc - Statue de Balmat et Saussure (43520831214).jpg | File:Horace-Bénédict de Saussure in Chamonix.JPG | File:Chamonix-Mont-Blanc - Route du Bouchet - Vue sur l'aiguille du Midi.jpg
tirana,3,Tirana Clock Tower,images/landmarks/tirana-tirana-clock-tower.webp,1020x1600,0.637,strong,"File:Monumento a Skanderbeg, Tirana, Albania, 2014-04-17, DD 02.JPG",5320x3547,1.5,"File:Tirana 09.jpg | File:Monumento a Skanderbeg, Tirana, Albania, 2014-04-17, DD 19.JPG | File:Catedral de la Resurección de Cristo, Tirana, Albania, 2014-04-17, DD 13.JPG"
bergen,9,St. Mary's Church (Mariakirken),images/landmarks/bergen-st-marys-church.webp,1023x1600,0.639,strong,File:Bergen Mariakirken RK 84395 IMG 5057.jpg,5184x3456,1.5,"File:Bergen Mariakirken RK 84395 IMG 5139.jpg | File:Bergen Mariakirken RK 84395 IMG 5138.jpg | File:Roofscape around St. Mary's Church in Bergen, Norway.jpg"
nashville,6,AT&T Building ('Batman Building'),images/landmarks/nashville-att-building-batman-building.webp,527x825,0.639,strong,"File:It is the Batman Building in Nashville, Tennessee- (Also the AT&T building-) 2014-04-22 19-55.jpg",3264x2448,1.333,File:Batman Dark.jpg | File:AT&T building from 3rd Ave N.JPG | File:AT&T building from 4th Ave.JPG
sousse,5,Catacombs of the Good Shepherd,images/landmarks/sousse-catacombs-of-the-good-shepherd.webp,1024x1600,0.64,good,"File:Catacombes chrétiennes, Sousse, 23 septembre 2013, (25).jpg",4306x2877,1.497,"File:Catacombes chrétiennes, Sousse, 23 septembre 2013, (04).jpg | File:Catacombes chrétiennes, Sousse, 23 septembre 2013, (17).jpg | File:Squelette d'un martyr exposée aux Catacombes chrétiennes.JPG"
nuremberg,1,Hauptmarkt with Schöner Brunnen and Frauenkirche,images/landmarks/nuremberg-hauptmarkt.webp,1024x1600,0.64,strong,"File:D-5-64-000-730 Hauptmarkt, Schöner Brunnen Nürnberg 20241020 0207.jpg",8197x5464,1.5,"File:D-5-64-000-730 Hauptmarkt, Schöner Brunnen Nürnberg 20250119 0002.jpg | File:D-5-64-000-730 Hauptmarkt, Schöner Brunnen Nürnberg 20250119 0003.jpg | File:D-5-64-000-730 Hauptmarkt, Schöner Brunnen Nürnberg 20250119 0005.jpg"
velikiy-novgorod,6,Church of the Transfiguration on Ilyina Street,images/landmarks/velikiy-novgorod-church-of-transfiguration.webp,1024x1600,0.64,strong,File:Church of the Transfiguration on Ilyin street.jpg,4496x3000,1.499,File:Church of the Transfiguration on Ilina Street (Novgorod) 09.jpg | File:Church of the Transfiguration on Ilina Street (Novgorod) 05.jpg | File:Church of the Transfiguration of the Savior.jpg
alesund,8,Molja Lighthouse (Molja fyr),images/landmarks/alesund-molja-lighthouse.webp,1026x1600,0.641,good,"File:The Lighthouse - Alesund, Norway - panoramio.jpg",3074x2000,1.537,"File:Fireboat towards the lighthouse (48340672312).jpg | File:The Lighthouse - Alesund, Norway - panoramio (1).jpg | File:Alesund, Norway - panoramio (4).jpg"
jaipur,8,Patrika Gate,images/landmarks/jaipur-patrika-gate.webp,1028x1600,0.642,strong,File:Patrika gate Jaipur.jpg,5568x3712,1.5,"File:Patrika Gate, Jawahar Circle, Jaipur.jpg | File:Patrika Gate Jawahar Circle Jaipur 2022-07.jpg | File:Patrika gate, Jaipur.jpg"
copenhagen,9,Church of Our Saviour,images/landmarks/copenhagen-church-of-our-saviour.webp,1027x1600,0.642,strong,File:90m high spire of Vor Frelsers Kirke (Church of Our Saviour) (37867448592).jpg,5520x3680,1.5,File:Vor Frelsers Kirke - Church of Our Savior (15296734993).jpg | File:2014-09-21 Copenhagen 08 (15388606695).jpg | File:København - Vor Frelsers Kirke (22820696068).jpg
capri,7,Arco Naturale,images/landmarks/capri-arco-naturale.webp,1029x1600,0.643,strong,File:Arco Naturale (Capri) 03 (js).jpg,5514x3450,1.598,"File:2. Mai 1876 Capri arco naturale.jpg | File:Arco naturale 2004-07-22 capri.jpg | File:Natural Arch, Capri, Italy.JPG"
victoria-falls,0,Victoria Falls (Mosi-oa-Tunya),images/landmarks/victoria-falls-mosi-oa-tunya.webp,1029x1600,0.643,strong,"File:Aerial view of Victoria Falls, August 2018.jpg",3547x2233,1.588,"File:Cataratas Victoria, Zambia-Zimbabue, 2018-07-27, DD 02.jpg | File:Cataratas Victoria, Zambia-Zimbabue, 2018-07-27, DD 03.jpg | File:Cataratas Victoria, Zambia-Zimbabue, 2018-07-27, DD 08.jpg"
livingstone,0,Victoria Falls (Mosi-oa-Tunya),images/landmarks/livingstone-victoria-falls.webp,1030x1600,0.644,strong,File:Zambeze and Victoria falls or Mosi-Oa-Tunya from Zambia - panoramio.jpg,3872x2592,1.494,"File:Lascar Victoria Falls or Mosi-oa-Tunya (the Smoke that Thunders) (4548268750).jpg | File:Mosi-oa-Tunya National Park, Zambia (48598577681).jpg | File:Victoria Falls, Viktoriiny vodopády - Zimbabwe - panoramio (1).jpg"
avignon,8,Les Halles d'Avignon,images/landmarks/avignon-les-halles-davignon.webp,1031x1600,0.644,strong,"File:Les halles Avignon, Noël 2007 (la ferme) P1000903.jpg",2048x1360,1.506,File:Les Halles vues de la place Pie d'Avignon.jpg | File:Halles de la place Pie d'Avignon 2.JPG | File:Halles de la place Pie d'Avignon.JPG
brussels,4,Cathedral of St. Michael and St. Gudula,images/landmarks/brussels-cathedral-of-st-michael-and-st-gudula.webp,1032x1600,0.645,strong,File:Death at the Pulpit of the Cathedral of St. Michael and St. Gudula.jpg,5850x3900,1.5,File:20180907 Cathedral of St. Michael and St. Gudula Brussels 02.jpg | File:Exterior of the Cathedral of St. Michael and St. Gudula (Brussels) (2).jpg | File:Exterior of the Cathedral of St. Michael and St. Gudula (Brussels) (3).jpg
bremen,4,Böttcherstraße,images/landmarks/bremen-bottcherstrasse.webp,1034x1600,0.646,strong,File:Böttcherstraße Bremen Juli 2009 PD 048.JPG,4272x2848,1.5,"File:View of Böttcherstraße in Bremen (08).jpg | File:Böttcherstraße-Bremen-2024-msu-8313-.jpg | File:Bremen, Böttcherstraße, Glockenspiel -- 2021 -- 6438.jpg"
istanbul,3,Basilica Cistern,images/landmarks/istanbul-basilica-cistern.webp,1034x1600,0.646,strong,File:Basilica Cistern 20240416 (1).jpg,4000x3000,1.333,File:Basilica Cistern 20240416 (2).jpg | File:Basilica Cistern 20240416 (7).jpg | File:Basilica Cistern 20240416 (9).jpg
montego-bay,4,Hip Strip (Gloucester Avenue),images/landmarks/montego-bay-hip-strip-gloucester-avenue.webp,350x542,0.646,good,File:Hopewell Hanover Jamaica old steamer steamship wreck Photo Don Ramey Logan.jpg,4288x2848,1.506,File:PushCart Montigo Bay Jamaica Photo Don Ramey Logan.jpg | File:Street in Montigo Bay Jamaica Photo Don Ramey Logan.jpg | File:Montego Bay Yacht Club Jamaica Photo Don Ramey Logan.jpg
dijon,1,Musée des Beaux-Arts de Dijon,images/landmarks/dijon-musee-beaux-arts.webp,1034x1600,0.646,strong,File:France-003113 - The Musée des Beaux-Arts de Dijon (16167275496).jpg,6000x4000,1.5,"File:2016-10-24 10-30 Burgund 272 Dijon, Musée des Beaux-Arts de Dijon (30958064365).jpg | File:Dijon Musée des Beaux-Arts 01.jpg | File:Dijon Musée des Beaux-Arts 02.jpg"
tunis,1,Al-Zaytuna Mosque,images/landmarks/tunis-al-zaytuna-mosque.webp,1033x1600,0.646,strong,File:Let's see Zitouna mosque.jpg,3464x2309,1.5,File:Ezzeituna Mosque.JPG | File:Le Minaret de Djamaa Zitouna.JPG | File:Grande Mosquée Zitouna.JPG
warsaw,1,Palace of Culture and Science,images/landmarks/warsaw-palace-of-culture-and-science.webp,1033x1600,0.646,good,"File:2019 Warszawa aleja Krakowska 206, salon Citroëna, 2.jpg",4280x2684,1.595,"File:00 1-a rocznica odsłonięcia Pomnika Smoleńskiego.jpg | File:2019 Korotyńskiego, chodnik.jpg | File:2019 Warszawa aleja Krakowska, 1.jpg"
las-palmas-de-gran-canaria,3,Casa de Colón,images/landmarks/las-palmas-de-gran-canaria-casa-de-colon.webp,1035x1600,0.647,strong,File:Las Palmas Casa de Colon - Grünes Portal 2a.jpg,4000x3000,1.333,File:Las Palmas Casa de Colon - Grünes Portal 2c.jpg | File:Las Palmas Casa de Colon - Grünes Portal 3a.jpg | File:Las Palmas Casa de Colon - Grünes Portal 3b.jpg
stuttgart,0,Fernsehturm Stuttgart,images/landmarks/stuttgart-fernsehturm-stuttgart.webp,1036x1600,0.647,strong,File:Stuttgart Tower.jpg,2000x1500,1.333,
timbuktu,6,Gordon Laing House,images/landmarks/timbuktu-gordon-laing-house.webp,1036x1600,0.647,good,File:Mali1974-139 hg.jpg,4018x2503,1.605,
whistler,4,Squamish Lil'wat Cultural Centre,images/landmarks/whistler-squamish-lil-wat-cultural-centre.webp,1037x1600,0.648,good,File:North Wind (3293003519).jpg,3264x2448,1.333,
bristol,5,"Cabot Tower, Brandon Hill",images/landmarks/bristol-cabot-tower-brandon-hill.webp,600x925,0.649,strong,File:Bristol. Brandon Hill. Cabot Tower 2.jpg,6000x4000,1.5,File:Bristol. Brandon Hill. Cabot Tower 5.jpg | File:Bristol. Brandon Hill. Cabot Tower 6.jpg | File:Bristol. Brandon Hill. Cabot Tower. Second platform. View. Hill. NW.jpg
zagreb,4,Museum of Broken Relationships,images/landmarks/zagreb-museum-of-broken-relationships.webp,800x1232,0.649,strong,File:Footwear at the Museum of Broken Relationships.jpg,3264x2448,1.333,"File:Fake breasts at the Museum of Broken Relationships.jpg | File:Museum of Broken Relationships - Zagreb, Croatia, June 2012.jpg | File:London double-decker model at the Museum of Broken Relationships.jpg"
hamadan,9,Qorban Tower (Borj-e Qorban),images/landmarks/hamadan-qorban-tower.webp,666x1024,0.65,good,File:برج قربان3.jpg,5184x3456,1.5,File:Fire temple of Isfahan Aarash (24).jpg | File:۴ کوه آتشگاه.jpg | File:نمای بیرون از داخل سازهٔ میانی آتشگاه.jpg
pamplona,4,Calle Estafeta,images/landmarks/pamplona-calle-estafeta.webp,1043x1600,0.652,strong,"File:Garroticos. Pastas Beatriz, Estafeta 22, Pamplona.jpg",4032x2268,1.778,File:Mercaderes - Estafeta (cropped).jpg | File:Running of the Bulls on Estafeta Street.jpg
mandalay,5,Shwenandaw Monastery (Golden Palace Monastery),images/landmarks/mandalay-shwenandaw-monastery.webp,1044x1600,0.652,strong,File:Golden Palace Monastery - Mandalay 20130211-001.jpg,5760x3840,1.5,File:Golden Palace Monastery - Mandalay 20130211-002.jpg | File:Golden Palace Monastery - Mandalay 20130211-003.jpg | File:Golden Palace Monastery - Mandalay 20130211-026.jpg
tokyo,0,Tokyo Skytree,images/landmarks/tokyo-tokyo-skytree.webp,1044x1600,0.652,strong,File:Tokyo Skytree in Dec 2014 (16015772528).jpg,6000x4000,1.5,File:Tokyo Skytree @ Observatory @ Funabori Tower Hall @ Edogawa City @ Tokyo (14228746702).jpg | File:Tokyo Skytree @ Observatory @ Funabori Tower Hall @ Edogawa City @ Tokyo (14044472157).jpg | File:Tokyo Skytree (11752075563).jpg
trincomalee,9,Trincomalee Harbour,images/landmarks/trincomalee-trincomalee-harbour.webp,1280x1961,0.653,strong,File:Scene on board HMS Chesapeake in Trincomalee harbour.jpg,4755x2880,1.651,File:Trincomalee harbour sunshine.jpg | File:Trincomalee harbour sunshine 1.jpg | File:Trincomalee harbour sunshine 074656.jpg
riyadh,9,Riyadh Zoo,images/landmarks/riyadh-riyadh-zoo.webp,1280x1956,0.654,strong,File:Blackbuck in Riyadh Zoo 01.jpg,3648x2736,1.333,File:Blackbuck in Riyadh Zoo 02.jpg | File:African Elephant at zoo in Riyadh.jpg | File:Elephant in Saudi Arabia.JPG
san-francisco,2,Fisherman's Wharf,images/landmarks/san-francisco-fishermans-wharf.webp,1009x1543,0.654,strong,File:Fisherman's wharf of San Francisco (4128369334).jpg,5616x3744,1.5,"File:Fisherman's Wharf, San Francisco, CA, USA - panoramio (115).jpg | File:Fisherman's Wharf (4970535044).jpg | File:Fisherman's Wharf, San Francisco, CA, USA - panoramio (30).jpg"
colmar,2,Maison Pfister,images/landmarks/colmar-maison-pfister.webp,1048x1600,0.655,strong,File:Colmar - Maison Pfister - 2009-05-25 MG 4577.jpg,4272x2848,1.5,"File:2017-05-02 Maison Pfister, Colmar, France.jpg | File:Colmar-Maison Pfister.jpg | File:Colmar Maison Pfister 2.jpg"
alanya,1,Kizil Kule (Red Tower),images/landmarks/alanya-kizil-kule-red-tower.webp,1049x1600,0.656,good,File:Alanya Red Tower 5667.jpg,4928x3280,1.502,File:Red Tower Alanya 04.JPG | File:Red Tower - panoramio (3).jpg | File:Kızılkule - panoramio (1).jpg
fes,7,Nejjarine Fountain and Museum of Wooden Arts,images/landmarks/fes-nejjarine-fountain.webp,1049x1600,0.656,good,File:Porte du musée Nejjarine.jpg,4000x2667,1.5,File:Fondouk el-Nejjarine (Old name- Fes (5364129707)).jpg | File:Nejjarine (25791929104).jpg | File:فندق النجارين بالمدينة العتيقة لفاس - المغرب.jpg
saipan,3,Suicide Cliff,images/landmarks/saipan-suicide-cliff.webp,1049x1600,0.656,strong,File:烈女义坑 - Suicide Cliff - 2016.04 - panoramio.jpg,4483x3362,1.333,File:Suicide Cliff in Saipan.JPG | File:Suicide Cliff Monument.JPG | File:Suicide Cliff in Saipan 1.JPG
nassau,7,Rawson Square,images/landmarks/nassau-rawson-square.webp,1050x1600,0.656,good,File:Bahamas 1988 (048) New Providence Sonnenuntergang (22746102714).jpg,6327x4221,1.499,"File:Bahamas 1988 (077) New Providence Ardastra Gardens, Nassau (23474140325).jpg | File:Bahamas 1988 (079) New Providence Ardastra Gardens, Nassau (23194200380).jpg | File:Bahamas 1988 (084) New Providence Ardastra Gardens, Nassau (23381716942).jpg"
bandung,8,Taman Hutan Raya Ir. H. Djuanda,images/landmarks/bandung-taman-hutan-raya-ir-h-djuanda.webp,320x487,0.657,strong,File:Jembatan gantung di Taman Hutan Raya Ir. H. Djuanda.jpg,6000x4000,1.5,File:Ficus septica-semai-A2613.jpg | File:Ficus septica-daun-A2613.jpg
mbabane,3,Mantenga Nature Reserve & Falls,images/landmarks/mbabane-mantenga-nature-reserve-falls.webp,1051x1600,0.657,good,File:Matumi imported from iNaturalist photo 63998588.jpg,2048x1365,1.5,
phu-quoc,2,Long Beach (Bai Truong),images/landmarks/phu-quoc-long-beach-bai-truong.webp,1051x1600,0.657,good,File:Beach bungalows Phu Quoc (24675993087).jpg,6000x4000,1.5,"File:Bai Sao, Phú Quốc, Vietnam (3870300491).jpg | File:Bai-kem-dong-khach-1.jpg | File:Bai-sao-phu-quoc-tuonglamphotos.jpg"
mashhad,0,Imam Reza Holy Shrine,images/landmarks/mashhad-imam-reza-holy-shrine.webp,1053x1600,0.658,strong,File:Ali Khamenei in Imam Reza Shrine.jpg,2500x1667,1.5,File:Emam Reza Holy Shrine.jpg | File:Emam Reza Holy Shrine2.jpg | File:Emam Reza Holy Shrine1.jpg
sibiu,2,Council Tower (Turnul Sfatului),images/landmarks/sibiu-council-tower.webp,1055x1600,0.659,strong,File:Turnul Sfatului din Sibiu - Detaliu.JPG,3872x2592,1.494,File:Turnul Sfatului Sibiu - panoramio.jpg | File:Turnul Sfatului din Sibiu7.jpg | File:Turnul Sfatului - detaliu.jpg
rhodes,6,Suleiman Mosque,images/landmarks/rhodes-suleiman-mosque.webp,1056x1600,0.66,strong,"File:Suleiman Mosque, Rhodes 2010 3.jpg",4272x2848,1.5,"File:2023-09-20 Suleiman Mosque and Turkish Cemetery in Rhodes 9.jpg | File:Rhodos, the Mosque of Suleiman, Rhodes city 02.jpg | File:Suleiman Mosque Rhodes 20160508-110003LCAnd2morePainterly (32269607890).jpg"
lamu,1,Lamu Fort,images/landmarks/lamu-lamu-fort.webp,1057x1600,0.661,strong,File:Lamu Fort Stairs.jpg,4928x3264,1.51,File:Lamu Fort Museum Courtyard.jpg | File:Eastern face of the Lamu Fort building.jpg | File:Drought season in Lamu.jpg
delhi,2,Qutub Minar,images/landmarks/delhi-qutub-minar.webp,1058x1600,0.661,strong,"File:Evening at qutub minar,delhi - panoramio.jpg",4320x3240,1.333,"File:A Potrait view of Qutub Minar.jpg | File:20170213 Qutob-Minar 3158 (34952091940).jpg | File:Gezicht op de Qutb Minar in Delhi The Kootur (titel op object), RP-F-2001-7-1124-8.jpg"
prague,4,St. Vitus Cathedral,images/landmarks/prague-st-vitus-cathedral.webp,1057x1600,0.661,strong,"File:Part of the Golden Gate grid in the St. Vitus Cathedral. Prague, Czech Republic.jpg",5168x3842,1.345,File:Golden Gate (St Vitus Cathedral) – Harvest.jpg | File:Golden Gate (St Vitus Cathedral) – Butcher.jpg | File:Golden Gate (St. Vitus Cathedral) – Harvest (1).jpg
n-djamena,4,Cathédrale Notre-Dame de N'Djaména,images/landmarks/ndjamena-cathedrale-notre-dame.webp,1058x1600,0.661,weak,"File:Building in Fort Lamy, Chad.jpg",1820x1212,1.502,"File:Notables in Fort Lamy, Chad.jpg | File:Man and hut in Fort Lamy, Chad.jpg | File:Fort Lamy, Chad, street.jpg"
axum,5,Ezana Stone,images/landmarks/axum-ezana-stone.webp,1057x1600,0.661,strong,"File:Aksum, iscrizione di re ezana, in greco, sabeo e ge'ez, 330-350 dc ca. 08 ezana.jpg",5472x3648,1.5,"File:Aksum, iscrizione di re ezana, in greco, sabeo e ge'ez, 330-350 dc ca. 13.jpg | File:Aksum, iscrizione di re ezana, in greco, sabeo e ge'ez, 330-350 dc ca., lapide sugli scopritori.jpg | File:Aksum, iscrizione di re ezana, in greco, sabeo e ge'ez, 330-350 dc ca. 11.jpg"
biarritz,3,Biarritz Lighthouse (Phare de Biarritz),images/landmarks/biarritz-lighthouse.webp,1059x1600,0.662,strong,File:Biarritz-Entrée du phare-20131228.jpg,5472x3648,1.5,File:Phare de Biarritz en travaux 2020-10-16.jpg | File:Biarritz-Phare-20211122.jpg | File:Phare de Biarritz-Cap Hainsart-Anglet Chambre d'Amour-20190209.jpg
murree,4,Holy Trinity Church,images/landmarks/murree-holy-trinity-church.webp,1059x1600,0.662,strong,"File:Holy Trinity Church, Murree.JPG",4608x3072,1.5,File:View of Holy Trinity Church Muree.jpg | File:Holy Trinity Church in Murree from backside.jpg | File:Holy Trinity Church In Murree.jpg
leipzig,9,Leipzig Baumwollspinnerei,images/landmarks/leipzig-baumwollspinnerei.webp,1059x1600,0.662,strong,File:Leipzig - Leipziger Baumwollspinnerei.jpg,5184x3456,1.5,File:Leipzig - Leipziger Baumwollspinnerei (2).jpg | File:Leipzig - Leipziger Baumwollspinnerei (3).jpg | File:Leipzig - Leipziger Baumwollspinnerei (5).jpg
accra,3,Jamestown Lighthouse,images/landmarks/accra-jamestown-lighthouse.webp,1059x1600,0.662,strong,File:Jamestown View from Lighthouse 2011 B003.jpg,4608x3072,1.5,"File:Jamestown Lighthouse 20170122.jpg | File:Lighthouse at Jamestown Accra.jpg | File:Lighthouse at Jamestown, Accra.jpg"
kota-kinabalu,9,Kota Kinabalu Waterfront,images/landmarks/kota-kinabalu-waterfront.webp,1060x1600,0.662,strong,"File:Kota Kinabalu waterfront, 2024 (01).jpg",5964x3936,1.515,"File:Kota Kinabalu waterfront, 2024 (03).jpg | File:Kota Kinabalu waterfront, 2024 (05).jpg | File:Tour boats, Kota Kinabalu waterfront, 2024 (01).jpg"
mytilene,9,Statue of Liberty of Mytilene,images/landmarks/mytilene-statue-of-liberty-of-mytilene.webp,1060x1600,0.662,strong,File:Statue of liberty in mytilene.jpg,3648x2736,1.333,File:Statue mytilene.jpg | File:Liberty Statue.JPG | File:Kompleto! 085.jpg
palma-de-mallorca,6,Arab Baths (Banys Àrabs),images/landmarks/palma-arab-baths.webp,1059x1600,0.662,strong,"File:Banys Àrabs (Arabischen Bäder), Palma de Mallorca - panoramio.jpg",4000x2664,1.502,"File:213 Banys Àrabs de Palma, caldari.jpg | File:217 Banys Àrabs de Palma, caldari.jpg | File:218 Banys Àrabs de Palma, cúpula del caldari.jpg"
srimangal,6,Hum Hum Waterfall,images/landmarks/srimangal-hum-hum-waterfall.webp,1060x1600,0.662,strong,File:Hum Hum Waterfall (3).jpg,4160x3120,1.333,File:Hum Hum Waterfall.jpg | File:Hamham falls.jpg | File:Rema-Kalenga HR.jpg
najaf,8,Bahr al-Najaf (Sea of Najaf),images/landmarks/najaf-bahr-al-najaf.webp,1060x1600,0.662,good,File:Abdul Karim Kasim Museum.jpg,6000x4000,1.5,File:Al-Shahbander Cafe.jpg | File:Al-Zawraa park Ferris wheel 1.jpg | File:1كهوف الطار.jpg
nuremberg,4,Documentation Center Nazi Party Rally Grounds,images/landmarks/nuremberg-documentation-center.webp,1059x1600,0.662,good,File:2012 03 17 U-Bahn-Nürnberg Kaulbachplatz.JPG,5184x3456,1.5,File:2012 03 18 Neptunbrunnen in Winterruhe.JPG | File:12-03-17-aktstudien-nuernberg-by-RalfR-04.jpg | File:12-03-17-aktstudien-nuernberg-by-RalfR-05.jpg
port-elizabeth,3,The Campanile,images/landmarks/port-elizabeth-the-campanile.webp,1060x1600,0.662,strong,File:Port Elizabeth Campanile.JPG,4320x3240,1.333,
tirana,7,Tanners' Bridge (Ura e Tabakëve),images/landmarks/tirana-tanners-bridge-ura-e-tabakeve.webp,1059x1600,0.662,strong,File:Ura e Tabakëve Tiranë.jpg,4608x3456,1.333,"File:Ura e Tabakeve, Tirane.jpg | File:Ura e Tabakëve.jpg | File:Ura e Tabakeve Tirane.jpg"
zanzibar-city,9,Malindi Mosque and Old Dhow Harbour,images/landmarks/zanzibar-city-malindi-mosque.webp,1060x1600,0.662,strong,"File:Bamnara,Malindi Mosque in Zanzibar.jpg",2000x1325,1.509,"File:Malindi,Bamnara Mosque in Zanzibar.jpg | File:Bamnara Mosque side view.jpg | File:Bamnara mosque.jpg"
whistler,6,Lost Lake Park,images/landmarks/whistler-lost-lake-park.webp,1059x1600,0.662,strong,File:Labour Day weekend at Lost Lake (44628634925).jpg,3744x2815,1.33,File:Autumn at Lost Lake (38274787661).jpg | File:Lost Lake (4471634174).jpg | File:Contemplating Loggers Lake (31080710697).jpg
yangon,1,Sule Pagoda,images/landmarks/yangon-sule-pagoda.webp,1060x1600,0.662,good,"File:2016 Rangun, Budynek Sekretariatu (Budynek Ministrów) (02).jpg",4925x3283,1.5,"File:2016 Rangun, Budynek Sekretariatu (Budynek Ministrów) (06).jpg | File:2016 Rangun, Budynek Sekretariatu (Budynek Ministrów) (08).jpg | File:2016 Rangun, Dawny budynek Sądu Najwyższego (01).jpg"
yaroslavl,0,Transfiguration Monastery (Spaso-Preobrazhensky),images/landmarks/yaroslavl-spaso-preobrazhensky-monastery.webp,1060x1600,0.662,good,File:Северная стена монастыря изнутри.jpg,6000x4000,1.5,File:Фрагмент стены у бывшей бани.jpg | File:Угличская башня.jpg | File:Монастырские стены на площади Богоявления.jpg
ashgabat,7,Ertugrul Gazi Mosque,images/landmarks/ashgabat-ertugrul-gazi-mosque.webp,1061x1600,0.663,good,File:Badshahi Mosque from Azadi Park.jpg,5096x3349,1.522,
honiara,9,"Parliament House, Honiara",images/landmarks/honiara-parliament-house-honiara.webp,1061x1600,0.663,strong,"File:View of the National Parliament Building, Honiara, Solomon Islands.jpg",1734x1176,1.474,"File:Long shot of the Solomon Islands Parliament House. (10708895683).jpg | File:Olympic Torch Relay, Lawson Tama Stadium, Honiara, Solomon Islands.jpg | File:Honiara.jpg"
stockholm,6,Storkyrkan (Stockholm Cathedral),images/landmarks/stockholm-storkyrkan-stockholm-cathedral.webp,663x1000,0.663,good,File:Carl Gustafs kyrka - koret-2.jpg,3263x2212,1.475,File:Domkyrkan at Lund.jpg | File:Carl Gustafs kyrka - orgeln-1.jpg | File:Edsleskog church.jpg
bengaluru,5,Bull Temple (Dodda Basavana Gudi),images/landmarks/bengaluru-bull-temple.webp,1063x1600,0.664,strong,"File:Sri Big Bull Temple, Dodda Ganeshana Gudi, Bangalore, India - 20130526-03.JPG",3872x2592,1.494,"File:Sri Big Bull Temple, Dodda Ganeshana Gudi, Bangalore, India - 20130526-05.JPG | File:Sri Big Bull Temple, Dodda Ganeshana Gudi, Bangalore, India - 20130526-04.JPG | File:Shree Dodda Ganapathi Temple.jpg"
brugge,4,Church of Our Lady,images/landmarks/brugge-church-of-our-lady.webp,1062x1600,0.664,strong,"File:1009 Church of Our Lady (Bruges, Belgium) Photo by Giles Laurent.jpg",8064x6048,1.333,"File:1010 Church of Our Lady (Bruges) Photo by Giles Laurent.jpg | File:Veere (NL), Onze-Lieve-Vrouwekerk -- 2022 -- 5062.jpg | File:Onze-Lieve-Vrouwekerk Brugge (2).jpg"
dresden,7,Albertinum,images/landmarks/dresden-albertinum.webp,1062x1600,0.664,strong,File:Albertinum (13638283355).jpg,5184x3456,1.5,File:Dresden Germany Park-benches-in-front-of-Albertinum-01.jpg | File:Dresden Germany Albertinum-02.jpg | File:Albertinum Dresden 2020-08-01.jpg
da-lat,3,Linh Phuoc Pagoda,images/landmarks/da-lat-linh-phuoc-pagoda.webp,1062x1600,0.664,strong,"File:View from the Linh Phuoc Pagoda, Dalat.jpg",2592x1740,1.49,File:Linh Phuoc Pagoda 01.jpg | File:Linh Phuoc Pagoda 05.jpg | File:Da Lat - Linh Phuoc Temple 02.jpg
gondar,1,Fasilides' Castle,images/landmarks/gondar-fasilides-castle.webp,1063x1600,0.664,strong,"File:The Ruins at Gondar, Ethiopia - Fasilides Castle (2414137463).jpg",2668x1994,1.338,File:Gondar Castle 16 (28397638922).jpg | File:Gondar Castle 4 (28397645752).jpg | File:Gondar Castle 5 (27887111103).jpg
chefchaouen,0,The Blue Medina (old town),images/landmarks/chefchaouen-blue-medina.webp,1062x1600,0.664,good,File:Essaouira Medina - panoramio (21).jpg,4272x2848,1.5,File:2018 01 (Blue) - Chaouen.jpg | File:Tangier Medina (40115238594).jpg
granada,9,Alcaicería,images/landmarks/granada-alcaiceria.webp,1062x1600,0.664,strong,File:AA ARABIC LAMPS IN MANY COLORS IN ALCAICERIA IN GRANADA 2016.jpg,5472x3648,1.5,File:Souk de l'Alcaiceria (8276322107).jpg | File:Souk de l'Alcaiceria (8277385742).jpg | File:Souk de l'Alcaiceria (8276337905).jpg
jodhpur,7,Rao Jodha Desert Rock Park,images/landmarks/jodhpur-rao-jodha-desert-rock-park.webp,1063x1600,0.664,strong,"File:Rao Jodha Desert Rock Park, Jodhpur, 20191210 1124 7894.jpg",5234x3480,1.504,"File:Mehrangarh Fort, Rao Jodha Desert Rock Park, Jodhpur, 20191210 1142 7903.jpg | File:Mehrangarh Fort, Rao Jodha Desert Rock Park, Jodhpur, 20191210 1206 7932.jpg | File:... Gully trail in Rao Jodha Desert Rock Park (45594566812).jpg"
johor-bahru,2,Arulmigu Sri Rajakaliamman Glass Temple,images/landmarks/johor-bahru-glass-temple.webp,1062x1600,0.664,strong,File:Arulmigu Sri Rajakaliamman Glass Temple - Flickr.jpg,7952x5304,1.499,"File:Arulmigu Sri Rajakaliamman Glass Temple, JB (2025) - img 02.jpg | File:Arulmigu Sri Rajakaliamman Glass Temple, JB (2025) - img 05.jpg | File:Arulmigu Sri Rajakaliamman Glass Temple, JB (2025) - img 04.jpg"
girona,7,Monastery of Sant Pere de Galligants,images/landmarks/girona-sant-pere-de-galligants.webp,1063x1600,0.664,strong,File:Girona - Sant Pere de Galligants - Puente 2016-11-13.jpg,5184x3456,1.5,"File:Girona, Eglesia de Sant Pere de Galligants, 11th-12th cents (8) (31173696312).jpg | File:138 Temps de Flors 2022, plaça dels Jurats (Girona), al fons Sant Pere de Galligants.jpg | File:Girona, Eglesia de Sant Pere de Galligants, 11th-12th cents (6) (31173811702).jpg"
isfahan,5,Ali Qapu Palace,images/landmarks/isfahan-ali-qapu-palace.webp,1063x1600,0.664,strong,File:Ali qapu MR751.jpg,5913x3942,1.5,File:Ali Qapu Building.jpg | File:Ali Qapu Palace Sideview.jpg | File:Ali Qapu Palace Facade view.jpg
hanoi,6,St. Joseph's Cathedral,images/landmarks/hanoi-st-josephs-cathedral.webp,996x1500,0.664,strong,File:St. Joseph Cathedral (9754012723).jpg,5184x3456,1.5,File:St. Joseph Cathedral (9754002293).jpg | File:St. Joseph's Cathedral - 50128560608.jpg | File:St Joseph Cathedral.jpg
karachi,5,Merewether Clock Tower,images/landmarks/karachi-merewether-clock-tower.webp,1062x1600,0.664,strong,File:Clock Tower Karachi Merewether.JPG,4759x3173,1.5,File:Tower Base - Merewether Clock Tower.jpg | File:Merewether clock tower1.jpg | File:Merewether Clock Tower in Karachi.jpg
lilongwe,4,Bingu National Stadium,images/landmarks/lilongwe-bingu-national-stadium.webp,720x1084,0.664,good,File:ISS023-E-35139 - View of Earth.jpg,4256x2913,1.461,File:ISS023-E-35135 - View of Malawi.jpg | File:ISS023-E-35140 - View of Earth.jpg | File:ISS023-E-35136 - View of Earth.jpg
kairouan,5,Bir Barrouta,images/landmarks/kairouan-bir-barrouta.webp,1063x1600,0.664,strong,File:Bir barrouta et sa coupole.jpg,4288x2848,1.506,File:Bir barrouta et la roue.jpg | File:Bir Barrouta 01.JPG | File:Bir Barrouta 02.JPG
klaipeda,2,Meridianas Sailing Ship,images/landmarks/klaipeda-meridianas-sailing-ship.webp,1063x1600,0.664,good,"File:Meridianas, Klaipėda, 2006 (01).jpg",3008x2000,1.504,"File:Gediminas Avenue, 2006 (03).jpg | File:Gediminas Avenue, 2006 (01).jpg | File:Gediminas Avenue, 2006 (02).jpg"
irkutsk,3,Epiphany Cathedral (Bogoyavlensky Sobor),images/landmarks/irkutsk-epiphany-cathedral-bogoyavlensky-sobor.webp,1062x1600,0.664,good,File:RU Irkutsk Church of the Epiphany.jpg,5388x3603,1.495,"File:Epiphany Cathedral, Irkutsk (15858798052).jpg | File:Sobór Objawienia Pańskiego w Irkucku 05.JPG | File:Church of the Epiphany (Irkutsk) (11328095273).jpg"
naples,7,Galleria Umberto I,images/landmarks/naples-galleria-umberto-i.webp,1062x1600,0.664,strong,File:Galleria Umberto I Napoli dettaglio con angeli.jpg,7360x4912,1.498,File:Galleria Umberto I Napoli interno.jpg | File:Galleria Umberto I (Naples) 01 (js).jpg | File:Galleria Umberto I (Naples) 02 (js).jpg
manzhouli,0,Matryoshka Square (Taowa Square),images/landmarks/manzhouli-matryoshka-square.webp,1062x1600,0.664,strong,File:Army of Matryoshka dolls (2995294027).jpg,4288x2848,1.506,"File:DGJ 4705 - Russian Matryoshka (4312413546).jpg | File:7 piece Matryoshka dolls, Queensland, 2021.jpg | File:CreativeTools.se - PackshotCreator - Russian matryoshka dolls (4353860378).jpg"
sharm-el-sheikh,4,Ras Um Sid,images/landmarks/sharm-el-sheikh-ras-um-sid.webp,1062x1600,0.664,strong,File:Beach Gazebo at Ras Um Sid Bay.jpg,4928x3264,1.51,"File:Gold Beach at Ras Um Sid Bay.jpg | File:MEMORIAL AT SHARM EL SHEIKH, EGYPT.jpg"
tofino,6,Rainforest Trail,images/landmarks/tofino-rainforest-trail.webp,1062x1600,0.664,good,File:Tofino Pacific Rim National Park Reserve 03.jpg,6000x4000,1.5,File:Tofino Pacific Rim National Park Reserve 01.jpg
taichung,4,Luce Memorial Chapel (Tunghai University),images/landmarks/taichung-luce-memorial-chapel-tunghai-university.webp,1063x1600,0.664,strong,File:Luce Memorial Chapel - Tunghai University - DSC01578.JPG,5472x3648,1.5,File:Luce Memorial Chapel - Tunghai University - DSC01491.JPG | File:Luce Memorial Chapel - Tunghai University - DSC01590.JPG | File:Luce Memorial Chapel - Tunghai University - DSC01586.JPG
turpan,4,Turpan Karez System,images/landmarks/turpan-karez-system.webp,1062x1600,0.664,strong,File:Tourists visited the karez museum and a grape farmer's land in Turpan July 2018 13.jpg,4896x3672,1.333,File:Karez museum in Turpan July 2018 14.jpg | File:Tourists visited the karez museum and a grape farmer's land in Turpan July 2018 19.jpg | File:2017-07-23 Turpan Karez Folk Park 24 anagoria.jpg
zaragoza,9,Expo 2008 Riverfront,images/landmarks/zaragoza-expo-2008-riverfront.webp,1063x1600,0.664,strong,"File:Zaragoza - Recinto Expo 2008, Torre del Agua 08.jpg",2048x1536,1.333,"File:Expo-Zaragoza-España18.JPG | File:Torre del Agua, Expozaragoza 2008, Zaragoza, España.JPG | File:Torre del Agua (9153160781).jpg"
acapulco-de-juarez,0,La Quebrada Cliff Divers,images/landmarks/acapulco-de-juarez-la-quebrada-cliff-divers.webp,679x1021,0.665,good,"File:Acapulco, where the cliff divers perform (47546175841).jpg",1564x978,1.599,"File:La Quebrada - Acapulco, Mexico.jpg | File:La Quebrada, Acapulco Mx.jpg | File:Final Preparation, La Quebrada.jpg"
aleppo,3,Khan al-Jumruk,images/landmarks/aleppo-khan-al-jumruk.webp,1064x1600,0.665,strong,File:Aleppo Khan al-Jumruk 9163.jpg,4256x2832,1.503,File:Aleppo Khan al-Jumruk 9161.jpg | File:Aleppo Khan al-Jumruk 9158.jpg | File:Fonds Solange Ory (1927-2018) - Syrie - Alep - Khan al-Jumruk - Coupole et alvéoles (MédiHAL 5024960).jpg
antsiranana,1,Les Trois Baies (Three Bays),images/landmarks/antsiranana-les-trois-baies.webp,1064x1600,0.665,good,File:ISS064-E-23347 - View of Earth.jpg,5568x3712,1.5,File:ISS064-E-23346 - View of Earth.jpg | File:ISS064-E-23350 - View of Earth.jpg | File:Baie de Diego saurez (vu 6em étage).jpg
fethiye,7,Telmessos Amphitheatre,images/landmarks/fethiye-telmessos-amphitheatre.webp,1064x1600,0.665,strong,File:Old amphitheatre (1091851323).jpg,3072x2304,1.333,File:Old amphitheatre (1092724836).jpg | File:Telmessos Theater.jpg | File:Fethiye Roman theatre before restoration 5757.jpg
gaziantep,0,Zeugma Mosaic Museum,images/landmarks/gaziantep-zeugma-mosaic-museum.webp,1064x1600,0.665,strong,File:Gaziantep Zeugma museum Oceanus and Thetys mosaic Oceanus Thetys and dragon Cetos in 2019 3993.jpg,8256x5504,1.5,File:Gaziantep Zeugma museum Oceanus and Thetys mosaic Eros on dolphin in 2019 3996.jpg | File:Gaziantep Zeugma Museum Oceanus and Thetys mosaic Maybe Pan in 2014 2496.jpg | File:Gaziantep Zeugma Museum Oceanus and Thetys mosaic Eros on dolpin in 2014 2492.jpg
girona,6,Basilica of Sant Feliu,images/landmarks/girona-basilica-sant-feliu.webp,1064x1600,0.665,strong,"File:148 Temps de Flors 2022, escales de Sant Feliu (Girona).jpg",4160x3120,1.333,"File:Gerona, Sant Feliu (7), RI-51-0000554-WLM.jpg | File:Sant Feliu de Girona.jpg | File:Capitells de l'Església de Sant Feliu.jpg"
damascus,8,Mausoleum of Saladin,images/landmarks/damascus-mausoleum-of-saladin.webp,1064x1600,0.665,strong,File:Damascus mausoleum of Sultan Saladin 8147.jpg,4256x2832,1.503,File:Damascus monument for first perished Turkish pilots at mausoleum of Sultan Saladin 8149.jpg | File:Damascus mausoleum of Sultan Saladin 8144.jpg | File:Damascus mausoleum of Sultan Saladin 8145.jpg
bahir-dar,2,Ura Kidane Mehret Monastery,images/landmarks/bahir-dar-ura-kidane-mehret-monastery.webp,1064x1600,0.665,strong,File:Exterior of Ura Kidane Mihret (Church) - Zege Peninsula - Near Bahir Dar - Ethiopia (8680676328).jpg,3648x2736,1.333,"File:Monastero di ura kidanemihret, esterno 01 ingresso.jpg"
konya,4,Karatay Medrese,images/landmarks/konya-karatay-medrese.webp,1064x1600,0.665,strong,File:Konya Karatay Ceramics Museum 2829.jpg,4256x2832,1.503,File:Konya Karatay Ceramics Museum exterior 2010 2504.jpg | File:Konya Karatay Ceramics Museum exterior 2010 2827.jpg | File:Konya Karatay Ceramics Museum exterior 4462.jpg
konya,9,Sırçalı Medrese,images/landmarks/konya-sircali-medrese.webp,1064x1600,0.665,strong,File:Konya Sırçalı Medrese gravestone museum 4490.jpg,4256x2832,1.503,File:Konya Sırçalı Medrese gravestone museum 4492.jpg | File:Konya Sırçalı Medrese gravestone museum 4493.jpg | File:Konya Sırçalı Medrese gravestone museum 4495.jpg
konya,7,Aziziye Mosque,images/landmarks/konya-aziziye-mosque.webp,1064x1600,0.665,strong,File:Konya Aziziye Mosque 3012.jpg,4256x2832,1.503,File:Konya Aziziye Mosque 3821.jpg | File:Konya Aziziye Mosque exterior 2942.jpg | File:Konya Aziziye Mosque exterior 3825.jpg
maputo,2,Cathedral of Our Lady of Conception,images/landmarks/maputo-cathedral-of-our-lady-of-conception.webp,1064x1600,0.665,good,File:Catedral (3911440831).jpg,3872x2592,1.494,File:The Independence Square (7667683818).jpg | File:Avenida Agostinho Neto (503880696).jpg | File:Xenon Cinema (503893606).jpg
pristina,7,Clock Tower (Sahat Kulla),images/landmarks/pristina-clock-tower.webp,1064x1600,0.665,strong,File:Sahat Kulla-Prishtine.JPG,4608x3072,1.5,File:Sahat Kulla- Prishtina.JPG | File:Sahat Kulla e Sahatit Prishtinë 03.jpg | File:Sahat Kulla e Sahatit Prishtinë 06.jpg
pittsburgh,9,Fallingwater,images/landmarks/pittsburgh-fallingwater.webp,1064x1600,0.665,strong,File:Fallingwater - DSC05643.JPG,5472x3648,1.5,File:Stewart Township - Fallingwater - 20151008094706.jpg | File:Stewart Township - Fallingwater - 20180528101607.jpg | File:Fallingwater - DSC05598.JPG
mykonos,9,Archaeological Museum of Mykonos,images/landmarks/mykonos-archaeological-museum-of-mykonos.webp,1064x1600,0.665,strong,"File:Bracelets in form of snake, Gold, Cyclades 19th c, AM of Mykonos, exhibition, 224882.jpg",4419x2941,1.503,"File:Kastro in Chora of Mykonos, 247696.jpg | File:Kastro in Chora of Mykonos, 247700.jpg | File:Gold jewellery, Bone and wooden combs, Jug, 17th-19th c, AM of Mykonos, exhibition, 224879.jpg"
matsuyama,3,Isaniwa Shrine,images/landmarks/matsuyama-isaniwa-shrine.webp,1064x1600,0.665,strong,File:Isaniwa Shrine (52005828830).jpg,5921x3948,1.5,File:Isaniwa Shrine (52005366638).jpg | File:伊佐爾波神社 Isaniwa Shrine - panoramio.jpg | File:Isaniwa Shrine roumon.jpg
seville,4,Torre del Oro,images/landmarks/seville-torre-del-oro.webp,1064x1600,0.665,strong,File:Canal de Alfonso XIII Torre del Oro Sevilla.jpg,5150x3290,1.565,File:Batalla de Lepanto Torre del Oro.jpg | File:Catedral de Sevilla y vista parcial de la Torre de la Plata (vista desde la Torre del Oro).jpg | File:La Torre del Oro.jpg
tallinn,9,St. Mary's Cathedral (Toomkirik),images/landmarks/tallinn-st-marys-cathedral-toomkirik.webp,1064x1600,0.665,strong,"File:St Mary's Cathedral in Tallinn, Estonia - panoramio.jpg",4131x2983,1.385,File:Tallinn Cathedral - Tallinna Toomkirik - panoramio.jpg | File:Tallinn - Tallinna toomkirik - 2025-09-28 20-22-03 001.JPG | File:Tallinn - Tallinna toomkirik - 2025-09-28 20-24-46 001.JPG
aachen,4,Carolus Thermen,images/landmarks/aachen-carolus-thermen.webp,1066x1600,0.666,strong,File:Hot air balloon Carolus Thermen.jpg,1800x1200,1.5,File:20190628 aachen246.jpg | File:20190628 aachen244.jpg | File:20190628 aachen245.jpg
aix-en-provence,1,Cathédrale Saint-Sauveur,images/landmarks/aix-en-provence-cathedrale-saint-sauveur.webp,1066x1600,0.666,strong,File:Toit 1-2 Baptistère Cathédrale Saint Sauveur Aix en Provence.jpg,3000x2000,1.5,File:Toit 2-2 Baptistère Cathédrale Saint Sauveur Aix en Provence.jpg | File:La Cathedrale St-Sauveur - Aix-en-Provence (5787483853).jpg | File:Cathédrale Saint-Sauveur entrée potelet place Monseigneur de Boisgelin Aix-en-Provence France.JPG
aurangabad,5,Grishneshwar Temple,images/landmarks/aurangabad-grishneshwar-temple.webp,1066x1600,0.666,strong,File:Grishneshwar Mosque.jpg,5198x3462,1.501,"File:Grishneshwar, Ellora - panoramio (1).jpg | File:Grishneshwar, Ellora - panoramio (10).jpg | File:Grishneshwar, Ellora - panoramio (12).jpg"
banff,4,Johnston Canyon,images/landmarks/banff-johnston-canyon.webp,533x800,0.666,strong,File:Johnston Canyon - Banff (29473002666).jpg,6000x4000,1.5,"File:Johnston Canyon, Banff National Park, Alberta, 2025-07-12 02.jpg | File:Johnston Canyon, Banff National Park, Alberta, 2025-07-12 04.jpg | File:Johnston Canyon, Banff National Park, Alberta, 2025-07-12 06.jpg"
banff,6,Cave and Basin National Historic Site,images/landmarks/banff-cave-and-basin-national-historic-site.webp,1066x1600,0.666,strong,File:Cave and Basin National Historic Site 03.jpg,5428x3618,1.5,File:Cave and Basin National Historic Site 04.jpg | File:Cave and Basin National Historic Site 05.jpg | File:Cave and Basin National Historic Site.jpg
barranquilla,7,Iglesia de San Nicolás de Tolentino,images/landmarks/barranquilla-iglesia-san-nicolas-de-tolentino.webp,1066x1600,0.666,strong,File:Iglesia de San Nicolás de Tolentino Barranquilla 2.JPG,5184x3456,1.5,File:Plaza de la Iglesia de San Nicolás de Tolentino.JPG | File:Iglesia de San Nicolás de Tolentino.jpg | File:Iglesia San Nicolas de Tolentino.jpg
baku,2,Maiden Tower (Qız Qalası),images/landmarks/baku-maiden-tower-qz-qalas.webp,1066x1600,0.666,strong,File:Maiden Tower after reconstruction.JPG,4752x3168,1.5,"File:Maiden Tower (Baku,Azerbaijan).jpg | File:Azerbaijani carpets near Maiden Tower.JPG | File:Maiden Tower Baku.jpg"
batumi,0,Batumi Boulevard,images/landmarks/batumi-batumi-boulevard.webp,1066x1600,0.666,strong,File:Batumi Boulevard Alley 2.jpg,2048x1365,1.5,"File:Batumi Boulevard Iclusive Beach.jpg | File:Batumi Sea Port, Georgia (51304532368).jpg | File:Batumi, Georgia - panoramio (27).jpg"
bangkok,2,Wat Pho (Temple of the Reclining Buddha),images/landmarks/bangkok-wat-pho.webp,1066x1600,0.666,strong,File:Wat Pho bangkok reclining buddha IMG 6947.JPG,3264x2448,1.333,File:Wat Pho bangkok reclining buddha IMG 6956.JPG | File:Wat Pho bangkok reclining buddha IMG 6957.JPG | File:Wat Pho bangkok reclining buddha IMG 6961.JPG
barcelona,4,Barcelona Cathedral,images/landmarks/barcelona-cathedral.webp,1066x1600,0.666,strong,File:Barcelona Cathedral Interior - view of the dome.jpg,8256x5504,1.5,File:Barcelona Cathedral Interior - Ark of Santa Eulalia.jpg | File:Barcelona Cathedral Interior - Ceiling and choir.jpg | File:Barcelona Cathedral Interior - Royal tombs in the Cathedral of Barcelona - The Queens.jpg
bengaluru,7,St. Mary's Basilica,images/landmarks/bengaluru-st-mary-s-basilica.webp,1066x1600,0.666,strong,File:St. Mary's Basilica Bangalore.jpg,1600x1200,1.333,File:St. Mary's Basilica Bangalore gate.jpg
bern,0,Zytglogge (Clock Tower),images/landmarks/bern-zytglogge.webp,1066x1600,0.666,strong,"File:Astronomical clock of the ""Zytglogge"" tower in Berne, Switzerland.jpg",4500x3000,1.5,File:The Zytglogge clock tower.jpg | File:Zytglogge clock tower around year 1900.jpg | File:Bern - Kramgasse mit Zytglogge (2014).jpg
bratislava,2,Michael's Gate,images/landmarks/bratislava-michael-s-gate.webp,1066x1600,0.666,strong,File:Michael's Gate and tower (10267681486).jpg,4288x2848,1.506,"File:Michael's Gate and tower (10267283706).jpg | File:Bratislava, Michael´s Gate.JPG | File:Michael S Gate (232304115).jpeg"
bilbao,7,Catedral de Santiago,images/landmarks/bilbao-catedral-de-santiago.webp,1066x1600,0.666,strong,File:Iglesia Catedral de Santiago-Bilbao.jpg,3264x2448,1.333,File:Catedral de Santiago (Bilbao-Vizcaya).jpg | File:Bilbao - Catedral de Santiago 45.JPG | File:Bilbao - catedral 1.jpg
berlin,8,Victory Column (Siegessäule),images/landmarks/berlin-victory-column.webp,1066x1600,0.666,strong,File:Berliner Siegessäule - Berlin Victory Column photo1.jpg,3456x2304,1.5,File:Berliner Siegessäule - Berlin Victory Column photo2.jpg | File:Berliner Siegessäule - Berlin Victory Column photo4.jpg | File:Berliner Siegessäule - Berlin Victory Column photo5.jpg
bremen,1,Roland Statue,images/landmarks/bremen-roland-statue.webp,1066x1600,0.666,strong,File:Roland Bremen 0068.JPG,4272x2848,1.5,"File:Bremen, Roland, Elle -- 2021 -- 6350.jpg | File:Bremen, Roland -- 2021 -- 6381.jpg | File:Bremen, 'Roland am Marktplatz' (ca. 1905; Verlag Alb. Rosenthal, Bremen).jpg"
brugge,0,Belfry of Bruges (Belfort),images/landmarks/brugge-belfry-of-bruges-belfort.webp,1066x1600,0.666,strong,"File:Belfry of Bruges (Belfort van Brugge) Bell tower of Bruges, Belgium (Ank Kumar, Infosys Limited) 01.jpg",4924x3283,1.5,"File:Belfry of Bruges (Belfort van Brugge) Bell tower of Bruges, Belgium (Ank Kumar, Infosys Limited) 02.jpg | File:Rozenhoedkaai (canal) and Belfry of Bruges, Bruges, Belgium (Ank Kumar, Infosys Limited) 01.jpg | File:Bruges, belfort, retro.JPG"
brno,3,Old Town Hall,images/landmarks/brno-old-town-hall.webp,1066x1600,0.666,strong,File:Brno - Old Town Hall - Treasury.jpg,4288x2848,1.506,File:Old Town Hall in Brno I.jpg | File:Old Town Hall in Brno II.jpg | File:Old Town Hall in Brno III.jpg
cape-town,4,Bo-Kaap,images/landmarks/cape-town-bo-kaap.webp,1066x1600,0.666,strong,"File:Chiappini Street, Bo-Kaap (01).jpg",5184x3456,1.5,"File:Wale Street, Bo-Kaap (01).jpg | File:The Bo-Kaap Heritage Mural by Nasser Palangi, 93 Wale Street, Bo-Kaap (01).jpg | File:Wale Street, Bo-Kaap (03).jpg"
carcassonne,4,Canal du Midi,images/landmarks/carcassonne-canal-du-midi.webp,1066x1600,0.666,strong,File:Canal du Midi in Carcassonne 01.jpg,4159x2773,1.5,"File:Canal du Midi in Carcassonne 02.jpg | File:Canal du Midi, Carcassonne, Languedoc-Roussillon, France - panoramio (1).jpg | File:Canal du Midi, Carcassonne, Languedoc-Roussillon, France - panoramio (3).jpg"
cambridge,3,Fitzwilliam Museum,images/landmarks/cambridge-fitzwilliam-museum.webp,1066x1600,0.666,strong,"File:Fitzwilliam Museum, Cambridge, July 2010 (02).JPG",4272x2848,1.5,"File:The Fitzwilliam Museum, Cambridge, England - IMG 0702.JPG | File:Fitzwilliam Museum.JPG | File:Fitzwilliam Museum Cambridge 1.JPG"
capri,0,Grotta Azzurra (Blue Grotto),images/landmarks/capri-grotta-azzurra-blue-grotto.webp,1066x1600,0.666,strong,File:Blue Grotto 藍洞 - panoramio.jpg,5177x3431,1.509,File:Grotta azzurra.capri.JPG | File:Blue Grotto.jpg | File:Entrance the the Blue Grotto IMG 0195.JPG
cartagena,5,Palacio de la Inquisición,images/landmarks/cartagena-palacio-de-la-inquisicion.webp,1066x1600,0.666,strong,"File:Colombia, Cartagena, Palacio de la Inquisición.jpg",5184x3456,1.5,File:Ventana de la denuncia.Palacio de La Inquisición. Cartagena.JPG | File:Entrada al patio de atrás del Palacio de La Inquisición. Cartagena.JPG | File:Vista frontal del Palacio de La Inquisición. Cartagena. Colombia.JPG
cartagena,1,Castillo San Felipe de Barajas,images/landmarks/cartagena-castillo-san-felipe.webp,1066x1600,0.666,strong,"File:Castillo San Felipe de Barajas, Cartagena 06.jpg",4599x3066,1.5,"File:Castillo San Felipe de Barajas, Cartagena 07.jpg | File:Castillo San Felipe de Barajas, Cartagena 08.jpg | File:Castillo San Felipe de Barajas, Cartagena 09.jpg"
cartagena,2,Torre del Reloj,images/landmarks/cartagena-torre-del-reloj.webp,1066x1600,0.666,strong,File:Monumento Torre Del Reloj Cartagena de Indias.JPG,4912x3264,1.505,File:Acercamiento del reloj. Puerta Principal. Torre del Reloj. Cartagena. COLOMBIA.JPG | File:023 Torre del Reloj Cartagena Colombia.JPG | File:024 Torre del Reloj Cartagena Colombia.JPG
cartagena,4,Catedral de Santa Catalina de Alejandría,images/landmarks/cartagena-catedral-santa-catalina.webp,1066x1600,0.666,good,File:Catedral de Barichara día.JPG,4272x2848,1.5,File:Catedral tunja centro historico.7.jpg | File:Catedral-Tunja fachada.jpg | File:IDMJI - Sáchica - Boyacá - Colombia.jpg
colmar,8,Église des Dominicains (Dominican Church),images/landmarks/colmar-glise-des-dominicains.webp,1066x1600,0.666,strong,File:Colmar église des Dominicains intérieur 2009 01.jpg,3648x2736,1.333,File:Colmar église des Dominicains intérieur 2009 03.jpg | File:Colmar église des Dominicains intérieur 2009 02.jpg | File:Dominican Church (52168192592).jpg
dakar,9,Presidential Palace (Palais de la République),images/landmarks/dakar-presidential-palace.webp,1066x1600,0.666,good,File:Dakar - donna con bambino.jpg,4752x3168,1.5,File:Dakar - pittore 2.jpg | File:Dakar - sunugal.jpg | File:Dakar preghiera.jpg
douala,2,Notre-Dame des Victoires de New Bell,images/landmarks/douala-notre-dame-victoires-new-bell.webp,1066x1600,0.666,strong,File:Notre Dame des Victoires de New Bell 5.JPG,3888x2592,1.5,File:Intérieur église notre dame des victoires de New-bell.JPG
cuiaba,1,Catedral Basílica do Senhor Bom Jesus,images/landmarks/cuiaba-catedral-basilica-senhor-bom-jesus.webp,853x1280,0.666,strong,File:Catedral Metropolitana Basílica do Senhor Bom Jesus.jpg,5783x3855,1.5,File:Catedral Metropolitana Basílica do Senhor Bom Jesus - Cuiabá - 20240922113341.jpg | File:Catedral Metropolitana Basílica do Senhor Bom Jesus - Cuiabá - 20240922112833.jpg | File:Catedral Metropolitana Basílica do Senhor Bom Jesus - Cuiabá - 20240922113334.jpg
dar-es-salaam,6,Bongoyo Island,images/landmarks/dar-es-salaam-bongoyo-island.webp,1066x1600,0.666,strong,File:Bongoyo island (3186066191).jpg,1799x1199,1.5,"File:Baobab tree -near Sand River Selous, Selous Game Reserve, Tanzania-8.jpg | File:Baobab tree, Tarangire National Park (1) (28062770274).jpg | File:Baobab tree, Tarangire National Park (2) (28679142585).jpg"
edirne,8,Edirne Grand Synagogue,images/landmarks/edirne-edirne-grand-synagogue.webp,1065x1600,0.666,strong,File:Grand Synagogue of Edirne Interior in 2024 6342.jpg,8256x5504,1.5,File:Grand Synagogue of Edirne Interior in 2024 6344.jpg | File:Grand Synagogue of Edirne Interior in 2024 6347.jpg | File:Grand Synagogue of Edirne Interior in 2024 6348.jpg
darwin,4,Litchfield National Park,images/landmarks/darwin-litchfield-national-park.webp,1066x1600,0.666,strong,"File:Litchfield National Park (AU), Magnetic Termite Mounds -- 2019 -- 3721.jpg",6720x4480,1.5,"File:Litchfield National Park (AU), Magnetic Termite Mounds -- 2019 -- 3725.jpg | File:Litchfield National Park (AU), Magnetic Termite Mounds -- 2019 -- 3727.jpg | File:Litchfield National Park (AU), Magnetic Termite Mounds -- 2019 -- 3728.jpg"
erbil,6,Kurdish Textile Museum,images/landmarks/erbil-kurdish-textile-museum.webp,1066x1600,0.666,strong,File:Kurdish Textile Museum.jpg,6016x4000,1.504,"File:Citadel of Erbil, a street during the restoration work in 2014, near the Kurdish Textile and Cultural Museum.jpg | File:Carpets in the Kurdish Textile and Cultural Museum, Citadel of Erbil, Hawler, Iraqi Kurdistan.jpg | File:Carpets in the Kurdish Textile and Cultural Museum, Citadel of Erbil, Hawler.jpg"
essaouira,8,The Souks and Fish Market,images/landmarks/essaouira-the-souks-and-fish-market.webp,1066x1600,0.666,good,File:Essaouira Medina - panoramio.jpg,4272x2848,1.5,File:Essaouira Medina - panoramio (1).jpg | File:Essaouira Medina - panoramio (2).jpg | File:Essaouira Medina - panoramio (3).jpg
fort-de-france,2,Cathédrale Saint-Louis,images/landmarks/fort-de-france-cathedrale-saint-louis.webp,1066x1600,0.666,strong,File:Fort-de-France - 2014 - Cathédrale Saint-Louis (1).jpg,5184x3456,1.5,File:Fort-de-France - 2014 - Cathédrale Saint-Louis (6).jpg | File:Fort-de-France - 2014 - Cathédrale Saint-Louis (9).jpg | File:Fort-de-France - 2014 - Cathédrale Saint-Louis (16).jpg
essaouira,6,Sidi Mohammed Ben Abdallah Museum,images/landmarks/essaouira-sidi-mohammed-ben-abdallah-museum.webp,1066x1600,0.666,good,File:Marrakech Bibliothèque Ben Youssef (54248443081).jpg,5540x3694,1.5,File:CHU Marrakech Mohammed VI (42129).jpg | File:CHU Marrakech Mohammed VI (41762).jpg | File:CHU Marrakech Mohammed VI (80838).jpg
florence,5,Piazza della Signoria & Palazzo Vecchio,images/landmarks/florence-piazza-della-signoria-and-palazzo-vecchio.webp,1066x1600,0.666,good,"File:Firenze, Palazzo Vecchio (03).jpg",5184x3456,1.5,"File:Firenze, Palazzo Vecchio (04).jpg | File:Firenze, Palazzo Vecchio (06).jpg | File:Exterior Palazzo Vecchio Sep 2017.jpg"
gdansk,8,Westerplatte,images/landmarks/gdansk-westerplatte.webp,1066x1600,0.666,strong,File:Gdansk Westerplatte pomnik.jpg,5184x3456,1.5,File:1 Westerplatte. Tablica ze słowami św. Jana Pawła II Każdy z Was młodzi przyjaciele.jpg | File:Gdansk Westerplatte pomnik 2.jpg | File:Gdansk Westerplatte 3.jpg
gdansk,3,Długa Street and the Golden Gate,images/landmarks/gdansk-dluga-street-golden-gate.webp,1066x1600,0.666,strong,"File:Długa Street in Gdańsk, 2016.jpg",4909x3273,1.5,"File:Długa Street in Gdańsk, 2016 2.jpg | File:Długa Street in Gdańsk, 2016 4.jpg | File:Długa Street in Gdańsk, 2016 3.jpg"
freiburg,6,Martinstor,images/landmarks/freiburg-martinstor.webp,1066x1600,0.666,strong,"File:Freiburg im Breisgau, Martinstor, Gedenktafel -- 2025 -- 8003.jpg",5396x3885,1.389,"File:Freiburg im Breisgau, Münster, Südseite, Skulpturen -- 2025 -- 7898.jpg | File:Freiburg im Breisgau, Münster, Stadtmaße -- 2025 -- 8121.jpg | File:Freiburg im Breisgau, Münster, Stadtmaße -- 2025 -- 8124.jpg"
georgetown,5,Georgetown Lighthouse,images/landmarks/georgetown-lighthouse.webp,1066x1600,0.666,strong,File:EngineersDept-Georgetown.jpg,4608x3072,1.5,"File:UmanaYana-Georgetown.jpg | File:20-05-2014- Georgetown-Guyana, Intervencion del Canciller Ricardo Patiño en la sesion plenaria de la ( COFCOR ) IMG 7862 (14052255908).jpg | File:Colonial buildings - Georgetown (23024270583).jpg"
gibraltar,6,Moorish Castle,images/landmarks/gibraltar-moorish-castle.webp,1065x1600,0.666,strong,File:1890s - G Washington Wilson - Old Mole and Waterport from Castle.jpg,1600x1068,1.498,"File:Amanecer, bahia de Algeciras..jpg"
gilgit,5,Jaglot Three Mountain Ranges Junction,images/landmarks/gilgit-jaglot-junction.webp,1066x1600,0.666,good,File:A mountain in Shigar Valley surrounded by Indus and Shigar river.jpg,3723x2482,1.5,"File:Indus River.jpg | File:AHAS Visit (144).jpg | File:Chongra 6824m, Nanga Parbat Massif.jpg"
hualien-city,2,Eternal Spring Shrine (Changchun Shrine),images/landmarks/hualien-city-eternal-spring-shrine.webp,1066x1600,0.666,strong,"File:Taroko National Park Changchun (Eternal Spring) Shrine＋WEI, WAN-CHEN＋1.jpg",1600x1064,1.504,File:2011-10-08 Eternal Spring Shrine.jpg | File:Taiwan Taroko-Schlucht Eternal Spring Shrine 07.jpg | File:Taiwan Taroko-Schlucht Eternal Spring Shrine 12.jpg
hamadan,6,Alavian Dome (Gonbad-e Alaviyan),images/landmarks/hamadan-alavian-dome.webp,1066x1600,0.666,strong,File:Alavian Dome.jpg,3072x2304,1.333,File:Alaviyan dome.JPG | File:Alaviyan dome 1.JPG | File:Gonbad-alavian-90.JPG
glasgow,1,Glasgow Cathedral,images/landmarks/glasgow-cathedral.webp,1066x1600,0.666,good,File:Église Canongate Édimbourg 1.jpg,5184x3456,1.5,File:Église Canongate Édimbourg 6.jpg | File:CULROSS ABBEY ENTRANCE.JPG | File:Kirkwall Kathedrale Portal.jpg
hangzhou,3,Six Harmonies Pagoda (Liuhe Pagoda),images/landmarks/hangzhou-six-harmonies-pagoda.webp,1066x1600,0.666,strong,"File:Liuhe Pagoda in Hangzhou, 2015-03-01 05.jpg",4256x2832,1.503,"File:Liuhe Pagoda in Hangzhou, 2015-03-01 11.jpg | File:Liuhe Pagoda in Hangzhou, 2015-03-01 28.jpg | File:201608 Views of the Liuhe Pagoda from Qiantang River Bridge.jpg"
honolulu,7,USS Missouri Memorial,images/landmarks/honolulu-uss-missouri-memorial.webp,1066x1600,0.666,strong,"File:2021-10-11 10 09 06 View of the USS Missouri from a USS Arizona Memorial ferry boat approaching the USS Arizona Memorial in Pearl Harbor, Oahu, Hawaii.jpg",4032x3024,1.333,File:Battleship Missouri Memorial 100108-N-WP746-219.jpg | File:Approaching the USS Missouri (6180407548).jpg | File:Battleship USS Missouri.jpg
hamburg,6,Binnenalster & Alster Lakes,images/landmarks/hamburg-binnenalster-alster-lakes.webp,1066x1600,0.666,good,File:20240828 Deutschland SJ EuroNight EN345 Ankunft Hamburg Hbf Kennedybrücke Verspätung 510 Minuten BR 101 099 Nachtzug RDC BahnTouristikExpress BTE Alsterdampfer Goldbeck Binnenalster.jpg,7620x5080,1.5,File:Hamburg 2009 near Binnenalster 674.JPG | File:Hamburg Binnenalster 2009 660.JPG | File:Hamburg Binnenalster (37256197842).jpg
hualien-city,4,Swallow Grotto (Yanzikou),images/landmarks/hualien-city-swallow-grotto.webp,1066x1600,0.666,good,"File:Entrance to Taroko National Park,taken by andy liang.jpg",5184x3456,1.5,File:Honor Stele of HTDC in Front of Administration Building 20150704.jpg | File:Taroko-Gorge Hualien Taiwan Liufang-Bridge-at-Taroko-National-Park-01.jpg | File:花蓮糖廠製糖工場.jpg
hue,1,Thien Mu Pagoda,images/landmarks/hue-thien-mu-pagoda.webp,1066x1600,0.666,strong,File:Non Nuoc Pagoda Da Nang 3.jpg,5184x3888,1.333,"File:HT Giới Đức.jpg | File:VN - bonzes et áo dài.jpg | File:Artemas Liu, Pema Ts'al Sakya Monastic Institute.jpg"
isfahan,6,Jameh Mosque of Isfahan (Friday Mosque),images/landmarks/isfahan-jameh-mosque-of-isfahan-friday-mosque.webp,1066x1600,0.666,good,"File:Gran Mezquita de Isfahán, Isfahán, Irán, 2016-09-20, DD 33.jpg",5130x3607,1.422,"File:Gran Mezquita de Isfahán, Isfahán, Irán, 2016-09-20, DD 34-36 HDR.jpg | File:4-15 Strong (13918438761).jpg | File:4-15 Strong (Boston Bombing Site Memorial) (13940922145).jpg"
izmir,0,İzmir Clock Tower (Saat Kulesi),images/landmarks/izmir-izmir-clock-tower-saat-kulesi.webp,1066x1600,0.666,strong,File:Izmir Saat Kulesi Çeşme.jpg,3264x2448,1.333,File:Izmir Saat Kulesi Detay.jpg | File:İzmir Clock Tower (6).JPG | File:İzmir Clock Tower (5).JPG
inhambane,3,Old Mosque of Inhambane,images/landmarks/inhambane-old-mosque-of-inhambane.webp,1066x1600,0.666,strong,"File:Ferry between Maxixe and Inhambane, Mozambique (13-07-2012) 162.jpg",3749x2499,1.5,"File:Conselho Municipal de Inhambane (8358204002).jpg | File:Inhambane, RTW 2012 (8357154933).jpg | File:Inhambane, RTW 2012 (8357153585).jpg"
islamabad,4,Lok Virsa Museum,images/landmarks/islamabad-lok-virsa-museum.webp,1066x1600,0.666,strong,File:Islamabad Lok Virsa Museum exterior 06.jpg,6000x4000,1.5,File:Islamabad Lok Virsa Museum exterior 07.jpg | File:Islamabad Lok Virsa Museum exterior 05.jpg | File:Islamabad National Centre for Physics campus 02.jpg
hualien-city,6,Pine Garden (Songyuan),images/landmarks/hualien-city-pine-garden.webp,1066x1600,0.666,strong,"File:Pine Garden (Pinus Luchuensis), Hualien City, Hualien County (Taiwan) (ID UA09602000650).jpg",5472x3648,1.5,"File:Pine Garden, second floor, Hualien City, Hualien County (Taiwan) (ID UA09602000650).jpg | File:The Pine Garden 20171230a.jpg | File:The Pine Garden 20171230b.jpg"
jakarta,2,Jakarta Cathedral,images/landmarks/jakarta-jakarta-cathedral.webp,1066x1600,0.666,strong,File:Jakarta Indonesia Jakarta-Cathedral-09.jpg,5760x3840,1.5,File:Misa Katedral Jakarta.jpg
jerusalem,6,Via Dolorosa,images/landmarks/jerusalem-via-dolorosa.webp,1066x1600,0.666,strong,File:Jerusalem Old City Via Dolorosa (43177145621).jpg,5184x3456,1.5,"File:The Ecce Homo arch, a triple-arched gateway, built by Hadrian, as an entrance to the eastern Forum of Aelia Capitolina, via Dolorosa, Jerusalem (15640347325).jpg | File:The Ecce Homo arch, a triple-arched gateway, built by Hadrian, as an entrance to the eastern Forum of Aelia Capitolina, via Dolorosa, Jerusalem (15453778258).jpg | File:Monastero sulla via dolorosa.JPG"
jerez-de-la-frontera,4,Cartuja de Santa María de la Defensión (Charterhouse),images/landmarks/jerez-de-la-frontera-cartuja-de-santa-maría-de-la-defensión-charterhouse.webp,1066x1600,0.666,good,File:Iglesia de Santa María de Celón 017.jpg,6240x4160,1.5,File:CARTUJA JEREZ.jpg | File:Castillo de San Andrés en Carboneras 2.jpg | File:Castillo de San Andrés en Carboneras (Almería).jpg
karlovy-vary,3,Church of St. Mary Magdalene,images/landmarks/karlovy-vary-church-of-st-mary-magdalene.webp,1066x1600,0.666,good,File:Karlovy Vary kostel sv. Máří Magdaleny prosinec 2022.jpg,4901x3268,1.5,File:20190202 KarlovyVary 2688 (32498225947).jpg | File:20190202 KarlovyVary 2691 (32498224457).jpg | File:20190202 KarlovyVary 2771 (47440098841).jpg
kyoto,4,Arashiyama Bamboo Grove,images/landmarks/kyoto-arashiyama-bamboo-grove.webp,1066x1600,0.666,strong,File:Arashiyama Bamboo Grove (Unsplash).jpg,5472x3648,1.5,"File:Arashiyama-Bamboo-Grove-Sunset.jpg | File:Bamboo grove, Arashiyama (3811218708).jpg | File:Arashiyama Bamboo Grove, Kyoto 2015-10-17.jpg"
malacca,2,St. Paul's Church and Hill,images/landmarks/malacca-st-pauls-church-hill.webp,1066x1600,0.666,strong,File:1521 St Paul's Church (Ruins) Front View.jpg,5184x3456,1.5,File:1521 St Paul's Church (Ruins) - Front View.jpg | File:1521 St Paul's Church (Ruins) - Internal View 1.jpg | File:1521 St Paul's Church (Ruins) - Internal View.jpg
milan,9,Bosco Verticale,images/landmarks/milan-bosco-verticale.webp,1066x1600,0.666,strong,File:Milan skyline with Unicredit Tower and Bosco Verticale.jpg,5580x3816,1.462,File:Milano - Via Maurizio Quadrio & Torre UniCredit.jpg | File:Unicredit tower.jpg | File:Porta Garibaldi & UniCredit tower.jpg
malacca,5,Cheng Hoon Teng Temple,images/landmarks/malacca-cheng-hoon-teng-temple.webp,1066x1600,0.666,strong,"File:2016 Malakka, Świątynia Cheng Hoon Teng (01).jpg",5133x3422,1.5,"File:2016 Malakka, Świątynia Cheng Hoon Teng (02).jpg | File:2016 Malakka, Świątynia Cheng Hoon Teng (03).jpg | File:2016 Malakka, Świątynia Cheng Hoon Teng (06).jpg"
malmo,2,St. Petri Church (Sankt Petri kyrka),images/landmarks/malmo-st-petri-church.webp,1066x1600,0.666,strong,File:360 photos of upper Malmö - Sankt Petri kyrka.jpg,7680x3840,2.0,File:Malmö Sankt Petri kyrka 1.jpg | File:Malmö Sankt Petri kyrka 2.jpg | File:Sankt Petri church and Teatermuseet at Kalendegatan in Malmö Sweden.jpg
montpellier,2,Saint-Clément Aqueduct (Les Arceaux),images/landmarks/montpellier-saint-clement-aqueduct.webp,1066x1600,0.666,strong,File:Montpellier-Les Arceaux de l'aqueduc Saint-Clément-2012 07 02.jpg,4200x2800,1.5,File:Les Arceaux (5966112841).jpg | File:Les Arceaux.JPG | File:Aqueduc de Saint-Clément - panoramio.jpg
mostar,2,Koski Mehmed-Pasha Mosque,images/landmarks/mostar-koski-mehmed-pasha-mosque.webp,1066x1600,0.666,strong,"File:Koski Mehmed Pasha Mosque, 1618 (4) (29740971142).jpg",6000x4000,1.5,"File:Koski Mehmed Pasha Mosque, 1618 (6) (29771352071).jpg | File:Koski Mehmed Pasha Mosque, 1618 (5) (29854466115).jpg | File:Koski Mehmed Pasha Mosque, 1618 (7) (29227948993).jpg"
nuremberg,9,Henkersteg and the Pegnitz River Views,images/landmarks/nuremberg-henkersteg.webp,1066x1600,0.666,good,"File:Nürnberg, Henkersteg.jpg",7016x4673,1.501,"File:Nürnberg (Nämberch), Henkerbrücke über die Pegnitz (links der Wasserturm) (12588263904).jpg | File:Nürnberg Pegnitz Brücke.jpg | File:Henkersteg in Nürnberg.JPG"
mysore,4,St. Philomena's Cathedral,images/landmarks/mysore-st-philomenas-cathedral.webp,1066x1600,0.666,strong,File:Spectacular Cathedral of St. Philomena.jpg,6000x4000,1.5,File:Partial view of the Cathedral of St. Philomena.jpg | File:Philomena Church rear view (2).jpg | File:St. philomena church mysore.jpg
moscow,8,Ostankino Tower,images/landmarks/moscow-ostankino-tower.webp,1066x1600,0.666,good,File:Moscou 1033b.jpg,5184x3456,1.5,File:Luzhkov Bridge in the late evening 01.JPG | File:Luzhkov Bridge in the late evening 02.JPG | File:Kadashevskaya embankment in the late evening 01.jpg
novi-sad,6,Fruška Gora National Park and Monasteries,images/landmarks/novi-sad-fruska-gora.webp,1066x1600,0.666,strong,File:2026-06-13 Fruška Gora National Park 02.jpg,5568x3712,1.5,File:2026-06-13 Fruška Gora National Park 01.jpg | File:2026-06-13 Fruška Gora National Park 03.jpg | File:2026-06-13 Fruška Gora National Park 06.jpg
olomouc,1,Town Hall and Astronomical Clock,images/landmarks/olomouc-town-hall-astronomical-clock.webp,1066x1600,0.666,good,File:8.8.17 2 Olomouc 096 (35659556434).jpg,6016x4000,1.504,File:8.8.17 2 Olomouc 092 (36097663230).jpg | File:8.8.17 2 Olomouc 073 (35659850334).jpg | File:8.8.17 2 Olomouc 064 (36357637541).jpg
perth,7,Crawley Edge Boatshed (Blue Boat House),images/landmarks/perth-crawley-edge-boatshed.webp,533x800,0.666,good,File:The Blue Boat House (Unsplash).jpg,5157x3438,1.5,File:Blue Boat House 2016-09-04.jpg | File:Blue Boat House - Timothy Subroto.jpg | File:Blue Boat House - Timothy Subroto (2).jpg
ottawa,4,Notre-Dame Cathedral Basilica,images/landmarks/ottawa-notre-dame-cathedral-basilica.webp,1066x1600,0.666,strong,File:Notre-Dame Cathedral Basilica of Ottawa (15892475746).jpg,4451x2928,1.52,"File:Notre Dame Roman Catholic Basilica, Ottawa, Ontario. Canada..jpg | File:Notre Dame Cathedral Basilica (20564927999).jpg | File:Notre Dame Cathedral Basilica (20563684550).jpg"
pecs,3,Zsolnay Cultural Quarter,images/landmarks/pecs-zsolnay-cultural-quarter.webp,1066x1600,0.666,strong,File:Zsolnay Quarter dollhouse.jpg,4272x2848,1.5,File:Zsolnay Quarter chimney.jpg | File:Zsolnay quarter building and statues.JPG | File:Zsolnay quarter building.JPG
palermo,4,Fontana Pretoria,images/landmarks/palermo-fontana-pretoria.webp,1066x1600,0.666,good,File:Palermo - Casa Professa 5178.jpg,5568x3712,1.5,File:Palermo - Casa Professa 5173.jpg | File:Palermo - Casa Professa 5172.jpg | File:Palermo - Casa Professa 5176.jpg
panama-city,7,Cathedral Basilica Santa María la Antigua,images/landmarks/panama-city-cathedral-basilica-santa-maria-la-antigua.webp,1066x1600,0.666,good,File:Antigua Aduana Portobelo.jpg,4500x3000,1.5,File:Basílica menor de Santiago Apóstol de Natá de Los Caballeros en blanco y negro..jpg | File:Basílica Santiago Apóstol.jpg | File:Antigua estación de Ferrocarril (3).JPG
poprad,8,Belianska Cave,images/landmarks/poprad-belianska-cave.webp,1066x1600,0.666,strong,File:00 977 Belianská Jaskyňa.jpg,4989x3575,1.396,File:Jaskinia Bielańska (Belianska jaskyňa).jpg | File:Belianska jaskyna Palmova sien.jpg | File:Belianska jaskyna Zlte jazierko.jpg
philadelphia,4,Philadelphia City Hall,images/landmarks/philadelphia-philadelphia-city-hall.webp,1066x1600,0.666,strong,File:Philadelphia City Hall roofline at night in 1978.jpg,5993x3753,1.597,"File:Looking NW over Benjamin Franklin Parkway from City Hall Tower, Philadelphia, Pa (9302115786).jpg | File:Lemon Hill Mansion, Fairmount Park, Philadelphia, aerial view looking north HABS PA,51-PHILA,234-32.jpg | File:Delaware River, Philadelphia, Pennsylvania (7235300302).jpg"
porto,9,Vila Nova de Gaia Port Wine Cellars,images/landmarks/porto-port-wine-cellars.webp,1066x1600,0.666,strong,"File:Vila Nova de Gaia, Portugal - panoramio (25).jpg",4000x2664,1.502,"File:Vila Nova de Gaia, Ramos Pinto (6).jpg | File:Vila Nova de Gaia (52734612090).jpg | File:Vila Nova de Gaia (52734611695).jpg"
plovdiv,5,Dzhumaya Mosque,images/landmarks/plovdiv-dzhumaya-mosque.webp,1066x1600,0.666,strong,File:Dzhumaya mosque - panoramio.jpg,4288x3216,1.333,File:Outside the Dzhumaya Mosque. (23670792754).jpg | File:Dzhumaya Mosque - Plovdiv - Bulgaria (28477335267).jpg | File:Dzhumaya mosque.JPG
port-of-spain,6,Cathedral of the Immaculate Conception,images/landmarks/port-of-spain-cathedral-immaculate-conception.webp,1066x1600,0.666,good,"File:8 минут, столовая 1.JPG",4272x2848,1.5,"File:Georgia Tech, Atlanta, GA, USA - panoramio (1).jpg | File:Office Max boarded up pre Irma, Valdosta, Georgia.jpg | File:Playground for All Children Qns td (2019-03-21) 117 - Basketball & Amphitheater.jpg"
poznan,4,Fara Poznanska (Parish Church of St. Stanislaus),images/landmarks/poznan-fara-poznanska.webp,1066x1600,0.666,strong,File:Fara Poznańska 2014-08-04-19.jpg,5760x3840,1.5,File:Fara Poznańska 2014-08-04-34.jpg | File:Fara Poznańska 2014-08-04-22.jpg | File:Fara Poznańska 2014-08-04-20.jpg
port-vila,5,Ekasup Cultural Village,images/landmarks/port-vila-ekasup-cultural-village.webp,1066x1600,0.666,good,File:19-08-22 DSC03918.jpg,4240x2832,1.497,"File:Blandine Boulekone President VNCW (Vanuatu). (13679063433).jpg | File:A march in Port Vila, Vanuatu to mark White Ribbon Day, November 2012. Photo- Yohann Lemonnier - DFAT (12779506004).jpg | File:Blacksand Sights (3) (Imagicity 593).jpg"
regensburg,6,Basilika St. Emmeram,images/landmarks/regensburg-basilika-st-emmeram.webp,1066x1600,0.666,strong,File:Basilika St. Emmeram Regensburg 2.jpg,5472x3648,1.5,File:Basilika St. Emmeram Regensburg 9.jpg | File:Basilika St. Emmeram Regensburg 012.jpg | File:Basilika St. Emmeram Regensburg 010.jpg
rostock,6,Kloster zum Heiligen Kreuz (Holy Cross Abbey),images/landmarks/rostock-kloster-zum-heiligen-kreuz-holy-cross-abbey.webp,1066x1600,0.666,strong,"File:Rostock, Kloster zum Heiligen Kreuz, Mauer -- 2024 -- 5299.jpg",6720x4480,1.5,"File:Friedrichshafen Zum Guten Hirten.jpg | File:Rostock, Am Wendländer Schilde 13 -- 2024 -- 5387.jpg | File:Rostock, Alter Markt 26-28 -- 2024 -- 5393.jpg"
rostock,7,Universitätsplatz and University Main Building,images/landmarks/rostock-universitatsplatz-and-university-main-building.webp,1066x1600,0.666,good,File:Rostock asv2018-05 img31 University.jpg,6867x5150,1.333,"File:Rostock asv2018-05 img29 University.jpg | File:Rostock, Universität, Hauptgebäude -- 2024 -- 5310.jpg | File:Rostock, Universität, Hauptgebäude -- 2024 -- 5478.jpg"
regensburg,1,Regensburg Cathedral (Dom St. Peter),images/landmarks/regensburg-cathedral.webp,1066x1600,0.666,strong,File:Dom St Peter - Regensburg 0004.jpg,2592x1944,1.333,"File:Regensburg Cathedral and Stone Bridge, Germany, 20250430 1809 8235.jpg | File:Regensburg Cathedral and Stone Bridge, Germany, 20250430 1809 8237.jpg | File:Regensburg Cathedral and Stone Bridge, Germany, 20250430 1810 8238.jpg"
rotorua,7,Ohinemutu and St Faith's Church,images/landmarks/rotorua-ohinemutu-and-st-faiths-church.webp,1066x1600,0.666,strong,"File:Christopher Aubrey (attributed) - St Faith Church, Ohinemutu, 1903.jpg",1956x986,1.984,"File:St Faiths Anglican Church, Ohinemutu, Rotorua (2).JPG | File:Saint Faith's Anglican Church.jpg | File:Ohinemutu 01.jpg"
rotorua,3,"Redwoods Treewalk, Whakarewarewa Forest",images/landmarks/rotorua-redwoods-treewalk-whakarewarewa-forest.webp,1066x1600,0.666,good,File:Commonwealth Place at night (3488149441).jpg,4080x2720,1.5,File:Commonwealth Place at night (3488145265).jpg | File:Antiguo Paseo Ciencias hoy paseo de la Virgen.jpg | File:Acueducto de Querétaro en Calzada de los Arcos.jpg
rotterdam,3,Euromast,images/landmarks/rotterdam-euromast.webp,1066x1600,0.666,strong,File:Euromast 2015.JPG,4928x3264,1.51,File:Rotterdam Euromast Restaurant 1.jpg | File:City of Rotterdam - Euromast & Noordelijk ventilatiegebouw - Rijksmonumenten (23073364911).jpg | File:Rotterdam Euromast Restaurant 4.jpg
rhodes,3,Mandraki Harbour,images/landmarks/rhodes-mandraki-harbour.webp,1065x1600,0.666,strong,File:Entrance to Mandraki Harbour Rhodes Town - panoramio.jpg,3648x2736,1.333,File:Louis Majesty Rhodes.jpg | File:Walls crenels Rhodes.jpg | File:Grave Lion Rhodes.jpg
saint-denis,5,Musée Léon Dierx,images/landmarks/saint-denis-reunion-musee-leon-dierx.webp,1066x1600,0.666,strong,File:Envoi Léon Dierx.JPG,1847x1014,1.821,File:Muséum Histoire Naturelle La Réunion 2.jpg | File:Palais-Rontaunay.JPG | File:Le cimetière marin de Saint-Paul (Île de la Réunion) (4128302290).jpg
saint-denis,6,Le Grand Marché,images/landmarks/saint-denis-reunion-le-grand-marche.webp,1066x1600,0.666,good,File:Diana-Dea-Lodge-1.JPG,3888x2592,1.5,File:Diana-Dea-Lodge-2.JPG | File:Cerfs-Java-Diana-Dea-Lodge.JPG | File:Maison-Carrère.JPG
salerno,2,Giardino della Minerva,images/landmarks/salerno-giardino-della-minerva.webp,1066x1600,0.666,strong,File:Giardino della Minerva Salerno 02.JPG,5184x3456,1.5,File:Giardino della Minerva Salerno 01.JPG | File:Giardino della Minerva Salerno 05.JPG | File:Giardino della Minerva Salerno 06.JPG
salvador,1,Elevador Lacerda,images/landmarks/salvador-elevador-lacerda.webp,1066x1600,0.666,strong,File:Vista elevador lacerda.jpg,4829x3019,1.6,File:Elevador Lacerda visto da Praça do Mercado.jpg
san-andres,7,First Baptist Church (La Loma),images/landmarks/san-andres-first-baptist-church.webp,1066x1600,0.666,good,File:Iglesia Bautista de San Andrés2.JPG,4320x3240,1.333,File:Iglesia Bautista de San Andrés3.JPG | File:Vista desde campanario de la Iglesia Bautista de San Andrés.JPG | File:Iglesia Bautista de San Andrés5.JPG
salta,9,Mercado Artesanal de Salta,images/landmarks/salta-mercado-artesanal-de-salta.webp,1066x1600,0.666,strong,File:Mercado Artesanal de Salta.jpg,1600x1200,1.333,File:Florentina Mendoza de tienda MATRA en Tecnópolis (21895810058).jpg | File:Nicasia Jaim en tienda MATRA en Tecnópolis (22071180502).jpg | File:Lucía Mabel García en tienda MATRA en Tecnópolis (22093565221).jpg
salamanca,4,La Clerecía (Pontifical University),images/landmarks/salamanca-la-clerecia.webp,1066x1600,0.666,good,"File:2026-05-27 Church of la Clerecía, Salamanca 1.jpg",5352x3568,1.5,"File:2026-05-27 View from Church of la Clerecía, Salamanca 1.jpg | File:2026-05-27 View from Church of la Clerecía, Salamanca 2.jpg | File:2026-05-27 View from Church of la Clerecía, Salamanca 3.jpg"
sibiu,4,Lutheran Cathedral of Saint Mary,images/landmarks/sibiu-lutheran-cathedral.webp,1066x1600,0.666,good,File:Sibiu (15257629580).jpg,4609x3073,1.5,File:Square with people (15234737212).jpg | File:2014 Piața Mare.jpg | File:Piața Mare Sibiu - vedere către biserica romano-catolică.jpg
sao-tome,0,Fort São Sebastião,images/landmarks/sao-tome-fort-sao-sebastiao.webp,1066x1600,0.666,strong,File:Sculptures au fort São Sebastião (São Tomé) (1).jpg,5472x3648,1.5,File:Sculptures au fort São Sebastião (São Tomé) (3).jpg | File:Sculptures au fort São Sebastião (São Tomé) (4).jpg | File:Entrée du fort-musée São Sebastião à São Tomé (2).jpg
sergiyev-posad,3,Lavra Bell Tower,images/landmarks/sergiyev-posad-lavra-bell-tower.webp,1066x1600,0.666,strong,"File:Sergiev Posad, Russia, The Trinity Lavra, Bell tower and the Church.jpg",4912x3264,1.505,
sarajevo,7,Old Orthodox Church,images/landmarks/sarajevo-old-orthodox-church.webp,1066x1600,0.666,strong,File:Sarajevo Old Orthodox Church 05.jpg,4450x2967,1.5,File:Old Orthodox Church of St. Archangel Mikhail and Gabriel.jpg | File:Old Orthodox Church of St. Archangel Mikhail and Gabriel (6043284818).jpg | File:Old Orthodox Church of St. Archangel Mikhail and Gabriel (6042740951).jpg
san-antonio,7,The Pearl District,images/landmarks/san-antonio-the-pearl-district.webp,1066x1600,0.666,strong,File:Pearl (67809941).jpeg,2048x1365,1.5,
stanley,0,Christ Church Cathedral and Whalebone Arch,images/landmarks/stanley-christ-church-cathedral-and-whalebone-arch.webp,1066x1600,0.666,good,File:Christ Church Cathedral Stanley IMG 6738.jpg,5184x3456,1.5,"File:2024 Stanley - Falkland Inseln - Christ Church Cathedral - by 2eight - 7DS7987.jpg | File:2024 Stanley - Falkland Inseln - Christ Church Cathedral - by 2eight - 7DS8028.jpg | File:Stanley, Falkland Islands.jpg"
shanghai,5,Nanjing Road,images/landmarks/shanghai-nanjing-road.webp,1066x1600,0.666,strong,File:BBQ skewer vendor on East Nanjing Road.jpg,6000x4000,1.5,File:Wuliangcai Glasses at 719-1 East Nanjing Road-20220828.jpg | File:Lao Feng Xiang at 432 East Nanjing Road-20220828.jpg | File:East expand section of Nanjing Road-20220828.jpg
stockholm,0,Gamla Stan (Old Town),images/landmarks/stockholm-gamla-stan-old-town.webp,1066x1600,0.666,strong,File:2018 July in Gamla stan - Stockholm 02.jpg,6000x4000,1.5,File:Stockholm (29900307675).jpg | File:Slussbron pedestrian street in October.jpg
sucre,5,Catedral Metropolitana de Sucre,images/landmarks/sucre-catedral-metropolitana-de-sucre.webp,1066x1600,0.666,strong,File:Detalle de la Reja del atrio de la Catedral Metropolitana de Sucre.jpg,2956x1971,1.5,File:Catedral basílica de Nuestra Señora de Guadalupe (Sucre).jpg | File:Catedral (plaza principal Sucre ).jpg | File:Catedral de Sucre.JPG
torshavn,1,Skansin Fortress,images/landmarks/torshavn-skansin-fortress.webp,1066x1600,0.666,strong,File:Skansin Fortress-pjt.jpg,5735x3823,1.5,File:Skansin lighthouse.jpg | File:Skansin cannons.jpg | File:Skansin Lighthouse and Fort.jpg
stanley,8,Battle of the Falklands 1914 Memorial,images/landmarks/stanley-battle-of-falklands-1914-memorial.webp,1066x1600,0.666,good,File:2019 Mohn und Kornblume bei Altenthann 01.jpg,6000x4000,1.5,File:2019 Mohn mit Biene bei Altenthann 01.jpg | File:20190627 Natuurterrein het Slauerhoff1 Ruigahuizen.jpg | File:20190627 Natuurterrein het Slauerhoff5 Ruigahuizen.jpg
stanley,9,Victory Green and Ross Road waterfront,images/landmarks/stanley-victory-green-ross-road-waterfront.webp,853x1280,0.666,good,File:Cross Country to Bluff Cove.jpg,4272x2848,1.5,File:Old houses in Stanley.jpg | File:Gilbert House (5617656575).jpg | File:Royal Falkland Islands Police headquarters (5618231058).jpg
udaipur,4,Jagdish Temple,images/landmarks/udaipur-jagdish-temple.webp,1066x1600,0.666,strong,File:Frise sculptée (Jagdish temple) - 02.jpg,6000x4000,1.5,File:Frise sculptée (Jagdish temple) - 01.jpg | File:Frises sculptées (Jagdish Temple) - 02.jpg | File:Frises sculptées (Jagdish Temple) - 04.jpg
toulouse,3,Couvent des Jacobins,images/landmarks/toulouse-couvent-des-jacobins.webp,1066x1600,0.666,strong,File:Cloître du Couvent (8275618046).jpg,4272x2848,1.5,File:Cloître des Jacobins (50390014903).jpg | File:Cloître des Jacobins (50390704031).jpg | File:Cloître des Jacobins (50390003713).jpg
vancouver,7,Lions Gate Bridge,images/landmarks/vancouver-lions-gate-bridge.webp,1066x1600,0.666,strong,File:Lions Gate Bridge from Stanley Park (14463752040).jpg,5616x3744,1.5,File:Lions Gate Bridge from Stanley Park Seaside Bicycle Route (14650422895).jpg | File:Lions Gate Bridge from Stanley Park Seaside Bicycle Route (14670339313).jpg | File:Lions Gate Bridge from Stanley Park Seaside Bicycle Route (14464007697).jpg
ulm,4,Metzgerturm (Butchers' Tower),images/landmarks/ulm-metzgerturm.webp,1066x1600,0.666,strong,File:Metzgerturm - panoramio (2).jpg,5184x3456,1.5,File:20221016 Metzgerturm Ulm.jpg | File:Metzgerturm in Ulm.jpg | File:Metzgerturm April 2011.JPG
ulm,0,Ulm Minster (Ulmer Münster),images/landmarks/ulm-ulm-minster.webp,1066x1600,0.666,strong,File:Blattmaske Ulm Münster Portal Tympanon 3.jpg,5472x3648,1.5,File:Blattmaske Ulm Münster Portal Tympanon.jpg
varna,0,Dormition of the Mother of God Cathedral,images/landmarks/varna-dormition-of-the-mother-of-god-cathedral.webp,1066x1600,0.666,strong,File:Катедрала Свето Успение Богородично - Dormition of the Mother of God Cathedral (21747032510).jpg,5328x3504,1.521,"File:Dormition of the Mother of God Cathedral (23246087463).jpg | File:Dormition of the Mother of God Cathedral, Varna 2002.jpg | File:Dormition of the Theotokos Cathedral - Varna - Bulgaria - 01 (28287355077).jpg"
wroclaw,8,St. Elizabeth's Church,images/landmarks/wroclaw-st-elizabeth-s-church.webp,1066x1600,0.666,good,File:Wrocław - Kościół Garnizonowy pw. św. Elżbiety.jpg,5184x3456,1.5,File:Tower - Bazylika św. Elżbiety we Wrocławiu (2026).jpg | File:Wrocław Old Town.jpg
zhangjiajie,7,Yellow Dragon Cave (Huanglongdong),images/landmarks/zhangjiajie-yellow-dragon-cave.webp,933x1400,0.666,weak,File:20120410 YD cave 0001 10.jpg,1400x927,1.51,File:20120410 YD cave 0001 09.jpg | File:黄龙洞-石林 - panoramio.jpg | File:黄龙洞 - panoramio.jpg
venice,8,Santa Maria della Salute,images/landmarks/venice-santa-maria-della-salute.webp,1065x1600,0.666,good,"File:Assunzione di Maria Santissima (Zocca, Ro. Italy) 01.JPG",3968x2976,1.333,"File:Rome (IT), Forum Romanum -- 2013 -- 3358.jpg | File:Rome (IT), Pantheon -- 2013 -- 3572.jpg | File:Rome (IT), Sankt Paul vor den Mauern -- 2013 -- 3982.jpg"
vienna,1,St. Stephen's Cathedral,images/landmarks/vienna-st-stephens-cathedral.webp,1066x1600,0.666,strong,File:01 St. Stephen's Cathedral.JPG,4000x3000,1.333,"File:De Stephansdom in Wenen St. Stephen's Church. Die Stephanskirche. L'Eglise St. Etienne (titel op object) Vienna - Wien - Vienne (serietitel op object), RP-F-F12679.jpg | File:De Stephansdom in Wenen St. Stephen's Church. Die Stephanskirche. L'Eglise St. Etienne (titel op object) Vienna - Wien - Vienne (serietitel op object), RP-F-F12678.jpg | File:Cathedral view, Vienna.jpg"
vladivostok,9,Triumphal Arch of Tsarevich Nicholas,images/landmarks/vladivostok-triumphal-arch.webp,533x800,0.666,strong,File:Triumphal arch Cesarevitch Nikolay - panoramio - Ivan Z.jpg,3072x2048,1.5,"File:Krasnoyarsk, Arch, Russia.jpg | File:Krasnoyarsk, Arch, Twilight, Russia.jpg | File:Stankyavichusa arch 2011.jpg"
visby,5,Fiskargränd,images/landmarks/visby-fiskargrand.webp,1066x1600,0.666,strong,"File:Fiskargränd in Visby, Gotland in July 2016.jpg",4896x3672,1.333,"File:Korsningen Ryska gränd och Övre Finngränd, juli 2016.jpg | File:Sankt Per e Sankt Hans 02.jpg | File:Volvo PV445 Visby.jpg"
aix-en-provence,9,Thermes Sextius,images/landmarks/aix-en-provence-thermes-sextius.webp,1280x1920,0.667,good,File:Aix-en-Provence 20110930 01.jpg,5184x3456,1.5,File:Aix-en-Provence 20110930 03.jpg | File:Aix-en-Provence 20110930 04.jpg | File:Aix-en-Provence 20110930 05.jpg
antsiranana,2,Montagne d'Ambre National Park,images/landmarks/antsiranana-montagne-dambre-national-park.webp,1067x1600,0.667,strong,File:Sortie photo au parc national de la Montagne d'Ambre Antsiranana 08.jpg,5120x3840,1.333,File:Sortie photo au parc national de la Montagne d'Ambre Antsiranana 09.jpg | File:Sortie photo au parc national de la Montagne d'Ambre Antsiranana 11.jpg | File:Sortie photo au parc national de la Montagne d'Ambre Antsiranana 14.jpg
baku,9,Nizami Street,images/landmarks/baku-nizami-street.webp,1067x1600,0.667,strong,File:Nizami street view.JPG,4752x3168,1.5,File:Nizami street in Baku 2.JPG | File:Nizami street in Baku 3.JPG | File:Nizami street in Baku 5.JPG
angra-dos-reis,6,Igreja Matriz de Nossa Senhora da Conceicao,images/landmarks/angra-dos-reis-igreja-matriz-de-nossa-senhora-da-conceicao.webp,512x768,0.667,good,"File:Around Paraty, Brazil 2018 320.jpg",5184x3456,1.5,"File:Angra dos Reis, Brazil 2018 014.jpg | File:MatrizChurchAngra2.jpg | File:MatrizChurchAngra1.jpg"
basel,5,St. Alban-Tor,images/landmarks/basel-st-alban-tor.webp,1067x1600,0.667,strong,"File:KGS 10144, St. Alban-Tor Basel 20230531 0004.jpg",6927x4617,1.5,
annecy,6,Basilique de la Visitation,images/landmarks/annecy-basilique-de-la-visitation.webp,1067x1600,0.667,strong,File:Basilique de la Visitation - 208.jpg,5101x3401,1.5,File:Basilique de la Visitation @ Semnoz (51116947443).jpg | File:Basilique de la Visitation @ Snow @ Walk along the Thiou river @ Annecy (38905900052).jpg | File:Basilique de la Visitation @ Chemin de Sainte-Catherine (51135055998).jpg
bergen,5,Bergen Cathedral,images/landmarks/bergen-bergen-cathedral.webp,800x1200,0.667,strong,File:Bergen Domkirke RK 83876 IMG 5425.jpg,5184x3456,1.5,File:Bergen Domkirke RK 83876 IMG 5434.jpg | File:Bergen heggebakken 1 IMG 5422 RK Middelalderbyen.jpg | File:Bergen heggebakken 1 IMG 5413 RK Middelalderbyen.jpg
astana,7,Nur-Astana Mosque,images/landmarks/astana-nur-astana-mosque.webp,1067x1600,0.667,strong,File:Green Mosque Nur-Sultan.jpg,7952x5304,1.499,File:Nur-Sultan - 190217 DSC 3720.jpg | File:Astana DSC04235 (7709902002).jpg | File:Astana DSC04245 (7709924248).jpg
barcelona,8,La Rambla,images/landmarks/barcelona-la-rambla.webp,1068x1600,0.667,strong,File:Barcelona - Rambla de Santa Monica - View NW.jpg,3915x2592,1.51,"File:116 Excavacions arqueològiques a la Rambla - Portal de la Pau (Barcelona).jpg | File:080 El pla de la Boqueria i la Rambla (Barcelona).jpg | File:023 Barcelona des de l'edifici Colom, amb el Raval, la Rambla i el Gòtic.jpg"
buenos-aires,0,Obelisco de Buenos Aires,images/landmarks/buenos-aires-obelisco-de-buenos-aires.webp,1066x1599,0.667,strong,"File:Obelisco de Buenos Aires, Día de la Discapacidad.jpg",4511x3257,1.385,"File:Obelisco de Buenos Aires (2), AA 2014.jpg | File:Obelisk of Buenos Aires (Obelisco de Buenos Aires - Buenos Aires Argentina (5269817318).jpg | File:Obelisk of Buenos Aires (Obelisco de Buenos Aires - Buenos Aires Argentina (5269209835).jpg"
cadiz,9,Barrio del Pópulo,images/landmarks/cadiz-barrio-del-populo.webp,1067x1600,0.667,good,File:Vistas desde la Torre de Poniente - Cádiz - DSC 0028.jpg,4608x3072,1.5,"File:Arcodelosblanco.JPG | File:Real Observatorio de la Marina 2010-04-01.jpg | File:Real Observatorio de la Marina 2, 2010-04-01.jpg"
bologna,4,Portico di San Luca,images/landmarks/bologna-portico-di-san-luca.webp,1068x1600,0.667,strong,File:Bologna - Portico di San Luca - 2025-09-02 11-36-21 001.jpg,8683x5789,1.5,File:Bologna - Portico di San Luca - 2025-09-29 17-28-28 001.jpg | File:Bologna - Portico di San Luca - 2025-09-29 22-07-41 001.jpg | File:Luci ed ombre nel portico di San Luca.JPG
brasov,2,Mount Tâmpa,images/landmarks/brasov-mount-tampa.webp,1067x1600,0.667,strong,File:Brasov and Tampa.JPG,4000x2248,1.779,"File:De pe Tâmpa - panoramio.jpg | File:De pe Tâmpa - panoramio (1).jpg | File:Brasov, funivia per il monte tampa.JPG"
cadiz,5,Teatro Romano (Roman Theatre),images/landmarks/cadiz-teatro-romano.webp,1067x1600,0.667,strong,File:Teatro romano (9575766161).jpg,4272x2848,1.5,File:Teatro romano (9578539398).jpg | File:Teatro romano (9578546428).jpg | File:Teatro romano (9575772365).jpg
copenhagen,0,The Little Mermaid statue,images/landmarks/copenhagen-the-little-mermaid-statue.webp,1068x1600,0.667,strong,File:Expo 2010 Denmark Pavilion- Little Mermaid Statue from Copenhagen Harbor 02.jpg,4752x3168,1.5,File:Expo 2010 Denmark Pavilion- Little Mermaid Statue from Copenhagen Harbor 03.jpg | File:Expo 2010 Denmark Pavilion- Little Mermaid Statue from Copenhagen Harbor 01.jpg | File:Expo 2010 Denmark Pavilion- Little Mermaid Statue from Copenhagen Harbor 05.jpg
erbil,2,Mudhafaria Minaret (Choli Minaret),images/landmarks/erbil-mudhafaria-minaret.webp,1068x1600,0.667,strong,File:Mudhafaria Minaret at Minaret Park. Erbil.jpg,6016x4016,1.498,"File:Mudhafaria Minaret at Minaret Park, Erbil.jpg | File:Mudhafaria Minaret.jpg"
dubrovnik,4,Dubrovnik Cathedral (Cathedral of the Assumption),images/landmarks/dubrovnik-dubrovnik-cathedral-cathedral-of-the-assumption.webp,1067x1600,0.667,strong,"File:Cathedral of the Assumption, Dubrovnik, 1713 (1) (29933670232).jpg",6000x4000,1.5,"File:Cathedral of the Assumption, Dubrovnik 01.jpg | File:Cathedral of the Assumption, Dubrovnik 02.jpg | File:Cathedral of the Assumption, Dubrovnik 06.jpg"
gibraltar,3,Great Siege Tunnels,images/landmarks/gibraltar-great-siege-tunnels.webp,1067x1600,0.667,strong,File:Gibraltar Airport runway and La Línea de la Concepción seen from the entrance to Great Siege Tunnels 1.jpg,5806x3852,1.507,File:Gibraltar Airport runway and La Línea de la Concepción seen from the entrance to Great Siege Tunnels 2.jpg | File:Gibraltar Princess Anne's Battery seen from the entrance to Great Siege Tunnels.jpg | File:Gibraltar Airport runway closeup.jpg
gibraltar,2,St Michael's Cave,images/landmarks/gibraltar-st-michaels-cave.webp,1067x1600,0.667,strong,File:Cave - Flickr - Stiller Beobachter.jpg,4170x3049,1.368,
la-paz,1,Mi Teleférico,images/landmarks/la-paz-mi-teleferico.webp,1067x1600,0.667,strong,"File:Estación de Mi Teleferico y Antigua Estación ENFE, La Paz.jpg",5568x3712,1.5,File:Gruas Grigota Trabajo mi teleferico.jpg | File:14-Teleférico-La-Paz-nX-6.jpg | File:Estación Central de Mi Teleférico Línea Roja en la ciudad de La Paz - Bolivia en el año 2019.jpg
innsbruck,4,Hofkirche (Court Church),images/landmarks/innsbruck-hofkirche.webp,1068x1600,0.667,strong,File:Hofkirche Innsbruck (IMG 1487).jpg,4609x3072,1.5,File:Innsbruck Hofkirche Kreuzgang 3.jpg | File:Hofkirche Innsbruck 2.jpg | File:Hofkirche Innsbruck 1.jpg
lausanne,0,Lausanne Cathedral (Notre-Dame),images/landmarks/lausanne-lausanne-cathedral.webp,600x900,0.667,strong,File:Lausanne Cathédrale Notre-Dame 06.jpg,3444x2586,1.332,File:Lausanne Cathédrale Notre-Dame 09.jpg | File:Lausanne Cathédrale Notre-Dame 07.jpg | File:Lausanne Cathédrale Notre-Dame 08.jpg
lausanne,3,Place de la Palud,images/landmarks/lausanne-place-de-la-palud.webp,1068x1600,0.667,strong,File:Place de la Palud déserte (2).jpg,5568x3712,1.5,File:City Hall @ Place de la Palud @ Cité @ Lausanne (36079299564).jpg | File:City Hall @ Place de la Palud @ Cité @ Lausanne (36079298804).jpg | File:Fontaine de la Justice @ Place de la Palud @ Cité @ Lausanne (36079297984).jpg
leipzig,0,Völkerschlachtdenkmal (Monument to the Battle of the Nations),images/landmarks/leipzig-volkerschlachtdenkmal.webp,1067x1600,0.667,strong,File:Probstheida - Monument to the Battle of the Nations - 20150504215229.jpg,4272x2848,1.5,File:Monument to the Battle of the Nations (6100408488).jpg | File:Monument to the Battle of the Nations (6100410546).jpg | File:Monument to the Battle of the Nations (6099865561).jpg
leipzig,2,St. Nicholas Church (Nikolaikirche),images/landmarks/leipzig-nikolaikirche.webp,1067x1600,0.667,strong,"File:Nikolaikirche (St. Nicholas Church), Leipzig, Germany - Flickr - avhell.jpg",6048x4102,1.474,"File:Altes Rathaus, Nikolaikirche, von Norden Leipzig 20180814 001.jpg | File:20200912 Nikolaikirche Leipzig 03.jpg | File:20200912 Nikolaikirche Leipzig 04.jpg"
libreville,1,Hassan II Mosque,images/landmarks/libreville-hassan-ii-mosque.webp,1067x1600,0.667,strong,"File:King Abd al Aziz mosque, Casablanca.JPG",3264x2448,1.333,"File:The Flame of Peace sculpture on the Omar Bongo Triumphal Boulevard - 2023.jpg | File:Cathédrale Saint-Pierre de Libreville, Gabon - 2023.jpg | File:The Léon Mba Palace (National Assembly Palace) - 2023.jpg"
libreville,2,Léon Mba Memorial,images/landmarks/libreville-leon-mba-memorial.webp,1067x1600,0.667,strong,File:The Léon Mba Palace (National Assembly Palace) - 2023.jpg,4000x2667,1.5,"File:Leon M'ba with David Ben-Gurion, Jerusalem. D172-108.jpg | File:Leon M'ba meeting with Ish Shalom. D789-084.jpg | File:Léon M'ba in Israel 14th Independence Day, 1962. D730-105.jpg"
libreville,8,Presidential Palace of Gabon,images/landmarks/libreville-presidential-palace-of-gabon.webp,1067x1600,0.667,strong,"File:Cathédrale Saint-Pierre de Libreville, Gabon - 2023.jpg",4000x2667,1.5,"File:Gabon's Ministry of Water and Forests - Libreville, 2023.jpg | File:Cathédrale Saint-Pierre de Libreville, Gabon - 2023 (cropped).jpg | File:The Flame of Peace sculpture on the Omar Bongo Triumphal Boulevard - 2023.jpg"
leipzig,3,Old Town Hall and Markt,images/landmarks/leipzig-altes-rathaus.webp,1068x1600,0.667,good,File:20200912 Altes Rathaus Leipzig 01.jpg,5853x3907,1.498,File:20200912 Altes Rathaus Leipzig 03.jpg | File:33712-Leipzig-2017-Weihnachtsmarkt zum TAK-Brück & Sohn Kunstverlag.jpg | File:33111-Leipzig-2006-WPK (AK Motiv)-Brück & Sohn Kunstverlag.jpg
ljubljana,9,Metelkova Mesto,images/landmarks/ljubljana-metelkova-mesto.webp,1067x1600,0.667,strong,File:Metelkova mesto 2017 048 (36587794042).jpg,4896x3264,1.5,File:Metelkova mesto (53226040063).jpg | File:Ljubljana Metelkova mesto 05.JPG | File:Ljubljana Metelkova mesto 10.JPG
longyearbyen,0,Svalbard Global Seed Vault,images/landmarks/longyearbyen-seed-vault.webp,1067x1600,0.667,strong,File:Svalbard Global Seed Vault (23273281972).jpg,4896x3264,1.5,"File:Svalbard Global Seed Vault February 2025.jpg | File:Svalbard Global Seed Vault Top View.jpg | File:The Svalbard Global Seed Vault, 26 February 2025.jpg"
london,0,Big Ben (Elizabeth Tower),images/landmarks/london-big-ben.webp,1067x1600,0.667,strong,"File:Big Ben, The Elizabeth Tower, Houses of Parliament, London, UK, KW (15539946147).jpg",5184x3456,1.5,File:Big Ben (Unsplash moW-dSe5CiU).jpg | File:Big Ben and Westminster Bridge at night.jpg | File:Big Ben and clouds (Unsplash).jpg
los-angeles,1,Griffith Observatory,images/landmarks/los-angeles-griffith-observatory.webp,1067x1600,0.667,strong,File:Griffith Observatory (24587742066).jpg,5184x3456,1.5,File:GRIFFITH OBSERVATORY (4677685032).jpg | File:Griffith Observatory (5966219788).jpg | File:Griffith Observatory (24652667126).jpg
madurai,0,Meenakshi Amman Temple,images/landmarks/madurai-meenakshi-amman-temple.webp,1067x1600,0.667,strong,File:Meenakshi.JPG,3072x1728,1.778,File:Peroor sree meenakshi temple punthalathazham.JPG | File:Kadavallur Sri Rama Temple DSC 0725.JPG | File:Kadavallur Sri Rama Temple DSC 0730.JPG
madrid,4,Gran Via,images/landmarks/madrid-gran-via.webp,1067x1600,0.667,strong,File:Madrid - Gran Via (35664337690).jpg,5184x3456,1.5,File:Madrid - Gran Via (35882537062).jpg | File:Madrid - Gran Via (35919839971).jpg | File:Plaza Callao-Gran Vía.JPG
madrid,7,Almudena Cathedral,images/landmarks/madrid-almudena-cathedral.webp,1067x1600,0.667,strong,File:Almudena Cathedral 2021 - West façade.jpg,5104x3403,1.5,File:Catedral de la Almudena (Madrid) 18.jpg | File:Almudena Cathedral (5538114163).jpg | File:Almudena Cathedral (5545302460).jpg
merida,4,Gran Museo del Mundo Maya,images/landmarks/merida-gran-museo-del-mundo-maya.webp,1067x1600,0.667,strong,File:Gran Museo del Mundo Maya - Dic 2018 02.jpg,5184x3456,1.5,File:Gran Museo del Mundo Maya - Dic 2018 03.jpg | File:Gran Museo del Mundo Maya - Dic 2018 04.jpg | File:Gran Museo del Mundo Maya - Dic 2018 06.jpg
malaga,5,Calle Marqués de Larios,images/landmarks/malaga-calle-marques-de-larios.webp,1067x1600,0.667,strong,"File:Calle Marqués de Larios, Málaga (9032578100).jpg",4608x3072,1.5,"File:Calle Marqués de Larios.jpg | File:Die Calle Marques de Lariós am Abend im Zentrum Malagas - panoramio.jpg | File:Calle Marqués de Larios under cover of tents. Málaga, Andalusia, Spain, Southeastern Europe.jpg"
mexico-city,7,Torre Latinoamericana,images/landmarks/mexico-city-torre-latinoamericana.webp,1067x1600,0.667,strong,File:La araña y la Torre Latinoamericana - panoramio.jpg,5184x3456,1.5,File:Torre Latinoamericana - 1.jpg | File:Reloj de la Torre Latinoamericana.jpg | File:Fachada del Templo de San Felipe de Jesús y Torre Latinoamericana.jpg
minneapolis,7,Weisman Art Museum,images/landmarks/minneapolis-weisman-art-museum.webp,1068x1600,0.667,strong,File:Weisman Art Museum - building exterior - 11.jpg,6000x4000,1.5,File:Weisman Art Museum - building exterior - 12.jpg | File:Weisman Art Museum - building exterior - 16.jpg | File:Weisman Art Museum - building exterior - 19.jpg
merida,5,Palacio Cantón,images/landmarks/merida-palacio-canton.webp,1067x1600,0.667,strong,File:Palacio Canton Merida Yucatan 2016 Exhibits 07.jpg,5184x3456,1.5,File:Merida 2011 - Museo Palacio Canton 03.jpg | File:Merida 2011 - Museo Palacio Canton 02.jpg | File:Merida 2011 - Museo Palacio Canton 06.jpg
nadi,0,Sri Siva Subramaniya Temple,images/landmarks/nadi-sri-siva-subramaniya-temple.webp,1067x1600,0.667,strong,"File:Sri Siva Subramaniya Temple, Nadi.jpg",4935x3290,1.5,"File:Sri Siva Subramaniya Temple 4, Nadi.jpg | File:Sri Siva Subramaniya Temple 2, Nadi.jpg | File:Sri Siva Subramaniya Temple 6, Nadi.jpg"
nagano,1,Jigokudani Snow Monkey Park,images/landmarks/nagano-jigokudani-snow-monkey-park.webp,1067x1600,0.667,strong,File:Two snow monkeys at Jigokudani Monkey Park.jpg,5137x3425,1.5,File:Snow monkey Nikko (Japan).jpg | File:Snow monkey (6088085009).jpg | File:Snow monkey.jpg
munich,3,Englischer Garten (English Garden),images/landmarks/munich-englischer-garten.webp,1068x1600,0.667,strong,"File:English Garden, Munchen.JPG",4896x3264,1.5,"File:20180324 Monopteros Englischer Garten.jpg | File:20180804 Monopteros, Englischer Garten Munich.jpg"
nagasaki,1,Nagasaki Peace Park,images/landmarks/nagasaki-peace-park.webp,1067x1600,0.667,strong,File:20190202 Nagasaki Peace Park Peace Statue-3.jpg,5760x3840,1.5,File:Trip to Nagasaki; October 2008 (06).jpg
osaka,9,Abeno Harukas,images/landmarks/osaka-abeno-harukas.webp,1068x1600,0.667,good,File:Osaka City Suminoe elementary school.JPG,5035x3357,1.5,File:EKI MARCHE Osaka Japan01-r.jpg | File:EKI MARCHE Osaka Japan02-r.jpg | File:Ekimo Tennoji Osaka Japan01-r.jpg
ponce,3,Museo de Arte de Ponce,images/landmarks/ponce-museo-de-arte-de-ponce.webp,1068x1600,0.667,strong,File:Museo de Arte de Ponce.jpg,5974x3734,1.6,"File:Museo de Arte de Ponce 3365.jpg | File:Museo de Arte de Ponce, Avenida Las Américas, Barrio Canas Urbano, Ponce, Puerto Rico, mirando hacia el noroeste (Ponce003).jpg | File:Museo de Arte, Ponce, Puerto Rico-Exterior.jpg"
pilsen,4,Pilsen Historical Underground,images/landmarks/pilsen-historical-underground.webp,400x600,0.667,good,File:Byt Věry Kohnové.jpg,4346x2892,1.503,"File:Dětský pokoj v Plzni.jpg | File:Plzeň, Perlová 2, interiér.jpg | File:Plzeň, restaurace La Chica, interiér.jpg"
nanjing,3,Nanjing Massacre Memorial Hall,images/landmarks/nanjing-massacre-memorial-hall.webp,1067x1600,0.667,strong,"File:Nanjing Massacre Memorial Hall, outside 1.jpg",5184x3456,1.5,"File:Nanjing Massacre Memorial Hall, outside 2.jpg | File:Nanjing Massacre Memorial Hall, outside 3.jpg | File:An exhibition in the Memorial Hall to the Victims in Nanjing Massacre.jpg"
new-york,3,Central Park,images/landmarks/new-york-central-park.webp,1067x1600,0.667,strong,"File:New York City (New York, USA), Central Park -- 2012 -- 6728.jpg",5184x3456,1.5,"File:New York City (New York, USA), Central Park -- 2012 -- 6731.jpg | File:Central park from the air 2 - Flickr id 8034330245.jpg | File:Central Park - NYC (51927555279).jpg"
port-louis,5,Port Louis Central Market,images/landmarks/port-louis-central-market.webp,1068x1600,0.667,strong,"File:Herbal tisanes for several ailments on sale at the Central Market, Port Louis, Mauritius.jpg",3888x2592,1.5,"File:Central market, Port Louis, Mauritius 1960s.jpg | File:Historical and interesting places of Saint Louis (1909) (14762058456).jpg | File:Bicycle & Sugar cane in Mauritius.jpg"
rhodes,5,Kahal Shalom Synagogue,images/landmarks/rhodes-kahal-shalom-synagogue.webp,1067x1600,0.667,strong,"File:Rosi, Kahal Shalom Synagogue 01.JPG",3648x2736,1.333,"File:Rosi, Kahal Shalom Synagogue, int. 01.JPG | File:Rosi, Kahal Shalom Synagogue 04.JPG | File:Rosi, Kahal Shalom Synagogue, int. 03.JPG"
punta-cana,7,Manatí Park,images/landmarks/punta-cana-manati-park.webp,683x1024,0.667,good,"File:Ara chloropterus -San Francisco Zoo, California, USA -upper body-8a.jpg",6048x4032,1.5,"File:Ara chloropterus -Montecasino Bird Gardens, Fourways, Gauteng, South Africa-8a.jpg | File:Ara chloroptera -Maryland Zoo, Baltimore, Maryland, USA-8a.jpg | File:2021-07-15 Vogelburg Weilrod 56.jpg"
san-antonio,1,San Antonio River Walk,images/landmarks/san-antonio-san-antonio-river-walk.webp,600x900,0.667,strong,"File:River Walk, San Antonio 1997 - 3.jpg",3072x2048,1.5,"File:River Walk, San Antonio 1997 - 2.jpg | File:River Walk, San Antonio 1997 - waterfall.jpg | File:SA River Walk 20171006 094407 (47692433361).jpg"
salvador,3,Salvador Cathedral (Sé),images/landmarks/salvador-salvador-cathedral.webp,1066x1599,0.667,strong,File:Catedral Basílica de Salvador 2018-0138.jpg,5692x3795,1.5,File:Catedral Basílica de Salvador 2019-1503.jpg | File:Catedral Basílica de Salvador 2018-0152.jpg | File:Catedral Basílica de Salvador 2018-1144.jpg
skopje,3,Old Bazaar (Stara Čaršija),images/landmarks/skopje-old-bazaar.webp,1067x1600,0.667,good,File:Bazaar in Kirkuk's city center 01.jpg,4863x3233,1.504,File:Bazaar in Kirkuk's city center 03.jpg | File:Bazaar in Kirkuk's city center 04.jpg | File:Bazaar in Kirkuk's city center 02.jpg
split,5,Grgur Ninski Statue (Gregory of Nin),images/landmarks/split-grgur-ninski-statue.webp,1067x1600,0.667,strong,"File:The statue of Grgur Ninski, Split (HR) - panoramio.jpg",4272x2848,1.5,File:Split - Zvonik i kapelica Svetog Arnira & Grgur Ninski (49019337887).jpg | File:Split - Grgur Ninski (49019337717).jpg | File:Nini Gergely (Ninski Grgur) püspök szobra a Diocletianus mauzóleum előtt. Fortepan 74817.jpg
split,9,Klis Fortress,images/landmarks/split-klis-fortress.webp,1067x1600,0.667,strong,File:Fortress of Klis 04.jpg,4025x2683,1.5,File:Fortress of Klis 05.jpg | File:Fortress of Klis 06.jpg | File:Fortress of Klis 07 - Cannon.jpg
tarragona,4,Passeig Arqueològic (Roman Walls),images/landmarks/tarragona-passeig-arqueologic-roman-walls.webp,1067x1600,0.667,strong,"File:Muralla romana, Passeig Arqueològic, 03.jpg",5472x3648,1.5,"File:Cartel informativo, Muralla romana, Passeig Arqueològic.jpg | File:Muralla romana, salida del Passeig Arqueològic.jpg | File:Cartel de Muralla romana, Passeig Arqueològic, 10, restos de la Torre del Cabiscol.jpg"
thessaloniki,7,Aristotelous Square,images/landmarks/thessaloniki-aristotelous-square.webp,1067x1600,0.667,strong,File:Thessaloniki Aristotelous Square with Electra Palace hotel.jpg,6008x4008,1.499,File:100pub0551.jpg | File:Thessaloniki Arch of Galerius from the west.jpg | File:Thessaloniki Alaca Imaret Mosque 3.jpg
yaounde,0,Notre-Dame des Victoires Cathedral,images/landmarks/yaounde-notre-dame-des-victoires-cathedral.webp,1067x1600,0.667,strong,File:Cathédrale Notre Dame des Victoires de Yaoundé.JPG,3264x2448,1.333,File:Cathédrale Notre Dame des Victoires.jpg | File:Cathédrale Notre Dame de Victoire de Yaoundé.jpg | File:Cathédrale notre dame de victoire de Yaoundé 01.JPG
yangon,2,Botataung Pagoda,images/landmarks/yangon-botataung-pagoda.webp,1067x1600,0.667,strong,File:Botataung Pagoda.JPG,5184x3456,1.5,"File:Botataung Pagoda (10424722066).jpg | File:Botahtaung Pagoda 3.JPG | File:2016 Rangun, Pagoda Botahtaung (29).jpg"
turku,4,Forum Marinum and Museum Ships,images/landmarks/turku-forum-marinum.webp,1067x1600,0.667,strong,File:Vetäjä V Forum Marinum 2.JPG,5184x3456,1.5,File:Kellu Forum Marinum 1.JPG | File:Kellu Forum Marinum 2.JPG | File:Ledsund Forum Marinum 2.JPG
yogyakarta,7,Tugu Yogyakarta,images/landmarks/yogyakarta-tugu-yogyakarta.webp,1067x1600,0.667,strong,File:Tugu Yogyakarta (1).jpg,4160x3120,1.333,File:Tugu Yogyakarta (2).jpg | File:Tugu Yogyakarta 2025.jpg | File:Yogyakarta Indonesia Tugu-Yogyakarta-02.jpg
yokohama,1,Cosmo Clock 21 (Ferris Wheel),images/landmarks/yokohama-cosmo-clock-21.webp,1067x1600,0.667,strong,File:Yokohama Cosmo World and Clock Ferris Wheel (4611157059).jpg,2592x1944,1.333,File:Cosmo Clock 21 02.jpg | File:Cosmo Clock 21 01.jpg | File:Cosmo Clock 21 04.jpg
zhangjiajie,2,Tianmen Mountain,images/landmarks/zhangjiajie-tianmen-mountain.webp,1066x1599,0.667,strong,File:Solar effect with Tianmen Mountain 01.jpg,5712x3591,1.591,File:Zhangjiajie from Tianmen Mountain 03.jpg | File:Zhangjiajie from Tianmen Mountain 01.jpg | File:Zhangjiajie from Tianmen Mountain 04.jpg
yangon,5,Bogyoke Aung San Market,images/landmarks/yangon-bogyoke-aung-san-market.webp,1024x1536,0.667,strong,File:Bogyoke Aung San Market.JPG,6000x4000,1.5,File:Bogyoke Aung San Market outside.jpg | File:Bogyoke Market Jwelly.JPG | File:Bogyoke Ang San Market Yangon.jpg
zagreb,0,St. Mark's Church,images/landmarks/zagreb-st-marks-church.webp,1067x1600,0.667,good,"File:Regional office of the city administration center, Zagreb 01.jpg",4051x2701,1.5,"File:Zagreb Cathedral 20110407 2537.JPG | File:Crkva Sv. Josipa, Zagreb - zvonik i zgrada.jpg | File:20130609 Zagreb 015.jpg"
nimes,7,Cathédrale Notre-Dame-et-Saint-Castor,images/landmarks/nimes-cathedrale-notre-dame-saint-castor.webp,1069x1600,0.668,good,File:17 rue des Marchands in Nimes 05.jpg,5109x3406,1.5,File:17 rue des Marchands in Nimes 06.jpg | File:17 rue des Marchands in Nimes 07.jpg | File:27 rue de l'Aspic in Nimes.jpg
sana-a,1,Great Mosque of Sana'a,images/landmarks/sanaa-great-mosque-of-sanaa.webp,684x1024,0.668,strong,"File:Sana, Yemen (4324301691).jpg",3787x2525,1.5,File:Sana'a3.JPG | File:Old city of Sana'a (10874303594).jpg | File:Old Town of Sana'a (صنعاء القديمة) (2286791694).jpg
boston,4,Bunker Hill Monument,images/landmarks/boston-bunker-hill-monument.webp,1071x1600,0.669,strong,"File:USS Constitution and Bunker Hill Monument, Boston P1010857.jpg",5472x3648,1.5,File:Boston Police Officers at Bunker Hill Monument (10086075254).jpg | File:Bunker Hill Monument (36286).jpg | File:Bunker Hill Monument 2 Boston.jpg
alesund,1,Art Nouveau Town Centre (Jugendstil district),images/landmarks/alesund-art-nouveau-town-centre.webp,1071x1600,0.669,good,File:Art nouveau facade (8488657490).jpg,3264x2448,1.333,File:Wunderschöne Jugendstil Architektur in Alesund. 08.jpg | File:Wunderschöne Jugendstil Architektur in Alesund. 07.jpg | File:Wunderschöne Jugendstil Architektur in Alesund. 04.jpg
anchorage,5,Ship Creek,images/landmarks/anchorage-ship-creek.webp,1070x1600,0.669,strong,"File:Geese at the back of the Comfort Inn Hotel, Ship Creek, Anchorage.jpg",2992x2000,1.496,"File:Dimond bridge over Campbell Creek. Anchorage, Alaska.jpg | File:Jeff Landfield having a good time on Campbell Lake.jpg | File:Don Young behind the counter at Raspberry Roots with owner Kim Kole and employees. October 2019.jpg"
charleston,5,St. Michael's Church,images/landmarks/charleston-st-michaels-church.webp,685x1024,0.669,strong,"File:Graveyard, St. Michael's Episcopal Church, French Quarter, Charleston, SC (49452430362).jpg",4032x3024,1.333,"File:St. Michael's Episcopal Church, French Quarter, Charleston, SC (49451715203).jpg | File:St. Michael's Episcopal Church, French Quarter, Charleston, SC (49451701298).jpg | File:St. Michael's Episcopal Church, French Quarter, Charleston, SC (49451715903).jpg"
dublin,9,Spire of Dublin,images/landmarks/dublin-spire-of-dublin.webp,1070x1600,0.669,strong,File:Jim Larkin Statue and the Spire of Dublin (12893828254).jpg,3200x2133,1.5,File:E4323-People-at-Spire-of-Dublin.jpg | File:Statue of James Larkin Dublin - panoramio.jpg | File:E4394-Dublin-Castle.jpg
ha-long,8,Long Tien Pagoda,images/landmarks/ha-long-long-tien-pagoda.webp,1280x1912,0.669,strong,"File:Female dancer decorated brick, Long Doi pagoda, Duy Tien, Ha Nam, 1118-1121 AD, terracotta - Vietnam National Museum of Fine Arts - Hanoi, Vietnam - DSC04768.JPG",4501x3433,1.311,"File:Long Doi Son bronze drum, Type IV, heger, Duy Tien district, Ha Nam province, bronze - National Museum of Vietnamese History - Hanoi, Vietnam - DSC05550.JPG"
dusseldorf,7,Basilika St. Lambertus,images/landmarks/dusseldorf-basilika-st-lambertus.webp,1071x1600,0.669,good,File:Düsseldorf - Burgplatz-Schlossufer 01 ies.jpg,5616x3744,1.5,File:Düsseldorf - Burgplatz-Schlossufer 02 ies.jpg | File:Düsseldorf - Schlossufer + Reuterkaserne 01 ies.jpg | File:Düsseldorf - Schlossufer + Reuterkaserne + Sonnenuhr 01 ies.jpg
halifax,8,St. Paul's Church,images/landmarks/halifax-st-pauls-church.webp,1071x1600,0.669,strong,File:St. Paul's Church (3609041903).jpg,3872x2592,1.494,"File:Saint Paul's Church, Halifax (46908890264).jpg | File:Church of Saint Paul and the Parade at Halifax in Nova Scotia, 1759.jpg | File:1914-1918-Vigil.jpg"
mingora,4,Jehanabad Buddha,images/landmarks/mingora-jehanabad-buddha.webp,1071x1600,0.669,strong,File:Jahanabad Buddha Statue (7).jpg,3264x2448,1.333,"File:Stone carving - Manglawar stupa.jpg | File:Buddhist rock carvings, Manglawar, Pakistan.jpg | File:Manglawar Stupa.JPG"
knysna,8,Knysna Elephant Park,images/landmarks/knysna-knysna-elephant-park.webp,1071x1600,0.669,strong,File:African Elephant (Loxodonta africana) visiting the waterhole (no drink ...) (31646203480).jpg,5472x3648,1.5,File:African bush elephant (Loxodonta africana) male Kruger 2.jpg | File:African bush elephant (Loxodonta africana) drinking Kruger.jpg | File:African bush elephant (Loxodonta africana) male Kruger.jpg
macau,1,Senado Square (Largo do Senado),images/landmarks/macau-senado-square.webp,1071x1600,0.669,strong,File:Decoration during Chinese New Year at Largo do Senado.jpg,4475x2983,1.5,File:Largo do Senado MO 01.jpg | File:Largo do Senado MO 03.jpg | File:Largo do Senado MO 02.jpg
kazan,3,Bauman Street,images/landmarks/kazan-bauman-street.webp,1070x1600,0.669,strong,"File:Bauman street, Kazan (2020-11-10).jpg",5152x3864,1.333,"File:Bauman Street in Kazan, Bogoyavlenskyi Tower in background - panoramio.jpg"
portland,1,Portlandia Statue,images/landmarks/portland-portlandia-statue.webp,1071x1600,0.669,strong,"File:Portlandia Statue, Portland - DPLA - 1ede18cbfa5e5c36674c32ceec6b086c.jpg",2000x1339,1.494,"File:Portlandia Statue, Portland - DPLA - ad53c1ca6b4c2d172dd3ab573f9189f5.jpg | File:Portlandia Statue, Portland - DPLA - d540ed1420339ac28f5469d4c6d1dbbe.jpg | File:Portlandia, The Portland Building, Portland - DPLA - 791f7d69ad1b63c2fd6c99e0f1fbfa38.jpg"
montevideo,1,Palacio Salvo,images/landmarks/montevideo-palacio-salvo.webp,1071x1600,0.669,strong,File:Palacio Salvo 03.JPG,4272x2848,1.5,File:Palacio Salvo 01.JPG | File:Palacio Salvo 02.JPG | File:El Palacio Salvo.JPG
sa-pa,5,Thac Bac (Silver Waterfall),images/landmarks/sa-pa-thac-bac-silver-waterfall.webp,685x1024,0.669,good,File:Ray over terrace rice field in Sapa - Trung Chải..jpg,5760x3840,1.5,"File:Paddy fields near Sa Pa, Vietnam, 20240126 1152 3574.jpg | File:Paddy fields in Lào Cai, Sa Pa, Vietnam, 20240125 1051 3423.jpg | File:Paddy fields in Lào Cai, Sa Pa, Vietnam, 20240125 1050 3422.jpg"
salvador,4,Igreja do Bonfim (Church of Nosso Senhor do Bonfim),images/landmarks/salvador-igreja-do-bonfim.webp,1070x1600,0.669,strong,"File:Igreja do Senhor do Bonfim, Salvador, Bahia - 2025-07-28 - DSCN8028.jpg",4608x3456,1.333,"File:Igreja do Senhor do Bonfim, Salvador, Bahia - 2025-07-28 - DSCN8029.jpg | File:Igreja do Senhor do Bonfim, Salvador, Bahia - 2025-07-28 - DSCN8030.jpg | File:Igreja do Senhor do Bonfim, Salvador, Bahia - 2025-07-28 - DSCN8031.jpg"
sukhothai,1,Wat Si Chum,images/landmarks/sukhothai-wat-si-chum.webp,1071x1600,0.669,strong,File:Wat Si Chum 05.jpg,4000x2667,1.5,"File:Wat Si Chum 04.jpg | File:Ubosot of Wat Si Chum, Sukhothai.jpg | File:13th Century Thai City of Sukhothai- Wat Si Chum, Large Buddha Statue, Sukhothai Historical Park 1.jpg"
velikiy-novgorod,8,Kokui Tower,images/landmarks/velikiy-novgorod-kokui-tower.webp,771x1152,0.669,strong,File:Veliky Novgorod - Kokui Tower - 2025-08 - p2.jpg,7571x5678,1.333,File:Veliky Novgorod - Kokui Tower - 2025-08 - p4.jpg | File:Башни Покровская и Кокуй - panoramio.jpg | File:Башня Кокуй - panoramio.jpg
vladimir,5,Old Vladimir Museum (Water Tower),images/landmarks/vladimir-water-tower-museum.webp,1071x1600,0.669,strong,File:Water Tower Vladimir 2016-06-23 6355.jpg,5304x3536,1.5,File:Vladimir asv2019-01 img10 Water Tower.jpg | File:Vladimir 47 (7963045976).jpg | File:Vladimir - panoramio (4).jpg
tampa,4,Tampa Theatre,images/landmarks/tampa-tampa-theatre.webp,1071x1600,0.669,strong,File:Rosa Rio at the Tampa Theatre Wurlitzer (2006).jpg,3456x2304,1.5,File:Rosa Rio at the Tampa Theatre Wurlitzer (May 2006).jpg | File:Yuengling Brewery Tampa Jan 2013.jpg | File:Yuengling Brewery Tampa Jan 2013 Tanks.jpg
el-calafate,6,Estancia Cristina,images/landmarks/el-calafate-estancia-cristina.webp,1071x1600,0.669,good,File:Parroquia Santa Teresita - El Calafate - panoramio.jpg,4608x3456,1.333,File:Parroquia Santa Teresita - El Calafate.jpg
salzburg,2,Salzburg Cathedral (Salzburger Dom),images/landmarks/salzburg-salzburg-cathedral.webp,1071x1600,0.669,strong,File:Salzburger Dom Domplatz Salzburg Austria - panoramio.jpg,2400x1800,1.333,File:Salzburger Dom Domplatz Salzburg Austria - panoramio (2).jpg | File:Dom Salzburg 7058.JPG | File:Salzburger dom 1.jpg
sigiriya,7,Dambulla Cave Temple,images/landmarks/sigiriya-dambulla-cave-temple.webp,1071x1600,0.669,strong,File:Dambulla Cave 1.jpg,3872x2592,1.494,File:Dambulla Cave Temple01.jpg | File:Dambulla Rock Cave Statues of Lord Buddha.jpg | File:Buddha Dambulla 7.jpg
zacatecas,3,Teleférico de Zacatecas,images/landmarks/zacatecas-teleferico.webp,1071x1600,0.669,strong,File:Catedral de Zacatecas de Noche.JPG,5616x3744,1.5,"File:Av. Hidalgo, Zacatecas - panoramio.jpg | File:Street View Zacatecas Mexico - panoramio.jpg | File:Camino A Zacatecas (165415045).jpeg"
dunedin,2,Taiaroa Head and the Royal Albatross Centre,images/landmarks/dunedin-taiaroa-head-and-the-royal-albatross-centre.webp,1072x1600,0.67,strong,File:Northern Royal albatross flying in front of Taiaroa Head lighthouse.jpg,4400x3240,1.358,File:Bull kelp growing on rocks at Taiaroa Head.jpg | File:Spotted Shag colony at Taiaroa Head.jpg | File:Lighthouse and shag colony at Taiaroa Head.jpg
pokhara,2,Sarangkot,images/landmarks/pokhara-sarangkot.webp,1074x1600,0.671,strong,"File:Sarangkot, Nepal-WLV-1594.jpg",5184x3456,1.5,"File:Sarangkot, Nepal-WLV-1595.jpg | File:Sarangkot, Nepal-WLV-1603.jpg | File:Sarangkot, Nepal-WLV-1606.jpg"
rabat,1,Mausoleum of Mohammed V,images/landmarks/rabat-mausoleum-mohammed-v.webp,1073x1600,0.671,strong,File:Morocco - Mausoleum of Mohammed V.jpg,4288x2848,1.506,"File:The Mausoleum Of Mohammed V.jpg | File:A pair of the Royal Moroccan Guards at the Mausoleum of Mohammed V in Rabat.jpg | File:Rabat, old and new (Mausoleum of Mohammed V and new Mohammed VI Tower behind; ضريح محمد الخامس).jpg"
naples,5,Spaccanapoli,images/landmarks/naples-spaccanapoli.webp,1075x1600,0.672,strong,File:Spaccanapoli (17563953846).jpg,4209x2796,1.505,"File:View of Spaccanapoli and the Centro Direzionale from Castel Sant'Elmo, Naples, 2010.jpg | File:Spaccanapoli da s Elmo 1050131.JPG | File:Spaccanapoli verso Castel Sant'Elmo.jpg"
moscow,5,Spasskaya Tower,images/landmarks/moscow-spasskaya-tower.webp,1076x1600,0.672,good,"File:Brateyevsky Bridge from Brateyevo district, 2014-04-26.JPG",4608x3072,1.5,"File:Bolshoi Theatre (19777576419).jpg | File:Brateevskaya poyma-1.jpg | File:1-й проезд Перова Поля, 6с3 в Москве 2018-05-27.jpg"
nelspruit,3,Lone Creek Falls (Sabie),images/landmarks/nelspruit-lone-creek-falls-sabie.webp,848x1257,0.675,strong,"File:Lone Creek falls, Mpumalanga-001.JPG",3264x2448,1.333,"File:Lone Creek falls, Mpumalanga-002.JPG | File:Wild Spinach (Coccinia adoensis) flower (46050893444).jpg"
koblenz,7,Church of Our Lady (Liebfrauenkirche),images/landmarks/koblenz-church-of-our-lady.webp,1081x1600,0.676,good,File:Koblenz im Buga-Jahr 2011 - Liebfrauenkirche 01.jpg,4500x3000,1.5,File:Liebfrauenkirche 01 Koblenz 2013.jpg | File:Liebfrauenkirche in der Altstadt von Koblenz.jpg | File:Liebfrauenkirche (Koblenz) 04.jpg
regensburg,2,Altes Rathaus (Old Town Hall),images/landmarks/regensburg-altes-rathaus.webp,1081x1600,0.676,strong,File:Altes Rathaus - Regensburg 002.jpg,6000x4000,1.5,File:Altes Rathaus Regensburg 02.jpg | File:Altes Rathaus Regensburg 20160926 128.jpg | File:2018 Altes Rathaus 1.jpg
seattle,9,Smith Tower,images/landmarks/seattle-smith-tower.webp,1082x1600,0.676,strong,File:Colman Dock & Smith Tower from approaching ferry 2022-07-27.jpg,6000x4000,1.5,"File:Seattle - Colman Dock ferry slip number 2 & Smith Tower.jpg | File:Seattle - Arctic Club and Smith Tower.jpg | File:Looking down 2nd Avenue from University Street towards Smith Tower, Seattle, 2011.jpg"
sopot,6,St. George's Church (Kościół św. Jerzego),images/landmarks/sopot-st-georges-church.webp,1081x1600,0.676,good,File:263A0652 greckokatolicka cerkiew św. Michała Archanioła (obecnie filialny kościół rzymskokatolicki) w Dubnem.jpg,8024x5352,1.499,"File:263A0660 cerkiewne banie, Dubne - Greckokatolicka cerkiew św. Michała Archanioła (obecnie filialny kościół rzymskokatolicki) w Dubnem.jpg | File:Gdansk Osowa SA136 1.jpg | File:Gdynia trolejbus 3097.jpg"
basel,0,Basel Minster (Basler Münster),images/landmarks/basel-basel-minster.webp,1084x1600,0.677,strong,File:Basel - Basler Münster (27019662094).jpg,5184x3456,1.5,File:Basel - Basler Münster (27352400770).jpg | File:Basel - Basler Münster (27556730291).jpg | File:Basel - Basler Münster (27629958515).jpg
sanliurfa,2,Mevlid-i Halil Mosque and Cave of Abraham,images/landmarks/sanliurfa-mevlid-i-halil-mosque.webp,1084x1600,0.677,good,File:This is the cave where Abraham was born.jpg,4160x2340,1.778,File:Sanliurfa June 2010 9406.jpg | File:Sanliurfa June 2010 9404.jpg | File:Sanliurfa June 2010 9409.jpg
rouen,5,Abbatiale Saint-Ouen,images/landmarks/rouen-abbatiale-saint-ouen.webp,1084x1600,0.677,strong,"File:Exhibition ""Dieu dans la pub"" - Abbatiale Saint-Ouen (30901093075).jpg",5520x3680,1.5,File:Abbatiale Saint-Ouen (30865515086).jpg | File:Abbatiale Saint-Ouen (30865511606).jpg | File:Rouen Abbatiale Saint-Ouen Chor 05.jpg
vaduz,1,Cathedral of St. Florin,images/landmarks/vaduz-cathedral-of-st-florin.webp,1085x1600,0.678,strong,"File:2018-10-05 Liechtenstein, Vaduz, St. Florin (KPFC) 09.jpg",6016x4010,1.5,"File:2018-10-05 Liechtenstein, Vaduz, St. Florin (KPFC) 11.jpg | File:2018-10-05 Liechtenstein, Vaduz, St. Florin (KPFC) 12.jpg | File:2018-10-05 Liechtenstein, Vaduz, St. Florin (KPFC) 10.jpg"
dar-es-salaam,4,Kariakoo Market,images/landmarks/dar-es-salaam-kariakoo-market.webp,1086x1600,0.679,strong,File:Kariakoo market dar es salaam 2.jpg,3872x2592,1.494,File:The close view of the Kariakoo market in Dar es Salaam.JPG | File:Kariakoo Waking Up.jpg | File:The bird's view of the Kariakoo market.jpg
sana-a,4,Dar al-Hajar (Rock Palace),images/landmarks/sanaa-dar-al-hajar.webp,541x797,0.679,strong,"File:Dar Al Hajar, Wadi Dhahr, Yemen (4325726246).jpg",3888x2592,1.5,"File:Dar Al Hajar, Wadi Dhahr, Yemen (4325716370).jpg | File:Dar Al Hajar, Wadi Dhahr, Yemen (4325704846).jpg | File:Dar al-Hajar, Yemen.jpg"
oxford,0,Radcliffe Camera,images/landmarks/oxford-radcliffe-camera.webp,1088x1600,0.68,strong,File:1099146 I RADCLIFFE CAMERA Oxford 20250617 0001.jpg,8256x5505,1.5,File:1099146 I RADCLIFFE CAMERA Oxford 20250617 0014.jpg | File:1099146 I RADCLIFFE CAMERA Oxford 20250617 0015.jpg | File:1099146 I RADCLIFFE CAMERA Oxford 20250617 0016.jpg
murree,1,Kashmir Point,images/landmarks/murree-kashmir-point.webp,1090x1600,0.681,strong,File:Sunset at Kashmir Point.JPG,5184x3456,1.5,File:Kashmir point murree.JPG | File:Kashmir point road view Murree.JPG | File:Azad kashmir mountain view from kashmir point murree.JPG
bonn,0,Beethoven-Haus,images/landmarks/bonn-beethoven-haus.webp,1091x1600,0.682,strong,File:Beethoven-Haus in Bonn - Schild.jpg,5568x3712,1.5,"File:Beethoven-Haus Bonn - Bonngasse.jpg | File:Beethoven-Haus in Bonn - Fassade.jpg | File:Beethoven-Haus, Bonn.JPG"
qingdao,6,Qingdao TV Tower,images/landmarks/qingdao-qingdao-tv-tower.webp,1092x1600,0.682,strong,File:View To Qingdao 2015 - panoramio.jpg,6000x4000,1.5,File:塔·山·水·舟.jpg | File:青岛电视塔——高空观光厅.jpg | File:青岛电视塔——露天观景平台.jpg
chengdu,3,Wuhou Shrine (Wuhou Temple),images/landmarks/chengdu-wuhou-shrine.webp,1091x1600,0.682,strong,"File:Pond pavilion - Wuhou Shrine - Chengdu, China - DSC05439.jpg",5472x3648,1.5,"File:Wuhou Shrine 20260513.jpg | File:Pond pavilion - Wuhou Shrine - Chengdu, China - DSC05438.jpg | File:Ornate Pot at Wuhou Memorial Temple.jpg"
nassau,0,Queen's Staircase,images/landmarks/nassau-queens-staircase.webp,1093x1600,0.683,strong,File:The Queen Staircase - panoramio.jpg,3559x2162,1.646,"File:Bahamas - Nassau, Queens Staircase - panoramio.jpg"
bursa,1,Yeşil Türbe (Green Tomb),images/landmarks/bursa-yesil-turbe-green-tomb.webp,1094x1600,0.684,strong,File:Bursa Green Tomb Exterior 2014 0051.jpg,4928x3280,1.502,File:Bursa Green Tomb Exterior 2014 0053.jpg | File:Bursa Green Tomb Exterior 2014 0052.jpg | File:Bursa Green Tomb Exterior 2014 0054.jpg
funchal,2,Monte Palace Tropical Garden,images/landmarks/funchal-monte-palace-garden.webp,1094x1600,0.684,good,"File:Esfinge, Monte Palace Tropical Garden, Funchal 05.jpg",1551x1163,1.334,"File:Madeira - Funchal, Monte Palace Tropical Garden - panoramio (2).jpg | File:Madeira - Funchal, Monte Palace Tropical Garden - panoramio (4).jpg | File:2011-03-05 03-13 Madeira 207 Monte, Jardim tropical Monte Palace.jpg"
reims,0,Cathédrale Notre-Dame de Reims (Reims Cathedral),images/landmarks/reims-cathedrale-notre-dame.webp,1094x1600,0.684,good,File:Fiat filippetti Comedie reims 1005712.jpg,4240x2832,1.497,File:25 rue Carnot in Reims (1).jpg | File:Cathedral of Reims (32).jpg | File:Cours Anatole-France in Reims (1).jpg
kerman,6,Jabalieh Dome,images/landmarks/kerman-jabalieh-dome.webp,1094x1600,0.684,strong,File:Jabalieh - Gabri Dome.jpg,4079x2702,1.51,"File:Jabalieh Dome by Hadi Karimi.jpg | File:Jabalieh, Kerman, Irán, 2016-09-22, DD 04-06 HDR.jpg | File:Jabalieh, Kerman, Irán, 2016-09-22, DD 03.jpg"
barcelona,0,Sagrada Família,images/landmarks/barcelona-sagrada-familia.webp,1099x1600,0.687,strong,File:Detalle da Sagrada Familia. Barcelona B16.jpg,4463x2975,1.5,"File:Simetría na Sagrada Familia. Barcelona B30.jpg | File:Sagrada Familia, Barcelona (P1170702-RR).jpg | File:Sagrada Familia March 2015-3a.jpg"
victoria-falls,9,Zimbabwe-Side Falls Viewpoints,images/landmarks/victoria-falls-zimbabwe-viewpoint.webp,1101x1600,0.688,strong,"File:The Smoke that Thunders, Victoria Falls, Zimbabwe (14532921781).jpg",5760x3840,1.5,"File:Victoria Falls Zimbabwe (14535317162).jpg | File:Victoria Falls, Zimbabwe (14532978721).jpg | File:Victoria Falls - Zimbabwe - panoramio.jpg"
erfurt,8,Anger Square,images/landmarks/erfurt-anger-square.webp,1102x1600,0.689,good,File:Erfurt-Haus zum Gueldenen Kroenbacken-Portal des Vorderhauses von Nordosten-20100713.jpg,4675x3117,1.5,"File:Erfurt Haus zum grünen Sittich und gekrönten Hecht 815.jpg | File:Erfurt Zum bunten Schiff und halben Mond (Zum Vierherren) 542.jpg | File:Erfurt, Michaelisstraße 38, Eingangsportal.jpg"
knysna,5,Diepwalle Forest and Big Tree,images/landmarks/knysna-diepwalle-forest-and-big-tree.webp,529x768,0.689,good,File:Mistress Pine tree in Korea.jpg,5184x3456,1.5,"File:Somma Lombardo Platanus acerifolia monumentale.jpg | File:The President, Dr. A.P.J. Abdul Kalam is seen under Star Flower Tree which is aged over 250 years old while going around the Kutho Daw Pagoda in Mandalay in Myanmar on March 10, 2006.jpg | File:Tu-154-crash-in-smolensk-20100410-04.jpg"
sarajevo,9,Ferhadija Street (Meeting of Cultures),images/landmarks/sarajevo-ferhadija-street.webp,1102x1600,0.689,strong,File:Buiobuione-Sarajevo-Meeting-of-Cultures-23-04-2018.jpg,6000x4000,1.5,File:Sarajevo Rose at Ferhadija street 20250223 03.jpg | File:Rain in Ferhadija street.jpg | File:Ferhadija February 2012.jpg
bonn,2,Beethoven Monument,images/landmarks/bonn-beethoven-monument.webp,1105x1600,0.691,strong,File:Beethoven Monument-Bonn (2).jpg,3648x2736,1.333,File:Beethoven-denkmal-29122015-03.jpg | File:Beethoven-Denkmal (Bonner Münsterplatz) in Bonn.jpg | File:Beethoven-Denkmal (Bonner Münsterplatz) - Bonn.jpg
innsbruck,2,Bergisel Ski Jump,images/landmarks/innsbruck-bergisel-ski-jump.webp,1107x1600,0.692,strong,"File:A view of the Bergisel ski jump from the 1964 Winter Olympics, Innsbruck, Austria.jpg",5000x3412,1.465,"File:Bergisel Ski-Jump (32053673714).jpg | File:From Bergisel ski jump, Innsbruck A(4).jpg | File:Bergisel Kampfrichterturm.jpg"
doha,4,West Bay Skyline,images/landmarks/doha-west-bay-skyline.webp,1107x1600,0.692,strong,File:Doha West Bay Skyline Qatar Jan 2020.jpg,5722x3814,1.5,File:Doha - West Bay Skyline 03.jpg | File:Doha - West Bay Skyline 04.jpg | File:Doha - West Bay Skyline 02.jpg
chisinau,2,Stephen the Great Monument,images/landmarks/chisinau-stephen-the-great-monument.webp,1108x1600,0.693,strong,"File:Stephen the Great Monument, Chișinău.jpg",4128x2322,1.778,"File:Monumentul a lui Stefan cel Mare, Chisinau Stefan the Great Monument, Chisinau, Moldova (49601054843).jpg | File:Памятник Стефану Великому, Кишинев Monumentul a lui Stefan cel Mare, Chisinau Stefan the Great Monument, Chisinau, Moldova (48318624016).jpg | File:Памятник Стефану Великому, Кишинев Monumentul a lui Stefan cel Mare, Chisinau Stefan the Great Monument, Chisinau, Moldova (48318624741).jpg"
odense,9,St. Alban's Church,images/landmarks/odense-st-albans-church.webp,1108x1600,0.693,good,File:Albani Torv.jpg,6012x4008,1.5,File:Odense tram 2026 4.jpg | File:Gedser Kirche lub 2024-04-06 img01.jpg | File:Construction of Albani Torv Station 03.jpg
innsbruck,7,Innsbruck Cathedral (Dom St. Jakob),images/landmarks/innsbruck-innsbruck-cathedral.webp,1109x1600,0.693,good,File:Innsbruck Jesuitenkirche -20130528-RM-151946.jpg,4608x3456,1.333,"File:Grazer Dom Landplagenbild 2.jpg | File:AT-17111 Kalvarienbergkirche und Mesnerhaus, Hallstatt07.jpg | File:AT-118331 Messkapelle zur Unbefleckten Empfängnis, Predlitz 03.jpg"
cadiz,1,Torre Tavira,images/landmarks/cadiz-torre-tavira.webp,1111x1600,0.694,strong,File:Torre Tavira (20459842180).jpg,4608x3072,1.5,File:Torre Tavira (20654482741).jpg | File:Torre Tavira (20638679202).jpg | File:Vistas desde la Torre Tavira (20026849533).jpg
vaduz,3,Vaduz City Hall (Rathaus),images/landmarks/vaduz-vaduz-city-hall.webp,1111x1600,0.694,strong,"File:2018-10-05 Liechtenstein, Vaduz, Rathaus (KPFC) 04.jpg",6016x4010,1.5,"File:2018-10-05 Liechtenstein, Vaduz, Rathaus (KPFC) 06.jpg | File:2018-10-05 Liechtenstein, Vaduz, Rathaus (KPFC) 07.jpg | File:2018-10-05 Liechtenstein, Vaduz, Rathaus (KPFC) 08.jpg"
bukhara,5,Chor Minor,images/landmarks/bukhara-chor-minor.webp,1112x1600,0.695,strong,File:Chor-Minor Madrassa 4 towers.JPG,4752x3168,1.5,"File:Chor Minor-20250605-3116.jpg | File:Chor Minor Madrassah, Bukhara (8609470890).jpg | File:Chor Minor Madrassah, Bukhara (8609470080).jpg"
hyderabad,6,Mecca Masjid,images/landmarks/hyderabad-mecca-masjid.webp,1113x1600,0.696,strong,File:Mecca Masjid from Charminar..JPG,5184x3456,1.5,File:Pigeons on a Minaret of Mecca Masjid (September 2019) 1.jpg | File:Pigeons on a Minaret of Mecca Masjid (September 2019) 2.jpg
jasper,3,Athabasca Falls,images/landmarks/jasper-athabasca-falls.webp,1113x1600,0.696,strong,File:Athabasca Falls Winter 2.JPG,2592x1944,1.333,"File:McRae, Alberta.jpg | File:Dog sledding in Alberta.jpg | File:AthabascaFallsWinter.JPG"
naples,0,Naples Cathedral (Duomo di San Gennaro),images/landmarks/naples-naples-cathedral-duomo-di-san-gennaro.webp,1115x1600,0.697,good,"File:Napoli, Duomo, portali.jpg",4000x3000,1.333,File:Duomo di Napoli (foto di Peppe Pepe di Angri) - panoramio.jpg | File:Duomo di Napoli (foto di Peppe Pepe di Angri) - panoramio - Giuseppe Pepe.jpg | File:Portone del Duomo di Napoli.jpg
pyongyang,0,Juche Tower,images/landmarks/pyongyang-juche-tower.webp,1115x1600,0.697,strong,File:Behind Juche Tower (32756795480).jpg,4272x2848,1.5,File:1735 - Nordkorea 2015 - Pjöngjang - Juche Turm (22358767123).jpg | File:1738 - Nordkorea 2015 - Pjöngjang - Juche Turm (22561597308).jpg | File:Behind Juche Tower (33097959326).jpg
gent,1,St Bavo's Cathedral and the Ghent Altarpiece,images/landmarks/gent-st-bavos-altarpiece.webp,1121x1600,0.701,strong,File:Ghent Altarpiece Google Art Project.jpg,9412x6938,1.357,
cork,3,Shandon Bells and St. Anne's Church,images/landmarks/cork-shandon-bells-and-st-anne-s-church.webp,1123x1600,0.702,strong,File:Shandon Bells seen from Merchant's Quay - panoramio.jpg,3072x2304,1.333,File:Shandon Area Of Cork City - Ireland.jpg | File:DR. MARY HEARN PARK (A REPURPOSED GRAVEYARD ON BOB AND JOAN'S WALK IN CORK)-156559.jpg | File:DR. MARY HEARN PARK (A REPURPOSED GRAVEYARD ON BOB AND JOAN'S WALK IN CORK)-156557.jpg
sopot,5,Sopot Lighthouse,images/landmarks/sopot-sopot-lighthouse.webp,1124x1600,0.703,strong,File:Sopot 2023 10 Lighthouse.jpg,4190x2786,1.504,"File:Sopot lighthouse - panoramio.jpg | File:Sopot 2023 01 Lighthouse.jpg | File:Muelle de Sopot, Polonia, 2013-05-22, DD 05.jpg"
pamplona,1,Catedral de Santa María la Real,images/landmarks/pamplona-catedral-santa-maria-la-real.webp,1125x1600,0.703,strong,File:Escalera gotica en el Catedral de Santa María la Real de Pamplona.JPG,4032x3024,1.333,"File:Escalera en el Catedral de Santa María la Real de Pamplona.JPG | File:Catedral de Santa María la Real de Pamplona. Claustro.jpg | File:Capilla mayor, presbiterio e imágen de Santa María la Real. Catedral de Pamplona.JPG"
turin,6,Basilica di Superga,images/landmarks/turin-basilica-di-superga.webp,1125x1600,0.703,strong,File:Basilica di Superga 03.jpg,5184x3456,1.5,File:Basilica di Superga 01.jpg | File:Basilica di Superga 02.jpg | File:Basilica di Superga 1.jpg
valencia,3,La Lonja de la Seda (Silk Exchange),images/landmarks/valencia-la-lonja-de-la-seda.webp,1129x1600,0.706,good,"File:Ayuntamiento de Alicante, España, 2014-07-04, DD 34.JPG",5425x3617,1.5,"File:Castillo de Santa Bárbara, Alicante, España, 2014-07-04, DD 54.JPG | File:Balcón del Mediterráneo, Benidorm, España, 2014-07-02, DD 17.JPG | File:Calpe, España, 2014-07-01, DD 04.JPG"
kolkata,7,Kalighat Kali Temple,images/landmarks/kolkata-kalighat-kali-temple.webp,1130x1600,0.706,strong,File:Kalighat Temple Kolkata (38325616481).jpg,3888x2592,1.5,File:Kalighat Temple Kolkata (38325615391).jpg | File:Kalighat Temple Kolkata (38293858642).jpg | File:Kalighat Temple Kolkata (38270360026).jpg
thessaloniki,0,White Tower (Lefkos Pyrgos),images/landmarks/thessaloniki-white-tower-lefkos-pyrgos.webp,1130x1600,0.706,strong,File:White Tower Lefkos Pyrgos.jpg,2896x1944,1.49,File:Lefkos Pyrgos DSC 8121b.jpg | File:Lefkos Pyrgos DSC 8120a-1.jpg | File:Lefkos pyrgos 1.jpg
moscow,0,Saint Basil's Cathedral,images/landmarks/moscow-saint-basils-cathedral.webp,1129x1600,0.706,strong,"File:Moscow, St Basil's cathedral at night (25360633539).jpg",4884x3256,1.5,"File:Moscow, St Basil's cathedral at night (25360633459).jpg | File:Moscow, St Basil's cathedral at night (30694802320).jpg | File:Moscow - 2024 - St. Basil's Cathedral at night.jpg"
monastir,3,Medina of Monastir,images/landmarks/monastir-medina-of-monastir.webp,1130x1600,0.706,strong,File:1993-12 Tunesie - Rie Dannenburg in Monastir.jpg,4000x2708,1.477,File:Auditorium de la faculté de medecine dentaire de Monastir (FMDM) 2.jpg | File:Amphithéâtre Bella rugia 2.jpg | File:(قبلي القديمة) L'ancienne ville de Kébili 07.jpg
toronto,0,CN Tower,images/landmarks/toronto-cn-tower.webp,1131x1600,0.707,strong,"File:2017-08-06 Toronto, CN Tower (freddy2001).jpg",5472x3648,1.5,"File:CN Tower Toronto Canadá (9735680900).jpg | File:CN Tower, Toronto, Canada (Unsplash DJ kOgH5u0o).jpg | File:CN Tower Toronto 1978.jpg"
hyderabad,0,Charminar,images/landmarks/hyderabad-charminar.webp,1132x1600,0.708,strong,File:Charminar and its market (September 2019) 1.jpg,6000x4000,1.5,"File:Charminar and its market (September 2019) 2.jpg | File:Charminar from Mecca Masjid.jpg | File:Charminar Kaman Rd,Hyderabad, Telangana 22.jpg"
jerusalem,1,Dome of the Rock,images/landmarks/jerusalem-dome-of-the-rock.webp,1136x1600,0.71,strong,File:Dome of the Rock Clock Jerusalem Victor 2011 -1-12.jpg,5184x3456,1.5,"File:Dome of the Rock (Temple Mount, Jerusalem, 2007).jpg | File:Jerusalem Dome of the rock BW 11.JPG | File:Dome of the Rock - Temple Mount - Old City - Jerusalem - Palestine - 04 (5684531932).jpg"
port-vila,3,Mele Cascades,images/landmarks/port-vila-mele-cascades.webp,908x1278,0.71,good,"File:A stream on Efate, Vanuatu.jpg",3872x2592,1.494,"File:Banyan tree, Efate, Vanuatu, 13 April 2008 - Flickr - PhillipC.jpg | File:Viktor Pinchuk's expedition to the islands of Oceania.jpg | File:Bangao Mummy Cave (1).jpg"
ashgabat,0,Arch of Neutrality,images/landmarks/ashgabat-arch-of-neutrality.webp,1138x1600,0.711,strong,File:View of Ashgabat from Arch of Neutrality (41652998734).jpg,5428x3648,1.488,File:View from Arch of Neutrality (7) (46091453942).jpg | File:View from Arch of Neutrality (4) (31202327517).jpg | File:View from Arch of Neutrality (6) (46091454522).jpg
tel-aviv,6,Azrieli Center Towers,images/landmarks/tel-aviv-azrieli-center-towers.webp,1139x1600,0.712,strong,"File:Azrieli Center - Rally supporting hostage deal, 9 November 2024 26.jpg",4080x2923,1.396,"File:Azrieli Center - Rally supporting hostage deal, 9 November 2024 28.jpg | File:Azrieli Center - Rally supporting hostage deal, 9 November 2024 08.jpg | File:Azrieli Center - Rally supporting hostage deal, 9 November 2024 09.jpg"
dunedin,6,Tūhura Otago Museum,images/landmarks/dunedin-tuhura-otago-museum.webp,393x551,0.713,strong,"File:Otago Museum - Dunedin, NZ - DSC04294.jpg",4819x3079,1.565,"File:Dr Mike Dickison at Otago Museum, Dunedin, NZ (1).jpg | File:Dr Mike Dickison at Otago Museum, Dunedin, NZ (2).jpg | File:Otago Museum exterior with cars.jpg"
playa-del-carmen,7,Capilla de Nuestra Senora del Carmen,images/landmarks/playa-del-carmen-capilla-nuestra-senora-del-carmen.webp,1141x1600,0.713,strong,"File:Capilla de Nuestra Señora del Carmen (Playa del Carmen, QR) - exterior and plaza.jpg",5472x3648,1.5,"File:Capilla de Nuestra Señora del Carmen (Playa del Carmen, QR) - exterior after dark.jpg | File:Catholic Chapel of Our Lady of Carmen in Playa del Carmen.JPG"
stockholm,8,Riddarholmen Church,images/landmarks/stockholm-riddarholmen-church.webp,1140x1600,0.713,strong,File:Riddarholmen Stockholm 2016 01.jpg,4096x2304,1.778,"File:Kungsgatan, Estocolmo.jpg | File:Estatua de Gustav II Adolf.jpg | File:Hällestadsstapeln.jpg"
antalya,2,Düden Waterfalls,images/landmarks/antalya-d-den-waterfalls.webp,1143x1600,0.714,strong,File:Uper Düden Waterfalls 2018.jpg,3888x2592,1.5,File:Duden Waterfall.jpg | File:Duden Sélalesi Park - panoramio.jpg | File:Duden Salalesi waterfall - panoramio.jpg
beppu,7,Beppu Tower,images/landmarks/beppu-beppu-tower.webp,1142x1600,0.714,strong,"File:View of Beppu Tower from Tokiwa Beppu store - Sep 26, 2015.jpg",7360x4912,1.498,File:Beppu Tower 02.jpg | File:Beppu Tower 03.jpg | File:Beppu City from Beppu Tower 03.jpg
bishkek,7,Burana Tower,images/landmarks/bishkek-burana-tower.webp,1142x1600,0.714,strong,"File:Burana, Kyrgyzstan (30791687288).jpg",3237x2162,1.497,"File:Burana, Kyrgyzstan (29724214637).jpg | File:Kyrgyzstan (36171025581).jpg"
cagliari,3,Torre dell'Elefante,images/landmarks/cagliari-torre-dell-elefante.webp,1142x1600,0.714,strong,"File:Torre dell'Elefante, particolare.jpg",3872x2592,1.494,"File:Torre dell'Elefante, dettaglio.jpg | File:Torre dell'Elefante - panoramio.jpg | File:Torre dell'Elefante, dettaglio della saracinesca.jpg"
dubai,1,Burj Al Arab,images/landmarks/dubai-burj-al-arab.webp,1142x1600,0.714,strong,"File:Dubai Beach, Burj al Arab.JPG",5184x3456,1.5,"File:Burj al arab (35502156792).jpg | File:Burj al arab (35670976305).jpg | File:Dubai skyscrapers, coastline and Burj Al-Arab.jpg"
port-moresby,0,Bomana War Cemetery,images/landmarks/port-moresby-bomana-war-cemetery.webp,500x700,0.714,strong,File:CDRUSINDOPACOM Visits Port Moresby (Bomana) War Cemetery (8529260).jpg,5784x3848,1.503,File:CDRUSINDOPACOM Visits Port Moresby (Bomana) War Cemetery (8529261).jpg | File:CDRUSINDOPACOM Visits Port Moresby (Bomana) War Cemetery (8529262).jpg | File:CDRUSINDOPACOM Visits Port Moresby (Bomana) War Cemetery (8529263).jpg
ensenada,5,Hussong's Cantina,images/landmarks/ensenada-hussongs-cantina.webp,1143x1600,0.714,good,File:11 (Unsplash).jpg,5472x3648,1.5,File:171003-N-BK384-108 (37251477900).jpg | File:BethsWeddingReception-3467 (8298593259).jpg | File:Anything Goes (15592272996).jpg
thimphu,6,Clock Tower Square,images/landmarks/thimphu-clock-tower-square.webp,1143x1600,0.714,strong,"File:Clock Tower Square, Thimphu 01.jpg",5184x3456,1.5,"File:Clock Tower Square, Thimphu 02.jpg | File:Clock Tower Square, Thimphu 03.jpg | File:Clock Tower Square Thimphu 2010-12-19.jpg"
zagreb,1,Zagreb Cathedral,images/landmarks/zagreb-cathedral.webp,1143x1600,0.714,strong,File:Zagreb Cathedral 20110407 2537.JPG,4000x3000,1.333,"File:Crkva Sv. Josipa, Zagreb - zvonik i zgrada.jpg | File:Bahnhof Treuen (1).jpg | File:Linie E-05.JPG"
quito,2,Plaza Grande (Independence Square),images/landmarks/quito-plaza-grande.webp,1142x1600,0.714,good,"File:Avenida de Aragón - Plaza Periodista Ros Belda, Valencia 02.JPG",7500x5000,1.5,File:La Palma - Tazacorte - El Puerto - Avenida El Emigrante - Plaza Castilla 01 ies.jpg | File:La Palma - Santa Cruz - Las Nieves - Plaza de Las Nieves 01 ies.jpg | File:La Palma - Los Llanos de Aridane - Las Manchas - Plaza de Glorieta 01 ies.jpg
ulaanbaatar,0,Gandantegchinlen Monastery,images/landmarks/ulan-bator-gandantegchinlen-monastery.webp,1142x1600,0.714,strong,File:Gandantegchinlen Monastery 06.jpg,4050x2700,1.5,File:Gandantegchinlen Monastery 01.jpg | File:Gandantegchinlen Monastery 02.jpg | File:Gandantegchinlen Monastery 10.jpg
rhodes,7,Archaeological Museum of Rhodes,images/landmarks/rhodes-archaeological-museum-of-rhodes.webp,1145x1600,0.716,strong,File:Archaeological Museum of Rhodes (9454505894).jpg,4288x2848,1.506,"File:Archaeological Museum of Rhodes (exterior) 01.jpg | File:Archaeological Museum of Rhodes (exterior) 03.jpg | File:Ippoton (Street of the Knights), Rhodes 2010 2.jpg"
kinshasa,8,Limete Interchange Tower,images/landmarks/kinshasa-limete-interchange-tower.webp,1080x1508,0.716,strong,"File:Sanitation work in locality of PAKA-DJUMA, Township of LIMETE.jpg",3264x2448,1.333,"File:Kinshasa train station (21237028852).jpg | File:Le 17 janvier 1961, Patrice Lumumba mourrait, victime de son « rêve » pour un Congo libre, démocratique et développé. (16112526649).jpg | File:Province de l'Ituri, RD Congo. Un homme revêt une chemise à l'effigie de Patrice Lumumba, l'une des principales figures de l'indépendance du pays et considéré comme le premier ""héros national"" de la RD Congo. (23784185903).jpg"
tromso,5,Tromsø Cathedral,images/landmarks/tromso-tromso-cathedral.webp,1145x1600,0.716,strong,"File:Tromsø Cathedral (domkirke) Norway Adolf Thomsen monument by Trygve Thorsen 1943 unveiled 1946 (Å eg veit meg eit land), Kirkeparken info board, Wooden Gothic Revival style long church 1861 2019-04-04 DSC02177.jpg",4825x3217,1.5,File:Tromsø Cathedral 03.jpg | File:Tromsø Cathedral 06.jpg | File:Tromsø Cathedral 04.jpg
karlovy-vary,1,Hot Spring Colonnade (Vřídelní kolonáda) and Vřídlo Geyser,images/landmarks/karlovy-vary-hot-spring-colonnade-vridlo.webp,1145x1600,0.716,good,File:Karlovy Vary Vřídelní kolonáda (6).jpg,4818x3212,1.5,File:Vřídlo před Vřídelní kolonádou (1).jpg | File:Vřídelní kolonáda (063).jpg | File:Vřídelní kolonáda (064).jpg
mexico-city,6,Frida Kahlo Museum (Casa Azul),images/landmarks/mexico-city-frida-kahlo-museum-casa-azul.webp,1150x1600,0.719,good,File:2018 Bogotá casa en La Candelaria.jpg,5098x3793,1.344,File:Buenos Aires - Caminito street tin houses - 7677.jpg | File:Buenos Aires - Caminito street tin houses - 7701.jpg | File:Buenos Aires - Caminito street tin houses - 7708.jpg
durres,8,Fatih Mosque,images/landmarks/durres-fatih-mosque.webp,1153x1600,0.721,strong,"File:Fatih Mosque ,Durrës.jpg",4160x3120,1.333,"File:Durrës, Fatih Mosque.jpg | File:Fatih Mosque.jpg | File:Kruje Castle (Mosque).JPG"
noumea,2,Baie des Citrons,images/landmarks/noumea-baie-des-citrons.webp,1080x1497,0.721,strong,"File:A greater sea snake Hydrophis major in the Baie des citrons, New Caledonia - Ecs22877-fig-0001-m.jpg",1840x1277,1.441,File:Baie de Ste Marie - Flickr - uphillblok.jpg | File:Baie Anse Vata.JPG | File:Baie de l'Anse Vata.JPG
san-jose,4,Plaza de la Cultura,images/landmarks/san-jose-plaza-de-la-cultura.webp,1154x1600,0.721,good,"File:Clock, Lexington, MA IMG 3090.JPG",4272x2848,1.5,"File:Casa de la Pava, Salento 02.jpg | File:Moscow - Polytech museum - street clock control center - p5.jpg | File:Foto Tour BN 012316E Vista Museo de los Niños y San José 3.jpg"
sarajevo,2,Sebilj Fountain,images/landmarks/sarajevo-sebilj-fountain.webp,1154x1600,0.721,good,File:Sarajevo Kozija Cuprija 2.JPG,4500x3000,1.5,File:Sarajevo – Alifakovac Cemetery (2012).jpg | File:Sarajevo – Alifakovac (2012).jpg | File:Sarajevo Bobbahn Olympia 84.JPG
algiers,1,Casbah of Algiers,images/landmarks/algiers-casbah-of-algiers.webp,1155x1600,0.722,strong,File:Algiers Casbah RomanDeckert.jpg,4128x2322,1.778,"File:Algiers Casbah 2024.jpg | File:Algiers, sea front.jpg | File:Abricot marché de la casbah d'Alger.JPG"
poprad,1,Church of St. Egidius,images/landmarks/poprad-church-of-st-egidius.webp,1167x1600,0.729,good,File:Poprad - Kostol sv. Egídia - oplotenie.jpg,4608x3072,1.5,File:Poprad - Kostol sv. Egídia - historická zeleň.jpg | File:Poprad - Kostol sv. Egídia -1c.jpg | File:Poprad H36-18.jpg
perpignan,7,Église Saint-Jacques & Jardin la Miranda,images/landmarks/perpignan-eglise-saint-jacques-jardin-la-miranda.webp,1166x1599,0.729,strong,File:Eglise St Jacques de Perpignan vue depuis le jardin de la Miranda.jpg,2608x1952,1.336,
tangier,5,American Legation Museum,images/landmarks/tangier-american-legation-museum.webp,1168x1600,0.73,strong,File:Deputy Secretary Blinken Tours the American Legation in Tangiers - Flickr - U.S. Department of State.jpg,5472x3648,1.5,"File:Deputy Secretary Blinken Tours the American Legation in Tangiers - Flickr - U.S. Department of State (1).jpg | File:American Legation Tangier 3.jpg | File:American Legation Tangier, seal.jpg"
anaheim,1,Matterhorn Bobsleds,images/landmarks/anaheim-matterhorn-bobsleds.webp,1169x1600,0.731,good,File:Blackberry Tart (28278021422).jpg,4936x3291,1.5,File:Classic Tea at the Disneyland Hotel (28278018892).jpg | File:Classic Tea at the Disneyland Hotel (28278014802).jpg | File:Classic Tea at the Disneyland Hotel (28278016862).jpg
marrakech,7,Ben Youssef Madrasa,images/landmarks/marrakech-ben-youssef-madrasa.webp,1172x1600,0.733,strong,File:Ben Youssef Madrasa IMG 5143 (17689815484).jpg,5472x3648,1.5,File:Ben Youssef Madrasa IMG 5106 (17689676254).jpg | File:Ben Youssef Madrasa 2017-10-honeymoon-56 (37835453045).jpg | File:Ben Youssef Madrasa - Red shirt (23200894870).jpg
zurich,4,St. Peter's Church,images/landmarks/zurich-st-peters-church.webp,1175x1600,0.734,strong,File:Zurich St. Peter Orgel.jpg,3886x2914,1.334,File:7187 - Zürich - St Peter.JPG | File:7189 - Zürich - St Peter.JPG | File:Zürich Switzerland-St-Peter-01.jpg
istanbul,5,Galata Tower,images/landmarks/istanbul-galata-tower.webp,1174x1600,0.734,strong,File:Galata Tower (4).jpg,5184x3456,1.5,File:Galata Tower 2022.jpg | File:GALATA TACI.jpg | File:Galata Tower (52556191487).jpg
rome,5,Sistine Chapel,images/landmarks/rome-sistine-chapel.webp,782x1062,0.736,strong,File:Italy-3206 - Sistine Chapel (5387277251).jpg,4288x2848,1.506,"File:Entrance to the Sistine Chapel, Vatican Museums.jpg | File:Salome Zourabichvili at Sistine Chapel.jpg | File:Sistine Chapel, Vatican Museums • Musei Vaticani (39834464603).jpg"
vatican-city,2,Sistine Chapel,images/landmarks/vatican-city-sistine-chapel.webp,782x1062,0.736,strong,File:Italy-3206 - Sistine Chapel (5387277251).jpg,4288x2848,1.506,"File:Entrance to the Sistine Chapel, Vatican Museums.jpg | File:Salome Zourabichvili at Sistine Chapel.jpg | File:Sistine Chapel, Vatican Museums • Musei Vaticani (39834464603).jpg"
papeete,1,Notre-Dame Cathedral of Papeete,images/landmarks/papeete-notre-dame-cathedral-of-papeete.webp,1146x1555,0.737,strong,"File:Tahiti, French Polynesia - Notre Dame Cathedral, Papeete (48028242478).jpg",4016x3008,1.335,File:Cathedrale Notre-Dame de Papeete - panoramio (1).jpg | File:Cathedrale Notre-Dame de Papeete - panoramio (2).jpg | File:Cathedrale Notre-Dame de Papeete - panoramio.jpg
parma,1,Battistero di Parma (Baptistery),images/landmarks/parma-battistero-di-parma.webp,1180x1600,0.738,strong,File:Battistero Parma 01.jpg,6960x4640,1.5,File:Battistero Parma 02.jpg | File:Battistero Parma 03.jpg | File:Battistero Parma 04.jpg
durban,3,Durban Botanic Gardens,images/landmarks/durban-durban-botanic-gardens.webp,530x717,0.739,strong,File:Durban Botanic Gardens-1b.JPG,4896x3672,1.333,File:Banyan Tree (Ficus benghalensis) (46515836481).jpg | File:Natal province - descriptive guide and official hand-book (1911) (14573413680).jpg
islamabad,0,Faisal Mosque,images/landmarks/islamabad-faisal-mosque.webp,750x1015,0.739,strong,File:Behind The Faisal Mosque.jpg,6000x4000,1.5,File:Ali Mujtaba WLM2017 FAISAL MOSQUE 05.jpg | File:Ali Mujtaba WLM2017 FAISAL MOSQUE 09.jpg | File:Ali Mujtaba WLM2017 FAISAL MOSQUE 022.jpg
nuremberg,3,Albrecht Dürer House,images/landmarks/nuremberg-albrecht-durer-house.webp,1183x1600,0.739,strong,"File:Nürnberg, Albrecht-Dürer-Straße 39 20170616 002.jpg",5996x4003,1.498,"File:Nürnberg, Albrecht-Dürer-Straße 39 20170616 005.jpg | File:Nürnberg, Albrecht-Dürer-Straße 39 20170616 007.jpg | File:Albrecht-Dürer-Haus (Nürnberg-St. Sebald).Umgebung.fw13.ajb.jpg"
san-andres,6,Rocky Cay,images/landmarks/san-andres-rocky-cay.webp,1183x1600,0.739,good,File:Alumbrado 2022 Marinilla - Rio 1.jpg,4000x3000,1.333,File:Alumbrado 2022 Marinilla - Rio 12.jpg | File:Alumbrado 2022 Marinilla - Rio 13.jpg | File:Alumbrado 2022 Marinilla - Rio 14.jpg
leipzig,1,St. Thomas Church (Thomaskirche),images/landmarks/leipzig-thomaskirche.webp,965x1304,0.74,strong,File:Leipzig Thomaskirche Turmfenster.jpg,5202x3465,1.501,"File:Leipzig Thomaskirche Seiteneingang.jpg | File:Leipzig, Thomaskirche -- 1980 -- 16.jpg | File:St. Thomas Church in Leipzig, the tower.jpg"
salamanca,1,Universidad de Salamanca (University Facade),images/landmarks/salamanca-universidad-de-salamanca.webp,561x758,0.74,strong,File:La Universidad de Salamanca (4852576316).jpg,4288x2848,1.506,File:Fachada de la Universidad de Salamanca en octubre de 2022 03.jpg | File:Fachada de la Universidad de Salamanca en octubre de 2022 02.jpg | File:Fachada de la Universidad de Salamanca en octubre de 2022 04.jpg
malindi,4,Portuguese Chapel,images/landmarks/malindi-portuguese-chapel.webp,1186x1600,0.741,strong,File:Portuguese Chapel Malindi baobab.jpg,2838x1950,1.455,File:Portuguese chapel 02.JPG | File:Portuguese chapel 01.JPG | File:Portuguese chapel 04.JPG
wuyishan,5,Great King Peak (Dawang Feng),images/landmarks/wuyishan-great-king-peak-dawang-feng.webp,768x1036,0.741,strong,File:大王峰登山道 - Great King Peak Trail - 2015.07 - panoramio.jpg,4534x3400,1.334,File:三仰峰山路 - Trail to Sanyan Peak - 2015.11 - panoramio.jpg | File:Wuyi Shan Fengjing Mingsheng Qu 2012.08.22 14-08-01.jpg | File:Wuyi Shan Fengjing Mingsheng Qu 2012.08.23 17-07-31.jpg
phnom-penh,2,Wat Phnom,images/landmarks/phnom-penh-wat-phnom.webp,720x972,0.741,strong,"File:2016 Phnom Penh, Wat Phnom (01).jpg",4924x3283,1.5,"File:2016 Phnom Penh, Wat Phnom (04).jpg | File:2016 Phnom Penh, Wat Phnom (09).jpg | File:2016 Phnom Penh, Wat Phnom (12).jpg"
hamilton,1,Cathedral of the Most Holy Trinity (Bermuda Cathedral),images/landmarks/hamilton-bermuda-cathedral-holy-trinity.webp,364x490,0.743,good,File:Church Hamilton Bermuda.JPG,4000x3000,1.333,File:Bermuda Anglican Cathedral - panoramio.jpg | File:Bermuda Anglican Cathedral - panoramio (1).jpg | File:1948-06-10 HMS Sheffield at City of Hamilton in Imperial fortress colony of Bermuda for King's Birthday ceremony.jpg
jaffna,4,Casuarina Beach,images/landmarks/jaffna-casuarina-beach.webp,1189x1600,0.743,strong,File:Keerimalai beach-3-jaffna-Sri Lanka.jpg,4608x3456,1.333,File:Keerimalai beach-1-jaffna-Sri Lanka.jpg | File:Keerimalai beach-2-jaffna-Sri Lanka.jpg | File:Keerimalai beach-4-jaffna-Sri Lanka.jpg
aachen,1,Cathedral Treasury (Domschatzkammer),images/landmarks/aachen-cathedral-treasury.webp,1190x1600,0.744,strong,File:Schild Domschatzkammer.jpg,4000x3000,1.333,"File:Aachener Domschatzkammer - Haupteingang (2).jpg | File:Aachen, Johannes-Paul-II.-Straße 20140822 085.jpg | File:20200904 Aachen Cathedral 10.jpg"
tunis,6,Cathedral of St. Vincent de Paul,images/landmarks/tunis-cathedral-st-vincent-de-paul.webp,1191x1600,0.744,good,File:Amphithéâtre Bella rugia 2.jpg,6000x4000,1.5,File:(قبلي القديمة) L'ancienne ville de Kébili 07.jpg | File:Barrage beni mtir02.JPG | File:Borj Ali Raïs photo 1.JPG
ostrava,1,Bolt Tower,images/landmarks/ostrava-bolt-tower.webp,1191x1600,0.744,good,"File:Ostrava, důlní a hutní komplex Dolní Vítkovice.jpg",4000x3000,1.333,"File:2017-05 Ostrava (11).jpg | File:Dolní Vítkovice, Česká republika, 2015 - panoramio (1) -kopie.jpg"
nantes,2,Cathédrale Saint-Pierre-et-Saint-Paul,images/landmarks/nantes-cathedrale-saint-pierre-et-saint-paul.webp,1190x1600,0.744,strong,File:Nantes Place Saint Pierre mit Cathédrale Saint-Pierre-et-Saint-Paul W.A. Foto Wolfgang Pehlemann P1040455.jpg,3840x2284,1.681,File:Nantes (44) Cathédrale Saint-Pierre et Saint-Paul vue de la Rue Général Leclerc de Hauteclocque.jpg | File:Exterior of Cathédrale Saint-Pierre de Nantes 04.jpg | File:Cathédrale Saint-Pierre de Nantes (2014 France) 01 Trackless train.JPG
genoa,6,La Lanterna,images/landmarks/genoa-la-lanterna.webp,1192x1600,0.745,strong,File:Antica ottica esposta nel Museo della Lanterna.JPG,4073x2947,1.382,File:Antica strumentazione esposta nel Museo della Lanterna.JPG | File:Antica ottica tra riflessi e trasparenze nel Museo della Lanterna.JPG | File:La lanterna prima della tempesta.jpg
wroclaw,6,Racławice Panorama,images/landmarks/wroclaw-raclawice-panorama.webp,1192x1600,0.745,good,File:1893 Dücker Die Ostsee bei Flensburg anagoria.JPG,4752x3168,1.5,File:(Albi) Femme accroupie (Blanchisseuse) - 1893 - Musée Toulouse-Lautrec.jpg | File:1893 Knüpfer Der Vestalinnentempel in Rom Nationalgalerie Prag anagoria.jpg | File:1893 Gauguin Siesta anagoria.JPG
stanley,4,1982 Liberation Memorial,images/landmarks/stanley-1982-liberation-memorial.webp,1194x1600,0.746,strong,File:Falklands - Stanley - 1982 Liberation Memorial - Inschrift.JPG,3888x2592,1.5,File:1982 Liberation Memorial in Stanley (5612280906).jpg | File:Crosses at the 1982 Liberation Memorial (5611692597).jpg | File:Wreath Laying Service at the 1982 Liberation Memorial (24356039255).jpg
kermanshah,2,Kermanshah Traditional Bazaar (Tarikeh Bazaar),images/landmarks/kermanshah-kermanshah-traditional-bazaar.webp,1194x1600,0.746,good,File:Taghe bostan kermanshah.jpg,4160x3120,1.333,"File:Ali Khamenei visits Ahmad Azizi - Imam Reza Hospital, Kermanshah.jpg | File:Tekie moaven ol molk.jpg | File:Ostandari old building.jpg"
morondava,2,Kirindy Forest Reserve,images/landmarks/morondava-kirindy-forest-reserve.webp,1194x1600,0.746,strong,"File:Giant Madagascan Hognose Snake in dry leaf litter at Kirindy Forest Reserve, April 2012, Leioheterodon madagascariensis.jpg",4752x3168,1.5,File:Reception Kirindy Forest Reserve.JPG | File:Roodkopmaki in Kirindy 05.JPG | File:Roodkopmaki in Kirindy 06.JPG
bern,8,Aare River and Marzili Baths,images/landmarks/bern-aare-river-marzili-baths.webp,968x1296,0.747,good,File:Bern Marzilibad Sanierung Bueber.jpg,4608x3456,1.333,"File:Marzilibad Sanierung Brücke Bueber (Bern, Schweiz).jpg | File:Bern Hochwasser Juli 2021 01.jpg | File:Bern Hochwasser Juli 2021 06.jpg"
baghdad,3,Al-Mustansiriya Madrasah,images/landmarks/baghdad-al-mustansiriya-madrasah.webp,1195x1600,0.747,strong,File:Mustansiriya Madrasah5.jpg,2032x1514,1.342,File:Mustansiriya school main entrance.jpg | File:- للمدرسه المستنصرية.jpg | File:Al-Mustansriah School - Dome.jpg
santiago,4,Cerro Santa Lucía,images/landmarks/santiago-cl-cerro-santa-lucia.webp,1195x1600,0.747,strong,File:Cerro Santa Lucía - Castillo Hidalgo.JPG,4912x3264,1.505,"File:Vista del Castillo Hidalgo en el Cerro Santa Lucía.JPG | File:Castillo Hidalgo en el Cerro Santa Lucía.jpg | File:Cerro Santa Lucía, Castillo Hidalgo.JPG"
parma,7,Parco Ducale,images/landmarks/parma-parco-ducale.webp,1195x1600,0.747,strong,File:Parco Ducale - Parma.jpg,3825x2561,1.494,"File:Parco Ducale Parma.JPG | File:Palazzo del Giardino, Parco Ducale, Parma, 2019, 03.jpg | File:Parco Ducale Giardino.jpg"
cadiz,6,Plaza de España and the 1812 Constitution Monument,images/landmarks/cadiz-plaza-de-espana-constitution-monument.webp,1196x1600,0.748,good,"File:Monumento a la Constitución de 1812, Cádiz, España, 2015-12-08, DD 80.JPG",7240x4502,1.608,File:Monumento a la Constitución de 1812 03.jpg | File:Monumento a la Constitución de 1812 02.jpg | File:Monumento a la Constitución de 1812 04.jpg
brasov,3,Catherine's Gate (Poarta Ecaterinei),images/landmarks/brasov-catherine-s-gate.webp,1196x1600,0.748,strong,File:Brașov - Poarta Ecaterinei (2023) - img 05.jpg,4032x3024,1.333,"File:Brașov, Poarta Ecaterinei, from the west, 2024.jpg | File:Poarta Ecaterinei.jpg | File:Brasov Poarta Ecaterina.jpg"
jasper,1,Maligne Canyon,images/landmarks/jasper-maligne-canyon.webp,1197x1600,0.748,strong,File:Maligne Canyon (16087549975).jpg,4608x3072,1.5,File:Gazing down into Maligne Canyon.jpg | File:Maligne Canyon (42241391821).jpg | File:Maligne Canyon (28368346158).jpg
essaouira,1,Skala de la Ville,images/landmarks/essaouira-skala-de-la-ville.webp,1197x1600,0.748,strong,File:Skala de Ville.jpg,5341x3561,1.5,File:EssaouiraWall2.jpg | File:16th Century Portguese Cannons - panoramio (4).jpg | File:16th Century Portguese Cannons - panoramio (5).jpg
essaouira,0,Medina of Essaouira,images/landmarks/essaouira-medina-of-essaouira.webp,1197x1600,0.748,strong,File:Casa lila - riad de charme à Essaouira - panoramio (1).jpg,4272x2848,1.5,"File:03 - Essaouira, Atlantik.jpg | File:02 - Essaouira, Atlantik.jpg | File:04 - Essaouira, Atlantik, Februar.jpg"
haifa,5,Wadi Nisnas,images/landmarks/haifa-wadi-nisnas.webp,1197x1600,0.748,strong,File:Street Scene - Wadi Nisnas Neighborhood - Haifa - Israel - 02 (5690626716).jpg,3456x2304,1.5,"File:Wadi nisnas,2013.JPG | File:Wadi Nisnas P8020002.JPG | File:Wadi Nisnas P8020007.JPG"
essaouira,2,Skala du Port and the Fishing Harbor,images/landmarks/essaouira-skala-du-port-and-the-fishing-harbor.webp,1197x1600,0.748,good,File:Boats in Port d'Essaouira.jpg,2816x2112,1.333,File:Blue fishing boats in Essaouira (2901159095).jpg | File:Bateau en cale sèche dans le port d'Essaouira au Maroc.jpg | File:Casa lila - riad de charme à Essaouira - panoramio (1).jpg
nantes,7,Île de Versailles,images/landmarks/nantes-ile-de-versailles.webp,1197x1600,0.748,strong,File:Nantes - Île de Versailles - Jardin japonais 01.jpg,6016x4016,1.498,File:Nantes - Île de Versailles - Jardin japonais 02.jpg | File:Nantes - Île de Versailles - Jardin japonais 04.jpg | File:Nantes - Île de Versailles - Jardin japonais 05.jpg
sergiyev-posad,4,Chapel-at-the-Well (Nadkladeznaya Chapel),images/landmarks/sergiyev-posad-chapel-at-the-well.webp,1197x1600,0.748,strong,File:Russia-Sergiev Posad-Assumption Chapel-at-the Well-2.jpg,2592x1944,1.333,File:Sergijew Possad-20-Wasserweihe-Brunnenhaus-Ausgiessungskirche-Pavillon-gje.jpg | File:Часовня надкладезная Троице-Сергиевой лавры.jpg | File:Sergijew Possad-22-Wasserweihe-Chor-gje.jpg
papeete,7,Faarumai Waterfalls (Les Trois Cascades),images/landmarks/papeete-faarumai-waterfalls.webp,1198x1600,0.749,good,"File:Tahiti, French Polynesia - Arahoho Blowhole (48033965818).jpg",3989x2988,1.335,
dresden,6,Katholische Hofkirche (Dresden Cathedral),images/landmarks/dresden-hofkirche-cathedral.webp,1199x1600,0.749,strong,File:Dresden - Katholische Hofkirche (2).jpg,5184x3456,1.5,File:Dresden - Katholische Hofkirche (3).jpg | File:Dresden - Katholische Hofkirche (4).jpg | File:Dresden - Katholische Hofkirche (5).jpg
mumbai,4,Siddhivinayak Temple,images/landmarks/mumbai-siddhivinayak-temple.webp,1199x1600,0.749,strong,File:Siddhivinayak Temple (Wednesday 10-12-2008).jpg,3264x2448,1.333,"File:Shree Siddhivinayak Mandir.jpg | File:Siddhivinayak Temple (236987777).jpg | File:Siddivinayak temple decorations, Mumbai.jpg"
phnom-penh,5,National Museum of Cambodia,images/landmarks/phnom-penh-national-museum-of-cambodia.webp,1199x1600,0.749,strong,File:03-National Museum of Cambodia-nX-8.jpg,5277x3518,1.5,"File:03-National Museum of Cambodia-nX-9.jpg | File:03-National Museum of Cambodia-nX-7.jpg | File:Sangkat Chey Chumneah, Phnom Penh 12206, Cambodia - panoramio (10).jpg"
praia,8,Nossa Senhora da Graça Church,images/landmarks/praia-nossa-senhora-graca.webp,960x1281,0.749,strong,File:Praia-Igreja Nossa Senhora da Graça (1).jpg,3648x2736,1.333,File:Praia-Igreja Nossa Senhora da Graça (2).jpg | File:Praia-Igreja Nossa Senhora da Graça (4).jpg | File:Nossa Senhora da Graça.jpg
potosi,1,Casa Nacional de la Moneda,images/landmarks/potosi-casa-nacional-moneda.webp,1199x1600,0.749,strong,File:Casa Nacional de Moneda.jpg,4128x3096,1.333,"File:Casa Nacional de la Moneda de Potosí, segundo patio.jpg | File:Casa Nacional de la Moneda de Potosí, Archivo y Biblioteca.jpg | File:From Casa Nacional de la Moneda, Potosí, Bolivia.jpg"
pretoria,5,Pretoria National Botanical Garden,images/landmarks/pretoria-botanical-garden.webp,1199x1600,0.749,strong,File:Bee Pollinating Flower at Pretoria National Botanical Gardens.jpg,4272x2848,1.5,File:Honeybee on Pink Flower at Pretoria National Botanical Gardens.jpg | File:A Bee’s Dance Among the Pink Blooms at Pretoria National Botanical Gardens.jpg | File:Pretoria Botanical Gardens-001.jpg
potosi,8,Arco de Cobija,images/landmarks/potosi-arco-de-cobija.webp,1199x1600,0.749,strong,File:Arco D Cobija.jpg,4000x3000,1.333,File:Arco Cobija.JPG | File:Arco de Cobija Potosí.JPG | File:Arco de Mejillones 1.jpg
pretoria,1,Voortrekker Monument,images/landmarks/pretoria-voortrekker-monument.webp,1199x1600,0.749,good,File:Anjūzan Seitai-ji Temple 20220902 06.jpg,4608x3072,1.5,File:New snow at sunset.JPG | File:Schodiště v obchodním domě - panoramio.jpg | File:Kalinchowk Dolakha IMG 0546.jpg
rostock,2,Neuer Markt and Rathaus,images/landmarks/rostock-neuer-markt-and-rathaus.webp,1198x1600,0.749,good,File:00530-Rostock-1898-Neuer Markt-Brück & Sohn Kunstverlag.jpg,1561x1000,1.561,File:AcelorMittal 143 001 mit Sonderzug von Warnemünde nach Cottbus in Rostock Hbf (7772925290).jpg | File:AcelorMittal 143 001 mit Sonderzug von Warnemünde nach Cottbus in Rostock Hbf (7772916628).jpg | File:AcelorMittal 143 001 mit Sonderzug von Warnemünde nach Cottbus in Rostock Hbf (7772923004).jpg
rouen,3,Aître Saint-Maclou,images/landmarks/rouen-aitre-saint-maclou.webp,1199x1600,0.749,strong,File:Aitre Saint-Maclou Rouen Danse macabre.jpg,4608x3072,1.5,File:Rouen (76) Aître Saint-Maclou 244.jpg | File:Rouen (76) Aître Saint-Maclou 243.jpg | File:Rouen (76) Aître Saint-Maclou 242.jpg
wuyishan,0,Nine-Bend Stream (Jiuqu Xi) Bamboo Rafting,images/landmarks/wuyishan-nine-bend-stream-jiuqu-xi-bamboo-rafting.webp,1199x1600,0.749,good,File:岸上九曲慢游道 - Nine Bends on tha Land Trail - 2015.11 - panoramio (1).jpg,3963x2972,1.333,File:Wuyi Shan Fengjing Mingsheng Qu 2012.08.22 14-08-01.jpg | File:Wuyi Shan Fengjing Mingsheng Qu 2012.08.23 17-07-31.jpg | File:Wuyi Shan Fengjing Mingsheng Qu 2012.08.23 17-21-52.jpg
santiago,3,Gran Torre Santiago (Costanera Center),images/landmarks/santiago-cl-gran-torre-santiago-costanera-center.webp,1199x1600,0.749,strong,File:2017 Santiago de Chile - Cerro de Santa Lucía - Vista Panorámica hacia el oriente (Gran Torre de Santiago).jpg,5184x3888,1.333,"File:Costanera Center, Santiago de Chile.jpg | File:Costanera center.JPG | File:Costanera Center at evening.jpg"
toronto,3,Toronto Sign at Nathan Phillips Square,images/landmarks/toronto-toronto-sign.webp,1198x1600,0.749,strong,File:Joe in front of Toronto City Hall and Nathan Phillips Square (55399739377).jpg,3643x2628,1.386,File:Toronto City Hall and Nathan Phillips Square (55401075630).jpg | File:A man ice skating in Nathan Phillips Square (Unsplash).jpg | File:Nathan Phillips Square (33343114810).jpg
sharjah,7,Al Noor Island,images/landmarks/sharjah-al-noor-island.webp,652x870,0.749,strong,File:Noor Island from Above.jpg,3670x2527,1.452,File:Butterfly House at Noor Island.jpg | File:Al Noor Island.jpg | File:Avsluttende bufferkant på plen før skråning.JPG
abidjan,7,Treichville Market,images/landmarks/abidjan-treichville-market.webp,1200x1600,0.75,strong,File:Treichville market 2.jpg,4032x3024,1.333,File:Marché de Treichville.jpg | File:Marché de Treichville 12.jpg | File:Marché de Treichville 3.jpg
al-ahmadi,4,Al Kout Beach,images/landmarks/al-ahmadi-al-kout-beach.webp,1200x1600,0.75,strong,File:Alfintas Beach (37474344).jpeg,2048x1321,1.55,"File:KISR Marine Environment Laboratory (08010628) (32050753927).jpg | File:Bushes and lights in Al Shaheed Park, Kuwait.jpg | File:Defense.gov photo essay 070801-D-7203T-021.jpg"
agadir,2,Souk El Had,images/landmarks/agadir-souk-el-had.webp,336x448,0.75,strong,File:2010-12-14 Maroc Agadir traditional clothes souk.JPG,3264x2448,1.333,File:Souk (entrance 10 nord side) - panoramio.jpg | File:Maroko (25331494614).jpg | File:Sidi M'hamed Benali.JPG
alesund,0,Aksla Viewpoint (Fjellstua),images/landmarks/alesund-aksla-viewpoint.webp,1200x1600,0.75,strong,File:Alesund - Aksla - Fjellstua.jpg,3872x2592,1.494,File:Aksla-on-summer-night-2020.jpg | File:Aalesund-seen-from-Aksla.jpg | File:Berg Aksla über Alesund.jpg
alanya,8,Sapadere Canyon,images/landmarks/alanya-sapadere-canyon.webp,1200x1600,0.75,strong,File:Sapadere Canyon 1 - panoramio.jpg,2592x1944,1.333,File:Canyon 13 - panoramio.jpg | File:Canyon 6 - panoramio.jpg
addis-ababa,4,Unity Park,images/landmarks/addis-ababa-unity-park.webp,1200x1600,0.75,strong,File:Unity Park fountain looking North.jpg,5184x3456,1.5,File:Unity Park entrance across amphitheater.jpg | File:Unity Park amphitheater.jpg | File:Unity Park fountain looking Northwest.jpg
aleppo,6,Forty Martyrs Armenian Cathedral,images/landmarks/aleppo-forty-martyrs-armenian-cathedral.webp,1200x1600,0.75,strong,File:Aleppo St. Forty Martyrs Armenian Apostolic Church 9400.jpg,4256x2832,1.503,File:Aleppo St. Forty Martyrs Armenian Apostolic Church 9402.jpg | File:Monument to Taron and Turuberan Resistance at Forty Martyrs Armenian Cathedral of Aleppo.jpg | File:Forty Martyrs Armenian Cathedral 02.jpg
alesund,5,Ålesund Church (Ålesund kirke),images/landmarks/alesund-church.webp,1200x1600,0.75,strong,File:Alesund Kirke - panoramio.jpg,1920x1080,1.778,File:Ålesund - Eglise - Clocher.JPG | File:Kirche von Alesund.jpg | File:Kirche von Alesund Portal.jpg
algiers,5,Ketchaoua Mosque,images/landmarks/algiers-ketchaoua-mosque.webp,1200x1600,0.75,strong,"File:Ketchaoua Mosque 3, Algiers, Algeria.jpg",5184x3456,1.5,"File:Ketchaoua Mosque 4, Algiers, Algeria.JPG | File:Ketchaoua Mosque (15886790802).jpg | File:Ketchaoua Mosque architecture – Algiers 15.jpg"
almaty,9,Hotel Kazakhstan,images/landmarks/almaty-hotel-kazakhstan.webp,960x1280,0.75,strong,"File:Resident Hotel Delux, Almaty (LRM 20240331 094535).jpg",4080x2720,1.5,"File:Grand Tien Shan Hotel in Almaty.jpg | File:Mildon Hotel, Almaty (P1180228).jpg | File:Grand Erbil Hotel.jpg"
alicante,9,Museo de Arte Contemporaneo (MACA),images/landmarks/alicante-museo-de-arte-contemporaneo.webp,1200x1600,0.75,strong,File:Alicante - Museo de Arte Contemporáneo de Alicante (MACA) 2.jpg,2048x1536,1.333,"File:Alicante - Museo de Arte Contemporáneo de Alicante (MACA) 3.jpg | File:Museo Arte Contemporáneo Alicante.jpg | File:Alacant, MACA, Museu d'Art Contemporani d'Alacant.jpg"
ankara,7,Column of Julian,images/landmarks/ankara-column-of-julian.webp,1200x1600,0.75,good,File:Ankara Sosyal Bilimler Üniversitesi - Ankara.jpg,4080x3072,1.328,"File:Hukumet meydani1.jpg | File:Ankara Sosyal Bilimler Üniversitesi Rektörlüğü, 2023 06.jpg | File:Ankara Sosyal Bilimler Üniversitesi Rektörlüğü, 2023 09.jpg"
amman,4,Rainbow Street,images/landmarks/amman-rainbow-street.webp,1200x1600,0.75,strong,"File:Seventh-day Adventist Church in Rainbow Street, Amman, Jordan.jpg",3856x2757,1.399,File:Rainbow Street in Jordan.jpg | File:Rainbow Street 4 Jul 2008 (1).JPG | File:Rainbow Street 4 Jul 2008 (2).JPG
antananarivo,5,Antananarivo Cathedral (Andohalo Cathedral),images/landmarks/antananarivo-antananarivo-cathedral.webp,1200x1600,0.75,strong,File:Lycée Andohalo et cathédrale de l'Immaculée-Conception d'Antananarivo janvier 2023.jpg,4032x3024,1.333,File:Marie Immaculée Conception à Andohalo 2019-10-02 .jpg | File:Marie Immaculée Conception à Andohalo 2019-10-02 2.jpg | File:Marie Immaculée Conception à Andohalo 2019-10-02 3.jpg
aqaba,7,Aqaba Archaeological Museum,images/landmarks/aqaba-aqaba-archaeological-museum.webp,1200x1600,0.75,strong,File:Aqaba-Museum Tall Hujayrat 03.jpg,2592x1944,1.333,File:Aqaba-Museum Tall Hujayrat 02.jpg | File:Aqaba-Museum Tall Hujayrat 05.jpg | File:Aqaba-Museum Tall Hujayrat 04.jpg
arequipa,2,Iglesia de la Compania,images/landmarks/arequipa-iglesia-de-la-compania.webp,1200x1600,0.75,strong,"File:Arequipa, Iglesia de la Compañía, 2023 (01).jpg",6960x4640,1.5,"File:Arequipa, Iglesia de la Compañía, 2023 (05).jpg | File:Arequipa, Iglesia de la Compañía, 2023 (09).jpg | File:Arequipa, Iglesia de la Compañía, 2023 (10).jpg"
arequipa,8,Molino de Sabandia,images/landmarks/arequipa-molino-de-sabandia.webp,1200x1600,0.75,strong,File:Molino de sabandia.jpg,4160x3120,1.333,File:Molino sabandia.jpg
asuncion,1,Panteón Nacional de los Héroes,images/landmarks/asuncion-panteon-nacional-de-los-heroes.webp,1200x1600,0.75,strong,File:Panteón nacional de los Héroes - Paraguay.jpg,5120x3840,1.333,"File:Panteón Nacional de los Héroes (8039932606).jpg | File:National Pantheon of the Heroes, Asunción, Paraguay.jpg | File:Panteon Nocturno.JPG"
antwerp,5,Rubens House (Rubenshuis),images/landmarks/antwerp-rubens-house.webp,1200x1600,0.75,strong,File:Antwerpen - Rubenshuis.jpg,5184x3456,1.5,File:Antwerp Rubenshuis 017 7693.jpg | File:Antwerp Rubenshuis 017 7720.jpg | File:Antwerp Rubenshuis 017 7694.jpg
baghdad,6,Al-Shaheed Monument,images/landmarks/baghdad-al-shaheed-monument.webp,1200x1600,0.75,good,File:Abdul Karim Kasim Museum.jpg,6000x4000,1.5,File:Al-Shahbander Cafe.jpg | File:Al-Zawraa park Ferris wheel 1.jpg | File:1كهوف الطار.jpg
aswan,8,Gharb Soheil Nubian Village,images/landmarks/aswan-gharb-soheil-nubian-village.webp,1200x1600,0.75,strong,File:Chien Port Village Nagaa Suhayl Gharb - Assouan (EG) - 2025-12-06 - 1.jpg,4032x3024,1.333,File:Chien Port Village Nagaa Suhayl Gharb - Assouan (EG) - 2025-12-06 - 2.jpg | File:Chien Port Village Nagaa Suhayl Gharb - Assouan (EG) - 2025-12-06 - 3.jpg
arequipa,3,Museo Santuarios Andinos,images/landmarks/arequipa-museo-santuarios-andinos.webp,1200x1600,0.75,good,File:Colonial Facade - Arequipa - Peru 02 (3786236824).jpg,2272x1704,1.333,
arhus,1,Den Gamle By (The Old Town),images/landmarks/arhus-den-gamle-by.webp,1200x1600,0.75,strong,File:Den Gamle By The Old Town Aarhus - panoramio (2).jpg,4000x3000,1.333,File:Den Gamle By The Old Town Aarhus - panoramio (7).jpg | File:Den Gamle By - The Old Town in Aarhus - panoramio (1).jpg | File:Den Gamle By The Old Town Aarhus - panoramio (5).jpg
avignon,4,Remparts d'Avignon (City Walls),images/landmarks/avignon-remparts-davignon-city-walls.webp,1200x1600,0.75,strong,File:Avignon - Rhône vue remparts.JPG,3264x2448,1.333,"File:00 0011 Avignon - Pont Saint-Bénézet (auch Pont d´Avignon genannt).jpg | File:Avignon - Pont Edouard Daladier - View NE towards Pont Saint-Bénézet (Pont d'Avignon), Jardin des doms, Avignon cathedral & Palais des Papes.jpg | File:Avignon - Pont Édouard Daladier - Panorama View on the Rhône river bank in front of the ramparts of Avignon 04.jpg"
baghdad,5,Baghdad Tower,images/landmarks/baghdad-baghdad-tower.webp,1200x1600,0.75,strong,File:Baghdad Zoo - حديقة حيوانات بغداد (33861662423).jpg,6000x4000,1.5,File:Baghdad 2.jpg | File:Baghdad Tower - panoramio.jpg | File:University of Baghdad Tower.jpg
bahir-dar,8,Bahir Dar Grand Market,images/landmarks/bahir-dar-bahir-dar-grand-market.webp,1200x1600,0.75,strong,"File:Community group representatives in Bahir Dar, Ethiopia, October 2012 (8404891711).jpg",4252x2835,1.5,File:ET Amhara asv2018-02 img070 Lake Tana at Bahir Dar.jpg | File:ET Amhara asv2018-02 img074 Lake Tana at Bahir Dar.jpg | File:Coffee roasting Bahir Dar Ethiopia (2).jpg
baguio,4,Camp John Hay,images/landmarks/baguio-camp-john-hay.webp,1200x1600,0.75,strong,"File:Army Navy, Camp John Hay.JPG",4272x2848,1.5,"File:Camp John Hay Garden (12438180775).jpg | File:Camp John Hay Welcome Marker, Baguio, Jul 2025.jpg | File:Camp John Hay Marker, Baguio City, Jul 2025.jpg"
baku,0,Flame Towers,images/landmarks/baku-flame-towers.webp,1200x1600,0.75,good,File:Baku Boulevard in January.jpg,5568x3712,1.5,File:Baku (51880494125).jpg | File:Baku Bulvar.jpg | File:Bulvar baku.jpg
bariloche,6,Isla Victoria,images/landmarks/bariloche-isla-victoria.webp,450x600,0.75,strong,File:Lago Isla Victoria.JPG,3968x2976,1.333,File:Isla Victoria.JPG | File:Isla Victoria setiembre 2011 15.JPG | File:Isla Victoria setiembre 2011 16.JPG
berlin,4,Checkpoint Charlie,images/landmarks/berlin-checkpoint-charlie.webp,1200x1600,0.75,strong,"File:Checkpoint Charlie, Berlín, Alemania, 2016-04-22, DD 04-06 HDR.JPG",8440x5627,1.5,File:Checkpoint Charlie - écriteau (Berlin).jpg | File:Checkpoint Charlie 2015 4.jpg | File:Checkpoint Charlie 2015 5.jpg
bologna,1,Piazza Maggiore,images/landmarks/bologna-piazza-maggiore.webp,1200x1600,0.75,strong,"File:Piazza Maggiore, Nettuno.jpg",6000x4000,1.5,File:FnMBK Piazza Maggiore - Bologna -.jpg | File:IeXHPI Piazza Maggiore - Bologna.jpg | File:UdSH Piazza Maggiore - Bologna -.jpg
bologna,6,Archiginnasio of Bologna,images/landmarks/bologna-archiginnasio-of-bologna.webp,1200x1600,0.75,strong,File:Bologna Archiginnasio 080.jpg,4896x3264,1.5,File:Archiginnasio di Bologna.jpg | File:Archiginnasio di Bologna dal cortile.jpg | File:Archiginnasio di Bologna e cortile1.jpg
brasov,9,Șchei District,images/landmarks/brasov-schei-district.webp,1200x1600,0.75,strong,File:Biserica Evanghelica din Schei 2.jpg,2400x1800,1.333,"File:Brasov Biserica Obervorstadt (2).jpg | File:Evangelical church from Obervorstadt, 1895.jpg"
bogota,8,Simón Bolívar Metropolitan Park,images/landmarks/bogota-simon-bolivar-metropolitan-park.webp,1200x1600,0.75,strong,File:Acceso al Parque Simón Bolívar kr 68.JPG,3998x2666,1.5,File:2017 Bogotá carrera 10 con calle 12 vendedor de jugo de naranja.jpg | File:2017 Bogotá articulado en la estación Guatoque Veraguas de Transmilenio.jpg | File:2017 Bogotá esquina carrera 13 A calle 23 A.jpg
bremen,5,St Peter's Cathedral (Bremer Dom),images/landmarks/bremen-st-peter-s-cathedral.webp,1200x1600,0.75,good,"File:Bremen, St.-Petri-Dom -- 2021 -- 6462.jpg",6597x4398,1.5,File:Bremen Dom Nord + Neptunsbrunnen.jpg | File:Bremen Dom St. Petri Innen Rosette.JPG | File:StPetriDomBremen.JPG
brighton,3,British Airways i360,images/landmarks/brighton-british-airways-i360.webp,1200x1600,0.75,strong,"File:Brighton, British Airways i360 Tower (31707700911).jpg",6000x4000,1.5,"File:Brighton - British Airways i360.jpg | File:Brighton, British Airways i360 Tower (30982757754).jpg | File:British Airways i360 03.jpg"
brno,8,Labyrinth under the Cabbage Market,images/landmarks/brno-labyrinth-under-the-cabbage-market.webp,1200x1600,0.75,good,File:Brno Underground - Cabbage Square - A food storage.JPG,3968x2976,1.333,File:Brno Underground - Cabbage Square - Winery.JPG | File:Brno Underground - Cabbage Square - Alchemical kitchen II.JPG | File:Brno Underground - Cabbage Square - Alchemical kitchen I.JPG
brisbane,7,Lone Pine Koala Sanctuary,images/landmarks/brisbane-lone-pine-koala-sanctuary.webp,1200x1599,0.75,strong,File:Leaving a legacy- 31st MEU Marines help renovate Lone Pine Koala Sanctuary (5631585).jpg,5760x3840,1.5,File:Leaving a legacy- 31st MEU Marines help renovate Lone Pine Koala Sanctuary (5631612).jpg | File:Leaving a legacy- 31st MEU Marines help renovate Lone Pine Koala Sanctuary (5631615).jpg | File:Leaving a legacy- 31st MEU Marines help renovate Lone Pine Koala Sanctuary (5631621).jpg
budapest,1,Fisherman's Bastion,images/landmarks/budapest-fisherman-s-bastion.webp,1200x1600,0.75,strong,"File:Fisherman's Bastion, Budapest (Ank Kumar) 02.jpg",6000x4000,1.5,"File:Fisherman's Bastion, Budapest (Ank Kumar) 01.jpg | File:Fisherman's Bastion, Budapest (Ank Kumar) 03.jpg | File:Fisherman's Bastion, Budapest (Ank Kumar) 05.jpg"
brisbane,9,City Botanic Gardens,images/landmarks/brisbane-city-botanic-gardens.webp,900x1200,0.75,strong,"File:1803 Cannon (serial 63914) in the City Botanic Gardens, Brisbane, 2.jpg",4032x3024,1.333,"File:1803 Cannon (serial 63914) in the City Botanic Gardens, Brisbane, 1.jpg | File:Abian Botanic Gardens, Brisbane April 2017, 3.jpg | File:Abian Botanic Gardens, Brisbane April 2017, 4.jpg"
brno,6,Capuchin Crypt,images/landmarks/brno-capuchin-crypt.webp,600x800,0.75,strong,File:Capuchin Crypt in Brno (Loreto Ars Moriendi exhibition) 02(js).jpg,5472x3648,1.5,File:Capuchin Crypt in Brno (Loreto Ars Moriendi exhibition) 01(js).jpg | File:Capuchin Crypt in Brno 2013p.jpg | File:Capuchin Crypt in Brno 2013g.jpg
bujumbura,4,Place de l'Indépendance,images/landmarks/bujumbura-place-de-l-independance.webp,1200x1600,0.75,good,File:7th CSC Soldiers from 2500th DLD support MEDRETE 15-1 150128-A-NP785-010.jpg,5616x3744,1.5,File:Boys fishing along Lac Tanganyika (6908390147).jpg | File:Bujumbura (463863235).jpg | File:Bujumbura - Flickr - Dave Proffer.jpg
cancun,7,Xel-Há Park,images/landmarks/cancun-xel-ha-park.webp,1200x1600,0.75,strong,File:Xel-Ha.jpg,3872x2578,1.502,File:Mexico-7138 - Bye to El-Rey (4764230865).jpg
cali,0,Cristo Rey,images/landmarks/cali-cristo-rey.webp,1200x1600,0.75,strong,"File:Estatua de Cristo Rey - Cali, Colombia.jpg",4896x3264,1.5,File:Cristo Rey de Cali 02.jpg | File:Cristo Rey de Cali 01.jpg | File:Cristo Rey de Cali 05.jpg
calabar,7,Tinapa Business and Leisure Resort,images/landmarks/calabar-tinapa-business-leisure-resort.webp,1200x1600,0.75,good,File:Boys Fishing 2.jpg,4774x3183,1.5,File:IYAKE suspended lake in Ado Awaye.jpg | File:Surviving Alone.jpg | File:Lake Lennar.jpg
calabar,3,Drill Ranch (Pandrillus Drill Monkey Sanctuary),images/landmarks/calabar-drill-ranch-pandrillus.webp,1200x1600,0.75,good,File:A 200 year old chair in calabar.jpg,6048x4032,1.5,"File:Beach area, calabar.jpg | File:Beach area, calabar 2.jpg | File:Takamanda Zoo Osnabrück2.jpg"
casablanca,2,Rick's Café,images/landmarks/casablanca-ricks-cafe.webp,1200x1600,0.75,strong,File:Rick's Cafe Casablanca.JPG,5184x3456,1.5,"File:Rick's Cafe (of movie fame) in Casablanca, Morocco - panoramio.jpg | File:Rick's Café.jpg | File:Secretary Kerry Views 'Casablanca' During Visit to Rick's Cafe in Morocco.jpg"
cebu-city,8,Casa Gorordo Museum,images/landmarks/cebu-city-casa-gorordo-museum.webp,1200x1600,0.75,strong,File:Casa Gorordo Cebu.jpg,7302x4868,1.5,File:Casa Gorordo Musueum22.jpg | File:Casa Gorordo Musueum23.jpg | File:Casa Gorordo Musueum24.jpg
caracas,3,Catedral de Caracas,images/landmarks/caracas-catedral.webp,1200x1600,0.75,strong,File:Catedral Caracas.JPG,4608x3456,1.333,"File:Catedral de Caracas, relieves y losas conmemorativas 01.jpg | File:Catedral de Caracas, relieves y losas conmemorativas 02.jpg | File:Catedral de Caracas, Centro de Caracas..jpg"
castries,9,Diamond Falls Botanical Gardens,images/landmarks/castries-diamond-falls-botanical-gardens.webp,1200x1600,0.75,strong,File:Waterfall in St. Lucia Botanical Gardens.JPG,2592x1936,1.339,File:En Bas Saut Falls Trail St. Lucia (52731480472).jpg | File:RAINFOREST ST LUCIA 2012 01 0106.jpg | File:Rainforest St Lucia 0099.jpg
casablanca,7,Old Medina,images/landmarks/casablanca-old-medina.webp,1200x1599,0.75,strong,File:Balustrade Médina Casablanca.JPG,3872x2592,1.494,"File:Medina, Casablanca (335623717).jpg | File:Jamaa Ould al Hamra, Ancienne Médina, Casablanca.jpg | File:Jamaa Ould al Hamra, Ancienne Médina.jpg"
cesme,0,Çeşme Castle (Çeşme Kalesi),images/landmarks/cesme-castle.webp,1200x1600,0.75,good,"File:Germiyan Köyü,Çeşme, İzmir, 2020 01.jpg",3648x2736,1.333,"File:Germiyan Köyü,Çeşme, İzmir, 2020 05.jpg | File:Germiyan Köyü,Çeşme, İzmir, 2020 06.jpg | File:Germiyan Köyü,Çeşme, İzmir, 2020 07.jpg"
charlotte-amalie,2,99 Steps,images/landmarks/charlotte-amalie-99-steps.webp,768x1024,0.75,strong,"File:99 Steps east entrance, as taken on 5th October 2020.jpg",4000x3000,1.333,"File:Qianshan Road in front of the east entrance of 99 Steps, as taken on 5th October 2020.jpg | File:Noon view of 99 Steps east entrance, as taken on 5th October 2020.jpg | File:99 Steps, as taken on 5th October 2020.jpg"
chennai,4,Valluvar Kottam,images/landmarks/chennai-valluvar-kottam.webp,1200x1600,0.75,strong,File:Outside valluvar kottam.jpg,4288x3216,1.333,File:Valluvar-Kottam-Courtyard-Chennai-India.jpg | File:Three-Virtues-Valluvar-Kottam-Chennai-India.jpg | File:Valluvar Kottam Thirukkural Gallery.jpg
charleston,9,Nathaniel Russell House,images/landmarks/charleston-nathaniel-russell-house.webp,1200x1600,0.75,good,"File:Alicia's Garden, Memminger Elementary School, Charleston.jpg",5184x3456,1.5,"File:DUBOSE HEYWARD HOUSE.jpg | File:Charleston, SC, USA - panoramio - Tom Key (61).jpg | File:30 Race Street (2025).jpg"
charlotte-amalie,6,Blackbeard's Castle (Skytsborg Tower),images/landmarks/charlotte-amalie-blackbeards-castle.webp,720x960,0.75,strong,File:Blackbeard's Castle.png,4032x3024,1.333,File:USVI St. Thomas - Charlotte Amalie - Blackbeard Castle.JPG
chisinau,3,Chișinău Water Tower,images/landmarks/chisinau-water-tower.webp,1200x1600,0.75,strong,File:Chișinău Water Tower 01.jpg,4128x2322,1.778,File:Chișinău Water Tower 03.jpg | File:Chișinău Water Tower 04.jpg | File:Chișinău Water Tower 06.jpg
cluj-napoca,9,Tailors' Bastion (Bastionul Croitorilor),images/landmarks/cluj-napoca-tailors-bastion-bastionul-croitorilor.webp,1200x1600,0.75,strong,"File:Cluj City Walls, Tailors Bastion 2012-001.JPG",4928x3264,1.51,"File:Cluj City Walls, Tailors Bastion 2012-002.JPG | File:Cluj City Walls, Tailors Bastion 2012-007.JPG | File:Cluj City Walls, Tailors Bastion 2012-014.JPG"
constanta,4,Genoese Lighthouse,images/landmarks/constanta-genoese-lighthouse.webp,1200x1600,0.75,strong,"File:Farul Genovez (Genoese Lighthouse) - Constanța, Romania.jpg",2048x1360,1.506,File:Farul Genovez CT-II-m-A-02800 (2).jpg | File:Farul „Genovez” 20180817 103305 03.jpg | File:Farul „Genovez” 20180817 103305 01.jpg
conakry,6,Camayenne Botanical Garden,images/landmarks/conakry-camayenne-botanical-garden.webp,1200x1600,0.75,good,"File:Camayenne, jardin botanique - btv1b53207132p.jpg",4606x3033,1.519,
cork,0,The English Market,images/landmarks/cork-the-english-market.webp,480x640,0.75,strong,"File:English Market, Grand Parade, Cork, 2018.jpg",3550x2536,1.4,File:English Market.jpg | File:Drisheen.jpg | File:A fantastic food market in Cork.jpg
cienfuegos,4,Catedral de la Purísima Concepción,images/landmarks/cienfuegos-catedral-purisima-concepcion.webp,1200x1600,0.75,strong,"File:A nuestra derecha la Catedral de la Purísima Concepción, a nuestra iquierda el parque José Martí - panoramio.jpg",3968x2864,1.385,"File:Cathédrale de Purisima Concepcion, parque Jose Marti.jpg | File:Cathédrale de la prurisima concepcion.JPG | File:Cathedral de la Purisma Concepción, Cienfuegos, Cuba.jpg"
conakry,3,Cathédrale Sainte-Marie de Conakry,images/landmarks/conakry-cathedrale-sainte-marie-de-conakry.webp,1280x1707,0.75,strong,File:Cathedrale Sainte-Marie Oloron portail avaleur.jpg,4006x2626,1.526,"File:(Auch) Pietà, chapelle Sainte-Thérèse-d’Avila (cathédrale Sainte-Marie d’Auch).jpg | File:(Auch) West facade of Cathédrale Sainte-Marie d'Auch.jpg | File:(Auch) Cathédrale Sainte-Marie d'Auch - Chapelle Saint-Jean-Baptiste - Tableau du retable.jpg"
corfu,5,Church of Saint Spyridon,images/landmarks/corfu-church-of-saint-spyridon.webp,1200x1600,0.75,good,File:Akoli Valey April 2010 - panoramio.jpg,3648x2736,1.333,"File:Akoli Valey April 2010 - panoramio - Filippos Parginos.jpg | File:Akoli Valey April 2010 - panoramio - Filippos Parginos (1).jpg | File:Thinali, Greece - panoramio - Filippos Parginos (2).jpg"
coimbra,2,Sé Velha (Old Cathedral),images/landmarks/coimbra-s-velha.webp,1200x1600,0.75,strong,File:Sé Velha - Claustro (1).jpg,4032x3024,1.333,File:Sé Velha - Claustro (2).jpg | File:Sé Velha - Claustro (3).jpg | File:Sé Velha - Claustro (5).jpg
cuiaba,6,SESC Arsenal,images/landmarks/cuiaba-sesc-arsenal.webp,1200x1600,0.75,strong,"File:Sesc Arsenal, noite nublada. (7158844083).jpg",4288x2848,1.506,File:Sesc Arsenal Cuiabá - MT (7617570446).jpg | File:SESC Arsenal.jpg | File:SESC Arsenal--Arsenal de Guerra Cuiabá 2024-3492.jpg
da-nang,7,Da Nang Cathedral (Pink Church),images/landmarks/da-nang-cathedral-pink-church.webp,1200x1600,0.75,strong,File:Da Nang Cathedral in 2015 05.jpg,3072x1728,1.778,File:Da Nang Cathedral in 2015 06.jpg | File:Da Nang Cathedral in 2015 07.jpg | File:Da Nang Cathedral in 2015 08.jpg
dakar,8,Théodore Monod Museum of African Art (IFAN),images/landmarks/dakar-theodore-monod-museum-ifan.webp,1200x1600,0.75,strong,File:Musée d'art africain Théodore Monod.jpg,5184x3888,1.333,File:1-Musée Théodor Modor - IFAN - Dakar - Sénégal.jpg | File:3-Musée Théodor Modor - IFAN - Dakar - Sénégal.jpg | File:IFAN - escalier secondaire.JPG
dakar,1,Gorée Island (House of Slaves),images/landmarks/dakar-goree-island-house-of-slaves.webp,1200x1600,0.75,strong,"File:SECNAV visits Goree Island, Senegal. (9568002153).jpg",4200x2803,1.498,"File:Sayings on the wall of the former slave-holding building on Gorée Island, Sénégal (West Africa) (651220420).jpg | File:Gorée 2024 - Maison des esclaves - 08.jpg | File:Gorée 2024 - Maison des esclaves - 09.jpg"
cyangugu,1,Lake Kivu Shoreline,images/landmarks/cyangugu-lake-kivu-shoreline.webp,1200x1600,0.75,strong,File:Kivu Lake - 6295753032.jpg,4608x3072,1.5,"File:Boating on lake Kivu.jpg | File:Fisher men in lake kivu, RWANDA.jpg | File:Shore of Lake Kivu - Karongi-Kibuye - Western Rwanda - 02.jpg"
cyangugu,9,Kamembe Town and Market,images/landmarks/cyangugu-kamembe-town-market.webp,1200x1600,0.75,good,File:Carrying goods on head Africa.jpg,6000x4000,1.5,File:Abagore bavuye gutashya.jpg | File:Abagore bavuye gutashya1.jpg | File:HO2A0819.jpg
dakar,6,Museum of Black Civilizations,images/landmarks/dakar-museum-of-black-civilizations.webp,720x960,0.75,good,File:Musée des civilisations noires 02.jpg,4032x3024,1.333,File:Musée des civilisations noires 01.jpg | File:Musée des civilisations noires 2022.jpg
dali,1,Dali Ancient Town,images/landmarks/dali-ancient-town.webp,1200x1600,0.75,strong,File:Dali Ancient Town 20260220-8.jpg,4608x3456,1.333,File:Dali Ancient Town 20260220-9.jpg | File:Dali Ancient Town 20260220-7.jpg | File:20260223 Dali Old Town 04.jpg
dallas,2,The Sixth Floor Museum at Dealey Plaza,images/landmarks/dallas-sixth-floor-museum-dealey-plaza.webp,1200x1600,0.75,strong,File:View from the seventh floor of The Sixth Floor Museum August 2015.jpg,6000x4000,1.5,"File:View, in 2014, of Dealey Plaza and the Texas School Book Depository in Dallas, Texas.jpg | File:Visitors Watch Video - Sixth Floor Museum (Kennedy Assassination) - Dallas - Texas - USA (20103498901).jpg"
dar-es-salaam,3,National Museum of Tanzania,images/landmarks/dar-es-salaam-national-museum.webp,960x1280,0.75,good,File:Dar es Salaam National Museum 08.jpg,4000x3000,1.333,File:Dar es Salaam National Museum 11.jpg | File:Dar es Salaam National Museum 18.jpg | File:Dar es Salaam National Museum 24.jpg
darwin,8,WWII Oil Storage Tunnels,images/landmarks/darwin-wwii-oil-storage-tunnels.webp,1200x1600,0.75,good,File:AU-Darwin-parl.jpg,4928x3264,1.51,"File:AU-Darwin-sweetheart-saltir.jpg | File:AU-Darwin-visitor-centre.jpg | File:Chinese Temple in Darwin, Australia.jpg"
denver,8,16th Street Mall,images/landmarks/denver-16th-street-mall.webp,768x1024,0.75,strong,"File:Intersection of 16th Street Mall and Lawrence Street in Denver, CO.jpg",3264x2448,1.333,"File:Free MetroRide, Mall Shuttle, 16th Street Mall, Denver, CO.jpg | File:Illegal Pete's Denver LoDo.JPG | File:US-CO - Denver - North America - Road Trip - The West - Rocky Mountains (4892397952).jpg"
edirne,9,Macedonian Tower (Makedonya Kulesi),images/landmarks/edirne-macedonian-tower-makedonya-kulesi.webp,1200x1600,0.75,good,File:Makedon Kulesi IMG 4048.jpg,5184x3456,1.5,File:Makedon Kulesi IMG 4067.jpg | File:Makedon Kulesi IMG 4044.jpg | File:Makedon Kulesi IMG 4073.jpg
edinburgh,6,Scott Monument,images/landmarks/edinburgh-scott-monument.webp,1200x1600,0.75,strong,File:City of Edinburgh - Scott Monument - 20230412113841.jpg,5946x3969,1.498,"File:City of Edinburgh - Scott Monument - 20230412114024.jpg | File:City of Edinburgh - Scott Monument - 20230412114258.jpg | File:2017-08-17 Scott Monument - Edinburgh, Scotland.jpg"
el-nido,2,Nacpan Beach,images/landmarks/el-nido-nacpan-beach.webp,1200x1600,0.75,strong,"File:Nacpan Beach, El Nido, Philippines (36287025363).jpg",4608x3093,1.49,"File:Nacpan Beach, El Nido, Philippines (37099953655).jpg | File:Nacpan Beach, El Nido, Philippines (36958342541).jpg | File:Nacpan Beach, El Nido, Philippines (36703741440).jpg"
el-chalten,3,Laguna Torre,images/landmarks/el-chalten-laguna-torre.webp,1200x1600,0.75,strong,"File:Laguna Torre, El Chalten, Argentina.JPG",4928x3264,1.51,File:Laguna Torre - El Chaltén.jpg | File:Laguna Torre reflection.jpg | File:ISS060-E-58870 - View of Argentina - Cerro Huemul - Viedma Glacier - El Chaltén - Rio de Las Vueltas - Rio Fitz Roy - Laguna Torre - Cerro Grande - Monte Fitz Roy (cropped).jpg
erfurt,5,Old Synagogue (Alte Synagoge),images/landmarks/erfurt-old-synagogue.webp,1200x1600,0.75,strong,File:Erfurt Alte Synagoge 688.jpg,4896x3264,1.5,"File:Erfurt Alte Synagoge 689.jpg | File:Erfurt, Waagegasse 8, Alte Synagoge-002.jpg | File:Erfurt, Waagegasse 8, Alte Synagoge-003.jpg"
enshi,1,Tenglong Cave,images/landmarks/enshi-tenglong-cave.webp,1200x1600,0.75,strong,File:Baishiya Karst Cave.jpg,5355x3575,1.498,File:亚洲最大的溶洞-腾龙洞 - panoramio (1).jpg | File:湖北省 恩施州 利川市 谋道镇 苏马蕩 - panoramio.jpg | File:湖北 恩施 利川市 谋道镇 苏马蕩 - panoramio.jpg
fes,0,Fes el-Bali (Old Medina),images/landmarks/fes-fes-el-bali.webp,1200x1600,0.75,strong,File:Fes el Bali(js).jpg,5610x3681,1.524,File:Fes el Bali from nord(js).jpg | File:Fes medina 033 0A.jpg | File:Fes medina Dar Demana DSCF8753.jpg
frankfurt-am-main,8,Goethe House (Goethehaus),images/landmarks/frankfurt-am-main-goethehaus.webp,1200x1600,0.75,strong,"File:Frankfurt, Goethehaus vor 1755.jpg",4900x3448,1.421,File:Giebel des Goethe-Hauses in Frankfurt am Main.JPG | File:Altstadt - Goethe House - 20180701112103.jpg | File:Maison Goethe - Francfort-sur-le-Main (DE71) - 2025-11-29 - 3.jpg
fort-de-france,4,Grand Marché Couvert (Spice Market),images/landmarks/fort-de-france-grand-marche-couvert.webp,1200x1600,0.75,good,File:Marché de Fort-de-France 2009.JPG,3264x2448,1.333,File:Grand Marché de Fort-de-France (Martinique) - 02.jpg | File:Grand Marché de Fort-de-France (Martinique) - 01.jpg
fes,5,Al-Attarine Madrasa,images/landmarks/fes-al-attarine-madrasa.webp,1200x1600,0.75,strong,File:Al-Attarine Madrasa DSC 0449 (39977440582).jpg,6000x4000,1.5,File:Al-Attarine Madrasa YAC 2017.jpg | File:Al-Attarine Madrasa IMG 5562 (18311702245).jpg | File:Al-Attarine Madrasa IMG 5566 (18311710805).jpg
florianopolis,5,Santo Antônio de Lisboa,images/landmarks/florianopolis-santo-antonio-de-lisboa.webp,1200x1600,0.75,strong,"File:Santo Antonio de Lisboa, Florianópolis 01.jpg",5356x3571,1.5,"File:Santo Antonio de Lisboa, Florianópolis 02.jpg | File:Santo Antonio de Lisboa, Florianópolis 03.jpg | File:Santo Antonio de Lisboa, Florianópolis 05.jpg"
geneva,6,Bains des Pâquis,images/landmarks/geneva-bains-des-paquis.webp,1200x1600,0.75,good,"File:Busan, South Korea (Unsplash).jpg",4320x2880,1.5,"File:Activity Center Park, Centerville, United States (Unsplash).jpg | File:Alcobaca-146-Klosterkirche-Fuesse-2011-gje.jpg | File:Anta de Pêra do Moço-08-2011-gje.jpg"
genoa,5,The Caruggi (Historic Centre Alleys),images/landmarks/genoa-caruggi.webp,1200x1600,0.75,good,File:Fermata Genova Via di Francia.jpg,2590x1561,1.659,File:Genova-Cornigliano-DSCF7804.JPG | File:Genova-Pegli-DSCF7798.JPG | File:Genova-Pra'-DSCF7786.JPG
gent,2,Belfry of Ghent (Het Belfort),images/landmarks/gent-belfry.webp,1200x1600,0.75,strong,File:Belfry of Ghent 20180628-1.jpg,5184x3456,1.5,File:Belfort van Gent 07.jpg | File:24555-Belfort Gent (3).jpg | File:BELGIUM - GHENT - Center (121).jpg
gilgit,1,Raja Bazaar (Gilgit Bazaar),images/landmarks/gilgit-raja-bazaar.webp,1200x1600,0.75,good,"File:Nagar Hunza Gilgit Baltistan , Pakistan.jpg",5184x3456,1.5,"File:The Central Imaamia Mosque Gilgit City, GB.jpg | File:Yadgar e Shohda e Gilgit-Baltistan.jpg | File:Sectarian divide of Gilgit-Baltistan.png"
gibraltar,4,Europa Point and Trinity Lighthouse,images/landmarks/gibraltar-europa-point.webp,1200x1600,0.75,strong,"File:Europa Point Lighthouse, Gibraltar 20.JPG",5184x3456,1.5,"File:Europa Point Lighthouse, Gibraltar 21.JPG | File:Europa Point Lighthouse, Gibraltar, 13 July 2016 (3).JPG | File:Gibraltar © Europa Point Lighthouse.jpg"
georgetown,6,Promenade Gardens,images/landmarks/georgetown-promenade-gardens.webp,1200x1600,0.75,good,File:Downtown Georgetown (23357530030).jpg,5472x3648,1.5,File:20250702 Drinking water fountain Taborno 01.jpg | File:20250702 Drinking water fountain Taborno 02.jpg | File:Drinking fontain2.jpg
girona,2,El Call (Jewish Quarter),images/landmarks/girona-el-call-jewish-quarter.webp,1200x1600,0.75,good,File:Girona - 20110123 (2).jpg,4000x3000,1.333,File:Girona - panoramio (25).jpg | File:Girona 025.JPG
gondar,8,Qusquam Debre Tsehay Church,images/landmarks/gondar-qusquam-debre-tsehay.webp,1200x1600,0.75,good,File:ET Gondar asv2018-02 img38 Kusquam.jpg,6358x3974,1.6,File:Kuskuam Palace 092018 - 1.jpg | File:Kuskuam Palace 092018 - 4.jpg | File:ET Gondar asv2018-02 img32 Kusquam.jpg
gisenyi,1,Gisenyi Waterfront Corniche,images/landmarks/gisenyi-waterfront-corniche.webp,1200x1600,0.75,good,"File:Gisenyi beach at lac kivu , Rwanda.jpg",4464x2976,1.5,"File:Chameleon at Palm Beach Gisenyi.jpg | File:A clear warm afternoon at Gisenyi Serena hotel.jpg | File:Lake Kivu at Gisenyi, Rwanda.jpg"
glasgow,8,Kibble Palace (Botanic Gardens),images/landmarks/glasgow-kibble-palace.webp,1200x1600,0.75,strong,File:Glasgow Botanic Gardens - Kibble Palace 11092018.jpg,5187x3458,1.5,"File:Glasgow City - Kibble Palace, Botanic Gardens, 703 Great Western Road, Glasgow - 20240517012052.jpg | File:Glasgow City - 703 Great Western Road, Botanic Gardens, Kibble Palace - 20200207085445.jpg | File:Glasgow - 703 Great Western Road, Botanic Gardens, Kibble Palace - 20160407155121.jpg"
gondar,6,Wolleka Falasha Village,images/landmarks/gondar-wolleka-falasha-village.webp,1200x1600,0.75,weak,File:Wolleka.jpg,1818x1228,1.48,File:Mechanic at metal workshop 2.jpg | File:Abraham and Jehuda Cresques Catalan Atlas. Eastern Europe view from the south.C.jpg | File:Armenian Quarter P1130574.JPG
guayaquil,5,Municipal Palace of Guayaquil,images/landmarks/guayaquil-municipal-palace.webp,1200x1600,0.75,strong,File:2022-05-20 Palacio Municipal Guayaquil 01.jpg,4032x3024,1.333,File:2022-05-20 Palacio Municipal Guayaquil 07.jpg | File:SageoEG - Portón Sur del Palacio Municipal de Guayaquil.jpg | File:Orgullo Guayaquil 2024 - Orgullo LGBT+ Ecuador (18).jpg
goma,4,Lac Vert (Green Lake),images/landmarks/goma-lac-vert.webp,1200x1600,0.75,strong,"File:Une femme de retour du lac Vert à Goma, dans le Nord-Kivu. (24062512725).jpg",5760x3840,1.5,File:Paysanne cultivant son champ de manioc sur les hauteurs du lac vert (23983084781).jpg | File:Lac vert RDC.jpg | File:Photo of the day 21.10.20156 (22853989790).jpg
gustavia,5,St. Bartholomew's Anglican Church,images/landmarks/gustavia-st-bartholomews-anglican-church.webp,1200x1600,0.75,strong,File:St Bartholomew's Church 2023.jpg,4032x3024,1.333,"File:2021-06-29 15-28-55 - Fontainebleau - Hôtel des Quatre Secrétaires.jpg | File:Hôtel des Ingénieurs des Tréfileries (Le Havre), pièce et couloir.jpg | File:Chambord Château de Chambord Innen Appartement de Parade 2.jpg"
guayaquil,6,Metropolitan Cathedral of Guayaquil,images/landmarks/guayaquil-metropolitan-cathedral.webp,1200x1600,0.75,strong,File:Guayaquil Ecuador348.JPG,4896x3672,1.333,File:Guayaquil Ecuador350.JPG | File:Guayaquil Ecuador352.JPG | File:Guayaquil Ecuador351.JPG
guangzhou,7,Huaisheng Mosque,images/landmarks/guangzhou-huaisheng-mosque.webp,1200x1600,0.75,strong,File:Huaisheng Mosque (35786).jpg,4000x3000,1.333,File:Huaisheng Mosque (19802).jpg | File:Huaisheng-Mosque-fence-0470.jpg | File:Huaisheng Mosque in Guangzhou.jpg
guangzhou,3,Sacred Heart Cathedral (Shishi Cathedral),images/landmarks/guangzhou-sacred-heart-cathedral.webp,1200x1600,0.75,strong,File:20110718 Sacred Heart Cathedral of Guangzhou.jpg,1800x1200,1.5,File:Guangzhou Shishi Shengxin Dajiaotang 2012.11.15 10-56-03.jpg | File:Guangzhou Shishi Shengxin Dajiaotang 2012.11.15 10-57-32.jpg | File:Guangzhou Shishi Shengxin Dajiaotang 2012.11.15 10-58-19.jpg
guatemala-city,8,Cerro del Carmen,images/landmarks/guatemala-city-cerro-del-carmen.webp,1200x1600,0.75,good,File:Iglesia de San Andrés Xecul 19.jpg,4000x3000,1.333,File:Iglesia de San Andrés Xecul 20.jpg | File:Catedral de Antigua Guatemala 31.jpg | File:Santa Catarina Palopó sculptures 01.jpg
gustavia,6,Notre-Dame de l'Assomption Catholic Church,images/landmarks/gustavia-notre-dame-de-lassomption.webp,768x1024,0.75,good,File:St Barths Gustavia Eglise Catholique 2a.JPG,3872x2592,1.494,File:St Barths Gustavia Eglise Catholique 1.JPG | File:St Barths Gustavia Eglise Catholique 2.JPG
halifax,9,Africville,images/landmarks/halifax-africville.webp,480x640,0.75,strong,File:Africville protest camp (7859622964).jpg,4790x3188,1.503,"File:MacKay Bridge and Africville Road, Halifax (37004934813).jpg | File:Africville Church.jpg | File:Women walking from Africville towards Halifax, on Campbell Road near Hanover Street (15318268313).jpg"
harbin,5,Flood Control Monument,images/landmarks/harbin-flood-control-monument.webp,1200x1600,0.75,strong,"File:Flood monument, Harbin 3.jpg",4000x3000,1.333,"File:Flood monument, Harbin 5.jpg | File:Flood monument, Harbin 4.jpg | File:Flood monument, Harbin.jpg"
hebron,8,Sheikh Ali al-Bakka Mosque,images/landmarks/hebron-sheikh-ali-al-bakka-mosque.webp,1200x1600,0.75,strong,"File:Ali al-Bakka Mosque, Hebron 2017-2.jpg",3627x2322,1.562,"File:Ali al-Bakka Mosque Hebron February 2018 1.jpg | File:Ali al-Bakka Mosque, 16Feb 2018.jpg | File:فنون البناء في مسجد الشيخ علي البكاء - مدينة الخليل.JPG"
hangzhou,9,Baochu Pagoda,images/landmarks/hangzhou-baochu-pagoda.webp,768x1024,0.75,strong,"File:Baochu Pagoda, 2015-03-22 02.jpg",4256x2832,1.503,"File:Baochu Pagoda, 2015-03-22 01.jpg | File:Baochu Pagoda, 2015-03-22 04.jpg | File:Huanglong & Broken Bridge - Baochu Pagoda over the Hangzhou City.jpg"
hamadan,0,Avicenna Mausoleum (Aramgah-e Bu Ali Sina),images/landmarks/hamadan-avicenna-mausoleum.webp,1200x1600,0.75,good,File:Abo ali sina.jpg,5184x3456,1.5,File:Abu Ali Sina.jpg | File:ABO ALI SINA-HAMEDAN-IRAN-4.jpg | File:Abu Ali.jpg
heidelberg,3,Old Town and Hauptstraße,images/landmarks/heidelberg-old-town-and-hauptstra-e.webp,1200x1600,0.75,strong,File:20230315 Hauptstraße Heidelberg 02.jpg,5830x3892,1.498,File:Heidelberg Hauptstraße 106.jpg | File:Heidelberg Hauptstraße 4.jpg | File:Heidelberg Hauptstraße 86.jpg
ho-chi-minh-city,6,Jade Emperor Pagoda,images/landmarks/ho-chi-minh-city-jade-emperor-pagoda.webp,1200x1600,0.75,strong,File:Jade Emperor Pagoda (9981966414).jpg,4752x3168,1.5,File:Jade Emperor Pagoda (9981950475).jpg | File:Jade Emperor Pagoda (9981963744).jpg | File:Jade Emperor Pagoda (9982018256).jpg
hirosaki,1,Saisho-in Five-Storied Pagoda,images/landmarks/hirosaki-saisho-in-five-storied-pagoda.webp,1200x1600,0.75,good,File:Saishōin Temple (51960241210).jpg,5792x3861,1.5,File:Autumn in Aomori (51958670162).jpg
hiroshima,8,Okonomimura,images/landmarks/hiroshima-okonomimura.webp,1200x1600,0.75,good,File:2018大イノコ祭り.jpg,5184x3456,1.5,"File:Hiroshima City (7970447356).jpg | File:Takamatsuyamadaimonji.jpg | File:Nagarekawachō street at night, Hiroshima 2015-07-04.jpg"
haifa,3,Louis Promenade (Yefe Nof),images/landmarks/haifa-louis-promenade.webp,1200x1600,0.75,strong,File:Yefe Nof - promenade Louis-2.JPG,2592x1944,1.333,File:Yefe Nof - promenade Louis-3.JPG | File:Yefe Nof - promenade Louis-4.JPG | File:Yefe Nof - promenade Louis-5.JPG
istanbul,9,Spice Bazaar (Egyptian Bazaar),images/landmarks/istanbul-spice-bazaar.webp,1200x1600,0.75,good,File:Istanbul asv2020-02 img01 Tünel Karaköy station.jpg,7364x4909,1.5,File:Istanbul asv2020-02 img03 Tünel Beyoğlu station.jpg | File:Istanbul asv2020-02 img04 Tünel Beyoğlu station.jpg | File:Istanbul asv2020-02 img09 Sirkeci Terminal.jpg
jeddah,9,Al Shallal Theme Park,images/landmarks/jeddah-al-shallal-theme-park.webp,500x667,0.75,good,File:Baron-1.jpg,4537x3025,1.5,File:Baron-5.jpg | File:Baron-4.jpg | File:Aquasafari Serengetipark Hodenhagen.JPG
jerez-de-la-frontera,7,Tabanco El Pasaje,images/landmarks/jerez-de-la-frontera-tabanco-el-pasaje.webp,1200x1600,0.75,good,File:Amigos del cañizo.jpg,4608x3072,1.5,File:Jerez 2015 10 19 1871 (24643212731).jpg | File:Jerez de la Frontera - 050 (30073989803).jpg | File:Jerez de la Frontera - 051 (30591394302).jpg
hoi-an,4,Thu Bon River Lantern Boats and Night Market,images/landmarks/hoi-an-thu-bon-river-lantern-boats-and-night-market.webp,1200x1600,0.75,good,File:Cat Ba Town boats.jpg,4032x3024,1.333,File:Minh Huong Assembly Hall gate.jpg | File:Cat Ba Town 6.jpg | File:VN - lampions.jpg
jinghong,5,Dai Ethnic Garden (Ganlanba),images/landmarks/jinghong-dai-ethnic-garden-ganlanba.webp,1200x1600,0.75,good,File:Jinghong Xishuangbanna Daizu Yuan 20250809 085137.jpg,4096x2731,1.5,File:景洪 傣族园之门.jpg | File:Jinghong Xishuangbanna Daizu Yuan 20250809 092226.jpg | File:Jinghong Xishuangbanna Daizu Yuan 20250809 093008.jpg
jingdezhen,3,Jingdezhen China Ceramics Museum,images/landmarks/jingdezhen-ceramics-museum.webp,1200x1600,0.75,strong,File:Collections of Jingdezhen China Ceramics Museum 1.jpg,4000x3000,1.333,File:Collections of Jingdezhen China Ceramics Museum 2.jpg | File:Collections of Jingdezhen China Ceramics Museum 3.jpg | File:Collections of Jingdezhen China Ceramics Museum 4.jpg
johor-bahru,6,Chinese Heritage Museum,images/landmarks/johor-bahru-chinese-heritage-museum.webp,1200x1600,0.75,strong,"File:Johor Bahru Chinese Heritage Museum, Malaysia.jpg",4080x3072,1.328,
juba,6,University of Juba,images/landmarks/juba-university-of-juba.webp,1280x1707,0.75,strong,"File:Vahelaager Tanõmas II liustiku keskosas, eespool paistavad juba Parroti ja Tartu Ülikooli mäetipud.jpg",1600x1200,1.333,File:GEOLOGIST JAMES MAKUEI MAYEN.jpg
kagoshima,9,Reimeikan and Tsurumaru Castle ruins,images/landmarks/kagoshima-reimeikan-tsurumaru-castle.webp,1200x1600,0.75,good,File:Site of Otemon of Kagoshima Castle.JPG,3264x2448,1.333,File:Reimei-kan from Exchange Center 202412.jpg | File:Naminohira yasuaki2.5syaku.JPG
izmir,8,Bostanlı Sunset Point,images/landmarks/izmir-bostanlı-sunset-point.webp,1200x1600,0.75,good,File:Bostanlı - panoramio.jpg,3264x2448,1.333,File:Büyük Kardiçalı Han.jpg | File:Ayşe Mayda Spor Tesisleri 02.jpg | File:Ayşe Mayda Spor Tesisleri 03.jpg
kaifeng,5,Lord Bao Memorial Temple (Baogong Ci),images/landmarks/kaifeng-lord-bao-memorial-temple.webp,1200x1600,0.75,strong,File:20210902 Baogong Memorial Hall.jpg,1800x1200,1.5,File:Bao zheng actor.jpg | File:Bao zheng actor (original).jpg | File:包公祠 - panoramio (1).jpg
kalamata,8,Polylimnio Waterfalls,images/landmarks/kalamata-polylimnio-waterfalls.webp,1200x1600,0.75,strong,File:Polylimnio.jpg,2578x1711,1.507,File:Polylimnio - 21096008940.jpg | File:Polylimnio - 21274153872.jpg | File:Polilimnio Falls-Messinia.jpg
kampala,9,Independence Monument,images/landmarks/kampala-independence-monument.webp,1200x1600,0.75,strong,File:Independence monument. Uganda.jpg,6000x4000,1.5,File:Statue Commemorating The 1962 ....Ugandan Independence(Indepedance Monument).jpg | File:Statue Commemorating The 1962 Ugandan Independence..(Indepedance Monument).jpg | File:Statue Commemorating.. The 1962 Ugandan Independence(Indepedance Monument).jpg
kanazawa,7,Oyama Shrine,images/landmarks/kanazawa-oyama-shrine.webp,1125x1500,0.75,strong,File:Gate of Oyama Shrine from Haiden.JPG,3264x2448,1.333,File:Torii and Gate of Oyama Shrine.JPG | File:Oyama jinja shrine gate.jpg | File:Oyama shrine gate - panoramio.jpg
kaliningrad,8,Kant Island (Sculpture Park),images/landmarks/kaliningrad-kant-island.webp,1200x1600,0.75,strong,File:Kaliningrad 05-2017 img69 Kant Island.jpg,4371x2912,1.501,File:Kaliningrad 05-2017 img09 Kant Island.jpg | File:Kaliningrad 05-2017 img03 Stock Exchange.jpg | File:Kaliningrad 05-2017 img06 Stock Exchange.jpg
kanchanaburi,3,Hellfire Pass Memorial Museum,images/landmarks/kanchanaburi-hellfire-pass-memorial-museum.webp,1200x1600,0.75,strong,File:Hellfire Pass Interpretive Centre 2023.jpg,4032x3024,1.333,"File:Biddulph memorial 2021 01.jpg | File:Biddulph memorial 2021 02.jpg | File:Kanchanaburi, Kwai River and River Kwai bridge, Thailand.jpg"
kangding,3,Anjue Temple (Ngachu Monastery),images/landmarks/kangding-anjue-temple-ngachu-monastery.webp,1200x1600,0.75,good,File:鐵像寺山門.jpg,3648x2736,1.333,File:Temple (116784551).jpeg
kandy,3,Bahirawakanda Vihara Buddha Statue,images/landmarks/kandy-bahirawakanda-buddha-statue.webp,1200x1600,0.75,strong,File:Beautiful Buddha Statue.jpg,6016x4000,1.504,"File:80 feet Giant Lord Buddha Statue Bodh Gaya India - panoramio (2).jpg | File:Buddha park at Swayambhu, Kathmandu, Nepal.jpg | File:Hpa-An, Myanmar (Burma) - panoramio (5).jpg"
karachi,7,Wazir Mansion,images/landmarks/karachi-wazir-mansion.webp,1200x1600,0.75,strong,"File:Wazir Mansion, Kharadar 08.jpg",4128x2322,1.778,"File:Wazir Mansion, Kharadar 09.jpg | File:PK Karachi asv2020-02 img81 Jehangir Kothari Mansion.jpg | File:PK Karachi asv2020-02 img04 Federation House.jpg"
karakol,0,Dungan Mosque,images/landmarks/karakol-dungan-mosque.webp,1200x1600,0.75,strong,File:Karakol Dungan Mosque.jpg,5761x3840,1.5,File:People at Karakol Dungan Mosque.jpg | File:Karakol Dungan Mosque 2.jpg
kazan,1,Kul Sharif Mosque,images/landmarks/kazan-kul-sharif-mosque.webp,1200x1600,0.75,strong,File:Kul sharif mosque 01.jpg,2000x1333,1.5,File:Мечеть Кул-Шариф Казань 3.jpg | File:Мечеть Кул-Шариф Казань 2.jpg | File:Мечеть Кул-Шариф Казань 1.jpg
kermanshah,6,Shafei Mosque,images/landmarks/kermanshah-shafei-mosque.webp,1200x1600,0.75,strong,File:Jameh Mosque of Shafei 1.jpg,3264x2448,1.333,File:Jameh Mosque of Shafei.jpg | File:Jame shafeiee mosque (Shamse) - panoramio.jpg
kigali,6,Kimironko Market,images/landmarks/kigali-kimironko-market.webp,960x1280,0.75,good,File:השוק המרכזי קימירונקו בקיגאלי בירת רואנדה (3).jpg,4000x3000,1.333,File:השוק המרכזי קימירונקו בקיגאלי בירת רואנדה (1).jpg | File:השוק המרכזי קימירונקו בקיגאלי בירת רואנדה (4).jpg | File:השוק המרכזי קימירונקו בקיגאלי בירת רואנדה (5).jpg
karlovy-vary,2,Diana Observation Tower,images/landmarks/karlovy-vary-diana-observation-tower.webp,1200x1600,0.75,strong,"File:Diana Observation Tower, Karlovy Vary, Czech Republic - Česko June 2022 - Students.jpg",3552x2707,1.312,"File:Diana Observation Tower, Karlovy Vary, Czech Republic - Česko June 2022 - Student Visit.jpg | File:Karlovy Vary rozhledna Diana (2).jpg | File:Diana lanová dráha Karlovy Vary.jpg"
konstanz,8,Hus House (Hus-Haus),images/landmarks/konstanz-hus-house.webp,1200x1600,0.75,strong,File:Hus Museum Konstanz (1).jpg,4608x3456,1.333,File:Infotafel am Hus Museum Konstanz.JPG | File:Konstanz-hussenstraße-hus-museum-hinweis.JPG | File:Hinsweisschild Husův Dům.jpg
ko-samui,0,Big Buddha Temple (Wat Phra Yai),images/landmarks/ko-samui-big-buddha-temple.webp,600x800,0.75,strong,File:Big Buddha Temple (Wat Phra Yai).jpg,3200x2240,1.429,File:Big Buddha in Big Buddha Temple (Wat Phra Yai).jpg | File:Wat Phra Yai Samui 2.jpg | File:Wat Phra Yai Samui 1.jpg
kazan,2,Söyembikä Tower,images/landmarks/kazan-soyembika-tower.webp,1200x1600,0.75,good,File:Kazan Glubokoe Lake 08-2016.jpg,4596x3064,1.5,File:25th anniversary of Efir 03.jpg | File:25th anniversary of Efir 05.jpg | File:25th anniversary of Efir 04.jpg
klaipeda,8,Martynas Mažvydas Sculpture Park,images/landmarks/klaipeda-martynas-mazvydas-sculpture-park.webp,1200x1600,0.75,good,"File:In Klaipeda Sculpture Park, 2019-08-18.jpg",4546x3031,1.5,"File:Klaipeda, Sculpture park - panoramio.jpg | File:SculpturesInKlaipeda20140713-20.JPG | File:SculpturesInKlaipeda20140713-21.JPG"
ko-samui,4,"Fisherman's Village, Bophut",images/landmarks/ko-samui-fisherman-s-village-bophut.webp,1200x1600,0.75,good,File:Alley Kat Scona Gold (25135069313).jpg,5472x3648,1.5,"File:Antares 002.JPG | File:A wikimedian editing in the forest (1682).jpg | File:09288jfEscolta Museum Exhibit Hall Edificio Calvo Binondo, Manilafvf 30.jpg"
kuala-lumpur,0,Petronas Twin Towers,images/landmarks/kuala-lumpur-petronas-twin-towers.webp,1200x1600,0.75,strong,File:KLCC Park Swimming Pool with Petronas Twin Towers (53332350459).jpg,8209x5473,1.5,File:KLCC Park Petronas Twin Towers (53331134437).jpg | File:Kuala Lumpur Malaysia Petronas-Twin-Towers-01.jpg | File:Kuala Lumpur skyline and Petronas Twin Towers night view from Kampung Baru.jpg 01.jpg
kuching,6,Tua Pek Kong Temple,images/landmarks/kuching-tua-pek-kong-temple.webp,1200x1600,0.75,strong,File:Tua Pek Kong Temple 06.jpg,3264x2126,1.535,File:Tua Pek Kong Temple 01.jpg | File:Tua Pek Kong Temple 04.jpg | File:Tua Pek Kong Temple 07.jpg
kyoto,9,Kyoto Tower,images/landmarks/kyoto-kyoto-tower.webp,1200x1600,0.75,strong,"File:京都, 日本, きょうと, みやこ, きょうのみやこ, にっぽん, にほん, Kyoto, Japan, Nippon, Nihon (24897296340).jpg",4032x3024,1.333,File:Nidec Kyoto Tower 2024-08.jpg | File:京都タワー - panoramio (5).jpg | File:京都タワー - panoramio (8).jpg
kuala-lumpur,2,KL Tower (Menara Kuala Lumpur),images/landmarks/kuala-lumpur-kl-tower.webp,900x1200,0.75,strong,"File:Briefing for Observatory Deck at Kuala Lumpur Tower (Menara KL), Malaysia on 28 July 2020 at 141148.jpg",4208x3120,1.349,"File:Briefing for Sky Deck at Kuala Lumpur Tower (Menara KL), Malaysia on 28 July 2020 at 164532.jpg | File:Canopy of KL Forest Eco Park at Kuala Lumpur Tower (Menara KL), Malaysia on 28 July 2020 at 152017.jpg | File:Canopy of KL Forest Eco Park at Kuala Lumpur Tower (Menara KL), Malaysia on 28 July 2020 at 152021.jpg"
kumasi,9,Centre for National Culture,images/landmarks/kumasi-centre-for-national-culture.webp,960x1280,0.75,good,File:Asafo Market (Entrance).jpg,4928x3264,1.51,"File:Queens Hall.jpg | File:Colonial House in Kumasi , Ghana - panoramio.jpg | File:Harper Road, Adum - Kumasi, Ashanti, Ghana.jpg"
jingdezhen,2,Ancient Kiln Folk Customs Museum (Guyao),images/landmarks/jingdezhen-ancient-kiln-folk-museum.webp,1200x1600,0.75,good,File:景德镇古窑民俗博览区 03.jpg,4608x3456,1.333,File:景德镇古窑民俗博览区 05.jpg | File:景德镇古窑民俗博览区 07.jpg | File:景德镇古窑民俗博览区 08.jpg
la-paz,6,Calle Jaén,images/landmarks/la-paz-calle-jaen.webp,640x853,0.75,strong,File:Calle Jaén.JPG,5184x3456,1.5,"File:Calle Jaen de noche.jpg | File:Calle Jaen, museo Litoral Boliviano.jpg | File:Vistas de calle Jaén 05.jpg"
la-paz,5,Mirador Killi Killi,images/landmarks/la-paz-mirador-killi-killi.webp,1200x1600,0.75,strong,File:La Paz desde el mirador Killi-Killi (4).JPG,2048x1536,1.333,File:B6 LA PAZ.jpg | File:La Paz Hills (8502362923).jpg | File:La Paz Ciudad.jpg
kyiv,2,Motherland Monument,images/landmarks/kyiv-motherland-monument.webp,960x1280,0.75,strong,File:Monument to the Motherland and Building 58 in Kiev Pechersk Lavra.jpg,3872x2576,1.503,File:Monument to the Motherland and Kyiv Pechersk Lavra.jpg | File:Kyiv - Motherland monument and Patona bridge.jpg | File:Kyiv - Motherland hill.jpg
lalibela,4,Bete Golgota-Mikael,images/landmarks/lalibela-bete-golgota-mikael.webp,960x1280,0.75,good,"File:Lalibela, debre sina-mikael 01.jpg",5472x3648,1.5,"File:Lalibela, debre sina-mikael, cortile 01.jpg | File:Lalibela, debre sina-mikael, cortile 03.jpg | File:Lalibela, debre sina-mikael, cortile 02.jpg"
la-serena,2,La Recova Market,images/landmarks/la-serena-la-recova-market.webp,768x1024,0.75,strong,File:Ministra Cecilia Pérez visita la Feria de La Recova en La Serena (45075031551).jpg,4822x3214,1.5,File:Wiki Tour - Recova.JPG | File:Recova La Serena.JPG | File:AURA Recinto Side ( V8A4938-CC).jpg
lagos,3,Tafawa Balewa Square,images/landmarks/lagos-tafawa-balewa-square.webp,1200x1600,0.75,strong,File:3 Eagles on the tafawa Balewa square.jpg,2100x1500,1.4,File:2 young girls carrying clay plates at Dada pottery Ilorin.jpg | File:2 young girls carrying Clay plate to sundry at Dada pottery Ilorin.jpg | File:20220916134947 IMG 9733.jpg
leon,4,Iglesia de la Recolección,images/landmarks/leon-iglesia-recoleccion.webp,1200x1600,0.75,strong,"File:Iglesia la Recolección - León, Nicaragua 2.jpg",4288x2848,1.506,"File:Iglesia de la Recoleccion - Leon - Nicaragua - 02 (30753748513).jpg | File:Iglesia la Recolección - León, Nicaragua 3.jpg | File:Iglesia la Recolección - León, Nicaragua.jpg"
lausanne,7,Sauvabelin Tower and Lake,images/landmarks/lausanne-sauvabelin-tower-and-lake.webp,1200x1600,0.75,strong,File:Lake Geneva @ Top floor @ Tour de Sauvabelin @ Parc de Sauvabelin @ Lausanne (36913306905).jpg,5472x3648,1.5,File:Parc de Sauvabelin @ Lausanne (36913257875).jpg | File:Stairs @ Tour de Sauvabelin @ Parc de Sauvabelin @ Lausanne (36742958042).jpg | File:Stairs @ Tour de Sauvabelin @ Parc de Sauvabelin @ Lausanne (36516767800).jpg
las-palmas-de-gran-canaria,9,Jardín Botánico Canario Viera y Clavijo,images/landmarks/las-palmas-de-gran-canaria-jardin-botanico-canario-viera-y-clavijo.webp,1200x1600,0.75,strong,File:Jardín Botánico Canario Viera y Clavijo - Gran Canaria - 01.jpg,4752x3168,1.5,"File:Jardín Botánico Canario Viera y Clavijo, Günther y Mary Anne Kunkel.jpg | File:Jardín Botánico Canario Viera y Clavijo, Tumba de Sventenius.jpg | File:Jardín Botánico Canario Viera y Clavijo, view.jpg"
lubeck,6,St. Peter's Church Tower (St. Petri),images/landmarks/lubeck-st-petri-church.webp,1200x1600,0.75,strong,"File:Lübeck, Aussicht vom Turm der St.-Petri-Kirche -- 2017 -- 0355.jpg",5436x3624,1.5,"File:Lübeck, Aussicht vom Turm der St.-Petri-Kirche -- 2017 -- 0356.jpg | File:Lübeck, Aussicht vom Turm der St.-Petri-Kirche -- 2017 -- 0358.jpg | File:Panorama vom Turm der St.-Petri-Kirche auf Dom und Propsteikirche Herz-Jesu.jpg"
lugano,5,Cathedral of San Lorenzo,images/landmarks/lugano-cathedral-san-lorenzo.webp,1200x1600,0.75,strong,File:Lugano Cattedrale di San Lorenzo Interno Navata Ovest 1.jpg,4542x3083,1.473,File:Lugano Cattedrale di San Lorenzo Interno Navata Volta 3.jpg | File:Lugano Cattedrale di San Lorenzo Interno Navata Ovest 3.jpg | File:Lugano Cattedrale di San Lorenzo Interno Navata Ovest 2.jpg
lviv,5,Armenian Cathedral,images/landmarks/lviv-armenian-cathedral.webp,825x1100,0.75,good,File:74.Дзвіниця Вірменського собору.jpg,4752x3168,1.5,File:Дзвіниця Вірменського собору Львів Марія Павлюк.jpg | File:Virmenskiy-sob 01.jpg | File:Дзвіниця Вірменського собору film.jpg
lyon,8,Traboules de Lyon,images/landmarks/lyon-traboules.webp,1200x1600,0.75,strong,File:Traboules Lyon courtyard sky view.jpg,2592x1944,1.333,File:Lyon 3e - Montchat - Église Nôtre-Dame-de-Bon-Secours-001.JPG | File:Lyon 3e - Notre-Dame-du-Bon-Secours - Fronton.JPG | File:Lyon 1er - Hôtel de Ville de Lyon - Salon des anciennes archives - Plafond - Voûte 1.jpg
lviv,6,Boim Chapel,images/landmarks/lviv-boim-chapel.webp,1200x1600,0.75,strong,File:Chapel of the Boim Family.jpg,4032x3024,1.333,File:The architectural decor of Boim Chapel 02.jpg | File:The architectural decor of Boim Chapel 01.jpg | File:Lwów - kaplica Boimów - Lvov - chapel of Boim's - panoramio.jpg
macau,4,Guia Fortress and Lighthouse,images/landmarks/macau-guia-fortress-lighthouse.webp,1200x1600,0.75,strong,File:东望洋灯塔 - Guia Lighthouse - 2016.06 - panoramio.jpg,4512x3383,1.334,File:Guia lighthouse in danger 8.jpg | File:Capela de Nossa Senhora da Guia and Macau Guia Lighthouse 22-02-2023(1).jpg | File:Capela de Nossa Senhora da Guia and Macau Guia Lighthouse 22-02-2023(2).jpg
lusaka,0,Freedom Statue,images/landmarks/lusaka-freedom-statue.webp,810x1080,0.75,good,File:AB Bank Zambia.jpg,4032x3024,1.333,"File:Bus owned by the University of Zambia, Lusaka.jpg | File:Lusaka Train Station 1.jpg | File:Old steam locomotive in Lusaka train station.jpg"
maastricht,5,St. Pietersberg Caves (Grotten Sint-Pietersberg),images/landmarks/maastricht-st-pietersberg-caves.webp,1200x1600,0.75,good,File:20140526 Maastricht in caves of Caestert 02.JPG,3968x2976,1.333,File:20140526 Maastricht in caves of Caestert 03.JPG | File:Bastei bei Rathen-02.jpg | File:Overzicht tunnel in mergelgrot - Maastricht - 20534290 - RCE.jpg
maastricht,4,Basilica of Our Lady (Onze-Lieve-Vrouwebasiliek),images/landmarks/maastricht-basilica-of-our-lady.webp,1200x1600,0.75,strong,"File:Basilica of Our Lady, Maastricht, Netherlands - panoramio (16).jpg",4896x3264,1.5,File:20240718.Maastrich.Westwork of Onze-Lieve-Vrouwebasiliek.-011.jpg | File:Maastricht - Onze Lieve Vrouwebasiliek - Onze Lieve Vrouweplein 7 (10-2015) P1140857.JPG | File:2010.07.20.150904 Onze Lieve Vrouwebasiliek Maastricht.jpg
madurai,4,Koodal Azhagar Temple,images/landmarks/madurai-koodal-azhagar-temple.webp,1200x1600,0.75,good,File:Temple city madurai.jpg,4000x2248,1.779,File:Koodalazhagar (2).jpg | File:Koodalazhagar (1).jpg | File:Koodalazhagar (3).jpg
maceio,8,Museu Théo Brandão,images/landmarks/maceio-museu-theo-brandao.webp,1200x1600,0.75,strong,"File:Av. da Paz e antigo Palacete dos Machado, atual Museu Théo Brandão, RELU (01).jpg",1920x1080,1.778,"File:Av. da Paz e antigo Palacete dos Machado, atual Museu Théo Brandão, RELU (02).jpg | File:Av. da Paz e antigo Palacete dos Machado, atual Museu Théo Brandão, RELU (03).jpg | File:Av. da Paz e antigo Palacete dos Machado, atual Museu Théo Brandão, RELU (04).jpg"
makassar,6,Makassar Great Mosque (Masjid Raya Makassar),images/landmarks/makassar-masjid-raya-makassar.webp,900x1200,0.75,strong,File:Masjid Raya Muhammadiyah Tanjung Sabar.JPG,4000x3000,1.333,"File:Masjid Agung Nurul Falah, Paser.jpg | File:Masjid Agung Al-Marhamah.jpg | File:Masjid Raya Bogor.JPG"
malabo,0,Santa Isabel Cathedral,images/landmarks/malabo-santa-isabel-cathedral.webp,1200x1600,0.75,good,File:Railjet im Unterinntal.JPG,4272x2848,1.5,File:Wels Hauptbahnhof Steg Automat.jpg | File:Malabo (16513094965).jpg | File:MSU 2014 Clocktower.jpg
madrid,9,Santiago Bernabeu Stadium,images/landmarks/madrid-santiago-bernabeu-stadium.webp,1200x1600,0.75,strong,File:Estadi Santiago Bernabéu OVP.JPG,3456x2304,1.5,File:Estadio Santiago Bernabeu - Field2.jpg | File:Estadio Santiago Bernabeu - Field.jpg | File:Estadio Santiago Bernabeu (53988637913).jpg
malacca,4,Baba and Nyonya Heritage Museum,images/landmarks/malacca-baba-nyonya-heritage-museum.webp,1200x1600,0.75,strong,File:Baba Nyonya Heritage Museum.JPG,1909x1432,1.333,File:Baba and Nyonya House Museum Exterior.jpg
makassar,9,La Galigo Museum,images/landmarks/makassar-la-galigo-museum.webp,1200x1600,0.75,good,File:Bangunan Benteng Fort Rotterdam 2026 08.jpg,6000x4000,1.5,File:BERAKI RAKIT KE SEKOLAH.jpg | File:Gedung Balai Grafika Makassar (Tampak Samping Kanan Atas) - panoramio.jpg | File:Clorodesmis festigiata.jpg
malang,4,Candi Singosari,images/landmarks/malang-candi-singosari.webp,1200x1600,0.75,strong,File:Candi Singosari 10 20251124.jpg,12000x9000,1.333,File:Candi Singosari Java 436.jpg | File:Candi Singosari Java 438.jpg | File:Candi Sumberawan 09 20251124.jpg
malacca,9,Maritime Museum (Flor de la Mar),images/landmarks/malacca-maritime-museum.webp,1200x1600,0.75,strong,File:Melaka Malaysia Flor-de-la-mar-01.jpg,3405x2475,1.376,File:Replica Museum portuguese ship 'Flor de La Mar'(25-10-07).JPG | File:Maritime Museum (27540457990).jpg | File:Maritime Museum (27784174556).jpg
manchester,9,National Football Museum (Urbis),images/landmarks/manchester-national-football-museum-urbis.webp,800x1067,0.75,strong,"File:The National Football Museum, Manchester (8024433567).jpg",4000x3000,1.333,"File:National Football Museum, Manchester (Ank Kumar) 01.jpg | File:National Football Museum Manchester 5671 (14200967302).jpg | File:National Football Museum, Manchester (7679122054).jpg"
malang,2,Kayutangan Heritage Street,images/landmarks/malang-kayutangan-heritage-street.webp,1200x1600,0.75,strong,File:01 270925 kampoeng heritage kayutangan.jpg,6000x4000,1.5,File:22 270925 Kampoeng Heritage Kayutangan.jpg | File:23 270925 Kampoeng Heritage Kayutangan.jpg | File:21 270925 Kampoeng Heritage Kayutangan.jpg
mandalay,9,Inwa (Ava) Ancient City,images/landmarks/mandalay-inwa-ava-ancient-city.webp,1200x1600,0.75,strong,"File:Inwa (Ava), Mandalay 31.jpg",2000x1420,1.408,"File:Bagaya Kyaung Monastery Burma 3.jpg | File:Inn Wa, Bagaya Kyaung, 19.jpg | File:Inn Wa, Bagaya Kyaung, 12.jpg"
malmo,0,Turning Torso,images/landmarks/malmo-turning-torso.webp,1200x1600,0.75,strong,File:19-07-12-Malmö-DJI 0765-Turning-Torso-RalfR.jpg,4048x3032,1.335,"File:Kogg och Färja, Malmö.jpg | File:Klas Anshelm 1974 Malmö konsthall 01.jpg | File:Klas Anshelm's Malmö Konsthall Exterior.jpg"
mar-del-plata,4,Catedral de los Santos Pedro y Cecilia,images/landmarks/mar-del-plata-catedral-de-los-santos-pedro-y-cecilia.webp,960x1280,0.75,good,File:PesebreCatedraldeMardelPlata.jpg,6000x4000,1.5,File:ErnestoGiobando-CatedralMardelPlata.jpg | File:PesebreCatedralMDP-2.jpg | File:PesebreCatedralMDP-3.jpg
manzhouli,9,41st Boundary Marker (Sino-Russian border stone),images/landmarks/manzhouli-41st-boundary-marker.webp,1200x1600,0.75,good,File:No. 41 Boundary Marker at China–Russia Border 2.jpg,4032x3024,1.333,File:满洲里 国门景区 03.jpg | File:满洲里 国门景区 02.jpg | File:满洲里 于国门景区望向俄方后贝加尔斯克站端口 02.jpg
marbella,6,Paseo Marítimo,images/landmarks/marbella-paseo-maritimo.webp,1200x1600,0.75,strong,File:® S.D. MALAGA - MARBELLA PASEO MARÍTIMO - panoramio (1).jpg,3872x2592,1.494,File:® S.D. MALAGA MARBELLA PASEO MARÍTIMO (FARO) - panoramio.jpg | File:® S.D. MALAGA MARBELLA PASEO MARÍTIMO (FARO) - panoramio (1).jpg | File:® S.D. MALAGA MARBELLA PASEO MARÍTIMO (FARO) - panoramio (4).jpg
marbella,3,Avenida del Mar,images/landmarks/marbella-avenida-del-mar.webp,1200x1600,0.75,good,File:Marbella (25989803004).jpg,4000x3000,1.333,
marbella,4,Iglesia Mayor de la Encarnación,images/landmarks/marbella-iglesia-mayor-de-la-encarnacion.webp,1200x1600,0.75,strong,File:Marbella - Iglesia de Nuestra Señora de la Encarnación 25.jpg,1600x1200,1.333,File:Spain Andalusia Marbella BW 2015-10-28 11-58-27.jpg
marbella,1,Plaza de los Naranjos,images/landmarks/marbella-plaza-de-los-naranjos.webp,1200x1600,0.75,good,File:Statue on the seafront (13868869104).jpg,3288x2162,1.521,
marbella,0,Casco Antiguo (Old Town),images/landmarks/marbella-casco-antiguo-old-town.webp,1200x1600,0.75,good,File:Marbella Old Town.jpg,6000x4000,1.5,File:Plaza De Los Naranjos (12162841825).jpg | File:Marbella 2015 10 20 1765 (24112298594).jpg | File:Marbella 2015 10 20 1792 (24622828162).jpg
mardin,3,Kasımiye Medrese,images/landmarks/mardin-kasimiye-medrese.webp,1200x1600,0.75,strong,File:Mardin Kasımiye Medresesi-Ömer Gemici.jpg,3543x2350,1.508,File:Ince Minareli Medrese 01.jpg | File:Medrese Barakhan 13-42.JPG | File:Mardin (19).jpg
marbella,5,Parque de la Alameda,images/landmarks/marbella-parque-de-la-alameda.webp,1200x1600,0.75,strong,File:Bench in Parque de Alameda.JPG,3200x2400,1.333,File:Parque de la Alameda in Marbella.jpg | File:Marbella - Parque de la Alameda 04.jpg | File:Marbella - Parque de la Alameda 06.jpg
marrakech,5,Medina of Marrakesh (Souks),images/landmarks/marrakech-medina-souks.webp,1200x1600,0.75,strong,"File:Artisan coloring a lamp, Medina Marrakesh (Morocco).jpg",5070x3708,1.367,File:03 Marrakech Medina Afrique Paysage.jpg | File:Cooking kitchen in Marrakesh Rue de la Kasbah.jpg | File:2010-06-18 Marrakesch - In den Souks - panoramio.jpg
mashhad,7,Gonbad-e Sabz (Green Dome),images/landmarks/mashhad-gonbad-e-sabz-green-dome.webp,1200x1600,0.75,strong,File:Green Dome - Mashhad - 03.jpg,4032x3024,1.333,File:نمای کنبد سبز.jpg | File:نوع معماری کنبد سبز.jpg | File:دیوار جانبی کنبد سبز.jpg
marseille,3,Le Panier,images/landmarks/marseille-le-panier.webp,1200x1600,0.75,strong,"File:Marseille (France), walls with eight silhouettes in quarter of Le Panier.JPG",4288x2848,1.506,File:Marseille Panier Movie Theater.jpg | File:Marseille Panier Drying Laundry.jpg | File:Invader space invader mosaic Le Panier Marseille 2026.JPG
mazatlan,4,Catedral Basílica de la Inmaculada Concepción,images/landmarks/mazatlan-catedral-basilica.webp,1200x1600,0.75,strong,"File:Catedral Basilica de la Inmaculada Concepción (Mazatlán) Estado de Sinaloa, México.jpg",1672x1126,1.485,"File:Catedral Basilica de la Inmaculada Concepción (Mazatlán) Estado de Sinaloa,México. - 5603765612.jpg | File:Catedral Basilica de la Inmaculada Concepción (Mazatlán) Estado de Sinaloa,México. - 5603765874.jpg | File:Catedral de Mazatlán - panoramio.jpg"
mashhad,5,Central Museum of Astan Quds Razavi,images/landmarks/mashhad-central-museum-of-astan-quds-razavi.webp,1200x1599,0.75,strong,"File:Carved Stone Inscription, Collections of Astan Quds Razavi Museum (1).jpg",9248x6936,1.333,"File:Steel Window, 795 AH, Collections of Astan Quds Razavi Museum (09).jpg | File:Steel Window, 795 AH, Collections of Astan Quds Razavi Museum (10).jpg | File:Steel Window, 795 AH, Collections of Astan Quds Razavi Museum (11).jpg"
marrakech,4,Saadian Tombs,images/landmarks/marrakech-saadian-tombs.webp,1200x1600,0.75,strong,"File:Saadian Tombs, Marrakech, Morocco, 2018.jpg",5456x3632,1.502,File:Saadian Tombs(js)3.jpg | File:The Saadian Tombs V (49914080816).jpg | File:The Saadian Tombs II (49913537361).jpg
mbabane,4,Mantenga Cultural Village,images/landmarks/mbabane-mantenga-cultural-village.webp,1200x1600,0.75,strong,File:Mantenga Cultural Village (7045460659) (3).jpg,4608x3456,1.333,File:Mantenga Cultural Village (7045433775) (3).jpg | File:Mantenga Cultural Village (6899343892) (4).jpg | File:Mantenga Cultural Village (7045498221) (6).jpg
medellin,5,Palacio de la Cultura Rafael Uribe Uribe,images/landmarks/medellin-palacio-de-la-cultura-rafael-uribe-uribe.webp,1200x1600,0.75,strong,File:Cúpula del Palacio de la Cultura Rafael Uribe Uribe.JPG,4608x3456,1.333,File:Palacio de la Cultura Rafael Uribe Uribe desde el Museo de Antioquia.JPG | File:Terraza del Palacio de la Cultura Rafael Uribe Uribe.JPG | File:Palacio de la Cultura Rafael Uribe Uribe 3.JPG
memphis,8,Big River Crossing,images/landmarks/memphis-big-river-crossing.webp,1200x1600,0.75,strong,File:Big River Crossing 02.jpg,2048x1536,1.333,"File:Big River Crossing 01.jpg | File:Frayser Blvd Overton Crossing 2025-06-28.jpg | File:Church of the Holy Communion, Memphis 05.jpg"
mendoza,1,Cerro de la Gloria,images/landmarks/mendoza-cerro-de-la-gloria.webp,1200x1600,0.75,strong,File:Monumento al Ejercito de Los Andes en el cerro la gloria.jpg,5184x3456,1.5,File:Mendoza - Cerro de la Gloria (14061941976).jpg | File:Mendoza - Cerro de la Gloria (13898446117).jpg | File:Monumento en el Cerro de la Gloria.JPG
memphis,9,Shelby Farms Park,images/landmarks/memphis-shelby-farms-park.webp,1200x1600,0.75,good,File:Memphis International Airport Departures Level.jpg,6240x4160,1.5,File:GoApeZipline.jpg | File:East High School Memphis TN Former Annex.jpg | File:The Evergreen Theatre.jpg
merida,0,Plaza Grande,images/landmarks/merida-plaza-grande.webp,1200x1600,0.75,strong,"File:Merida, Yucatan, Mexico - Plaza Grande, 6 Marzo 2021 - 03.jpg",4032x3024,1.333,"File:Merida, Yucatan, Mexico - Plaza Grande, 6 Marzo 2021 - 02.jpg | File:Merida, Yucatan, Mexico Marzo 2021 - Plaza de Tiendas.jpg | File:Merida, Yucatan, Mexico Marzo 2021 - Casa Grande.jpg"
miami,8,Bayfront Park,images/landmarks/miami-bayfront-park.webp,1200x1600,0.75,strong,File:Hay Maze Bayfront Park Downtown Miami FL.jpg,3622x2564,1.413,"File:Hay Maze Bayfront Park Downtown Miami FL 2.jpg | File:Bayfront Park with Vizcayne in Background, Miami Florida, 30 September 2022.jpg | File:Bayfront Plaza 2020.jpg"
monterrey,1,Faro del Comercio,images/landmarks/monterrey-faro-del-comercio.webp,1200x1600,0.75,strong,File:Faro del Comercio - panoramio (4).jpg,4000x3000,1.333,File:Cerro de La Silla y Faro del Comercio desde el aire.jpg | File:La Catedral Metropolitana y el Faro de Comercio.JPG
morondava,0,Avenue of the Baobabs,images/landmarks/morondava-avenue-of-the-baobabs.webp,1200x1600,0.75,strong,File:Walking the Avenue of the Baobabs.jpg,3888x2592,1.5,"File:"" Avenue of the Baobabs "" (Adansonia grandidieri) (9576865450).jpg | File:The Avenue of the Baobabs in Madagascar near the city of Morondava at sunrise (27).jpg | File:Baobabs Avenue Sunset 1.jpg"
nablus,1,Jacob's Well,images/landmarks/nablus-jacobs-well.webp,1200x1600,0.75,strong,"File:Black cat at Jacob's Well, Nablus 005 - Aug 2011.jpg",4256x2832,1.503,File:Side view Jacob's Well Monastery.jpg | File:Jacob's Well (5872737729).jpg | File:Jacob's Well (5872740279).jpg
morondava,5,Tsingy de Bemaraha National Park,images/landmarks/morondava-tsingy-de-bemaraha-national-park.webp,1200x1600,0.75,good,File:Muséum de Nantes - 168 - Quartz rose (Madagascar).jpg,4272x2848,1.5,File:Muséum de Nantes - 169 - Quartz rose (Madagascar).jpg | File:Muséum de Nantes - 170 - Quartz rose (Madagascar).jpg | File:Muséum de Nantes - 303 - Célestite (Madagascar).jpg
moshi,1,Materuni Waterfalls,images/landmarks/moshi-materuni-waterfalls.webp,1200x1600,0.75,strong,"File:Materuni Kilimanjaro, muddy feet after a playful morning.jpg",2448x1632,1.5,"File:Aerial Photo of Himo, Tanzania.jpg | File:Clouds Over Mount Kilimanjaro (Unsplash).jpg | File:Amboseli National Park and Mt. Kilimanjaro.jpg"
n-djamena,0,Grande Mosquée (Mosquée Roi Fayçal),images/landmarks/ndjamena-grande-mosquee-roi-faycal.webp,1200x1600,0.75,good,File:Innondation dans une école de N'Djaména.jpg,5184x3456,1.5,File:Building of National Assembly DJAMENA.jpg | File:Culture Ennedi Est(Tchad).jpg | File:General Assembly building opposite Kempinski Hotel (14926937612).jpg
mysore,5,"Monolithic Nandi Statue, Chamundi Hill",images/landmarks/mysore-monolithic-nandi-statue-chamundi-hill.webp,1200x1600,0.75,good,"File:Colossal Bull at the Chamundeswari Temple, Mysuru, Karnataka, India (2018).jpg",4608x3141,1.467,"File:Colossal Bull at the Chamundeswari Temple, Mysuru, Karnataka, India 05.jpg | File:Chamundeshwari temple side view, mysore, india.JPG | File:Singe de Mysore.JPG"
nagasaki,3,Ōura Cathedral,images/landmarks/nagasaki-oura-cathedral.webp,1200x1599,0.75,strong,File:Oura Church in Tobu World Square.jpg,6000x4000,1.5,"File:Oura Church 20170222.jpg | File:Nhà thờ chính tòa Oura.jpg | File:Oura Catholic Church - Nagasaki,Japan.JPG"
najaf,3,Old City Souq (Grand Bazaar of Najaf),images/landmarks/najaf-old-city-souq.webp,1200x1600,0.75,good,File:Najaf 4.jpg,4128x3096,1.333,
naples,3,Teatro di San Carlo,images/landmarks/naples-teatro-di-san-carlo.webp,1200x1600,0.75,strong,"File:Teatro San Carlo, Naples.jpg",5938x3958,1.5,File:05 2023 Napoli ITA Teatro San Carlo dalla Galleria Umberto I - Antonio Niccolini Architettura Neoclassica - photo Paolo Villa FO231777 privacy correction with gimp.jpg | File:Teatro San Carlo da piazza Trieste e Trento.jpg | File:Teatro San Carlo (Naples).jpg
nakuru,1,Menengai Crater,images/landmarks/nakuru-menengai-crater.webp,1200x1600,0.75,strong,File:Menengai crater.jpg,4160x3120,1.333,File:Menengai Crater IMG 20190824 130421.jpg | File:Menengai Crater IMG 20190824 130430.jpg | File:Menengai Crater IMG 20190824 130426.jpg
naples,8,Cappella Sansevero,images/landmarks/naples-cappella-sansevero.webp,375x500,0.75,good,File:BozzettoCristoVelatoSanMartino.jpg,3920x2940,1.333,File:BozzettoCristoVelatoSanMartino (cropped).jpg | File:Veiled Christ LACMA 78.1.jpg
nara-shi,3,Kōfuku-ji Temple,images/landmarks/nara-shi-kofuku-ji-temple.webp,1200x1600,0.75,good,File:興福寺 - panoramio - くろふね (2).jpg,4752x3168,1.5,
nelson,7,Queens Gardens and Albion Square,images/landmarks/nelson-queens-gardens-and-albion-square.webp,1200x1600,0.75,good,File:Trask memorial gates Nelson 122.JPG,5472x3648,1.5,"File:Park u Nelsonu.jpg | File:Park u Nelsonu, Novi Zeland.jpg | File:Park u Nelsonu, Aotearoa.jpg"
nice,8,Hôtel Negresco,images/landmarks/nice-hotel-negresco.webp,1200x1600,0.75,strong,File:Ницца. Отель «Негреско» (Hôtel Negresco) - panoramio.jpg,5184x3456,1.5,File:Ницца. Отель «Негреско» (Hôtel Negresco) - panoramio (1).jpg | File:Hotel Le Negresco Nice.jpg | File:Nice Hôtel Negresco Extérieur 13.jpg
nashville,5,Tennessee State Capitol,images/landmarks/nashville-tennessee-state-capitol.webp,1200x1600,0.75,strong,File:2015 North Carolina State Capitol.JPG,4608x3456,1.333,"File:Arkansas State House of Representatives Old State Capitol Building Museum.jpg | File:Customs House Nashville Tennessee.jpg | File:2014-12-27 15 53 56 Front of the New Jersey State House on West State Street in Trenton, New Jersey.JPG"
niamey,3,Musée national Boubou-Hama,images/landmarks/niamey-musee-national-boubou-hama.webp,1200x1600,0.75,strong,File:Instruments de musique traditionnelle au Musée BOUBOU HAMA de Niamey.jpg,4608x3456,1.333,File:Musée national Boubou Hama au Niger.jpg | File:Boutique artisanale du Musée National Boubou-Hama de Niamey.jpg | File:Magasin d'exposition au niveau du Musée National Boubou Hama.jpg
oaxaca,3,Museo de las Culturas de Oaxaca,images/landmarks/oaxaca-museo-de-las-culturas.webp,1200x1600,0.75,strong,File:Museo de las Culturas de Oaxaca by ovedc 02.jpg,3552x2000,1.776,File:Museo de las Culturas de Oaxaca by ovedc 04.jpg | File:Museo de las Culturas de Oaxaca by ovedc 05.jpg | File:Museo de las Culturas de Oaxaca by ovedc 06.jpg
odessa,5,Odessa Catacombs,images/landmarks/odessa-catacombs.webp,1200x1600,0.75,strong,File:Catacombs of Odessa 12.jpg,4160x3120,1.333,File:Catacombs of Odessa 13.jpg | File:Odessa Catacombs. The main weapon of a thief is politeness ǃ.jpg | File:Odesa-Catacombs of Moldovanka-entrance hallway-1.jpg
oaxaca,1,Templo de Santo Domingo de Guzmán,images/landmarks/oaxaca-templo-santo-domingo.webp,1200x1600,0.75,strong,File:Exterior del Templo de Santo Domingo de Guzmán.JPG,4752x3168,1.5,"File:Fachada del Templo de Santo Domingo de Guzmán, Oaxaca, Oax. (1).JPG | File:Fachada del Templo de Santo Domingo de Guzmán, Oaxaca, Oax. (2).JPG | File:Atardecer, Templo de Santo Domingo de Guzmán, Oaxaca.jpg"
oran,7,Sidi El Houari Quarter,images/landmarks/oran-sidi-el-houari.webp,1200x1600,0.75,good,File:PSX 20180925 213855.jpg,5184x3456,1.5,File:PSX 20180925 211505.jpg | File:Bacha mosqué oran.jpg | File:Bey Mohamed Ben Othman El-Kébir Mosque.jpg
osogbo,6,Mbari Mbayo Gallery,images/landmarks/osogbo-mbari-mbayo-gallery.webp,1200x1600,0.75,good,File:Arugba’s Procession.jpg,4898x3265,1.5,File:OSUN OSOGBO MONUMEN BUILDING.jpg | File:Osun-Osogbo Sacred shrine 02.jpg | File:Osun-Osogbo Sacred shrine 03.jpg
olomouc,0,Holy Trinity Column,images/landmarks/olomouc-holy-trinity-column.webp,768x1024,0.75,strong,"File:Olomouc - Riegrova - View SE on Horní náměstí, Baroque Holy Trinity Column 1754 & Town Hall 1607.jpg",5814x3876,1.5,File:Historical postcard with the Holy Trinity Column and the Town Hall in Olomouc.jpg | File:Holy Trinity Column - Assumption of Mary.jpg | File:Holy Trinity Column - Love.jpg
otaru,2,Otaru Music Box Museum & Steam Clock,images/landmarks/otaru-otaru-music-box-museum-steam-clock.webp,1200x1600,0.75,good,File:Wimbledon village clock tower.jpg,4288x2848,1.506,File:Graz clock tower1.jpg | File:Digital clock 7.00 AM.jpg | File:Dom zu St Jakob (IMG 1793).jpg
osogbo,9,Erin-Ijesha Waterfalls (Olumirin),images/landmarks/osogbo-erin-ijesha-waterfalls.webp,1200x1600,0.75,strong,File:Erin-Ijesha Waterfalls 03.jpg,4096x2304,1.778,File:Erin-Ijesha Waterfalls 09.jpg | File:Erin-ijesa-waterfalls-also-known-as-Olumirin-waterfalls.jpg | File:Erin-ijesha-water-fall.jpg
naha,5,Tsuboya Pottery District,images/landmarks/naha-tsuboya-pottery-district.webp,1200x1600,0.75,strong,File:JP 沖繩 Okinawa 那霸 Naha Tsuboya Pottery Store n sculptures art February 2026 N13P 01.jpg,4080x3060,1.333,File:JP 沖繩 Okinawa 那霸 Naha Tsuboya Pottery Store n sculptures art February 2026 N13P 02.jpg | File:JP 沖繩 Okinawa 那霸 Naha 壺屋燒物博物館 Tsuboya Pottery Museum art exhibition hall February 2026 N13P 01.jpg | File:JP 沖繩 Okinawa 那霸 Naha 壺屋燒物博物館 Tsuboya Pottery Museum February 2026 N13P 200.jpg
padang,6,Pantai Padang (Taplau),images/landmarks/padang-pantai-padang-taplau.webp,1200x1600,0.75,strong,File:Pantai Puruih Padang-11.jpg,4898x3265,1.5,File:Pantai Puruih Padang-12.jpg | File:Pantai Puruih Padang-13.jpg | File:Pantai Puruih Padang-15.jpg
padang,4,Pantai Air Manis & Malin Kundang Stone,images/landmarks/padang-pantai-air-manis-malin-kundang.webp,1200x1600,0.75,strong,"File:Batu Malin Kundang, Air Manis Beach, Padang 2017-02-14 01.jpg",3854x2592,1.487,"File:Batu Malin Kundang, Air Manis Beach, Padang 2017-02-14 02.jpg | File:Malin Kundang stone 02.jpg | File:Malin Kundang stone 03.jpg"
ouagadougou,0,Grande Mosquée de Ouagadougou,images/landmarks/ouagadougou-grande-mosquee.webp,1200x1600,0.75,good,File:Lounge bar in ouagadougou.jpg,4235x2848,1.487,File:Siege ONEA Ouagadougou.jpg | File:Hotel de ville Ouagadougou.jpg | File:Rood Woko Ouagadougou 2013.jpg
panglao,2,Hinagdanan Cave,images/landmarks/panglao-hinagdanan-cave.webp,1200x1600,0.75,weak,File:Hinagdanancave.jpg,1600x1200,1.333,
pamplona,6,Casa Consistorial (City Hall),images/landmarks/pamplona-casa-consistorial.webp,1200x1600,0.75,good,"File:Plaça consistorial, Pamplona.JPG",4608x3072,1.5,"File:Udaletxe plaza, plaça consistorial de Pamplona.JPG | File:Plaza Consistorial 3, Pamplona.jpg | File:Casa-palacio de la Concepción02.jpg"
ottawa,6,"National War Memorial, Confederation Square",images/landmarks/ottawa-national-war-memorial.webp,1200x1600,0.75,strong,File:National War Memorial August 2012.jpg,4509x3006,1.5,File:National War Memorial - Ottawa (26427955777).jpg | File:National War Memorial.JPG | File:Ottawa War Memorial - 01.jpg
perpignan,6,Casa Xanxo,images/landmarks/perpignan-casa-xanxo.webp,1200x1600,0.75,strong,File:Perpinyà - Fris casa Xanxo.jpg,3008x2000,1.504,"File:CASA XANXO - PMP60106bis15x20.jpg | File:Casa de Bernat Xanxo, vestíbul.jpg | File:Casa de Bernat Xanxo, cap del propietari.jpg"
paramaribo,9,Arya Dewaker Hindu Temple,images/landmarks/paramaribo-arya-dewaker-temple.webp,1200x1600,0.75,strong,File:Paramaribo stad Arya Dewaker Mandir.jpg,4032x2268,1.778,File:Arya Dewaker temple Paramaribo.JPG | File:Arya Dewaker temple Paramaribo 4.JPG | File:Arya Dewaker temple Paramaribo 5.JPG
petropolis,6,Avenida Koeler,images/landmarks/petropolis-avenida-koeler.webp,1200x1600,0.75,strong,File:Vista da Avenida Koeler e Catedral de São Pedro de Alcântara.jpg,8064x4536,1.778,"File:AVENIDA KOELER CATEDRAL PETROPOLIS, MANHÃ.jpg | File:AVENIDA KOELER CATEDRAL PETROPOLIS, NOITE.jpg | File:Avenida e paisagem.jpg"
petropolis,4,Casa de Santos Dumont,images/landmarks/petropolis-casa-de-santos-dumont.webp,1200x1600,0.75,strong,File:0000 Casa de Santos Dumont.JPG,4288x3216,1.333,File:Placa Casa Santos-Dumont.jpg | File:Vista da casa de Alberto Santos Dumont.jpg | File:Vista da casa de Alberto Santos Dumont a partir da rua.jpg
pecs,9,Misina TV Tower,images/landmarks/pecs-misina-tv-tower.webp,1200x1600,0.75,good,"File:Bastion, Kálváriastrasse, 2022 Pécs.jpg",2272x1512,1.503,"File:Bischofspalast, Ostfassade, 2022 Pécs.jpg | File:Alkotmánystrasse 2, 2022 Pécs.jpg | File:'Kórház tér' Haltestelle, Gebäude, 2022 Pécs.jpg"
perugia,9,Corso Vannucci,images/landmarks/perugia-corso-vannucci.webp,1200x1600,0.75,strong,File:20180412 IJF Perugia Corso Vannucci.jpg,4608x3456,1.333,"File:IMG 0699 - Perugia - Corso Vannucci - Foto G. Dall'Orto - 5 ago 2006 - 02.jpg | File:Corso-Perugia.jpg | File:Perugia, palazzo dei Priori (33).jpg"
perugia,7,Basilica di San Pietro,images/landmarks/perugia-basilica-di-san-pietro.webp,1200x1600,0.75,strong,File:Perugia - Basilica di San Pietro - 001.JPG,3648x2736,1.333,File:Perugia - Basilica di San Pietro - 005.JPG | File:Perugia - Basilica di San Pietro - 009.JPG | File:Perugia - Basilica di San Pietro - 010.JPG
phoenix,5,Wrigley Mansion,images/landmarks/phoenix-wrigley-mansion.webp,1200x1600,0.75,strong,File:View from Wrigley Mansion.jpg,5472x3648,1.5,File:Wrigley Mansion-1.jpg | File:Wrigley Mansion-2.jpg | File:Phoenix-Wrigley Mansion-1929-1.JPG
perpignan,8,Hôtel Pams,images/landmarks/perpignan-hotel-pams.webp,1200x1600,0.75,strong,"File:Casa Pams, detall de la façana.jpg",2272x1704,1.333,"File:Casa Pams, pati.jpg | File:Casa Pams, façana.jpg | File:Ancienne Université de Perpignan3.jpg"
port-elizabeth,1,Route 67,images/landmarks/port-elizabeth-route-67.webp,960x1280,0.75,good,File:Route67 3 copy.JPG,4256x2832,1.503,File:Route67 1 copy.JPG | File:Route67969 copy.JPG | File:Route67998 copy.JPG
pilsen,7,Patton Memorial Pilsen,images/landmarks/pilsen-patton-memorial.webp,400x533,0.75,strong,File:Plzeň - Klatovská třída - Americká třída - View East on Memorial for the Liberation of Pilsen by the American Army & General Patton 1995.jpg,6024x4016,1.5,File:Secretary Pompeo Visits the Patton Museum (50215290688).jpg | File:Secretary Pompeo Visits the Patton Museum (50215290833).jpg | File:Secretary Pompeo Visits the Patton Museum (50216174047).jpg
porto-novo,4,Place Jean Bayol and King Toffa Statue,images/landmarks/porto-novo-place-jean-bayol.webp,1200x1600,0.75,good,File:Une vue du roi Toffa en statue.jpg,5184x3888,1.333,File:Toffa 1er en statue.jpg | File:La place Toffa.jpg | File:Statue Toffa 1er Roi de Hogbonou et Porto-Novo. au Bénin (1874 et 1908).jpg
pokhara,5,Davis Falls (Devi's Fall),images/landmarks/pokhara-davis-falls-devis-fall.webp,1200x1600,0.75,strong,"File:Davis Fall, Nepal-WLV-1746.jpg",5184x3456,1.5,"File:Davis Fall, Nepal-WLV-1749.jpg | File:Davis Fall, Nepal-WLV-1768.jpg | File:Davis Fall, Nepal-WLV-1772.jpg"
positano,3,Via dei Mulini,images/landmarks/positano-via-dei-mulini.webp,1200x1600,0.75,strong,File:Fortilizio dei Mulini 6.JPG,4289x2848,1.506,File:Fortilizio dei Mulini.JPG | File:Fortilizio dei Mulini 1.JPG | File:Fortilizio dei Mulini 2.jpg
port-au-prince,5,Musée du Panthéon National Haïtien (MUPANAH),images/landmarks/port-au-prince-mupanah.webp,1200x1600,0.75,good,"File:Combats entre les troupes napoléoniennes et les esclaves révoltés de la colonie de Saint-Domingue, bataille du Gros-Morne, août 1802.jpg",5874x3951,1.487,File:Troupes étrangères au service de la France 1802-1815 - Notes et aquarelles par E. Fort - btv1b100265884 (34 of 47).jpg | File:Révolte des esclaves contre les armées envoyées par Napoléon Bonaparte lors de l'expédition de Saint-Domingue entre 1801 et 1803. Gravure du XIXe siècle.jpg | File:Haitian Revolution.png
portland,5,Multnomah Falls,images/landmarks/portland-multnomah-falls.webp,1200x1600,0.75,strong,File:Fallen trees across river above Multnomah Falls.JPG,4272x2848,1.5,File:Multnomah Falls (19741462372).jpg | File:Multnomah Falls Area (5769489354) (2).jpg | File:Multnomah Falls (5769481516) (2).jpg
porto,4,Clérigos Tower,images/landmarks/porto-clerigos-tower.webp,480x640,0.75,strong,File:Torre dos Clérigos vista da estrada.jpg,5184x3456,1.5,File:Igreja e Torre dos Clérigos.jpg | File:Vitoria-Igreja e Torre dos Clérigos (1).jpg | File:Clerigos igreja.jpg
potosi,3,Torre de la Compania de Jesus,images/landmarks/potosi-torre-compania-jesus.webp,720x960,0.75,strong,File:720 torre de la compania.JPG,1600x1200,1.333,File:Torre de la companhia.jpg
poznan,1,Town Hall and the Fighting Goats,images/landmarks/poznan-town-hall.webp,1200x1599,0.75,good,File:2016-05 Poznań (36).jpg,2680x1786,1.501,File:Poznan 34 koziolki.jpg
porto-novo,7,Centre Songhai,images/landmarks/porto-novo-centre-songhai.webp,1200x1600,0.75,strong,File:Songhai farm (crop growing).jpg,4160x3120,1.333,File:Pont sur la Koumagou en saison sèche (2).jpg | File:Pont sur la Koumagou en saison sèche (1).jpg | File:Koumagou-Moutons bicolores (5).jpg
puducherry,1,Sri Aurobindo Ashram,images/landmarks/puducherry-sri-aurobindo-ashram.webp,1200x1600,0.75,strong,"File:Sri Aurobindo Ashram Puducherry, Pondicherry 2K22TNKAN (3).jpg",4032x3024,1.333,"File:Sri Aurobindo Ashram Puducherry, Pondicherry 2K22TNKAN (4).jpg | File:Sri Aurobindo Ashram Puducherry, Pondicherry 2K22TNKAN (5).jpg | File:Sri Aurobindo Ashram Puducherry, Pondicherry 2K22TNKAN (6).jpg"
puducherry,4,Auroville and the Matrimandir,images/landmarks/puducherry-auroville-matrimandir.webp,1200x1600,0.75,strong,File:Auroville - Matrimandir.jpg,4608x3072,1.5,File:Auroville-Matrimandir-WUS02141.jpg | File:Auroville-Matrimandir-WUS02142.jpg | File:Auroville-Matrimandir-WUS02158.jpg
puerto-vallarta,3,Playa Los Muertos and Pier,images/landmarks/vallarta-playa-los-muertos.webp,1200x1600,0.75,strong,File:Playa Los Muertos Pier 4.jpg,4000x3000,1.333,"File:Playa de los Muertos Octubre 2022.png | File:Muelle de la Playa de los Muertos al atardecer, Puerto Vallarta.jpg | File:Muelle Puerto Vallarta.jpg"
poznan,2,Ostrow Tumski (Cathedral Island),images/landmarks/poznan-ostrow-tumski.webp,1200x1600,0.75,strong,File:Poznan Ostrów Tumski.jpg,5760x3840,1.5,"File:Poznaň, Ostrów Tumski.jpg | File:Poznaň, Ostrów Tumski II.jpg | File:Poznaň, Ostrów Tumski, dům.jpg"
puerto-vallarta,7,Vallarta Botanical Garden,images/landmarks/vallarta-botanical-garden.webp,1200x1600,0.75,good,"File:Puerto Vallarta, Mexico (February 2024) - 001.jpg",4032x3024,1.333,"File:Puerto Vallarta, Mexico (February 2024) - 003.jpg | File:Puerto Vallarta, Mexico (February 2024) - 004.jpg | File:Puerto Vallarta, Mexico (February 2024) - 005.jpg"
pula,2,Temple of Augustus,images/landmarks/pula-temple-augustus.webp,1200x1600,0.75,strong,"File:Temple of Roma and Augustus, Pula (36316664213).jpg",4608x3072,1.5,"File:Temple of Augustus, Colonia Pietas Iulia Pola Pollentia Herculanea, Histria (10403912165).jpg | File:Temple of Augustus, Colonia Pietas Iulia Pola Pollentia Herculanea, Histria (10405441553).jpg | File:Temple of Augustus, Colonia Pietas Iulia Pola Pollentia Herculanea, Histria (10405252164).jpg"
puno,9,Arco Deustua,images/landmarks/puno-arco-deustua.webp,1200x1600,0.75,strong,File:Arco Deustua Puno.jpg,3264x2448,1.333,
qingdao,2,Badaguan Scenic Area,images/landmarks/qingdao-badaguan-scenic-area.webp,1200x1600,0.75,weak,File:20151212 Badaguan 01.jpg,1800x1200,1.5,File:尚庄遗址碑.jpg | File:明鲁王墓——鲁荒王墓.jpg | File:济南小广寒电影院旧址 2016-07-17.jpg
quito,0,Basílica del Voto Nacional,images/landmarks/quito-basilica-voto-nacional.webp,1200x1600,0.75,strong,File:Basílica del Voto Nacional - Michael Shade.jpg,4240x2832,1.497,File:Basílica del Voto Nacional - catwalk.jpeg | File:Basílica del Voto Nacional - Clock towers.jpeg | File:Basílica del Voto Nacional from El Panecillo.jpeg
rimini,4,Castel Sismondo,images/landmarks/rimini-castel-sismondo.webp,1200x1600,0.75,strong,"File:Castel Sismondo, Rimini.jpg",5846x3903,1.498,File:Castel Sismondo DSC 5705.jpg | File:Castel Sismondo DSC 5702.jpg | File:Rimini Castel Sismondo Esterno Lato Ovest 3.jpg
reims,4,Domaine Pommery,images/landmarks/reims-domaine-pommery.webp,1200x1600,0.75,strong,File:Reims Domaine Pommery 04.JPG,2560x1920,1.333,File:Reims Domaine Pommery 05.JPG | File:Reims Domaine Pommery 06.JPG | File:Reims Domaine Pommery 09.JPG
rio-de-janeiro,1,Sugarloaf Mountain,images/landmarks/rio-de-janeiro-sugarloaf-mountain.webp,1200x1600,0.75,good,File:At Rio de Janeiro 2019 522.jpg,5184x3456,1.5,File:At Rio de Janeiro 2019 523.jpg | File:At Rio de Janeiro 2019 527.jpg | File:At Rio de Janeiro 2019 529.jpg
rio-de-janeiro,7,Theatro Municipal,images/landmarks/rio-de-janeiro-theatro-municipal.webp,600x800,0.75,strong,File:Fachada do Theatro Municipal do Rio de Janeiro.JPG,4752x3168,1.5,File:Brasão da Prefeitura do Rio no alto do Theatro Municipal.JPG | File:Frente do Theatro Municipal do Rio de Janeiro.JPG | File:Fachada theatro municipal.jpg
rotterdam,4,Depot Boijmans Van Beuningen,images/landmarks/rotterdam-depot-boijmans-van-beuningen.webp,1200x1600,0.75,strong,File:Rotterdam Depot Boijmans Van Beuningen seen from the south.jpg,5844x3856,1.516,File:Schilderijopslag depot Boijmans.jpg | File:Rotterdam depot boijmans.jpg | File:Fundatie Collectiegebouw Boijmans 3D.jpg
sa-pa,9,Ta Phin Village,images/landmarks/sa-pa-ta-phin-village.webp,480x640,0.75,good,File:20180803-AMS-LSC-0318 (28954617297).jpg,5683x3789,1.5,"File:Blue eyes at Fanime 2013.jpg | File:Happy pink human in Auderghem, Belgium (DSCF2345).jpg | File:2022-09-02 FIL-Sommerrodel-Cup 2022 Ilmenau 1DX 2273 by Stepro.jpg"
saint-denis,2,Jardin de l'État,images/landmarks/saint-denis-reunion-jardin-de-l-etat.webp,1200x1600,0.75,strong,"File:Vue du Jardin de l'État, jardin botanique historique de Saint-Denis à l'île de la Réunion..jpg",4080x2296,1.777,"File:Vue du Jardin de l'État, jardin botanique historique de Saint-Denis à l'île de la Réunion. (59093).jpg | File:Vue du Jardin de l'État, jardin botanique historique de Saint-Denis à l'île de la Réunion. (11511).jpg | File:Vue du Jardin de l'État, jardin botanique historique de Saint-Denis à l'île de la Réunion. (81858).jpg"
saint-tropez,4,Église Notre-Dame de l'Assomption,images/landmarks/saint-tropez-eglise-notre-dame-de-l-assomption.webp,1200x1600,0.75,good,File:Saint-Tropez - Église.jpg,4288x2848,1.506,"File:Saint-Tropez - Église (2).jpg | File:Saint-Tropez - Église (3).jpg | File:Saint-Tropez - Vue générale, église, phare.jpg"
rome,6,Spanish Steps,images/landmarks/rome-spanish-steps.webp,1200x1600,0.75,strong,"File:Spanish Steps, Rome (Ank Kumar) 03.jpg",6000x4000,1.5,"File:Spanish Steps, Rome (Ank Kumar) 04.jpg | File:Spanish Steps, Rome (Ank Kumar) 05.jpg | File:Spanish Steps, Rome (Ank Kumar) 06.jpg"
saipan,9,Forbidden Island,images/landmarks/saipan-forbidden-island.webp,1200x1600,0.75,strong,File:Forbidden Island.jpg,8192x5464,1.499,"File:Forbidden Island Lookout, Saipan, Northern Mariana Islands, November 23, 2025.jpg | File:Line3762 - Flickr - NOAA Photo Library.jpg | File:Line3761 - Flickr - NOAA Photo Library.jpg"
saint-denis,4,Mosquée Noor-e-Islam,images/landmarks/saint-denis-reunion-mosquee-noor-e-islam.webp,1200x1600,0.75,good,File:La mosquée des Comoriens - panoramio.jpg,3264x2448,1.333,
salamanca,5,Convento de San Esteban,images/landmarks/salamanca-convento-de-san-esteban.webp,1200x1599,0.75,good,File:2015-10-10 Salamanca (3) (22010294340).jpg,3648x2736,1.333,File:Salamanca. Capilla de la Archicofradía del Rosario.jpg
salamanca,9,Huerto de Calixto y Melibea,images/landmarks/salamanca-huerto-de-calixto-y-melibea.webp,1200x1600,0.75,strong,File:Huerto de Calixto y Melibea (31745878692).jpg,4608x3072,1.5,File:Huerto de Calixto y Melibea (31893617815).jpg | File:Huerto de Calixto y Melibea (31520706020).jpg | File:Huerto de Calixto y Melibea (31777137641).jpg
salt-lake-city,5,Cathedral of the Madeleine,images/landmarks/salt-lake-city-cathedral-of-the-madeleine.webp,1200x1600,0.75,strong,File:Cathedral of the Madeleine - Salt Lake City 09.jpg,4400x3218,1.367,File:Cathedral of the Madeleine - Salt Lake City 13.jpg
salta,1,Catedral Basílica de Salta,images/landmarks/salta-catedral-basilica-de-salta.webp,600x800,0.75,strong,File:Catedral Basílica de Salta 01.jpg,4320x3240,1.333,File:Catedral Basílica de Salta 02.jpg | File:Catedral Basílica de Salta 03.jpg | File:Catedral Basílica de Salta y Santuario del Señor y la Virgen del Milagro.jpg
san-cristobal-de-las-casas,7,San Juan Chamula Church,images/landmarks/san-cristobal-de-las-casas-san-juan-chamula-church.webp,1200x1600,0.75,strong,File:Vía Crucis en San Juan Chamula.JPG,3872x2592,1.494,"File:Mexique, Chiapas, église indienne à San Juan Chamula (9999293073).jpg | File:Carnaval San Juan chamula, Plaza de San juan.jpg | File:TEMPLO DE SAN JUAN CHAMULA.jpg"
salta,4,Cerro San Bernardo & Teleférico,images/landmarks/salta-cerro-san-bernardo-teleferico.webp,1200x1600,0.75,strong,File:Cerro san bernardo 3.jpg,2048x1360,1.506,File:Cerro san bernardo 4.jpg | File:Cerro san bernardo 1.jpg | File:Cerro san bernardo 2.jpg
san-cristobal-de-las-casas,6,Andador Real de Guadalupe,images/landmarks/san-cristobal-de-las-casas-andador-real-de-guadalupe.webp,1200x1600,0.75,strong,"File:San Cristóbal de las Casas Straße ""Real de Guadalupe"".JPG",2048x1536,1.333,"File:ESCALINATA HACIA EL TEMPLO DE GUADALUPE.jpg | File:ASENCION HACIA LA IGLESIA DE GUADALUPE.jpg | File:San Cristobal de las Casas, Chiapas. 01.JPG"
salzburg,3,Getreidegasse,images/landmarks/salzburg-getreidegasse.webp,1200x1600,0.75,strong,File:Getreidegasse (50389975021).jpg,5006x3337,1.5,File:Getreidegasse (50390147187).jpg | File:Getreidegasse (50389276068).jpg | File:Salzburg - Altstadt - Getreidegasse 22 Café Mozart - 2019 07 26 - Schild 2b.jpg
san-marino,4,Palazzo Pubblico (Public Palace),images/landmarks/san-marino-palazzo-pubblico.webp,1200x1600,0.75,good,File:San Marino (city) - 2017 by-RaBoe 048.jpg,3666x2561,1.431,File:San Marino statua della libertà.jpg
santander,7,Mercado de la Esperanza,images/landmarks/santander-mercado-de-la-esperanza.webp,1200x1600,0.75,strong,File:Fachada mercado de la Esperanza.jpg,4000x3000,1.333,"File:Panoramica Mercado de la Esperanza.jpg | File:Mercado de la Esperanza, Santander 1.jpg | File:Mercado de la Esperanza, Santander 2.jpg"
sao-tome,1,Sé Cathedral (Nossa Senhora da Graça),images/landmarks/sao-tome-se-cathedral-nossa-senhora-da-graca.webp,1200x1600,0.75,strong,"File:Catedral Nossa Senhora das Graças aka Our Lady of Grace Cathedral, Belém 03.jpg",4608x2592,1.778,"File:Catedral Nossa Senhora das Graças aka Our Lady of Grace Cathedral, Belém 04.jpg | File:Catedral Nossa Senhora das Graças aka Our Lady of Grace Cathedral, Belém 01.jpg | File:Catedral Nossa Senhora das Graças aka Our Lady of Grace Cathedral, Belém 02.jpg"
santiago-de-cuba,5,Cuartel Moncada,images/landmarks/santiago-de-cuba-cuartel-moncada.webp,1200x1600,0.75,strong,File:60 aniversario del asalto al Cuartel Moncada (9375796900).jpg,5616x3744,1.5,File:60 aniversario del asalto al Cuartel Moncada (9373012327).jpg | File:60 aniversario del asalto al Cuartel Moncada (9375788996).jpg | File:60 aniversario del asalto al Cuartel Moncada (9375793736).jpg
sao-tome,6,Pico Cão Grande,images/landmarks/sao-tome-pico-cao-grande.webp,768x1024,0.75,strong,File:Japanese team on the way to Pico Cão Grande.jpg,5396x3598,1.5,File:Pico Cão Grande.jpg | File:Cão Grande et Cão Pequeno à São Tomé (3).jpg | File:Cão Grande et Cão Pequeno à São Tomé (1).jpg
shanghai,8,Xintiandi,images/landmarks/shanghai-xintiandi.webp,1200x1600,0.75,strong,File:Nancy's gallery in Xintiandi.jpg,3696x2448,1.51,File:2014.11.17.163009 Plaza Xintiandi Shanghai.jpg | File:2014.11.17.163022 Fountain Plaza Xintiandi Shanghai.jpg | File:2014.11.17.163104 Fountain Plaza Plaza Xintiandi Shanghai.jpg
scottsdale,6,Soleri Bridge and Plaza,images/landmarks/scottsdale-soleri-bridge-and-plaza.webp,1200x1600,0.75,good,"File:Architecture, Arizona State University Campus, Tempe, Arizona - panoramio (102).jpg",4858x3218,1.51,"File:Architecture, Arizona State University Campus, Tempe, Arizona - panoramio (104).jpg | File:Architecture, Arizona State University Campus, Tempe, Arizona - panoramio (106).jpg | File:Architecture, Arizona State University Campus, Tempe, Arizona - panoramio (108).jpg"
sergiyev-posad,5,Sergiev Posad State History and Art Museum-Reserve,images/landmarks/sergiyev-posad-history-and-art-museum-reserve.webp,850x1134,0.75,weak,File:Сергиево-Посадский музей-заповедник – Схема расположения зданий.jpg,1956x1137,1.72,
shangri-la,2,Guishan Park Giant Prayer Wheel,images/landmarks/shangri-la-guishan-park-prayer-wheel.webp,1200x1600,0.75,strong,File:Guishan Temple giant prayer wheel base 1.JPG,2048x1536,1.333,File:Guishan Temple giant prayer wheel 2.JPG | File:Guishan Temple giant prayer wheel swastika.JPG | File:Prayer Wheel at the Guishan Temple (21183660962).jpg
selcuk,2,Great Theatre of Ephesus,images/landmarks/selcuk-great-theatre-of-ephesus.webp,1200x1600,0.75,strong,File:Ephesus Great Theatre seats in 2011 3817.jpg,4256x2832,1.503,File:Ephesus Great Theatre theatre building view in 2011 3812.jpg | File:Ephesus Great Theatre theatre building view in 2011 3816.jpg | File:Ephesus Great Theatre theatre building view in 2011 3814.jpg
serekunda,7,Tanji Fish Market,images/landmarks/serekunda-tanji-fish-market.webp,1200x1600,0.75,strong,"File:Flickr - stringer bel - Fish market in Bakau, The Gambia.jpg",1722x1146,1.503,"File:Flickr - stringer bel - Fish market in Bakau, The Gambia (2).jpg | File:GambiaTanji036 (30439982733).jpg | File:GambiaTanji031 (30426242394).jpg"
shaoxing,1,Shen Garden (Shenyuan),images/landmarks/shaoxing-shen-garden.webp,1200x1600,0.75,strong,File:Shen Garden in Shaoxing 14 2024-03.jpg,6000x4000,1.5,File:Shaoxing Shen's Garden 绍兴沈园 - panoramio.jpg | File:CNZJ-575-032.jpg | File:20250717 Ming pond.jpg
sharjah,6,Heart of Sharjah,images/landmarks/sharjah-heart-of-sharjah.webp,1200x1600,0.75,strong,File:Courtyard at Heart of Sharjah (Fen Cafe).jpg,1772x1329,1.333,File:Sharjah - Nigh time pHOTO (11925055675).jpg | File:Gate of Sharjah Consultative Council - panoramio.jpg | File:Gate of Sharjah Unv بوابة جامعة الشارقة - panoramio.jpg
sigiriya,2,Mirror Wall,images/landmarks/sigiriya-mirror-wall.webp,1200x1600,0.75,strong,File:Sigiriya mirror wall 02.JPG,2592x1944,1.333,File:Sigiriya mirror wall 04.JPG | File:Sigiriya mirror wall 07.JPG | File:Sigiriya mirror wall 06.JPG
siddharthanagar,1,Ashoka Pillar,images/landmarks/siddharthanagar-ashoka-pillar.webp,1200x1600,0.75,strong,File:Ashoka pillar 1.jpg,6000x4000,1.5,"File:Maya Devi Temple and Ashoka Pillar, Lumbini, Rupandehi, Nepal.jpg | File:Ashoka pillar description.jpg | File:Ashoka pillar PARTIAL VIEW. JPG.jpg"
singapore,5,Sultan Mosque (Masjid Sultan),images/landmarks/singapore-sultan-mosque.webp,1200x1600,0.75,strong,File:Masjid Sultan (Sultan Mosque).jpg,5184x3456,1.5,"File:Masjid Sultan Mosque, Singapore (44103571112).jpg | File:Masjid Sultan Mosque, Arab Street Area, Singapore (30284121408).jpg | File:Masjid Sultan Mosque, Arab Street Area, Singapore (44102805452).jpg"
singapore,6,Sri Mariamman Temple,images/landmarks/singapore-sri-mariamman-temple.webp,1200x1600,0.75,strong,File:Singapore. Sri Mariamman. Gopuram. Nord East-2.JPG,5184x3456,1.5,File:Singapore. Sri Mariamman. Gopuram. Nord East-3.JPG | File:Gopuram of Sri Mariamman Temple Singapore 1.jpg | File:Singapore. Sri Mariamman. Gopuram. South East-5.JPG
siwa-oasis,5,Great Sand Sea,images/landmarks/siwa-oasis-great-sand-sea.webp,1200x1600,0.75,strong,"File:Sand dunes on the West bank of the Nile, North of Aswan Botanical Garden.jpg",6000x4000,1.5,File:Sand Waves.jpg | File:Great Sand Sea1.jpg | File:Great Sand Sea2.jpg
sochi,0,Sochi Arboretum (Dendrarium),images/landmarks/sochi-sochi-arboretum.webp,1200x1600,0.75,good,File:World Sochi 6.JPG,5184x3456,1.5,File:Magnolie in Sochi.JPG | File:Cercis chinensis Sochi.JPG | File:Sochi - The almond trees are blossoming.jpg
siwa-oasis,0,Shali Fortress,images/landmarks/siwa-oasis-shali-fortress.webp,1200x1600,0.75,good,File:01مزارع النخيل بسيوه.jpg,6505x4647,1.4,File:02معبد التنبؤات بواحة سيوه.jpg | File:03معبد التنبؤات بواحة سيوه.jpg | File:04مسجد آمون معبد التنبؤات بسيوه.jpg
sousse,9,Zaouia Zakkak,images/landmarks/sousse-zaouia-zakkak.webp,1200x1600,0.75,good,"File:Zouia Al Zouqaq, Sousse, 30 septembre 2013 (02).jpg",4081x2970,1.374,
siwa-oasis,6,Siwa Salt Lakes,images/landmarks/siwa-oasis-salt-lakes.webp,1200x1600,0.75,strong,"File:One of Siwa's salt lakes ""crystal lakes"".jpg",4608x3456,1.333,File:Nature retreat in Siwa Salt Lake.jpg | File:Salt Lake in Siwa.jpg | File:Agios Prokopios Άγιος Προκόπιος Naxos Νάξος 2020-08-10 salt lake dusk.jpg
sukhothai,9,Si Satchanalai Historical Park,images/landmarks/sukhothai-si-satchanalai-historical-park.webp,1200x1600,0.75,strong,"File:Bridge to Wat Phra Si Ratana Mahathat, Si Satchanalai Historical Park (47641909061).jpg",6000x4000,1.5,"File:Dead Scorpion, Si Satchanalai Historical Park (32699422427).jpg | File:Si Satchanalai Historical Park (47589133112).jpg | File:Si Satchanalai Historical Park (33764485758).jpg"
sofia,1,Church of St Sofia,images/landmarks/sofia-church-of-st-sofia.webp,1200x1600,0.75,strong,File:06198-Sofia (8268261593).jpg,3872x2592,1.494,"File:Alexander Nevski, Sofia, Александър Невски София.jpg | File:Air conditioner, Sofia (P1070790).jpg | File:Eastern European Editathon, Sofia ( 1070631).jpg"
srinagar,5,Jamia Masjid,images/landmarks/srinagar-jamia-masjid.webp,1200x1599,0.75,strong,File:Jamia Masjid Srinagar J&K 03.jpg,4240x2832,1.497,File:Jamia Masjid Srinagar J&K 01.jpg | File:Jamia Masjid Srinagar J&K 02.jpg | File:Jamia Masjid Srinagar J&K 04.jpg
suzhou,3,Suzhou Museum,images/landmarks/suzhou-suzhou-museum.webp,1200x1600,0.75,strong,File:Model of Suzhou Museum West.jpg,6000x4000,1.5,"File:Suzhou Museum, China (2015) - 01.JPG | File:Suzhou Museum, China (2015) - 03.JPG | File:Suzhou Museum, China (2015) - 02.JPG"
takamatsu,7,Setoshirube (Red Lighthouse),images/landmarks/takamatsu-setoshirube-red-lighthouse.webp,768x1024,0.75,good,File:070504 Tamamo breakwater Takamatsu Kagawa pref Japan01bs10.jpg,3750x2500,1.5,File:Takamatsu tamamo breakwater04s3872.jpg | File:Sunport-Takamatsu01s3200.jpg | File:高松港玉藻防波堤灯台 - panoramio.jpg
surabaya,5,Al Akbar Mosque,images/landmarks/surabaya-al-akbar-mosque.webp,1200x1599,0.75,strong,File:Masjid Nasional Al-Akbar Surabaya-3.jpg,3264x2448,1.333,File:Masjid Nasional Al-Akbar Surabaya-2.jpg | File:Masjid Nasional Al-Akbar Surabaya-1.jpg | File:Masjid Nasional Al-Akbar Surabaya-4.jpg
split,3,Riva Promenade,images/landmarks/split-riva-promenade.webp,1200x1600,0.75,strong,"File:Two pigeons on the Riva promenade, Split, Croatia (PPL1-Corrected) julesvernex2.jpg",6144x4123,1.49,File:Split's Riva.jpg | File:Split's Riva 01(js).jpg | File:Split-Riva-2.jpg
takamatsu,9,Kotohira-gu Shrine (Konpira-san),images/landmarks/takamatsu-kotohira-gu-shrine-konpira-san.webp,1200x1600,0.75,strong,"File:Konpira Shrine, Kagawa Prefecture; November 2019 (02).jpg",6000x4000,1.5,"File:Konpira Shrine, Kagawa Prefecture; November 2019 (04).jpg | File:Kotohira-gu shrine (52005829370).jpg | File:Kotohira-gu shrine (52005562144).jpg"
surabaya,8,Jalan Tunjungan,images/landmarks/surabaya-jalan-tunjungan.webp,1200x1600,0.75,strong,"File:Tunjungan, 2025 (01).jpg",3680x2455,1.499,"File:Tunjungan, 2025 (02).jpg | File:Mlaku-Mlaku Nang Tunjungan.jpg | File:Graha Tunjungan, 2025 (01).jpg"
tampa,9,Busch Gardens Tampa Bay,images/landmarks/tampa-busch-gardens-tampa-bay.webp,1200x1600,0.75,strong,File:Kumba at Busch Gardens Tampa Bay 5.jpg,3648x2736,1.333,File:Kumba at Busch Gardens Tampa Bay 3.jpg | File:Kumba at Busch Gardens Tampa.JPG | File:Spirals (3211311572).jpg
tallinn,8,Kiek in de Kök Tower,images/landmarks/tallinn-kiek-in-de-kok-tower.webp,1200x1600,0.75,strong,File:Exhibition Kiek in de Kök museum Tallinn Estonia.jpg,4928x3280,1.502,File:Kiek in de Kök - panoramio (1).jpg | File:Kiek in de Kök entrance.jpg | File:Kiek in de Kök and Neitsitorn (2014).jpg
tampere,2,Pyynikki Observation Tower,images/landmarks/tampere-pyynikki-observation-tower.webp,540x720,0.75,strong,File:Pyynikki observation tower doughnut cafe on 1st May 2016.jpg,3231x2429,1.33,File:Pyynikki seen from Näsinneula.jpg | File:Parque y Torre Pyynikki (Tampere) 02.jpg | File:Parque y Torre Pyynikki (Tampere) 03.jpg
taormina,8,Castelmola,images/landmarks/taormina-castelmola.webp,1200x1600,0.75,strong,"File:Castelmola, Messina, Sicily, Italy - panoramio.jpg",4896x2756,1.776,File:Taormina - Jan 2014 - 085.jpg
tampere,1,Tampere Cathedral,images/landmarks/tampere-tampere-cathedral.webp,1200x1600,0.75,strong,File:Tampere railway station from Hotel Torni Tampere.JPG,4608x3072,1.5,File:Scandic Tampere City from Hotel Torni Tampere.JPG | File:14-08-11-tampere-RalfR-24.jpg | File:Tampere - Rautatienkatu 14.jpg
taormina,4,Villa Comunale (Parco Duca di Cesarò),images/landmarks/taormina-villa-comunale-parco-duca-di-cesaro.webp,1200x1600,0.75,good,File:03 2015 Giardino di Boboli-viale-vasi-Santa Maria del Fiore-campanile Giotto-Cupola-Filippo Brunelleschi-Torre Arnolfo-PalazzoVecchio-Panorama (Firenze) Photo Paolo Villa FOTO9286.JPG,4928x3264,1.51,"File:0989 - Taormina - Villa Comunale - Foto G. DallOrto.jpg | File:Villa reale di marlia, siepi.JPG | File:Villa reale di marlia, giardino dei limoni 01.JPG"
tangier,1,Tangier Medina,images/landmarks/tangier-tangier-medina.webp,1200x1600,0.75,strong,File:At Medina of Tangier (22752338124).jpg,4748x3166,1.5,"File:Ancien Medina, Tangier, Morocco - panoramio.jpg | File:Ancien Medina, Tangier, Morocco - panoramio (4).jpg | File:Ancien Medina, Tangier, Morocco - panoramio (7).jpg"
tarragona,9,El Serrallo Fishing Quarter,images/landmarks/tarragona-el-serrallo-fishing-quarter.webp,1200x1600,0.75,good,File:Tarragona El Serrallo (52293895903).jpg,4465x2977,1.5,File:Tarragona El Serrallo (46245627834).jpg | File:Tarragona- El Serrallo - 51312246907.jpg | File:Tarragona- El Serrallo - 51313721594.jpg
tbilisi,3,Anchiskhati Basilica,images/landmarks/tbilisi-anchiskhati-basilica.webp,1200x1600,0.75,good,File:Carpets in Tbilisi.jpg,4272x2848,1.5,"File:FM Urmas Paet meets President of Georgia Mikheil Saakashvili. Tbilisi 7.09.2010.jpg | File:12 Purtseladze St., Tbilisi.jpg | File:Public School -51, Tbilisi.jpg"
toulon,4,Toulon Cathedral (Sainte-Marie-de-la-Seds),images/landmarks/toulon-toulon-cathedral.webp,1200x1600,0.75,strong,File:Cathédrale Notre-Dame Seds Toulon 3.jpg,5184x3456,1.5,File:Cathédrale Notre-Dame Seds Toulon 2.jpg | File:Cathédrale Notre-Dame Seds Toulon 5.jpg | File:Cathédrale Notre-Dame Seds Toulon 6.jpg
toulon,9,Place Puget and the Old Town Fountains,images/landmarks/toulon-place-puget.webp,1200x1600,0.75,good,File:Toulon - La Place du Mûrier.jpg,3919x2206,1.777,File:Place-Ledeaut.jpg | File:Giraud 12 - TOULON - La Place de l'Intendance.JPG | File:Fontaine Halle Grains Toulon 2.jpg
tours,2,Basilique Saint-Martin,images/landmarks/tours-basilique-saint-martin.webp,1200x1600,0.75,strong,File:Basilique Saint-Martin (Tours) (2).jpg,5472x3648,1.5,File:Basilique Saint-Martin de Tours 2022 02.jpg | File:Tours Basilique Saint-Martin Chor 4.jpg | File:Tours Basilique Saint-Martin Kuppel 2.jpg
tokyo,4,Tokyo Tower,images/landmarks/tokyo-tokyo-tower.webp,1200x1600,0.75,strong,"File:Tokyo Tower, Toilets.jpg",5760x3840,1.5,"File:Shinjuku Gyoen National Garden and NTT DoCoMo Yoyogi Building, Tokyo, Japan.jpg | File:Worm's-eye view of Tokyo Skytree with vertical symmetry impression, a sunny day, in Japan.jpg | File:Marunouchi Central Plaza with blue sky, Tokyo station and Shin-Marunouchi Building, panoramic view from JP Tower, Tokyo, Japan.jpg"
trinidad,3,Convento de San Francisco Bell Tower,images/landmarks/trinidad-convento-san-francisco.webp,1200x1600,0.75,strong,File:Iglesia y Convento de San Francisco - Trinidad - 02.jpg,3927x2618,1.5,File:Iglesia y Convento de San Francisco - Trinidad - 01.jpg | File:Convento de San Francisco depuis Piro Guinar.jpg | File:Trinidad - Convento de San Francisco de Asis.jpg
tripoli,6,Ottoman Clock Tower,images/landmarks/tripoli-ottoman-clock-tower.webp,1200x1600,0.75,good,File:ميدان الساعة طرابلس.jpg,5377x3585,1.5,File:Tripoli Street View - panoramio - Cüneyt Türksen.jpg | File:المدين القديمة - برج الساعة.jpg | File:برج الساعة، تذكار.jpg
tripoli,4,Ahmed Pasha Karamanli Mosque,images/landmarks/tripoli-ahmed-pasha-karamanli-mosque.webp,1200x1600,0.75,good,"File:Abdullah ibn Rawaha mosque, Massah.JPG",3648x2736,1.333,"File:Al Hassan wal Hussein mosque, Tobruk.JPG | File:Darghut Mosque Exterior Tripoli Libya.JPG | File:Gurgi Mosque Exterior Tripoli Libya.JPG"
timbuktu,5,René Caillié House,images/landmarks/timbuktu-rene-caillie-house.webp,240x320,0.75,strong,"File:ASC Leiden - van Achterberg Collection - 05 - 08 - La maison de René Caillié, explorateur français - Tombouctou, Mali - Novembre-décembre 1993.jpg",6756x4450,1.518,"File:ASC Leiden - van Achterberg Collection - 04 - 80 - La maison bien entretenue de René Cailliés - Tombouctou, Mali - Novembre-décembre 1993.jpg | File:Tombouctou-Maison de René Caillé (AOF).jpg"
tripoli,7,Naga Mosque (An-Naqah Mosque),images/landmarks/tripoli-naga-mosque.webp,1200x1600,0.75,strong,File:2 Tripoli En-Naga mosque (51791288947).jpg,2496x1664,1.5,"File:Abdullah ibn Rawaha mosque, Massah.JPG | File:Al Hassan wal Hussein mosque, Tobruk.JPG"
tripoli,8,Karamanli House Museum,images/landmarks/tripoli-karamanli-house-museum.webp,1200x1600,0.75,good,File:ARKADER 4 FINT.JPG,5472x3648,1.5,File:Beauty Boarding (05).JPG | File:Le Kaire (Cairo). Vue intérieure de l'une des cours de la maison d'Hasan Kâchef (NYPL b14212718-1268771).jpg | File:Le Kaire (Cairo). Vue intérieure de la maison d'Osmân Bey (NYPL b14212718-1268761).jpg
valparaiso,2,La Sebastiana (Pablo Neruda's House),images/landmarks/valparaiso-la-sebastiana.webp,1200x1600,0.75,strong,"File:Casa Museo La Sebastiana - Pablo Neruda, Valparaiso.jpg",4896x3672,1.333,File:La Sebastiana de Pablo Neruda.JPG | File:Neruda La Sebastiana 01.jpg | File:Neruda La Sebastiana 06.jpg
udaipur,5,Monsoon Palace (Sajjangarh),images/landmarks/udaipur-monsoon-palace.webp,1200x1600,0.75,strong,File:Sajjangarh- monsoon palace 02.jpg,4320x3240,1.333,File:Sajjangarh- monsoon palace 01.jpg | File:Sajjangarh- monsoon palace 06.jpg | File:Sajjangarh- monsoon palace 03.jpg
ushuaia,1,Beagle Channel and Les Éclaireurs Lighthouse,images/landmarks/ushuaia-beagle-channel-les-eclaireurs-lighthouse.webp,1200x1600,0.75,strong,"File:""Les Eclaireurs"" Lighthouse in the Beagle Channel (5525329294).jpg",5616x3744,1.5,"File:Faro Les Éclaireurs en Canal de Beagle.JPG | File:Faro Les Éclaireurs — Lighthouse at the End of the World..jpg | File:Faro Les Éclaireurs, Beagle Canal, Argentina.jpg"
utrecht,4,Museum Speelklok,images/landmarks/utrecht-museum-speelklok.webp,1200x1600,0.75,strong,File:Museum speelklok tot pierement (255) (8201652137).jpg,2960x1857,1.594,File:De Hamburgerbrug met de Oudegracht en de Domtoren in de Stad Utrecht.jpg | File:2012 Domtoren Utrecht.jpg | File:20150705 Tour onder de Dom-30.jpg
valletta,0,St. John's Co-Cathedral,images/landmarks/valletta-st-johns-co-cathedral.webp,1200x1600,0.75,good,"File:Church of Santa Marija, Mosta (Rotunda of Mosta) 07.jpg",4000x3000,1.333,"File:Church of Santa Marija, Mosta (Rotunda of Mosta) 14.jpg | File:Church of Santa Marija, Mosta (Rotunda of Mosta) 15.jpg | File:Church of Santa Marija, Mosta (Rotunda of Mosta) 41.jpg"
varanasi,9,Sankat Mochan Hanuman Temple,images/landmarks/varanasi-sankat-mochan-hanuman-temple.webp,1200x1600,0.75,strong,"File:Sankat Mochan temple entrance, Varanasi - IRCTC 2017.jpg",4608x3456,1.333,File:Sankat mochan temple lmp 2.jpg
vancouver,3,Vancouver Lookout,images/landmarks/vancouver-vancouver-lookout.webp,1200x1600,0.75,strong,File:Vancouver Lookout (43815013895).jpg,5160x3440,1.5,"File:Vancouver (BC, Canada), Stanley Park, The Port of Vancouver Lookout -- 2022 -- 2057.jpg | File:Vancouver Lookout @ Harbour Centre (6623483103).jpg | File:Vancouver Lookout @ Harbour Centre (6623196731).jpg"
valparaiso,7,Muelle Prat and the Harbour Boat Tours,images/landmarks/valparaiso-muelle-prat.webp,1200x1600,0.75,good,"File:Muelle Prat, Valparaíso 20200207 05.jpg",6000x4000,1.5,"File:Muelle Prat, Valparaíso 20201102 01.jpg | File:Muelle Prat, Valparaíso 20211003.jpg | File:Botes turísticos en el Muelle Prat de Valparaíso.JPG"
varanasi,5,"New Vishwanath Temple, Banaras Hindu University",images/landmarks/varanasi-new-vishwanath-temple-bhu.webp,1200x1600,0.75,strong,File:Woman outside New Vishwanath Temple - Banaras Hindu University - Varanasi - Uttar Pradesh - India - 02 (12519655464).jpg,3648x2736,1.333,File:Students outside Cafe - Banaras Hindu University - Varanasi - Uttar Pradesh - India (12519736044).jpg | File:Man with Bike - Banaras Hindu University - Varanasi - Uttar Pradesh - India (12519440965).jpg
verona,6,Torre dei Lamberti,images/landmarks/verona-torre-dei-lamberti.webp,1200x1600,0.75,strong,File:Alrededor de la Torre dei Lamberti 03.jpg,5184x3456,1.5,File:Alrededor de la Torre dei Lamberti 02.jpg | File:Alrededor de la Torre dei Lamberti 01.jpg | File:Alrededor de la Torre dei Lamberti 06.jpg
vilnius,4,Užupis,images/landmarks/vilnius-uzupis.webp,1200x1600,0.75,strong,"File:Uzupis, Vilnius, Lithuania (27019343633).jpg",4608x3072,1.5,"File:Uzupis, Vilnius, Lithuania (27019348693).jpg | File:Uzupis, Vilnius, Lithuania (27628505795).jpg | File:Uzupis, Vilnius, Lithuania (27628522045).jpg"
vilnius,6,Three Crosses Hill,images/landmarks/vilnius-three-crosses.webp,1200x1600,0.75,strong,File:357 vilnius Three Crosses Hill (28513689026).jpg,6000x4000,1.5,File:HILL OF THREE CROSSES VILLINUS LITHUANIA SEP 2013 (9851344253).jpg | File:Three Crosses Hill 01(js).jpg | File:266 vilnius Three Crosses Hill (16652630901).jpg
vina-del-mar,0,Reloj de Flores (Flower Clock),images/landmarks/vina-del-mar-flower-clock.webp,1200x1600,0.75,strong,"File:Reloj de flores, Viña del Mar 20200120 66.jpg",6000x4000,1.5,"File:Reloj de flores, Viña del Mar 20200120 67.jpg | File:Viña del Mar Reloj de Flores 2019.jpg | File:Wiki Tour - Reloj de Flores.JPG"
vladivostok,4,Tokarevsky Lighthouse,images/landmarks/vladivostok-tokarevsky-lighthouse.webp,1200x1599,0.75,strong,File:Tokarevskiy lighthouse (21902547329).jpg,3275x2183,1.5,File:Vladivostok Tokarev Lighthouse 2024-09 10.jpg | File:Tokarev Lighthouse by Vyacheslav Ovchinnikov.jpg | File:Маяк Токаревская кошка.jpg
vina-del-mar,3,Museo Fonck and the Easter Island Moai,images/landmarks/vina-del-mar-museo-fonck.webp,960x1280,0.75,good,"File:Museo Fonck, Viña del Mar 20230716.jpg",6000x4000,1.5,File:Ajuar y ceramica Aconcagua Museo Fonck 02.jpg | File:Carámica Aconcagua Museo Fonck 04.jpg | File:Carámica Aconcagua Museo Fonck 03.jpg
wellington,0,The Beehive (NZ Parliament Buildings),images/landmarks/wellington-the-beehive-nz-parliament-buildings.webp,1200x1600,0.75,good,"File:Wellington, Beehive, May 2015.jpg",5042x3293,1.531,"File:Wellington, Beehive, 2016-01-25-3.jpg | File:Wellington, Beehive, 2016-01-25-2.jpg | File:Beehive (5735248969).jpg"
windhoek,7,Zoo Park,images/landmarks/windhoek-zoo-park.webp,480x640,0.75,strong,"File:Zoo Park, Windhoek Mike Krüger 140410 1.jpg",9181x4891,1.877,File:Dorslandtrek-Monument.jpg | File:Onelungo Ponds 1.jpg | File:Okahao Baobab 1.jpg
vladivostok,5,S-56 Submarine Memorial Museum,images/landmarks/vladivostok-s56-submarine-museum.webp,1200x1600,0.75,good,File:С-56 торпедный аппарат № 4.JPG,4608x3456,1.333,
wroclaw,5,Wrocław's Dwarfs (Krasnale),images/landmarks/wroclaw-wroclaw-s-dwarfs-krasnale.webp,1200x1600,0.75,good,File:Dworzec Wrocław Główny nocą.jpg,6000x4000,1.5,"File:Mosty Warszawskie Wrocław 2020.jpg | File:FreeNow, Wroclaw (P1180339).jpg | File:CityBoats, Wroclaw (P1180317).jpg"
wroclaw,7,University of Wrocław & Aula Leopoldina,images/landmarks/wroclaw-university-of-wroclaw-and-aula-leopoldina.webp,1200x1600,0.75,strong,File:Uniwersytet Wrocławski – Aula Leopoldina The University of Wroclaw – Aula Leopoldina (32263655011).jpg,5477x3651,1.5,"File:Uniwersytet Wrocławski – Aula Leopoldina The University of Wroclaw – Aula Leopoldina (32006423730).jpg | File:Uniwersytet Wrocławski – Aula Leopoldina The University of Wroclaw – Aula Leopoldina (32233644812).jpg | File:Wrocław, Collegium Maximum, Aula Leopoldina (1).jpg"
willemstad,2,Mikvé Israel-Emanuel Synagogue,images/landmarks/willemstad-mikve-israel-emanuel-synagogue.webp,1200x1600,0.75,strong,File:Mikve Israel Synagoge - panoramio.jpg,5472x3648,1.5,File:Hanchi Snoa 29 ‘Mikvé Israël’.png
yangzhou,9,Wangshi Xiaoyuan (Wang Family Compound),images/landmarks/yangzhou-wangshi-xiaoyuan.webp,1200x1600,0.75,good,File:Wang's Residence944.jpg,6000x4000,1.5,File:Wang's Residence2615.jpg | File:春晖室0933.jpg | File:小苑春深0934.jpg
wurzburg,4,Marienkapelle,images/landmarks/wurzburg-marienkapelle.webp,1200x1600,0.75,strong,File:Marienkapelle - panoramio (18).jpg,5184x3456,1.5,"File:Figur auf der Turmspitze der Marienkapelle (Würzburg), Marienplatz 2, Marktplatz 7, Würzburg, 2024-09-07, yj.jpg | File:Die Marienkapelle auf dem Marktplatz in Würzburg. 08.jpg | File:2022 Marienkapelle 2.jpg"
yangshuo,6,Silver Cave (Yinzi Yan),images/landmarks/yangshuo-silver-cave.webp,1200x1600,0.75,strong,File:YinZiYan - 银子岩 - Silver Cave - 2.jpg,4608x3456,1.333,File:YinZiYan - 银子岩 - Silver Cave - 1 2.jpg | File:YinZiYan - 银子岩 - Silver Cave 02.jpg | File:YinZiYan - 银子岩 - Silver Cave 06.jpg
yokohama,6,Yokohama Marine Tower,images/landmarks/yokohama-marine-tower.webp,1200x1600,0.75,strong,File:Yokohama Marine Tower.jpg,3888x2592,1.5,File:Yokohama Marine Tower - from yamashita-park - jan3 - 2012.jpg | File:Yokohama Marine Tower from a distance - 2022 Sept 4 various 21 24 59 719000.jpeg | File:Yokohama Marine Tower 2022 - 02.jpg
yaounde,2,Reunification Monument,images/landmarks/yaounde-reunification-monument.webp,1200x1600,0.75,strong,File:Yaoundé vue du monument de la réunification.jpg,5760x3840,1.5,"File:Yaoundé du monument de la réunification 1.jpg | File:Monument Reunification 4.JPG | File:Reunification Monument. Pyongyang, North Korea. (2605082432).jpg"
yazd,9,Chak Chak (Pir-e Sabz),images/landmarks/yazd-chak-chak.webp,1200x1600,0.75,good,File:Chak Chak in Iran 04.jpg,4928x3264,1.51,File:Chak Chak in Iran 06.jpg | File:Chak Chak in Iran 07.jpg | File:Chak Chak in Iran 08.jpg
yerevan,5,Blue Mosque,images/landmarks/yerevan-blue-mosque.webp,1200x1600,0.75,strong,"File:Blue Mosque, Yerevan, 2022 06.jpg",4000x3000,1.333,"File:Blue Mosque, Yerevan, 2022 04.jpg | File:Blue Mosque, Yerevan, 2022 05.jpg | File:Yerevan Blue mosque entrance 2015.jpg"
york,2,York City Walls,images/landmarks/york-city-walls.webp,1200x1600,0.75,strong,"File:1259262 City Walls, Micklegate Bar, seen from the South York 20240521 0133 DxO.jpg",7641x5094,1.5,"File:1259262 City Walls, Micklegate Bar, seen from the South York 20240521 0134 DxO.jpg | File:Christmas lights on Micklegate Bar York.jpg | File:Christmas lights on Micklegate Bar York 01.jpg"
york,1,The Shambles,images/landmarks/york-the-shambles.webp,1200x1600,0.75,good,"File:Merchant Adventurers' Hall, York.jpg",3264x2448,1.333,
york,4,Jorvik Viking Centre,images/landmarks/york-jorvik-viking-centre.webp,1200x1600,0.75,good,File:2 and 4 Goodramgate York 01.jpg,4504x3378,1.333,File:24-36 High Petergate York Feb 2024.jpg | File:6 and 7 Tower Street York Feb 24.jpg | File:31 Castlegate York Feb 2024 03.jpg
san-salvador,2,Monumento al Divino Salvador del Mundo,images/landmarks/san-salvador-monumento-al-divino-salvador-del-mundo.webp,450x599,0.751,strong,File:Monumento al Divino Salvador del Mundo en El Salvador.jpg,4078x2719,1.5,File:Monumento a El Salvador del Mundo.JPG | File:Monumento El Salvador del Mundo.JPG | File:Monumento del Salvador Del Mundo (Patrono de San Salvador.) 2.jpg
guayaquil,9,Malecón del Salado,images/landmarks/guayaquil-malecon-del-salado.webp,1200x1595,0.752,strong,File:Jardines Malecón del Salado.jpg,4080x3072,1.328,File:Velas del Malecón del Salado.jpg | File:Vista panorámica del Malecón del Salado.jpg | File:Malecon del Salado.jpg
jakarta,1,Istiqlal Mosque,images/landmarks/jakarta-istiqlal-mosque.webp,1200x1595,0.752,strong,File:Secretary Kerry Bids Farewell to Female Students at Istiqlal Mosque (12555993344).jpg,2615x1736,1.506,"File:Secretary Kerry Applauded After Banging Gong at Istiqlal Mosque (12555507775).jpg | File:Collectie NMvWereldculturen, TM-20023592, Dia, 'Interieur van de Istiqlal moskee', fotograaf Paul Romijn, 02-1993 - 03-1993.jpg"
chamonix-mont-blanc,0,Aiguille du Midi,images/landmarks/chamonix-mont-blanc-aiguille-du-midi.webp,1200x1596,0.752,strong,"File:Mont Blanc du Tacul from Aiguille du Midi, Chamonix, Haute-Savoie.jpg",7728x5152,1.5,"File:Mont Maudit and Mont Blanc from Aiguille du Midi, Chamonix, Haute-Savoie.jpg | File:Aiguille Verte et Aiguille du Midi depuis le Col des Rognes.JPG | File:TER Z 800 train rides into Chamonix-Aiguille-du-Midi station, Chamonix-Mont-Blanc, 2025.jpg"
jinghong,1,Gaozhuang Xishuangjing Starlight Night Market,images/landmarks/jinghong-gaozhuang-night-market.webp,1200x1595,0.752,good,File:景洪 大金塔寺之全景 03.jpg,6000x4000,1.5,File:景洪 大金塔寺之全景 01.jpg | File:景洪 大金塔寺之全景 02.jpg | File:景洪 大金塔寺之细节 01.jpg
salamanca,8,Convento de las Dueñas,images/landmarks/salamanca-convento-de-las-duenas.webp,900x1197,0.752,strong,File:Salamanca Convento de las Dueñas 415.jpg,4896x3264,1.5,File:Salamanca Convento de las Dueñas 430.jpg | File:Salamanca Convento de las Dueñas 436.jpg | File:Salamanca Convento de las Dueñas 445.jpg
rabat,5,Medina of Rabat and Rue des Consuls,images/landmarks/rabat-medina-rue-des-consuls.webp,1200x1593,0.753,strong,File:Rabat Historic City Oudaya Chellah Medina 027.jpg,4032x3024,1.333,File:La médina de Rabat pendant le confinement.jpg | File:Faisceaux lumineux à la médina de Rabat.jpg | File:Shopping à la médina de Rabat.jpg
lijiang,2,Mu Family Mansion (Mufu Palace),images/landmarks/lijiang-mu-family-mansion.webp,1200x1593,0.753,good,"File:Mu Mansion, Dali.jpg",3648x2736,1.333,"File:Mu Mansion, Yunnan.jpg | File:Mu Mansion main courtyard 1.JPG | File:Mu Mansion entrance.JPG"
las-palmas-de-gran-canaria,7,Calle Mayor de Triana,images/landmarks/las-palmas-de-gran-canaria-calle-mayor-de-triana.webp,1200x1593,0.753,strong,File:Walking Along Calle Triana (202347711).jpeg,2048x1365,1.5,File:Photo house front side balcony Calle del Cementario No2 teror gran canaria spain 2015-12-25.jpg | File:Triana Major Street-Las Palmas de Gran Canaria00.jpg | File:Galdar calle.JPG
puerto-princesa,7,Iwahig River Firefly Watching,images/landmarks/princesa-iwahig-firefly.webp,1200x1593,0.753,good,File:Contemplating U River's Allure.jpg,5000x3333,1.5,File:The river flows on (9165586084).jpg | File:Kilbay River.jpg | File:Daguitan River & The NIA Irrigation Facility.jpg
regensburg,8,Schottenkirche St. Jakob,images/landmarks/regensburg-schottenkirche.webp,482x640,0.753,strong,File:Schottenkirche St. Jakob Regensburg Jakobstraße 3 D-3-62-000-596 05.jpg,4608x3456,1.333,File:Schottenkirche St. Jakob Regensburg Jakobstraße 3 D-3-62-000-596 08.jpg | File:Schottenkirche St. Jakob Regensburg Jakobstraße 3 D-3-62-000-596 10 Nordportal.jpg | File:Schottenkirche St. Jakob Regensburg Jakobstraße 3 D-3-62-000-596 11 Nordportal.jpg
taipei,5,Elephant Mountain (Xiangshan),images/landmarks/taipei-elephant-mountain-xiangshan.webp,1200x1593,0.753,strong,File:Taipei view from Xiangshan (Mount Elephant) 20240114 03.jpg,4000x2250,1.778,File:Observation deck at Xiangshan.jpg | File:Xiangshan 象山 - panoramio.jpg | File:象山 Xiangshan - panoramio (2).jpg
san-cristobal-de-las-casas,4,Cerrito de San Cristóbal,images/landmarks/san-cristobal-de-las-casas-cerrito-de-san-cristobal.webp,976x1296,0.753,strong,"File:Escaleras del Templo del Cerrillo o San Cristóbal, San Cristóbal de las Casas.jpg",6000x4000,1.5,"File:Calle Hermanos Domínguez y Templo de San Cristóbal, San Cristóbal de las Casas.jpg | File:Staiarway to Cerro de San Cristobal - San Cristobal de las Casas - Chiapas - Mexico.jpg | File:PARTE SUPERIOR DEL TEMPLO DE SAN CRISTOBAL, SCLC.jpg"
san-marino,0,Guaita Tower,images/landmarks/san-marino-guaita-tower.webp,1200x1593,0.753,strong,"File:Torre Guaita, San Marino, 2022-09-20, DD 33.jpg",8688x5792,1.5,"File:Torre Guaita, San Marino, 2022-09-20, DD 34-36 HDR.jpg | File:Torre Guaita, San Marino, 2022-09-20, DD 40.jpg | File:Torre Guaita, San Marino, 2022-09-20, DD 37.jpg"
tokyo,7,"Takeshita Street, Harajuku",images/landmarks/tokyo-takeshita-street.webp,1200x1593,0.753,strong,File:Mcdonalds Harajuku Takeshita Street 2016 (36129258661).jpg,5184x3456,1.5,File:Harajuku Takeshita Street snow 2016-01-18.jpg | File:Harajuku - Takeshita Street 03 (15554757687).jpg | File:Harajuku - Takeshita Street 04 (15739930755).jpg
wellington,5,Oriental Bay,images/landmarks/wellington-oriental-bay.webp,893x1186,0.753,strong,"File:Sam and John, Oriental Bay, Wellington, 3 July 2010 - Flickr - PhillipC.jpg",3959x2704,1.464,"File:Sam, Luci, John, Oriental Bay, Wellington, 3 July 2010 - Flickr - PhillipC.jpg | File:Lit up Norfolk pines at Oriental Bay at night.jpg | File:Oriental Bay, Wellington (21473321670).jpg"
legaspi,7,St. Gregory the Great Cathedral,images/landmarks/legaspi-st-gregory-cathedral.webp,1200x1591,0.754,strong,"File:St. Gregory Cathedral, Legazpi albay.jpg",3264x2448,1.333,"File:Saint Gregory the Great Cathedral.jpg | File:Saint Gregory the Great Cathedral Legazpi.jpg | File:St. Gregory the Great Cathedral, Legazpi City.jpg"
lusaka,4,Cairo Road,images/landmarks/lusaka-cairo-road.webp,1200x1591,0.754,strong,File:CAIRO ROAD.jpg,4160x3120,1.333,File:Cairo Road - Hauptstraße im Stadtzentrum.jpg | File:2010 Cairo Road Lusaka Zambia 4973669840.jpg | File:Lusaka Transport in OLD PICTURE - 2020.jpg
tozeur,4,Chak Wak Park,images/landmarks/tozeur-chak-wak-park.webp,1125x1491,0.755,strong,File:Parc Chak Wak Tozeur 02.jpg,4128x3096,1.333,File:Parc Chak Wak Tozeur 04.jpg | File:Parc Chak Wak Tozeur 06.jpg | File:Parc Chak Wak Tozeur 09.jpg
york,8,Merchant Adventurers' Hall,images/landmarks/york-merchant-adventurers-hall.webp,1200x1589,0.755,strong,File:Merchant Adventurers' Hall (5633244416).jpg,4557x3038,1.5,"File:Merchant Adventurers' Hall York 02.jpg | File:Merchant Adventurers Hall, York (1).jpg | File:Merchant Adventurers Hall, York (2).jpg"
zhoushan,3,Fanyin Cave,images/landmarks/zhoushan-fanyin-cave.webp,929x1230,0.755,good,"File:Putuo, Zhoushan, Zhejiang, China - panoramio (5).jpg",5122x3415,1.5,"File:Putuo, Zhoushan, Zhejiang, China - panoramio (12).jpg | File:Pu tuo shan.JPG | File:Putuoshan Heart Sutra 普陀山 心經.jpg"
nice,4,Nice Cathedral (Sainte-Réparate),images/landmarks/nice-nice-cathedral-sainte-reparate.webp,1200x1588,0.756,strong,File:Nice (06) Cathédrale Sainte-Réparate 798.jpg,4851x3234,1.5,"File:Nice (06) Cathédrale Sainte-Réparate Dôme 276.jpg | File:Vierge et angelots Cathédrale Sainte Réparate Nice, détail visage.jpg | File:Vierge et angelots Cathédrale Sainte Réparate Nice détail visage angelot 2.jpg"
bristol,6,Wills Memorial Building,images/landmarks/bristol-wills-memorial-building.webp,1200x1585,0.757,strong,File:Bristol 2023 - Wills Memorial Building - by-RaBoe 198.jpg,5569x3712,1.5,"File:Bristol 2023 - Wills Memorial Building - by-RaBoe 199.jpg | File:Wills Memorial Building, Bristol University (2316).jpg | File:Wills Memorial Building, Bristol University (2318).jpg"
bandung,5,Villa Isola,images/landmarks/bandung-villa-isola.webp,1200x1583,0.758,strong,"File:Villa Isola, jl. Setyabudi, tuintrap achterzijde - 20651434 - RCE.jpg",3702x2467,1.501,"File:Villa Isola, jl. Setyabudi, ingangspartij - 20651439 - RCE.jpg | File:Villa Isola, jl. Setyabudi, venster achterzijde - 20651436 - RCE.jpg | File:Villa Isola, jl. Setyabudi, achteraanzicht en trap vijver - 20651432 - RCE.jpg"
san-marino,5,Piazza della Libertà,images/landmarks/san-marino-piazza-della-liberta.webp,1200x1583,0.758,strong,File:Piazza della Liberta din San Marino.jpg,4000x3000,1.333,File:Piazza della Liberta din San Marino2.jpg | File:Piazza della Liberta din San Marino3.jpg | File:San Marino statua della libertà.jpg
toulouse,5,Hôtel d'Assézat,images/landmarks/toulouse-hotel-dassezat.webp,1200x1583,0.758,strong,File:Hôtel d'Assézat - panoramio.jpg,4752x3168,1.5,File:Hôtel d'Assézat - panoramio (1).jpg | File:Hôtel d'Assézat - panoramio (3).jpg | File:Salon de thé à l'hôtel d'Assézat - panoramio.jpg
milan,1,Galleria Vittorio Emanuele II,images/landmarks/milan-galleria-vittorio-emanuele-ii.webp,1200x1582,0.759,strong,File:Galleria Vittorio Emanuele II (Milan) 20150808.jpg,5184x3456,1.5,"File:Galleria Vittorio Emanuele II (45296169021).jpg | File:Galleria Vittorio Emanuele, Milano, Italy.jpg | File:Galleria Vittorio Emanuele II Notte.jpg"
abuja,3,National Christian Centre,images/landmarks/abuja-national-christian-centre.webp,719x945,0.761,good,File:Abuja Boys (18687704606).jpg,6000x4000,1.5,"File:Abuja Street Portrait (16780440418).jpg | File:A man frying fish at Jabi fish Market, Abuja.jpg | File:National Church of Nigeria in Abuja 06.jpg"
alice-springs,7,Standley Chasm (Angkerle Atwatye),images/landmarks/alice-springs-standley-chasm.webp,609x800,0.761,strong,"File:Standley Chasm, October 2025 03.jpg",4032x3024,1.333,"File:Standley Chasm, October 2025 02.jpg | File:Standley Chasm, October 2025 04.jpg | File:Standley Chasm, October 2025 06.jpg"
honolulu,2,USS Arizona Memorial,images/landmarks/honolulu-uss-arizona-memorial.webp,1200x1576,0.761,good,File:The World War Memorial (page 228 crop) The Story of a Southern School.jpg,2186x1358,1.61,"File:Hawaii - Big Island- UH 88-inch Telescope on Mauna Kea (14,000 ft) (6563825621).jpg | File:Shirley Chisholm State Park td (2019-07-14) 009 - Penn Park.jpg | File:Murphy Square stone.jpg"
glasgow,7,Equestrian Statue of the Duke of Wellington (with traffic cone),images/landmarks/glasgow-wellington-statue.webp,1200x1574,0.762,strong,"File:Gallery of Modern Art (GoMA) and Duke of Wellington Traffic Cone, Glasgow, Scotland 12281772004.jpg",4594x3063,1.5,"File:Equestrian statue of the Duke of Wellington, Glasgow in September 2022.jpg | File:GoMA, the Duke of Wellington, and Traffic Cones (12281772004).jpg | File:Duke of Wellington and Copenhagen - August 2023.jpg"
tampere,9,Tallipiha Stable Yards,images/landmarks/tampere-tallipiha-stable-yards.webp,1200x1575,0.762,good,File:Tampere - Tallipiha.jpg,5289x3537,1.495,File:Tampere - Tallipiha 2.jpg | File:Tallipiha cafe.jpg | File:Xeo Tallipiha 2.jpg
trier,1,Trier Cathedral (Dom St. Peter),images/landmarks/trier-trier-cathedral.webp,1200x1574,0.762,strong,File:Trier Dom St. Peter 01.JPG,3444x2586,1.332,"File:Trier Dom St. Peter 08.JPG | File:Trier Dom St. Peter 10.JPG | File:Trier, Blick von der Porta Nigra zum Dom St.Peter-2.jpg"
port-elizabeth,6,South End Museum,images/landmarks/port-elizabeth-south-end-museum.webp,780x1024,0.762,strong,File:South End Museum Humewood Road - Port Elizabeth-001.jpg,1840x1246,1.477,
chicago,7,Chicago Water Tower,images/landmarks/chicago-water-tower.webp,1200x1572,0.763,strong,File:Carriage on Michigan Ave in Chicago passing northbound by the Chicago Water Tower in May 2016.jpg,6000x4000,1.5,File:20160118 06 Chicago Water Tower (26195616946).jpg | File:20160118 08 Chicago Water Tower (26221532755).jpg | File:Chicago Water Tower in Early Spring.jpg
bologna,0,Two Towers (Le Due Torri),images/landmarks/bologna-two-towers.webp,1200x1570,0.764,strong,File:Two towers in Bologna 1.jpg,3888x2592,1.5,"File:The two Venetian towers on the Lelantine Plain (Euboea) on August 28, 2021.jpg | File:Two towers of Lilas 8074686.JPG | File:Two Towers - panoramio.jpg"
florence,1,Giotto's Campanile,images/landmarks/florence-giottos-campanile.webp,1200x1570,0.764,strong,File:Campanile di Giotto (15609893638).jpg,5184x3456,1.5,"File:Firenze - Florence - Piazza del Duomo - View on the East Side of il Campanile di Giotto I.jpg | File:Firenze - Florence - Piazza del Duomo - View on the East Side of il Campanile di Giotto III.jpg | File:Exterior of Giotto's Bell Tower, Florence 03.jpg"
hualien-city,3,Qingshui Cliffs,images/landmarks/hualien-city-qingshui-cliffs.webp,590x771,0.765,strong,File:Qingshui Cliff 清水斷崖 - panoramio (2).jpg,3072x2304,1.333,"File:Qingshui Cliff 清水斷崖 - panoramio (1).jpg | File:花蓮縣秀林鄉 清水斷崖 Cingshuei Cliff(Sioulin,Hualien) - panoramio.jpg | File:清水斷崖旁一座山.jpg"
leon,7,Iglesia de San Francisco,images/landmarks/leon-iglesia-de-san-francisco.webp,628x820,0.766,strong,"File:Iglesia de San Francisco, Villafranca del Bierzo. Artesonado.jpg",3382x2255,1.5,File:Iglesia de San Francisco de Asís (Barquisimeto).JPG
ibiza,1,Ibiza Cathedral (Catedral de Santa Maria),images/landmarks/ibiza-ibiza-cathedral.webp,1170x1526,0.767,good,File:Dimarts Sant a la Catedral d'Eivissa. Crist jacent (1).jpg,4000x3000,1.333,
n-djamena,5,Avenue Charles de Gaulle,images/landmarks/ndjamena-avenue-charles-de-gaulle.webp,1126x1468,0.767,good,File:Vue de passant de à moto.jpg,5568x3712,1.5,File:NDjamena (4951741615).jpg | File:Ndjamena0.jpg
novi-sad,3,Dunavska Street and Zmaj Jovina,images/landmarks/novi-sad-dunavska-street.webp,1200x1565,0.767,good,"File:""Tvrdjava pušta mesec kao zmaja..."" 01.jpg",5568x3712,1.5,"File:""Tvrdjava pušta mesec kao zmaja..."" 02.jpg | File:20230429.Ansichten in Novi Sad.-046.30.jpg | File:20230429.Ansichten in Novi Sad.-046.37.jpg"
datong,9,Datong Museum,images/landmarks/datong-museum.webp,1200x1558,0.77,strong,"File:A Grocery Store near Taiwan New Cultural Movement Memorial Museum, Datong District, Taipei.jpg",5456x3632,1.502,"File:View from Gate of Taiwan New Cultural Movement Memorial Museum, Datong District, Taipei.jpg | File:Chandeliers in Taiwan New Cultural Movement Memorial Museum, Datong District, Taipei.jpg | File:Datong 276.jpg"
skopje,4,Millennium Cross (Vodno),images/landmarks/skopje-millennium-cross.webp,1200x1558,0.77,strong,File:Millennium Cross Cableway Skopje.jpg,4500x3000,1.5,File:Skopje Millennium Cross 2.jpg | File:Aerial View of The Millennium Cross.jpg | File:Krstot na Vodno - panoramio.jpg
brugge,9,De Halve Maan Brewery,images/landmarks/brugge-de-halve-maan-brewery.webp,1200x1553,0.773,good,File:Oil prices over the moon (133885603).jpg,3008x2000,1.504,File:Post Medieval Dress Hook (FindID 591091).jpg
hamilton,4,City Hall and Arts Centre,images/landmarks/hamilton-bermuda-city-hall-arts-centre.webp,372x480,0.775,strong,File:City Hall & Arts Centre.jpg,4048x3036,1.333,"File:Belfast - The Waterfront Hall (5688231860).jpg | File:Belfast City Hall (5688209730).jpg | File:Entering Hamilton, Ontario (29691412090).jpg"
oxford,1,Bodleian Library,images/landmarks/oxford-bodleian-library.webp,1200x1547,0.776,strong,File:Bodleian Library with shadow of Radcliffe's Camera.jpg,6000x4000,1.5,"File:1047185 II BODLEIAN LIBRARY AND SCHOOLS QUADRANGLE INCLUDING THE DIVINITY SCHOOL AND THE CONVOCATION HOUSE, RADCLIFFE SQUARE, from N Oxford 20250617 0001.jpg | File:1047185 II BODLEIAN LIBRARY AND SCHOOLS QUADRANGLE INCLUDING THE DIVINITY SCHOOL AND THE CONVOCATION HOUSE, RADCLIFFE SQUARE, from N Oxford 20250617 0002.jpg | File:1047185 II BODLEIAN LIBRARY AND SCHOOLS QUADRANGLE INCLUDING THE DIVINITY SCHOOL AND THE CONVOCATION HOUSE, RADCLIFFE SQUARE, from N Oxford 20250617 0004.jpg"
visby,2,St. Nicolai Church Ruin,images/landmarks/visby-st-nicolai-ruin.webp,1200x1542,0.778,good,File:-House- (48753596636).jpg,6000x4000,1.5,File:-Castle- (48752500998).jpg | File:4Fi00027 Le chateau le pont et l'entrée du port BAYOT.jpg | File:4Fi00023 Garneray vue d'ensemble du port de Brest depuis la batterie.jpg
havana,8,Cristo de La Habana,images/landmarks/havana-cristo-de-la-habana.webp,1200x1534,0.782,strong,File:Cristo de La Habana.jpg,4128x2322,1.778,File:El Cristo de La Habana desde el malecón 1.jpg | File:El Cristo de La Habana desde el malecón.jpg | File:Statue of Christ Overlooking Havana Harbor.jpg
matsuyama,5,Bansuiso Villa,images/landmarks/matsuyama-bansuiso-villa.webp,1200x1535,0.782,good,File:Bansuiso2.JPG,2816x2112,1.333,File:Bansuiso1.JPG
dubrovnik,1,Stradun,images/landmarks/dubrovnik-stradun.webp,1200x1534,0.782,strong,File:Dubrovnik - ulica Stradun - Stradun street - panoramio.jpg,4032x2688,1.5,"File:Along Stradun in Dubrovnik (9) (29417249354).jpg | File:Along Stradun, Dubrovnik (8) (29960504891).jpg | File:Along Stradun, Dubrovnik (12) (29415833924).jpg"
yangon,0,Shwedagon Pagoda,images/landmarks/yangon-shwedagon-pagoda.webp,1200x1534,0.782,good,"File:2016 Rangun, Budynek Sekretariatu (Budynek Ministrów) (02).jpg",4925x3283,1.5,"File:2016 Rangun, Budynek Sekretariatu (Budynek Ministrów) (06).jpg | File:2016 Rangun, Budynek Sekretariatu (Budynek Ministrów) (08).jpg | File:2016 Rangun, Dawny budynek Sądu Najwyższego (01).jpg"
strasbourg,0,Cathédrale Notre-Dame de Strasbourg,images/landmarks/strasbourg-cathedrale-notre-dame-de-strasbourg.webp,1200x1535,0.782,strong,File:Cathédrale Notre dame de Strasbourg 03.jpg,4608x3072,1.5,File:Cathédrale Notre dame de Strasbourg 01.jpg | File:Cathédrale Notre dame de Strasbourg 02.jpg | File:Cathédrale Notre dame de Strasbourg 06.jpg
jaipur,0,Amber Fort,images/landmarks/jaipur-amber-fort.webp,1200x1532,0.783,strong,File:Amber Fort 20080213-1.jpg,4368x2912,1.5,File:Amber Fort 20080213-2.jpg | File:Amber Fort Jaipur 01.jpg | File:Amber Fort from outisde.jpg
sao-paulo,6,Avenida Paulista,images/landmarks/sao-paulo-avenida-paulista.webp,700x894,0.783,strong,File:Avenida Paulista no pôr do sol.jpg,5984x3990,1.5,File:Manifestação Fora Temer na Avenida Paulista 1040910-29.08.2016 rrs-7451.jpg | File:Manifestação Fora Temer na Avenida Paulista 1040908-29.08.2016 rrs-7418.jpg | File:Manifestação Fora Temer na Avenida Paulista 1040909-29.08.2016 rrs-7419.jpg
helsinki,3,Uspenski Cathedral,images/landmarks/helsinki-uspenski-cathedral.webp,1200x1529,0.785,good,File:Agusta Bell 412EP OH-HVK Malmi 1.JPG,5184x3456,1.5,File:Cessna 150M OH-CKY Malmi.JPG | File:Cessna 152 OH-CVY Malmi.JPG | File:DC-3 OH-LCH Malmi 1.JPG
moscow,6,Cathedral of Christ the Saviour,images/landmarks/moscow-cathedral-of-christ-the-saviour.webp,1200x1527,0.786,strong,File:Cathedral of Christ the Saviour - Moscow 2024.jpg,6000x4000,1.5,File:Cathedral of Christ the Saviour - Moscow 2024 1.jpg | File:Moscow - Dome of Cathedral of Christ the Saviour from thresholds of the Patriarchal Bridge1.jpg | File:Cathedral of Christ the Saviour - Moscow - summer 2024 3.jpg
petropolis,1,Catedral de São Pedro de Alcântara,images/landmarks/petropolis-catedral-de-sao-pedro-de-alcantara.webp,1200x1526,0.786,strong,File:Pétropolis l'église Sao Pedro de Alcantara (le choeur).jpg,2783x2042,1.363,File:Petrópolis RJ Brasil - Vitrais da Catedral S. Pedro de Ancântara - panoramio.jpg | File:0000 Rosacea.JPG
dublin,7,Temple Bar,images/landmarks/dublin-temple-bar.webp,1200x1526,0.786,strong,File:Dublin-Temple Bar-02-Martha Temple-2017-gje.jpg,5184x3456,1.5,File:Dublin-Temple Bar-14-2017-gje.jpg | File:Getting Ready For St. Patrick's Day - Temple Bar (4429971139).jpg | File:Dublin-Temple Bar-16-2017-gje.jpg
san-sebastian,5,Basílica de Santa María del Coro,images/landmarks/san-sebastian-basilica-de-santa-maria-del-coro.webp,1200x1524,0.787,strong,File:San Sebastián (Guipúzcoa)-Basílica de Santa Maria del Coro-1.jpg,4000x3000,1.333,"File:Detalle del portal de la Basílica de Santa María del Coro-Koruko Andre Mariaren basilika. San Sebastian-Donostia, Guipuzcoa-Gipuzkoa. (3).JPG | File:Detalle del portal de la Basílica de Santa María del Coro-Koruko Andre Mariaren basilika. San Sebastian-Donostia, Guipuzcoa-Gipuzkoa..JPG | File:Santa María del Coro - Donostia-San Sebastian (01).jpg"
chicago,4,Millennium Park,images/landmarks/chicago-millennium-park.webp,1200x1525,0.787,strong,File:2005-10-13 2880x1920 chicago above millennium park.jpg,2880x1920,1.5,File:20140810 01 Metra Millennium station (21688293760).jpg | File:20140810 04 Metra Millennium station (21689471789).jpg | File:20140810 02 Metra Millennium station (21253608714).jpg
sharm-el-sheikh,5,Strait of Tiran Reefs,images/landmarks/sharm-el-sheikh-strait-of-tiran-reefs.webp,996x1264,0.788,strong,File:ISS-36 Strait of Tiran N is up.jpg,2370x1580,1.5,File:EG-strasse-von-tiran-02.jpg | File:Tiran Island by Hatem Moushir.JPG | File:Détroit de Tiran Tiran 1981.JPG
visby,3,St. Karin (St. Catherine's) Church Ruin,images/landmarks/visby-st-catherine-ruin.webp,807x1024,0.788,strong,"File:Interior of Saint Catherine church ruin in winter, Visby 2.jpg",2890x2045,1.413,"File:Interior of Saint Catherine church ruin in winter, Visby 5.jpg | File:Interior of Saint Catherine church ruin in winter, Visby 3.jpg | File:Interior of Saint Catherine church ruin in winter, Visby 13.jpg"
mardin,4,Ulu Cami (Great Mosque of Mardin),images/landmarks/mardin-ulu-cami.webp,1200x1520,0.789,strong,File:Mardin ulu cami şadırvan.jpg,3712x2402,1.545,File:Mardin Ulu Cami DSCF9824.jpg | File:Mardin Ulu Cami DSCF9836.jpg | File:Mardin Ulu Cami DSCF9838.jpg
cyangugu,6,Kamiranzovu Waterfall,images/landmarks/cyangugu-kamiranzovu-waterfall.webp,1200x1519,0.79,good,File:Road between Ruhengeri and Kigali - Flickr - Dave Proffer (4).jpg,3872x2592,1.494,
nuremberg,6,Weißgerbergasse,images/landmarks/nuremberg-weissgerbergasse.webp,1200x1514,0.793,strong,File:Weißgerbergasse in Nürnberg.jpg,5424x3590,1.511,File:Weißgerbergasse.JPG | File:Nürnberg - Weißgerbergasse.jpg | File:Nürnberg (44462988732).jpg
los-angeles,4,TCL Chinese Theatre,images/landmarks/los-angeles-tcl-chinese-theatre.webp,1200x1513,0.793,strong,"File:2013, Hollywood Boulevard, TCL Chinese Theatre - panoramio.jpg",6000x4000,1.5,File:Grauman's Chinese Theatre 1 (15573029662).jpg | File:Grauman's Chinese Theatre.jpg | File:Grauman's Chinese Theatre 5 (15386191497).jpg
alesund,2,Jugendstilsenteret (Art Nouveau Centre),images/landmarks/alesund-jugendstilsenteret.webp,1200x1511,0.794,good,File:Ålesund fjord - panoramio.jpg,4000x2800,1.429,File:Ålesund 09.jpg | File:Ålesund public library facade.jpg | File:Reflexions in the fjord from Alesund - panoramio.jpg
verona,3,Piazza delle Erbe,images/landmarks/verona-piazza-delle-erbe.webp,1200x1512,0.794,strong,File:Fontana Madonna Verona Piazza delle Erbe.jpg,4256x2832,1.503,File:20110720 Piazza delle Erbe 2998.jpg | File:20110720 Piazza delle Erbe 3006.jpg | File:20110720 Piazza delle Erbe 3008.jpg
sapporo,1,Odori Park,images/landmarks/sapporo-odori-park.webp,1200x1512,0.794,strong,File:Odori Park (15982613668).jpg,4000x3000,1.333,File:Hokkaido Sapporo Odori Park.jpg | File:This is Sapporo (6960447275).jpg | File:Sapporo - Sapporo7175.jpg
porto-seguro,7,Marco do Descobrimento,images/landmarks/porto-seguro-marco-do-descobrimento.webp,615x774,0.795,good,"File:Cidade Histórica Brasileira - Porto Seguro, BA - Brasil (Casa de Câmera e Cadeia 1772).jpg",2763x1840,1.502,File:Primeira vila - panoramio.jpg | File:Church historic (51401728970).jpg
karakol,4,Przhevalsky Memorial Museum,images/landmarks/karakol-przhevalsky-memorial-museum.webp,628x789,0.796,good,File:Karakol - 297 (49354614026).jpg,5472x3648,1.5,File:Karakol - 296 (49359945406).jpg
tashkent,4,Independence Square (Mustaqillik Maydoni),images/landmarks/tashkent-independence-square-mustaqillik-maydoni.webp,720x905,0.796,strong,File:Monument at Mustaqillik maydoni 02.jpg,4171x2781,1.5,"File:Monument at Mustaqillik maydoni 01.jpg | File:Mustaqillik Maydoni station of Chilanzar Line of Tashkent Metro in Tashkent Uzbekistan.jpg | File:Mustaqillik Maydoni (Фонтан и Арка Езгулик, площадь Мустакиллик, Ташкент).jpg"
vatican-city,6,Baldachin of St. Peter (Bernini's Baldacchino),images/landmarks/vatican-city-baldachin.webp,1200x1507,0.796,strong,File:Saint Peter's Baldachin.jpg,7675x4943,1.553,"File:Baldachin Saint Peter's Basilica04 2016 6210.jpg | File:Baldacchino di San Pietro, G L Bernini.jpg | File:Baldachin of Saint Peter's Basilica (1).jpg"
colombo,0,Colombo Lotus Tower,images/landmarks/colombo-colombo-lotus-tower.webp,1200x1501,0.799,strong,File:A view of Colombo's skyline from the Lotus Tower.jpg,6000x4000,1.5,File:Lotus Tower Floating Market-Colombo Srilanka-Andres Larin.jpg | File:An ariel view of the Port of Colombo from the Lotus Tower.jpg | File:Colombo Lotus Tower seen Galle Road.jpg
cairo,7,Cairo Tower,images/landmarks/cairo-cairo-tower.webp,1200x1501,0.799,strong,File:Cairo Tower 2012.JPG,4752x3168,1.5,File:Cairo Citadel Lion Tower 20260527 111928.jpg | File:Cairo Tower-Sunset.JPG | File:Cairo Tower 2012 (1).jpg
bogota,5,Catedral Primada de Bogotá,images/landmarks/bogota-catedral-primada-de-bogota.webp,1200x1501,0.799,strong,File:Catedral Primada de Bogotá en la lluvia.jpg,3782x2534,1.493,File:Catedral Primada de Bogotá.5.JPG | File:Catedral Primada de Bogotá.7.JPG | File:Catedral Primada de Bogotá.4.JPG
izmir,4,Kemeraltı Bazaar,images/landmarks/izmir-kemeraltı-bazaar.webp,1200x1501,0.799,good,File:Bornova Metro akşam görüntüsü.jpg,6000x4000,1.5,File:Fifty shades of green.jpg | File:Aşık Veysel Rekreasyon Alanı heykel.jpg | File:Aşık Veysel Rekreasyon Alanı.jpg
delhi,0,India Gate,images/landmarks/delhi-india-gate.webp,1200x1501,0.799,strong,File:All India War Memorial (INDIA GATE).jpg,5184x3456,1.5,File:India Gate -Delhi -Delhi -SSI 038.jpg | File:India Gate -Delhi -Delhi -SSI 037.jpg | File:India Gate (18).jpg
mek-ele,0,Emperor Yohannes IV Palace Museum,images/landmarks/mekele-emperor-yohannes-iv-palace-museum.webp,1200x1501,0.799,strong,File:ET Mekele asv2018-01 img25 Atse Yohannes Museum.jpg,4976x3317,1.5,File:ET Mekele asv2018-01 img26 Atse Yohannes Museum.jpg | File:ET Mekele asv2018-01 img28 Atse Yohannes Museum.jpg | File:ET Mekele asv2018-01 img29 Atse Yohannes Museum.jpg
orlando,0,Cinderella Castle,images/landmarks/orlando-cinderella-castle.webp,1200x1501,0.799,strong,File:Cinderella Castle (14246770902).jpg,5184x3456,1.5,File:Cinderella Castle (29933678412).jpg | File:Cinderella Castle (29419618264).jpg | File:Cinderella Castle (29420392943).jpg
miami,5,Little Havana (Calle Ocho),images/landmarks/miami-little-havana-calle-ocho.webp,1200x1502,0.799,strong,"File:April 7, 2015 - Little Havana, Miami, Florida - Calle Ocho Cigar Shop.jpg",4928x3264,1.51,"File:Calle Ocho, Little Havana, Miami, Florida 2021 - Casa Habano Boss Revolution.jpg | File:Calle Ocho, Little Havana, Miami, Florida 2021 - Havana Club Smoke & Vape.jpg | File:Calle Ocho Little Havana - Cigar factory and cafe, August 2023.jpg"
santiago-de-compostela,0,Catedral de Santiago de Compostela,images/landmarks/santiago-de-compostela-catedral.webp,1200x1501,0.799,strong,File:2010-Catedral de Santiago de Compostela-Galicia (Spain) 2.jpg,4000x2667,1.5,File:2010-Catedral de Santiago de Compostela-Galicia (Spain) 3.jpg | File:Catedral de Santiago de Compostela. Galiza 2022-eue--13.jpg | File:Catedral de Santiago de Compostela. Galiza 2022-eue--10.jpg
phitsanulok,0,Wat Phra Si Rattana Mahathat (Wat Yai),images/landmarks/phitsanulok-wat-phra-si-rattana-mahathat.webp,1200x1501,0.799,strong,File:Wat Phra Sri Rattana Mahathat 01.jpg,3888x2592,1.5,File:Wat Phra Sri Rattana Mahathat 10.jpg | File:Wat Phra Sri Rattana Mahathat 14.jpg | File:Wat Phra Sri Rattana Mahathat 15.jpg
atlanta,3,Fox Theatre,images/landmarks/atlanta-fox-theatre.webp,1200x1500,0.8,strong,"File:Cornerstone of the Fox Theatre in Atlanta, Georgia, United States.jpg",4032x3024,1.333,"File:Fox Theatre cornerstone, Atlanta.jpg | File:The Fox Theatre on a quiet Saturday morning, viewed from the corner of Peachtree Street and Ponce de Leon Avenue.jpg | File:Hotels around Fabulous Fox Theater.JPG"
baguio,6,Tam-Awan Village,images/landmarks/baguio-tam-awan-village.webp,1200x1500,0.8,good,File:Baguio City Market - Vegetable Proper.jpg,3984x2656,1.5,File:Baguio (12435809113).jpg | File:BaguioCityjf0151 01.JPG | File:BaguioCityjf0151 11.JPG
atlanta,5,Piedmont Park,images/landmarks/atlanta-piedmont-park.webp,1200x1500,0.8,good,File:AATLBuckhead202310-8490.jpg,4837x3225,1.5,"File:15-10-085, atlanta from stone mountain - panoramio.jpg | File:A2ATL20250614-0721.jpg | File:AATL202503-0850.jpg"
funafuti,3,Funafuti Lagoon,images/landmarks/funafuti-lagoon.webp,1065x1331,0.8,strong,File:Tuvalu - Funafuti - Beach.jpg,4352x2892,1.505,"File:Tuvalu Funafuti atoll beach.jpg | File:Funafuti Plage w.jpg | File:The atoll of Funafuti; borings into a coral reef and the results, being the report of the Coral Reef Committee of the Royal Society (1904) (14762635691).jpg"
cuiaba,7,Museu do Morro da Caixa D'Água Velha,images/landmarks/cuiaba-museu-morro-caixa-dagua-velha.webp,1200x1500,0.8,good,"File:Museu Manoel do Espírito Santo ""Rei da Água"" - Cuiabá - 20231029143030.JPG",4000x3000,1.333,"File:Museu Manoel do Espírito Santo ""Rei da Água"" - Cuiabá - 20231029141555.JPG | File:Museu Manoel do Espírito Santo ""Rei da Água"" - Cuiabá - 20231029144603.JPG | File:Museu Manoel do Espírito Santo ""Rei da Água"" - Cuiabá - 20231029143105.JPG"
guilin,4,Sun and Moon Pagodas (Riyue Shuang Ta),images/landmarks/guilin-sun-and-moon-pagodas.webp,1200x1500,0.8,strong,File:Sun and Moon Pagodas Guilin November 2017 HDR.jpg,6016x4016,1.498,File:Lake Shanhu pagodas at night.jpg | File:China - Guilin 1 - Pagodas at night (140908074).jpg | File:Yixian Hongcun 2016.09.09 18-21-34.jpg
monastir,4,Marina Cap Monastir,images/landmarks/monastir-marina-cap-monastir.webp,1200x1500,0.8,strong,File:Monastir cemetery and marina.jpg,4288x2848,1.506,File:Marina monastir.JPG | File:La marina monastir tunisie.jpg | File:Cap Monastir - panoramio.jpg
hamadan,5,Baba Taher Mausoleum,images/landmarks/hamadan-baba-taher-mausoleum.webp,1200x1500,0.8,strong,File:Baba Taher Mausoleum in Hamadan.jpg,4608x2592,1.778,File:Baba Taher.jpg | File:Baba Taher 2.jpg | File:Baba Taher mkh.JPG
murree,6,Mushkpuri Top,images/landmarks/murree-mushkpuri-top.webp,1200x1500,0.8,strong,File:Mushkpuri Top 1.jpg,6000x4000,1.5,File:Mushkpuri Top beautiful view.jpg | File:Trekking towards Mushkpuri Top.jpg | File:Mushkpuri Top.JPG
pisa,7,Tuttomondo Mural by Keith Haring,images/landmarks/pisa-tuttomondo-mural-keith-haring.webp,1200x1500,0.8,good,"File:""Tuttomondo"", Pisa (26405323320).jpg",4608x3456,1.333,"File:Chiesa di sant'antonio, pisa, lato.JPG"
mumbai,3,Haji Ali Dargah,images/landmarks/mumbai-haji-ali-dargah.webp,1200x1500,0.8,strong,File:Haji ali dargah mumbai - irfani.jpg,5367x3578,1.5,"File:Mumbai 03-2016 12 Haji Ali Dargah.jpg | File:Haji Ali Dargah in Mumbai.jpg | File:Haji Ali Mosque and Dargah, Mumbai, Maharashtra, India.jpg"
san-pedro-sula,5,Cascadas de Pulhapanzak,images/landmarks/san-pedro-sula-cascadas-de-pulhapanzak.webp,750x938,0.8,good,File:Pico-Bonito (12122463094).jpg,5184x3456,1.5,File:Parqueo - panoramio.jpg | File:Valle de Comayagua Honduras.jpg | File:HN078sMarcs ValleyView.jpg
taipei,9,Yangmingshan National Park,images/landmarks/taipei-yangmingshan-national-park.webp,1200x1500,0.8,good,File:步道上的旺盛生機.jpg,5184x3456,1.5,File:DSC 4265 (35777834250).jpg | File:DSC 4279 (36129293266).jpg | File:DSC 4283 (36002618152).jpg
salerno,7,Pinacoteca Provinciale di Salerno,images/landmarks/salerno-pinacoteca-provinciale-di-salerno.webp,1200x1500,0.8,strong,"File:Andrea sabatini da salerno, sposalizio mistico di s. caterina d'alessandria, 1519 (nocera inferiore, pinacoteca del convento di s. antonio) 03 firma e data.jpg",4674x3510,1.332,"File:Andrea da salerno, san bertario in trono, 1514, 04.jpg | File:Antonello da messina, vergine annunciata o advocata, 1445-50 ca. (como, pinacoteca civica) 04.jpg | File:Andrea da salerno, san bertario in trono, 1514, 02 frati.jpg"
natal,1,Morro do Careca (Ponta Negra Beach),images/landmarks/natal-morro-do-careca-ponta-negra-beach.webp,1200x1499,0.801,strong,File:Alex Regis Morro do Careca Ponta Negra Natal RN (39161823760).jpg,5262x3508,1.5,"File:Alex Regis Morro do Careca Ponta Negra Natal RN (40261556354).jpg | File:Praia de Ponta Negra, Morro do Careca.JPG | File:Ponta Negra Beach.jpg"
perpignan,5,Musée d'art Hyacinthe Rigaud,images/landmarks/perpignan-musee-dart-hyacinthe-rigaud.webp,1200x1499,0.801,strong,"File:Paysage de Céret de P. Brune (musée d'art Hyacinthe Rigaud, Perpignan) (35272344853).jpg",1770x1200,1.475,File:Musée Hyacinthe Rigaud - Chasse au cerf 02.jpg | File:Gustave Fayet au musée d'art Hyacinthe Rigaud (Perpignan) (36047113326).jpg | File:Musée Hyacinthe Rigaud - Chasse au cerf 03.jpg
maceio,7,Catedral Metropolitana de Maceió,images/landmarks/maceio-catedral-metropolitana.webp,1200x1487,0.807,strong,File:Marco Ankosqui Catedral Metropolitana Maceio-AL (40808270982).jpg,4500x3000,1.5,File:Marco Ankosqui Catedral Metropolitana Maceio-AL (40808187352).jpg | File:Marco Ankosqui Catedral metropolitana Maceio-AL (40808272812).jpg | File:Marco Ankosqui Catedral Metropolitana Maceio-AL (40849575411).jpg
bologna,3,Fountain of Neptune (Fontana del Nettuno),images/landmarks/bologna-fountain-of-neptune.webp,1200x1486,0.808,strong,File:Fontana del Nettuno (Fountain of Neptune) Bologna 01.jpg,4288x2848,1.506,"File:Fountain of Neptune - Fontana del Nettuno, Naples (5307).jpg | File:Fountain of Neptune (Fontana del Nettuno), Bologna (26075252694).jpg | File:Fountain of Neptune (Fontana del Nettuno), Bologna (26616132941).jpg"
barcelona,2,Casa Batlló,images/landmarks/barcelona-casa-batllo.webp,1200x1479,0.811,strong,File:Chimneys of Casa Batlló - Barcelona 2014.jpg,2591x1733,1.495,"File:Casa Batlló 01.jpg | File:Casa Batlló, Barcelona 37.jpg"
kayseri,3,Grand Mosque (Ulu Cami),images/landmarks/kayseri-grand-mosque-ulu-cami.webp,1200x1479,0.811,strong,File:Kayseri Ulu Cami Interior in 2024 8392.jpg,8256x5504,1.5,File:Kayseri Ulu Cami Interior in 2024 8391.jpg | File:Kayseri Ulu Cami Interior in 2024 8393.jpg | File:Kayseri Ulu Cami Interior in 2024 8389.jpg
grenoble,6,Saint-Laurent Archaeological Museum,images/landmarks/grenoble-saint-laurent-museum.webp,1200x1477,0.812,strong,File:Détail représentant Saint Pierre à l'ancienne église Saint-Laurent.jpg,4272x2848,1.5,File:Pierre de réemploi de l'ancienne église Saint-Laurent.jpg | File:Musée archéologique Saint-Laurent.JPG
houmt-el-souk,2,El Ghriba Synagogue (Erriadh),images/landmarks/houmt-el-souk-el-ghriba-synagogue.webp,1200x1476,0.813,strong,"File:El Ghriba Synagogue, Djerba, Tunisia, Africa (la ghariba).jpg",4608x3178,1.45,"File:El Ghriba Synagogue, Djerba, Tunisia, Africa.jpg | File:El Ghriba Synagogue, Djerba.jpg | File:Ghriba Synagogue - roof.JPG"
tours,9,Rue Colbert,images/landmarks/tours-rue-colbert.webp,823x1010,0.815,strong,File:Tours - 25-27 rue Colbert - 3.jpg,6267x4182,1.499,"File:Détail façade 25 rue Colbert a Tours DSC 0590.jpg | File:Tours - 25-27 rue Colbert - 2.jpg | File:Vieux tours le 23, 25 rue colbert.jpg"
stavanger,8,Valbergtårnet (Valberg Tower),images/landmarks/stavanger-valbergtarnet-valberg-tower.webp,1200x1472,0.815,strong,File:Valbergtårnet med hotell foran.JPG,5184x3456,1.5,"File:People enjoying the sun next to the Valbergtårnet, Stavanger, Norway julesvernex2.jpg | File:Valbergtårnet inngang.jpg | File:Valbergtårnet detalj.jpg"
boston,8,Long Wharf & Custom House Tower,images/landmarks/boston-long-wharf-custom-house-tower.webp,1200x1470,0.816,strong,"File:Long Wharf, Central Wharf, and New England Aquarium, Boston, P1000075.JPG",5472x3648,1.5,"File:Rear of Long Wharf headhouse at Aquarium station, July 2019.JPG | File:Marriott Long Wharf hotel; south and east sides; Boston, MA; 2020-03-14.jpg | File:Boston Long Wharf.JPG"
nuku-alofa,9,Tongan National Cultural Centre,images/landmarks/nuku-alofa-tongan-national-cultural-centre.webp,848x1039,0.816,good,"File:Princess Anaziene, granddaughter of Tupou I, 1884, albumen print.jpg",4240x3192,1.328,
marne-la-vallee,7,Sea Life Paris Val d'Europe,images/landmarks/marne-la-vallee-sea-life-paris-val-deurope.webp,1181x1444,0.818,strong,File:Aquarium SEA LIFE Paris Val d‘Europe - panoramio (1).jpg,2560x1920,1.333,File:Aquarium SEA LIFE Paris Val d‘Europe - panoramio (2).jpg | File:France - Val d'Europe - Sea Life - Atlantis2.JPG | File:France - Val d'Europe - Sea Life - Atlantis.JPG
port-sudan,7,Red Sea Museum,images/landmarks/port-sudan-red-sea-museum.webp,1200x1467,0.818,weak,"File:Naturalis Biodiversity Center - ZMA.MOLL.313875 - Nerita sanguinolenta Menke, 1829 - Neritidae - Mollusc shell.jpeg",1920x1278,1.502,"File:Naturalis Biodiversity Center - ZMA.MOLL.49870 - Conomurex fasciatus (Born, 1778) - Strombidae - Mollusc shell.jpeg | File:Naturalis Biodiversity Center - ZMA.MOLL.50658 - Tricornis tricornis (-Lightfoot-, 1786) - Strombidae - Mollusc shell.jpeg"
puerto-princesa,2,Immaculate Conception Cathedral,images/landmarks/princesa-immaculate-conception-cathedral.webp,1200x1466,0.819,strong,File:Immaculate Concepcion Cathedral in Puerto Princesa City.jpeg,4032x3024,1.333,"File:Immaculate Concepcion Cathedral PPC (Rizal Avenue, Puerto Princesa, Palawan; 08-03-2023).jpg | File:Immaculate Concepcion Cathedral PPC, Jose Rizal monument (Rizal Avenue, Puerto Princesa, Palawan; 08-03-2023).jpg | File:Palawan Catholic Church.JPG"
paramaribo,4,Saint Peter and Paul Cathedral (Cathedral of Paramaribo),images/landmarks/paramaribo-cathedral.webp,1200x1462,0.821,strong,"File:Birds eye view of the Cathedral-Basilica of Saint Peter in Paramaribo, Suriname.jpg",9753x5967,1.634,"File:St Peter and Paul Cathedral 2.jpg | File:St Petrus en Paulus kathedraal Paramaribo, Suriname.jpg"
mar-del-plata,2,Sea lion colony at Banquina de Pescadores,images/landmarks/mar-del-plata-sea-lion-colony-banquina.webp,785x956,0.821,good,File:2009-03-29 Reach the Sea Lion Beach.jpg,2500x1667,1.5,File:Sea Lions and Cormorants in the Beagle Channel (5525274706).jpg | File:Sea Lions in the Beagle Channel (5524723103).jpg | File:Sea Lions in the Beagle Channel (5525309156).jpg
thessaloniki,9,Museum of Byzantine Culture,images/landmarks/thessaloniki-museum-of-byzantine-culture.webp,1200x1462,0.821,strong,File:Objects in Museum of Byzantine Culture (1) 02.jpg,5184x3456,1.5,File:Objects in Museum of Byzantine Culture (1) 01.jpg | File:Objects in Museum of Byzantine Culture (1) 08.jpg | File:Objects in Museum of Byzantine Culture (1) 09.jpg
longyearbyen,4,Gruve 3 (Mine 3),images/landmarks/longyearbyen-gruve-3.webp,1200x1460,0.822,strong,File:Longyearbyen Gruve 3 IMG 2587.jpg,3888x2592,1.5,File:Longyearbyen Gruve 3 IMG 3043.jpg | File:Longyearbyen IMG 2499 Gruve 3.jpg | File:Longyearbyen Gruve 3 1 rk 136717.JPG
parma,0,Cattedrale di Parma (Parma Cathedral),images/landmarks/parma-cattedrale-di-parma.webp,1200x1458,0.823,strong,File:Parma Cattedrale di Santa Maria Assunta Esterno Facciata 4.jpg,4252x2869,1.482,File:Parma Cattedrale di Santa Maria Assunta Esterno Facciata 1.jpg | File:Parma Cattedrale di Santa Maria Assunta Esterno Facciata 3.jpg | File:Parma Cattedrale di Santa Maria Assunta Esterno Facciata 5.jpg
lyon,7,Hôtel de Ville de Lyon,images/landmarks/lyon-hotel-de-ville.webp,1200x1458,0.823,good,File:Exposition universelle de Lyon 1894.jpg,4344x2888,1.504,File:Lyon pittoresque et monumental en noir et blanc. en 1892.jpg | File:Entrée royale d'Henri IV à Lyon le 4 septembre 1595.jpg | File:La Cité de Lyon (détail).jpg
asmara,5,Asmara Opera House (Asmara Theatre),images/landmarks/asmara-asmara-opera-house.webp,1200x1456,0.824,strong,"File:Asmara, teatro d'opera, sala 03.JPG",3456x2304,1.5,"File:Asmara, teatro d'opera, sala 08.JPG | File:Asmara, teatro d'opera, sala 04.JPG | File:The Asmara Theater (30473344160).jpg"
morelia,3,Santuario de Guadalupe,images/landmarks/morelia-santuario-de-guadalupe.webp,1200x1457,0.824,strong,File:Sanctuary of Our Lady of Guadalupe-3.jpg,4896x3672,1.333,File:Sanctuary of Our Lady of Guadalupe-2.jpg | File:Sanctuary of Our Lady of Guadalupe-1.jpg | File:Sanctuary of Our Lady of Guadalupe-4.jpg
porto,6,São Bento Railway Station,images/landmarks/porto-sao-bento-station.webp,1200x1455,0.825,strong,File:Sao Bento train station in Porto (3).jpg,3990x2783,1.434,"File:Sao Bento train station - panoramio.jpg | File:Exterior of São Bento train station, Porto, Portugal (19051077316).jpg | File:Estação de são Bento II.jpg"
kingstown,0,Fort Charlotte,images/landmarks/kingstown-fort-charlotte.webp,1200x1453,0.826,strong,File:Fort Charlotte 2059.jpg,4635x3090,1.5,"File:Fort Charlotte 2062.jpg | File:Fort Charlotte 2067.jpg | File:St. Vincent, Karibik - Kingstown - Looking southeast from Fort Charlotte - panoramio.jpg"
los-angeles,9,Watts Towers,images/landmarks/los-angeles-watts-towers.webp,1200x1452,0.826,strong,File:Watts towers from below.jpg,5184x3456,1.5,File:Watts Towers in Los Angeles 03.jpg | File:Watts Towers in Los Angeles 05.jpg | File:Watts Towers in Los Angeles 04.jpg
karlovy-vary,7,Church of Saints Peter and Paul,images/landmarks/karlovy-vary-church-saints-peter-paul.webp,1200x1450,0.828,good,File:Karlovy Vary rozhledna Diana (2).jpg,4662x3108,1.5,File:Karlovy Vary v zimě (1).jpg | File:Karlovy Vary graffiti (3).jpg | File:Karlovy Vary graffiti (1).jpg
warsaw,8,Mermaid of Warsaw (Syrenka),images/landmarks/warsaw-mermaid-of-warsaw-syrenka.webp,1067x1282,0.832,strong,File:Poland-00707 - Mermaid of Warsaw (30393697544).jpg,6000x4000,1.5,File:The Warsaw Mermaid (9629589719).jpg | File:The Warsaw Mermaid (9632634334).jpg | File:Syrena (mermaid) in the old town Market Square in Warsaw.JPG
negombo,2,St. Mary's Church,images/landmarks/negombo-st-marys-church.webp,1200x1440,0.833,strong,"File:Negombo, St. Mary's Church, 2025-07 CN-01.jpg",4613x2970,1.553,"File:St. Mary's Church, Negombo in 2024.jpg | File:Negombo, Mission House, 2025-07 CN-01.jpg | File:Negombo, Sri Lanka - panoramio (2).jpg"
ankara,2,Kocatepe Mosque,images/landmarks/ankara-kocatepe-mosque.webp,1200x1440,0.833,strong,"File:Kocatepe Camii, Ankara 08.jpg",3072x2304,1.333,"File:Çubuk, Ankara (22 Nisan 2023) 05.jpg | File:Çubuk, Ankara (22 Nisan 2023) 06.jpg | File:Çubuk, Ankara (22 Nisan 2023) 08.jpg"
ankara,5,Atakule Tower,images/landmarks/ankara-atakule-tower.webp,1200x1440,0.833,strong,File:Atakule.jpg,5966x3977,1.5,"File:Atakule gece.jpg | File:Saraçoğlu Mahallesi (Namık Kemal Mahallesi), 2021 03.jpg | File:Saraçoğlu Mahallesi (Namık Kemal Mahallesi), 2021 02.jpg"
kazan,4,Annunciation Cathedral,images/landmarks/kazan-annunciation-cathedral.webp,1200x1440,0.833,good,File:Kazan Vakhitovo railway station 08-2016.jpg,4817x3211,1.5,File:Kazan trams at Railway station.jpg | File:Rustam Minnikhanov and Andrey Komarov (2016-08-10) 03.jpg | File:Rustam Minnikhanov and Andrey Komarov (2016-08-10) 02.jpg
bratislava,9,Slavín Memorial,images/landmarks/bratislava-slavin-memorial.webp,1200x1439,0.834,strong,"File:Slavín memorial entrance with crest, Bratislava, Slovakia.JPG",5456x3632,1.502,"File:Main foreground of the Slavín Soviet war memorial in Bratislava, Slovakia.JPG | File:Slavín memorial building in Bratislava, Slovakia.JPG | File:Slavin memorial, Bratislava.jpg"
magelang,2,Pawon Temple (Candi Pawon),images/landmarks/magelang-pawon-temple.webp,1200x1426,0.842,strong,"File:Reliefs, Candi Pawon, Central Java, 20220817 0936 8654.jpg",4012x2678,1.498,"File:Reliefs, Candi Pawon, Central Java, 20220817 0937 8658.jpg | File:Candi Pawon - 012 Pavon (8612006914).jpg | File:Candi Pawon - 019 Pavon (8612044832).jpg"
turin,0,Mole Antonelliana,images/landmarks/turin-mole-antonelliana.webp,1200x1415,0.848,strong,File:Mole antonelliana.JPG,4272x2848,1.5,File:Mole Antonelliana - panoramio (1).jpg | File:Mole Antonelliana di sera.jpg | File:Torino Mole Antonelliana Esterno Punta.jpg
montego-bay,2,Sam Sharpe Square,images/landmarks/montego-bay-sam-sharpe-square.webp,1200x1412,0.85,strong,File:Montego Bay Sam Sharpe Photo Don Ramey Logan.jpg,2900x1992,1.456,File:Montego Bay - Sam Sharpe (National Hero) Monument - panoramio.jpg | File:Samsharpe.JPG
krakow,1,Wawel Cathedral,images/landmarks/krakow-wawel-cathedral.webp,1200x1408,0.852,strong,"File:2015 Kraków, Wawel, Bazylika archikatedralna św. Stanisława i św. Wacława 01.jpg",4241x2827,1.5,"File:2015 Kraków, Wawel, Bazylika archikatedralna św. Stanisława i św. Wacława 05.jpg | File:Wawel Cathedral (left) and castle (9159258154).jpg | File:Wawel Cathedral (9159132394).jpg"
san-marino,6,Statue of Liberty (Statua della Libertà),images/landmarks/san-marino-statue-of-liberty-statua-della-liberta.webp,1200x1402,0.856,good,File:Liberty statue and exterior of Palazzo Pubblico (San Marino).jpg,6000x4000,1.5,File:Another spectacular cruise northward along the NW coast of the Antarctic Peninsula. (25386102883).jpg | File:A dream.jpg | File:Atmosphere Sky Clouds.jpg
aqaba,4,Aqaba Marine Reserve,images/landmarks/aqaba-aqaba-marine-reserve.webp,1200x1399,0.858,good,File:Exercise Eager Lion 12 - Aqaba Image 2 of 4.jpg,2527x1685,1.5,File:Exercise Eager Lion 12 - Aqaba Image 1 of 4.jpg | File:Gear and equipment washdown 140210-M-FC972-110.jpg | File:Training dive 130224-M-YG378-122.jpg
zhoushan,1,Nanhai Guanyin Statue,images/landmarks/zhoushan-nanhai-guanyin-statue.webp,1200x1397,0.859,strong,"File:Statue of Guanyin, Mt Putuo, China.jpg",5634x3753,1.501,"File:Monumental statue of Guanyin, Mount Putuo - panoramio (2349).jpg | File:普陀山 南海观音 - panoramio.jpg | File:普陀山 南海观音 - panoramio (1).jpg"
lisbon,6,Lisbon Cathedral (Sé de Lisboa),images/landmarks/lisbon-cathedral.webp,1200x1397,0.859,strong,File:Sé de Lisboa (Lisbon Cathedral) 48.jpg,4000x3000,1.333,File:Sé de Lisboa (Lisbon Cathedral) 82.jpg | File:Sé de Lisboa (Lisbon Cathedral) 120.jpg | File:Sé de Lisboa (Lisbon Cathedral) 08.jpg
tabriz,9,Jameh Mosque of Tabriz,images/landmarks/tabriz-jameh-mosque-of-tabriz.webp,720x837,0.86,strong,File:Jameh Mosque of Tabriz03.jpg,6000x4000,1.5,File:Jameh Mosque of Tabriz04.jpg | File:Jameh Mosque of Tabriz05.jpg | File:مسجدجامع۲.jpg
vienna,8,Hundertwasserhaus,images/landmarks/vienna-hundertwasserhaus.webp,1200x1396,0.86,strong,File:Hundertwasserhaus (47984853311).jpg,4512x3008,1.5,File:Hundertwasserhaus (47984775287).jpg | File:Hundertwasserhaus (47984773593).jpg | File:Hundertwasserhaus (47984774952).jpg
knysna,3,Thesen Islands,images/landmarks/knysna-thesen-islands.webp,1200x1393,0.861,strong,File:Knysna Thesen Islands.jpg,4758x2847,1.671,"File:Tapas & Oysters, Thesen Islands, Knysna (20319200769).jpg | File:Knysna Tapas & Oysters, Thesen Island, Western Cape, South Africa (20320908968).jpg | File:KNYSNA - View of Knysna from Thesen Island, South Africa, 2017.jpg"
nantes,0,Les Machines de l'île (Grand Éléphant),images/landmarks/nantes-les-machines-de-lile-grand-elephant.webp,1200x1387,0.865,good,"File:Grand éléphant, Nantes-01.jpg",3648x2432,1.5,"File:Grand éléphant, Nantes-04.jpg | File:Galerie des Machines (Nantes - France) 04.JPG | File:Grand éléphant, Nantes-05.jpg"
brussels,1,Atomium,images/landmarks/brussels-atomium.webp,1200x1386,0.866,strong,"File:Atomium - Brussels, Belgium - DSC07666.jpg",5472x3648,1.5,"File:Atomium - Brussels, Belgium - DSC07688.jpg | File:Atomium, Brussels, Belgium.jpg | File:2017-10-17-bruessel-atomium-04.jpg"
chennai,2,Santhome Basilica,images/landmarks/chennai-santhome-basilica.webp,1200x1386,0.866,strong,File:Side view of Santhome basilica.jpg,2048x1536,1.333,"File:Basilica of San Thome, Chennai, 1896 (1).jpg | File:Basilica of San Thome, Chennai, 1896 (8).jpg | File:San Thome Basilica Chennai-WUS01444.jpg"
dar-es-salaam,2,Azania Front Lutheran Church,images/landmarks/dar-es-salaam-azania-front-lutheran-church.webp,1200x1385,0.866,good,"File:Catholic church in Mianzini ward, Temeke MC, Dar es Salaam.jpg",2967x2229,1.331,"File:Pfarrhaus in Dar es Salaam.jpg | File:Greek Orthodox Cathedral, Kivukoni, Ilala MC.jpg | File:RGC Miracle Center Church.jpg"
karachi,8,Karachi Port Trust (KPT) Building,images/landmarks/karachi-karachi-port-trust-building.webp,1200x1382,0.868,strong,File:Karachi Port Trust (KPT) Head Office Building at night.jpg,4320x3240,1.333,File:Karachi Port Trust (KPT) Head Office Building night view.jpg | File:Karachi Port Trust (KPT) Head Office Building Karachi.jpg | File:Karachi Port Trust (KPT) Head Office Building.jpg
vladimir,2,Cathedral of St. Demetrius,images/landmarks/vladimir-st-demetrius-cathedral.webp,1200x1381,0.869,strong,File:St Demetrius Church Vladimir 2016-06-23 6274.jpg,5232x3488,1.5,"File:St Demetrius Church Vladimir 2016-06-23 6280.jpg | File:Saint Demetrius Cathedral, Vladimir - 2024-06-22 02.jpg | File:Saint Demetrius Church in Vladimir PAA3634.jpg"
jodhpur,1,Jaswant Thada,images/landmarks/jodhpur-jaswant-thada.webp,1200x1380,0.87,strong,File:Jaswant Thada - Fountain.jpg,6000x4000,1.5,File:Jaswant Thada (IMG 9920).jpg | File:Jaswant Thada (IMG 9919).jpg | File:Jaswant Thada (IMG 9918).jpg
sofia,9,Central Sofia Market Hall,images/landmarks/sofia-central-sofia-market-hall.webp,1200x1377,0.871,strong,File:Central Market Hall in Sofia at night PD 2012 2.JPG,5319x3546,1.5,File:Central Market Hall in Sofia at night PD 2012 3.JPG | File:Central Market Hall in Sofia at night PD 2012 4.JPG | File:Central Market Hall in Sofia at night PD 2012 5.JPG
kralendijk,6,1000 Steps Beach,images/landmarks/kralendijk-1000-steps-beach.webp,1200x1378,0.871,strong,File:Dive Site 1000 Steps Curacao (36530588672).jpg,4843x3229,1.5,File:Bonaire 1000 steps (cropped).jpg | File:ถ้ำใต้ทะเลที่หมู่เกาะห้า.jpg | File:Dive Site Oilslick (36653878186).jpg
jamestown,0,Jacob's Ladder,images/landmarks/jamestown-jacobs-ladder.webp,874x1000,0.874,strong,File:Jacob's Ladder - 1 (39272283420).jpg,5568x3712,1.5,File:Jacob's Ladder - 2 (41038211402).jpg | File:Jacob's Ladder - 4 (40372068384).jpg | File:Looking down Jacob's Ladder at Jamestown at night.jpg
washington-d-c,3,The White House,images/landmarks/washington-dc-the-white-house.webp,1200x1373,0.874,good,"File:Münster, LVM Versicherung -- 2017.jpg",8858x5906,1.5,"File:Münster, Westdeutsche Lotterie -- 2017.jpg | File:Seattle Public Schools, ca. 1892 - DPLA - ad3e1cd073d1c950ac0236be7c493a21.jpg | File:McClellan monument before and after.jpg"
brugge,8,Sint-Janshospitaal (Old St. John's Hospital),images/landmarks/brugge-sint-janshospitaal-old-st-john-s-hospital.webp,1200x1366,0.878,strong,File:Bruges Belgium Sint-Janshospitaal-01.jpg,4817x3510,1.372,"File:Binnenzicht Sint-Janshospitaal ca. 1990.jpg | File:Boat passes St Johns Hospital on Bakkersrei in Bruges Belgium.jpg | File:Brugge Mariastraat 38, 44 Sint-Janshospitaal - 217584 - onroerenderfgoed.jpg"
isfahan,8,Vank Cathedral (Holy Savior Cathedral),images/landmarks/isfahan-vank-cathedral-holy-savior-cathedral.webp,1200x1365,0.879,good,"File:Catedral Vank, Isfahán, Irán, 2016-09-20, DD 98-100 HDR.jpg",5716x3963,1.442,"File:Chehel Sotoun 8.JPG | File:Imam Zadeh Saleh, Téhéran (4).jpg | File:4-15 Strong (13918438761).jpg"
scottsdale,2,Pinnacle Peak,images/landmarks/scottsdale-pinnacle-peak.webp,1200x1361,0.882,strong,File:2021 Pinnacle Peak from North 104th Way Scottsdale.jpg,3348x1887,1.774,"File:Pinnacle Peak Hiking Trail In Scottsdale, AZ.jpg | File:Pinnacle peak111.jpg | File:Pinnacle peak112.jpg"
krakow,6,St. Florian's Gate,images/landmarks/krakow-st-florians-gate.webp,1200x1360,0.882,good,"File:2022 Powiat bielski, Grodziec, Oficyna zamkowa 01.jpg",4467x2978,1.5,"File:2022 Powiat bielski, Grodziec, Oficyna zamkowa 02.jpg | File:Bonarka City Center sorted waste containers, Kraków, 2022.jpg | File:Boccanera Restaurant, Zaułek Niewiernego Tomasza, Kraków, Poland, 2022, 07.jpg"
yogyakarta,3,Taman Sari Water Castle,images/landmarks/yogyakarta-taman-sari-water-castle.webp,1200x1357,0.884,strong,"File:Concubine bathing area and tower, filled with people, Taman Sari, Yogyakarta 2014-04-24.jpg",5184x3456,1.5,"File:Carving over the sultan's tower, Taman Sari, Yogyakarta 2014-04-24.jpg | File:Flower carving in Sultan's Bathing Area, Taman Sari, Yogyakarta 2014-04-24 02.jpg | File:Taman Sari (Yogyakarta) 2017-08-01 (23).jpg"
cartagena,8,Plaza Santo Domingo and Botero's Gertrudis,images/landmarks/cartagena-plaza-santo-domingo.webp,1134x1280,0.886,good,File:B&W Gertrudis Botero CTG 11 2019 2418.jpg,3000x2000,1.5,File:Gertrudis Botero CTG 11 2019 9740.jpg | File:Gertrudis Botero CTG 11 2019 2442.jpg | File:Botero Gertrudis CTG 11 2019 1227.jpg
wurzburg,7,Neumünster,images/landmarks/wurzburg-neumunster.webp,1200x1355,0.886,strong,"File:Wurzburgo, Basílica de Neumünster 2.jpg",4164x2688,1.549,"File:Würzburg, Neumünster, 20151106-003.jpg | File:Neumünster Würzburg facade - DSC02777.JPG | File:Wurzburgo, Basílica de Neumünster 3.jpg"
paris,4,Sacré-Cœur Basilica,images/landmarks/paris-sacre-coeur-basilica.webp,1200x1353,0.887,strong,File:Basilique du Sacré-Cœur de Montmartre - The Basilica of the Sacred Heart of Paris - كنيسة الساكري كور في مونمارتر.jpg,2592x1728,1.5,File:Basilique du Sacré-Cœur de Montmartre - The Basilica of the Sacred Heart of Paris - كنيسة الساكري كور في مونمارتر photo1.jpg | File:Basilique du Sacré-Cœur de Montmartre - The Basilica of the Sacred Heart of Paris - كنيسة الساكري كور في مونمارتر photo01.jpg | File:Basilique du Sacré-Cœur de Montmartre - The Basilica of the Sacred Heart of Paris - كنيسة الساكري كور في مونمارتر photo6.jpg
salt-lake-city,0,Salt Lake Temple,images/landmarks/salt-lake-city-salt-lake-temple.webp,1200x1349,0.89,strong,File:Salt Lake Temple 01.jpg,5184x3456,1.5,File:Salt Lake Temple 02.jpg | File:Salt Lake Temple 03.jpg | File:Salt Lake Temple 04.jpg
istanbul,8,Maiden's Tower,images/landmarks/istanbul-maidens-tower.webp,1200x1347,0.891,good,File:At Istanbul - Wikimedia hackathon boat tour 2025 008.jpg,6960x4640,1.5,File:At Istanbul - Wikimedia hackathon boat tour 2025 049.jpg | File:At Istanbul - Wikimedia hackathon boat tour 2025 089.jpg | File:At Istanbul - Wikimedia hackathon boat tour 2025 092.jpg
helsinki,1,Helsinki Cathedral (Tuomiokirkko),images/landmarks/helsinki-helsinki-cathedral.webp,1200x1336,0.898,strong,File:Helsinki Dom.jpg,2848x2138,1.332,File:Sculpture of Alexander II of Russia in Helsinki.jpg | File:The Helsinki Cathedral.JPG | File:Plaza del Senado y Catedral (Helsinki) 01.jpg
liverpool,4,Metropolitan Cathedral of Christ the King,images/landmarks/liverpool-metropolitan-cathedral.webp,1200x1333,0.9,strong,File:Metropolitan Cathedral of Christ the King DSC 0821c-Edit.jpg,8256x5504,1.5,"File:Liverpool Metropolitan Cathedral from St John's Beacon 2.jpg | File:Liverpool Metropolitan Cathedral at dusk (reduced grain), corrected perspective.jpg"
san-diego,0,Balboa Park,images/landmarks/san-diego-balboa-park.webp,1200x1331,0.902,strong,File:Balboa Park7.jpg,4928x3264,1.51,"File:Balboa Park, San Diego, CA, USA - panoramio (285).jpg | File:Balboa Park, San Diego, California 9 2014-03-12.jpg | File:Balboa Park, San Diego, California 21 2014-03-12.jpg"
boston,7,Trinity Church,images/landmarks/boston-trinity-church.webp,1200x1327,0.904,strong,"File:Trinity Church, Boston 2.jpg",5184x3456,1.5,"File:Trinity Church - Boston, MA - DSC04257.jpg | File:Boston Trinity Church Copley Square 06.jpg | File:Boston Trinity Church Copley Square 05.jpg"
zhangye,7,Shandan Military Horse Ranch,images/landmarks/zhangye-shandan-military-horse-ranch.webp,1200x1323,0.907,good,File:Shandan County.jpg,4000x3000,1.333,"File:Shandan, Zhangye, Gansu, China - panoramio (2).jpg | File:Shandan, Zhangye, Gansu, China - panoramio (3).jpg | File:Shandan, Zhangye, Gansu, China - panoramio (4).jpg"
koblenz,3,Basilica of St. Castor,images/landmarks/koblenz-basilica-of-st-castor.webp,1200x1321,0.908,strong,"File:West facade of St Castor, Koblenz.JPG",4608x3456,1.333,"File:St. Castor zu Coblenz, RP-F-F14008.jpg | File:Koblenz-st castor basilika03.jpg | File:Koblenz im Buga-Jahr 2011 - Blumenhof am Deutschen Eck 10.jpg"
novi-sad,2,The Name of Mary Church,images/landmarks/novi-sad-name-of-mary-church.webp,1200x1321,0.908,strong,File:20230429.Name of Mary Church.-026.jpg,9211x5924,1.555,"File:Name of Mary Church in Novi sad.jpg | File:Name of Mary Church, Novi Sad 2.jpg | File:2026-06-09 Novi Sad, Trg slobode 3.jpg"
dublin,6,Christ Church Cathedral,images/landmarks/dublin-christ-church-cathedral.webp,1200x1321,0.908,strong,File:(Ireland) Dublin Christ Church Cathedral.JPG,2407x1621,1.485,"File:""Dublin bietet eine beeindruckende Vielfalt an architektonischen Stilen"". 06.jpg | File:Dublin Samuel Beckett Bridge.jpg | File:""Smithield Horse Fair"", Dublin, 2010 01.jpg"
velikiy-novgorod,2,Millennium of Russia Monument,images/landmarks/velikiy-novgorod-millennium-of-russia.webp,1200x1320,0.909,strong,File:Millennium Monument 1975.jpg,10192x6592,1.546,File:Памятник тысячелетию России 2013 05.JPG | File:NV Kreml 1001.jpg | File:Тысячелетие России с Софийским собором 2.jpg
bridgetown,1,St. Michael's Cathedral,images/landmarks/bridgetown-st-michael-s-cathedral.webp,446x490,0.91,strong,File:St. Michael´s Cathedral - panoramio.jpg,6550x3449,1.899,File:RUINED SUGAR MILL - ST. PHILIP - BARBADOS.jpg | File:Historic Bridgetown and its Garrison-115165.jpg | File:West Indian tales of old (1915) (14595069419).jpg
da-lat,1,Crazy House (Hang Nga Guesthouse),images/landmarks/da-lat-crazy-house-hang-nga.webp,1200x1316,0.912,strong,File:Hang Nga guesthouse 01.jpg,3888x2592,1.5,File:Hang Nga guesthouse 03.jpg | File:Hang Nga guesthouse 2.jpg | File:Hotelo Hang Nga 36.jpg
perpignan,1,Le Castillet,images/landmarks/perpignan-le-castillet.webp,1200x1309,0.917,strong,File:Castillet - Vue panoramique 05.jpg,6000x4000,1.5,File:Castillet - Vue panoramique 15.jpg | File:Perpignan Le Castillet (51032142991).jpg | File:Le Castillet de Perpignan - J-A Brutails - Université Bordeaux Montaigne - 2337.jpg
irkutsk,2,Kazan Church (Church of Our Lady of Kazan),images/landmarks/irkutsk-kazan-church-church-of-our-lady-of-kazan.webp,700x758,0.923,good,File:Cerkiew Kazańska w Irkucku 07.JPG,3456x2419,1.429,File:Cerkiew Kazańska w Irkucku 05.JPG | File:Cerkiew Kazańska w Irkucku 02.JPG
rotterdam,5,Grote of Sint-Laurenskerk,images/landmarks/rotterdam-grote-of-sint-laurenskerk.webp,1200x1300,0.923,strong,File:Grote of Sint-Laurenskerk (Rotterdam) 20180701.jpg,5184x3456,1.5,File:Grote of Sint-Laurenskerk (Rotterdam) 20180630-2.jpg | File:West facade of Grote of Sint-Laurenskerk (Rotterdam).jpg | File:Grote of Sint-Laurenskerk - Stadsdriehoek - Centrum - Rotterdam - West facade from the Grotekerkplein.jpg
morelia,0,Morelia Cathedral,images/landmarks/morelia-morelia-cathedral.webp,1200x1298,0.924,strong,File:Catedral de Morelia 01.JPG,5184x3456,1.5,"File:Catedral de Morelia, Michoacán.jpg | File:Catedral de Morelia Michoacán.JPG | File:Morelia Cathedral DSC 0450 AD.JPG"
fes,1,Bab Boujloud (The Blue Gate),images/landmarks/fes-bab-boujloud.webp,1200x1294,0.927,strong,File:The Blue Gate of Fes (5364685838).jpg,3521x2339,1.505,"File:Bab Boujloud, Fes.jpg | File:Bab Boujloud mosque, Fes.jpg"
yaroslavl,9,Church of the Epiphany,images/landmarks/yaroslavl-church-of-the-epiphany.webp,1200x1289,0.931,good,File:Epiphany (Yaroslavl).jpg,1502x980,1.533,File:Church of the Epiphany (Yaroslavl) 1920.jpg | File:Вечерняя церковь.JPG | File:Fonds Brumter (SUN-1984-2) - 06.jpg
positano,2,Sentiero degli Dei (Path of the Gods),images/landmarks/positano-sentiero-degli-dei.webp,1200x1285,0.934,strong,File:Sentiero degli dei vista.JPG,4608x3072,1.5,File:Sentiero degli Dei 1.jpg | File:Sentiero degli Dei 3.jpg | File:Sentiero degli Dei 5.jpg
bodrum,1,Mausoleum at Halicarnassus,images/landmarks/bodrum-mausoleum-at-halicarnassus.webp,561x600,0.935,strong,"File:Istanbul Archaeology Museum Lion from Mausoleum at Halycarnassus, Marble, ca. 380 BCE Halicarnassus (Bodrum) 3593.jpg",8256x5504,1.5,"File:Architectural elements from the Mausoleum of Halicarnassus, constructed for King Mausolus during the mid-4th century BC at Halicarnassus in Caria, Bodrum, Turkey (17548225042).jpg | File:The ruins of the Mausoleum of Halicarnassus, constructed for King Mausolus during the mid-4th century BC at Halicarnassus in Caria, Bodrum, Turkey (16862317094).jpg | File:The ruins of the Mausoleum of Halicarnassus, constructed for King Mausolus during the mid-4th century BC at Halicarnassus in Caria, Bodrum, Turkey (17459606776).jpg"
antsiranana,3,Tsingy Rouge,images/landmarks/antsiranana-tsingy-rouge.webp,400x428,0.935,strong,File:Tsingy rouge-D'Irodo-Antsiranana II Madagascar 01.jpg,5120x3840,1.333,File:Tsingy rouge-D'Irodo-Antsiranana II Madagascar 03.jpg | File:Tsingy rouge-D'Irodo-Antsiranana II Madagascar 06.jpg | File:Tsingy rouge-D'Irodo-Antsiranana II Madagascar 05.jpg
ziguinchor,7,Place Jean-Paul II,images/landmarks/ziguinchor-place-jean-paul-ii.webp,1280x1365,0.938,good,File:Fountain at John Paul II square in Swiebodzice.jpg,5472x3648,1.5,File:John Paul II square in Swiebodzice.jpg | File:Statue at John Paul II square in Swiebodzice.jpg | File:Pope John Paul II Square Diosgyor 02.jpg
bridgetown,7,National Heroes Square,images/landmarks/bridgetown-national-heroes-square.webp,430x458,0.939,good,"File:Heroes Square, Bridgetown (2000).jpg",1536x1024,1.5,"File:Trafalgar Square at sunset.JPG | File:Trafalgar Square, George IV - panoramio.jpg | File:210 Trafalgar Square (49077284293).jpg"
damascus,2,Street Called Straight (Via Recta),images/landmarks/damascus-street-called-straight.webp,1200x1277,0.94,strong,File:Damascus Street called straight 8266.jpg,4254x2832,1.502,"File:Damascus Street called straight 8194.jpg | File:The gate of the street called straight, Damascus, Holy Land, (i.e. Syria)-LCCN2002724980.jpg | File:Damascus house along the Straight Street 8173.jpg"
novi-sad,1,Trg Slobode (Liberty Square),images/landmarks/novi-sad-trg-slobode.webp,1200x1276,0.94,good,"File:""Tvrdjava pušta mesec kao zmaja..."" 01.jpg",5568x3712,1.5,"File:""Tvrdjava pušta mesec kao zmaja..."" 02.jpg | File:Baletska škola Dobrile Novkov 02.jpg | File:Baletska škola Dobrile Novkov 03.jpg"
bamako,4,Grand Marché de Bamako,images/landmarks/bamako-grand-marche-de-bamako.webp,1125x1197,0.94,strong,"File:Marché - Bamako, MALI.jpg",5184x3456,1.5,"File:Grand Marché - Bamako, MALI.jpg | File:Marché aux poteries de Bamako - Paul Deringère - btv1b10103822q.jpg | File:Vente de pagnes en coton et de calebasses sur le marché de Bamako - Paul Deringère - btv1b101038307.jpg"
port-moresby,3,Owers' Corner (Kokoda Track trailhead),images/landmarks/port-moresby-owers-corner.webp,498x528,0.943,good,File:Flights to Manari Village Kokoda Track (10695510746).jpg,4752x3168,1.5,"File:Kokoda Track Village Hut.jpg | File:Early morning at Alola, Kokoda Track, Papua New Guinea.jpg | File:Kokoda track Papua New Guinea.JPG"
port-of-spain,8,Lion House,images/landmarks/port-of-spain-lion-house.webp,1280x1354,0.945,good,File:SpanishCompanyArms Overmantel 1630 RookabeareHouse Fremington Devon .PNG,3646x2358,1.546,
lubeck,0,Holstentor (Holsten Gate),images/landmarks/lubeck-holstentor.webp,1200x1268,0.946,good,"File:Lübeck, Schleswig-Holstein - Holstentor (Zeno Ansichtskarten).jpg",2125x1332,1.595,"File:Frachtschiffreise32 Lotse Pilot ""Stein"" vor Travemünde (D).jpg | File:Dom zu Lübeck, Mühlenteich.jpg | File:EMB Neubau2017.jpg"
taormina,6,Palazzo Corvaja,images/landmarks/taormina-palazzo-corvaja.webp,1200x1266,0.948,strong,File:Palazzo Corvaja - panoramio.jpg,4134x2756,1.5,File:Tower - Palazzo Corvaja - Taormina - Italy 2015.JPG | File:Palazzo Corvaja-pjt.jpg | File:Corvaja p..JPG
saint-pierre,3,L'Arche Musée et Archives,images/landmarks/saint-pierre-spm-l-arche-musee-et-archives.webp,1200x1263,0.95,good,"File:Furtwangen, Blick zur Friedrichschule 20260318.jpg",6000x4000,1.5,"File:Furtwangen, Sparkasse 20260318.jpg | File:Furtwangen, Gerwigstraße, Volksbank 20260318.jpg | File:Studierendenhäuser Am Großhausberg.jpg"
bodrum,4,Bodrum Windmills,images/landmarks/bodrum-bodrum-windmills.webp,1200x1256,0.955,strong,File:Windmills of Bodrum - panoramio.jpg,5184x3456,1.5,File:Bodrum windmills 03.JPG | File:Bodrum windmills.jpg | File:Bodrum windmills 06.JPG
buenos-aires,6,Floralis Genérica,images/landmarks/buenos-aires-floralis-generica.webp,1200x1257,0.955,good,"File:Aerial view - Palermo, Buenos Aires.jpg",5246x3497,1.5,"File:Aerial view - Palermo, Buenos Aires (2).jpg | File:Argentina, gira Caribe y Sur América (12205692385).jpg | File:Argentina, gira Caribe y Sur América (12205929963).jpg"
hamadan,7,Stone Lion (Sang-e Shir),images/landmarks/hamadan-stone-lion.webp,1141x1194,0.956,strong,"File:The stone lion of Hamadan, Hellenistic sculpture, Ecbatana, Iran 01.jpg",4928x3264,1.51,"File:The stone lion of Hamadan, Hellenistic sculpture, Ecbatana, Iran 03.jpg | File:The stone lion of Hamadan, Hellenistic sculpture, Ecbatana, Iran 02.jpg | File:The stone lion of Hamadan, Hellenistic sculpture, Ecbatana, Iran 04.jpg"
san-pedro-sula,0,Catedral Metropolitana San Pedro Apóstol,images/landmarks/san-pedro-sula-catedral-metropolitana-san-pedro-apostol.webp,1200x1250,0.96,strong,File:Cúpula de la Catedral Metropolitana San Pedro Apóstol.jpg,6000x4000,1.5,File:Cúpula de la Catedral Metropolitana San Pedro Apóstol.png | File:Amanecer en la Catedral San Pedro Apóstol.jpg | File:Gran Central Metropolitana de San Pedro Sula.jpg
cologne,2,Great St. Martin Church and the Old Town,images/landmarks/cologne-great-st-martin-church-and-the-old-town.webp,1137x1181,0.963,strong,File:Köln - An Groß St Martin - Groß St Martin ex 02 ies.jpg,5616x3744,1.5,"File:Köln - An Groß St Martin - Groß St Martin ex 03 ies.jpg | File:Eisenmarkt, Groß St. Martin, Köln-0364.jpg | File:Groß St. Martin, Fischmarkt, Rheingarten, Köln-0363.jpg"
chefchaouen,5,Ras El Maa waterfall and springs,images/landmarks/chefchaouen-ras-el-maa.webp,1200x1245,0.964,good,File:Anti-Atlas oasis village.jpg,5760x3840,1.5,File:Akchour mountains.jpg | File:Angour (5629429674).jpg | File:Colored Rocks 1.jpg
chiang-rai,9,Khun Korn Waterfall,images/landmarks/chiang-rai-khun-korn-waterfall.webp,1200x1240,0.968,good,File:1044 - Khlong Nam Lai Waterfall 04.jpg,3456x2304,1.5,File:1044 - Khlong Nam Lai Waterfall 05.jpg | File:A Waterfall Wonderland.jpg | File:1044 - Khlong Nam Lai Waterfall 02.jpg
medina,0,Al-Masjid an-Nabawi (Prophet's Mosque),images/landmarks/medina-al-masjid-an-nabawi.webp,1200x1240,0.968,strong,File:Al-Masjid An-Nabawi (Bird's Eye View).jpg,5472x3648,1.5,File:Courtyard of Al-Masjid al-Nabawi - panoramio.jpg | File:Clock Tower Main Gate Masjid Nabawi - panoramio.jpg | File:Al Masjid Nabawi Madina - panoramio.jpg
apia,4,Papase'ea Sliding Rocks,images/landmarks/apia-papaseea-sliding-rocks.webp,1200x1236,0.971,good,File:Nu'ulopa island picnic site - Samoa.jpg,3888x2592,1.5,File:Sunset at Sapapali'i - Samoa.jpg | File:Nu'ulopa island beach - Samoa.jpg | File:Nu'ulopa island - Samoa.jpg
brisbane,3,Brisbane City Hall,images/landmarks/brisbane-brisbane-city-hall.webp,1200x1228,0.977,strong,File:Brisbane City Hall 1967 - Photo by Robert McPherson 11-10-2015 2.jpg,5184x3456,1.5,File:Shingle Inn Brisbane City Hall DSC 2492.jpg | File:Brisbane City Hall Main Auditorium atrium skylight Adelaide St side first floor Brisbane IMGP4651.jpg | File:Brisbane City Hall Adelaide St foyer and chandeliers ground floor Brisbane IMGP4611.jpg
malmo,4,Lilla Torg,images/landmarks/malmo-lilla-torg.webp,1200x1228,0.977,strong,File:Lilla torg (Kleiner Markt) Malmö@20150529 03.JPG,4600x3067,1.5,"File:Malmö, Lilla Torg 1.jpg | File:Lilla-torg-and-buildings-malmö.jpg | File:Lilla torg Malmo 2017 2.jpg"
dijon,5,Cathédrale Saint-Bénigne,images/landmarks/dijon-cathedrale-saint-benigne.webp,1200x1227,0.978,strong,File:Dijon Cathédrale Saint-Bénigne 08.jpg,3357x2241,1.498,File:Dijon Cathédrale St. Bénigne Fassade 3.jpg | File:Cathédrale Saint Bénigne - Dijon (FR21) - 2022-04-16 - 31.jpg | File:Cathédrale Saint Bénigne - Dijon (FR21) - 2022-04-16 - 32.jpg
alice-springs,8,Olive Pink Botanic Garden,images/landmarks/alice-springs-olive-pink-botanic-garden.webp,1290x1316,0.98,good,File:P4230146.JPG,2288x1712,1.336,"File:Former North Australia Railway NF class locomotive (ex-SAR W class) displayed at Pine Creek in 2005.jpg | File:Ex-WAGR diesel-electric shunting locomotive no TA1814 on static display at Pine Creek, NT.jpg | File:Adelaide Darwin Railway Line between Adelaide River and Pine Creek DSC03643.jpg"
ouarzazate,3,Musée du Cinéma (Cinema Museum),images/landmarks/ouarzazate-musee-du-cinema.webp,1200x1224,0.98,good,File:Projecteur Pathé Baby - coll cinémathèque Grenoble 2.jpg,4160x3120,1.333,File:Kasbah Taourirt Ouarzazate DSCF6838.jpg | File:2008-03-22 Blick über Ouarzazate (Marokko) mit Atlasgebirge.jpg | File:Necessaire entr Pathé Baby - coll cinémathèque Grenoble 1.jpg
riyadh,1,Al Faisaliah Tower,images/landmarks/riyadh-al-faisaliah-tower.webp,1006x1024,0.982,good,File:Noura bint Faisal Al Saud.jpg,3648x2432,1.5,File:Saudi Fashion Week.jpg | File:Riyadh Skyline.jpg
toulouse,4,Toulouse Cathedral (Cathédrale Saint-Étienne),images/landmarks/toulouse-toulouse-cathedral.webp,1200x1221,0.983,good,File:Archives municipales de Toulouse 03.jpg,5184x3456,1.5,File:Archives municipales de Toulouse 01.jpg | File:Archives municipales de Toulouse 02.jpg | File:Archives municipales de Toulouse 04.jpg
accra,4,Ussher Fort,images/landmarks/accra-ussher-fort.webp,1200x1214,0.988,strong,File:Ussher Fort 19.jpg,5184x3456,1.5,File:Ussher Fort 18.jpg | File:Ussher Fort 21.jpg | File:Ussher Fort 20.jpg
rostock,0,St.-Marien-Kirche (St Mary's Church),images/landmarks/rostock-st-marien-kirche-st-marys-church.webp,790x800,0.988,strong,File:St.-Marien-Kirche Rostock aus Neuer Markt 20190808.jpg,2816x1880,1.498,"File:St.-Marien-Kirche Rostock Suedeingang 20190808.jpg | File:Framed buildings (24157178522).jpg | File:St Marys Church, Rostock.jpg"
salerno,0,Duomo di Salerno (Salerno Cathedral),images/landmarks/salerno-duomo-di-salerno.webp,1200x1211,0.991,strong,File:Salerno - Duomo 2.jpg,2816x2112,1.333,File:Facciata del duomo di Salerno.jpg | File:Atrio catedral Salerno 02.JPG | File:Atrio catedral Salerno 10.JPG
monaco,2,Monaco Cathedral,images/landmarks/monaco-monaco-cathedral.webp,1200x1210,0.992,strong,"File:Interior of Saint Nicholas Cathedral, Monaco (5).jpg",5472x3648,1.5,"File:Interior of Saint Nicholas Cathedral, Monaco (8).jpg | File:Interior of Saint Nicholas Cathedral, Monaco (10).jpg | File:Interior of Saint Nicholas Cathedral, Monaco (11).jpg"
caracas,4,Capitolio Nacional,images/landmarks/caracas-capitolio-nacional.webp,599x603,0.993,strong,File:Asamblea Nacional de la República Bolivariana de Venezuela.JPG,3648x2736,1.333,File:Asamblea Nacional de Venezuela.jpeg | File:La Asamblea Nacional de Venezuela.jpg | File:LegislativoCentro.jpg
mytilene,6,Theophilos Museum,images/landmarks/mytilene-theophilos-museum.webp,329x331,0.994,strong,File:Theophilos periklhs apo ths pnykos.jpg,1741x1304,1.335,File:Botsaris death.JPG
parma,6,Camera di San Paolo,images/landmarks/parma-camera-di-san-paolo.webp,1200x1205,0.996,strong,File:Parma San Paolo Camera del Correggio Camino.jpg,4573x3104,1.473,"File:Correggio, camera di san paolo, 1518-19, 01.jpg | File:Correggio, camera di san paolo, 1518-19, 03 volta.jpg | File:Correggio, camera di san paolo, 1518-19, 02.jpg"
marmaris,2,Netsel Marina,images/landmarks/marmaris-netsel-marina.webp,1200x1204,0.997,good,File:Marmaris - panoramio (22).jpg,5091x3394,1.5,"File:Marmaris 2.JPG | File:Lighthouse marmaris.jpg | File:Faces of Marmaris, Muğla Province, southwest Turkey, Mediterranean.jpg"
tegucigalpa,9,Río Choluteca and City Skyline,images/landmarks/tegucigalpa-rio-choluteca-and-city-skyline.webp,1200x1204,0.997,strong,File:Tegucigalpa - Rio Choluteca 2005.jpg,2592x1944,1.333,"File:Tegucigalpa Skyline 2020s.jpg | File:Skyline of the Great Tegucigalpa, Honduras.jpg | File:Tegucigalpa-skyline-2024.jpg"
chengdu,9,Chunxi Road,images/landmarks/chengdu-chunxi-road.webp,1200x1201,0.999,strong,File:Chunxi Road 20260512.jpg,5184x3456,1.5,File:Chunxi Road 20260514-2.jpg | File:Chunxi Road 2025 2.jpg | File:Chunxi Road 2025 1.jpg
fort-de-france,0,Bibliothèque Schoelcher,images/landmarks/fort-de-france-bibliotheque-schoelcher.webp,1200x1201,0.999,strong,File:Bibliotheque Schoelcher - panoramio.jpg,4272x2848,1.5,"File:Bibliothèque Schoelcher (Fort-de-France, Martinique) - 01.jpg | File:Bibliothèque Schoelcher (Fort-de-France, Martinique) - 03.jpg | File:Détail Bibliothèque Schoelcher.jpg"
salerno,4,Via dei Mercanti,images/landmarks/salerno-via-dei-mercanti.webp,532x1600,0.333,none,,,,
bamako,8,Muso Kunda Museum,images/landmarks/bamako-muso-kunda-museum.webp,607x1080,0.562,none,,,,
cayenne,2,Marché de Cayenne (Central Market),images/landmarks/cayenne-marche-de-cayenne.webp,719x1280,0.562,none,,,,
bissau,8,Amílcar Cabral Statue and Mausoleum Grounds,images/landmarks/bissau-cabral-mausoleum.webp,900x1600,0.562,none,,,,
cuiaba,2,Centro Geodésico da América do Sul,images/landmarks/cuiaba-centro-geodesico-america-do-sul.webp,900x1600,0.562,none,,,,
florence,4,Uffizi Gallery,images/landmarks/florence-uffizi-gallery.webp,900x1600,0.562,none,,,,
da-nang,3,Lady Buddha and Linh Ung Pagoda,images/landmarks/da-nang-lady-buddha-linh-ung-pagoda.webp,900x1600,0.562,none,,,,
roseau,0,Roseau Cathedral (Our Lady of Fair Haven),images/landmarks/roseau-roseau-cathedral-our-lady-of-fair-haven.webp,907x1600,0.567,none,,,,
macau,3,Macau Tower,images/landmarks/macau-macau-tower.webp,930x1600,0.581,none,,,,
harar,8,Medhane Alem Cathedral,images/landmarks/harar-medhane-alem-cathedral.webp,932x1600,0.583,none,,,,
kermanshah,8,Dowlatshah Mosque,images/landmarks/kermanshah-dowlatshah-mosque.webp,702x1189,0.59,none,,,,
saint-john-s,1,Redcliffe Quay,images/landmarks/saint-john-s-redcliffe-quay.webp,1200x1991,0.603,none,,,,
liberia,7,Africa Mia,images/landmarks/liberia-africa-mia.webp,500x822,0.608,none,,,,
kumasi,6,Rattray Park,images/landmarks/kumasi-rattray-park.webp,803x1302,0.617,none,,,,
rostock,3,Kröpeliner Tor,images/landmarks/rostock-kropeliner-tor.webp,999x1599,0.625,none,,,,
ashgabat,1,Independence Monument,images/landmarks/ashgabat-independence-monument.webp,1007x1600,0.629,none,,,,
bremen,3,Schnoor Quarter,images/landmarks/bremen-schnoor-quarter.webp,1011x1600,0.632,none,,,,
pittsburgh,8,Allegheny County Courthouse,images/landmarks/pittsburgh-allegheny-county-courthouse.webp,1012x1600,0.632,none,,,,
ulm,5,Wiblingen Monastery Library,images/landmarks/ulm-wiblingen-monastery-library.webp,1013x1600,0.633,none,,,,
nelson,4,Nelson Saturday Market,images/landmarks/nelson-nelson-saturday-market.webp,1025x1600,0.641,none,,,,
basel,1,Basel Rathaus (Town Hall),images/landmarks/basel-rathaus-town-hall.webp,1043x1600,0.652,none,,,,
torshavn,4,Nordic House (Norðurlandahúsið),images/landmarks/torshavn-nordic-house.webp,1052x1600,0.657,none,,,,
cardiff,8,Victorian and Edwardian Arcades,images/landmarks/cardiff-victorian-edwardian-arcades.webp,1054x1600,0.659,none,,,,
willemstad,3,Fort Amsterdam,images/landmarks/willemstad-fort-amsterdam.webp,1055x1600,0.659,none,,,,
riga,8,Riga TV Tower,images/landmarks/riga-riga-tv-tower.webp,1055x1600,0.659,none,,,,
bangui,6,Boganda National Museum,images/landmarks/bangui-boganda-national-museum.webp,969x1469,0.66,none,,,,
harar,5,Gidir Magala Market,images/landmarks/harar-gidir-magala-market.webp,1056x1600,0.66,none,,,,
kamakura,9,Enoshima Island and the Enoden Railway,images/landmarks/kamakura-enoshima-island.webp,1059x1600,0.662,none,,,,
pai,2,Tha Pai Memorial Bridge,images/landmarks/pai-tha-pai-memorial-bridge.webp,1002x1512,0.663,none,,,,
brussels,2,Manneken Pis,images/landmarks/brussels-manneken-pis.webp,1062x1600,0.664,none,,,,
olomouc,2,St. Wenceslas Cathedral,images/landmarks/olomouc-st-wenceslas-cathedral.webp,1063x1600,0.664,none,,,,
olomouc,9,Villa Primavesi,images/landmarks/olomouc-villa-primavesi.webp,1063x1600,0.664,none,,,,
salvador,5,Farol da Barra (Barra Lighthouse),images/landmarks/salvador-farol-da-barra.webp,1062x1600,0.664,none,,,,
tofino,4,Meares Island Big Tree Trail,images/landmarks/tofino-meares-island-big-tree-trail.webp,1063x1600,0.664,none,,,,
capri,4,Monte Solaro Chairlift,images/landmarks/capri-monte-solaro-chairlift.webp,660x993,0.665,none,,,,
inhambane,1,Ponta da Barra and Barra Lighthouse,images/landmarks/inhambane-ponta-da-barra-and-barra-lighthouse.webp,851x1280,0.665,none,,,,
calgary,2,The Bow,images/landmarks/calgary-the-bow.webp,1066x1600,0.666,none,,,,
brugge,7,Groeningemuseum,images/landmarks/brugge-groeningemuseum.webp,1066x1600,0.666,none,,,,
casablanca,9,Notre-Dame de Lourdes Church,images/landmarks/casablanca-notre-dame-de-lourdes.webp,1066x1600,0.666,none,,,,
chamonix-mont-blanc,6,Glacier des Bossons,images/landmarks/chamonix-mont-blanc-glacier-des-bossons.webp,1066x1600,0.666,none,,,,
catania,0,Piazza del Duomo and the Fontana dell'Elefante,images/landmarks/catania-piazza-del-duomo.webp,1066x1600,0.666,none,,,,
chicago,1,Willis Tower Skydeck,images/landmarks/chicago-willis-tower-skydeck.webp,1066x1600,0.666,none,,,,
chefchaouen,8,Talassemtane National Park,images/landmarks/chefchaouen-talassemtane-national-park.webp,1066x1600,0.666,none,,,,
chicago,5,Chicago Riverwalk,images/landmarks/chicago-riverwalk.webp,1066x1600,0.666,none,,,,
cordoba,3,Judería and Calleja de las Flores,images/landmarks/cordoba-juderia-calleja-de-las-flores.webp,1066x1600,0.666,none,,,,
cologne,6,KölnTriangle observation deck,images/landmarks/cologne-k-lntriangle-observation-deck.webp,1066x1600,0.666,none,,,,
ica,8,Cañón de los Perdidos (Canyon of the Lost),images/landmarks/ica-canon-de-los-perdidos.webp,1066x1600,0.666,none,,,,
kashgar,8,Shipton's Arch (Tushuk Tash),images/landmarks/kashgar-shiptons-arch.webp,1066x1600,0.666,none,,,,
ko-samui,6,Na Muang Waterfalls,images/landmarks/ko-samui-na-muang-waterfalls.webp,1066x1600,0.666,none,,,,
konstanz,0,Konstanz Minster (Münster Unserer Lieben Frau),images/landmarks/konstanz-minster.webp,1066x1600,0.666,none,,,,
kerman,7,Jameh Mosque of Kerman,images/landmarks/kerman-jameh-mosque-of-kerman.webp,1066x1600,0.666,none,,,,
krabi,2,Tiger Cave Temple (Wat Tham Suea),images/landmarks/krabi-tiger-cave-temple.webp,1066x1600,0.666,none,,,,
kuala-lumpur,1,Batu Caves,images/landmarks/kuala-lumpur-batu-caves.webp,1066x1600,0.666,none,,,,
labuan-bajo,5,Batu Cermin Cave (Mirror Rock Cave),images/landmarks/labuan-bajo-batu-cermin-cave.webp,1066x1600,0.666,none,,,,
konstanz,7,Rosgarten Museum,images/landmarks/konstanz-rosgarten-museum.webp,1066x1600,0.666,none,,,,
pilsen,6,Renaissance Town Hall,images/landmarks/pilsen-renaissance-town-hall.webp,1066x1600,0.666,none,,,,
sanliurfa,4,Haleplibahçe Mosaic Museum,images/landmarks/sanliurfa-haleplibahce-mosaic-museum.webp,1066x1600,0.666,none,,,,
santiago-de-compostela,2,Hostal dos Reis Católicos,images/landmarks/santiago-de-compostela-hostal-dos-reis-catolicos.webp,1066x1600,0.666,none,,,,
santiago-de-compostela,9,Rúa do Franco & the Old Town,images/landmarks/santiago-de-compostela-rua-do-franco.webp,1066x1600,0.666,none,,,,
san-antonio,5,Tower of the Americas,images/landmarks/san-antonio-tower-of-the-americas.webp,1066x1600,0.666,none,,,,
santiago-de-cuba,8,Padre Pico Steps & Tivolí Quarter,images/landmarks/santiago-de-cuba-padre-pico-steps.webp,1066x1600,0.666,none,,,,
abha,2,Shada Palace,images/landmarks/abha-shada-palace.webp,1067x1600,0.667,none,,,,
angra-dos-reis,5,Convento de Sao Bernardino de Sena,images/landmarks/angra-dos-reis-convento-de-sao-bernardino-de-sena.webp,1067x1600,0.667,none,,,,
ashgabat,4,Monument to the Constitution,images/landmarks/ashgabat-monument-to-the-constitution.webp,1067x1600,0.667,none,,,,
heidelberg,4,Church of the Holy Spirit (Heiliggeistkirche),images/landmarks/heidelberg-church-of-the-holy-spirit.webp,1068x1600,0.667,none,,,,
istanbul,4,Grand Bazaar,images/landmarks/istanbul-grand-bazaar.webp,1067x1600,0.667,none,,,,
gondar,3,Fasilides' Bath,images/landmarks/gondar-fasilides-bath.webp,1067x1600,0.667,none,,,,
jeddah,0,King Fahd's Fountain,images/landmarks/jeddah-king-fahds-fountain.webp,1067x1600,0.667,none,,,,
kathmandu,9,Nyatapola Temple Bazaar,images/landmarks/kathmandu-nyatapola-temple.webp,800x1200,0.667,none,,,,
konstanz,1,Imperia Statue,images/landmarks/konstanz-imperia-statue.webp,1067x1600,0.667,none,,,,
toulouse,8,Canal du Midi,images/landmarks/toulouse-canal-du-midi.webp,1067x1600,0.667,none,,,,
toronto,5,Toronto City Hall,images/landmarks/toronto-toronto-city-hall.webp,1067x1600,0.667,none,,,,
trier,2,Liebfrauenkirche (Church of Our Lady),images/landmarks/trier-liebfrauenkirche.webp,1067x1600,0.667,none,,,,
tokyo,8,teamLab Planets TOKYO,images/landmarks/tokyo-teamlab-planets.webp,1067x1600,0.667,none,,,,
trinidad,8,Cerro de la Vigía and Ermita de la Popa,images/landmarks/trinidad-cerro-de-la-vigia.webp,1067x1600,0.667,none,,,,
fenghuang,5,Former Residence of Shen Congwen,images/landmarks/fenghuang-former-residence-of-shen-congwen.webp,400x599,0.668,none,,,,
iquitos,4,Iglesia Matriz de Iquitos (San Juan Bautista),images/landmarks/iquitos-iglesia-matriz-de-iquitos-san-juan-bautista.webp,1070x1600,0.669,none,,,,
ostrava,5,Masaryk Square (Masarykovo náměstí),images/landmarks/ostrava-masaryk-square.webp,1076x1600,0.672,none,,,,
houston,3,Gerald D. Hines Waterwall Park,images/landmarks/houston-gerald-d-hines-waterwall-park.webp,1078x1600,0.674,none,,,,
nablus,5,Great Mosque of Nablus,images/landmarks/nablus-great-mosque.webp,422x626,0.674,none,,,,
krakow,4,St. Mary's Basilica,images/landmarks/krakow-st-marys-basilica.webp,1079x1600,0.674,none,,,,
new-york,8,Rockefeller Center,images/landmarks/new-york-rockefeller-center.webp,1079x1600,0.674,none,,,,
sibiu,0,Piața Mare (Large Square),images/landmarks/sibiu-piata-mare.webp,1079x1600,0.674,none,,,,
sarajevo,1,Baščaršija,images/landmarks/sarajevo-bascarsija.webp,1079x1600,0.674,none,,,,
el-chalten,2,Cerro Torre,images/landmarks/el-chalten-cerro-torre.webp,522x773,0.675,none,,,,
maastricht,7,Helpoort (Hell's Gate),images/landmarks/maastricht-helpoort.webp,1080x1600,0.675,none,,,,
beirut,4,Martyrs' Square,images/landmarks/beirut-martyrs-square.webp,1088x1600,0.68,none,,,,
osogbo,4,Nike Centre for Art and Culture,images/landmarks/osogbo-nike-centre-for-art-and-culture.webp,1105x1600,0.691,none,,,,
mostar,3,Kriva Ćuprija (Crooked Bridge),images/landmarks/mostar-kriva-cuprija.webp,1106x1600,0.691,none,,,,
phitsanulok,9,Thai Bird Garden,images/landmarks/phitsanulok-thai-bird-garden.webp,461x665,0.693,none,,,,
tbilisi,2,Abanotubani Sulfur Bathhouses,images/landmarks/tbilisi-abanotubani-sulfur-bathhouses.webp,294x421,0.698,none,,,,
andorra-la-vella,1,Santuari de Meritxell,images/landmarks/andorra-la-vella-santuari-de-meritxell.webp,1117x1600,0.698,none,,,,
sochi,3,Sochi Marine Terminal (Morskoy Vokzal),images/landmarks/sochi-sochi-marine-terminal.webp,1117x1600,0.698,none,,,,
vilnius,3,St. Anne's Church,images/landmarks/vilnius-st-annes-church.webp,1118x1600,0.699,none,,,,
kerman,3,Shah Nematollah Vali Shrine (Mahan),images/landmarks/kerman-shah-nematollah-vali-shrine.webp,1120x1600,0.7,none,,,,
gilgit,4,Chinese Memorial (Danyor Cemetery),images/landmarks/gilgit-chinese-memorial.webp,504x720,0.7,none,,,,
brades,7,Oriole Walkway Trail (Centre Hills),images/landmarks/brades-oriole-walkway-trail.webp,960x1358,0.707,none,,,,
cartagena,9,Convento e Iglesia de San Pedro Claver,images/landmarks/cartagena-convento-e-iglesia-de-san-pedro-claver.webp,202x285,0.709,none,,,,
veracruz,9,Plaza de la Campana,images/landmarks/veracruz-plaza-de-la-campana.webp,1280x1802,0.71,none,,,,
jaffna,9,Kadurugoda Vihara (Kandarodai Ruins),images/landmarks/jaffna-kadurugoda-vihara-kandarodai-ruins.webp,1143x1600,0.714,none,,,,
bristol,2,Bristol Cathedral,images/landmarks/bristol-bristol-cathedral.webp,1143x1599,0.715,none,,,,
kashan,9,Jameh Mosque of Kashan,images/landmarks/kashan-jameh-mosque.webp,1144x1600,0.715,none,,,,
cockburn-town,8,St. Thomas' Anglican Church,images/landmarks/cockburn-town-st-thomas-anglican-church.webp,398x556,0.716,none,,,,
ashgabat,8,Alem Cultural and Entertainment Center,images/landmarks/ashgabat-alem-cultural-and-entertainment-center.webp,1152x1600,0.72,none,,,,
chios,9,Giustiniani Palace Museum,images/landmarks/chios-giustiniani-palace-museum.webp,431x599,0.72,none,,,,
maastricht,8,Sint Janskerk,images/landmarks/maastricht-sint-janskerk.webp,1155x1600,0.722,none,,,,
lagos,8,"Cathedral Church of Christ, Marina",images/landmarks/lagos-cathedral-church-of-christ-marina.webp,1156x1600,0.723,none,,,,
niagara-falls,3,Skylon Tower,images/landmarks/niagara-falls-skylon-tower.webp,1157x1600,0.723,none,,,,
mogadishu,9,Mogadishu Skyline,images/landmarks/mogadishu-mogadishu-skyline.webp,1158x1600,0.724,none,,,,
pilsen,3,Great Synagogue,images/landmarks/pilsen-great-synagogue.webp,1159x1600,0.724,none,,,,
luxembourg,6,Gëlle Fra (Monument of Remembrance),images/landmarks/luxembourg-gelle-fra.webp,1126x1554,0.725,none,,,,
barcelona,6,Gothic Quarter (Barri Gòtic),images/landmarks/barcelona-gothic-quarter.webp,794x1094,0.726,none,,,,
cape-town,2,V&A Waterfront,images/landmarks/cape-town-va-waterfront.webp,1195x1600,0.747,none,,,,
vladimir,0,Assumption (Dormition) Cathedral,images/landmarks/vladimir-assumption-cathedral.webp,1197x1600,0.748,none,,,,
belem,1,Basílica Santuário de Nazaré,images/landmarks/belem-basilica-santuario-de-nazare.webp,1199x1600,0.749,none,,,,
lahore,3,Minar-e-Pakistan,images/landmarks/lahore-minar-e-pakistan.webp,1199x1600,0.749,none,,,,
jakarta,5,Taman Mini Indonesia Indah (TMII),images/landmarks/jakarta-taman-mini-indonesia-indah-tmii.webp,1199x1600,0.749,none,,,,
cambridge,0,King's College Chapel,images/landmarks/cambridge-kings-college-chapel.webp,1199x1600,0.749,none,,,,
lyon,9,Fresque des Lyonnais,images/landmarks/lyon-fresque-des-lyonnais.webp,1199x1600,0.749,none,,,,
mataram,3,Taman Narmada,images/landmarks/mataram-taman-narmada.webp,1199x1600,0.749,none,,,,
accra,9,W.E.B. Du Bois Centre,images/landmarks/accra-w-e-b-du-bois-centre.webp,1280x1707,0.75,none,,,,
al-ahmadi,6,Fahaheel Fish Market,images/landmarks/al-ahmadi-fahaheel-fish-market.webp,1200x1600,0.75,none,,,,
almaty,8,Central State Museum of Kazakhstan,images/landmarks/almaty-central-state-museum-of-kazakhstan.webp,1200x1600,0.75,none,,,,
antsiranana,6,Rue Colbert and the Colonial Old Town,images/landmarks/antsiranana-rue-colbert-and-the-colonial-old-town.webp,1200x1600,0.75,none,,,,
baghdad,8,Umm al-Qura Mosque,images/landmarks/baghdad-umm-al-qura-mosque.webp,960x1280,0.75,none,,,,
bangkok,7,Wat Traimit (Golden Buddha),images/landmarks/bangkok-wat-traimit-golden-buddha.webp,1200x1599,0.75,none,,,,
bamako,5,Monument de l'Indépendance,images/landmarks/bamako-monument-de-lindependance.webp,780x1040,0.75,none,,,,
battambang,3,Wat Banan,images/landmarks/battambang-wat-banan.webp,1200x1600,0.75,none,,,,
bandar-seri-begawan,2,Jame'Asr Hassanil Bolkiah Mosque,images/landmarks/bandar-seri-begawan-jameasr-hassanil-bolkiah-mosque.webp,1200x1600,0.75,none,,,,
beirut,1,Mohammad Al-Amin Mosque,images/landmarks/beirut-mohammad-al-amin-mosque.webp,493x657,0.75,none,,,,
barranquilla,1,Ventana al Mundo (Window to the World),images/landmarks/barranquilla-ventana-al-mundo.webp,1200x1600,0.75,none,,,,
bergen,7,Troldhaugen,images/landmarks/bergen-troldhaugen.webp,1200x1600,0.75,none,,,,
bern,7,Einstein House (Einsteinhaus),images/landmarks/bern-einstein-house.webp,1200x1600,0.75,none,,,,
blantyre,0,St Michael and All Angels Church,images/landmarks/blantyre-st-michael-and-all-angels-church.webp,1200x1600,0.75,none,,,,
belo-horizonte,4,Mercado Central (Central Market),images/landmarks/belo-horizonte-mercado-central-central-market.webp,1200x1600,0.75,none,,,,
bogota,6,Torre Colpatria,images/landmarks/bogota-torre-colpatria.webp,1200x1600,0.75,none,,,,
bodrum,7,Zeki Müren Arts Museum,images/landmarks/bodrum-zeki-muren-arts-museum.webp,1200x1600,0.75,none,,,,
brades,5,Little Bay Beach,images/landmarks/brades-little-bay-beach.webp,1200x1600,0.75,none,,,,
bujumbura,7,Lake Tanganyika Sunset Viewpoint,images/landmarks/bujumbura-lake-tanganyika-sunset-viewpoint.webp,960x1280,0.75,none,,,,
cockburn-town,6,Grand Turk Salinas,images/landmarks/cockburn-town-grand-turk-salinas.webp,1200x1600,0.75,none,,,,
cockburn-town,2,Grand Turk Lighthouse,images/landmarks/cockburn-town-grand-turk-lighthouse.webp,1200x1600,0.75,none,,,,
dar-es-salaam,1,Askari Monument,images/landmarks/dar-es-salaam-askari-monument.webp,684x912,0.75,none,,,,
dar-es-salaam,0,St. Joseph's Metropolitan Cathedral,images/landmarks/dar-es-salaam-st-josephs-metropolitan-cathedral.webp,1152x1536,0.75,none,,,,
dili,0,Cristo Rei of Dili,images/landmarks/dili-cristo-rei.webp,1200x1600,0.75,none,,,,
douala,0,Cathédrale Saint-Pierre-et-Saint-Paul,images/landmarks/douala-cathedrale-saint-pierre-saint-paul.webp,1200x1600,0.75,none,,,,
douala,4,Akwa District,images/landmarks/douala-akwa-district.webp,1200x1600,0.75,none,,,,
douala,6,Deido District,images/landmarks/douala-deido-district.webp,1200x1600,0.75,none,,,,
durres,6,Royal Villa of Durrës (King Zog's Palace),images/landmarks/durres-royal-villa-of-durres-king-zog-s-palace.webp,600x800,0.75,none,,,,
georgetown,4,1763 Monument,images/landmarks/georgetown-1763-monument.webp,1200x1599,0.75,none,,,,
guadalajara,7,Mercado San Juan de Dios (Mercado Libertad),images/landmarks/guadalajara-mercado-libertad.webp,1200x1600,0.75,none,,,,
hakodate,4,Motomachi District and Hachiman-zaka Slope,images/landmarks/hakodate-motomachi-hachiman-zaka.webp,1200x1600,0.75,none,,,,
honiara,1,Bloody Ridge (Edson's Ridge),images/landmarks/honiara-bloody-ridge.webp,1200x1600,0.75,none,,,,
houmt-el-souk,7,Djerba Explore Park and Lalla Hadria Museum,images/landmarks/houmt-el-souk-djerba-explore-park-and-lalla-hadria-museum.webp,1200x1600,0.75,none,,,,
houmt-el-souk,6,Guellala Museum (Djerba Heritage Museum),images/landmarks/houmt-el-souk-guellala-museum.webp,480x640,0.75,none,,,,
ibadan,0,Cocoa House,images/landmarks/ibadan-cocoa-house.webp,1024x1366,0.75,none,,,,
ica,7,Cachiche (village of the witches),images/landmarks/ica-cachiche.webp,1200x1600,0.75,none,,,,
irkutsk,9,Angara Embankment and Moscow Gates,images/landmarks/irkutsk-angara-embankment-and-moscow-gates.webp,1200x1600,0.75,none,,,,
irkutsk,4,Church of the Savior (Spasskaya Church),images/landmarks/irkutsk-church-of-the-savior-spasskaya-church.webp,1200x1600,0.75,none,,,,
jaffna,5,Jaffna Market and Clock Tower,images/landmarks/jaffna-jaffna-market-and-clock-tower.webp,1200x1600,0.75,none,,,,
irkutsk,5,Znamensky Monastery,images/landmarks/irkutsk-znamensky-monastery.webp,1200x1600,0.75,none,,,,
leshan,6,Oriental Buddha Park,images/landmarks/leshan-oriental-buddha-park.webp,1200x1600,0.75,none,,,,
liberia,4,Museo de Guanacaste,images/landmarks/liberia-museo-de-guanacaste.webp,480x640,0.75,none,,,,
leticia,0,Parque Santander,images/landmarks/leticia-parque-santander.webp,1200x1600,0.75,none,,,,
libreville,5,Église Saint-Michel de Nkembo,images/landmarks/libreville-eglise-saint-michel.webp,768x1024,0.75,none,,,,
libreville,6,Arboretum Raponda Walker,images/landmarks/libreville-arboretum-raponda-walker.webp,810x1080,0.75,none,,,,
lome,3,Cathédrale du Sacré-Cœur de Lomé,images/landmarks/lome-cathedrale-sacre-coeur.webp,1200x1600,0.75,none,,,,
luang-prabang,5,Luang Prabang Night Market,images/landmarks/luang-prabang-night-market.webp,1200x1600,0.75,none,,,,
lubeck,4,Niederegger Marzipan Café and Museum,images/landmarks/lubeck-niederegger-cafe.webp,1200x1600,0.75,none,,,,
luoyang,7,Wangcheng Park Peony Gardens,images/landmarks/luoyang-wangcheng-park.webp,1200x1600,0.75,none,,,,
manzhouli,7,Manzhouli Wedding Palace,images/landmarks/manzhouli-manzhouli-wedding-palace.webp,1200x1600,0.75,none,,,,
mingora,5,Fizagat Park,images/landmarks/mingora-fizagat-park.webp,1200x1600,0.75,none,,,,
minneapolis,4,IDS Center,images/landmarks/minneapolis-ids-center.webp,1200x1600,0.75,none,,,,
mombasa,0,Fort Jesus,images/landmarks/mombasa-fort-jesus.webp,1200x1600,0.75,none,,,,
monrovia,9,Monrovia's CeCe Beach,images/landmarks/monrovia-monrovia-s-cece-beach.webp,1280x1707,0.75,none,,,,
monterrey,6,Cola de Caballo (Horsetail Falls),images/landmarks/monterrey-cola-de-caballo.webp,1200x1600,0.75,none,,,,
morelia,9,Museo Casa Natal de Morelos,images/landmarks/morelia-museo-casa-natal-de-morelos.webp,1200x1600,0.75,none,,,,
najaf,7,Al-Hannana Mosque,images/landmarks/najaf-al-hannana-mosque.webp,960x1280,0.75,none,,,,
phitsanulok,4,Buranathai Buddha Image Foundry,images/landmarks/phitsanulok-buranathai-buddha-image-foundry.webp,634x845,0.75,none,,,,
petropolis,7,Trono de Fátima,images/landmarks/petropolis-trono-de-fatima.webp,1200x1600,0.75,none,,,,
playa-del-carmen,9,Coco Bongo,images/landmarks/playa-del-carmen-coco-bongo.webp,480x640,0.75,none,,,,
podgorica,2,Stara Varos and the Clock Tower,images/landmarks/podgorica-stara-varos-clock-tower.webp,1200x1600,0.75,none,,,,
podgorica,0,Cathedral of the Resurrection of Christ,images/landmarks/podgorica-cathedral-of-the-resurrection-of-christ.webp,1200x1600,0.75,none,,,,
phuket,7,Kata Beach,images/landmarks/phuket-kata-beach.webp,750x1000,0.75,none,,,,
pokhara,1,World Peace Pagoda (Shanti Stupa),images/landmarks/pokhara-world-peace-pagoda.webp,1200x1600,0.75,none,,,,
puerto-plata,6,Catedral San Felipe Apóstol,images/landmarks/plata-catedral-san-felipe.webp,1200x1600,0.75,none,,,,
san-pedro-de-atacama,4,Iglesia de San Pedro de Atacama,images/landmarks/san-pedro-de-atacama-iglesia-de-san-pedro-de-atacama.webp,1200x1600,0.75,none,,,,
san-pedro-sula,7,Fortaleza de San Fernando de Omoa,images/landmarks/san-pedro-sula-fortaleza-de-san-fernando-de-omoa.webp,1200x1600,0.75,none,,,,
santa-cruz-de-la-sierra,2,Biocentro Güembé,images/landmarks/santa-cruz-de-la-sierra-biocentro-guembe.webp,1200x1600,0.75,none,,,,
san-jose,5,Mercado Central,images/landmarks/san-jose-mercado-central.webp,1200x1600,0.75,none,,,,
san-juan,5,Catedral de San Juan Bautista,images/landmarks/san-juan-catedral-de-san-juan-bautista.webp,1200x1600,0.75,none,,,,
sanya,6,Yanoda Rainforest Cultural Tourism Zone,images/landmarks/sanya-yanoda-rainforest.webp,972x1296,0.75,none,,,,
santander,9,El Capricho de Gaudí (Comillas),images/landmarks/santander-el-capricho-de-gaudi-comillas.webp,1200x1600,0.75,none,,,,
shangri-la,7,Ringha Monastery,images/landmarks/shangri-la-ringha-monastery.webp,1200x1600,0.75,none,,,,
shaoxing,8,Yingtian Pagoda and Tashan Hill,images/landmarks/shaoxing-yingtian-pagoda-tashan-hill.webp,1200x1600,0.75,none,,,,
tabriz,5,Constitution House (Khaneh Mashrouteh),images/landmarks/tabriz-constitution-house-khaneh-mashrouteh.webp,1200x1600,0.75,none,,,,
taupo,2,Mine Bay Māori Rock Carvings,images/landmarks/taupo-mine-bay-maori-rock-carvings.webp,750x1000,0.75,none,,,,
tegucigalpa,5,Antigua Casa Presidencial,images/landmarks/tegucigalpa-antigua-casa-presidencial.webp,1200x1600,0.75,none,,,,
tampa,3,Ybor City Historic District,images/landmarks/tampa-ybor-city-historic-district.webp,1200x1600,0.75,none,,,,
thiruvananthapuram,5,Attukal Bhagavathy Temple,images/landmarks/thiruvananthapuram-attukal-bhagavathy-temple.webp,1200x1600,0.75,none,,,,
thiruvananthapuram,6,Kanakakunnu Palace,images/landmarks/thiruvananthapuram-kanakakunnu-palace.webp,1200x1600,0.75,none,,,,
timbuktu,1,Sankore Mosque and University,images/landmarks/timbuktu-sankore-mosque-and-university.webp,1200x1599,0.75,none,,,,
thimphu,9,Thimphu Valley Viewpoints,images/landmarks/thimphu-thimphu-valley-viewpoints.webp,1200x1600,0.75,none,,,,
tirupati,1,"Sri Padmavathi Ammavari Temple, Tiruchanur",images/landmarks/tirupati-sri-padmavathi-ammavari-temple-tiruchanur.webp,1200x1600,0.75,none,,,,
victoria,4,Arul Mihu Navasakthi Vinayagar Temple,images/landmarks/victoria-seychelles-vinayagar-temple.webp,1200x1600,0.75,none,,,,
weimar,5,Goethe-Schiller Monument and German National Theatre,images/landmarks/weimar-goethe-schiller-monument-and-german-national-theatre.webp,1191x1588,0.75,none,,,,
zacatecas,2,Mina El Edén,images/landmarks/zacatecas-mina-el-eden.webp,960x1280,0.75,none,,,,
zhangjiajie,6,Golden Whip Stream,images/landmarks/zhangjiajie-golden-whip-stream.webp,1200x1600,0.75,none,,,,
zaragoza,1,La Seo (Cathedral of the Savior),images/landmarks/zaragoza-la-seo.webp,1200x1600,0.75,none,,,,
bamako,2,BCEAO Tower,images/landmarks/bamako-bceao-tower.webp,584x778,0.751,none,,,,
huangshan,6,Bright Summit (Guangming Peak),images/landmarks/huangshan-bright-summit.webp,1200x1598,0.751,none,,,,
manado,6,Museum Negeri Sulawesi Utara,images/landmarks/manado-museum-negeri-sulawesi-utara.webp,500x666,0.751,none,,,,
sopot,8,Southern Park (Park Południowy),images/landmarks/sopot-southern-park.webp,1200x1597,0.751,none,,,,
denizli,6,Delikliçınar Square and the Denizli Rooster Statue,images/landmarks/denizli-deliklic-nar-square-and-the-denizli-rooster-statue.webp,780x1016,0.768,none,,,,
joao-pessoa,8,Basílica de Nossa Senhora das Neves,images/landmarks/joao-pessoa-basilica-nossa-senhora-das-neves.webp,1200x1561,0.769,none,,,,
george-town,9,Kapitan Keling Mosque,images/landmarks/george-town-kapitan-keling-mosque.webp,1200x1553,0.773,none,,,,
tbilisi,7,Rustaveli Avenue,images/landmarks/tbilisi-rustaveli-avenue.webp,1200x1552,0.773,none,,,,
mecca,2,Abraj Al-Bait Clock Tower,images/landmarks/mecca-abraj-al-bait-clock-tower.webp,1200x1550,0.774,none,,,,
belize-city,5,Fort George Lighthouse,images/landmarks/belize-city-fort-george-lighthouse.webp,1200x1551,0.774,none,,,,
guatemala-city,3,Reformer's Tower (Torre del Reformador),images/landmarks/guatemala-city-torre-del-reformador.webp,1200x1548,0.775,none,,,,
medan,3,Medan Immanuel Protestant Church (Gereja Immanuel),images/landmarks/medan-medan-immanuel-protestant-church.webp,1200x1547,0.776,none,,,,
rovaniemi,2,SantaPark Arctic World,images/landmarks/rovaniemi-santapark-arctic-world.webp,1200x1504,0.798,none,,,,
buenos-aires,3,La Recoleta Cemetery,images/landmarks/buenos-aires-la-recoleta-cemetery.webp,1200x1500,0.8,none,,,,
axum,0,Northern Stelae Park (Obelisks of Axum),images/landmarks/axum-northern-stelae-park-obelisks-of-axum.webp,1200x1500,0.8,none,,,,
chennai,1,Kapaleeshwarar Temple,images/landmarks/chennai-kapaleeshwarar-temple.webp,1080x1350,0.8,none,,,,
batumi,3,Alphabet Tower,images/landmarks/batumi-alphabet-tower.webp,1200x1500,0.8,none,,,,
coron,5,Japanese shipwrecks of Coron Bay,images/landmarks/coron-japanese-shipwrecks-of-coron-bay.webp,1280x1600,0.8,none,,,,
beihai,2,Weizhou Catholic Church (Shengtang Church),images/landmarks/beihai-weizhou-catholic-church.webp,1024x1280,0.8,none,,,,
male,5,Republic Square (Jumhooree Maidhaan),images/landmarks/male-republic-square.webp,1200x1500,0.8,none,,,,
moshi,5,Marangu Village and Chagga Caves,images/landmarks/moshi-marangu-village-and-chagga-caves.webp,1280x1599,0.801,none,,,,
charlotte-amalie,4,St. Thomas Synagogue,images/landmarks/charlotte-amalie-st-thomas-synagogue.webp,433x537,0.806,none,,,,
brasov,6,St Nicholas Church and First Romanian School,images/landmarks/brasov-st-nicholas-church-and-first-romanian-school.webp,1024x1230,0.833,none,,,,
odessa,3,Deribasivska Street,images/landmarks/odessa-deribasivska-street.webp,1200x1436,0.836,none,,,,
chefchaouen,3,Grand Mosque (Jamaa Bouzafar),images/landmarks/chefchaouen-grand-mosque.webp,1200x1432,0.838,none,,,,
bergen,1,Fløibanen (Mount Fløyen),images/landmarks/bergen-floibanen-mount-floyen.webp,1200x1425,0.842,none,,,,
barranquilla,3,Museo del Caribe,images/landmarks/barranquilla-museo-del-caribe.webp,1024x1152,0.889,none,,,,
doha,8,Aspire Tower (Torch Doha),images/landmarks/doha-aspire-tower-torch-doha.webp,319x359,0.889,none,,,,
muscat,6,Riyam Park Incense Burner Monument,images/landmarks/muscat-riyam-park-incense-burner-monument.webp,1200x1339,0.896,none,,,,
brazzaville,7,Stade Alphonse Massamba-Débat,images/landmarks/brazzaville-stade-alphonse-massamba-debat.webp,725x800,0.906,none,,,,
quito,4,TelefériQo,images/landmarks/quito-teleferiqo.webp,1200x1315,0.913,none,,,,
kelowna,5,Father Pandosy Mission,images/landmarks/kelowna-father-pandosy-mission.webp,200x218,0.917,none,,,,
brasilia,5,Torre de TV (TV Tower),images/landmarks/brasilia-torre-de-tv.webp,1200x1307,0.918,none,,,,
philadelphia,0,Liberty Bell,images/landmarks/philadelphia-liberty-bell.webp,1200x1307,0.918,none,,,,
ta-if,2,Souk Okaz,images/landmarks/taif-souk-okaz.webp,798x869,0.918,none,,,,
zaragoza,0,Basílica del Pilar,images/landmarks/zaragoza-basilica-del-pilar.webp,1200x1306,0.919,none,,,,
funafuti,2,Tuvalu Philatelic Bureau,images/landmarks/funafuti-tuvalu-philatelic-bureau.webp,1280x1351,0.947,none,,,,
calabar,5,Duke Town Presbyterian Church,images/landmarks/calabar-duke-town-presbyterian-church.webp,1200x1207,0.994,none,,,,
