city,idx,name,img,w,h,ratio,page
luxembourg,1,Notre-Dame Cathedral,images/landmarks/luxembourg-notre-dame-cathedral.webp,485,1600,0.303,https://commons.wikimedia.org/wiki/File:Cathedral_of_Our_Lady_in_Luxembourg_City_06.jpg
riga,1,Freedom Monument,images/landmarks/riga-freedom-monument.webp,507,1600,0.317,https://commons.wikimedia.org/wiki/File:0875_LVA_Riga_freedom_monument_full.jpg
salerno,4,Via dei Mercanti,images/landmarks/salerno-via-dei-mercanti.webp,532,1600,0.333,"https://commons.wikimedia.org/wiki/File:Palazzo_Carrara,_palace_in_Salerno,_Italy.jpg"
rouen,0,Cathédrale Notre-Dame de Rouen (Rouen Cathedral),images/landmarks/rouen-cathedrale-notre-dame-de-rouen-rouen-cathedral.webp,624,1600,0.39,https://commons.wikimedia.org/wiki/File:Rouen_France_Cath%C3%A9drale-Notre-Dame-de-Rouen-01.jpg
new-york,0,Statue of Liberty,images/landmarks/new-york-statue-of-liberty.webp,646,1600,0.404,https://commons.wikimedia.org/wiki/File:Statue_of_Liberty_frontal_2.jpg
strasbourg,7,European Parliament (Louise Weiss Building),images/landmarks/strasbourg-european-parliament-louise-weiss-building.webp,666,1600,0.416,https://commons.wikimedia.org/wiki/File:Parlement_europ%C3%A9en_-_ext%C3%A9rieur_(Strasbourg).jpg
tours,0,Cathédrale Saint-Gatien,images/landmarks/tours-cathedrale-saint-gatien.webp,681,1600,0.426,https://commons.wikimedia.org/wiki/File:Tours_-_Cathédrale_Saint-Gatien_-_Exterior_-_15.jpg
santiago,1,Plaza de Armas,images/landmarks/santiago-cl-plaza-de-armas.webp,683,1600,0.427,https://commons.wikimedia.org/wiki/File:Plaza_de_Armas_de_Santiago_2017_c.jpg
new-york,1,Empire State Building,images/landmarks/new-york-empire-state-building.webp,687,1600,0.429,https://commons.wikimedia.org/wiki/File:Empire_State_Building_pano.jpg
pittsburgh,0,Cathedral of Learning,images/landmarks/pittsburgh-cathedral-of-learning.webp,696,1600,0.435,"https://commons.wikimedia.org/wiki/File:Cathedral_of_Learning,_Pittsburgh,_2020-02-24,_01.jpg"
berlin,2,Berlin TV Tower (Fernsehturm),images/landmarks/berlin-tv-tower-fernsehturm.webp,707,1600,0.442,https://en.wikipedia.org/wiki/Fernsehturm_Berlin
wurzburg,3,Würzburg Cathedral (Dom St. Kilian),images/landmarks/wurzburg-wurzburg-cathedral-dom-st-kilian.webp,715,1600,0.447,https://commons.wikimedia.org/wiki/File:Dom_Wuerzburg.jpg
vatican-city,9,Vatican Obelisk,images/landmarks/vatican-city-obelisk.webp,719,1600,0.449,https://commons.wikimedia.org/wiki/File:Obelisk_of_St._Peter.jpg
denpasar,1,Puputan Badung Square,images/landmarks/denpasar-puputan-badung-square.webp,720,1600,0.45,https://commons.wikimedia.org/wiki/File:Monumen_Puputan_Badung.jpg
mar-del-plata,5,Torre Tanque,images/landmarks/mar-del-plata-torre-tanque.webp,720,1600,0.45,https://commons.wikimedia.org/wiki/File:Torre_Tanque_Mar_del_Plata.jpg
new-orleans,2,St. Louis Cathedral,images/landmarks/new-orleans-st-louis-cathedral.webp,722,1600,0.451,https://commons.wikimedia.org/wiki/File:St._Louis_Cathedral_(New_Orleans)_10.jpg
oranjestad,0,Fort Zoutman & Willem III Tower,images/landmarks/oranjestad-fort-zoutman.webp,730,1600,0.456,"https://commons.wikimedia.org/wiki/File:Willem_III_tower,_Fort_Zoutman,_Oranjestad,_ARUBA.JPG"
hua-hin,2,Wat Huay Mongkol,images/landmarks/hua-hin-wat-huay-mongkol.webp,640,1386,0.462,https://commons.wikimedia.org/wiki/File:Wat_Huay_Mongkol_Giant_statue_of_famous_monk.jpg
tangier,0,Kasbah and Kasbah Museum (Dar el Makhzen),images/landmarks/tangier-kasbah-and-kasbah-museum-dar-el-makhzen.webp,739,1600,0.462,https://commons.wikimedia.org/wiki/File:Tangier_-_Dar_el_Makhzen_(Tangier)_-_20240929091120.jpg
ulm,6,Museum Ulm,images/landmarks/ulm-museum-ulm.webp,740,1600,0.463,https://commons.wikimedia.org/wiki/File:GER_—_BW_—_RPT_—_Ulm_—_Marktpl._9_—_(Ulmer_Museum)_—_Mattes_2022-03-13_Batch_(3).jpg
melbourne,6,Eureka Tower / Skydeck,images/landmarks/melbourne-eureka-tower-skydeck.webp,484,1036,0.467,"https://commons.wikimedia.org/wiki/File:Eureka_Tower,_August_2010.png"
puebla,1,Capilla del Rosario (Rosary Chapel),images/landmarks/puebla-capilla-del-rosario.webp,748,1600,0.468,https://commons.wikimedia.org/wiki/File:Capilla_del_Rosario_Puebla_Diciembre_2015.jpg
shanghai,6,Shanghai World Financial Center,images/landmarks/shanghai-shanghai-world-financial-center.webp,749,1600,0.468,https://commons.wikimedia.org/wiki/File:Shanghai_World_Financial_Center_(March_9th_2024)_(cropped2).jpg
pattaya-chonburi,7,Art in Paradise Pattaya,images/landmarks/pattaya-chonburi-art-in-paradise-pattaya.webp,754,1600,0.471,"https://commons.wikimedia.org/wiki/File:Art_In_Paradise,_Pattaya,_Thailand.png"
hebron,5,Tel Rumeida (Ancient Tel Hebron),images/landmarks/hebron-tel-rumeida.webp,758,1600,0.474,"https://commons.wikimedia.org/wiki/File:An_ancient_Roman_olive_tree_in_Tel_Rumeida_in_the_city_of_Hebron,_Palestine.jpg"
auckland,0,Sky Tower,images/landmarks/auckland-sky-tower.webp,764,1600,0.477,https://commons.wikimedia.org/wiki/File:Sky%20Tower%20Auckland%2001.jpg
pisa,0,Leaning Tower of Pisa,images/landmarks/pisa-leaning-tower-of-pisa.webp,765,1600,0.478,https://commons.wikimedia.org/wiki/File:Exterior_of_the_Leaning_Tower_(Pisa)_in_April_2024.jpg
shanghai,0,Oriental Pearl Tower,images/landmarks/shanghai-oriental-pearl-tower.webp,765,1600,0.478,https://commons.wikimedia.org/wiki/File:Oriental_Pearl_Tower_20251126.jpg
klaipeda,9,Central Post Office,images/landmarks/klaipeda-central-post-office.webp,770,1600,0.481,https://commons.wikimedia.org/wiki/File:Main_post_office_building_in_Klaipėda_01.jpg
zaragoza,6,Goya Museum,images/landmarks/zaragoza-goya-museum.webp,775,1600,0.484,https://commons.wikimedia.org/wiki/File:Casa_de_los_Pardo-Museo_Camon_Aznar.jpg
dusseldorf,0,Rheinturm,images/landmarks/dusseldorf-rheinturm.webp,778,1600,0.486,https://commons.wikimedia.org/wiki/File:Rheinturm_-_Gesamtansicht_vom_Medienhafen.jpg
sana-a,7,Sana'a Tower Houses of Al-Qasimi Quarter,images/landmarks/sanaa-sanaa-tower-houses-of-al-qasimi-quarter.webp,778,1600,0.486,"https://commons.wikimedia.org/wiki/File:تفاصيل_سور_صنعاء_القديمة_التاريخي_والبيوت_البرجية،_اليمن_Historical_wall_and_tower_houses_of_the_Old_City_of_Sana'a,_Yemen.jpg"
shanghai,1,Shanghai Tower,images/landmarks/shanghai-shanghai-tower.webp,778,1600,0.486,https://commons.wikimedia.org/wiki/File:20191114_Shanghai_Tower_(2).jpg
san-sebastian,6,Catedral del Buen Pastor,images/landmarks/san-sebastian-catedral-del-buen-pastor.webp,784,1600,0.49,https://commons.wikimedia.org/wiki/File:San_Sebastián_Cathedral_tower_1190566.jpg
taormina,9,Mazzarò Beach and Cable Car,images/landmarks/taormina-mazzaro-beach-and-cable-car.webp,785,1600,0.491,https://commons.wikimedia.org/wiki/File:Cable_cars_in_Taormina_03.jpg
catania,4,Via Etnea,images/landmarks/catania-via-etnea.webp,788,1600,0.492,https://commons.wikimedia.org/wiki/File:Via_Etnea_(Catania)_05_02_2024_01.jpg
colmar,3,Collégiale Saint-Martin,images/landmarks/colmar-coll-giale-saint-martin.webp,789,1600,0.493,https://commons.wikimedia.org/wiki/File:Coll%C3%A9giale_Saint-Martin_-_horloge_(Colmar).jpg
london,5,Westminster Abbey,images/landmarks/london-westminster-abbey.webp,796,1600,0.497,"https://commons.wikimedia.org/wiki/File:Westminster_Abbey,_Westminster.jpg"
shanghai,4,Jin Mao Tower,images/landmarks/shanghai-jin-mao-tower.webp,795,1600,0.497,https://commons.wikimedia.org/wiki/File:Jin_Mao_Tower_Pudong_21860-Shanghai_(32939744091).jpg
lisbon,7,Cristo Rei (Christ the King),images/landmarks/lisbon-cristo-rei.webp,500,1000,0.5,https://en.wikipedia.org/wiki/Christ_the_King_(Almada)
taormina,2,Corso Umberto,images/landmarks/taormina-corso-umberto.webp,800,1600,0.5,https://commons.wikimedia.org/wiki/File:Corso_Umberto_Taormina_Comune_2020.jpg
saskatoon,2,Meewasin Valley Trail,images/landmarks/saskatoon-meewasin-valley-trail.webp,802,1600,0.501,https://commons.wikimedia.org/wiki/File:MeewasinValleyTrail.JPG
detroit,6,Guardian Building,images/landmarks/detroit-guardian-building.webp,803,1600,0.502,https://commons.wikimedia.org/wiki/File:Guardian_Building_2025.jpg
paris,9,Sainte-Chapelle,images/landmarks/paris-sainte-chapelle.webp,807,1600,0.504,https://en.wikipedia.org/wiki/Sainte-Chapelle
freiburg,3,Schlossberg and Tower,images/landmarks/freiburg-schlossberg-tower.webp,821,1600,0.513,https://commons.wikimedia.org/wiki/File:Schlossbergturm_(Freiburg).jpg
cork,1,St. Fin Barre's Cathedral,images/landmarks/cork-st-fin-barre-s-cathedral.webp,827,1600,0.517,https://commons.wikimedia.org/wiki/File:02_St_Fin_Barre%27s_Cathedral_Facade.jpg
frankfurt-am-main,5,Main Tower,images/landmarks/frankfurt-am-main-main-tower.webp,831,1600,0.519,https://commons.wikimedia.org/wiki/File:Maintower_Frankfurt.jpg
stuttgart,4,Stiftskirche (Stuttgart Collegiate Church),images/landmarks/stuttgart-stiftskirche.webp,834,1600,0.521,https://commons.wikimedia.org/wiki/File:Stiftskirche_Stuttgart_2010.jpg
milan,2,Sforza Castle (Castello Sforzesco),images/landmarks/milan-sforza-castle-castello-sforzesco.webp,836,1600,0.522,https://commons.wikimedia.org/wiki/File:Castello_Sforzesco_(Milan)_-_main_entrance.jpg
baden-baden,5,Merkur Mountain,images/landmarks/baden-baden-merkur-mountain.webp,842,1600,0.526,https://commons.wikimedia.org/wiki/File:Merkurturm%20-%20Baden-Baden.jpg
bissau,3,Bissau Cathedral (Sé Catedral de Bissau),images/landmarks/bissau-cathedral.webp,852,1600,0.532,https://commons.wikimedia.org/wiki/File:Catedral_de_Bissau_(1).jpg
innsbruck,8,City Tower (Stadtturm),images/landmarks/innsbruck-city-tower.webp,852,1600,0.532,https://commons.wikimedia.org/wiki/File:Innsbruck_-_Stadtturm3.jpg
salzburg,4,Mozart's Birthplace,images/landmarks/salzburg-mozart-s-birthplace.webp,855,1600,0.534,"https://commons.wikimedia.org/wiki/File:Salzburg,_Getreidegasse_9,_Mozarts_Geburtshaus.jpg"
utrecht,0,Dom Tower (Domtoren),images/landmarks/utrecht-dom-tower.webp,854,1600,0.534,https://commons.wikimedia.org/wiki/File:DomTorenUtrechtNederland.jpg
nashville,9,Bridgestone Arena,images/landmarks/nashville-bridgestone-arena.webp,859,1600,0.537,"https://commons.wikimedia.org/wiki/File:Bridgestone_Arena-_Nashville,_Tennessee.jpg"
bonn,1,Bonn Minster (Bonner Münster),images/landmarks/bonn-bonn-minster.webp,750,1371,0.547,https://en.wikipedia.org/wiki/Bonn_Minster
leticia,9,Puerto de Leticia,images/landmarks/leticia-puerto-de-leticia.webp,889,1600,0.556,https://en.wikipedia.org/wiki/Leticia%2C%20Amazonas
prague,2,Prague Astronomical Clock,images/landmarks/prague-astronomical-clock.webp,895,1600,0.559,https://commons.wikimedia.org/wiki/File:Praha_Astronomical_Clock_02.jpg
santa-cruz-de-tenerife,6,Iglesia de la Concepción,images/landmarks/santa-cruz-de-tenerife-iglesia-de-la-concepcion.webp,896,1600,0.56,"https://commons.wikimedia.org/wiki/File:Iglesia_de_la_Concepción,_Santa_Cruz_de_Tenerife1.jpg"
bratislava,1,St. Martin's Cathedral,images/landmarks/bratislava-st-martin-s-cathedral.webp,898,1600,0.561,"https://en.wikipedia.org/wiki/St_Martin's_Cathedral,_Bratislava"
bremen,2,Bremen Town Musicians Statue,images/landmarks/bremen-bremen-town-musicians-statue.webp,500,891,0.561,https://en.wikipedia.org/wiki/Town_Musicians_of_Bremen
erbil,0,Erbil Citadel,images/landmarks/erbil-erbil-citadel.webp,898,1600,0.561,https://commons.wikimedia.org/wiki/File:Archaeological_Erbil_Citadel_wall_archaeological.jpg
kandy,4,Udawattakele Forest Reserve,images/landmarks/kandy-udawattakele-forest-reserve.webp,898,1600,0.561,https://commons.wikimedia.org/wiki/File:Giant_lianas_Udawattakele_Forest_Reserve_Kandy.jpg
toronto,9,Kensington Market,images/landmarks/toronto-kensington-market.webp,898,1600,0.561,"https://commons.wikimedia.org/wiki/File:%22Kensington%22_sign_in_Kensington_Market,_Toronto.jpg"
vilnius,8,Vilnius TV Tower,images/landmarks/vilnius-tv-tower.webp,898,1600,0.561,https://commons.wikimedia.org/wiki/File:Vilnius_TV_Tower_reflected_in_a_puddle_at_Lazdynai.jpg
arhus,2,Aarhus Cathedral (Aarhus Domkirke),images/landmarks/arhus-cathedral.webp,900,1600,0.562,https://commons.wikimedia.org/wiki/File:View_from_bell_tower_cathedral_steeple_Aarhus_Domkirke_Denmark_01.jpg
bamako,8,Muso Kunda Museum,images/landmarks/bamako-muso-kunda-museum.webp,607,1080,0.562,https://en.wikipedia.org/wiki/Muso_Kunda_Museum_of_Women
banda-aceh,0,Baiturrahman Grand Mosque,images/landmarks/banda-aceh-baiturrahman-grand-mosque.webp,900,1600,0.562,https://commons.wikimedia.org/wiki/File:Masjid%20Raya%20Baiturrahman%20di%20Banda%20Aceh.jpg
bariloche,4,Centro Cívico,images/landmarks/bariloche-centro-civico.webp,899,1600,0.562,https://commons.wikimedia.org/wiki/File:Bariloche_Centro_Civico.jpg
basseterre,1,The Circus and Berkeley Memorial Clock,images/landmarks/basseterre-the-circus-berkeley-memorial-clock.webp,900,1600,0.562,https://commons.wikimedia.org/wiki/File:Clock_tower_The_Circus_from_Ballahoo.JPG
bishkek,5,Panfilov Park,images/landmarks/bishkek-panfilov-park.webp,899,1600,0.562,https://en.wikipedia.org/wiki/Panfilov_Park_(Bishkek)
bissau,8,Amílcar Cabral Statue and Mausoleum Grounds,images/landmarks/bissau-cabral-mausoleum.webp,900,1600,0.562,https://commons.wikimedia.org/wiki/File:Am%C3%ADlcar_Cabral_mausoleum_in_Bissau_1.jpg
cayenne,2,Marché de Cayenne (Central Market),images/landmarks/cayenne-marche-de-cayenne.webp,719,1280,0.562,"https://commons.wikimedia.org/wiki/File:March%C3%A9_de_Cayenne,_Cayenne,_Guyane_Fran%C3%A7aise.jpg"
cordoba,7,Torre de la Calahorra,images/landmarks/cordoba-torre-de-la-calahorra.webp,900,1600,0.562,https://commons.wikimedia.org/wiki/File:Torre_de_la_Calahorra_de_C%C3%B3rdoba.jpg
corfu,1,Corfu Old Town and the Liston,images/landmarks/corfu-corfu-old-town-and-the-liston.webp,900,1600,0.562,https://commons.wikimedia.org/wiki/File:Liston_-_Corfu_Old_Town.jpg
cox-s-bazar,8,Sonadia Island,images/landmarks/coxs-bazar-sonadia-island.webp,900,1600,0.562,https://commons.wikimedia.org/wiki/File:A_day_in_Sonadia_Island.jpg
cuiaba,2,Centro Geodésico da América do Sul,images/landmarks/cuiaba-centro-geodesico-america-do-sul.webp,900,1600,0.562,https://commons.wikimedia.org/wiki/File:Centro_Geod%C3%A9sico_da_Am%C3%A9rica_do_Sul.jpg
da-nang,3,Lady Buddha and Linh Ung Pagoda,images/landmarks/da-nang-lady-buddha-linh-ung-pagoda.webp,900,1600,0.562,https://commons.wikimedia.org/wiki/File:Lady_Buddha_Statue_at_Linh_Ung_Pagoda.jpg
florence,4,Uffizi Gallery,images/landmarks/florence-uffizi-gallery.webp,900,1600,0.562,"https://commons.wikimedia.org/wiki/File:Piazzale_degli_Uffizi,_Uffizi_Galleries,_Florence,_Italy.jpg"
galle,1,Galle Fort Ramparts,images/landmarks/galle-fort-ramparts.webp,900,1600,0.562,https://commons.wikimedia.org/wiki/File:Walking_on_Galle_Fort_walls_(23019199989).jpg
gdansk,5,Mariacka Street,images/landmarks/gdansk-mariacka-street.webp,900,1600,0.562,https://commons.wikimedia.org/wiki/File:Gda%C5%84sk_ulica_Mariacka_48.JPG
guadalajara,5,Templo Expiatorio del Santísimo Sacramento,images/landmarks/guadalajara-templo-expiatorio.webp,900,1600,0.562,https://commons.wikimedia.org/wiki/File:Templo_Expiatorio_del_Sant%C3%ADsimo_Sacramento_de_Guadalajara_2.jpg
guangzhou,8,Guangzhou Circle,images/landmarks/guangzhou-circle.webp,900,1600,0.562,https://commons.wikimedia.org/wiki/File:Guangzhou_Circle_Building_1.jpg
hebron,1,Hebron Old City (UNESCO),images/landmarks/hebron-hebron-old-city.webp,900,1600,0.562,https://commons.wikimedia.org/wiki/File:Old_city_of_Hebron.jpg
hue,8,An Dinh Palace,images/landmarks/hue-an-dinh-palace.webp,900,1600,0.562,"https://commons.wikimedia.org/wiki/File:An_Dinh_Palace,_Hue_(48836409218).jpg"
ibadan,3,Bower's Tower (Oke-Are),images/landmarks/ibadan-bowers-tower.webp,900,1600,0.562,https://commons.wikimedia.org/wiki/File:Bower%27s_Tower_02.jpg
izmir,9,Kültürpark,images/landmarks/izmir-kulturpark.webp,960,1707,0.562,https://commons.wikimedia.org/wiki/File:Psittacula_krameri_feeding_in_Kulturpark_Izmir_Turkiye.webm
jerez-de-la-frontera,5,Iglesia de San Miguel,images/landmarks/jerez-de-la-frontera-iglesia-de-san-miguel.webp,899,1600,0.562,"https://commons.wikimedia.org/wiki/File:Iglesia_de_San_Miguel,_Jerez_de_la_Frontera,_Espa%C3%B1a,_2015-12-07,_DD_03-05_HDR.JPG"
kaohsiung,7,85 Sky Tower,images/landmarks/kaohsiung-85-sky-tower.webp,900,1600,0.562,https://commons.wikimedia.org/wiki/File:Kaohsiung_Taiwan_Kaohsiung-85-Building-01.jpg
macau,0,Ruins of St. Paul's,images/landmarks/macau-ruins-of-st-pauls.webp,900,1600,0.562,"https://commons.wikimedia.org/wiki/File:Ruins_of_St._Paul,_Macau,_during_a_festival.jpg"
manaus,7,Museu da Amazônia (MUSA),images/landmarks/manaus-museu-da-amazonia-musa.webp,900,1600,0.562,https://commons.wikimedia.org/wiki/File:Visita_ao_Museu_da_Amaz%C3%B4nia_(MUSA)_(54146161452).jpg
manchester,4,Beetham Tower,images/landmarks/manchester-beetham-tower.webp,899,1600,0.562,"https://commons.wikimedia.org/wiki/File:Beetham_Tower,_Manchester_-_geograph.org.uk_-_2479935.jpg"
mardin,6,Mor Behnam (Kırklar) Church,images/landmarks/mardin-mor-behnam-kirklar-church.webp,900,1600,0.562,https://commons.wikimedia.org/wiki/File:MOR_BEHNAM_CHURCH.jpg
monterrey,9,Paseo Santa Lucía,images/landmarks/monterrey-paseo-santa-lucia.webp,900,1600,0.562,https://commons.wikimedia.org/wiki/File:Paseo_Santa_Lucia_2024.jpg
mostar,8,Museum of Old Bridge and Tara Tower,images/landmarks/mostar-museum-of-old-bridge-and-tara-tower.webp,900,1600,0.562,https://commons.wikimedia.org/wiki/File:Museum_of_the_Old_Bridge.jpg
nassau,1,Fort Fincastle,images/landmarks/nassau-fort-fincastle.webp,900,1600,0.562,"https://commons.wikimedia.org/wiki/File:Fort_Fincastle,_Nassau,_Bahamas_(March_14,_2024).jpg"
nice,5,"Russian Orthodox Cathedral, Nice",images/landmarks/nice-russian-orthodox-cathedral-nice.webp,900,1600,0.562,"https://commons.wikimedia.org/wiki/File:Russian_Orthodox_Cathedral,_Nice.jpg"
nouakchott,7,Nouakchott Beach,images/landmarks/nouakchott-beach.webp,900,1600,0.562,https://commons.wikimedia.org/wiki/File:Nouakchott_beach-1.jpg
osaka,3,Shitennoji Temple,images/landmarks/osaka-shitennoji-temple.webp,899,1600,0.562,https://commons.wikimedia.org/wiki/File:Shitennoji-pagoda.jpg
papeete,3,Point Venus Lighthouse,images/landmarks/papeete-point-venus-lighthouse.webp,900,1600,0.562,"https://commons.wikimedia.org/wiki/File:Point_Venus_lighthouse,_Tahiti,_2017.jpg"
petropolis,8,Cervejaria Bohemia,images/landmarks/petropolis-cervejaria-bohemia.webp,900,1600,0.562,https://commons.wikimedia.org/wiki/File:Cervejaria_Bohemia_03.jpg
potosi,5,Iglesia de San Lorenzo de Carangas,images/landmarks/potosi-iglesia-san-lorenzo.webp,899,1600,0.562,https://commons.wikimedia.org/wiki/File:Iglesia_de_San_Lorenzo_de_Carangas_01.jpg
puerto-plata,0,Teleférico de Puerto Plata,images/landmarks/plata-teleferico.webp,540,960,0.562,https://commons.wikimedia.org/wiki/File:Telef%C3%A9rico_Puerto_Plata.jpg
puerto-plata,1,Pico Isabel de Torres and Christ the Redeemer,images/landmarks/plata-pico-isabel-cristo.webp,540,960,0.562,"https://commons.wikimedia.org/wiki/File:Cristo_Redentor_P._Plata,_DR.jpg"
riga,3,St. Peter's Church,images/landmarks/riga-st-peters-church.webp,899,1600,0.562,"https://commons.wikimedia.org/wiki/File:Saint_Peter's_Church,_Riga,_2006_(02).jpg"
rostock,4,Petrikirche (St Peter's Church),images/landmarks/rostock-petrikirche-st-peters-church.webp,899,1600,0.562,"https://commons.wikimedia.org/wiki/File:Rostock,_Petrikirche_--_2024_--_5391.jpg"
sana-a,8,Wadi Dhahr Valley,images/landmarks/sanaa-wadi-dhahr-valley.webp,900,1600,0.562,https://commons.wikimedia.org/wiki/File:%D8%A5%D8%B7%D9%84%D8%A7%D9%84%D8%A9_%D8%B9%D9%84%D9%89_%D9%88%D8%A7%D8%AF%D9%8A_%D8%B8%D9%87%D8%B1_%D9%85%D9%86_%D9%83%D9%87%D9%81_%D8%AF%D8%A7%D8%B1_%D8%A7%D9%84%D8%AD%D8%AC%D8%B1_View_of_Wadi_Dhar_from_the_cave_of_Dar_al-Hajar.jpg
seville,3,Barrio Santa Cruz,images/landmarks/seville-barrio-santa-cruz.webp,900,1600,0.562,https://commons.wikimedia.org/wiki/File:Barrio_Santa_Cruz_(Sevilla).jpg
shenzhen,0,Ping An Finance Centre (Free Sky Observatory),images/landmarks/shenzhen-ping-an-finance-centre.webp,900,1600,0.562,https://commons.wikimedia.org/wiki/File:Pingan_International_Finance_Center2020.jpg
surakarta,3,Pasar Gede Hardjonagoro,images/landmarks/surakarta-pasar-gede-hardjonagoro.webp,720,1280,0.562,https://commons.wikimedia.org/wiki/File:The_front_facade_of_Pasar_Gedhe_Hardjonagoro_in_2019.jpg
tabriz,8,Amir Nezam House (Qajar Museum),images/landmarks/tabriz-amir-nezam-house-qajar-museum.webp,900,1600,0.562,https://commons.wikimedia.org/wiki/File:Amir_Nezam_House_(Qajar_museum)_6.jpg
tashkent,3,Tashkent TV Tower,images/landmarks/tashkent-tashkent-tv-tower.webp,900,1600,0.562,https://commons.wikimedia.org/wiki/File:Tashkent_TV_Tower_180.jpg
turpan,6,Grape Valley (Putao Gou),images/landmarks/turpan-grape-valley.webp,720,1280,0.562,https://commons.wikimedia.org/wiki/File:Turpan_grape_valley.jpg
valparaiso,1,Ascensor Concepción and the Historic Funiculars,images/landmarks/valparaiso-ascensor-concepcion-funiculars.webp,899,1600,0.562,https://commons.wikimedia.org/wiki/File:Ascensor_Concepción_Valparaíso.JPG
vancouver,8,Gastown Steam Clock,images/landmarks/vancouver-gastown-steam-clock.webp,900,1600,0.562,"https://commons.wikimedia.org/wiki/File:Vancouver_(BC,_Canada),_Gastown_Steam_Clock_--_2022_--_1824.jpg"
vina-del-mar,5,Muelle Vergara,images/landmarks/vina-del-mar-muelle-vergara.webp,341,607,0.562,https://commons.wikimedia.org/wiki/File:Muelle_Vergara_-_Viña_del_Mar.jpg
guangzhou,9,Guangzhou International Finance Center,images/landmarks/guangzhou-international-finance-center.webp,709,1260,0.563,https://commons.wikimedia.org/wiki/File:Guangzhou_International_Finance_Center.jpg
san-francisco,4,Lombard Street,images/landmarks/san-francisco-lombard-street.webp,596,1058,0.563,https://commons.wikimedia.org/wiki/File:Lombard_Street_2020.jpg
santiago-de-queretaro,6,Museo de Arte de Querétaro,images/landmarks/santiago-de-queretaro-museo-de-arte-de-queretaro.webp,901,1600,0.563,https://commons.wikimedia.org/wiki/File:Museo_de_Arte_Quer%C3%A9taro.jpg
nimes,3,Tour Magne,images/landmarks/nimes-tour-magne.webp,903,1600,0.564,https://commons.wikimedia.org/wiki/File:Tour_Magne_in_Nimes_(1).jpg
tegucigalpa,2,Cristo del Picacho,images/landmarks/tegucigalpa-cristo-del-picacho.webp,903,1600,0.564,https://commons.wikimedia.org/wiki/File:Cristo_del_Picacho_Tegucigalpa_Honduras.jpg
roseau,0,Roseau Cathedral (Our Lady of Fair Haven),images/landmarks/roseau-roseau-cathedral-our-lady-of-fair-haven.webp,907,1600,0.567,https://commons.wikimedia.org/wiki/File:Roseau_Cathedral_(13).jpg
houmt-el-souk,0,Borj El Ghazi Mustapha (Borj El Kebir fortress),images/landmarks/houmt-el-souk-borj-el-ghazi-mustapha.webp,908,1600,0.568,https://commons.wikimedia.org/wiki/File:Borj_ghazi_Mustapha.jpg
annecy,7,Cathedrale Saint-Pierre,images/landmarks/annecy-cathedrale-saint-pierre.webp,912,1600,0.57,https://commons.wikimedia.org/wiki/File:Saint_Peter_cathedral_in_Annecy_05.jpg
livingstone,8,Mukuni Village,images/landmarks/livingstone-mukuni-village.webp,919,1600,0.574,https://commons.wikimedia.org/wiki/File:African_woman_Mukuni_village_Zambia.jpg
quito,1,La Compañía de Jesús,images/landmarks/quito-la-compania-de-jesus.webp,919,1600,0.574,"https://commons.wikimedia.org/wiki/File:Iglesia_de_La_Compa%C3%B1%C3%ADa,_Quito,_Ecuador,_2015-07-22,_DD_125-127_HDR.JPG"
macau,3,Macau Tower,images/landmarks/macau-macau-tower.webp,930,1600,0.581,"https://commons.wikimedia.org/wiki/File:Torre_de_Macao,_2013-08-08,_DD_04.jpg"
harar,8,Medhane Alem Cathedral,images/landmarks/harar-medhane-alem-cathedral.webp,932,1600,0.583,https://commons.wikimedia.org/wiki/File:Medhane-Alem-Cathedral6.jpg
munich,0,Marienplatz,images/landmarks/munich-marienplatz.webp,936,1600,0.585,https://commons.wikimedia.org/wiki/File:Overview_Marienplatz_Rathaus_Munich.jpg
aswan,1,Unfinished Obelisk,images/landmarks/aswan-unfinished-obelisk.webp,940,1600,0.588,"https://commons.wikimedia.org/wiki/File:Obelisco_inacabado,_Asuán,_Egipto,_2022-04-01,_DD_153.jpg"
surat-thani,7,Khao Tha Phet Viewpoint,images/landmarks/surat-thani-khao-tha-phet-viewpoint.webp,941,1600,0.588,https://commons.wikimedia.org/wiki/File:Si_Surat_Stupa.jpg
ho-chi-minh-city,4,Bitexco Financial Tower,images/landmarks/ho-chi-minh-city-bitexco-financial-tower.webp,942,1600,0.589,"https://commons.wikimedia.org/wiki/File:Bitexco_Financial_Tower,_Ciudad_Ho_Chi_Minh,_Vietnam,_2013-08-14,_DD_01.JPG"
kermanshah,8,Dowlatshah Mosque,images/landmarks/kermanshah-dowlatshah-mosque.webp,702,1189,0.59,https://en.wikipedia.org/wiki/Mohammad-Ali%20Mirza%20Dowlatshah
lalibela,9,Bete Merkorios,images/landmarks/lalibela-bete-merkorios.webp,947,1600,0.592,"https://commons.wikimedia.org/wiki/File:Lalibela,_bete_merkorios_06.jpg"
playa-del-carmen,2,Playa Mamitas,images/landmarks/playa-del-carmen-playa-mamitas.webp,955,1600,0.597,"https://commons.wikimedia.org/wiki/File:Nice_Woman_at_Beach_-_Playa_Mamitas,_Playa_del_Carmen_-_Quintana_Roo,_Mexico.jpg"
rouen,1,Gros-Horloge,images/landmarks/rouen-gros-horloge.webp,960,1600,0.6,"https://commons.wikimedia.org/wiki/File:Gros-Horloge,_Rouen,_West_View_140215_2.jpg"
ulm,3,Schiefes Haus (Crooked House),images/landmarks/ulm-schiefes-haus.webp,960,1600,0.6,https://commons.wikimedia.org/wiki/File:Ulm_Schiefes_Haus_01.jpg
yokohama,0,Yokohama Landmark Tower,images/landmarks/yokohama-landmark-tower.webp,909,1514,0.6,https://commons.wikimedia.org/wiki/File:Yokohama_Landmark_Tower_02_cropped.jpg
paris,0,Eiffel Tower,images/landmarks/paris-eiffel-tower.webp,961,1600,0.601,https://commons.wikimedia.org/wiki/File:Tour_Eiffel_Wikimedia_Commons_(cropped).jpg
phitsanulok,1,Wat Ratchaburana,images/landmarks/phitsanulok-wat-ratchaburana.webp,962,1600,0.601,"https://commons.wikimedia.org/wiki/File:Wat_Ratchaburana,_Phitsanulok.jpg"
bristol,3,St Mary Redcliffe Church,images/landmarks/bristol-st-mary-redcliffe-church.webp,964,1600,0.603,https://en.wikipedia.org/wiki/St_Mary_Redcliffe
nelson,0,Christ Church Cathedral,images/landmarks/nelson-christ-church-cathedral.webp,965,1600,0.603,"https://commons.wikimedia.org/wiki/File:Christ_Church_Cathedral,_Nelson,_South_Island,_New_Zealand_05.jpg"
saint-john-s,1,Redcliffe Quay,images/landmarks/saint-john-s-redcliffe-quay.webp,1200,1991,0.603,https://en.wikipedia.org/wiki/St_Mary_Redcliffe
timbuktu,0,Djinguereber Mosque,images/landmarks/timbuktu-djinguereber-mosque.webp,965,1600,0.603,"https://commons.wikimedia.org/wiki/File:Djinguereber_Mosque,_Timbuktu,_Mali.jpg"
gdansk,9,Oliwa Cathedral,images/landmarks/gdansk-oliwa-cathedral.webp,971,1600,0.607,https://commons.wikimedia.org/wiki/File:Oliwa_Cathedral_Gda%C5%84sk.jpg
oxford,6,University Church of St Mary the Virgin,images/landmarks/oxford-university-church-st-mary.webp,971,1600,0.607,"https://commons.wikimedia.org/wiki/File:Tower_of_University_Church_of_St_Mary_the_Virgin,_Oxford.jpg"
liberia,7,Africa Mia,images/landmarks/liberia-africa-mia.webp,500,822,0.608,https://commons.wikimedia.org/wiki/File:African_Repository_(IA_africanreposito4311amer_1).pdf
san-marino,9,Porta San Francesco,images/landmarks/san-marino-porta-san-francesco.webp,972,1600,0.608,https://commons.wikimedia.org/wiki/File:Porta_San_Francesco_(San_Marino).jpg
tabriz,0,Tabriz Grand Bazaar,images/landmarks/tabriz-tabriz-grand-bazaar.webp,973,1600,0.608,https://commons.wikimedia.org/wiki/File:Tabriz_grand_bazaar-interior_view.jpg
hobart,9,St David's Cathedral,images/landmarks/hobart-st-david-s-cathedral.webp,977,1600,0.611,https://en.wikipedia.org/wiki/St%20David's%20Cathedral%2C%20Hobart
ostrava,2,New City Hall Viewing Tower,images/landmarks/ostrava-new-city-hall-viewing-tower.webp,978,1600,0.611,"https://commons.wikimedia.org/wiki/File:2014_Ostrawa,_Nowy_Ratusz_10.jpg"
cologne,0,Cologne Cathedral (Kölner Dom),images/landmarks/cologne-cologne-cathedral.webp,985,1600,0.616,https://commons.wikimedia.org/wiki/File:K%C3%B6lner_Dom_-_Westfassade_2022_ohne_Ger%C3%BCst-0968_b.jpg
matera,3,Palombaro Lungo,images/landmarks/matera-palombaro-lungo.webp,985,1600,0.616,https://commons.wikimedia.org/wiki/File:%22Palombaro_Lungo%22_ist_die_gr%C3%B6%C3%9Fte_Zisterne_Materas._02.jpg
melbourne,4,St Paul's Cathedral,images/landmarks/melbourne-st-pauls-cathedral.webp,986,1600,0.616,https://commons.wikimedia.org/wiki/File:St._Paul's_Cathedral_Tower.jpg
montreal,6,Saint Joseph's Oratory,images/landmarks/montreal-saint-josephs-oratory.webp,985,1600,0.616,https://commons.wikimedia.org/wiki/File:Beside_the_Tombeau_du_frere_Andree.jpg
nuremberg,5,Memorium Nuremberg Trials (Courtroom 600),images/landmarks/nuremberg-memorium-trials.webp,986,1600,0.616,https://commons.wikimedia.org/wiki/File:Memorium_Nürnberger_Prozesse_-_Blick_in_den_Saal_600.jpg
kumasi,6,Rattray Park,images/landmarks/kumasi-rattray-park.webp,803,1302,0.617,https://en.wikipedia.org/wiki/Robert_Sutherland_Rattray
belgrade,9,Knez Mihailova Street,images/landmarks/belgrade-knez-mihailova-street.webp,989,1600,0.618,https://en.wikipedia.org/wiki/Knez_Mihailova_Street
frankfurt-am-main,2,Frankfurt Cathedral (Kaiserdom St. Bartholomäus),images/landmarks/frankfurt-am-main-cathedral.webp,989,1600,0.618,https://commons.wikimedia.org/wiki/File:Kaiserdom_St._Bartholom%C3%A4us_-_Frankfurt_-_Germany_-_04.jpg
tampere,3,Näsinneula Tower,images/landmarks/tampere-nasinneula-tower.webp,989,1600,0.618,https://commons.wikimedia.org/wiki/File:N%C3%A4sinneula_2020.jpg
fukuoka,0,Fukuoka Tower,images/landmarks/fukuoka-tower.webp,990,1600,0.619,https://commons.wikimedia.org/wiki/File:Fukuoka_Tower_Before_Sunset.jpg
tampere,6,Vapriikki Museum Centre,images/landmarks/tampere-vapriikki-museum-centre.webp,991,1600,0.619,https://commons.wikimedia.org/wiki/File:Museum_Centre_Vapriikki_2.jpg
helsinki,7,Helsinki Olympic Stadium Tower,images/landmarks/helsinki-helsinki-olympic-stadium-tower.webp,993,1600,0.621,https://commons.wikimedia.org/wiki/File:Helsinki_Olympic_Stadium_Tower.jpg
wroclaw,3,Cathedral of St. John the Baptist,images/landmarks/wroclaw-cathedral-of-st-john-the-baptist.webp,993,1600,0.621,https://commons.wikimedia.org/wiki/File:Wroc%C5%82aw_-_Archikatedra_%C5%9Bw._Jana_Chrzciciela1.jpg
phuket,1,Wat Chalong,images/landmarks/phuket-wat-chalong.webp,996,1600,0.623,https://commons.wikimedia.org/wiki/File:Grand_Pagoda_-_Wat_Chalong.jpg
valencia,6,Torres de Quart,images/landmarks/valencia-torres-de-quart.webp,996,1600,0.623,"https://commons.wikimedia.org/wiki/File:Torres_de_Cuart,_Valencia,_España,_2014-06-30,_DD_89.JPG"
mysore,9,Karanji Lake,images/landmarks/mysore-karanji-lake.webp,999,1600,0.624,https://commons.wikimedia.org/wiki/File:Fountain_Karanji_Mysore_Nov23_A7C_08190.jpg
colmar,4,Maison des Têtes (House of Heads),images/landmarks/colmar-maison-des-tetes-house-of-heads.webp,1000,1600,0.625,https://commons.wikimedia.org/wiki/File:Maison_des_T%C3%AAtes_2.jpg
funchal,4,Zona Velha and Rua de Santa Maria,images/landmarks/funchal-zona-velha.webp,1000,1600,0.625,"https://commons.wikimedia.org/wiki/File:Funchal_(Madeira,_Portugal),_Rua_de_Santa_Maria_1_--_2025_--_0818.jpg"
rostock,3,Kröpeliner Tor,images/landmarks/rostock-kropeliner-tor.webp,999,1599,0.625,"https://commons.wikimedia.org/wiki/File:Rostock,_Kr%C3%B6peliner_Tor_--_2024_--_5290.jpg"
ashgabat,1,Independence Monument,images/landmarks/ashgabat-independence-monument.webp,1007,1600,0.629,https://commons.wikimedia.org/wiki/File:Independence_Monument_(27506800337).jpg
vilnius,7,Gate of Dawn,images/landmarks/vilnius-gate-of-dawn.webp,1006,1600,0.629,https://commons.wikimedia.org/wiki/File:Aušros_Vartų_02(js)_Vilnius.jpg
novi-sad,9,Novi Sad Synagogue,images/landmarks/novi-sad-synagogue.webp,1009,1600,0.631,https://commons.wikimedia.org/wiki/File:Novi_Sad_Synagogue_08.jpg
bremen,3,Schnoor Quarter,images/landmarks/bremen-schnoor-quarter.webp,1011,1600,0.632,"https://commons.wikimedia.org/wiki/File:Bremen,_Schnoor_3.jpg"
pittsburgh,8,Allegheny County Courthouse,images/landmarks/pittsburgh-allegheny-county-courthouse.webp,1012,1600,0.632,https://commons.wikimedia.org/wiki/File:AlleghenyCountyCourthouse.jpg
ulm,5,Wiblingen Monastery Library,images/landmarks/ulm-wiblingen-monastery-library.webp,1013,1600,0.633,https://commons.wikimedia.org/wiki/File:Barocke_Klosterbibliothek_Wiblingen._01.jpg
turku,1,Turku Cathedral,images/landmarks/turku-turku-cathedral.webp,1015,1600,0.634,https://commons.wikimedia.org/wiki/File:Turku_Cathedral_Turku.jpg
surakarta,6,Pasar Triwindu,images/landmarks/surakarta-pasar-triwindu.webp,1016,1600,0.635,https://commons.wikimedia.org/wiki/File:Pasar_Triwindu_Solo_1.jpg
dijon,8,Puits de Moïse (Well of Moses),images/landmarks/dijon-puits-de-moise.webp,1017,1600,0.636,https://commons.wikimedia.org/wiki/File:Dijon_-_Puits_de_Mo%C3%AFse_-_01.jpg
ponce,2,Plaza Las Delicias,images/landmarks/ponce-plaza-las-delicias.webp,1017,1600,0.636,https://commons.wikimedia.org/wiki/File:Ponce_-_Plaza_Las_Delicias.jpg
chamonix-mont-blanc,5,Balmat and Saussure Monument,images/landmarks/chamonix-mont-blanc-balmat-saussure-monument.webp,1019,1600,0.637,https://commons.wikimedia.org/wiki/File:Chamonix-Mont-Blanc_-_Place_Balmat_-_Monument_%C3%A0_Jacques_Balmat_et_Horace_B%C3%A9n%C3%A9dict_de_Saussure_(Jean-Jules_Salmson).jpg
tirana,3,Tirana Clock Tower,images/landmarks/tirana-tirana-clock-tower.webp,1020,1600,0.637,https://commons.wikimedia.org/wiki/File:Tirana_-_Clock_Tower_(by_Pudelek).JPG
bergen,9,St. Mary's Church (Mariakirken),images/landmarks/bergen-st-marys-church.webp,1023,1600,0.639,"https://en.wikipedia.org/wiki/St_Mary's_Church,_Bergen"
nashville,6,AT&T Building ('Batman Building'),images/landmarks/nashville-att-building-batman-building.webp,527,825,0.639,https://commons.wikimedia.org/wiki/File:333_Commerce_Street_(Batman_Building).jpg
nuremberg,1,Hauptmarkt with Schöner Brunnen and Frauenkirche,images/landmarks/nuremberg-hauptmarkt.webp,1024,1600,0.64,"https://commons.wikimedia.org/wiki/File:GER_Nürnberg,_Hauptmarkt,_Schöner_Brunnen_0006.jpg"
sousse,5,Catacombs of the Good Shepherd,images/landmarks/sousse-catacombs-of-the-good-shepherd.webp,1024,1600,0.64,"https://commons.wikimedia.org/wiki/File:Catacombes_chr%C3%A9tiennes,_Sousse,_23_septembre_2013,_(06).jpg"
velikiy-novgorod,6,Church of the Transfiguration on Ilyina Street,images/landmarks/velikiy-novgorod-church-of-transfiguration.webp,1024,1600,0.64,"https://commons.wikimedia.org/wiki/File:Ilyina_Transfiguration_church,_Novgorod.JPG"
alesund,8,Molja Lighthouse (Molja fyr),images/landmarks/alesund-molja-lighthouse.webp,1026,1600,0.641,https://commons.wikimedia.org/wiki/File:Molja_Leuchtturm_in_Ålesund_01.jpg
nelson,4,Nelson Saturday Market,images/landmarks/nelson-nelson-saturday-market.webp,1025,1600,0.641,https://en.wikipedia.org/wiki/Nelson's_Pillar
copenhagen,9,Church of Our Saviour,images/landmarks/copenhagen-church-of-our-saviour.webp,1027,1600,0.642,https://commons.wikimedia.org/wiki/File:Copenhagen_-_Church_of_Our_Saviour_-_2013.jpg
jaipur,8,Patrika Gate,images/landmarks/jaipur-patrika-gate.webp,1028,1600,0.642,https://commons.wikimedia.org/wiki/File:Patrika_Gate_Jaipur_Rajasthan.jpg
capri,7,Arco Naturale,images/landmarks/capri-arco-naturale.webp,1029,1600,0.643,https://commons.wikimedia.org/w/index.php?search=Arco%20Naturale%20Capri&title=Special:MediaSearch
victoria-falls,0,Victoria Falls (Mosi-oa-Tunya),images/landmarks/victoria-falls-mosi-oa-tunya.webp,1029,1600,0.643,"https://commons.wikimedia.org/wiki/File:Cataratas_Victoria,_Zambia-Zimbabue,_2018-07-27,_DD_04.jpg"
avignon,8,Les Halles d'Avignon,images/landmarks/avignon-les-halles-davignon.webp,1031,1600,0.644,https://commons.wikimedia.org/wiki/File:March%C3%A9%20sur%20la%20place%20Pie%20devant%20les%20Halles%20d%27Avignon.jpg
livingstone,0,Victoria Falls (Mosi-oa-Tunya),images/landmarks/livingstone-victoria-falls.webp,1030,1600,0.644,https://en.wikipedia.org/wiki/Victoria_Falls
brussels,4,Cathedral of St. Michael and St. Gudula,images/landmarks/brussels-cathedral-of-st-michael-and-st-gudula.webp,1032,1600,0.645,https://en.wikipedia.org/wiki/Cathedral_of_St._Michael_and_St._Gudula
bremen,4,Böttcherstraße,images/landmarks/bremen-bottcherstrasse.webp,1034,1600,0.646,https://en.wikipedia.org/wiki/Böttcherstraße
dijon,1,Musée des Beaux-Arts de Dijon,images/landmarks/dijon-musee-beaux-arts.webp,1034,1600,0.646,https://commons.wikimedia.org/wiki/File:Dijon_(C%C3%B4te-d%27Or)_-_Mus%C3%A9e_des_Beaux-Arts_-_Porte_du_Palais_de_Justice_(11642844196).jpg
istanbul,3,Basilica Cistern,images/landmarks/istanbul-basilica-cistern.webp,1034,1600,0.646,"https://commons.wikimedia.org/wiki/File:Cisterna_Basílica,_Estambul,_Turquía,_2024-09-28,_DD_58-60_HDR.jpg"
montego-bay,4,Hip Strip (Gloucester Avenue),images/landmarks/montego-bay-hip-strip-gloucester-avenue.webp,350,542,0.646,"https://commons.wikimedia.org/wiki/File:Backing_Jah_Lion_at_a_Hip_Strip_venue_in_Montego_Bay,_Jamaica.jpg"
tunis,1,Al-Zaytuna Mosque,images/landmarks/tunis-al-zaytuna-mosque.webp,1033,1600,0.646,https://commons.wikimedia.org/wiki/File:Al-Zaytuna_Mosque_Tunis.jpg
warsaw,1,Palace of Culture and Science,images/landmarks/warsaw-palace-of-culture-and-science.webp,1033,1600,0.646,https://commons.wikimedia.org/wiki/File:Pa%C5%82ac_Kultury_i_Nauki_2019.jpg
las-palmas-de-gran-canaria,3,Casa de Colón,images/landmarks/las-palmas-de-gran-canaria-casa-de-colon.webp,1035,1600,0.647,https://commons.wikimedia.org/wiki/File:Portal_Casa_de_Colon_01.jpg
stuttgart,0,Fernsehturm Stuttgart,images/landmarks/stuttgart-fernsehturm-stuttgart.webp,1036,1600,0.647,https://commons.wikimedia.org/wiki/File:Fernsehturm_Stuttgart.JPG
timbuktu,6,Gordon Laing House,images/landmarks/timbuktu-gordon-laing-house.webp,1036,1600,0.647,https://commons.wikimedia.org/wiki/File:Gordon_Laing_House.jpg
whistler,4,Squamish Lil'wat Cultural Centre,images/landmarks/whistler-squamish-lil-wat-cultural-centre.webp,1037,1600,0.648,https://commons.wikimedia.org/wiki/File:Squamish_Lilwat_Carving_(8050763160).jpg
bristol,5,"Cabot Tower, Brandon Hill",images/landmarks/bristol-cabot-tower-brandon-hill.webp,600,925,0.649,"https://en.wikipedia.org/wiki/Cabot_Tower,_Bristol"
zagreb,4,Museum of Broken Relationships,images/landmarks/zagreb-museum-of-broken-relationships.webp,800,1232,0.649,https://commons.wikimedia.org/wiki/File:Museum_of_Broken_Relationships_Zagreb_2012.jpg
hamadan,9,Qorban Tower (Borj-e Qorban),images/landmarks/hamadan-qorban-tower.webp,666,1024,0.65,https://commons.wikimedia.org/wiki/File:Hamadan_-_Borj-e_Qorban.jpg
basel,1,Basel Rathaus (Town Hall),images/landmarks/basel-rathaus-town-hall.webp,1043,1600,0.652,https://en.wikipedia.org/wiki/Basel_Town_Hall
mandalay,5,Shwenandaw Monastery (Golden Palace Monastery),images/landmarks/mandalay-shwenandaw-monastery.webp,1044,1600,0.652,https://commons.wikimedia.org/wiki/File:Mandalay-Shwenandaw-26-gje.jpg
pamplona,4,Calle Estafeta,images/landmarks/pamplona-calle-estafeta.webp,1043,1600,0.652,"https://commons.wikimedia.org/wiki/File:Carrer_de_l%27Estafeta,_Pamplona.JPG"
tokyo,0,Tokyo Skytree,images/landmarks/tokyo-tokyo-skytree.webp,1044,1600,0.652,https://commons.wikimedia.org/wiki/File:Tokyo_Skytree_2014_Ⅲ.jpg
trincomalee,9,Trincomalee Harbour,images/landmarks/trincomalee-trincomalee-harbour.webp,1280,1961,0.653,https://en.wikipedia.org/wiki/1985%20Trincomalee%20massacres
riyadh,9,Riyadh Zoo,images/landmarks/riyadh-riyadh-zoo.webp,1280,1956,0.654,https://en.wikipedia.org/wiki/Riyadh%20Season
san-francisco,2,Fisherman's Wharf,images/landmarks/san-francisco-fishermans-wharf.webp,1009,1543,0.654,https://commons.wikimedia.org/wiki/File:Fishermans_Wharf_Sign%2C_SF%2C_CA%2C_jjron_25.03.2012.jpg
colmar,2,Maison Pfister,images/landmarks/colmar-maison-pfister.webp,1048,1600,0.655,https://commons.wikimedia.org/wiki/File:Maison_Pfister_Colmar_2011-04.jpg
alanya,1,Kizil Kule (Red Tower),images/landmarks/alanya-kizil-kule-red-tower.webp,1049,1600,0.656,https://commons.wikimedia.org/wiki/File:Alanya_Red_Tower_2.jpg
fes,7,Nejjarine Fountain and Museum of Wooden Arts,images/landmarks/fes-nejjarine-fountain.webp,1049,1600,0.656,https://commons.wikimedia.org/wiki/File:Fes_Caravanserai1(js).jpg
nassau,7,Rawson Square,images/landmarks/nassau-rawson-square.webp,1050,1600,0.656,"https://commons.wikimedia.org/wiki/File:Bahamas_1988_(194)_New_Providence_Rawson_Square,_Nassau_(23819688282).jpg"
saipan,3,Suicide Cliff,images/landmarks/saipan-suicide-cliff.webp,1049,1600,0.656,https://commons.wikimedia.org/wiki/File:SUICIDE_CLIFF.jpg
bandung,8,Taman Hutan Raya Ir. H. Djuanda,images/landmarks/bandung-taman-hutan-raya-ir-h-djuanda.webp,320,487,0.657,https://en.wikipedia.org/wiki/Djuanda%20Forest%20Park
mbabane,3,Mantenga Nature Reserve & Falls,images/landmarks/mbabane-mantenga-nature-reserve-falls.webp,1051,1600,0.657,https://commons.wikimedia.org/wiki/File:Mantenga_Falls.jpg
phu-quoc,2,Long Beach (Bai Truong),images/landmarks/phu-quoc-long-beach-bai-truong.webp,1051,1600,0.657,"https://commons.wikimedia.org/wiki/File:Bai_Truong_(Long_Beach)_Ph%C3%BA_Qu%E1%BB%91c,_Vietnam_(3859473907).jpg"
torshavn,4,Nordic House (Norðurlandahúsið),images/landmarks/torshavn-nordic-house.webp,1052,1600,0.657,"https://commons.wikimedia.org/wiki/File:Nordic_house,_faroe_islands_(2).jpg"
mashhad,0,Imam Reza Holy Shrine,images/landmarks/mashhad-imam-reza-holy-shrine.webp,1053,1600,0.658,https://commons.wikimedia.org/wiki/File:%D8%B5%D8%AD%D9%86_%D8%A7%DB%8C%D9%88%D8%A7%D9%86_%D8%B7%D9%84%D8%A7_%D9%88_%D8%B3%D9%82%D8%A7%D8%AE%D8%A7%D9%86%D9%87.jpg
cardiff,8,Victorian and Edwardian Arcades,images/landmarks/cardiff-victorian-edwardian-arcades.webp,1054,1600,0.659,https://commons.wikimedia.org/wiki/File:City_of_Arcades_Cardiff.jpg
riga,8,Riga TV Tower,images/landmarks/riga-riga-tv-tower.webp,1055,1600,0.659,https://commons.wikimedia.org/wiki/File:Riga_TV_tower_2020-03_view_from_south.jpg
sibiu,2,Council Tower (Turnul Sfatului),images/landmarks/sibiu-council-tower.webp,1055,1600,0.659,https://commons.wikimedia.org/wiki/File:RO_SB_Council_tower.jpg
willemstad,3,Fort Amsterdam,images/landmarks/willemstad-fort-amsterdam.webp,1055,1600,0.659,"https://commons.wikimedia.org/wiki/File:Fort_Amsterdam_in_Willemstad_Cura%C3%A7aoLandschap,_Bestanddeelnr_254-6242.jpg"
bangui,6,Boganda National Museum,images/landmarks/bangui-boganda-national-museum.webp,969,1469,0.66,https://en.wikipedia.org/wiki/Barth%C3%A9lemy_Boganda
harar,5,Gidir Magala Market,images/landmarks/harar-gidir-magala-market.webp,1056,1600,0.66,"https://commons.wikimedia.org/wiki/File:Market,_Harar,_Ethiopia_(2751051477).jpg"
rhodes,6,Suleiman Mosque,images/landmarks/rhodes-suleiman-mosque.webp,1056,1600,0.66,https://commons.wikimedia.org/wiki/File:Suleiman_Mosque_(Rhodes)_02.jpg
axum,5,Ezana Stone,images/landmarks/axum-ezana-stone.webp,1057,1600,0.661,https://commons.wikimedia.org/wiki/File:The%20Ezana%20Stone%20%282840202630%29.jpg
delhi,2,Qutub Minar,images/landmarks/delhi-qutub-minar.webp,1058,1600,0.661,https://commons.wikimedia.org/wiki/File:Qutb_Minar_2022.jpg
lamu,1,Lamu Fort,images/landmarks/lamu-lamu-fort.webp,1057,1600,0.661,https://commons.wikimedia.org/wiki/File:LamuFort.jpg
n-djamena,4,Cathédrale Notre-Dame de N'Djaména,images/landmarks/ndjamena-cathedrale-notre-dame.webp,1058,1600,0.661,"https://commons.wikimedia.org/wiki/File:ASC_Leiden_-_NSAG_-_van_Es_7_-_019_-_La_cath%C3%A9drale_moderne_avec_une_arche_pointue_-_N%27Djam%C3%A9na,_Tchad_-_7_janvier_1962.tif"
prague,4,St. Vitus Cathedral,images/landmarks/prague-st-vitus-cathedral.webp,1057,1600,0.661,"https://commons.wikimedia.org/wiki/File:20190816_The_Golden_Portal,_St._Vitus_Cathedral,_Prague,_1339_5272.jpg"
accra,3,Jamestown Lighthouse,images/landmarks/accra-jamestown-lighthouse.webp,1059,1600,0.662,https://commons.wikimedia.org/wiki/File:James_town_2.jpg
biarritz,3,Biarritz Lighthouse (Phare de Biarritz),images/landmarks/biarritz-lighthouse.webp,1059,1600,0.662,https://commons.wikimedia.org/wiki/File:Phare_de_Biarritz_2022.jpg
kamakura,9,Enoshima Island and the Enoden Railway,images/landmarks/kamakura-enoshima-island.webp,1059,1600,0.662,https://commons.wikimedia.org/wiki/File:Shopping_Street_on_Enoshima_Island_and_Bridges_20130809.jpg
kota-kinabalu,9,Kota Kinabalu Waterfront,images/landmarks/kota-kinabalu-waterfront.webp,1060,1600,0.662,"https://commons.wikimedia.org/wiki/File:Kota_Kinabalu_waterfront,_2024_(02).jpg"
leipzig,9,Leipzig Baumwollspinnerei,images/landmarks/leipzig-baumwollspinnerei.webp,1059,1600,0.662,https://en.wikipedia.org/wiki/Leipziger_Baumwollspinnerei
murree,4,Holy Trinity Church,images/landmarks/murree-holy-trinity-church.webp,1059,1600,0.662,https://commons.wikimedia.org/wiki/File:Holy_Trinity_Church_in_Murree_view.jpg
mytilene,9,Statue of Liberty of Mytilene,images/landmarks/mytilene-statue-of-liberty-of-mytilene.webp,1060,1600,0.662,https://commons.wikimedia.org/wiki/File:Mytilini_-_Statue_of_Liberty.jpg
najaf,8,Bahr al-Najaf (Sea of Najaf),images/landmarks/najaf-bahr-al-najaf.webp,1060,1600,0.662,https://commons.wikimedia.org/wiki/File:%D8%A8%D8%AD%D8%B1_%D8%A7%D9%84%D9%86%D8%AC%D9%81.jpg
nuremberg,4,Documentation Center Nazi Party Rally Grounds,images/landmarks/nuremberg-documentation-center.webp,1059,1600,0.662,https://commons.wikimedia.org/wiki/File:Dokumentationszentrum_Reichsparteitagsgelände2.jpg
palma-de-mallorca,6,Arab Baths (Banys Àrabs),images/landmarks/palma-arab-baths.webp,1059,1600,0.662,https://commons.wikimedia.org/wiki/File:Palma_Banys_%C3%80rabs.jpg
port-elizabeth,3,The Campanile,images/landmarks/port-elizabeth-the-campanile.webp,1060,1600,0.662,"https://commons.wikimedia.org/wiki/File:Campanile,_Port_Elizabeth,_South_Africa.jpg"
srimangal,6,Hum Hum Waterfall,images/landmarks/srimangal-hum-hum-waterfall.webp,1060,1600,0.662,https://commons.wikimedia.org/wiki/File:Ham_Ham_Waterfall.JPG
tirana,7,Tanners' Bridge (Ura e Tabakëve),images/landmarks/tirana-tanners-bridge-ura-e-tabakeve.webp,1059,1600,0.662,"https://commons.wikimedia.org/wiki/File:Tanners%27_Bridge,_Tirana,_Albania_01.jpg"
whistler,6,Lost Lake Park,images/landmarks/whistler-lost-lake-park.webp,1059,1600,0.662,"https://commons.wikimedia.org/wiki/File:Lost_Lake,_Whistler_B.C.jpg"
yangon,1,Sule Pagoda,images/landmarks/yangon-sule-pagoda.webp,1060,1600,0.662,https://commons.wikimedia.org/wiki/File:20160815_Sule_Pagoda_Yangon_0307.jpg
yaroslavl,0,Transfiguration Monastery (Spaso-Preobrazhensky),images/landmarks/yaroslavl-spaso-preobrazhensky-monastery.webp,1060,1600,0.662,https://commons.wikimedia.org/wiki/File:Transfiguration_Monastery_in_Yaroslavl_02.jpg
zanzibar-city,9,Malindi Mosque and Old Dhow Harbour,images/landmarks/zanzibar-city-malindi-mosque.webp,1060,1600,0.662,https://commons.wikimedia.org/wiki/File:Bamnara_Mosque_also_known_as_Malindi_Mosque_in_Zanzibar.jpg
ashgabat,7,Ertugrul Gazi Mosque,images/landmarks/ashgabat-ertugrul-gazi-mosque.webp,1061,1600,0.663,https://commons.wikimedia.org/wiki/File:Ertugrul_Gazi_Mosque_(12)_(45999846362).jpg
honiara,9,"Parliament House, Honiara",images/landmarks/honiara-parliament-house-honiara.webp,1061,1600,0.663,"https://commons.wikimedia.org/wiki/File:The_National_Parliament_Building,_Honiara,_Solomon_Islands.jpg"
pai,2,Tha Pai Memorial Bridge,images/landmarks/pai-tha-pai-memorial-bridge.webp,1002,1512,0.663,https://en.wikipedia.org/wiki/Pai_district
stockholm,6,Storkyrkan (Stockholm Cathedral),images/landmarks/stockholm-storkyrkan-stockholm-cathedral.webp,663,1000,0.663,https://commons.wikimedia.org/wiki/File:Stockholm_Cathedral_-_Storkyrkan_2007.jpg
bengaluru,5,Bull Temple (Dodda Basavana Gudi),images/landmarks/bengaluru-bull-temple.webp,1063,1600,0.664,https://commons.wikimedia.org/wiki/File:Dodda_basavanna_inside_basavangudi.JPG
brugge,4,Church of Our Lady,images/landmarks/brugge-church-of-our-lady.webp,1062,1600,0.664,"https://en.wikipedia.org/wiki/Church_of_Our_Lady,_Bruges"
brussels,2,Manneken Pis,images/landmarks/brussels-manneken-pis.webp,1062,1600,0.664,https://en.wikipedia.org/wiki/Manneken_Pis
chefchaouen,0,The Blue Medina (old town),images/landmarks/chefchaouen-blue-medina.webp,1062,1600,0.664,"https://commons.wikimedia.org/wiki/File:A_view_of_one_of_the_many_blue-painted_streets_in_Chefchaouen,_Morocco.jpg"
da-lat,3,Linh Phuoc Pagoda,images/landmarks/da-lat-linh-phuoc-pagoda.webp,1062,1600,0.664,https://commons.wikimedia.org/wiki/File:Da_Lat_-_Linh_Phuoc_Temple_01.jpg
dresden,7,Albertinum,images/landmarks/dresden-albertinum.webp,1062,1600,0.664,https://commons.wikimedia.org/wiki/File:AlbertinumDresden.jpg
girona,7,Monastery of Sant Pere de Galligants,images/landmarks/girona-sant-pere-de-galligants.webp,1063,1600,0.664,https://commons.wikimedia.org/wiki/File:Sant_Pere_de_Galligants.JPG
gondar,1,Fasilides' Castle,images/landmarks/gondar-fasilides-castle.webp,1063,1600,0.664,"https://commons.wikimedia.org/wiki/File:The_Ruins_at_Gondar,_Ethiopia_-_Fasilides_Castle_(2415633944).jpg"
granada,9,Alcaicería,images/landmarks/granada-alcaiceria.webp,1062,1600,0.664,https://commons.wikimedia.org/wiki/File:Alcaiceria_de_Granada_(2).jpg
hanoi,6,St. Joseph's Cathedral,images/landmarks/hanoi-st-josephs-cathedral.webp,996,1500,0.664,"https://commons.wikimedia.org/wiki/File:St._Joseph%27s_Cathedral_-_Hanoi,_Vietnam.jpg"
irkutsk,3,Epiphany Cathedral (Bogoyavlensky Sobor),images/landmarks/irkutsk-epiphany-cathedral-bogoyavlensky-sobor.webp,1062,1600,0.664,"https://commons.wikimedia.org/wiki/File:Epiphany_Cathedral,_Irkutsk_(15673417039).jpg"
isfahan,5,Ali Qapu Palace,images/landmarks/isfahan-ali-qapu-palace.webp,1063,1600,0.664,"https://commons.wikimedia.org/wiki/File:Ali_Qapu_Palace_-_Isfahan,_Iran.jpg"
jodhpur,7,Rao Jodha Desert Rock Park,images/landmarks/jodhpur-rao-jodha-desert-rock-park.webp,1063,1600,0.664,"https://commons.wikimedia.org/wiki/File:Rao_Jodha_Desert_Rock_Park,_Jodhpur,_20191210_1137_7897.jpg"
johor-bahru,2,Arulmigu Sri Rajakaliamman Glass Temple,images/landmarks/johor-bahru-glass-temple.webp,1062,1600,0.664,https://commons.wikimedia.org/wiki/File:Arulmigu_Sri_Rajakaliamman_exterior.jpg
kairouan,5,Bir Barrouta,images/landmarks/kairouan-bir-barrouta.webp,1063,1600,0.664,https://commons.wikimedia.org/wiki/File:Bir_Barrouta_(Kairouan).jpg
karachi,5,Merewether Clock Tower,images/landmarks/karachi-merewether-clock-tower.webp,1062,1600,0.664,https://commons.wikimedia.org/wiki/File:Merewether_Clock_Tower_01.jpg
klaipeda,2,Meridianas Sailing Ship,images/landmarks/klaipeda-meridianas-sailing-ship.webp,1063,1600,0.664,"https://commons.wikimedia.org/wiki/File:Meridianas,_Klaipėda,_2006_(02).jpg"
lilongwe,4,Bingu National Stadium,images/landmarks/lilongwe-bingu-national-stadium.webp,720,1084,0.664,"https://commons.wikimedia.org/wiki/File:A_Traditional_dancer_show-casing_his_skills_during_the_commemoration_of_the_International_Day_of_Families_in_Lilongwe,_Malawi_at_Bingu_National_Stadium.jpg"
manzhouli,0,Matryoshka Square (Taowa Square),images/landmarks/manzhouli-matryoshka-square.webp,1062,1600,0.664,https://commons.wikimedia.org/wiki/File:%E6%BB%A1%E6%B4%B2%E9%87%8C%E5%A5%97%E5%A8%83%E5%B9%BF%E5%9C%BA%E6%95%99%E5%A0%82_-_panoramio.jpg
naples,7,Galleria Umberto I,images/landmarks/naples-galleria-umberto-i.webp,1062,1600,0.664,https://commons.wikimedia.org/wiki/File:Galleria_Umberto_I_Naples_n01.jpg
olomouc,2,St. Wenceslas Cathedral,images/landmarks/olomouc-st-wenceslas-cathedral.webp,1063,1600,0.664,https://commons.wikimedia.org/wiki/File:St_Wenceslas_Olomouc_11.jpg
olomouc,9,Villa Primavesi,images/landmarks/olomouc-villa-primavesi.webp,1063,1600,0.664,"https://commons.wikimedia.org/wiki/File:Villa_Primavesi,_Olomouc_(07).jpg"
salvador,5,Farol da Barra (Barra Lighthouse),images/landmarks/salvador-farol-da-barra.webp,1062,1600,0.664,https://commons.wikimedia.org/wiki/File:Forte_de_Santo_Antonio_da_Barra_-_Priscila_Nobrega_Cecilio-1.jpg
sharm-el-sheikh,4,Ras Um Sid,images/landmarks/sharm-el-sheikh-ras-um-sid.webp,1062,1600,0.664,"https://commons.wikimedia.org/wiki/File:SHARM_EL_SHIEKH,_EGYPT.jpg"
taichung,4,Luce Memorial Chapel (Tunghai University),images/landmarks/taichung-luce-memorial-chapel-tunghai-university.webp,1063,1600,0.664,https://commons.wikimedia.org/wiki/File:Luce_Memorial_Chapel_20170102.jpg
tofino,4,Meares Island Big Tree Trail,images/landmarks/tofino-meares-island-big-tree-trail.webp,1063,1600,0.664,https://commons.wikimedia.org/wiki/File:Among_big_trees_on_Meares_Island_(3)_(28660481244).jpg
tofino,6,Rainforest Trail,images/landmarks/tofino-rainforest-trail.webp,1062,1600,0.664,https://commons.wikimedia.org/wiki/File:Rainforest_Trail_(14360770454).jpg
turpan,4,Turpan Karez System,images/landmarks/turpan-karez-system.webp,1062,1600,0.664,https://commons.wikimedia.org/wiki/File:Turpan_karez_system_IGP4205.jpg
zaragoza,9,Expo 2008 Riverfront,images/landmarks/zaragoza-expo-2008-riverfront.webp,1063,1600,0.664,https://commons.wikimedia.org/wiki/File:Expo_2008_zaragoza_torre_del_agua.jpg
acapulco-de-juarez,0,La Quebrada Cliff Divers,images/landmarks/acapulco-de-juarez-la-quebrada-cliff-divers.webp,679,1021,0.665,https://commons.wikimedia.org/wiki/File:Don_off_Acapulco_Cliff.jpg
aleppo,3,Khan al-Jumruk,images/landmarks/aleppo-khan-al-jumruk.webp,1064,1600,0.665,https://commons.wikimedia.org/wiki/File:Aleppo_Khan_al-Jumruk_9164.jpg
antsiranana,1,Les Trois Baies (Three Bays),images/landmarks/antsiranana-les-trois-baies.webp,1064,1600,0.665,https://commons.wikimedia.org/wiki/File:Diego_bay.JPG
bahir-dar,2,Ura Kidane Mehret Monastery,images/landmarks/bahir-dar-ura-kidane-mehret-monastery.webp,1064,1600,0.665,https://commons.wikimedia.org/wiki/File:Ura%20Kidane%20Mihret%2C%20Lake%20Tana.jpg
capri,4,Monte Solaro Chairlift,images/landmarks/capri-monte-solaro-chairlift.webp,660,993,0.665,https://commons.wikimedia.org/w/index.php?search=Monte%20Solaro%20Chairlift%20Capri&title=Special:MediaSearch
damascus,8,Mausoleum of Saladin,images/landmarks/damascus-mausoleum-of-saladin.webp,1064,1600,0.665,https://commons.wikimedia.org/wiki/File:Damascus_mausoleum_of_Sultan_Saladin_8146.jpg
fethiye,7,Telmessos Amphitheatre,images/landmarks/fethiye-telmessos-amphitheatre.webp,1064,1600,0.665,https://commons.wikimedia.org/wiki/File:Fethiye_Roman_theatre_during_restoration_7183.jpg
gaziantep,0,Zeugma Mosaic Museum,images/landmarks/gaziantep-zeugma-mosaic-museum.webp,1064,1600,0.665,https://commons.wikimedia.org/wiki/File:Gaziantep_Zeugma_Museum_Oceanus_and_Thetys_1_mosaic_2494.jpg
girona,6,Basilica of Sant Feliu,images/landmarks/girona-basilica-sant-feliu.webp,1064,1600,0.665,https://commons.wikimedia.org/wiki/File:Basilica_Sant_Feliu_Girona_Catalonia_Spain.jpg
inhambane,1,Ponta da Barra and Barra Lighthouse,images/landmarks/inhambane-ponta-da-barra-and-barra-lighthouse.webp,851,1280,0.665,https://commons.wikimedia.org/wiki/File:Barra_Lighthouse.jpg
konya,4,Karatay Medrese,images/landmarks/konya-karatay-medrese.webp,1064,1600,0.665,https://commons.wikimedia.org/wiki/File:Konya_Karatay_Ceramics_Museum_exterior_4465.jpg
konya,7,Aziziye Mosque,images/landmarks/konya-aziziye-mosque.webp,1064,1600,0.665,https://commons.wikimedia.org/wiki/File:Konya_Aziziye_Mosque_exterior_3822.jpg
konya,9,Sırçalı Medrese,images/landmarks/konya-sircali-medrese.webp,1064,1600,0.665,https://commons.wikimedia.org/wiki/File:Konya_S%C4%B1r%C3%A7al%C4%B1_Medrese_gravestone_museum_4489.jpg
maputo,2,Cathedral of Our Lady of Conception,images/landmarks/maputo-cathedral-of-our-lady-of-conception.webp,1064,1600,0.665,https://commons.wikimedia.org/wiki/File:Cathedral_of_maputo_01.jpg
matsuyama,3,Isaniwa Shrine,images/landmarks/matsuyama-isaniwa-shrine.webp,1064,1600,0.665,https://commons.wikimedia.org/wiki/File:Isaniwa_Shrine_Stairs.jpg
mykonos,9,Archaeological Museum of Mykonos,images/landmarks/mykonos-archaeological-museum-of-mykonos.webp,1064,1600,0.665,"https://commons.wikimedia.org/wiki/File:Incense_burner,_pottery,_Kastro,_Chora,_Mykonos,_AM_of_Mykonos,_exhibition,_224884.jpg"
pittsburgh,9,Fallingwater,images/landmarks/pittsburgh-fallingwater.webp,1064,1600,0.665,https://commons.wikimedia.org/wiki/File:Wrightfallingwater.jpg
pristina,7,Clock Tower (Sahat Kulla),images/landmarks/pristina-clock-tower.webp,1064,1600,0.665,"https://commons.wikimedia.org/wiki/File:Clock_Tower_,_Prishtina,_Kosovo.jpg"
seville,4,Torre del Oro,images/landmarks/seville-torre-del-oro.webp,1064,1600,0.665,https://commons.wikimedia.org/wiki/File:Torre_del_Oro_flag_Seville_Spain.jpg
tallinn,9,St. Mary's Cathedral (Toomkirik),images/landmarks/tallinn-st-marys-cathedral-toomkirik.webp,1064,1600,0.665,https://commons.wikimedia.org/wiki/File:Tallinna_toomkirik.jpg
aachen,4,Carolus Thermen,images/landmarks/aachen-carolus-thermen.webp,1066,1600,0.666,https://commons.wikimedia.org/wiki/File:Eingang_Carolus_Thermen_in_Aachen_-_Passstra%C3%9Fe.jpg
aix-en-provence,1,Cathédrale Saint-Sauveur,images/landmarks/aix-en-provence-cathedrale-saint-sauveur.webp,1066,1600,0.666,https://commons.wikimedia.org/wiki/File:Aix-Cathédrale-bjs180807-02.jpg
aurangabad,5,Grishneshwar Temple,images/landmarks/aurangabad-grishneshwar-temple.webp,1066,1600,0.666,https://commons.wikimedia.org/wiki/File:Grishneshwar%20Temple%20Ellora.jpg
baku,2,Maiden Tower (Qız Qalası),images/landmarks/baku-maiden-tower-qz-qalas.webp,1066,1600,0.666,https://commons.wikimedia.org/wiki/File:Maiden%20Tower%20in%20Baku%202015.jpg
banff,4,Johnston Canyon,images/landmarks/banff-johnston-canyon.webp,533,800,0.666,https://en.wikipedia.org/wiki/Johnston_Creek_(Alberta)
banff,6,Cave and Basin National Historic Site,images/landmarks/banff-cave-and-basin-national-historic-site.webp,1066,1600,0.666,https://en.wikipedia.org/wiki/Cave_and_Basin_National_Historic_Site
bangkok,2,Wat Pho (Temple of the Reclining Buddha),images/landmarks/bangkok-wat-pho.webp,1066,1600,0.666,https://en.wikipedia.org/wiki/Wat_Pho
barcelona,4,Barcelona Cathedral,images/landmarks/barcelona-cathedral.webp,1066,1600,0.666,https://en.wikipedia.org/wiki/Barcelona_Cathedral
barranquilla,7,Iglesia de San Nicolás de Tolentino,images/landmarks/barranquilla-iglesia-san-nicolas-de-tolentino.webp,1066,1600,0.666,https://commons.wikimedia.org/wiki/File:2020_Barranquilla_-_Iglesia_de_San_Nicolas_de_Tolentino_(Barranquilla).jpg
batumi,0,Batumi Boulevard,images/landmarks/batumi-batumi-boulevard.webp,1066,1600,0.666,https://commons.wikimedia.org/wiki/File:Batumi_Boulevard_Alley.jpg
bengaluru,7,St. Mary's Basilica,images/landmarks/bengaluru-st-mary-s-basilica.webp,1066,1600,0.666,"https://en.wikipedia.org/wiki/St._Mary's_Basilica,_Bengaluru"
berlin,8,Victory Column (Siegessäule),images/landmarks/berlin-victory-column.webp,1066,1600,0.666,https://en.wikipedia.org/wiki/Berlin_Victory_Column
bern,0,Zytglogge (Clock Tower),images/landmarks/bern-zytglogge.webp,1066,1600,0.666,https://en.wikipedia.org/wiki/Zytglogge
bilbao,7,Catedral de Santiago,images/landmarks/bilbao-catedral-de-santiago.webp,1066,1600,0.666,https://commons.wikimedia.org/wiki/File:Iglesia_Catedral_de_Santiago_Bilbao.JPG
bratislava,2,Michael's Gate,images/landmarks/bratislava-michael-s-gate.webp,1066,1600,0.666,https://en.wikipedia.org/wiki/Michael's_Gate
bremen,1,Roland Statue,images/landmarks/bremen-roland-statue.webp,1066,1600,0.666,https://en.wikipedia.org/wiki/Bremen_Roland
brno,3,Old Town Hall,images/landmarks/brno-old-town-hall.webp,1066,1600,0.666,https://commons.wikimedia.org/wiki/File:Brno_Old_Town_Hall-01.jpg
brugge,0,Belfry of Bruges (Belfort),images/landmarks/brugge-belfry-of-bruges-belfort.webp,1066,1600,0.666,https://en.wikipedia.org/wiki/Belfry_of_Bruges
brugge,7,Groeningemuseum,images/landmarks/brugge-groeningemuseum.webp,1066,1600,0.666,https://en.wikipedia.org/wiki/Groeningemuseum
calgary,2,The Bow,images/landmarks/calgary-the-bow.webp,1066,1600,0.666,https://commons.wikimedia.org/w/index.php?search=The%20Bow%20Calgary&title=Special:MediaSearch
cambridge,3,Fitzwilliam Museum,images/landmarks/cambridge-fitzwilliam-museum.webp,1066,1600,0.666,"https://commons.wikimedia.org/wiki/File:Fitzwilliam_Museum,_Cambridge,_July_2010_(01).JPG"
cape-town,4,Bo-Kaap,images/landmarks/cape-town-bo-kaap.webp,1066,1600,0.666,https://commons.wikimedia.org/w/index.php?search=Bo-Kaap%20Cape%20Town&title=Special:MediaSearch
capri,0,Grotta Azzurra (Blue Grotto),images/landmarks/capri-grotta-azzurra-blue-grotto.webp,1066,1600,0.666,https://commons.wikimedia.org/wiki/File:Entrance_to_Grotta_Azzurra_(Capri).jpg
carcassonne,4,Canal du Midi,images/landmarks/carcassonne-canal-du-midi.webp,1066,1600,0.666,"https://commons.wikimedia.org/wiki/File:Canal_du_Midi_-_Carcassonne,_France_-_July_30,_2024.jpg"
cartagena,1,Castillo San Felipe de Barajas,images/landmarks/cartagena-castillo-san-felipe.webp,1066,1600,0.666,"https://commons.wikimedia.org/wiki/File:Castillo_San_Felipe_de_Barajas,_Cartagena_01.jpg"
cartagena,2,Torre del Reloj,images/landmarks/cartagena-torre-del-reloj.webp,1066,1600,0.666,"https://commons.wikimedia.org/wiki/File:Puerta_del_Reloj,_Cartagena_02.jpg"
cartagena,4,Catedral de Santa Catalina de Alejandría,images/landmarks/cartagena-catedral-santa-catalina.webp,1066,1600,0.666,https://commons.wikimedia.org/wiki/File:Catedral_de_Cartagena-Fachada.jpg
cartagena,5,Palacio de la Inquisición,images/landmarks/cartagena-palacio-de-la-inquisicion.webp,1066,1600,0.666,https://commons.wikimedia.org/wiki/File:Casa_Inquisicion_CTG_11_2019_1674.jpg
casablanca,9,Notre-Dame de Lourdes Church,images/landmarks/casablanca-notre-dame-de-lourdes.webp,1066,1600,0.666,https://commons.wikimedia.org/wiki/File:Casablanca_Notre-Dame-de-Lourde_(2).jpg
catania,0,Piazza del Duomo and the Fontana dell'Elefante,images/landmarks/catania-piazza-del-duomo.webp,1066,1600,0.666,https://commons.wikimedia.org/wiki/File:Catania_-_Fontana_dell%27Elefante_03.jpg
chamonix-mont-blanc,6,Glacier des Bossons,images/landmarks/chamonix-mont-blanc-glacier-des-bossons.webp,1066,1600,0.666,https://commons.wikimedia.org/wiki/File:2025-07-22_Glacier_des_Bossons_1.jpg
chefchaouen,8,Talassemtane National Park,images/landmarks/chefchaouen-talassemtane-national-park.webp,1066,1600,0.666,https://commons.wikimedia.org/wiki/File:Talassemtane_National_Park_(5065135690).jpg
chicago,1,Willis Tower Skydeck,images/landmarks/chicago-willis-tower-skydeck.webp,1066,1600,0.666,https://commons.wikimedia.org/wiki/File:Chicago_-_Willis_Tower_-_Skydeck_Ledge.jpg
chicago,5,Chicago Riverwalk,images/landmarks/chicago-riverwalk.webp,1066,1600,0.666,"https://commons.wikimedia.org/wiki/File:The_Jetty,_Chicago_Riverwalk,_Chicago,_2025.jpg"
colmar,8,Église des Dominicains (Dominican Church),images/landmarks/colmar-glise-des-dominicains.webp,1066,1600,0.666,https://commons.wikimedia.org/wiki/File:%C3%89glise_des_Dominicains_-_clocher_(Colmar).jpg
cologne,6,KölnTriangle observation deck,images/landmarks/cologne-k-lntriangle-observation-deck.webp,1066,1600,0.666,https://commons.wikimedia.org/wiki/File:K%C3%B6lnTriangle_(0684).jpg
cordoba,3,Judería and Calleja de las Flores,images/landmarks/cordoba-juderia-calleja-de-las-flores.webp,1066,1600,0.666,https://commons.wikimedia.org/wiki/File:C%C3%B3rdoba-Juder%C3%ADa-Calleja_de_las_Flores-20110917.jpg
cuiaba,1,Catedral Basílica do Senhor Bom Jesus,images/landmarks/cuiaba-catedral-basilica-senhor-bom-jesus.webp,853,1280,0.666,"https://commons.wikimedia.org/wiki/File:Catedral_Bas%C3%ADlica_do_Senhor_Bom_Jesus,_Cuiab%C3%A1-MT.jpg"
dakar,9,Presidential Palace (Palais de la République),images/landmarks/dakar-presidential-palace.webp,1066,1600,0.666,https://commons.wikimedia.org/wiki/File:Presidential_Palace_(49333168837).jpg
dar-es-salaam,6,Bongoyo Island,images/landmarks/dar-es-salaam-bongoyo-island.webp,1066,1600,0.666,https://commons.wikimedia.org/wiki/File:Baobab_on_Bongoyo_island_(3186803451).jpg
darwin,4,Litchfield National Park,images/landmarks/darwin-litchfield-national-park.webp,1066,1600,0.666,"https://commons.wikimedia.org/wiki/File:Litchfield_National_Park_(AU),_Magnetic_Termite_Mounds_--_2019_--_3731.jpg"
douala,2,Notre-Dame des Victoires de New Bell,images/landmarks/douala-notre-dame-victoires-new-bell.webp,1066,1600,0.666,https://commons.wikimedia.org/wiki/File:Notre_Dame_des_Victoires_de_New_Bell_1.JPG
edirne,8,Edirne Grand Synagogue,images/landmarks/edirne-edirne-grand-synagogue.webp,1065,1600,0.666,https://commons.wikimedia.org/wiki/File:Grand_Synagogue_of_Edirne_3381.jpg
erbil,6,Kurdish Textile Museum,images/landmarks/erbil-kurdish-textile-museum.webp,1066,1600,0.666,https://commons.wikimedia.org/wiki/File:Kurdish_Costume_-_Kurdish_Textile_Museum_-_Erbil_-_Iraq.jpg
essaouira,6,Sidi Mohammed Ben Abdallah Museum,images/landmarks/essaouira-sidi-mohammed-ben-abdallah-museum.webp,1066,1600,0.666,https://commons.wikimedia.org/wiki/File:Essaouira_le_matin_-_panoramio_(45).jpg
essaouira,8,The Souks and Fish Market,images/landmarks/essaouira-the-souks-and-fish-market.webp,1066,1600,0.666,https://commons.wikimedia.org/wiki/File:Essaouira_Medina_-_panoramio_(11).jpg
florence,5,Piazza della Signoria & Palazzo Vecchio,images/landmarks/florence-piazza-della-signoria-and-palazzo-vecchio.webp,1066,1600,0.666,https://commons.wikimedia.org/wiki/File:Firenze_-_Florence_-_Piazza_della_Signoria_-_View_ESE_on_Palazzo_Vecchio_I.jpg
fort-de-france,2,Cathédrale Saint-Louis,images/landmarks/fort-de-france-cathedrale-saint-louis.webp,1066,1600,0.666,https://commons.wikimedia.org/wiki/File:Fort-de-France_-_2014_-_Cath%C3%A9drale_Saint-Louis_(2).jpg
freiburg,6,Martinstor,images/landmarks/freiburg-martinstor.webp,1066,1600,0.666,"https://commons.wikimedia.org/wiki/File:Freiburg_im_Breisgau,_Martinstor_--_2025_--_8005.jpg"
gdansk,3,Długa Street and the Golden Gate,images/landmarks/gdansk-dluga-street-golden-gate.webp,1066,1600,0.666,https://commons.wikimedia.org/wiki/File:20230818_8797-Dluga_mit_Z%C5%82ota_Brama_und_Stockturm.jpg
gdansk,8,Westerplatte,images/landmarks/gdansk-westerplatte.webp,1066,1600,0.666,https://commons.wikimedia.org/wiki/File:00565_Westerplatte_Monument_von_SE.jpg
georgetown,5,Georgetown Lighthouse,images/landmarks/georgetown-lighthouse.webp,1066,1600,0.666,https://commons.wikimedia.org/wiki/File:Georgetown-Lighthouse.jpg
gibraltar,6,Moorish Castle,images/landmarks/gibraltar-moorish-castle.webp,1065,1600,0.666,https://commons.wikimedia.org/wiki/File:Gibraltar_Moorish_Castle_from_Willis%27s_Road_1.jpg
gilgit,5,Jaglot Three Mountain Ranges Junction,images/landmarks/gilgit-jaglot-junction.webp,1066,1600,0.666,https://commons.wikimedia.org/wiki/File:Nanga_Parbat_along_with_Indus_River_at_Jaglot.jpg
glasgow,1,Glasgow Cathedral,images/landmarks/glasgow-cathedral.webp,1066,1600,0.666,https://commons.wikimedia.org/wiki/File:Glasgow_Cathedral_main_portal.jpg
hamadan,6,Alavian Dome (Gonbad-e Alaviyan),images/landmarks/hamadan-alavian-dome.webp,1066,1600,0.666,https://commons.wikimedia.org/wiki/File:Alaviyan_dome-Hamedan.JPG
hamburg,6,Binnenalster & Alster Lakes,images/landmarks/hamburg-binnenalster-alster-lakes.webp,1066,1600,0.666,https://commons.wikimedia.org/wiki/File:Binnenalster_b.jpg
hangzhou,3,Six Harmonies Pagoda (Liuhe Pagoda),images/landmarks/hangzhou-six-harmonies-pagoda.webp,1066,1600,0.666,https://commons.wikimedia.org/wiki/File:20240128_Liuhe_Pagoda_01.jpg
honolulu,7,USS Missouri Memorial,images/landmarks/honolulu-uss-missouri-memorial.webp,1066,1600,0.666,"https://commons.wikimedia.org/wiki/File:USS_Missouri_Memorial,_Pearl_Harbor,_Honolulu_(503635)_(20350134748).jpg"
hualien-city,2,Eternal Spring Shrine (Changchun Shrine),images/landmarks/hualien-city-eternal-spring-shrine.webp,1066,1600,0.666,https://commons.wikimedia.org/wiki/File:Chang_Chun_Shrine_amk.jpg
hualien-city,4,Swallow Grotto (Yanzikou),images/landmarks/hualien-city-swallow-grotto.webp,1066,1600,0.666,https://commons.wikimedia.org/wiki/File:Taroko-Gorge_Hualien_Taiwan_Swallow-Grotto-02.jpg
hualien-city,6,Pine Garden (Songyuan),images/landmarks/hualien-city-pine-garden.webp,1066,1600,0.666,"https://commons.wikimedia.org/wiki/File:Pine_Garden_at_night,_Hualien_City,_Hualien_County_(Taiwan).jpg"
hue,1,Thien Mu Pagoda,images/landmarks/hue-thien-mu-pagoda.webp,1066,1600,0.666,https://commons.wikimedia.org/wiki/File:Hue_Vietnam_Thien-Mu-Temple-and-Pagoda-03.jpg
ica,8,Cañón de los Perdidos (Canyon of the Lost),images/landmarks/ica-canon-de-los-perdidos.webp,1066,1600,0.666,https://commons.wikimedia.org/wiki/File:Ca%C3%B1%C3%B3n_de_los_Perdidos.jpg
inhambane,3,Old Mosque of Inhambane,images/landmarks/inhambane-old-mosque-of-inhambane.webp,1066,1600,0.666,https://commons.wikimedia.org/wiki/File:Mosque_in_Inhambane_(3983844009).jpg
isfahan,6,Jameh Mosque of Isfahan (Friday Mosque),images/landmarks/isfahan-jameh-mosque-of-isfahan-friday-mosque.webp,1066,1600,0.666,https://commons.wikimedia.org/wiki/File:Jameh_Mosque_of_isfahan.jpg
islamabad,4,Lok Virsa Museum,images/landmarks/islamabad-lok-virsa-museum.webp,1066,1600,0.666,https://commons.wikimedia.org/wiki/File:Islamabad_Lok_Virsa_Museum_exterior_03.jpg
izmir,0,İzmir Clock Tower (Saat Kulesi),images/landmarks/izmir-izmir-clock-tower-saat-kulesi.webp,1066,1600,0.666,https://commons.wikimedia.org/wiki/File:%C4%B0zmir_Saat_Kulesi_-_01.jpg
jakarta,2,Jakarta Cathedral,images/landmarks/jakarta-jakarta-cathedral.webp,1066,1600,0.666,https://commons.wikimedia.org/wiki/File:Jakarta_Indonesia_Jakarta-Cathedral-01.jpg
jerez-de-la-frontera,4,Cartuja de Santa María de la Defensión (Charterhouse),images/landmarks/jerez-de-la-frontera-cartuja-de-santa-maría-de-la-defensión-charterhouse.webp,1066,1600,0.666,https://commons.wikimedia.org/wiki/File:CARTUJA_DE_JEREZ.jpg
jerusalem,6,Via Dolorosa,images/landmarks/jerusalem-via-dolorosa.webp,1066,1600,0.666,https://commons.wikimedia.org/wiki/File:Jerusalem_Via_dolorosa_BW_2010-09-20_09-56-43.JPG
karlovy-vary,3,Church of St. Mary Magdalene,images/landmarks/karlovy-vary-church-of-st-mary-magdalene.webp,1066,1600,0.666,https://commons.wikimedia.org/wiki/File:Karlovy_Vary_kostel_svaté_Máří_Magdalény_květen_2022.jpg
kashgar,8,Shipton's Arch (Tushuk Tash),images/landmarks/kashgar-shiptons-arch.webp,1066,1600,0.666,https://commons.wikimedia.org/wiki/File:ShiptonsArchHDR.jpg
kerman,7,Jameh Mosque of Kerman,images/landmarks/kerman-jameh-mosque-of-kerman.webp,1066,1600,0.666,https://commons.wikimedia.org/wiki/File:Kerman_Friday_Mosque_entrance.JPG
ko-samui,6,Na Muang Waterfalls,images/landmarks/ko-samui-na-muang-waterfalls.webp,1066,1600,0.666,"https://commons.wikimedia.org/wiki/File:Nam_Tok_Na_Muang,_Ko_Samui,_Thailand_(4570914278).jpg"
konstanz,0,Konstanz Minster (Münster Unserer Lieben Frau),images/landmarks/konstanz-minster.webp,1066,1600,0.666,https://commons.wikimedia.org/wiki/File:00_8946_Konstanzer_M%C3%BCnster.jpg
konstanz,7,Rosgarten Museum,images/landmarks/konstanz-rosgarten-museum.webp,1066,1600,0.666,https://commons.wikimedia.org/wiki/File:Eingang_zum_Rosgartenmuseum_Konstanz.jpg
krabi,2,Tiger Cave Temple (Wat Tham Suea),images/landmarks/krabi-tiger-cave-temple.webp,1066,1600,0.666,https://commons.wikimedia.org/wiki/File:Krabi_-_Wat_Tham_Suea_-_0015.jpg
kuala-lumpur,1,Batu Caves,images/landmarks/kuala-lumpur-batu-caves.webp,1066,1600,0.666,https://commons.wikimedia.org/wiki/File:Gombak_Selangor_Batu-Caves-01.jpg
kyoto,4,Arashiyama Bamboo Grove,images/landmarks/kyoto-arashiyama-bamboo-grove.webp,1066,1600,0.666,"https://commons.wikimedia.org/wiki/File:Bamboo_Grove,_Arashiyama,_Kyoto,_Japan.jpg"
labuan-bajo,5,Batu Cermin Cave (Mirror Rock Cave),images/landmarks/labuan-bajo-batu-cermin-cave.webp,1066,1600,0.666,https://commons.wikimedia.org/wiki/File:Goa_Batu_Cermin_-_Indonesia_1.jpg
malacca,2,St. Paul's Church and Hill,images/landmarks/malacca-st-pauls-church-hill.webp,1066,1600,0.666,"https://commons.wikimedia.org/wiki/File:St_Paul's_Church,_Melaka.jpg"
malacca,5,Cheng Hoon Teng Temple,images/landmarks/malacca-cheng-hoon-teng-temple.webp,1066,1600,0.666,"https://commons.wikimedia.org/wiki/File:2016_Malakka,_Świątynia_Cheng_Hoon_Teng_(07).jpg"
malmo,2,St. Petri Church (Sankt Petri kyrka),images/landmarks/malmo-st-petri-church.webp,1066,1600,0.666,"https://commons.wikimedia.org/wiki/File:Sankt_Petri_kyrka_in_Malmö,_Sweden.jpg"
milan,9,Bosco Verticale,images/landmarks/milan-bosco-verticale.webp,1066,1600,0.666,https://commons.wikimedia.org/wiki/File:Il_Bosco_Verticale_Milano_Px_(137734459).jpeg
montpellier,2,Saint-Clément Aqueduct (Les Arceaux),images/landmarks/montpellier-saint-clement-aqueduct.webp,1066,1600,0.666,https://commons.wikimedia.org/wiki/File:Aqueduc_Saint_Cl%C3%A9ment_-_Les_Arceaux_-_Montpellier_-_2025.jpg
moscow,8,Ostankino Tower,images/landmarks/moscow-ostankino-tower.webp,1066,1600,0.666,https://commons.wikimedia.org/wiki/File:Ostankino_Tower.jpg
mostar,2,Koski Mehmed-Pasha Mosque,images/landmarks/mostar-koski-mehmed-pasha-mosque.webp,1066,1600,0.666,"https://commons.wikimedia.org/wiki/File:Koski_Mehmed_Pasha_Mosque,_Mostar_01.jpg"
mysore,4,St. Philomena's Cathedral,images/landmarks/mysore-st-philomenas-cathedral.webp,1066,1600,0.666,"https://commons.wikimedia.org/wiki/File:Beautiful_Exterior_view_of_St._Philomena%E2%80%99s_Cathedral,_Mysuru,_Karnataka.jpg"
novi-sad,6,Fruška Gora National Park and Monasteries,images/landmarks/novi-sad-fruska-gora.webp,1066,1600,0.666,https://commons.wikimedia.org/wiki/File:2026-06-13_Fruška_Gora_National_Park_18.jpg
nuremberg,9,Henkersteg and the Pegnitz River Views,images/landmarks/nuremberg-henkersteg.webp,1066,1600,0.666,https://commons.wikimedia.org/wiki/File:Nürnberg_Henkersteg_01.jpg
olomouc,1,Town Hall and Astronomical Clock,images/landmarks/olomouc-town-hall-astronomical-clock.webp,1066,1600,0.666,https://commons.wikimedia.org/wiki/File:Olomouc_-_Horní_náměstí_-_View_SSE_on_Town_Hall_1607_-_Astronomical_clock_1955_by_Karel_Svolinský_-_Bronze_3D_Town_Map.jpg
ottawa,4,Notre-Dame Cathedral Basilica,images/landmarks/ottawa-notre-dame-cathedral-basilica.webp,1066,1600,0.666,"https://commons.wikimedia.org/wiki/File:Ottawa,_ON_-_Notre_Dame_Cathedral_Basilica.jpg"
palermo,4,Fontana Pretoria,images/landmarks/palermo-fontana-pretoria.webp,1066,1600,0.666,https://commons.wikimedia.org/wiki/File:Palermo_-_Fontana_Pretoria_2321.jpg
panama-city,7,Cathedral Basilica Santa María la Antigua,images/landmarks/panama-city-cathedral-basilica-santa-maria-la-antigua.webp,1066,1600,0.666,https://commons.wikimedia.org/wiki/File:Catedral_Metropolitana_de_Panam%C3%A1.jpg
pecs,3,Zsolnay Cultural Quarter,images/landmarks/pecs-zsolnay-cultural-quarter.webp,1066,1600,0.666,https://commons.wikimedia.org/wiki/File:Zsolnay_Quarter_building.jpg
perth,7,Crawley Edge Boatshed (Blue Boat House),images/landmarks/perth-crawley-edge-boatshed.webp,533,800,0.666,https://commons.wikimedia.org/wiki/File:CrawleyEdgeBoatshed.jpg
philadelphia,4,Philadelphia City Hall,images/landmarks/philadelphia-philadelphia-city-hall.webp,1066,1600,0.666,https://commons.wikimedia.org/wiki/File:Philadelphia_city_hall.jpg
pilsen,6,Renaissance Town Hall,images/landmarks/pilsen-renaissance-town-hall.webp,1066,1600,0.666,https://commons.wikimedia.org/wiki/File:Plze%C5%88_-_N%C3%A1m%C4%9Bst%C3%AD_Republiky_-_View_NE_on_Renesan%C4%8Dn%C3%AD_radnice_(City_Hall)_1559_by_Giovanni_de_Statia_-_Renaissance_architecture.jpg
plovdiv,5,Dzhumaya Mosque,images/landmarks/plovdiv-dzhumaya-mosque.webp,1066,1600,0.666,"https://commons.wikimedia.org/wiki/File:Dzhumaya_Mosque,_Plovdiv.jpg"
poprad,8,Belianska Cave,images/landmarks/poprad-belianska-cave.webp,1066,1600,0.666,"https://commons.wikimedia.org/wiki/File:Belianska_Cave,_Vysok%C3%A9_Tatry,_Slovakia_(Unsplash).jpg"
port-of-spain,6,Cathedral of the Immaculate Conception,images/landmarks/port-of-spain-cathedral-immaculate-conception.webp,1066,1600,0.666,https://commons.wikimedia.org/wiki/File:Cathedral_Basilica_of_the_Immaculate_Conception_(Port_of_Spain).JPG
port-vila,5,Ekasup Cultural Village,images/landmarks/port-vila-ekasup-cultural-village.webp,1066,1600,0.666,https://commons.wikimedia.org/wiki/File:Ekasup_Cultural_Village_(16123306403).jpg
porto,9,Vila Nova de Gaia Port Wine Cellars,images/landmarks/porto-port-wine-cellars.webp,1066,1600,0.666,"https://commons.wikimedia.org/wiki/File:Ramos_Pinto_Port_Wine_Cellars_Entrance,_Vila_Nova_de_Gaia,_Porto_(54814198436).jpg"
poznan,4,Fara Poznanska (Parish Church of St. Stanislaus),images/landmarks/poznan-fara-poznanska.webp,1066,1600,0.666,https://commons.wikimedia.org/wiki/File:Fara_Pozna%C5%84ska.jpg
regensburg,1,Regensburg Cathedral (Dom St. Peter),images/landmarks/regensburg-cathedral.webp,1066,1600,0.666,https://commons.wikimedia.org/wiki/File:00_2101_Regensburg_-_Dom_St._Peter.jpg
regensburg,6,Basilika St. Emmeram,images/landmarks/regensburg-basilika-st-emmeram.webp,1066,1600,0.666,https://commons.wikimedia.org/wiki/File:Basilika_St._Emmeram_Regensburg_8.jpg
rhodes,3,Mandraki Harbour,images/landmarks/rhodes-mandraki-harbour.webp,1065,1600,0.666,https://commons.wikimedia.org/wiki/File:Windmills_Rhodes_harbour.jpg
rostock,6,Kloster zum Heiligen Kreuz (Holy Cross Abbey),images/landmarks/rostock-kloster-zum-heiligen-kreuz-holy-cross-abbey.webp,1066,1600,0.666,"https://commons.wikimedia.org/wiki/File:Rostock,_Kloster_zum_Heiligen_Kreuz,_Klosterkirche_--_2024_--_5301.jpg"
rostock,7,Universitätsplatz and University Main Building,images/landmarks/rostock-universitatsplatz-and-university-main-building.webp,1066,1600,0.666,https://commons.wikimedia.org/wiki/File:Main_Building_Rostock_University_at_night.JPG
rotorua,3,"Redwoods Treewalk, Whakarewarewa Forest",images/landmarks/rotorua-redwoods-treewalk-whakarewarewa-forest.webp,1066,1600,0.666,https://commons.wikimedia.org/wiki/File:Lit_sculptures_above_entrance_tower_-_portrait.jpg
rotorua,7,Ohinemutu and St Faith's Church,images/landmarks/rotorua-ohinemutu-and-st-faiths-church.webp,1066,1600,0.666,"https://commons.wikimedia.org/wiki/File:St_Faiths_Anglican_Church,_Ohinemutu,_Rotorua_(3).JPG"
rotterdam,3,Euromast,images/landmarks/rotterdam-euromast.webp,1066,1600,0.666,https://commons.wikimedia.org/wiki/File:.00_2435_Euromast_-_Rotterdam.jpg
saint-denis,5,Musée Léon Dierx,images/landmarks/saint-denis-reunion-musee-leon-dierx.webp,1066,1600,0.666,https://commons.wikimedia.org/wiki/File:Buste-Léon-Dierx.JPG
saint-denis,6,Le Grand Marché,images/landmarks/saint-denis-reunion-le-grand-marche.webp,1066,1600,0.666,https://commons.wikimedia.org/wiki/File:Grand-marché-Saint-Denis.JPG
salamanca,4,La Clerecía (Pontifical University),images/landmarks/salamanca-la-clerecia.webp,1066,1600,0.666,"https://commons.wikimedia.org/wiki/File:2026-05-28_Church_of_la_Clerecía,_Salamanca_1.jpg"
salerno,2,Giardino della Minerva,images/landmarks/salerno-giardino-della-minerva.webp,1066,1600,0.666,https://commons.wikimedia.org/wiki/File:Giardino_della_Minerva_Salerno_09.jpg
salta,9,Mercado Artesanal de Salta,images/landmarks/salta-mercado-artesanal-de-salta.webp,1066,1600,0.666,https://commons.wikimedia.org/wiki/File:Florentina_Mendoza_de_tienda_MATRA_en_Tecnópolis_(21895515470).jpg
salvador,1,Elevador Lacerda,images/landmarks/salvador-elevador-lacerda.webp,1066,1600,0.666,https://commons.wikimedia.org/wiki/File:Elevador_Lacerda_7610.jpg
san-andres,7,First Baptist Church (La Loma),images/landmarks/san-andres-first-baptist-church.webp,1066,1600,0.666,"https://commons.wikimedia.org/wiki/File:First_Baptist_church_on_The_Hill,_La_Loma.jpg"
san-antonio,5,Tower of the Americas,images/landmarks/san-antonio-tower-of-the-americas.webp,1066,1600,0.666,https://commons.wikimedia.org/wiki/File:San_Antonio_May_2018_8_(Tower_of_the_Americas).jpg
san-antonio,7,The Pearl District,images/landmarks/san-antonio-the-pearl-district.webp,1066,1600,0.666,https://commons.wikimedia.org/wiki/File:Gustavs_Geysers_Pearl_Brewery_San_Antonio_2021.jpg
sanliurfa,4,Haleplibahçe Mosaic Museum,images/landmarks/sanliurfa-haleplibahce-mosaic-museum.webp,1066,1600,0.666,https://commons.wikimedia.org/wiki/File:Urfa_Haleplibahçe_Mosaic_Museum_Alanyurt_mosaic_5200.jpg
santiago-de-compostela,2,Hostal dos Reis Católicos,images/landmarks/santiago-de-compostela-hostal-dos-reis-catolicos.webp,1066,1600,0.666,https://commons.wikimedia.org/wiki/File:2025_Porta_e_balc%C3%B3n_do_Hostal_dos_Reis_Cat%C3%B3licos._Santiago_de_Compostela._Galiza.jpg
santiago-de-compostela,9,Rúa do Franco & the Old Town,images/landmarks/santiago-de-compostela-rua-do-franco.webp,1066,1600,0.666,https://commons.wikimedia.org/wiki/File:R%C3%BAa_do_Franco._Santiago_de_Compostela._Galiza.jpg
santiago-de-cuba,8,Padre Pico Steps & Tivolí Quarter,images/landmarks/santiago-de-cuba-padre-pico-steps.webp,1066,1600,0.666,"https://commons.wikimedia.org/wiki/File:Calle_Padre_Pico_desde_el_n%C2%BA_361,_al_fondo,_la_famosa_escalinata_-_panoramio.jpg"
sao-tome,0,Fort São Sebastião,images/landmarks/sao-tome-fort-sao-sebastiao.webp,1066,1600,0.666,https://commons.wikimedia.org/wiki/File:Fort_S%C3%A3o_Sebasti%C3%A3o_(S%C3%A3o_Tom%C3%A9)_(7).jpg
sarajevo,7,Old Orthodox Church,images/landmarks/sarajevo-old-orthodox-church.webp,1066,1600,0.666,https://commons.wikimedia.org/wiki/File:Sarajevo_Old_Orthodox_Church_03.jpg
sergiyev-posad,3,Lavra Bell Tower,images/landmarks/sergiyev-posad-lavra-bell-tower.webp,1066,1600,0.666,https://commons.wikimedia.org/wiki/File:Bell_Tower_Troitse-Sergiyeva_Lavra_2023-07-21_7008.jpg
shanghai,5,Nanjing Road,images/landmarks/shanghai-nanjing-road.webp,1066,1600,0.666,https://commons.wikimedia.org/wiki/File:East_Nanjing_Road_2020_(50361842166).jpg
sibiu,4,Lutheran Cathedral of Saint Mary,images/landmarks/sibiu-lutheran-cathedral.webp,1066,1600,0.666,https://commons.wikimedia.org/wiki/File:Sibiu_Lutheran_Cathedral.jpg
stanley,0,Christ Church Cathedral and Whalebone Arch,images/landmarks/stanley-christ-church-cathedral-and-whalebone-arch.webp,1066,1600,0.666,https://commons.wikimedia.org/wiki/File%3AWhalebone_Arch_and_Christ_Church_Cathedral_%285618221414%29.jpg
stanley,8,Battle of the Falklands 1914 Memorial,images/landmarks/stanley-battle-of-falklands-1914-memorial.webp,1066,1600,0.666,https://commons.wikimedia.org/wiki/File:Memorial_to_the_1914_Battle_of_the_Falkland_Islands_(5617680649).jpg
stanley,9,Victory Green and Ross Road waterfront,images/landmarks/stanley-victory-green-ross-road-waterfront.webp,853,1280,0.666,"https://commons.wikimedia.org/wiki/File:Ross_Road,_Stanley_(Falkland_Islands).jpg"
stockholm,0,Gamla Stan (Old Town),images/landmarks/stockholm-gamla-stan-old-town.webp,1066,1600,0.666,"https://commons.wikimedia.org/wiki/File:Alley_in_Gamla_Stan,_Stockholm.jpg"
sucre,5,Catedral Metropolitana de Sucre,images/landmarks/sucre-catedral-metropolitana-de-sucre.webp,1066,1600,0.666,https://commons.wikimedia.org/wiki/File:Catedral_Metropolitana_de_Sucre.JPG
torshavn,1,Skansin Fortress,images/landmarks/torshavn-skansin-fortress.webp,1066,1600,0.666,https://commons.wikimedia.org/wiki/File:Skansin_Fortress-pjt2.jpg
toulouse,3,Couvent des Jacobins,images/landmarks/toulouse-couvent-des-jacobins.webp,1066,1600,0.666,https://commons.wikimedia.org/wiki/File:Ensemble_conventuel_des_Jacobins_2012-08-01_11-20-28.jpg
udaipur,4,Jagdish Temple,images/landmarks/udaipur-jagdish-temple.webp,1066,1600,0.666,https://commons.wikimedia.org/wiki/File:Jagdish_Temple_Udaipur.jpg
ulm,0,Ulm Minster (Ulmer Münster),images/landmarks/ulm-ulm-minster.webp,1066,1600,0.666,https://commons.wikimedia.org/wiki/File:Ulm_-_Ulmer_Münster_(49203436743).jpg
ulm,4,Metzgerturm (Butchers' Tower),images/landmarks/ulm-metzgerturm.webp,1066,1600,0.666,https://commons.wikimedia.org/wiki/File:Ulm_Metzgerturm_04.jpg
vancouver,7,Lions Gate Bridge,images/landmarks/vancouver-lions-gate-bridge.webp,1066,1600,0.666,"https://commons.wikimedia.org/wiki/File:Lions_Gate_Bridge,_Vancouver,_Canada.jpg"
varna,0,Dormition of the Mother of God Cathedral,images/landmarks/varna-dormition-of-the-mother-of-god-cathedral.webp,1066,1600,0.666,"https://commons.wikimedia.org/wiki/File:Dormition_of_the_Mother_of_God_Cathedral,_Varna,_December,_2018.jpg"
venice,8,Santa Maria della Salute,images/landmarks/venice-santa-maria-della-salute.webp,1065,1600,0.666,https://commons.wikimedia.org/wiki/File:Santa_Maria_della_Salute_from_Hotel_Monaco.jpg
vienna,1,St. Stephen's Cathedral,images/landmarks/vienna-st-stephens-cathedral.webp,1066,1600,0.666,https://commons.wikimedia.org/wiki/File:Wien_-_Stephansdom_(1).JPG
visby,5,Fiskargränd,images/landmarks/visby-fiskargrand.webp,1066,1600,0.666,"https://commons.wikimedia.org/wiki/File:Fiskargränd,_Visby.jpg"
vladivostok,9,Triumphal Arch of Tsarevich Nicholas,images/landmarks/vladivostok-triumphal-arch.webp,533,800,0.666,https://commons.wikimedia.org/wiki/File:Triumphal_arch_Cesarevitch_Nikolay.jpg
wroclaw,8,St. Elizabeth's Church,images/landmarks/wroclaw-st-elizabeth-s-church.webp,1066,1600,0.666,https://commons.wikimedia.org/wiki/File:598582_Wroc%C5%82aw_Bazylika_El%C5%BCbiety_01.JPG
zhangjiajie,7,Yellow Dragon Cave (Huanglongdong),images/landmarks/zhangjiajie-yellow-dragon-cave.webp,933,1400,0.666,https://commons.wikimedia.org/wiki/File:20120410_YD_cave_0001_04.jpg
abha,2,Shada Palace,images/landmarks/abha-shada-palace.webp,1067,1600,0.667,https://commons.wikimedia.org/wiki/File:%D9%82%D8%B5%D8%B1_%D8%B4%D8%AF%D8%A72.jpg
aix-en-provence,9,Thermes Sextius,images/landmarks/aix-en-provence-thermes-sextius.webp,1280,1920,0.667,https://commons.wikimedia.org/wiki/File:Aix-en-Provence_Thermes_Sextius_1_20061227.jpg
angra-dos-reis,5,Convento de Sao Bernardino de Sena,images/landmarks/angra-dos-reis-convento-de-sao-bernardino-de-sena.webp,1067,1600,0.667,https://commons.wikimedia.org/wiki/File:Ru%C3%ADnas_do_Convento_S%C3%A3o_Bernardino_de_Sena.jpg
angra-dos-reis,6,Igreja Matriz de Nossa Senhora da Conceicao,images/landmarks/angra-dos-reis-igreja-matriz-de-nossa-senhora-da-conceicao.webp,512,768,0.667,https://commons.wikimedia.org/wiki/File:Altar_da_Igreja_Matriz_de_Nossa_senhora_da_Concei%C3%A7%C3%A3o.jpg
annecy,6,Basilique de la Visitation,images/landmarks/annecy-basilique-de-la-visitation.webp,1067,1600,0.667,https://commons.wikimedia.org/wiki/File:Basilique_de_la_Visitation_-_207.jpg
antsiranana,2,Montagne d'Ambre National Park,images/landmarks/antsiranana-montagne-dambre-national-park.webp,1067,1600,0.667,https://commons.wikimedia.org/wiki/File:Waterfall_Montagne_d_Ambre_MS5563.jpg
ashgabat,4,Monument to the Constitution,images/landmarks/ashgabat-monument-to-the-constitution.webp,1067,1600,0.667,"https://commons.wikimedia.org/wiki/File:Monument_to_the_Constitution,_Ashgabat,_Turkmenistan.jpg"
astana,7,Nur-Astana Mosque,images/landmarks/astana-nur-astana-mosque.webp,1067,1600,0.667,https://commons.wikimedia.org/wiki/File:Nur_Astana_Mosque_02.jpg
baku,9,Nizami Street,images/landmarks/baku-nizami-street.webp,1067,1600,0.667,https://en.wikipedia.org/wiki/Nizami%20Street
barcelona,8,La Rambla,images/landmarks/barcelona-la-rambla.webp,1068,1600,0.667,https://commons.wikimedia.org/wiki/File:02006_44570082_La_Rambla_From_The_Cable_Car.jpg
basel,5,St. Alban-Tor,images/landmarks/basel-st-alban-tor.webp,1067,1600,0.667,https://commons.wikimedia.org/wiki/File:Basel_-_St.-Alban-Tor.jpg
bergen,5,Bergen Cathedral,images/landmarks/bergen-bergen-cathedral.webp,800,1200,0.667,https://en.wikipedia.org/wiki/Bergen_Cathedral
bologna,4,Portico di San Luca,images/landmarks/bologna-portico-di-san-luca.webp,1068,1600,0.667,"https://commons.wikimedia.org/wiki/File:Arcade_of_Sanctuary_of_the_Madonna_di_San_Luca,_Bologna,_Italy.jpg"
brasov,2,Mount Tâmpa,images/landmarks/brasov-mount-tampa.webp,1067,1600,0.667,https://commons.wikimedia.org/wiki/File:Ivy-covered_tower_below_Mount_Tâmpa_with_the_BRAȘOV_sign_(2025).jpg
buenos-aires,0,Obelisco de Buenos Aires,images/landmarks/buenos-aires-obelisco-de-buenos-aires.webp,1066,1599,0.667,https://en.wikipedia.org/wiki/Obelisco_de_Buenos_Aires
cadiz,5,Teatro Romano (Roman Theatre),images/landmarks/cadiz-teatro-romano.webp,1067,1600,0.667,https://commons.wikimedia.org/wiki/File:C%C3%A1diz_Teatro_Romano_1.jpg
cadiz,9,Barrio del Pópulo,images/landmarks/cadiz-barrio-del-populo.webp,1067,1600,0.667,https://commons.wikimedia.org/w/index.php?search=Barrio%20del%20P%C3%B3pulo%20Cadiz&title=Special:MediaSearch
copenhagen,0,The Little Mermaid statue,images/landmarks/copenhagen-the-little-mermaid-statue.webp,1068,1600,0.667,https://en.wikipedia.org/wiki/File:Copenhagen_-_the_little_mermaid_statue_-_2013.jpg
dubrovnik,4,Dubrovnik Cathedral (Cathedral of the Assumption),images/landmarks/dubrovnik-dubrovnik-cathedral-cathedral-of-the-assumption.webp,1067,1600,0.667,"https://commons.wikimedia.org/wiki/File:Cattedrale_di_dubrovnik,_ext._01.JPG"
erbil,2,Mudhafaria Minaret (Choli Minaret),images/landmarks/erbil-mudhafaria-minaret.webp,1068,1600,0.667,"https://commons.wikimedia.org/wiki/File:Mudhafaria_Minaret,_Minaret_Park,_Erbil.jpg"
gibraltar,2,St Michael's Cave,images/landmarks/gibraltar-st-michaels-cave.webp,1067,1600,0.667,https://commons.wikimedia.org/wiki/File:Gibraltar_St._Michael%27s_Cave_interior_1.jpg
gibraltar,3,Great Siege Tunnels,images/landmarks/gibraltar-great-siege-tunnels.webp,1067,1600,0.667,https://commons.wikimedia.org/wiki/File:Gibraltar_Great_Siege_Tunnels_main_course.jpg
gondar,3,Fasilides' Bath,images/landmarks/gondar-fasilides-bath.webp,1067,1600,0.667,https://commons.wikimedia.org/wiki/File:ET_Gondar_asv2018-02_img29_Fasilides_Bath.jpg
heidelberg,4,Church of the Holy Spirit (Heiliggeistkirche),images/landmarks/heidelberg-church-of-the-holy-spirit.webp,1068,1600,0.667,https://commons.wikimedia.org/wiki/File:20230315_Heiliggeistkirche_Heidelberg_01.jpg
innsbruck,4,Hofkirche (Court Church),images/landmarks/innsbruck-hofkirche.webp,1068,1600,0.667,https://commons.wikimedia.org/wiki/File:20240225_Hofkirche_Innsbruck.jpg
istanbul,4,Grand Bazaar,images/landmarks/istanbul-grand-bazaar.webp,1067,1600,0.667,https://commons.wikimedia.org/wiki/File:Istanbul_asv2021-11_img41_Grand_Bazaar.jpg
jeddah,0,King Fahd's Fountain,images/landmarks/jeddah-king-fahds-fountain.webp,1067,1600,0.667,https://commons.wikimedia.org/wiki/File:King_Fahd’s_Fountain.jpg
kathmandu,9,Nyatapola Temple Bazaar,images/landmarks/kathmandu-nyatapola-temple.webp,800,1200,0.667,https://commons.wikimedia.org/wiki/File:Kathmandu_und_Bhaktapur_2013-05-11_16-03-39.jpg
konstanz,1,Imperia Statue,images/landmarks/konstanz-imperia-statue.webp,1067,1600,0.667,"https://commons.wikimedia.org/wiki/File:Imperia_Statue,_Konstanz,_Germany,_20250502_1834_8716.jpg"
la-paz,1,Mi Teleférico,images/landmarks/la-paz-mi-teleferico.webp,1067,1600,0.667,"https://commons.wikimedia.org/wiki/File:Mi_Telef%C3%A9rico,_La_Paz,_Bolivia.jpg"
lausanne,0,Lausanne Cathedral (Notre-Dame),images/landmarks/lausanne-lausanne-cathedral.webp,600,900,0.667,https://commons.wikimedia.org/wiki/File:Lausanne-cathe7.JPG
lausanne,3,Place de la Palud,images/landmarks/lausanne-place-de-la-palud.webp,1068,1600,0.667,https://commons.wikimedia.org/wiki/File:Lausanne_Palud_Justice_(1).jpg
leipzig,0,Völkerschlachtdenkmal (Monument to the Battle of the Nations),images/landmarks/leipzig-volkerschlachtdenkmal.webp,1067,1600,0.667,https://en.wikipedia.org/wiki/Monument_to_the_Battle_of_the_Nations
leipzig,2,St. Nicholas Church (Nikolaikirche),images/landmarks/leipzig-nikolaikirche.webp,1067,1600,0.667,"https://en.wikipedia.org/wiki/St._Nicholas_Church,_Leipzig"
leipzig,3,Old Town Hall and Markt,images/landmarks/leipzig-altes-rathaus.webp,1068,1600,0.667,https://commons.wikimedia.org/wiki/File:20200912_Altes_Rathaus_Leipzig_02.jpg
libreville,1,Hassan II Mosque,images/landmarks/libreville-hassan-ii-mosque.webp,1067,1600,0.667,"https://commons.wikimedia.org/wiki/File:The_Hassan_II_Mosque_in_Libreville,_Gabon_-_2023.jpg"
libreville,2,Léon Mba Memorial,images/landmarks/libreville-leon-mba-memorial.webp,1067,1600,0.667,"https://commons.wikimedia.org/wiki/File:The_Leon_Mba_Memorial_-_Libreville,_Gabon_-_2023.jpg"
libreville,8,Presidential Palace of Gabon,images/landmarks/libreville-presidential-palace-of-gabon.webp,1067,1600,0.667,"https://commons.wikimedia.org/wiki/File:The_Hassan_II_Mosque_in_Libreville,_Gabon_-_2023.jpg"
ljubljana,9,Metelkova Mesto,images/landmarks/ljubljana-metelkova-mesto.webp,1067,1600,0.667,https://commons.wikimedia.org/wiki/File:Metelkova_mesto1.jpg
london,0,Big Ben (Elizabeth Tower),images/landmarks/london-big-ben.webp,1067,1600,0.667,"https://commons.wikimedia.org/wiki/File:Elizabeth_Tower,_June_2022.jpg"
longyearbyen,0,Svalbard Global Seed Vault,images/landmarks/longyearbyen-seed-vault.webp,1067,1600,0.667,https://commons.wikimedia.org/wiki/File:Svalbard_Global_Seed_Vault_april2017.jpg
los-angeles,1,Griffith Observatory,images/landmarks/los-angeles-griffith-observatory.webp,1067,1600,0.667,"https://commons.wikimedia.org/wiki/File:Griffith_Observatory,_Los_Angeles_2015-07-19.jpg"
madrid,4,Gran Via,images/landmarks/madrid-gran-via.webp,1067,1600,0.667,https://commons.wikimedia.org/wiki/File:Gran_Vía_-_01.jpg
madrid,7,Almudena Cathedral,images/landmarks/madrid-almudena-cathedral.webp,1067,1600,0.667,https://commons.wikimedia.org/wiki/File:Catedral_de_la_Almudena_-_130826_211731.jpg
madurai,0,Meenakshi Amman Temple,images/landmarks/madurai-meenakshi-amman-temple.webp,1067,1600,0.667,https://commons.wikimedia.org/wiki/File:MEENAKSHI_TEMPLE-_WEST_TOWER.jpg
malaga,5,Calle Marqués de Larios,images/landmarks/malaga-calle-marques-de-larios.webp,1067,1600,0.667,"https://commons.wikimedia.org/wiki/File:Calle_Marques_de_Larios,_M%C3%A1laga.jpg"
merida,4,Gran Museo del Mundo Maya,images/landmarks/merida-gran-museo-del-mundo-maya.webp,1067,1600,0.667,https://commons.wikimedia.org/wiki/File:Gran_Museo_del_Mundo_Maya_-_Dic_2018_01.jpg
merida,5,Palacio Cantón,images/landmarks/merida-palacio-canton.webp,1067,1600,0.667,https://commons.wikimedia.org/wiki/File:Palacio_Canton_Merida_Yucatan_2016_Exhibits_15.jpg
mexico-city,7,Torre Latinoamericana,images/landmarks/mexico-city-torre-latinoamericana.webp,1067,1600,0.667,https://commons.wikimedia.org/wiki/File:Mexico_df_-_Torre_Latinoamerica.jpg
minneapolis,7,Weisman Art Museum,images/landmarks/minneapolis-weisman-art-museum.webp,1068,1600,0.667,"https://commons.wikimedia.org/wiki/File:Frank_Gehry_-_Minneapolis,_MN_-_Weisman_Art_Museum_(A).jpg"
munich,3,Englischer Garten (English Garden),images/landmarks/munich-englischer-garten.webp,1068,1600,0.667,"https://commons.wikimedia.org/wiki/File:Monopteros,_Englischer_Garten,_Munich,_20251110_0846_6048.jpg"
nadi,0,Sri Siva Subramaniya Temple,images/landmarks/nadi-sri-siva-subramaniya-temple.webp,1067,1600,0.667,"https://commons.wikimedia.org/wiki/File:Sri_Siva_Subramaniya_Swami_Temple_-_Nadi,_Fiji.jpg"
nagano,1,Jigokudani Snow Monkey Park,images/landmarks/nagano-jigokudani-snow-monkey-park.webp,1067,1600,0.667,https://commons.wikimedia.org/wiki/File:Snow_Monkey_at_Jigokudani_Monkey_Park.jpg
nagasaki,1,Nagasaki Peace Park,images/landmarks/nagasaki-peace-park.webp,1067,1600,0.667,https://commons.wikimedia.org/wiki/File:20190202_Nagasaki_Peace_Park_Peace_Statue-1.jpg
nanjing,3,Nanjing Massacre Memorial Hall,images/landmarks/nanjing-massacre-memorial-hall.webp,1067,1600,0.667,https://commons.wikimedia.org/wiki/File:Nanjing_Massacre_Memorial_(10151828983).jpg
new-york,3,Central Park,images/landmarks/new-york-central-park.webp,1067,1600,0.667,"https://commons.wikimedia.org/wiki/File:New_York_City_(New_York,_USA),_Central_Park_--_2012_--_6732.jpg"
osaka,9,Abeno Harukas,images/landmarks/osaka-abeno-harukas.webp,1068,1600,0.667,https://commons.wikimedia.org/wiki/File:Abeno_Harukas_Osaka_Japan01-r.jpg
pilsen,4,Pilsen Historical Underground,images/landmarks/pilsen-historical-underground.webp,400,600,0.667,https://commons.wikimedia.org/wiki/File:Plze%C5%88sk%C3%A9_historick%C3%A9_podzem%C3%AD_-_chodba.jpg
ponce,3,Museo de Arte de Ponce,images/landmarks/ponce-museo-de-arte-de-ponce.webp,1068,1600,0.667,https://commons.wikimedia.org/wiki/File:Museo_de_Arte_de_Ponce_3360.jpg
port-louis,5,Port Louis Central Market,images/landmarks/port-louis-central-market.webp,1068,1600,0.667,https://commons.wikimedia.org/wiki/File:Mauritius_-_Port_Louis_(Central_Market)_(17118303459).jpg
punta-cana,7,Manatí Park,images/landmarks/punta-cana-manati-park.webp,683,1024,0.667,https://commons.wikimedia.org/wiki/File:Ara_chloropterus_-Manati_Park_-Dominican_Republic-8a.jpg
rhodes,5,Kahal Shalom Synagogue,images/landmarks/rhodes-kahal-shalom-synagogue.webp,1067,1600,0.667,https://commons.wikimedia.org/wiki/File:Kahal_Shalom_Synagogue_entrance_2010.jpg
salvador,3,Salvador Cathedral (Sé),images/landmarks/salvador-salvador-cathedral.webp,1066,1599,0.667,https://commons.wikimedia.org/wiki/File:Catedral_Basílica_de_Salvador_2018-0111.jpg
san-antonio,1,San Antonio River Walk,images/landmarks/san-antonio-san-antonio-river-walk.webp,600,900,0.667,https://commons.wikimedia.org/wiki/File:Riverwalk20.jpg
skopje,3,Old Bazaar (Stara Čaršija),images/landmarks/skopje-old-bazaar.webp,1067,1600,0.667,"https://commons.wikimedia.org/wiki/File:Old_Bazaar,_Skopje_2018.jpg"
split,5,Grgur Ninski Statue (Gregory of Nin),images/landmarks/split-grgur-ninski-statue.webp,1067,1600,0.667,"https://commons.wikimedia.org/wiki/File:Gregory_of_Nin_statue_in_Split,_Croatia_(48693918937).jpg"
split,9,Klis Fortress,images/landmarks/split-klis-fortress.webp,1067,1600,0.667,https://commons.wikimedia.org/wiki/File:Fortress_of_Klis_02.jpg
tarragona,4,Passeig Arqueològic (Roman Walls),images/landmarks/tarragona-passeig-arqueologic-roman-walls.webp,1067,1600,0.667,"https://commons.wikimedia.org/wiki/File:Muralla_romana,_Passeig_Arqueol%C3%B2gic,_05,_torre.jpg"
thessaloniki,7,Aristotelous Square,images/landmarks/thessaloniki-aristotelous-square.webp,1067,1600,0.667,https://commons.wikimedia.org/wiki/File:Thessaloniki_Aristotelous_Square_from_Mitropoleous_up.jpg
tokyo,8,teamLab Planets TOKYO,images/landmarks/tokyo-teamlab-planets.webp,1067,1600,0.667,https://commons.wikimedia.org/wiki/File:At_teamLab_Planets_(48277798316).jpg
toronto,5,Toronto City Hall,images/landmarks/toronto-toronto-city-hall.webp,1067,1600,0.667,"https://commons.wikimedia.org/wiki/File:City_Hall_-_Toronto,_Ontario,_Canada_-_October_16,_2023_01.jpg"
toulouse,8,Canal du Midi,images/landmarks/toulouse-canal-du-midi.webp,1067,1600,0.667,https://commons.wikimedia.org/wiki/File:J20_696_Canal_du_Midi.jpg
trier,2,Liebfrauenkirche (Church of Our Lady),images/landmarks/trier-liebfrauenkirche.webp,1067,1600,0.667,"https://commons.wikimedia.org/wiki/File:Trier,_Liebfrauenkirche_--_2015_--_6137.jpg"
trinidad,8,Cerro de la Vigía and Ermita de la Popa,images/landmarks/trinidad-cerro-de-la-vigia.webp,1067,1600,0.667,https://commons.wikimedia.org/wiki/File:Ermita_de_la_Popa_-_Trinidad_-_01.jpg
turku,4,Forum Marinum and Museum Ships,images/landmarks/turku-forum-marinum.webp,1067,1600,0.667,https://commons.wikimedia.org/wiki/File:Turku_-_Forum_Marinum_-_Suomen_Joutsen_01.jpg
yangon,2,Botataung Pagoda,images/landmarks/yangon-botataung-pagoda.webp,1067,1600,0.667,https://commons.wikimedia.org/wiki/File:Botataung_Pagoda_stupa_with_flags_Yangon_Myanmar.jpg
yangon,5,Bogyoke Aung San Market,images/landmarks/yangon-bogyoke-aung-san-market.webp,1024,1536,0.667,https://commons.wikimedia.org/wiki/File:Myanmar-Yangon-Bogyoke_market.jpg
yaounde,0,Notre-Dame des Victoires Cathedral,images/landmarks/yaounde-notre-dame-des-victoires-cathedral.webp,1067,1600,0.667,https://commons.wikimedia.org/wiki/File:Cathédrale_Notre_Dame_de_Victoire_de_Yaoundé-01.jpg
yogyakarta,7,Tugu Yogyakarta,images/landmarks/yogyakarta-tugu-yogyakarta.webp,1067,1600,0.667,https://commons.wikimedia.org/wiki/File:Yogyakarta_Indonesia_Tugu-Yogyakarta-01.jpg
yokohama,1,Cosmo Clock 21 (Ferris Wheel),images/landmarks/yokohama-cosmo-clock-21.webp,1067,1600,0.667,https://commons.wikimedia.org/wiki/File:Cosmo_clock_21_ferris_wheel_yokohama.jpg
zagreb,0,St. Mark's Church,images/landmarks/zagreb-st-marks-church.webp,1067,1600,0.667,"https://commons.wikimedia.org/wiki/File:St._Mark's_Church,_Zagreb_04.jpg"
zhangjiajie,2,Tianmen Mountain,images/landmarks/zhangjiajie-tianmen-mountain.webp,1066,1599,0.667,https://commons.wikimedia.org/wiki/File:Tianmen_Mountain_Heaven_Gate_arch_Zhangjiajie.jpg
fenghuang,5,Former Residence of Shen Congwen,images/landmarks/fenghuang-former-residence-of-shen-congwen.webp,400,599,0.668,https://en.wikipedia.org/wiki/Shen_Congwen
nimes,7,Cathédrale Notre-Dame-et-Saint-Castor,images/landmarks/nimes-cathedrale-notre-dame-saint-castor.webp,1069,1600,0.668,https://commons.wikimedia.org/wiki/File:Exterior_of_the_Cathedral_of_Nimes_(7).jpg
sana-a,1,Great Mosque of Sana'a,images/landmarks/sanaa-great-mosque-of-sanaa.webp,684,1024,0.668,https://commons.wikimedia.org/wiki/File:Old_City%2C_Sana%27a%2C_Yemen_%2815335600470%29.jpg
alesund,1,Art Nouveau Town Centre (Jugendstil district),images/landmarks/alesund-art-nouveau-town-centre.webp,1071,1600,0.669,https://commons.wikimedia.org/wiki/File:Alesund_Kongensgate_12.jpg
anchorage,5,Ship Creek,images/landmarks/anchorage-ship-creek.webp,1070,1600,0.669,https://commons.wikimedia.org/wiki/File:Ship_Creek_Fishing_-_Anchorage.jpg
boston,4,Bunker Hill Monument,images/landmarks/boston-bunker-hill-monument.webp,1071,1600,0.669,https://en.wikipedia.org/wiki/Bunker_Hill_Monument
charleston,5,St. Michael's Church,images/landmarks/charleston-st-michaels-church.webp,685,1024,0.669,"https://commons.wikimedia.org/wiki/File:St._Michael%27s_Episcopal_Church_(Charleston,_South_Carolina)_02.JPG"
dublin,9,Spire of Dublin,images/landmarks/dublin-spire-of-dublin.webp,1070,1600,0.669,https://commons.wikimedia.org/wiki/File:E4324-Spire-of-Dublin.jpg
dusseldorf,7,Basilika St. Lambertus,images/landmarks/dusseldorf-basilika-st-lambertus.webp,1071,1600,0.669,https://commons.wikimedia.org/wiki/File:St._Lambertus_Düsseldorf.jpg
el-calafate,6,Estancia Cristina,images/landmarks/el-calafate-estancia-cristina.webp,1071,1600,0.669,https://commons.wikimedia.org/wiki/File:El_Calafate_-_Iglesita_en_estancia_Cristina.jpg
ha-long,8,Long Tien Pagoda,images/landmarks/ha-long-long-tien-pagoda.webp,1280,1912,0.669,https://en.wikipedia.org/wiki/%C4%90%E1%BB%8Di_S%C6%A1n_Pagoda
halifax,8,St. Paul's Church,images/landmarks/halifax-st-pauls-church.webp,1071,1600,0.669,https://commons.wikimedia.org/wiki/File:Halifax_-_NS_-_St._Paul%E2%80%99s_Church.jpg
iquitos,4,Iglesia Matriz de Iquitos (San Juan Bautista),images/landmarks/iquitos-iglesia-matriz-de-iquitos-san-juan-bautista.webp,1070,1600,0.669,https://commons.wikimedia.org/wiki/File:Iglesia_Matriz_de_Iquitos.jpg
kazan,3,Bauman Street,images/landmarks/kazan-bauman-street.webp,1070,1600,0.669,https://commons.wikimedia.org/wiki/File:Baumana_Street_Kazan_Russia_2009_sept_06.jpg
knysna,8,Knysna Elephant Park,images/landmarks/knysna-knysna-elephant-park.webp,1071,1600,0.669,https://commons.wikimedia.org/wiki/File:Elephants_in_Knysna_-_panoramio.jpg
macau,1,Senado Square (Largo do Senado),images/landmarks/macau-senado-square.webp,1071,1600,0.669,"https://commons.wikimedia.org/wiki/File:Senado_Square,_Macau_-_20101117.jpg"
mingora,4,Jehanabad Buddha,images/landmarks/mingora-jehanabad-buddha.webp,1071,1600,0.669,https://commons.wikimedia.org/wiki/File:Jahanabad_Buddha_Statue_(6).jpg
montevideo,1,Palacio Salvo,images/landmarks/montevideo-palacio-salvo.webp,1071,1600,0.669,https://commons.wikimedia.org/wiki/File:Montevideo_Palacio_Salvo-20110506-RM-114438.jpg
portland,1,Portlandia Statue,images/landmarks/portland-portlandia-statue.webp,1071,1600,0.669,"https://commons.wikimedia.org/wiki/File:Portlandia_Statue,_Portland_-_DPLA_-_fbf0ce94cb74678c246a445f38d9d6ba.jpg"
sa-pa,5,Thac Bac (Silver Waterfall),images/landmarks/sa-pa-thac-bac-silver-waterfall.webp,685,1024,0.669,https://commons.wikimedia.org/wiki/File:Th%C3%A1c_B%E1%BA%A1c.jpg
salvador,4,Igreja do Bonfim (Church of Nosso Senhor do Bonfim),images/landmarks/salvador-igreja-do-bonfim.webp,1070,1600,0.669,"https://commons.wikimedia.org/wiki/File:Bonfim_Church,_Salvador_20150720-DSC05483.JPG"
salzburg,2,Salzburg Cathedral (Salzburger Dom),images/landmarks/salzburg-salzburg-cathedral.webp,1071,1600,0.669,https://commons.wikimedia.org/wiki/File:Salzburg_Cathedral_1.jpg
sigiriya,7,Dambulla Cave Temple,images/landmarks/sigiriya-dambulla-cave-temple.webp,1071,1600,0.669,https://commons.wikimedia.org/wiki/File:Buddha_Dambulla_2.jpg
sukhothai,1,Wat Si Chum,images/landmarks/sukhothai-wat-si-chum.webp,1071,1600,0.669,https://commons.wikimedia.org/wiki/File:Wat_Si_Chum_Sukhothai_Thailand.jpg
tampa,4,Tampa Theatre,images/landmarks/tampa-tampa-theatre.webp,1071,1600,0.669,https://commons.wikimedia.org/wiki/File:Tampa_Theatre_2013.jpg
velikiy-novgorod,8,Kokui Tower,images/landmarks/velikiy-novgorod-kokui-tower.webp,771,1152,0.669,https://commons.wikimedia.org/wiki/File:Velikiy_Novgorod_Detinets_Kokui_02.jpg
vladimir,5,Old Vladimir Museum (Water Tower),images/landmarks/vladimir-water-tower-museum.webp,1071,1600,0.669,"https://commons.wikimedia.org/wiki/File:Водонапорная,_ныне_Смотровая_башня.jpg"
zacatecas,3,Teleférico de Zacatecas,images/landmarks/zacatecas-teleferico.webp,1071,1600,0.669,https://commons.wikimedia.org/wiki/File:Teleférico_de_Zacatecas.jpg
dunedin,2,Taiaroa Head and the Royal Albatross Centre,images/landmarks/dunedin-taiaroa-head-and-the-royal-albatross-centre.webp,1072,1600,0.67,https://commons.wikimedia.org/wiki/File:Taiaroa_Head_2.jpg
pokhara,2,Sarangkot,images/landmarks/pokhara-sarangkot.webp,1074,1600,0.671,https://commons.wikimedia.org/wiki/File:Sarangkot_Pokhara.jpg
rabat,1,Mausoleum of Mohammed V,images/landmarks/rabat-mausoleum-mohammed-v.webp,1073,1600,0.671,"https://commons.wikimedia.org/wiki/File:Honor_guard_at_Mausoleum_of_Mohammed_V,_Rabat,_Morocco.jpg"
moscow,5,Spasskaya Tower,images/landmarks/moscow-spasskaya-tower.webp,1076,1600,0.672,https://commons.wikimedia.org/wiki/File:Moscow_-_2025_-_Spasskaya_Tower.jpg
naples,5,Spaccanapoli,images/landmarks/naples-spaccanapoli.webp,1075,1600,0.672,https://commons.wikimedia.org/wiki/File:Naples_spaccanapoli.JPG
ostrava,5,Masaryk Square (Masarykovo náměstí),images/landmarks/ostrava-masaryk-square.webp,1076,1600,0.672,"https://commons.wikimedia.org/wiki/File:Ostrava,_Masarykovo_n%C3%A1m%C4%9Bst%C3%AD_2.JPG"
houston,3,Gerald D. Hines Waterwall Park,images/landmarks/houston-gerald-d-hines-waterwall-park.webp,1078,1600,0.674,https://commons.wikimedia.org/wiki/File:Gerald_D._Hines_Waterwall_Park.jpg
krakow,4,St. Mary's Basilica,images/landmarks/krakow-st-marys-basilica.webp,1079,1600,0.674,https://commons.wikimedia.org/wiki/File:Krakow_-_Kosciol_Mariacki.jpg
nablus,5,Great Mosque of Nablus,images/landmarks/nablus-great-mosque.webp,422,626,0.674,https://commons.wikimedia.org/wiki/File:Nablus_Great_Mosque.jpg
new-york,8,Rockefeller Center,images/landmarks/new-york-rockefeller-center.webp,1079,1600,0.674,"https://commons.wikimedia.org/wiki/File:New_York_City_(New_York,_USA),_Rockefeller_Center_--_2012_--_6413.jpg"
sarajevo,1,Baščaršija,images/landmarks/sarajevo-bascarsija.webp,1079,1600,0.674,https://commons.wikimedia.org/wiki/File:Sarajevo_-_view_from_Ba%C5%A1%C4%8Dar%C5%A1ija.JPG
sibiu,0,Piața Mare (Large Square),images/landmarks/sibiu-piata-mare.webp,1079,1600,0.674,https://commons.wikimedia.org/wiki/File:Sibiu_Piata_Mare_1.jpg
el-chalten,2,Cerro Torre,images/landmarks/el-chalten-cerro-torre.webp,522,773,0.675,https://commons.wikimedia.org/wiki/File:Cerro_torre_1987.jpg
maastricht,7,Helpoort (Hell's Gate),images/landmarks/maastricht-helpoort.webp,1080,1600,0.675,https://commons.wikimedia.org/wiki/File:Maastricht_Helpoort_BW_2017-08-19_13-58-28.jpg
nelspruit,3,Lone Creek Falls (Sabie),images/landmarks/nelspruit-lone-creek-falls-sabie.webp,848,1257,0.675,"https://commons.wikimedia.org/wiki/File:Lone_Creek_Falls,_Sabie.jpg"
koblenz,7,Church of Our Lady (Liebfrauenkirche),images/landmarks/koblenz-church-of-our-lady.webp,1081,1600,0.676,https://commons.wikimedia.org/wiki/File:00_6108_Koblenz_-_Liebfrauenkirche.jpg
regensburg,2,Altes Rathaus (Old Town Hall),images/landmarks/regensburg-altes-rathaus.webp,1081,1600,0.676,https://commons.wikimedia.org/wiki/File:Rathausplatz_4_Altes_Rathaus_Regensburg-3.jpg
seattle,9,Smith Tower,images/landmarks/seattle-smith-tower.webp,1082,1600,0.676,https://commons.wikimedia.org/wiki/File:Smith_Tower_in_Seattle_Washington.jpg
sopot,6,St. George's Church (Kościół św. Jerzego),images/landmarks/sopot-st-georges-church.webp,1081,1600,0.676,https://commons.wikimedia.org/wiki/File:Saint_George_church_Sopot.jpg
basel,0,Basel Minster (Basler Münster),images/landmarks/basel-basel-minster.webp,1084,1600,0.677,https://en.wikipedia.org/wiki/Basel_Minster
rouen,5,Abbatiale Saint-Ouen,images/landmarks/rouen-abbatiale-saint-ouen.webp,1084,1600,0.677,https://commons.wikimedia.org/wiki/File:Rouen_Abbatiale_Saint-Ouen_Vierungsturm_3.jpg
sanliurfa,2,Mevlid-i Halil Mosque and Cave of Abraham,images/landmarks/sanliurfa-mevlid-i-halil-mosque.webp,1084,1600,0.677,https://commons.wikimedia.org/wiki/File:Urfa_1997_080.jpg
vaduz,1,Cathedral of St. Florin,images/landmarks/vaduz-cathedral-of-st-florin.webp,1085,1600,0.678,https://commons.wikimedia.org/wiki/File:Cathedral_of_St._Florin_-_Vaduz.jpg
dar-es-salaam,4,Kariakoo Market,images/landmarks/dar-es-salaam-kariakoo-market.webp,1086,1600,0.679,https://commons.wikimedia.org/wiki/File:Kariakoo_market_dar_es_salaam.jpg
sana-a,4,Dar al-Hajar (Rock Palace),images/landmarks/sanaa-dar-al-hajar.webp,541,797,0.679,https://commons.wikimedia.org/wiki/File:Dar_al_hajar_edit.jpg
beirut,4,Martyrs' Square,images/landmarks/beirut-martyrs-square.webp,1088,1600,0.68,"https://commons.wikimedia.org/wiki/File:Launching_ceremony_of_the_Martyr's_Statue,_Beirut.jpg"
oxford,0,Radcliffe Camera,images/landmarks/oxford-radcliffe-camera.webp,1088,1600,0.68,"https://commons.wikimedia.org/wiki/File:Radcliffe_Camera,_Oxford_-_Oct_2006.jpg"
murree,1,Kashmir Point,images/landmarks/murree-kashmir-point.webp,1090,1600,0.681,https://commons.wikimedia.org/wiki/File:Kashmir_Point_-_Murree_1.jpg
bonn,0,Beethoven-Haus,images/landmarks/bonn-beethoven-haus.webp,1091,1600,0.682,https://en.wikipedia.org/wiki/Beethoven_House
chengdu,3,Wuhou Shrine (Wuhou Temple),images/landmarks/chengdu-wuhou-shrine.webp,1091,1600,0.682,"https://commons.wikimedia.org/wiki/File:Wuhou_Shrine_-_Chengdu,_China_-_DSC05476.jpg"
qingdao,6,Qingdao TV Tower,images/landmarks/qingdao-qingdao-tv-tower.webp,1092,1600,0.682,https://commons.wikimedia.org/wiki/File:TV-Tower_Qingdao.jpg
nassau,0,Queen's Staircase,images/landmarks/nassau-queens-staircase.webp,1093,1600,0.683,"https://commons.wikimedia.org/wiki/File:Queen's_staircase,_Nassau,_Bahamas.jpg"
bursa,1,Yeşil Türbe (Green Tomb),images/landmarks/bursa-yesil-turbe-green-tomb.webp,1094,1600,0.684,https://commons.wikimedia.org/wiki/File:Ye%C5%9Fil_T%C3%BCrbe_06.jpg
funchal,2,Monte Palace Tropical Garden,images/landmarks/funchal-monte-palace-garden.webp,1094,1600,0.684,https://commons.wikimedia.org/wiki/File:Monte_Palace_Tropical_Garden_-_Fountain_01.jpg
kerman,6,Jabalieh Dome,images/landmarks/kerman-jabalieh-dome.webp,1094,1600,0.684,https://commons.wikimedia.org/wiki/File:Gonbade_jabaliyeh1.jpg
reims,0,Cathédrale Notre-Dame de Reims (Reims Cathedral),images/landmarks/reims-cathedrale-notre-dame.webp,1094,1600,0.684,https://commons.wikimedia.org/wiki/File:Cathedral_of_Reims_(17).jpg
barcelona,0,Sagrada Família,images/landmarks/barcelona-sagrada-familia.webp,1099,1600,0.687,https://en.wikipedia.org/wiki/Sagrada_Fam%C3%ADlia
victoria-falls,9,Zimbabwe-Side Falls Viewpoints,images/landmarks/victoria-falls-zimbabwe-viewpoint.webp,1101,1600,0.688,https://commons.wikimedia.org/wiki/File:Simbabwe_Viewpont_Victoria_Falls_(33933889186).jpg
erfurt,8,Anger Square,images/landmarks/erfurt-anger-square.webp,1102,1600,0.689,"https://commons.wikimedia.org/wiki/File:The_building_%22Haus_zum_Schwarzen_L%C3%B6wen%22_at_Anger_square_in_Erfurt,_Germany_(35980977866).jpg"
knysna,5,Diepwalle Forest and Big Tree,images/landmarks/knysna-diepwalle-forest-and-big-tree.webp,529,768,0.689,https://commons.wikimedia.org/wiki/File:Southafrica428yellowwood.jpg
sarajevo,9,Ferhadija Street (Meeting of Cultures),images/landmarks/sarajevo-ferhadija-street.webp,1102,1600,0.689,https://commons.wikimedia.org/wiki/File:Gatan_Ferhadija_i_Sarajevo_24_juli_2023.jpg
bonn,2,Beethoven Monument,images/landmarks/bonn-beethoven-monument.webp,1105,1600,0.691,https://commons.wikimedia.org/wiki/File:Beethoven-Denkmal_Bonn.jpg
mostar,3,Kriva Ćuprija (Crooked Bridge),images/landmarks/mostar-kriva-cuprija.webp,1106,1600,0.691,https://commons.wikimedia.org/wiki/File:Mostar_BW_2024-10-01_13-12-23.jpg
osogbo,4,Nike Centre for Art and Culture,images/landmarks/osogbo-nike-centre-for-art-and-culture.webp,1105,1600,0.691,https://en.wikipedia.org/wiki/Nike_Davies-Okundaye
doha,4,West Bay Skyline,images/landmarks/doha-west-bay-skyline.webp,1107,1600,0.692,https://commons.wikimedia.org/wiki/File:Doha_-_West_Bay_Skyline_01.jpg
innsbruck,2,Bergisel Ski Jump,images/landmarks/innsbruck-bergisel-ski-jump.webp,1107,1600,0.692,https://commons.wikimedia.org/wiki/File:Bergiselschanze_Hadit_9.JPG
chisinau,2,Stephen the Great Monument,images/landmarks/chisinau-stephen-the-great-monument.webp,1108,1600,0.693,https://commons.wikimedia.org/wiki/File:Chisinau_Stefan_cel_Mare_monument.jpg
innsbruck,7,Innsbruck Cathedral (Dom St. Jakob),images/landmarks/innsbruck-innsbruck-cathedral.webp,1109,1600,0.693,https://commons.wikimedia.org/wiki/File:Innsbruck_Dom_zu_St_Jakob_Altar-20130528-RM-164113.jpg
odense,9,St. Alban's Church,images/landmarks/odense-st-albans-church.webp,1108,1600,0.693,https://commons.wikimedia.org/wiki/File:Odense_-_Sankt_Albani_Kirke_(Saint_Alban's_Church)_in_2024.jpg
phitsanulok,9,Thai Bird Garden,images/landmarks/phitsanulok-thai-bird-garden.webp,461,665,0.693,https://en.wikipedia.org/wiki/Dance%20in%20Thailand
cadiz,1,Torre Tavira,images/landmarks/cadiz-torre-tavira.webp,1111,1600,0.694,https://commons.wikimedia.org/w/index.php?search=Torre%20Tavira%20Cadiz&title=Special:MediaSearch
vaduz,3,Vaduz City Hall (Rathaus),images/landmarks/vaduz-vaduz-city-hall.webp,1111,1600,0.694,https://commons.wikimedia.org/wiki/File:Vaduz_City_Hall.jpg
bukhara,5,Chor Minor,images/landmarks/bukhara-chor-minor.webp,1112,1600,0.695,https://en.wikipedia.org/wiki/Chor_Minor
hyderabad,6,Mecca Masjid,images/landmarks/hyderabad-mecca-masjid.webp,1113,1600,0.696,https://commons.wikimedia.org/wiki/File:Minaret_of_the_Mecca_Masjid.jpg
jasper,3,Athabasca Falls,images/landmarks/jasper-athabasca-falls.webp,1113,1600,0.696,https://commons.wikimedia.org/wiki/File:Athabasca_Falls_-_Jasper.jpg
naples,0,Naples Cathedral (Duomo di San Gennaro),images/landmarks/naples-naples-cathedral-duomo-di-san-gennaro.webp,1115,1600,0.697,"https://commons.wikimedia.org/wiki/File:Naples_Cathedral_-_Duomo_di_Napoli,_Fa%C3%A7ade_(5315-Pan).jpg"
pyongyang,0,Juche Tower,images/landmarks/pyongyang-juche-tower.webp,1115,1600,0.697,https://commons.wikimedia.org/wiki/File:Juche-Tower-2014.jpg
andorra-la-vella,1,Santuari de Meritxell,images/landmarks/andorra-la-vella-santuari-de-meritxell.webp,1117,1600,0.698,https://commons.wikimedia.org/wiki/File:Saint_Mary_church_in_Meritxell_(9).jpg
sochi,3,Sochi Marine Terminal (Morskoy Vokzal),images/landmarks/sochi-sochi-marine-terminal.webp,1117,1600,0.698,"https://commons.wikimedia.org/wiki/File:Morskoi_vokzal_Sochi,_Russia.jpg"
tbilisi,2,Abanotubani Sulfur Bathhouses,images/landmarks/tbilisi-abanotubani-sulfur-bathhouses.webp,294,421,0.698,https://commons.wikimedia.org/wiki/File:Old_Tbilisi._Abanotubani._Sulphur_Baths.jpg
vilnius,3,St. Anne's Church,images/landmarks/vilnius-st-annes-church.webp,1118,1600,0.699,"https://commons.wikimedia.org/wiki/File:St._Anne%27s_Church_Exterior_3,_Vilnius,_Lithuania_-_Diliff.jpg"
gilgit,4,Chinese Memorial (Danyor Cemetery),images/landmarks/gilgit-chinese-memorial.webp,504,720,0.7,https://commons.wikimedia.org/wiki/File:Chinese_Grave_Yard.jpg
kerman,3,Shah Nematollah Vali Shrine (Mahan),images/landmarks/kerman-shah-nematollah-vali-shrine.webp,1120,1600,0.7,https://commons.wikimedia.org/wiki/File:Shah_Nematollah_Vali_Shrine_08.jpg
gent,1,St Bavo's Cathedral and the Ghent Altarpiece,images/landmarks/gent-st-bavos-altarpiece.webp,1121,1600,0.701,"https://commons.wikimedia.org/wiki/File:Ghent_Altarpiece_(closed,_after_restoration).jpg"
cork,3,Shandon Bells and St. Anne's Church,images/landmarks/cork-shandon-bells-and-st-anne-s-church.webp,1123,1600,0.702,https://commons.wikimedia.org/wiki/File:St_Annes_Church_Shandon_2_-_PeterH.jpg
pamplona,1,Catedral de Santa María la Real,images/landmarks/pamplona-catedral-santa-maria-la-real.webp,1125,1600,0.703,https://commons.wikimedia.org/wiki/File:Santa_maria_la_real_catedral_pamplona.jpg
sopot,5,Sopot Lighthouse,images/landmarks/sopot-sopot-lighthouse.webp,1124,1600,0.703,"https://commons.wikimedia.org/wiki/File:Faro,_Plaza_Zdrojowy,_Sopot,_Polonia,_2013-05-22,_DD_02.jpg"
turin,6,Basilica di Superga,images/landmarks/turin-basilica-di-superga.webp,1125,1600,0.703,https://commons.wikimedia.org/wiki/File:Basilica_of_Superga_-_front_view.jpg
kolkata,7,Kalighat Kali Temple,images/landmarks/kolkata-kalighat-kali-temple.webp,1130,1600,0.706,https://commons.wikimedia.org/wiki/File:Kalighat_Kali_Temple.jpg
monastir,3,Medina of Monastir,images/landmarks/monastir-medina-of-monastir.webp,1130,1600,0.706,"https://commons.wikimedia.org/wiki/File:Medina,_Monastir,_Tunisia_-_panoramio.jpg"
moscow,0,Saint Basil's Cathedral,images/landmarks/moscow-saint-basils-cathedral.webp,1129,1600,0.706,https://commons.wikimedia.org/wiki/File:Sant_Vasily_cathedral_in_Moscow.JPG
thessaloniki,0,White Tower (Lefkos Pyrgos),images/landmarks/thessaloniki-white-tower-lefkos-pyrgos.webp,1130,1600,0.706,https://commons.wikimedia.org/wiki/File:White_Tower_in_Thessaloniki.jpg
valencia,3,La Lonja de la Seda (Silk Exchange),images/landmarks/valencia-la-lonja-de-la-seda.webp,1129,1600,0.706,"https://commons.wikimedia.org/wiki/File:Lonja_de_la_Seda,_Valencia,_España,_2014-06-29,_DD_22.JPG"
brades,7,Oriole Walkway Trail (Centre Hills),images/landmarks/brades-oriole-walkway-trail.webp,960,1358,0.707,https://en.wikipedia.org/wiki/Centre_Hills
toronto,0,CN Tower,images/landmarks/toronto-cn-tower.webp,1131,1600,0.707,https://commons.wikimedia.org/wiki/File:CN_Tower_July_2005.jpg
hyderabad,0,Charminar,images/landmarks/hyderabad-charminar.webp,1132,1600,0.708,https://commons.wikimedia.org/wiki/File:Charminar_Hyderabad_1.jpg
cartagena,9,Convento e Iglesia de San Pedro Claver,images/landmarks/cartagena-convento-e-iglesia-de-san-pedro-claver.webp,202,285,0.709,https://en.wikipedia.org/wiki/Peter%20Claver
jerusalem,1,Dome of the Rock,images/landmarks/jerusalem-dome-of-the-rock.webp,1136,1600,0.71,https://commons.wikimedia.org/wiki/File:Jerusalem-2013-Temple_Mount-Dome_of_the_Rock_%26_Chain_02.jpg
port-vila,3,Mele Cascades,images/landmarks/port-vila-mele-cascades.webp,908,1278,0.71,https://commons.wikimedia.org/wiki/File:Mele_Cascades.jpg
veracruz,9,Plaza de la Campana,images/landmarks/veracruz-plaza-de-la-campana.webp,1280,1802,0.71,"https://commons.wikimedia.org/wiki/File:Diario_de_las_operaciones_de_la_expedicion_contra_la_Plaza_de_Panzacola_concluida_por_las_armas_de_S(u)_M(agestad)_Cat%C3%B3lica,_(IA_diariodelasopera00glve).pdf"
ashgabat,0,Arch of Neutrality,images/landmarks/ashgabat-arch-of-neutrality.webp,1138,1600,0.711,https://commons.wikimedia.org/wiki/File:Arch_of_Neutrality_(41652997594).jpg
tel-aviv,6,Azrieli Center Towers,images/landmarks/tel-aviv-azrieli-center-towers.webp,1139,1600,0.712,https://commons.wikimedia.org/wiki/File:Azrieli_Center_From_ToHa_2019-12.jpg
dunedin,6,Tūhura Otago Museum,images/landmarks/dunedin-tuhura-otago-museum.webp,393,551,0.713,https://commons.wikimedia.org/wiki/File:OtagoMuseum2.jpg
playa-del-carmen,7,Capilla de Nuestra Senora del Carmen,images/landmarks/playa-del-carmen-capilla-nuestra-senora-del-carmen.webp,1141,1600,0.713,"https://commons.wikimedia.org/wiki/File:Capilla_de_Nuestra_Se%C3%B1ora_del_Carmen_(Playa_del_Carmen,_QR)_-_sanctuary.jpg"
stockholm,8,Riddarholmen Church,images/landmarks/stockholm-riddarholmen-church.webp,1140,1600,0.713,https://commons.wikimedia.org/wiki/File:Riddarholmskyrkan_Stockholm_2016_01.jpg
antalya,2,Düden Waterfalls,images/landmarks/antalya-d-den-waterfalls.webp,1143,1600,0.714,https://commons.wikimedia.org/wiki/File:Upper_Duden_Falls.jpg
beppu,7,Beppu Tower,images/landmarks/beppu-beppu-tower.webp,1142,1600,0.714,https://en.wikipedia.org/wiki/Beppu_Tower
bishkek,7,Burana Tower,images/landmarks/bishkek-burana-tower.webp,1142,1600,0.714,https://en.wikipedia.org/wiki/Burana_Tower
cagliari,3,Torre dell'Elefante,images/landmarks/cagliari-torre-dell-elefante.webp,1142,1600,0.714,https://commons.wikimedia.org/wiki/File:Cagliari_Elephant_Tower.jpg
dubai,1,Burj Al Arab,images/landmarks/dubai-burj-al-arab.webp,1142,1600,0.714,"https://en.wikipedia.org/wiki/File:Burj_Al_Arab,_Dubai,_by_Joi_Ito_Dec2007.jpg"
ensenada,5,Hussong's Cantina,images/landmarks/ensenada-hussongs-cantina.webp,1143,1600,0.714,"https://commons.wikimedia.org/wiki/File:Fleeting_moment_at_Cantina_Hussong,_Ensenada,_Baja_California,_Mexico.jpg"
jaffna,9,Kadurugoda Vihara (Kandarodai Ruins),images/landmarks/jaffna-kadurugoda-vihara-kandarodai-ruins.webp,1143,1600,0.714,https://en.wikipedia.org/wiki/Ancient%20Kadurugoda%20Viharaya
port-moresby,0,Bomana War Cemetery,images/landmarks/port-moresby-bomana-war-cemetery.webp,500,700,0.714,https://commons.wikimedia.org/wiki/File:Headstone_on_Gurney%27s_grave_at_Bomana_War_Cemetery_in_Port_Moresby_(C_R_Gurney).jpg
quito,2,Plaza Grande (Independence Square),images/landmarks/quito-plaza-grande.webp,1142,1600,0.714,"https://commons.wikimedia.org/wiki/File:Plaza_Grande_sign,_Quito.jpg"
thimphu,6,Clock Tower Square,images/landmarks/thimphu-clock-tower-square.webp,1143,1600,0.714,"https://commons.wikimedia.org/wiki/File:Clock_Tower,_Thimphu.jpg"
ulaanbaatar,0,Gandantegchinlen Monastery,images/landmarks/ulan-bator-gandantegchinlen-monastery.webp,1142,1600,0.714,https://commons.wikimedia.org/wiki/File:Gandantegchinlen_Monastery_07.jpg
zagreb,1,Zagreb Cathedral,images/landmarks/zagreb-cathedral.webp,1143,1600,0.714,https://commons.wikimedia.org/wiki/File:Zagreb_Cathedral_03.jpg
bristol,2,Bristol Cathedral,images/landmarks/bristol-bristol-cathedral.webp,1143,1599,0.715,https://en.wikipedia.org/wiki/Bristol_Cathedral
kashan,9,Jameh Mosque of Kashan,images/landmarks/kashan-jameh-mosque.webp,1144,1600,0.715,https://en.wikipedia.org/wiki/Jameh_Mosque_of_Kashan
cockburn-town,8,St. Thomas' Anglican Church,images/landmarks/cockburn-town-st-thomas-anglican-church.webp,398,556,0.716,https://en.wikipedia.org/wiki/Thomas_Talbot_(Upper_Canada)
karlovy-vary,1,Hot Spring Colonnade (Vřídelní kolonáda) and Vřídlo Geyser,images/landmarks/karlovy-vary-hot-spring-colonnade-vridlo.webp,1145,1600,0.716,"https://commons.wikimedia.org/wiki/File:Geyser_in_Vridelni_kolonada_-_Karlovy_Vary,_Czech_Republic_-_panoramio.jpg"
kinshasa,8,Limete Interchange Tower,images/landmarks/kinshasa-limete-interchange-tower.webp,1080,1508,0.716,"https://commons.wikimedia.org/wiki/File:Kinshasa,_tour_de_l'échangeur_de_Limete_-_20090705.jpg"
rhodes,7,Archaeological Museum of Rhodes,images/landmarks/rhodes-archaeological-museum-of-rhodes.webp,1145,1600,0.716,https://commons.wikimedia.org/wiki/File:Archaeological_Museum_of_Rhodes_(exterior)_02.jpg
tromso,5,Tromsø Cathedral,images/landmarks/tromso-tromso-cathedral.webp,1145,1600,0.716,https://commons.wikimedia.org/wiki/File:NOR-2016-Tromsø-Tromsø_Cathedral.jpg
mexico-city,6,Frida Kahlo Museum (Casa Azul),images/landmarks/mexico-city-frida-kahlo-museum-casa-azul.webp,1150,1600,0.719,https://commons.wikimedia.org/wiki/File:Museo_Frida_Kahlo.JPG
ashgabat,8,Alem Cultural and Entertainment Center,images/landmarks/ashgabat-alem-cultural-and-entertainment-center.webp,1152,1600,0.72,https://commons.wikimedia.org/wiki/File:Älem_Ashgabat.jpg
chios,9,Giustiniani Palace Museum,images/landmarks/chios-giustiniani-palace-museum.webp,431,599,0.72,https://en.wikipedia.org/wiki/Vincenzo%20Giustiniani
durres,8,Fatih Mosque,images/landmarks/durres-fatih-mosque.webp,1153,1600,0.721,https://commons.wikimedia.org/wiki/File:Xhamia_e_Fatihut.jpg
noumea,2,Baie des Citrons,images/landmarks/noumea-baie-des-citrons.webp,1080,1497,0.721,https://commons.wikimedia.org/wiki/File:Plage_Baie_des_Citrons.JPG
san-jose,4,Plaza de la Cultura,images/landmarks/san-jose-plaza-de-la-cultura.webp,1154,1600,0.721,https://commons.wikimedia.org/wiki/File:Costa_Rica_-_San_José_05.jpg
sarajevo,2,Sebilj Fountain,images/landmarks/sarajevo-sebilj-fountain.webp,1154,1600,0.721,"https://commons.wikimedia.org/wiki/File:Sebilj_fountain,_Sarajevo.jpg"
algiers,1,Casbah of Algiers,images/landmarks/algiers-casbah-of-algiers.webp,1155,1600,0.722,https://commons.wikimedia.org/wiki/File:AlgerCasbah.jpg
maastricht,8,Sint Janskerk,images/landmarks/maastricht-sint-janskerk.webp,1155,1600,0.722,"https://commons.wikimedia.org/wiki/File:Maastricht,_de_Sint-Janskerk_RM27704_IMG_0877_2022-04-03_10.05.jpg"
lagos,8,"Cathedral Church of Christ, Marina",images/landmarks/lagos-cathedral-church-of-christ-marina.webp,1156,1600,0.723,"https://commons.wikimedia.org/wiki/File:Interior_of_Cathedral_Church_of_Christ,_Lagos.jpg"
niagara-falls,3,Skylon Tower,images/landmarks/niagara-falls-skylon-tower.webp,1157,1600,0.723,https://commons.wikimedia.org/wiki/File:Niagara_Falls_-_ON_-_Skylon_Tower5.jpg
mogadishu,9,Mogadishu Skyline,images/landmarks/mogadishu-mogadishu-skyline.webp,1158,1600,0.724,https://commons.wikimedia.org/wiki/File:Mogadishu_Skyline_11th_picture.jpg
pilsen,3,Great Synagogue,images/landmarks/pilsen-great-synagogue.webp,1159,1600,0.724,https://commons.wikimedia.org/wiki/File:Synagogue_Plzen_087.JPG
luxembourg,6,Gëlle Fra (Monument of Remembrance),images/landmarks/luxembourg-gelle-fra.webp,1126,1554,0.725,https://en.wikipedia.org/wiki/File:Gëlle_Fra_whole_1.jpg
barcelona,6,Gothic Quarter (Barri Gòtic),images/landmarks/barcelona-gothic-quarter.webp,794,1094,0.726,https://en.wikipedia.org/wiki/Gothic_Quarter%2C_Barcelona
perpignan,7,Église Saint-Jacques & Jardin la Miranda,images/landmarks/perpignan-eglise-saint-jacques-jardin-la-miranda.webp,1166,1599,0.729,https://commons.wikimedia.org/wiki/File:Perpignan_%C3%89glise_Saint-Jacques_Main_portal_1.jpg
poprad,1,Church of St. Egidius,images/landmarks/poprad-church-of-st-egidius.webp,1167,1600,0.729,https://commons.wikimedia.org/wiki/File:Poprad_-_Kostol_sv%C3%A4t%C3%A9ho_Eg%C3%ADdia.jpg
tangier,5,American Legation Museum,images/landmarks/tangier-american-legation-museum.webp,1168,1600,0.73,"https://commons.wikimedia.org/wiki/File:Museo_del_Antiguo_Legado_Estadounidense,_T%C3%A1nger,_Marruecos,_2015-12-11,_DD_44-46_HDR.JPG"
anaheim,1,Matterhorn Bobsleds,images/landmarks/anaheim-matterhorn-bobsleds.webp,1169,1600,0.731,https://commons.wikimedia.org/wiki/File:Matterhorndisney.jpg
marrakech,7,Ben Youssef Madrasa,images/landmarks/marrakech-ben-youssef-madrasa.webp,1172,1600,0.733,https://commons.wikimedia.org/wiki/File:Marrakesh_Ben_Youssef_Madrasa_courtyard_1.jpg
istanbul,5,Galata Tower,images/landmarks/istanbul-galata-tower.webp,1174,1600,0.734,https://commons.wikimedia.org/wiki/File:Galata_tower_01_23.jpg
zurich,4,St. Peter's Church,images/landmarks/zurich-st-peters-church.webp,1175,1600,0.734,https://commons.wikimedia.org/wiki/File:Zürich_Switzerland-St-Peter-02.jpg
rome,5,Sistine Chapel,images/landmarks/rome-sistine-chapel.webp,782,1062,0.736,https://commons.wikimedia.org/wiki/File:Sistina-interno.jpg
vatican-city,2,Sistine Chapel,images/landmarks/vatican-city-sistine-chapel.webp,782,1062,0.736,https://commons.wikimedia.org/wiki/File:Sistina-interno.jpg
papeete,1,Notre-Dame Cathedral of Papeete,images/landmarks/papeete-notre-dame-cathedral-of-papeete.webp,1146,1555,0.737,https://commons.wikimedia.org/wiki/File:Cath%C3%A9drale.Papeete.JPG
parma,1,Battistero di Parma (Baptistery),images/landmarks/parma-battistero-di-parma.webp,1180,1600,0.738,https://commons.wikimedia.org/wiki/File:Battistero_di_Parma_-_Vista_Ingresso.jpg
durban,3,Durban Botanic Gardens,images/landmarks/durban-durban-botanic-gardens.webp,530,717,0.739,https://commons.wikimedia.org/wiki/File:Durban_Botanic_Gardens_new_entrance_04_09_2010.JPG
islamabad,0,Faisal Mosque,images/landmarks/islamabad-faisal-mosque.webp,750,1015,0.739,"https://commons.wikimedia.org/wiki/File:Islamabad,Faisal_mosque.jpg"
nuremberg,3,Albrecht Dürer House,images/landmarks/nuremberg-albrecht-durer-house.webp,1183,1600,0.739,"https://commons.wikimedia.org/wiki/File:Albrecht-Dürer-Haus_-_Tiergärtnerplatz_-_Nuremberg,_Germany_-_DSC02033.jpg"
san-andres,6,Rocky Cay,images/landmarks/san-andres-rocky-cay.webp,1183,1600,0.739,"https://commons.wikimedia.org/wiki/File:Rocky_Cay,_San_Andrés.jpg"
leipzig,1,St. Thomas Church (Thomaskirche),images/landmarks/leipzig-thomaskirche.webp,965,1304,0.74,"https://en.wikipedia.org/wiki/St._Thomas_Church,_Leipzig"
salamanca,1,Universidad de Salamanca (University Facade),images/landmarks/salamanca-universidad-de-salamanca.webp,561,758,0.74,"https://commons.wikimedia.org/wiki/File:Facade_of_the_University,_Salamanca_by_Juan_Laurent.jpg"
malindi,4,Portuguese Chapel,images/landmarks/malindi-portuguese-chapel.webp,1186,1600,0.741,https://commons.wikimedia.org/wiki/File:Portuguese_Chapel_Malindi_altar.jpg
phnom-penh,2,Wat Phnom,images/landmarks/phnom-penh-wat-phnom.webp,720,972,0.741,https://commons.wikimedia.org/wiki/File:Wat_Phnom_Doun_Penh.jpg
wuyishan,5,Great King Peak (Dawang Feng),images/landmarks/wuyishan-great-king-peak-dawang-feng.webp,768,1036,0.741,https://commons.wikimedia.org/wiki/File:%E5%A4%A7%E7%8E%8B%E5%B3%B0%E5%B1%B1%E9%97%A8_-_Entrance_of_the_Great_King_Peak_-_2010.09_-_panoramio.jpg
hamilton,1,Cathedral of the Most Holy Trinity (Bermuda Cathedral),images/landmarks/hamilton-bermuda-cathedral-holy-trinity.webp,364,490,0.743,"https://commons.wikimedia.org/wiki/File:Cathedral_in_Hamilton,_Bermuda.jpg"
jaffna,4,Casuarina Beach,images/landmarks/jaffna-casuarina-beach.webp,1189,1600,0.743,https://commons.wikimedia.org/wiki/File:Casuarina_Beach_1.jpg
aachen,1,Cathedral Treasury (Domschatzkammer),images/landmarks/aachen-cathedral-treasury.webp,1190,1600,0.744,https://commons.wikimedia.org/wiki/File:Domschatzkammer2.jpg
nantes,2,Cathédrale Saint-Pierre-et-Saint-Paul,images/landmarks/nantes-cathedrale-saint-pierre-et-saint-paul.webp,1190,1600,0.744,https://commons.wikimedia.org/wiki/File:Cath%C3%A9drale_Saint-Pierre_de_Nantes_-_fa%C3%A7ade.jpg
ostrava,1,Bolt Tower,images/landmarks/ostrava-bolt-tower.webp,1191,1600,0.744,"https://commons.wikimedia.org/wiki/File:Ostrava,_Doln%C3%AD_oblast_V%C3%ADtkovice,_Bolt_Tower.jpg"
tunis,6,Cathedral of St. Vincent de Paul,images/landmarks/tunis-cathedral-st-vincent-de-paul.webp,1191,1600,0.744,https://commons.wikimedia.org/wiki/File:Cathedral_of_St._Vincent_de_Paul.jpg
genoa,6,La Lanterna,images/landmarks/genoa-la-lanterna.webp,1192,1600,0.745,https://commons.wikimedia.org/wiki/File:La_Lanterna_di_Genova_al_Tramonto.jpg
wroclaw,6,Racławice Panorama,images/landmarks/wroclaw-raclawice-panorama.webp,1192,1600,0.745,https://commons.wikimedia.org/wiki/File:WKossak006.jpg
kermanshah,2,Kermanshah Traditional Bazaar (Tarikeh Bazaar),images/landmarks/kermanshah-kermanshah-traditional-bazaar.webp,1194,1600,0.746,https://commons.wikimedia.org/wiki/File:Tarike_bazar.jpg
morondava,2,Kirindy Forest Reserve,images/landmarks/morondava-kirindy-forest-reserve.webp,1194,1600,0.746,"https://commons.wikimedia.org/wiki/File:Kirindy,_Morondava,_Madagascar.jpg"
stanley,4,1982 Liberation Memorial,images/landmarks/stanley-1982-liberation-memorial.webp,1194,1600,0.746,https://commons.wikimedia.org/wiki/File:1982_Liberation_Memorial_in_Stanley_(5612271774).jpg
baghdad,3,Al-Mustansiriya Madrasah,images/landmarks/baghdad-al-mustansiriya-madrasah.webp,1195,1600,0.747,https://commons.wikimedia.org/wiki/File:Mustansiriya%20Madrasah%20gate.jpg
bern,8,Aare River and Marzili Baths,images/landmarks/bern-aare-river-marzili-baths.webp,968,1296,0.747,https://commons.wikimedia.org/wiki/File:Swimming_in_the_river_Aare_near_Marzilibad_in_Bern.jpg
cape-town,2,V&A Waterfront,images/landmarks/cape-town-va-waterfront.webp,1195,1600,0.747,https://commons.wikimedia.org/w/index.php?search=V%26A%20Waterfront%20Cape%20Town&title=Special:MediaSearch
parma,7,Parco Ducale,images/landmarks/parma-parco-ducale.webp,1195,1600,0.747,"https://commons.wikimedia.org/wiki/File:Parco_Ducale,_Parma,_2019.jpg"
santiago,4,Cerro Santa Lucía,images/landmarks/santiago-cl-cerro-santa-lucia.webp,1195,1600,0.747,"https://commons.wikimedia.org/wiki/File:Cerro_Santa_Lucia_Castillo_Hidalgo2,_Santiago,_Chile.JPG"
brasov,3,Catherine's Gate (Poarta Ecaterinei),images/landmarks/brasov-catherine-s-gate.webp,1196,1600,0.748,https://en.wikipedia.org/wiki/Catherine's_Gate
cadiz,6,Plaza de España and the 1812 Constitution Monument,images/landmarks/cadiz-plaza-de-espana-constitution-monument.webp,1196,1600,0.748,https://commons.wikimedia.org/wiki/File:Monumento_a_la_Constituci%C3%B3n_de_1812_01.jpg
essaouira,0,Medina of Essaouira,images/landmarks/essaouira-medina-of-essaouira.webp,1197,1600,0.748,"https://commons.wikimedia.org/wiki/File:Medina_Street_and_Fortified_Tower,_Essaouira,_Morocco.jpg"
essaouira,1,Skala de la Ville,images/landmarks/essaouira-skala-de-la-ville.webp,1197,1600,0.748,"https://commons.wikimedia.org/wiki/File:Cannon_on_Skala_de_la_Ville,_Essaouira,_Morocco.jpg"
essaouira,2,Skala du Port and the Fishing Harbor,images/landmarks/essaouira-skala-du-port-and-the-fishing-harbor.webp,1197,1600,0.748,https://commons.wikimedia.org/wiki/File:Skala_du_Port_Essaouira_Morocco.jpg
haifa,5,Wadi Nisnas,images/landmarks/haifa-wadi-nisnas.webp,1197,1600,0.748,https://commons.wikimedia.org/wiki/File:Wadi_Nisnas_P8020004.JPG
jasper,1,Maligne Canyon,images/landmarks/jasper-maligne-canyon.webp,1197,1600,0.748,https://commons.wikimedia.org/wiki/File:Maligne_Canyon_01.JPG
nantes,7,Île de Versailles,images/landmarks/nantes-ile-de-versailles.webp,1197,1600,0.748,https://commons.wikimedia.org/wiki/File:Nantes_-_%C3%8Ele_de_Versailles_2.jpg
sergiyev-posad,4,Chapel-at-the-Well (Nadkladeznaya Chapel),images/landmarks/sergiyev-posad-chapel-at-the-well.webp,1197,1600,0.748,https://commons.wikimedia.org/wiki/File:Russia-Sergiev_Posad-Assumption_Chapel-at-the_Well-1.jpg
vladimir,0,Assumption (Dormition) Cathedral,images/landmarks/vladimir-assumption-cathedral.webp,1197,1600,0.748,https://commons.wikimedia.org/wiki/File:Russia-Vladimir-Assumption_Cathedral-1.jpg
belem,1,Basílica Santuário de Nazaré,images/landmarks/belem-basilica-santuario-de-nazare.webp,1199,1600,0.749,https://en.wikipedia.org/wiki/Basilica_of_Our_Lady_of_Nazareth_of_Exile
cambridge,0,King's College Chapel,images/landmarks/cambridge-kings-college-chapel.webp,1199,1600,0.749,https://commons.wikimedia.org/wiki/File:Kings_College_Cambridge_Chapel_from_the_river.jpg
dresden,6,Katholische Hofkirche (Dresden Cathedral),images/landmarks/dresden-hofkirche-cathedral.webp,1199,1600,0.749,"https://commons.wikimedia.org/wiki/File:Dresden,_Katholische_Hofkirche_--_2023_--_9410.jpg"
jakarta,5,Taman Mini Indonesia Indah (TMII),images/landmarks/jakarta-taman-mini-indonesia-indah-tmii.webp,1199,1600,0.749,"https://commons.wikimedia.org/wiki/File:Saudjana_Viewing_Tower,_Taman_Mini_Indonesia_Indah,_lower_perspective.jpg"
lahore,3,Minar-e-Pakistan,images/landmarks/lahore-minar-e-pakistan.webp,1199,1600,0.749,https://commons.wikimedia.org/wiki/File:Minar_e_Pakistan_2021.jpg
lyon,9,Fresque des Lyonnais,images/landmarks/lyon-fresque-des-lyonnais.webp,1199,1600,0.749,https://commons.wikimedia.org/wiki/File:Fresque_des_Lyonnais_mural_Lyon_2026.JPG
mataram,3,Taman Narmada,images/landmarks/mataram-taman-narmada.webp,1199,1600,0.749,"https://commons.wikimedia.org/wiki/File:Taman_Narmada,_Lombok,_Indonesia_(932832779).jpg"
mumbai,4,Siddhivinayak Temple,images/landmarks/mumbai-siddhivinayak-temple.webp,1199,1600,0.749,https://commons.wikimedia.org/wiki/File:Shree_Siddhivinayak_Temple_Mumbai.jpg
papeete,7,Faarumai Waterfalls (Les Trois Cascades),images/landmarks/papeete-faarumai-waterfalls.webp,1198,1600,0.749,"https://commons.wikimedia.org/wiki/File:Tahiti,_French_Polynesia_-_Les_Trois_Cascades_(48034036742).jpg"
phnom-penh,5,National Museum of Cambodia,images/landmarks/phnom-penh-national-museum-of-cambodia.webp,1199,1600,0.749,https://commons.wikimedia.org/wiki/File:Entrance_of_the_National_Museum_of_Cambodia.jpg
potosi,1,Casa Nacional de la Moneda,images/landmarks/potosi-casa-nacional-moneda.webp,1199,1600,0.749,"https://commons.wikimedia.org/wiki/File:Casa_Nacional_de_la_Moneda,_Potos%C3%AD.jpg"
potosi,8,Arco de Cobija,images/landmarks/potosi-arco-de-cobija.webp,1199,1600,0.749,https://commons.wikimedia.org/wiki/File:Arco_de_Cobija_Potos%C3%AD-Bolivia.jpg
praia,8,Nossa Senhora da Graça Church,images/landmarks/praia-nossa-senhora-graca.webp,960,1281,0.749,https://commons.wikimedia.org/wiki/File:Igreja_de_Nossa_Senhora_da_Gra%C3%A7a_(Praia)_01.jpg
pretoria,1,Voortrekker Monument,images/landmarks/pretoria-voortrekker-monument.webp,1199,1600,0.749,https://commons.wikimedia.org/wiki/File:Voortrekker_Monument.jpg
pretoria,5,Pretoria National Botanical Garden,images/landmarks/pretoria-botanical-garden.webp,1199,1600,0.749,https://commons.wikimedia.org/wiki/File:South_Africa-Pretoria-National_Botanical_Gardens01.jpg
rostock,2,Neuer Markt and Rathaus,images/landmarks/rostock-neuer-markt-and-rathaus.webp,1198,1600,0.749,https://commons.wikimedia.org/wiki/File:Rostock_Neuer_Markt_1a_2012-11-04.jpg
rouen,3,Aître Saint-Maclou,images/landmarks/rouen-aitre-saint-maclou.webp,1199,1600,0.749,https://commons.wikimedia.org/wiki/File:ROUEN_AITRE_SAINT_MACLOU_(7)_02.jpg
santiago,3,Gran Torre Santiago (Costanera Center),images/landmarks/santiago-cl-gran-torre-santiago-costanera-center.webp,1199,1600,0.749,https://commons.wikimedia.org/wiki/File:Gran_Torre_Santiago_y_complejo_Costanera_Center.jpg
sharjah,7,Al Noor Island,images/landmarks/sharjah-al-noor-island.webp,652,870,0.749,https://commons.wikimedia.org/wiki/File:Picturesque_Noor_Island.jpg
toronto,3,Toronto Sign at Nathan Phillips Square,images/landmarks/toronto-toronto-sign.webp,1198,1600,0.749,"https://commons.wikimedia.org/wiki/File:Toronto_Sign,_Nathan_Phillips_Square,_Toronto_(30427335411).jpg"
wuyishan,0,Nine-Bend Stream (Jiuqu Xi) Bamboo Rafting,images/landmarks/wuyishan-nine-bend-stream-jiuqu-xi-bamboo-rafting.webp,1199,1600,0.749,https://commons.wikimedia.org/wiki/File:China_Wuyishan_River_Rafting.jpg
abidjan,7,Treichville Market,images/landmarks/abidjan-treichville-market.webp,1200,1600,0.75,https://commons.wikimedia.org/wiki/File:Treichville_market_1.jpg
accra,9,W.E.B. Du Bois Centre,images/landmarks/accra-w-e-b-du-bois-centre.webp,1280,1707,0.75,https://en.wikipedia.org/wiki/W._E._B._Du_Bois
addis-ababa,4,Unity Park,images/landmarks/addis-ababa-unity-park.webp,1200,1600,0.75,https://commons.wikimedia.org/wiki/File:Unity_Park_Addis_Ababa_Ethiopia_3.jpg
agadir,2,Souk El Had,images/landmarks/agadir-souk-el-had.webp,336,448,0.75,https://commons.wikimedia.org/wiki/File:C360_2015-04-28-16-25-59_-_Copie.jpg
al-ahmadi,4,Al Kout Beach,images/landmarks/al-ahmadi-al-kout-beach.webp,1200,1600,0.75,https://commons.wikimedia.org/wiki/File:Al_Kout_Beach_Kuwait.jpg
al-ahmadi,6,Fahaheel Fish Market,images/landmarks/al-ahmadi-fahaheel-fish-market.webp,1200,1600,0.75,https://en.wikipedia.org/wiki/Fahaheel
alanya,8,Sapadere Canyon,images/landmarks/alanya-sapadere-canyon.webp,1200,1600,0.75,https://commons.wikimedia.org/wiki/File:Sapadere_Canyon_01.jpg
aleppo,6,Forty Martyrs Armenian Cathedral,images/landmarks/aleppo-forty-martyrs-armenian-cathedral.webp,1200,1600,0.75,"https://commons.wikimedia.org/wiki/File:Forty_Martyrs_Cathedral_of_Aleppo,_the_belfry.jpg"
alesund,0,Aksla Viewpoint (Fjellstua),images/landmarks/alesund-aksla-viewpoint.webp,1200,1600,0.75,https://commons.wikimedia.org/wiki/File:Fjellstua_on_top_of_Aksla_above_Ålesund.jpg
alesund,5,Ålesund Church (Ålesund kirke),images/landmarks/alesund-church.webp,1200,1600,0.75,https://commons.wikimedia.org/wiki/File:Ålesund_-_Eglise.JPG
algiers,5,Ketchaoua Mosque,images/landmarks/algiers-ketchaoua-mosque.webp,1200,1600,0.75,https://commons.wikimedia.org/wiki/File:Ketchaoua_Mosque_-_Architectural_and_Cultural_Heritage_of_the_Casbah_of_Algiers_1.jpg
alicante,9,Museo de Arte Contemporaneo (MACA),images/landmarks/alicante-museo-de-arte-contemporaneo.webp,1200,1600,0.75,https://commons.wikimedia.org/wiki/File:Alicante_-_Museo_de_Arte_Contempor%C3%A1neo_de_Alicante_(MACA)_4.jpg
almaty,8,Central State Museum of Kazakhstan,images/landmarks/almaty-central-state-museum-of-kazakhstan.webp,1200,1600,0.75,https://commons.wikimedia.org/wiki/File:Kazakhstan_State_Museum.jpg
almaty,9,Hotel Kazakhstan,images/landmarks/almaty-hotel-kazakhstan.webp,960,1280,0.75,https://en.wikipedia.org/wiki/Hotel%20Kazakhstan
amman,4,Rainbow Street,images/landmarks/amman-rainbow-street.webp,1200,1600,0.75,"https://commons.wikimedia.org/wiki/File:Rainbow_Road,_Amman.jpg"
ankara,7,Column of Julian,images/landmarks/ankara-column-of-julian.webp,1200,1600,0.75,https://commons.wikimedia.org/wiki/File:Jülian_Sütunu_01.jpg
antananarivo,5,Antananarivo Cathedral (Andohalo Cathedral),images/landmarks/antananarivo-antananarivo-cathedral.webp,1200,1600,0.75,https://commons.wikimedia.org/wiki/File:Cathédrale_Andohalo.jpg
antsiranana,6,Rue Colbert and the Colonial Old Town,images/landmarks/antsiranana-rue-colbert-and-the-colonial-old-town.webp,1200,1600,0.75,https://commons.wikimedia.org/wiki/File:St_Marks_Versailles.JPG
antwerp,5,Rubens House (Rubenshuis),images/landmarks/antwerp-rubens-house.webp,1200,1600,0.75,https://commons.wikimedia.org/wiki/File:Rubenshaus.JPG
aqaba,7,Aqaba Archaeological Museum,images/landmarks/aqaba-aqaba-archaeological-museum.webp,1200,1600,0.75,https://commons.wikimedia.org/wiki/File:Aqaba_Archeological_Museum02.jpg
arequipa,2,Iglesia de la Compania,images/landmarks/arequipa-iglesia-de-la-compania.webp,1200,1600,0.75,https://commons.wikimedia.org/wiki/File:Arequipa_Iglesia_de_la_Compania_de_Jesus.jpg
arequipa,3,Museo Santuarios Andinos,images/landmarks/arequipa-museo-santuarios-andinos.webp,1200,1600,0.75,"https://commons.wikimedia.org/wiki/File:Portada_del_museo_de_Santuarios_andinos,_Arequipa.jpg"
arequipa,8,Molino de Sabandia,images/landmarks/arequipa-molino-de-sabandia.webp,1200,1600,0.75,https://commons.wikimedia.org/wiki/File:Molino_sabandia_arequipa.jpg
arhus,1,Den Gamle By (The Old Town),images/landmarks/arhus-den-gamle-by.webp,1200,1600,0.75,"https://commons.wikimedia.org/wiki/File:Den_Gamle_By,_Aarhus,_Denmark_52.jpg"
asuncion,1,Panteón Nacional de los Héroes,images/landmarks/asuncion-panteon-nacional-de-los-heroes.webp,1200,1600,0.75,https://commons.wikimedia.org/wiki/File:ASUNCION_PANTEON_NACIONAL_DE_LOS_HÉROES.jpg
aswan,8,Gharb Soheil Nubian Village,images/landmarks/aswan-gharb-soheil-nubian-village.webp,1200,1600,0.75,"https://commons.wikimedia.org/wiki/File:Nubian_House,_Nagaa_Suhayl_Gharb,_AG,_EGY_(48026579151).jpg"
avignon,4,Remparts d'Avignon (City Walls),images/landmarks/avignon-remparts-davignon-city-walls.webp,1200,1600,0.75,https://commons.wikimedia.org/wiki/File:Avignon%20city%20wall.jpg
baghdad,5,Baghdad Tower,images/landmarks/baghdad-baghdad-tower.webp,1200,1600,0.75,https://commons.wikimedia.org/wiki/File:Baghdad%20Tower.jpg
baghdad,6,Al-Shaheed Monument,images/landmarks/baghdad-al-shaheed-monument.webp,1200,1600,0.75,https://commons.wikimedia.org/wiki/File:%D9%86%D8%B5%D8%A8%20%D8%A7%D9%84%D8%B4%D9%87%D9%8A%D8%AF%20%D9%81%D9%8A%20%D8%A8%D8%BA%D8%AF%D8%A7%D8%AF.jpg
baghdad,8,Umm al-Qura Mosque,images/landmarks/baghdad-umm-al-qura-mosque.webp,960,1280,0.75,https://commons.wikimedia.org/wiki/File:%D8%AC%D8%A7%D9%85%D8%B9%20%D8%A3%D9%85%20%D8%A7%D9%84%D9%82%D8%B1%D9%89%20-%20%D8%A8%D9%88%D8%A7%D8%A8%D8%A9%20%D8%AF%D8%AE%D9%88%D9%84%20%D8%A7%D9%84%D9%85%D8%B3%D8%AC%D8%AF.jpg
baguio,4,Camp John Hay,images/landmarks/baguio-camp-john-hay.webp,1200,1600,0.75,https://commons.wikimedia.org/wiki/File:Camp%20John%20Hay%2C%20Baguio%20City.jpg
bahir-dar,8,Bahir Dar Grand Market,images/landmarks/bahir-dar-bahir-dar-grand-market.webp,1200,1600,0.75,https://commons.wikimedia.org/wiki/File:View%20Down%20a%20Market%20Alleyway%20-%20Bahir%20Dar%20-%20Ethiopia%20%288677098671%29.jpg
baku,0,Flame Towers,images/landmarks/baku-flame-towers.webp,1200,1600,0.75,https://commons.wikimedia.org/wiki/File:Flame%20Towers.jpg
bamako,5,Monument de l'Indépendance,images/landmarks/bamako-monument-de-lindependance.webp,780,1040,0.75,https://commons.wikimedia.org/wiki/File:MONUMENT%20DE%20L%27IND%C3%89PENDANCE%20DU%20MALI.jpg
bandar-seri-begawan,2,Jame'Asr Hassanil Bolkiah Mosque,images/landmarks/bandar-seri-begawan-jameasr-hassanil-bolkiah-mosque.webp,1200,1600,0.75,https://commons.wikimedia.org/wiki/File:Jame%27Asr%20Hassanil%20Bolkiah%20Mosque%20-%20Brunei.jpg
bangkok,7,Wat Traimit (Golden Buddha),images/landmarks/bangkok-wat-traimit-golden-buddha.webp,1200,1599,0.75,https://en.wikipedia.org/wiki/Wat_Traimit
bariloche,6,Isla Victoria,images/landmarks/bariloche-isla-victoria.webp,450,600,0.75,https://commons.wikimedia.org/wiki/File:100_5407_Pinares_de_la_Isla_Victoria_den_San_Carlos_de_Bariloche.jpg
barranquilla,1,Ventana al Mundo (Window to the World),images/landmarks/barranquilla-ventana-al-mundo.webp,1200,1600,0.75,https://commons.wikimedia.org/wiki/File:La_ventana_al_mundo_Barranquilla.jpg
battambang,3,Wat Banan,images/landmarks/battambang-wat-banan.webp,1200,1600,0.75,https://en.wikipedia.org/wiki/Wat_Banan
beirut,1,Mohammad Al-Amin Mosque,images/landmarks/beirut-mohammad-al-amin-mosque.webp,493,657,0.75,https://en.wikipedia.org/wiki/Mohammad_Al-Amin_Mosque
belo-horizonte,4,Mercado Central (Central Market),images/landmarks/belo-horizonte-mercado-central-central-market.webp,1200,1600,0.75,"https://commons.wikimedia.org/wiki/File:Mercado_Central,_Belo_Horizonte,_Brasil_.JPG"
bergen,7,Troldhaugen,images/landmarks/bergen-troldhaugen.webp,1200,1600,0.75,https://en.wikipedia.org/wiki/Troldhaugen
berlin,4,Checkpoint Charlie,images/landmarks/berlin-checkpoint-charlie.webp,1200,1600,0.75,"https://commons.wikimedia.org/wiki/File:Checkpoint_Charlie,_Berlin,_Germany_(Ank_Kumar)_05.jpg"
bern,7,Einstein House (Einsteinhaus),images/landmarks/bern-einstein-house.webp,1200,1600,0.75,https://en.wikipedia.org/wiki/Einsteinhaus
blantyre,0,St Michael and All Angels Church,images/landmarks/blantyre-st-michael-and-all-angels-church.webp,1200,1600,0.75,"https://en.wikipedia.org/wiki/St_Michael_and_All_Angels_Church,_Blantyre"
bodrum,7,Zeki Müren Arts Museum,images/landmarks/bodrum-zeki-muren-arts-museum.webp,1200,1600,0.75,https://commons.wikimedia.org/wiki/File:Zeki_Müren_-_costumes.jpg
bogota,6,Torre Colpatria,images/landmarks/bogota-torre-colpatria.webp,1200,1600,0.75,https://en.wikipedia.org/wiki/Torre_Colpatria
bogota,8,Simón Bolívar Metropolitan Park,images/landmarks/bogota-simon-bolivar-metropolitan-park.webp,1200,1600,0.75,https://commons.wikimedia.org/wiki/File:2017_Bogotá_busto_monumento_en_el_Parque_Simón_Bolívar.jpg
bologna,1,Piazza Maggiore,images/landmarks/bologna-piazza-maggiore.webp,1200,1600,0.75,https://en.wikipedia.org/wiki/Piazza_Maggiore
bologna,6,Archiginnasio of Bologna,images/landmarks/bologna-archiginnasio-of-bologna.webp,1200,1600,0.75,https://en.wikipedia.org/wiki/Archiginnasio_of_Bologna
brades,5,Little Bay Beach,images/landmarks/brades-little-bay-beach.webp,1200,1600,0.75,"https://en.wikipedia.org/wiki/Little_Bay,_Montserrat"
brasov,9,Șchei District,images/landmarks/brasov-schei-district.webp,1200,1600,0.75,https://commons.wikimedia.org/wiki/File:Biserica_Evanghelica_din_Schei_3.jpg
bremen,5,St Peter's Cathedral (Bremer Dom),images/landmarks/bremen-st-peter-s-cathedral.webp,1200,1600,0.75,https://en.wikipedia.org/wiki/Bremen_Cathedral
brighton,3,British Airways i360,images/landmarks/brighton-british-airways-i360.webp,1200,1600,0.75,"https://commons.wikimedia.org/wiki/File:British_Airways_i360_Observation_Tower,_Brighton_-_geograph.org.uk_-_5813027.jpg"
brisbane,7,Lone Pine Koala Sanctuary,images/landmarks/brisbane-lone-pine-koala-sanctuary.webp,1200,1599,0.75,"https://commons.wikimedia.org/wiki/File:Lone_Pine_Koala_Sanctuary,_Fig_Tree_Pocket,_Brisbane,_Austr%C3%A1lie_01.jpg"
brisbane,9,City Botanic Gardens,images/landmarks/brisbane-city-botanic-gardens.webp,900,1200,0.75,"https://commons.wikimedia.org/wiki/File:A_welcoming_colonial_garden_contrasts_with_modern_architecture,_City_Botanic_Gardens,_Brisbane,_2021.jpg"
brno,6,Capuchin Crypt,images/landmarks/brno-capuchin-crypt.webp,600,800,0.75,https://commons.wikimedia.org/wiki/File:Brno_CZ_Crypt_at_the_Capuchin_Monastery_01.jpg
brno,8,Labyrinth under the Cabbage Market,images/landmarks/brno-labyrinth-under-the-cabbage-market.webp,1200,1600,0.75,https://commons.wikimedia.org/wiki/File:Brno_Underground_-_Cabbage_Square_I.JPG
budapest,1,Fisherman's Bastion,images/landmarks/budapest-fisherman-s-bastion.webp,1200,1600,0.75,https://en.wikipedia.org/wiki/Fisherman%27s_Bastion
bujumbura,4,Place de l'Indépendance,images/landmarks/bujumbura-place-de-l-independance.webp,1200,1600,0.75,https://commons.wikimedia.org/wiki/File:Place_de_l%27independance_%C3%A0_Bujumbura.jpg
bujumbura,7,Lake Tanganyika Sunset Viewpoint,images/landmarks/bujumbura-lake-tanganyika-sunset-viewpoint.webp,960,1280,0.75,https://commons.wikimedia.org/wiki/File:Couch%C3%A9e_du_soleil_sur_les_rives_du_Lac_Tanganyika.jpg
calabar,3,Drill Ranch (Pandrillus Drill Monkey Sanctuary),images/landmarks/calabar-drill-ranch-pandrillus.webp,1200,1600,0.75,"https://commons.wikimedia.org/wiki/File:Endangered_Drill_monkeys_at_Driving_ranch,_calabar,Nigeria_01.jpg"
calabar,7,Tinapa Business and Leisure Resort,images/landmarks/calabar-tinapa-business-leisure-resort.webp,1200,1600,0.75,https://commons.wikimedia.org/wiki/File:Tinapa_Lake.jpg
cali,0,Cristo Rey,images/landmarks/cali-cristo-rey.webp,1200,1600,0.75,https://commons.wikimedia.org/w/index.php?search=Cristo%20Rey%20Cali&title=Special:MediaSearch
cancun,7,Xel-Há Park,images/landmarks/cancun-xel-ha-park.webp,1200,1600,0.75,https://commons.wikimedia.org/w/index.php?search=Xel-H%C3%A1%20Park%20Canc%C3%BAn&title=Special:MediaSearch
caracas,3,Catedral de Caracas,images/landmarks/caracas-catedral.webp,1200,1600,0.75,https://commons.wikimedia.org/wiki/File:Catedral_de_Caracas.JPG
casablanca,2,Rick's Café,images/landmarks/casablanca-ricks-cafe.webp,1200,1600,0.75,https://commons.wikimedia.org/wiki/File:Rick%27s_Caf%C3%A9_in_2011.JPG
casablanca,7,Old Medina,images/landmarks/casablanca-old-medina.webp,1200,1599,0.75,https://commons.wikimedia.org/wiki/File:Ancienne_Medina_(Medina_lakdima)_casablanca_Morocco.jpg
castries,9,Diamond Falls Botanical Gardens,images/landmarks/castries-diamond-falls-botanical-gardens.webp,1200,1600,0.75,"https://commons.wikimedia.org/wiki/File:Diamond_Falls,_Diamond_Botanical_Gardens,_Soufriere,_Saint_Lucia.jpg"
cebu-city,8,Casa Gorordo Museum,images/landmarks/cebu-city-casa-gorordo-museum.webp,1200,1600,0.75,https://commons.wikimedia.org/wiki/File:Casa_Gorordo_Museum_2.jpg
cesme,0,Çeşme Castle (Çeşme Kalesi),images/landmarks/cesme-castle.webp,1200,1600,0.75,"https://commons.wikimedia.org/wiki/File:Çeşme_Kalesi,_İzmir,_2020_07.jpg"
charleston,9,Nathaniel Russell House,images/landmarks/charleston-nathaniel-russell-house.webp,1200,1600,0.75,https://commons.wikimedia.org/wiki/File:Nathaniel_Russell_House_(Front_Fa%C3%A7ade).JPG
charlotte-amalie,2,99 Steps,images/landmarks/charlotte-amalie-99-steps.webp,768,1024,0.75,https://commons.wikimedia.org/wiki/File:The_99_Steps_-_geograph.org.uk_-_7482245.jpg
charlotte-amalie,6,Blackbeard's Castle (Skytsborg Tower),images/landmarks/charlotte-amalie-blackbeards-castle.webp,720,960,0.75,https://commons.wikimedia.org/wiki/File:Blackbeard%27s_Castle_in_Charlotte_Amalie.jpg
chennai,4,Valluvar Kottam,images/landmarks/chennai-valluvar-kottam.webp,1200,1600,0.75,https://commons.wikimedia.org/wiki/File:Valluvar_Kottam.JPG
chisinau,3,Chișinău Water Tower,images/landmarks/chisinau-water-tower.webp,1200,1600,0.75,https://commons.wikimedia.org/wiki/File:Water_Tower_Chisinau.jpg
cienfuegos,4,Catedral de la Purísima Concepción,images/landmarks/cienfuegos-catedral-purisima-concepcion.webp,1200,1600,0.75,https://commons.wikimedia.org/wiki/File:Our_Lady_of_The_Immaculate_Conception_Cathedral_Cienfuegos.jpg
cluj-napoca,9,Tailors' Bastion (Bastionul Croitorilor),images/landmarks/cluj-napoca-tailors-bastion-bastionul-croitorilor.webp,1200,1600,0.75,https://en.wikipedia.org/wiki/Cluj-Napoca%20Tailors'%20Bastion
cockburn-town,2,Grand Turk Lighthouse,images/landmarks/cockburn-town-grand-turk-lighthouse.webp,1200,1600,0.75,https://en.wikipedia.org/wiki/Grand_Turk_Island
cockburn-town,6,Grand Turk Salinas,images/landmarks/cockburn-town-grand-turk-salinas.webp,1200,1600,0.75,https://en.wikipedia.org/wiki/Grand_Turk_Island
coimbra,2,Sé Velha (Old Cathedral),images/landmarks/coimbra-s-velha.webp,1200,1600,0.75,https://commons.wikimedia.org/wiki/File:Coimbra_S%C3%A9_Velha_Hauptportal_979-166.jpg
conakry,3,Cathédrale Sainte-Marie de Conakry,images/landmarks/conakry-cathedrale-sainte-marie-de-conakry.webp,1280,1707,0.75,https://en.wikipedia.org/wiki/Archdiocese_of_Conakry
conakry,6,Camayenne Botanical Garden,images/landmarks/conakry-camayenne-botanical-garden.webp,1200,1600,0.75,https://en.wikipedia.org/wiki/Conakry_Botanical_Garden
constanta,4,Genoese Lighthouse,images/landmarks/constanta-genoese-lighthouse.webp,1200,1600,0.75,"https://commons.wikimedia.org/wiki/File:Farul_Genovez,_Constanta.jpg"
corfu,5,Church of Saint Spyridon,images/landmarks/corfu-church-of-saint-spyridon.webp,1200,1600,0.75,https://commons.wikimedia.org/wiki/File:Corfu_town_13.JPG
cork,0,The English Market,images/landmarks/cork-the-english-market.webp,480,640,0.75,https://commons.wikimedia.org/wiki/File:Princes_Street_Indoor_Market_-_geograph.org.uk_-_595328.jpg
cuiaba,6,SESC Arsenal,images/landmarks/cuiaba-sesc-arsenal.webp,1200,1600,0.75,https://commons.wikimedia.org/wiki/File:SESC_Arsenal--Arsenal_de_Guerra_Cuiab%C3%A1_2024-3549.jpg
cyangugu,1,Lake Kivu Shoreline,images/landmarks/cyangugu-lake-kivu-shoreline.webp,1200,1600,0.75,https://commons.wikimedia.org/wiki/File:View_over_Lake_Kivu_with_Overturned_Boats_-_Cyangugu_(Rusizi)_-_Rwanda_(9009284768).jpg
cyangugu,9,Kamembe Town and Market,images/landmarks/cyangugu-kamembe-town-market.webp,1200,1600,0.75,https://commons.wikimedia.org/wiki/File:Women_Bearing_Goods_-_Cyangugu_(Rusizi)_-_Rwanda_(9009165906).jpg
da-nang,7,Da Nang Cathedral (Pink Church),images/landmarks/da-nang-cathedral-pink-church.webp,1200,1600,0.75,https://commons.wikimedia.org/wiki/File:Nha_Tho_Con_Ga_Da_Nang.JPG
dakar,1,Gorée Island (House of Slaves),images/landmarks/dakar-goree-island-house-of-slaves.webp,1200,1600,0.75,https://commons.wikimedia.org/wiki/File:La_Maison_des_Esclaves.jpg
dakar,6,Museum of Black Civilizations,images/landmarks/dakar-museum-of-black-civilizations.webp,720,960,0.75,https://commons.wikimedia.org/wiki/File:Mus%C3%A9e_civilisations_noires_Dakar.jpg
dakar,8,Théodore Monod Museum of African Art (IFAN),images/landmarks/dakar-theodore-monod-museum-ifan.webp,1200,1600,0.75,https://commons.wikimedia.org/wiki/File:Dakar-Mus%C3%A9e_de_l%27IFAN_(3).jpg
dali,1,Dali Ancient Town,images/landmarks/dali-ancient-town.webp,1200,1600,0.75,https://commons.wikimedia.org/wiki/File:Dali_Ancient_Town_20260220-6.jpg
dallas,2,The Sixth Floor Museum at Dealey Plaza,images/landmarks/dallas-sixth-floor-museum-dealey-plaza.webp,1200,1600,0.75,"https://commons.wikimedia.org/wiki/File:Sixth_Floor_Museum,_Dallas_(15398603979).jpg"
dar-es-salaam,0,St. Joseph's Metropolitan Cathedral,images/landmarks/dar-es-salaam-st-josephs-metropolitan-cathedral.webp,1152,1536,0.75,https://commons.wikimedia.org/wiki/File:St._Joseph%27s_metropolitan_cathedral_-_Dar_es_Salaam_-_2012.JPG
dar-es-salaam,1,Askari Monument,images/landmarks/dar-es-salaam-askari-monument.webp,684,912,0.75,https://commons.wikimedia.org/wiki/File:The_Askari_Monument_in_Dar_es_Salaam.jpg
dar-es-salaam,3,National Museum of Tanzania,images/landmarks/dar-es-salaam-national-museum.webp,960,1280,0.75,"https://commons.wikimedia.org/wiki/File:National_Museum_facade,_Kivukoni_Ward,_Ilala.jpg"
darwin,8,WWII Oil Storage Tunnels,images/landmarks/darwin-wwii-oil-storage-tunnels.webp,1200,1600,0.75,"https://commons.wikimedia.org/wiki/File:World_War_II_Oil_Storage_Tunnels_in_Darwin,_Northern_Territory,_Australia.jpg"
denver,8,16th Street Mall,images/landmarks/denver-16th-street-mall.webp,768,1024,0.75,https://commons.wikimedia.org/wiki/File:2006-04-23_-_16th_Street_Mall_from_D%26F_Tower.jpg
dili,0,Cristo Rei of Dili,images/landmarks/dili-cristo-rei.webp,1200,1600,0.75,https://commons.wikimedia.org/wiki/File:Christ_Dili.jpg
douala,0,Cathédrale Saint-Pierre-et-Saint-Paul,images/landmarks/douala-cathedrale-saint-pierre-saint-paul.webp,1200,1600,0.75,https://commons.wikimedia.org/wiki/File:Cath%C3%A9drale_Saint-Pierre-et-Saint-Paul_Douala.JPG
douala,4,Akwa District,images/landmarks/douala-akwa-district.webp,1200,1600,0.75,https://commons.wikimedia.org/wiki/File:Akwa_in_Douala.jpg
douala,6,Deido District,images/landmarks/douala-deido-district.webp,1200,1600,0.75,https://commons.wikimedia.org/wiki/File:Deido_Douala_December_2012_02.JPG
durres,6,Royal Villa of Durrës (King Zog's Palace),images/landmarks/durres-royal-villa-of-durres-king-zog-s-palace.webp,600,800,0.75,https://commons.wikimedia.org/wiki/File:Palace_of_king_Zog_durres.jpg
edinburgh,6,Scott Monument,images/landmarks/edinburgh-scott-monument.webp,1200,1600,0.75,https://commons.wikimedia.org/wiki/File:Scott_monument_(4792908988).jpg
edirne,9,Macedonian Tower (Makedonya Kulesi),images/landmarks/edirne-macedonian-tower-makedonya-kulesi.webp,1200,1600,0.75,https://commons.wikimedia.org/wiki/File:Macedonian_Tower_in_Edirne.jpg
el-chalten,3,Laguna Torre,images/landmarks/el-chalten-laguna-torre.webp,1200,1600,0.75,https://commons.wikimedia.org/wiki/File:Cerro_Torre_(east_face)_and_Laguna_Torre.JPG
el-nido,2,Nacpan Beach,images/landmarks/el-nido-nacpan-beach.webp,1200,1600,0.75,"https://commons.wikimedia.org/wiki/File:Nacpan_Beach,_El_Nido.jpg"
enshi,1,Tenglong Cave,images/landmarks/enshi-tenglong-cave.webp,1200,1600,0.75,https://commons.wikimedia.org/wiki/File:Tenglong_Cave.jpg
erfurt,5,Old Synagogue (Alte Synagoge),images/landmarks/erfurt-old-synagogue.webp,1200,1600,0.75,https://commons.wikimedia.org/wiki/File:Erfurt_Alte_Synagoge_von_NW.JPG
fes,0,Fes el-Bali (Old Medina),images/landmarks/fes-fes-el-bali.webp,1200,1600,0.75,https://commons.wikimedia.org/wiki/File:Old_medina_fes_city.jpg
fes,5,Al-Attarine Madrasa,images/landmarks/fes-al-attarine-madrasa.webp,1200,1600,0.75,https://commons.wikimedia.org/wiki/File:Al-Attarine_Madrasa_DSCF3530_(R_Prazeres).jpg
florianopolis,5,Santo Antônio de Lisboa,images/landmarks/florianopolis-santo-antonio-de-lisboa.webp,1200,1600,0.75,"https://commons.wikimedia.org/wiki/File:Namoradeiras_na_Janela,_em_Santo_Ant%C3%B4nio_de_Lisboa,_Florian%C3%B3polis,_SC._02.jpg"
fort-de-france,4,Grand Marché Couvert (Spice Market),images/landmarks/fort-de-france-grand-marche-couvert.webp,1200,1600,0.75,https://commons.wikimedia.org/wiki/File:Grand_March%C3%A9_de_Fort-de-France_(Martinique)_-_03.jpg
frankfurt-am-main,8,Goethe House (Goethehaus),images/landmarks/frankfurt-am-main-goethehaus.webp,1200,1600,0.75,https://commons.wikimedia.org/wiki/File:Goethehaus_Frankfurt.jpg
geneva,6,Bains des Pâquis,images/landmarks/geneva-bains-des-paquis.webp,1200,1600,0.75,https://commons.wikimedia.org/wiki/File:Geneva_-_Bains_des_P%C3%A2quis.jpg
genoa,5,The Caruggi (Historic Centre Alleys),images/landmarks/genoa-caruggi.webp,1200,1600,0.75,https://commons.wikimedia.org/wiki/File:Genova-Centro_storico-Caruggio_da_Via_Garibaldi-DSCF7398.JPG
gent,2,Belfry of Ghent (Het Belfort),images/landmarks/gent-belfry.webp,1200,1600,0.75,https://commons.wikimedia.org/wiki/File:Gent_Belfort_R03.jpg
georgetown,4,1763 Monument,images/landmarks/georgetown-1763-monument.webp,1200,1599,0.75,https://commons.wikimedia.org/wiki/File:1763_Monument.jpg
georgetown,6,Promenade Gardens,images/landmarks/georgetown-promenade-gardens.webp,1200,1600,0.75,https://commons.wikimedia.org/wiki/File:Water_fountain_in_Promenade_Gardens_Guyana.jpg
gibraltar,4,Europa Point and Trinity Lighthouse,images/landmarks/gibraltar-europa-point.webp,1200,1600,0.75,"https://commons.wikimedia.org/wiki/File:Europa_Point_Lighthouse,_Gibraltar,_13_July_2016_(2).JPG"
gilgit,1,Raja Bazaar (Gilgit Bazaar),images/landmarks/gilgit-raja-bazaar.webp,1200,1600,0.75,https://commons.wikimedia.org/wiki/File:Jama_Masjid_Raja_Bazar_Gilgit.jpg
girona,2,El Call (Jewish Quarter),images/landmarks/girona-el-call-jewish-quarter.webp,1200,1600,0.75,https://commons.wikimedia.org/wiki/File:Girona_023.JPG
gisenyi,1,Gisenyi Waterfront Corniche,images/landmarks/gisenyi-waterfront-corniche.webp,1200,1600,0.75,https://commons.wikimedia.org/wiki/File:Scene_along_Shore_of_Lake_Kivu_-_Looking_toward_DR_Congo_Border_-_Rubavu-Gisenyi_-_Rwanda_-_01.jpg
glasgow,8,Kibble Palace (Botanic Gardens),images/landmarks/glasgow-kibble-palace.webp,1200,1600,0.75,https://commons.wikimedia.org/wiki/File:Kibble_Palace_Glasgow.jpg
goma,4,Lac Vert (Green Lake),images/landmarks/goma-lac-vert.webp,1200,1600,0.75,https://commons.wikimedia.org/wiki/File:Lac_vert_Mugunga.jpg
gondar,6,Wolleka Falasha Village,images/landmarks/gondar-wolleka-falasha-village.webp,1200,1600,0.75,https://commons.wikimedia.org/wiki/File:Abandoned_Synagogue_-_Wolleka_(Falasha_Jewish_Village)_-_Outside_Gondar_-_Ethiopia_(8689307780).jpg
gondar,8,Qusquam Debre Tsehay Church,images/landmarks/gondar-qusquam-debre-tsehay.webp,1200,1600,0.75,https://commons.wikimedia.org/wiki/File:Kuskuam_Palace_092018_-_2.jpg
guadalajara,7,Mercado San Juan de Dios (Mercado Libertad),images/landmarks/guadalajara-mercado-libertad.webp,1200,1600,0.75,https://commons.wikimedia.org/wiki/File:Mercado_de_San_Juan_de_Dios_(15423821878).jpg
guangzhou,3,Sacred Heart Cathedral (Shishi Cathedral),images/landmarks/guangzhou-sacred-heart-cathedral.webp,1200,1600,0.75,https://commons.wikimedia.org/wiki/File:Shishi_Sacred_Heart_Catholic_Cathedral.JPG
guangzhou,7,Huaisheng Mosque,images/landmarks/guangzhou-huaisheng-mosque.webp,1200,1600,0.75,https://commons.wikimedia.org/wiki/File:Huaisheng_Mosque_(17253).jpg
guatemala-city,8,Cerro del Carmen,images/landmarks/guatemala-city-cerro-del-carmen.webp,1200,1600,0.75,https://commons.wikimedia.org/wiki/File:Cerrito_del_Carmen_03.JPG
guayaquil,5,Municipal Palace of Guayaquil,images/landmarks/guayaquil-municipal-palace.webp,1200,1600,0.75,https://commons.wikimedia.org/wiki/File:SageoEG_-_Palacio_Municipal_de_Guayaquil_-_001.jpg
guayaquil,6,Metropolitan Cathedral of Guayaquil,images/landmarks/guayaquil-metropolitan-cathedral.webp,1200,1600,0.75,https://commons.wikimedia.org/wiki/File:Interior_de_la_catedral_de_guayaquil.jpg
gustavia,5,St. Bartholomew's Anglican Church,images/landmarks/gustavia-st-bartholomews-anglican-church.webp,1200,1600,0.75,https://commons.wikimedia.org/wiki/File:Gustavia_%E2%80%94_Saint_Bartholomew_Anglican_Church_(building).JPG
gustavia,6,Notre-Dame de l'Assomption Catholic Church,images/landmarks/gustavia-notre-dame-de-lassomption.webp,768,1024,0.75,https://commons.wikimedia.org/wiki/File:Church_of_Our_Lady_of_the_Assumption_(49910950296).jpg
haifa,3,Louis Promenade (Yefe Nof),images/landmarks/haifa-louis-promenade.webp,1200,1600,0.75,https://commons.wikimedia.org/wiki/File:Yefe_Nof_-_promenade_Louis-1.JPG
hakodate,4,Motomachi District and Hachiman-zaka Slope,images/landmarks/hakodate-motomachi-hachiman-zaka.webp,1200,1600,0.75,"https://commons.wikimedia.org/wiki/File:Hakodate_Hachimanzaka,_Motomachi,_Hakodate,_Hokkaido,_Japan,_%E5%85%AB%E5%B9%A1%E5%9D%82,_%E5%85%83%E7%94%BA,_%E5%87%BD%E9%A4%A8,_%E5%8C%97%E6%B5%B7%E9%81%93,_%E6%97%A5%E6%9C%AC,_%E3%81%AF%E3%81%93%E3%81%A0%E3%81%A6%E3%81%97,_%E3%81%BB%E3%81%A3%E3%81%8B%E3%81%84%E3%81%A9%E3%81%86,_%E3%81%AB%E3%81%A3%E3%81%BD%E3%82%93,_%E3%81%AB%E3%81%BB%E3%82%93_(16765476235).jpg"
halifax,9,Africville,images/landmarks/halifax-africville.webp,480,640,0.75,https://en.wikipedia.org/wiki/Africville
hamadan,0,Avicenna Mausoleum (Aramgah-e Bu Ali Sina),images/landmarks/hamadan-avicenna-mausoleum.webp,1200,1600,0.75,"https://commons.wikimedia.org/wiki/File:Tomb_of_Avicenna,_Hamdan.jpg"
hangzhou,9,Baochu Pagoda,images/landmarks/hangzhou-baochu-pagoda.webp,768,1024,0.75,https://commons.wikimedia.org/wiki/File:BaoChuTa.jpg
harbin,5,Flood Control Monument,images/landmarks/harbin-flood-control-monument.webp,1200,1600,0.75,"https://commons.wikimedia.org/wiki/File:Flood_monument,_Harbin_1.jpg"
hebron,8,Sheikh Ali al-Bakka Mosque,images/landmarks/hebron-sheikh-ali-al-bakka-mosque.webp,1200,1600,0.75,https://en.wikipedia.org/wiki/Sheikh_Ali_al-Bakka_Mosque
heidelberg,3,Old Town and Hauptstraße,images/landmarks/heidelberg-old-town-and-hauptstra-e.webp,1200,1600,0.75,"https://commons.wikimedia.org/wiki/File:Hauptstra%C3%9Fe_near_Akademiestra%C3%9Fe_(Heidelberg),_Sep_2019.jpg"
hirosaki,1,Saisho-in Five-Storied Pagoda,images/landmarks/hirosaki-saisho-in-five-storied-pagoda.webp,1200,1600,0.75,https://commons.wikimedia.org/wiki/File:Hirosaki_Saishoin_Pagoda.JPG
hiroshima,8,Okonomimura,images/landmarks/hiroshima-okonomimura.webp,1200,1600,0.75,https://commons.wikimedia.org/wiki/File:Okonomimura_Building_at_night.jpg
ho-chi-minh-city,6,Jade Emperor Pagoda,images/landmarks/ho-chi-minh-city-jade-emperor-pagoda.webp,1200,1600,0.75,https://commons.wikimedia.org/wiki/File:Jade_Emperor_Pagoda_Saigon.jpg
hoi-an,4,Thu Bon River Lantern Boats and Night Market,images/landmarks/hoi-an-thu-bon-river-lantern-boats-and-night-market.webp,1200,1600,0.75,https://commons.wikimedia.org/wiki/File:Boats_with_lanterns_on_the_Thu_Bon_river_IMG_3864.jpg
honiara,1,Bloody Ridge (Edson's Ridge),images/landmarks/honiara-bloody-ridge.webp,1200,1600,0.75,https://commons.wikimedia.org/wiki/File:Bloody_Ridge_Memorial_2009.jpg
houmt-el-souk,6,Guellala Museum (Djerba Heritage Museum),images/landmarks/houmt-el-souk-guellala-museum.webp,480,640,0.75,https://commons.wikimedia.org/wiki/File:Guellala_Museum.jpg
houmt-el-souk,7,Djerba Explore Park and Lalla Hadria Museum,images/landmarks/houmt-el-souk-djerba-explore-park-and-lalla-hadria-museum.webp,1200,1600,0.75,https://commons.wikimedia.org/wiki/File:Djerba_traditionnel_parc_16.jpg
ibadan,0,Cocoa House,images/landmarks/ibadan-cocoa-house.webp,1024,1366,0.75,"https://commons.wikimedia.org/wiki/File:Cocoa_House,_Ibadan.JPG"
ica,7,Cachiche (village of the witches),images/landmarks/ica-cachiche.webp,1200,1600,0.75,https://commons.wikimedia.org/wiki/File:ESTATUA_DE_LA_BRUJA_DE_CACHICHE.jpg
irkutsk,4,Church of the Savior (Spasskaya Church),images/landmarks/irkutsk-church-of-the-savior-spasskaya-church.webp,1200,1600,0.75,"https://commons.wikimedia.org/wiki/File:Saviors_Church,_Irkutsk_-_panoramio.jpg"
irkutsk,5,Znamensky Monastery,images/landmarks/irkutsk-znamensky-monastery.webp,1200,1600,0.75,https://commons.wikimedia.org/wiki/File:%D0%98%D1%80%D0%BA%D1%83%D1%82%D1%81%D0%BA._%D0%97%D0%BD%D0%B0%D0%BC%D0%B5%D0%BD%D1%81%D0%BA%D0%B8%D0%B9_%D0%BC%D0%BE%D0%BD%D0%B0%D1%81%D1%82%D1%8B%D1%80%D1%8C_1.JPG
irkutsk,9,Angara Embankment and Moscow Gates,images/landmarks/irkutsk-angara-embankment-and-moscow-gates.webp,1200,1600,0.75,https://commons.wikimedia.org/wiki/File:%D0%98%D1%80%D0%BA%D1%83%D1%82%D1%81%D0%BA._%D0%9C%D0%BE%D1%81%D0%BA%D0%BE%D0%B2%D1%81%D0%BA%D0%B8%D0%B5_%D0%B2%D0%BE%D1%80%D0%BE%D1%82%D0%B0.JPG
istanbul,9,Spice Bazaar (Egyptian Bazaar),images/landmarks/istanbul-spice-bazaar.webp,1200,1600,0.75,"https://commons.wikimedia.org/wiki/File:Spice_Bazaar_Istanbul_Feb_2020,_img_2.jpg"
izmir,8,Bostanlı Sunset Point,images/landmarks/izmir-bostanlı-sunset-point.webp,1200,1600,0.75,https://commons.wikimedia.org/wiki/File:Bostanl%C4%B1_Sahil_Yolu.jpg
jaffna,5,Jaffna Market and Clock Tower,images/landmarks/jaffna-jaffna-market-and-clock-tower.webp,1200,1600,0.75,https://commons.wikimedia.org/wiki/File:Jaffna_clock_tower.jpg
jeddah,9,Al Shallal Theme Park,images/landmarks/jeddah-al-shallal-theme-park.webp,500,667,0.75,https://commons.wikimedia.org/wiki/File:Al_Shallal_Roller_Coaster_as_seen_from_the_AlShallal_Marine_Lake.jpg
jerez-de-la-frontera,7,Tabanco El Pasaje,images/landmarks/jerez-de-la-frontera-tabanco-el-pasaje.webp,1200,1600,0.75,https://commons.wikimedia.org/wiki/File:Tabanco_El_Pasaje_-_IMG_20221228_162756.jpg
jingdezhen,2,Ancient Kiln Folk Customs Museum (Guyao),images/landmarks/jingdezhen-ancient-kiln-folk-museum.webp,1200,1600,0.75,https://commons.wikimedia.org/wiki/File:%E6%99%AF%E5%BE%B7%E9%95%87%E5%8F%A4%E7%AA%91%E6%B0%91%E4%BF%97%E5%8D%9A%E8%A7%88%E5%8C%BA_04.jpg
jingdezhen,3,Jingdezhen China Ceramics Museum,images/landmarks/jingdezhen-ceramics-museum.webp,1200,1600,0.75,https://commons.wikimedia.org/wiki/File:Jingdezhen_China_Ceramics_Museum_20231020_08.jpg
jinghong,5,Dai Ethnic Garden (Ganlanba),images/landmarks/jinghong-dai-ethnic-garden-ganlanba.webp,1200,1600,0.75,https://commons.wikimedia.org/wiki/File:Jinghong_Xishuangbanna_Daizu_Yuan_20250809_091109.jpg
johor-bahru,6,Chinese Heritage Museum,images/landmarks/johor-bahru-chinese-heritage-museum.webp,1200,1600,0.75,https://commons.wikimedia.org/wiki/File:Johor_Bahru_Chinese_Heritage_Museum.JPG
juba,6,University of Juba,images/landmarks/juba-university-of-juba.webp,1280,1707,0.75,https://en.wikipedia.org/wiki/Juba_II
kagoshima,9,Reimeikan and Tsurumaru Castle ruins,images/landmarks/kagoshima-reimeikan-tsurumaru-castle.webp,1200,1600,0.75,"https://commons.wikimedia.org/wiki/File:Reimeikan,_Kagoshima_Prefectural_Center_for_Historical_Material.jpg"
kaifeng,5,Lord Bao Memorial Temple (Baogong Ci),images/landmarks/kaifeng-lord-bao-memorial-temple.webp,1200,1600,0.75,https://commons.wikimedia.org/wiki/File:Lord_Bao_Memorial_Temple.jpg
kalamata,8,Polylimnio Waterfalls,images/landmarks/kalamata-polylimnio-waterfalls.webp,1200,1600,0.75,"https://commons.wikimedia.org/wiki/File:Polylimnio,_Messinia.jpg"
kaliningrad,8,Kant Island (Sculpture Park),images/landmarks/kaliningrad-kant-island.webp,1200,1600,0.75,https://commons.wikimedia.org/wiki/File:Kaliningrad_05-2017_img04_Kant_Island.jpg
kampala,9,Independence Monument,images/landmarks/kampala-independence-monument.webp,1200,1600,0.75,https://commons.wikimedia.org/wiki/File:Uganda_Independence_Monument.jpg
kanazawa,7,Oyama Shrine,images/landmarks/kanazawa-oyama-shrine.webp,1125,1500,0.75,https://commons.wikimedia.org/wiki/File:Kanazawa-C-2852.jpg
kanchanaburi,3,Hellfire Pass Memorial Museum,images/landmarks/kanchanaburi-hellfire-pass-memorial-museum.webp,1200,1600,0.75,https://commons.wikimedia.org/wiki/File:Hellfire_pass_2023.jpg
kandy,3,Bahirawakanda Vihara Buddha Statue,images/landmarks/kandy-bahirawakanda-buddha-statue.webp,1200,1600,0.75,https://commons.wikimedia.org/wiki/File:Bahirawakanda_Vihara_Buddha_Statue.jpg
kangding,3,Anjue Temple (Ngachu Monastery),images/landmarks/kangding-anjue-temple-ngachu-monastery.webp,1200,1600,0.75,https://commons.wikimedia.org/wiki/File:Anjue_Temple.jpg
karachi,7,Wazir Mansion,images/landmarks/karachi-wazir-mansion.webp,1200,1600,0.75,https://commons.wikimedia.org/wiki/File:PK_Karachi_asv2020-02_img28_Wazir_Mansion.jpg
karakol,0,Dungan Mosque,images/landmarks/karakol-dungan-mosque.webp,1200,1600,0.75,https://commons.wikimedia.org/wiki/File:Karakol-Dungan-Mosque-Minaret-3.jpg
karlovy-vary,2,Diana Observation Tower,images/landmarks/karlovy-vary-diana-observation-tower.webp,1200,1600,0.75,"https://commons.wikimedia.org/wiki/File:Karlovy_Vary,_horní_stanice_lanové_dráhy_Diana_a_rozhledna.jpg"
kazan,1,Kul Sharif Mosque,images/landmarks/kazan-kul-sharif-mosque.webp,1200,1600,0.75,https://commons.wikimedia.org/wiki/File:Kazan_Kremlin_Qolsharif_Mosque_08-2016_img1.jpg
kazan,2,Söyembikä Tower,images/landmarks/kazan-soyembika-tower.webp,1200,1600,0.75,https://commons.wikimedia.org/wiki/File:Kazan_Kremlin_Soyembika_Tower_08-2016_img2.jpg
kermanshah,6,Shafei Mosque,images/landmarks/kermanshah-shafei-mosque.webp,1200,1600,0.75,https://en.wikipedia.org/wiki/Jameh%20Mosque%20of%20Shafei
kigali,6,Kimironko Market,images/landmarks/kigali-kimironko-market.webp,960,1280,0.75,"https://commons.wikimedia.org/wiki/File:Kimironko_Market,_Kigali.jpg"
klaipeda,8,Martynas Mažvydas Sculpture Park,images/landmarks/klaipeda-martynas-mazvydas-sculpture-park.webp,1200,1600,0.75,https://commons.wikimedia.org/wiki/File:Socha_Tvanas_Klp.JPG
ko-samui,0,Big Buddha Temple (Wat Phra Yai),images/landmarks/ko-samui-big-buddha-temple.webp,600,800,0.75,https://commons.wikimedia.org/wiki/File:Big_Buddha_Statue_at_Wat_Phra_Yai.jpg
ko-samui,4,"Fisherman's Village, Bophut",images/landmarks/ko-samui-fisherman-s-village-bophut.webp,1200,1600,0.75,https://commons.wikimedia.org/wiki/File:Singha_Beer-Bophut.jpg
konstanz,8,Hus House (Hus-Haus),images/landmarks/konstanz-hus-house.webp,1200,1600,0.75,https://commons.wikimedia.org/wiki/File:Hus-Haus_(Museum)_in_Konstanz.jpg
kuala-lumpur,0,Petronas Twin Towers,images/landmarks/kuala-lumpur-petronas-twin-towers.webp,1200,1600,0.75,https://commons.wikimedia.org/wiki/File:Petronas_Twin_Towers_(230715-1406).jpg
kuala-lumpur,2,KL Tower (Menara Kuala Lumpur),images/landmarks/kuala-lumpur-kl-tower.webp,900,1200,0.75,"https://commons.wikimedia.org/wiki/File:KL_Tower,_Kuala_Lumpur,_Malaysia.jpg"
kuching,6,Tua Pek Kong Temple,images/landmarks/kuching-tua-pek-kong-temple.webp,1200,1600,0.75,https://commons.wikimedia.org/wiki/File:Tua_Pek_Kong_Temple_(Kuching)_(27304678367).jpg
kumasi,9,Centre for National Culture,images/landmarks/kumasi-centre-for-national-culture.webp,960,1280,0.75,"https://commons.wikimedia.org/wiki/File:Centre_for_National_Culture,_Kumasi.jpg"
kyiv,2,Motherland Monument,images/landmarks/kyiv-motherland-monument.webp,960,1280,0.75,"https://commons.wikimedia.org/wiki/File:Monument_to_the_Motherland,_Dnipro_River_and_Kyiv_Sunset.jpg"
kyoto,9,Kyoto Tower,images/landmarks/kyoto-kyoto-tower.webp,1200,1600,0.75,https://commons.wikimedia.org/wiki/File:%E4%BA%AC%E9%83%BD%E3%82%BF%E3%83%AF%E3%83%BC%E5%A4%9C%E6%99%AF.jpg
la-paz,5,Mirador Killi Killi,images/landmarks/la-paz-mirador-killi-killi.webp,1200,1600,0.75,"https://commons.wikimedia.org/wiki/File:Mirador_Killi_Killi,_La_Paz.jpg"
la-paz,6,Calle Jaén,images/landmarks/la-paz-calle-jaen.webp,640,853,0.75,https://commons.wikimedia.org/wiki/File:La_Paz-Calle_Jaen.jpg
la-serena,2,La Recova Market,images/landmarks/la-serena-la-recova-market.webp,768,1024,0.75,https://commons.wikimedia.org/wiki/File:Tienda_de_productos_artesanales_en_La_Recova.jpg
lagos,3,Tafawa Balewa Square,images/landmarks/lagos-tafawa-balewa-square.webp,1200,1600,0.75,https://commons.wikimedia.org/wiki/File:Tafawa_Balewa_Square.jpg
lalibela,4,Bete Golgota-Mikael,images/landmarks/lalibela-bete-golgota-mikael.webp,960,1280,0.75,"https://commons.wikimedia.org/wiki/File:Bete_Golgotha,_waar_de_tombe_van_koning_Lalibela_zou_staan_(6821631255).jpg"
las-palmas-de-gran-canaria,9,Jardín Botánico Canario Viera y Clavijo,images/landmarks/las-palmas-de-gran-canaria-jardin-botanico-canario-viera-y-clavijo.webp,1200,1600,0.75,https://commons.wikimedia.org/wiki/File:Jos%C3%A9_de_Viera_y_Clavijo.jpg
lausanne,7,Sauvabelin Tower and Lake,images/landmarks/lausanne-sauvabelin-tower-and-lake.webp,1200,1600,0.75,https://commons.wikimedia.org/wiki/File:Sauvabelin_Turm.JPG
leon,4,Iglesia de la Recolección,images/landmarks/leon-iglesia-recoleccion.webp,1200,1600,0.75,https://commons.wikimedia.org/wiki/File:Iglesia_de_la_Recoleccion_-_Leon_-_Nicaragua_-_01_(31416391552).jpg
leshan,6,Oriental Buddha Park,images/landmarks/leshan-oriental-buddha-park.webp,1200,1600,0.75,https://en.wikipedia.org/wiki/Oriental_Buddha_Park
leticia,0,Parque Santander,images/landmarks/leticia-parque-santander.webp,1200,1600,0.75,"https://commons.wikimedia.org/wiki/File:Parque_Santander,_Leticia.JPG"
liberia,4,Museo de Guanacaste,images/landmarks/liberia-museo-de-guanacaste.webp,480,640,0.75,https://commons.wikimedia.org/wiki/File:Pilar_antropomorfo-Guanacaste-Costa_Rica.JPG
libreville,5,Église Saint-Michel de Nkembo,images/landmarks/libreville-eglise-saint-michel.webp,768,1024,0.75,https://commons.wikimedia.org/wiki/File:Eglise_Saint-Michel_de_Nkembo_(31225192077).jpg
libreville,6,Arboretum Raponda Walker,images/landmarks/libreville-arboretum-raponda-walker.webp,810,1080,0.75,https://commons.wikimedia.org/wiki/File:Sortie_de_Wikimedia_Gabon_-_Arboretum_Raponda_Walker_03.jpg
lome,3,Cathédrale du Sacré-Cœur de Lomé,images/landmarks/lome-cathedrale-sacre-coeur.webp,1200,1600,0.75,https://commons.wikimedia.org/wiki/File:Cathédrale_du_Sacré-Cœur_de_Lomé_1.jpg
luang-prabang,5,Luang Prabang Night Market,images/landmarks/luang-prabang-night-market.webp,1200,1600,0.75,https://commons.wikimedia.org/wiki/File:Haw_Pha_Bang_and_Night_Market.jpg
lubeck,4,Niederegger Marzipan Café and Museum,images/landmarks/lubeck-niederegger-cafe.webp,1200,1600,0.75,"https://commons.wikimedia.org/wiki/File:Café_Niederegger_in_Lübeck,_marzipan_producer_01.jpg"
lubeck,6,St. Peter's Church Tower (St. Petri),images/landmarks/lubeck-st-petri-church.webp,1200,1600,0.75,"https://commons.wikimedia.org/wiki/File:Aerial_image_of_St._Peter's_Church,_Lübeck_(view_from_the_southwest).jpg"
lugano,5,Cathedral of San Lorenzo,images/landmarks/lugano-cathedral-san-lorenzo.webp,1200,1600,0.75,https://commons.wikimedia.org/wiki/File:Lugano_San_Lorenzo_02.JPG
luoyang,7,Wangcheng Park Peony Gardens,images/landmarks/luoyang-wangcheng-park.webp,1200,1600,0.75,https://commons.wikimedia.org/wiki/File:Wangcheng_park_during_the_Peony_festival.jpg
lusaka,0,Freedom Statue,images/landmarks/lusaka-freedom-statue.webp,810,1080,0.75,https://commons.wikimedia.org/wiki/File:The_zambian_freedom_statute.jpg
lviv,5,Armenian Cathedral,images/landmarks/lviv-armenian-cathedral.webp,825,1100,0.75,https://commons.wikimedia.org/wiki/File:Lviv-Armenian.jpg
lviv,6,Boim Chapel,images/landmarks/lviv-boim-chapel.webp,1200,1600,0.75,https://commons.wikimedia.org/wiki/File:Lwow_kaplica_Boimow_2.jpg
lyon,8,Traboules de Lyon,images/landmarks/lyon-traboules.webp,1200,1600,0.75,https://commons.wikimedia.org/wiki/File:Traboule_de_Lyon_026.JPG
maastricht,4,Basilica of Our Lady (Onze-Lieve-Vrouwebasiliek),images/landmarks/maastricht-basilica-of-our-lady.webp,1200,1600,0.75,https://commons.wikimedia.org/wiki/File:Maastricht_-_Onze_Lieve_Vrouwebasiliek_-_Onze_Lieve_Vrouweplein_7_(9-10)_P1140856.JPG
maastricht,5,St. Pietersberg Caves (Grotten Sint-Pietersberg),images/landmarks/maastricht-st-pietersberg-caves.webp,1200,1600,0.75,https://commons.wikimedia.org/wiki/File:GrottenStPieter_Rooi_muur.jpg
macau,4,Guia Fortress and Lighthouse,images/landmarks/macau-guia-fortress-lighthouse.webp,1200,1600,0.75,https://commons.wikimedia.org/wiki/File:Macau_Guia_Lighthouse_22-02-2023.jpg
maceio,8,Museu Théo Brandão,images/landmarks/maceio-museu-theo-brandao.webp,1200,1600,0.75,https://commons.wikimedia.org/wiki/File:Museu_Théo_Brandão.jpg
madrid,9,Santiago Bernabeu Stadium,images/landmarks/madrid-santiago-bernabeu-stadium.webp,1200,1600,0.75,https://commons.wikimedia.org/wiki/File:Estadio_Santiago_Bernabéu_-_01.jpg
madurai,4,Koodal Azhagar Temple,images/landmarks/madurai-koodal-azhagar-temple.webp,1200,1600,0.75,https://commons.wikimedia.org/wiki/File:Madurai_Koodal_Alagar_Temple_Tower.jpg
makassar,6,Makassar Great Mosque (Masjid Raya Makassar),images/landmarks/makassar-masjid-raya-makassar.webp,900,1200,0.75,https://commons.wikimedia.org/wiki/File:Masjid_Raya_Makassar.JPG
makassar,9,La Galigo Museum,images/landmarks/makassar-la-galigo-museum.webp,1200,1600,0.75,https://commons.wikimedia.org/wiki/File:Museum_La_Galigo_Makassar_01.jpg
malabo,0,Santa Isabel Cathedral,images/landmarks/malabo-santa-isabel-cathedral.webp,1200,1600,0.75,https://commons.wikimedia.org/wiki/File:Santa_Isabel_Malabo_20131224_140204.jpg
malacca,4,Baba and Nyonya Heritage Museum,images/landmarks/malacca-baba-nyonya-heritage-museum.webp,1200,1600,0.75,https://commons.wikimedia.org/wiki/File:Baba_Nyonya_Museum.JPG
malacca,9,Maritime Museum (Flor de la Mar),images/landmarks/malacca-maritime-museum.webp,1200,1600,0.75,https://commons.wikimedia.org/wiki/File:Maritime_Museum_in_Malacca_City_(2).jpg
malang,2,Kayutangan Heritage Street,images/landmarks/malang-kayutangan-heritage-street.webp,1200,1600,0.75,https://commons.wikimedia.org/wiki/File:12_270925_kampoeng_heritage_kayutangan.jpg
malang,4,Candi Singosari,images/landmarks/malang-candi-singosari.webp,1200,1600,0.75,https://commons.wikimedia.org/wiki/File:Candi_Singosari_07_20251124.jpg
malmo,0,Turning Torso,images/landmarks/malmo-turning-torso.webp,1200,1600,0.75,https://commons.wikimedia.org/wiki/File:Turning_Torso_2.jpg
manchester,9,National Football Museum (Urbis),images/landmarks/manchester-national-football-museum-urbis.webp,800,1067,0.75,https://commons.wikimedia.org/wiki/File:Urbis_Building_-_The_National_Football_Museum_-_geograph.org.uk_-_6570748.jpg
mandalay,9,Inwa (Ava) Ancient City,images/landmarks/mandalay-inwa-ava-ancient-city.webp,1200,1600,0.75,https://commons.wikimedia.org/wiki/File:Pillars_at_Bagaya_Kyaung_-_Teak_Monastery_-_Inwa_(Ava)_-_Outside_Mandalay_-_Myanmar_(Burma)_-_01_(11995916635).jpg
manzhouli,7,Manzhouli Wedding Palace,images/landmarks/manzhouli-manzhouli-wedding-palace.webp,1200,1600,0.75,https://commons.wikimedia.org/wiki/File:Manzhouli_Wedding_Palace.jpg
manzhouli,9,41st Boundary Marker (Sino-Russian border stone),images/landmarks/manzhouli-41st-boundary-marker.webp,1200,1600,0.75,https://commons.wikimedia.org/wiki/File:No._41_Boundary_Marker_at_China%E2%80%93Russia_Border_1.jpg
mar-del-plata,4,Catedral de los Santos Pedro y Cecilia,images/landmarks/mar-del-plata-catedral-de-los-santos-pedro-y-cecilia.webp,960,1280,0.75,"https://commons.wikimedia.org/wiki/File:Catedral_de_los_Santos_Pedro_y_Cecilia,_Mar_del_Plata,_Argentina.JPG"
marbella,0,Casco Antiguo (Old Town),images/landmarks/marbella-casco-antiguo-old-town.webp,1200,1600,0.75,https://commons.wikimedia.org/wiki/File:Marbella_Old_town_1.JPG
marbella,1,Plaza de los Naranjos,images/landmarks/marbella-plaza-de-los-naranjos.webp,1200,1600,0.75,https://commons.wikimedia.org/wiki/File:Marbella_-_Plaza_de_los_Naranjos_1.jpg
marbella,3,Avenida del Mar,images/landmarks/marbella-avenida-del-mar.webp,1200,1600,0.75,https://commons.wikimedia.org/wiki/File:Salvador_Dali_Statues_in_Marbella.jpg
marbella,4,Iglesia Mayor de la Encarnación,images/landmarks/marbella-iglesia-mayor-de-la-encarnacion.webp,1200,1600,0.75,https://commons.wikimedia.org/wiki/File:Marbella_-_Iglesia_de_Nuestra_Señora_de_la_Encarnación_06.jpg
marbella,5,Parque de la Alameda,images/landmarks/marbella-parque-de-la-alameda.webp,1200,1600,0.75,https://commons.wikimedia.org/wiki/File:Marbella_-_Parque_de_la_Alameda_01.jpg
marbella,6,Paseo Marítimo,images/landmarks/marbella-paseo-maritimo.webp,1200,1600,0.75,https://commons.wikimedia.org/wiki/File:Marbella_-_Paseo_Marítimo_01.jpg
mardin,3,Kasımiye Medrese,images/landmarks/mardin-kasimiye-medrese.webp,1200,1600,0.75,"https://commons.wikimedia.org/wiki/File:Kasımiye_medrese,_Mardin,_Turkey.JPG"
marrakech,4,Saadian Tombs,images/landmarks/marrakech-saadian-tombs.webp,1200,1600,0.75,https://commons.wikimedia.org/wiki/File:Saadian_Tombs_1044-HDR.jpg
marrakech,5,Medina of Marrakesh (Souks),images/landmarks/marrakech-medina-souks.webp,1200,1600,0.75,https://commons.wikimedia.org/wiki/File:Medina_of_Marrakesh_(35199965555).jpg
marseille,3,Le Panier,images/landmarks/marseille-le-panier.webp,1200,1600,0.75,https://commons.wikimedia.org/wiki/File:Marseille_-_Le_Panier.JPG
mashhad,5,Central Museum of Astan Quds Razavi,images/landmarks/mashhad-central-museum-of-astan-quds-razavi.webp,1200,1599,0.75,https://en.wikipedia.org/wiki/Central_Library_of_Astan_Quds_Razavi
mashhad,7,Gonbad-e Sabz (Green Dome),images/landmarks/mashhad-gonbad-e-sabz-green-dome.webp,1200,1600,0.75,https://commons.wikimedia.org/wiki/File:Green_Dome_-_Mashhad_-_04.jpg
mazatlan,4,Catedral Basílica de la Inmaculada Concepción,images/landmarks/mazatlan-catedral-basilica.webp,1200,1600,0.75,https://commons.wikimedia.org/wiki/File:Catedral_Bas%C3%ADlica_de_la_Inmaculada_Concepci%C3%B3n_2012-09-08_18-20-27.jpg
mbabane,4,Mantenga Cultural Village,images/landmarks/mbabane-mantenga-cultural-village.webp,1200,1600,0.75,https://commons.wikimedia.org/wiki/File:Mantenga_Swazi_Cultural_Village_(Swaziland)_(1).jpg
medellin,5,Palacio de la Cultura Rafael Uribe Uribe,images/landmarks/medellin-palacio-de-la-cultura-rafael-uribe-uribe.webp,1200,1600,0.75,"https://commons.wikimedia.org/wiki/File:Palacio_de_la_Cultura_Rafael_Uribe_Uribe,_vista_desde_estaci%C3%B3n_del_metro_Parque_Berr%C3%ADo..jpg"
memphis,8,Big River Crossing,images/landmarks/memphis-big-river-crossing.webp,1200,1600,0.75,https://commons.wikimedia.org/wiki/File:Big_River_Crossing_03.jpg
memphis,9,Shelby Farms Park,images/landmarks/memphis-shelby-farms-park.webp,1200,1600,0.75,https://commons.wikimedia.org/wiki/File:ShelbyFarmsSign.jpg
mendoza,1,Cerro de la Gloria,images/landmarks/mendoza-cerro-de-la-gloria.webp,1200,1600,0.75,https://commons.wikimedia.org/wiki/File:Mendoza_-_Cerro_de_la_Gloria_-_Monumento.jpg
merida,0,Plaza Grande,images/landmarks/merida-plaza-grande.webp,1200,1600,0.75,"https://commons.wikimedia.org/wiki/File:Merida,_Yucatan,_Mexico_-_Plaza_Grande,_6_Marzo_2021_-_01.jpg"
miami,8,Bayfront Park,images/landmarks/miami-bayfront-park.webp,1200,1600,0.75,"https://commons.wikimedia.org/wiki/File:Laser_Light_Tower_Bayfront_Park,_Miami_FL.jpg"
mingora,5,Fizagat Park,images/landmarks/mingora-fizagat-park.webp,1200,1600,0.75,https://commons.wikimedia.org/wiki/File:Park_in_Swat_Valley_Pakistan.jpg
minneapolis,4,IDS Center,images/landmarks/minneapolis-ids-center.webp,1200,1600,0.75,"https://commons.wikimedia.org/wiki/File:IDS_Center,_October_2024.jpg"
mombasa,0,Fort Jesus,images/landmarks/mombasa-fort-jesus.webp,1200,1600,0.75,"https://commons.wikimedia.org/wiki/File:Fort_Jesus,_Mombasa1.jpg"
monrovia,9,Monrovia's CeCe Beach,images/landmarks/monrovia-monrovia-s-cece-beach.webp,1280,1707,0.75,https://commons.wikimedia.org/wiki/File:Cece%27s_Beach_Trip_(2)_(48868810293).jpg
monterrey,1,Faro del Comercio,images/landmarks/monterrey-faro-del-comercio.webp,1200,1600,0.75,https://commons.wikimedia.org/wiki/File:Faro_del_Comercio_Monterrey.JPG
monterrey,6,Cola de Caballo (Horsetail Falls),images/landmarks/monterrey-cola-de-caballo.webp,1200,1600,0.75,"https://commons.wikimedia.org/wiki/File:Cola_de_Caballo,_Santiago,_Nuevo_Leon.JPG"
morelia,9,Museo Casa Natal de Morelos,images/landmarks/morelia-museo-casa-natal-de-morelos.webp,1200,1600,0.75,https://commons.wikimedia.org/wiki/File:Roses_in_Garden_-_Museo_Casa_Natal_de_Morelos_-_Morelia_-_Michoacan_-_Mexico_(20308564898).jpg
morondava,0,Avenue of the Baobabs,images/landmarks/morondava-avenue-of-the-baobabs.webp,1200,1600,0.75,https://commons.wikimedia.org/wiki/File:Adansonia_grandidieri04.jpg
morondava,5,Tsingy de Bemaraha National Park,images/landmarks/morondava-tsingy-de-bemaraha-national-park.webp,1200,1600,0.75,"https://commons.wikimedia.org/wiki/File:Tsingy_de_Bemaraha_National_Park,_Madagascar.jpg"
moshi,1,Materuni Waterfalls,images/landmarks/moshi-materuni-waterfalls.webp,1200,1600,0.75,"https://commons.wikimedia.org/wiki/File:Materuni_Falls,_Uru_mashariki.jpg"
mysore,5,"Monolithic Nandi Statue, Chamundi Hill",images/landmarks/mysore-monolithic-nandi-statue-chamundi-hill.webp,1200,1600,0.75,https://commons.wikimedia.org/wiki/File:Statue_inside_chamundi_Hills_temple_mysore.jpg
n-djamena,0,Grande Mosquée (Mosquée Roi Fayçal),images/landmarks/ndjamena-grande-mosquee-roi-faycal.webp,1200,1600,0.75,https://commons.wikimedia.org/wiki/File:Vue_du_Mosqu%C3%A9e_Roi_Faycal_de_N%27Djam%C3%A8na.jpg
nablus,1,Jacob's Well,images/landmarks/nablus-jacobs-well.webp,1200,1600,0.75,https://commons.wikimedia.org/wiki/File:Jacob%27s_Well_in_2013.jpg
nagasaki,3,Ōura Cathedral,images/landmarks/nagasaki-oura-cathedral.webp,1200,1599,0.75,https://commons.wikimedia.org/wiki/File:Oura_Cathedral_20180623.jpg
naha,5,Tsuboya Pottery District,images/landmarks/naha-tsuboya-pottery-district.webp,1200,1600,0.75,https://commons.wikimedia.org/wiki/File:JP_%E6%B2%96%E7%B9%A9_Okinawa_%E9%82%A3%E9%9C%B8_Naha_Tsuboya_Pottery_Store_n_Museum_February_2026_N13P_03.jpg
najaf,3,Old City Souq (Grand Bazaar of Najaf),images/landmarks/najaf-old-city-souq.webp,1200,1600,0.75,https://commons.wikimedia.org/wiki/File:Najaf_2.jpg
najaf,7,Al-Hannana Mosque,images/landmarks/najaf-al-hannana-mosque.webp,960,1280,0.75,https://commons.wikimedia.org/wiki/File:%D9%85%D8%B3%D8%AC%D8%AF_%D8%A7%D9%84%D8%AD%D9%86%D8%A7%D9%86%D8%A9_%D9%81%D9%8A_%D8%A7%D9%84%D9%86%D8%AC%D9%81_%D8%A7%D9%84%D8%A3%D8%B4%D8%B1%D9%81.jpg
nakuru,1,Menengai Crater,images/landmarks/nakuru-menengai-crater.webp,1200,1600,0.75,"https://commons.wikimedia.org/wiki/File:Menengai_crater,Nakuru_kenya.jpg"
naples,3,Teatro di San Carlo,images/landmarks/naples-teatro-di-san-carlo.webp,1200,1600,0.75,https://commons.wikimedia.org/wiki/File:Teatro_di_San_Carlo_Napoli.jpg
naples,8,Cappella Sansevero,images/landmarks/naples-cappella-sansevero.webp,375,500,0.75,https://en.wikipedia.org/wiki/Cappella%20Sansevero
nara-shi,3,Kōfuku-ji Temple,images/landmarks/nara-shi-kofuku-ji-temple.webp,1200,1600,0.75,https://commons.wikimedia.org/wiki/File:Kofukuji_five_story_pagoda.jpg
nashville,5,Tennessee State Capitol,images/landmarks/nashville-tennessee-state-capitol.webp,1200,1600,0.75,https://commons.wikimedia.org/wiki/File:Tennessee_state_capitol_2009.jpg
nelson,7,Queens Gardens and Albion Square,images/landmarks/nelson-queens-gardens-and-albion-square.webp,1200,1600,0.75,"https://commons.wikimedia.org/wiki/File:Looking_into_the_Queens_Gardens,_Nelson.jpg"
niamey,3,Musée national Boubou-Hama,images/landmarks/niamey-musee-national-boubou-hama.webp,1200,1600,0.75,https://commons.wikimedia.org/wiki/File:Mus%C3%A9e_national_Boubou-Hama_2.jpg
nice,8,Hôtel Negresco,images/landmarks/nice-hotel-negresco.webp,1200,1600,0.75,https://commons.wikimedia.org/wiki/File:Hotel_Negresco_fa%C3%A7ade.JPG
oaxaca,1,Templo de Santo Domingo de Guzmán,images/landmarks/oaxaca-templo-santo-domingo.webp,1200,1600,0.75,"https://commons.wikimedia.org/wiki/File:Templo_de_Santo_Domingo_de_Guzmán,_Oaxaca.jpg"
oaxaca,3,Museo de las Culturas de Oaxaca,images/landmarks/oaxaca-museo-de-las-culturas.webp,1200,1600,0.75,https://commons.wikimedia.org/wiki/File:Imagen_de_Museo_de_las_Culturas_de_Oaxaca_31.jpg
odessa,5,Odessa Catacombs,images/landmarks/odessa-catacombs.webp,1200,1600,0.75,https://commons.wikimedia.org/wiki/File:Odessa_Catacombs_02.jpg
olomouc,0,Holy Trinity Column,images/landmarks/olomouc-holy-trinity-column.webp,768,1024,0.75,https://commons.wikimedia.org/wiki/File:Holy_Trinity_Column.jpg
oran,7,Sidi El Houari Quarter,images/landmarks/oran-sidi-el-houari.webp,1200,1600,0.75,https://commons.wikimedia.org/wiki/File:Photography_in_sidi_el_houari_02.jpg
osogbo,6,Mbari Mbayo Gallery,images/landmarks/osogbo-mbari-mbayo-gallery.webp,1200,1600,0.75,https://commons.wikimedia.org/wiki/File:Front_view_of_Mbari_Mbayo_complex.jpg
osogbo,9,Erin-Ijesha Waterfalls (Olumirin),images/landmarks/osogbo-erin-ijesha-waterfalls.webp,1200,1600,0.75,https://commons.wikimedia.org/wiki/File:Olumirin_Waterfalls_Erin_Ijesa_2.jpg
otaru,2,Otaru Music Box Museum & Steam Clock,images/landmarks/otaru-otaru-music-box-museum-steam-clock.webp,1200,1600,0.75,https://commons.wikimedia.org/wiki/File:The_Otaru_Steam_Clock_%E6%99%82%E8%A8%88_on_the_Marchen_Intersection_in_Otaru_Hokkaido_Japan_(3887460608).jpg
ottawa,6,"National War Memorial, Confederation Square",images/landmarks/ottawa-national-war-memorial.webp,1200,1600,0.75,https://commons.wikimedia.org/wiki/File:Ottawa_War_Memorial_-_02.jpg
ouagadougou,0,Grande Mosquée de Ouagadougou,images/landmarks/ouagadougou-grande-mosquee.webp,1200,1600,0.75,https://commons.wikimedia.org/wiki/File:Ouaga_grande_mosquee.jpg
padang,4,Pantai Air Manis & Malin Kundang Stone,images/landmarks/padang-pantai-air-manis-malin-kundang.webp,1200,1600,0.75,https://commons.wikimedia.org/wiki/File:Gambar_Batu_Malin_Kundang_Pantai_Air_Manis.jpg
padang,6,Pantai Padang (Taplau),images/landmarks/padang-pantai-padang-taplau.webp,1200,1600,0.75,https://commons.wikimedia.org/wiki/File:Pantai_Padang_(taplau)_-_01.jpg
pamplona,6,Casa Consistorial (City Hall),images/landmarks/pamplona-casa-consistorial.webp,1200,1600,0.75,https://commons.wikimedia.org/wiki/File:Ayuntamiento_de_Pamplona._Fachada.jpg
panglao,2,Hinagdanan Cave,images/landmarks/panglao-hinagdanan-cave.webp,1200,1600,0.75,https://commons.wikimedia.org/wiki/File:Snorkeling_in_Hinagdanan_Cave.jpg
paramaribo,9,Arya Dewaker Hindu Temple,images/landmarks/paramaribo-arya-dewaker-temple.webp,1200,1600,0.75,"https://commons.wikimedia.org/wiki/File:Paramaribo,_Arya_Dewaker_Hindu_Temple1.JPG"
pecs,9,Misina TV Tower,images/landmarks/pecs-misina-tv-tower.webp,1200,1600,0.75,"https://commons.wikimedia.org/wiki/File:Fernsehturm,_Misina,_2022_P%C3%A9cs.jpg"
perpignan,6,Casa Xanxo,images/landmarks/perpignan-casa-xanxo.webp,1200,1600,0.75,https://commons.wikimedia.org/wiki/File:Perpignan-Casa_Xanxo-03.jpg
perpignan,8,Hôtel Pams,images/landmarks/perpignan-hotel-pams.webp,1200,1600,0.75,https://commons.wikimedia.org/wiki/File:H%C3%B4tel_Pams_facade.jpg
perugia,7,Basilica di San Pietro,images/landmarks/perugia-basilica-di-san-pietro.webp,1200,1600,0.75,https://commons.wikimedia.org/wiki/File:Ingresso_basilica_San_Pietro_Perugia.jpg
perugia,9,Corso Vannucci,images/landmarks/perugia-corso-vannucci.webp,1200,1600,0.75,https://commons.wikimedia.org/wiki/File:Corso_Vannucci_-_Perugia_(2004).jpg
petropolis,4,Casa de Santos Dumont,images/landmarks/petropolis-casa-de-santos-dumont.webp,1200,1600,0.75,https://commons.wikimedia.org/wiki/File:Casa_Santos_Dumont_%22A_Encantada%22_-_panoramio.jpg
petropolis,6,Avenida Koeler,images/landmarks/petropolis-avenida-koeler.webp,1200,1600,0.75,https://commons.wikimedia.org/wiki/File:Avenida_Koeler_vista_de_cima.jpg
petropolis,7,Trono de Fátima,images/landmarks/petropolis-trono-de-fatima.webp,1200,1600,0.75,https://commons.wikimedia.org/wiki/File:0000_Trono_de_Fatima.JPG
phitsanulok,4,Buranathai Buddha Image Foundry,images/landmarks/phitsanulok-buranathai-buddha-image-foundry.webp,634,845,0.75,https://commons.wikimedia.org/wiki/File:Phitsanulok_Foundry.jpg
phoenix,5,Wrigley Mansion,images/landmarks/phoenix-wrigley-mansion.webp,1200,1600,0.75,https://commons.wikimedia.org/wiki/File:Wrigley_Mansion_Phoenix_Arizona_2008.jpg
phuket,7,Kata Beach,images/landmarks/phuket-kata-beach.webp,750,1000,0.75,"https://commons.wikimedia.org/wiki/File:Kata_Beach,_Phuket.jpg"
pilsen,7,Patton Memorial Pilsen,images/landmarks/pilsen-patton-memorial.webp,400,533,0.75,https://commons.wikimedia.org/wiki/File:Patton_Memorial_Pilsen-exterier_(Plze%C5%88).jpg
playa-del-carmen,9,Coco Bongo,images/landmarks/playa-del-carmen-coco-bongo.webp,480,640,0.75,"https://commons.wikimedia.org/wiki/File:Coco_Bongo,_Playa_del_Carmen._-_panoramio.jpg"
podgorica,0,Cathedral of the Resurrection of Christ,images/landmarks/podgorica-cathedral-of-the-resurrection-of-christ.webp,1200,1600,0.75,https://commons.wikimedia.org/wiki/File:View_of_Hram_Hristovog_Vaskrsenja_in_Podgorica.jpg
podgorica,2,Stara Varos and the Clock Tower,images/landmarks/podgorica-stara-varos-clock-tower.webp,1200,1600,0.75,https://commons.wikimedia.org/wiki/File:Podgorica_Clock_Tower_Sahat_kula.jpg
pokhara,1,World Peace Pagoda (Shanti Stupa),images/landmarks/pokhara-world-peace-pagoda.webp,1200,1600,0.75,https://commons.wikimedia.org/wiki/File:World_Peace_Pagoda_Pokhara.jpg
pokhara,5,Davis Falls (Devi's Fall),images/landmarks/pokhara-davis-falls-devis-fall.webp,1200,1600,0.75,https://commons.wikimedia.org/wiki/File:Devi%27s_Fall_@Pokhara_-_panoramio.jpg
port-au-prince,5,Musée du Panthéon National Haïtien (MUPANAH),images/landmarks/port-au-prince-mupanah.webp,1200,1600,0.75,https://commons.wikimedia.org/wiki/File:Mus%C3%A9e_du_Panth%C3%A9on_National_Ha%C3%AFtien_(8070550861).jpg
port-elizabeth,1,Route 67,images/landmarks/port-elizabeth-route-67.webp,960,1280,0.75,https://commons.wikimedia.org/wiki/File:Port_Elizabeth_Route_67_tower.JPG
portland,5,Multnomah Falls,images/landmarks/portland-multnomah-falls.webp,1200,1600,0.75,https://commons.wikimedia.org/wiki/File:Multnomah_Falls_and_Bridge.jpg
porto,4,Clérigos Tower,images/landmarks/porto-clerigos-tower.webp,480,640,0.75,"https://commons.wikimedia.org/wiki/File:Clerigos_Tower,_Porto,_Portugal.JPG"
porto-novo,4,Place Jean Bayol and King Toffa Statue,images/landmarks/porto-novo-place-jean-bayol.webp,1200,1600,0.75,https://commons.wikimedia.org/wiki/File:Statue_du_roi_toffa_1er_a_la_place_jean_byaol_a_porto_novo_au_Benin.jpg
porto-novo,7,Centre Songhai,images/landmarks/porto-novo-centre-songhai.webp,1200,1600,0.75,https://commons.wikimedia.org/wiki/File:Centre_songhai.jpg
positano,3,Via dei Mulini,images/landmarks/positano-via-dei-mulini.webp,1200,1600,0.75,https://commons.wikimedia.org/wiki/File:Fortilizio_dei_mulini._Spoleto.jpg
potosi,3,Torre de la Compania de Jesus,images/landmarks/potosi-torre-compania-jesus.webp,720,960,0.75,https://commons.wikimedia.org/wiki/File:Torre_Compa%C3%B1ia_de_Jesus_Potosi_-_Bolivia.jpg
poznan,1,Town Hall and the Fighting Goats,images/landmarks/poznan-town-hall.webp,1200,1599,0.75,https://commons.wikimedia.org/wiki/File:Poznan_Town_Hall_IX.jpg
poznan,2,Ostrow Tumski (Cathedral Island),images/landmarks/poznan-ostrow-tumski.webp,1200,1600,0.75,https://commons.wikimedia.org/wiki/File:Ostrow_Tumski_Poznan.jpg
puducherry,1,Sri Aurobindo Ashram,images/landmarks/puducherry-sri-aurobindo-ashram.webp,1200,1600,0.75,"https://commons.wikimedia.org/wiki/File:Sri_Aurobindo_Ashram_Puducherry,_Pondicherry_2K22TNKAN_(1).jpg"
puducherry,4,Auroville and the Matrimandir,images/landmarks/puducherry-auroville-matrimandir.webp,1200,1600,0.75,"https://commons.wikimedia.org/wiki/File:Matrimandir,_Auroville_01.jpg"
puerto-plata,6,Catedral San Felipe Apóstol,images/landmarks/plata-catedral-san-felipe.webp,1200,1600,0.75,https://commons.wikimedia.org/wiki/File:Puerto_Plata_Cathedrale.JPG
puerto-vallarta,3,Playa Los Muertos and Pier,images/landmarks/vallarta-playa-los-muertos.webp,1200,1600,0.75,https://commons.wikimedia.org/wiki/File:Playa_Los_Muertos_Pier_3.jpg
puerto-vallarta,7,Vallarta Botanical Garden,images/landmarks/vallarta-botanical-garden.webp,1200,1600,0.75,"https://commons.wikimedia.org/wiki/File:Our_Lady_of_the_Garden_Chapel,_Vallarta_Botanical_Garden,_Mexico_(February_2024)_-_167.jpg"
pula,2,Temple of Augustus,images/landmarks/pula-temple-augustus.webp,1200,1600,0.75,https://commons.wikimedia.org/wiki/File:Temple_of_Augustus.jpg
puno,9,Arco Deustua,images/landmarks/puno-arco-deustua.webp,1200,1600,0.75,https://commons.wikimedia.org/wiki/File:Arco_Deustua_-_Puno.jpg
qingdao,2,Badaguan Scenic Area,images/landmarks/qingdao-badaguan-scenic-area.webp,1200,1600,0.75,"https://commons.wikimedia.org/wiki/File:Badaguan,_Qingdao.jpg"
quito,0,Basílica del Voto Nacional,images/landmarks/quito-basilica-voto-nacional.webp,1200,1600,0.75,"https://commons.wikimedia.org/wiki/File:G%C3%A1rgolas_tradicionales._Bas%C3%ADlica_del_Voto_Nacional,_Quito_-_Ecuador.jpg"
reims,4,Domaine Pommery,images/landmarks/reims-domaine-pommery.webp,1200,1600,0.75,https://commons.wikimedia.org/wiki/File:Reims_Domaine_Pommery_03.JPG
rimini,4,Castel Sismondo,images/landmarks/rimini-castel-sismondo.webp,1200,1600,0.75,https://commons.wikimedia.org/wiki/File:Rimini_Castel_Sismondo.JPG
rio-de-janeiro,1,Sugarloaf Mountain,images/landmarks/rio-de-janeiro-sugarloaf-mountain.webp,1200,1600,0.75,https://commons.wikimedia.org/wiki/File:Rio_de_Janeiro_-_P%C3%A3o_de_A%C3%A7ucar_-_Cablecar.jpg
rio-de-janeiro,7,Theatro Municipal,images/landmarks/rio-de-janeiro-theatro-municipal.webp,600,800,0.75,"https://commons.wikimedia.org/wiki/File:Teatro_Municipal_do_Rio_de_Janeiro,_Fevereiro_2006.jpg"
rome,6,Spanish Steps,images/landmarks/rome-spanish-steps.webp,1200,1600,0.75,https://commons.wikimedia.org/wiki/File:Piazza_di_Spagna_(Rome)_0004.jpg
rotterdam,4,Depot Boijmans Van Beuningen,images/landmarks/rotterdam-depot-boijmans-van-beuningen.webp,1200,1600,0.75,"https://commons.wikimedia.org/wiki/File:Exterior_of_the_Depot_Boijmans_Van_Beuningen,_Rotterdam.jpg"
sa-pa,9,Ta Phin Village,images/landmarks/sa-pa-ta-phin-village.webp,480,640,0.75,https://commons.wikimedia.org/wiki/File:Sapa_Ta_Phin.jpg
saint-denis,2,Jardin de l'État,images/landmarks/saint-denis-reunion-jardin-de-l-etat.webp,1200,1600,0.75,https://commons.wikimedia.org/wiki/File:Saint-Denis_Reunion_Jardin_de_lEtat_dsc07300.jpg
saint-denis,4,Mosquée Noor-e-Islam,images/landmarks/saint-denis-reunion-mosquee-noor-e-islam.webp,1200,1600,0.75,https://commons.wikimedia.org/wiki/File:Noor-al-islam.jpg
saint-tropez,4,Église Notre-Dame de l'Assomption,images/landmarks/saint-tropez-eglise-notre-dame-de-l-assomption.webp,1200,1600,0.75,https://commons.wikimedia.org/wiki/File:Eglise_Notre-Dame-de-l'Assomption_de_Saint-Tropez.jpg
saipan,9,Forbidden Island,images/landmarks/saipan-forbidden-island.webp,1200,1600,0.75,https://commons.wikimedia.org/wiki/File:ForbiddenIsland.jpg
salamanca,5,Convento de San Esteban,images/landmarks/salamanca-convento-de-san-esteban.webp,1200,1599,0.75,"https://commons.wikimedia.org/wiki/File:Calvario_gótico,_iglesia_del_Convento_de_San_Esteban_(Salamanca).jpg"
salamanca,9,Huerto de Calixto y Melibea,images/landmarks/salamanca-huerto-de-calixto-y-melibea.webp,1200,1600,0.75,https://commons.wikimedia.org/wiki/File:Huerto_de_Calixto_y_Melibea_1.jpg
salt-lake-city,5,Cathedral of the Madeleine,images/landmarks/salt-lake-city-cathedral-of-the-madeleine.webp,1200,1600,0.75,https://commons.wikimedia.org/wiki/File:Cathedral_of_the_Madeleine_-_Salt_Lake_City.jpg
salta,1,Catedral Basílica de Salta,images/landmarks/salta-catedral-basilica-de-salta.webp,600,800,0.75,https://commons.wikimedia.org/wiki/File:Catedral_de_Salta_1.jpg
salta,4,Cerro San Bernardo & Teleférico,images/landmarks/salta-cerro-san-bernardo-teleferico.webp,1200,1600,0.75,https://commons.wikimedia.org/wiki/File:Atop_the_Cerro_San_Bernardo_-_Salta_-_Argentina.jpg
salzburg,3,Getreidegasse,images/landmarks/salzburg-getreidegasse.webp,1200,1600,0.75,"https://commons.wikimedia.org/wiki/File:Getreidegasse_am_Nachmittag,_Salzburg.jpg"
san-cristobal-de-las-casas,6,Andador Real de Guadalupe,images/landmarks/san-cristobal-de-las-casas-andador-real-de-guadalupe.webp,1200,1600,0.75,https://commons.wikimedia.org/wiki/File:Street_Scene_along_Real_de_Guadalupe_-_San_Cristobal_de_las_Casas_-_Chiapas_-_Mexico_(15042420423).jpg
san-cristobal-de-las-casas,7,San Juan Chamula Church,images/landmarks/san-cristobal-de-las-casas-san-juan-chamula-church.webp,1200,1600,0.75,https://commons.wikimedia.org/wiki/File:2006_03_11_San_Juan_Chamula_5.JPG
san-jose,5,Mercado Central,images/landmarks/san-jose-mercado-central.webp,1200,1600,0.75,https://commons.wikimedia.org/wiki/File:Mercado_Central_San_Jose_Costa_Rica.JPG
san-juan,5,Catedral de San Juan Bautista,images/landmarks/san-juan-catedral-de-san-juan-bautista.webp,1200,1600,0.75,https://commons.wikimedia.org/wiki/File:Catedral_de_San_Juan_Bautista_a.jpg
san-marino,4,Palazzo Pubblico (Public Palace),images/landmarks/san-marino-palazzo-pubblico.webp,1200,1600,0.75,"https://commons.wikimedia.org/wiki/File:Palazzo_Pubblico,_San_Marino.jpg"
san-pedro-de-atacama,4,Iglesia de San Pedro de Atacama,images/landmarks/san-pedro-de-atacama-iglesia-de-san-pedro-de-atacama.webp,1200,1600,0.75,https://commons.wikimedia.org/wiki/File:San_Pedro_de_Atacama_Church_inside.JPG
san-pedro-sula,7,Fortaleza de San Fernando de Omoa,images/landmarks/san-pedro-sula-fortaleza-de-san-fernando-de-omoa.webp,1200,1600,0.75,"https://commons.wikimedia.org/wiki/File:San_Fernando_de_Omoa_Fortress_monument,_Honduras.jpg"
santa-cruz-de-la-sierra,2,Biocentro Güembé,images/landmarks/santa-cruz-de-la-sierra-biocentro-guembe.webp,1200,1600,0.75,https://commons.wikimedia.org/wiki/File:El_arbol_de_la_diversidad_en_Parque_guembe.JPG
santander,7,Mercado de la Esperanza,images/landmarks/santander-mercado-de-la-esperanza.webp,1200,1600,0.75,"https://commons.wikimedia.org/wiki/File:Mercado_de_la_Esperanza,_Santander_(48984194951).jpg"
santander,9,El Capricho de Gaudí (Comillas),images/landmarks/santander-el-capricho-de-gaudi-comillas.webp,1200,1600,0.75,https://commons.wikimedia.org/wiki/File:Gaudi's_El_Capricho_in_Comillas.jpg
santiago-de-cuba,5,Cuartel Moncada,images/landmarks/santiago-de-cuba-cuartel-moncada.webp,1200,1600,0.75,https://commons.wikimedia.org/wiki/File:Moncada_Barracks_-_Santiago_de_Cuba_-_Cuba.jpg
sanya,6,Yanoda Rainforest Cultural Tourism Zone,images/landmarks/sanya-yanoda-rainforest.webp,972,1296,0.75,https://commons.wikimedia.org/wiki/File:呀诺达雨林公园_-_Yanoda_Rainforest_Tourism_Zone_-_2010.02_-_panoramio.jpg
sao-tome,1,Sé Cathedral (Nossa Senhora da Graça),images/landmarks/sao-tome-se-cathedral-nossa-senhora-da-graca.webp,1200,1600,0.75,https://commons.wikimedia.org/wiki/File:Sao_Tome_Cathedral_1_(15626548814).jpg
sao-tome,6,Pico Cão Grande,images/landmarks/sao-tome-pico-cao-grande.webp,768,1024,0.75,https://commons.wikimedia.org/wiki/File:S%C3%A3o_Tom%C3%A9_-_Pico_C%C3%A3o_Grande.jpg
scottsdale,6,Soleri Bridge and Plaza,images/landmarks/scottsdale-soleri-bridge-and-plaza.webp,1200,1600,0.75,https://commons.wikimedia.org/wiki/File:Soleri_bridge_Scottsdale_003.JPG
selcuk,2,Great Theatre of Ephesus,images/landmarks/selcuk-great-theatre-of-ephesus.webp,1200,1600,0.75,https://commons.wikimedia.org/wiki/File:Great_Theatre_of_Ephesus_2024.jpg
serekunda,7,Tanji Fish Market,images/landmarks/serekunda-tanji-fish-market.webp,1200,1600,0.75,https://commons.wikimedia.org/wiki/File:GambiaTanji052_(30426214214).jpg
sergiyev-posad,5,Sergiev Posad State History and Art Museum-Reserve,images/landmarks/sergiyev-posad-history-and-art-museum-reserve.webp,850,1134,0.75,https://commons.wikimedia.org/wiki/File:%D0%A1%D0%B5%D1%80%D0%B3%D0%B8%D0%B5%D0%B2%D0%BE-%D0%9F%D0%BE%D1%81%D0%B0%D0%B4%D1%81%D0%BA%D0%B8%D0%B9_%D0%BC%D1%83%D0%B7%D0%B5%D0%B9-%D0%B7%D0%B0%D0%BF%D0%BE%D0%B2%D0%B5%D0%B4%D0%BD%D0%B8%D0%BA_%E2%80%93_%D0%9A%D0%BE%D0%BD%D0%BD%D1%8B%D0%B9_%D0%B4%D0%B2%D0%BE%D1%80.jpg
shanghai,8,Xintiandi,images/landmarks/shanghai-xintiandi.webp,1200,1600,0.75,https://commons.wikimedia.org/wiki/File:Xintiandi5.jpg
shangri-la,2,Guishan Park Giant Prayer Wheel,images/landmarks/shangri-la-guishan-park-prayer-wheel.webp,1200,1600,0.75,https://commons.wikimedia.org/wiki/File:Guishan_Temple_giant_prayer_wheel_1.JPG
shangri-la,7,Ringha Monastery,images/landmarks/shangri-la-ringha-monastery.webp,1200,1600,0.75,https://en.wikipedia.org/wiki/Ringa%20Monastery
shaoxing,1,Shen Garden (Shenyuan),images/landmarks/shaoxing-shen-garden.webp,1200,1600,0.75,https://commons.wikimedia.org/wiki/File:Shen_Garden_in_Shaoxing_2012-07.JPG
shaoxing,8,Yingtian Pagoda and Tashan Hill,images/landmarks/shaoxing-yingtian-pagoda-tashan-hill.webp,1200,1600,0.75,https://commons.wikimedia.org/wiki/File:%E5%BA%94%E5%A4%A9%E5%A1%94_-_panoramio.jpg
sharjah,6,Heart of Sharjah,images/landmarks/sharjah-heart-of-sharjah.webp,1200,1600,0.75,https://commons.wikimedia.org/wiki/File:Heart_of_Sharjah.jpg
siddharthanagar,1,Ashoka Pillar,images/landmarks/siddharthanagar-ashoka-pillar.webp,1200,1600,0.75,"https://commons.wikimedia.org/wiki/File:Ashoka_Pillar,_Mayadevi_Temple,_Lumbini.jpg"
sigiriya,2,Mirror Wall,images/landmarks/sigiriya-mirror-wall.webp,1200,1600,0.75,https://commons.wikimedia.org/wiki/File:Sigiriya_mirror_wall_01.JPG
singapore,5,Sultan Mosque (Masjid Sultan),images/landmarks/singapore-sultan-mosque.webp,1200,1600,0.75,"https://commons.wikimedia.org/wiki/File:Masjid_Sultan,_Singapore_(2023_June)_-_img_01.jpg"
singapore,6,Sri Mariamman Temple,images/landmarks/singapore-sri-mariamman-temple.webp,1200,1600,0.75,https://commons.wikimedia.org/wiki/File:Gopuram_monumental_ornate_tower_at_the_entrance_of_Sri_Mariamman_Temple_with_sculptures_of_Hindu_deities_Chinatown_Singapore.jpg
siwa-oasis,0,Shali Fortress,images/landmarks/siwa-oasis-shali-fortress.webp,1200,1600,0.75,https://commons.wikimedia.org/wiki/File:Shali_Fortress00.jpg
siwa-oasis,5,Great Sand Sea,images/landmarks/siwa-oasis-great-sand-sea.webp,1200,1600,0.75,https://commons.wikimedia.org/wiki/File:Great_Sand_Sea0.jpg
siwa-oasis,6,Siwa Salt Lakes,images/landmarks/siwa-oasis-salt-lakes.webp,1200,1600,0.75,https://commons.wikimedia.org/wiki/File:Salt_Lakes_in_Siwa_oasis.jpg
sochi,0,Sochi Arboretum (Dendrarium),images/landmarks/sochi-sochi-arboretum.webp,1200,1600,0.75,https://commons.wikimedia.org/wiki/File:Dendrarium_Sochi_Ropeway.JPG
sofia,1,Church of St Sofia,images/landmarks/sofia-church-of-st-sofia.webp,1200,1600,0.75,"https://commons.wikimedia.org/wiki/File:Sveta_Sofia_Church,_Sofia_(P1070748).jpg"
sousse,9,Zaouia Zakkak,images/landmarks/sousse-zaouia-zakkak.webp,1200,1600,0.75,https://commons.wikimedia.org/wiki/File:Zaouia_Zakkak_1.JPG
split,3,Riva Promenade,images/landmarks/split-riva-promenade.webp,1200,1600,0.75,https://commons.wikimedia.org/wiki/File:Split_(Croatia)_-_palme_na_rivi.JPG
srinagar,5,Jamia Masjid,images/landmarks/srinagar-jamia-masjid.webp,1200,1599,0.75,"https://commons.wikimedia.org/wiki/File:Jamia_Masjid,_Srinagar_2.jpg"
sukhothai,9,Si Satchanalai Historical Park,images/landmarks/sukhothai-si-satchanalai-historical-park.webp,1200,1600,0.75,https://commons.wikimedia.org/wiki/File:Si_Satchanalai_historical_park_5.jpg
surabaya,5,Al Akbar Mosque,images/landmarks/surabaya-al-akbar-mosque.webp,1200,1599,0.75,https://commons.wikimedia.org/wiki/File:Menara_Masjid_Al-Akbar_Surabaya.jpg
surabaya,8,Jalan Tunjungan,images/landmarks/surabaya-jalan-tunjungan.webp,1200,1600,0.75,"https://commons.wikimedia.org/wiki/File:Jalan_Tunjungan,_Surabaya,_2019.jpg"
suzhou,3,Suzhou Museum,images/landmarks/suzhou-suzhou-museum.webp,1200,1600,0.75,https://commons.wikimedia.org/wiki/File:SUZHOU_MUSEUM_WEST_20220904.jpg
tabriz,5,Constitution House (Khaneh Mashrouteh),images/landmarks/tabriz-constitution-house-khaneh-mashrouteh.webp,1200,1600,0.75,https://commons.wikimedia.org/wiki/File:Constitution_House_tabriz_%D8%AA%D8%A8%D8%B1%DB%8C%D8%B2_%D8%AE%D8%A7%D9%86%D9%87_%D9%85%D8%B4%D8%B1%D9%88%D8%B7%D9%87%DB%B1.jpg
takamatsu,7,Setoshirube (Red Lighthouse),images/landmarks/takamatsu-setoshirube-red-lighthouse.webp,768,1024,0.75,https://commons.wikimedia.org/wiki/File:TakamatsuAkaToudai.jpg
takamatsu,9,Kotohira-gu Shrine (Konpira-san),images/landmarks/takamatsu-kotohira-gu-shrine-konpira-san.webp,1200,1600,0.75,https://commons.wikimedia.org/wiki/File:Kotohira-g%C5%AB-8.jpg
tallinn,8,Kiek in de Kök Tower,images/landmarks/tallinn-kiek-in-de-kok-tower.webp,1200,1600,0.75,https://commons.wikimedia.org/wiki/File:The_Kiek_in_de_K%C3%B6k_cannon_tower_in_Tallinn.jpg
tampa,3,Ybor City Historic District,images/landmarks/tampa-ybor-city-historic-district.webp,1200,1600,0.75,https://commons.wikimedia.org/wiki/File:Ybor_City_Historic_District_02.jpg
tampa,9,Busch Gardens Tampa Bay,images/landmarks/tampa-busch-gardens-tampa-bay.webp,1200,1600,0.75,https://commons.wikimedia.org/wiki/File:Kumba_at_Busch_Gardens_Tampa_Bay_1.jpg
tampere,1,Tampere Cathedral,images/landmarks/tampere-tampere-cathedral.webp,1200,1600,0.75,https://commons.wikimedia.org/wiki/File:Tampere_Cathedral_viewed_from_the_main_road.jpg
tampere,2,Pyynikki Observation Tower,images/landmarks/tampere-pyynikki-observation-tower.webp,540,720,0.75,https://commons.wikimedia.org/wiki/File:Pyynikki_observation_tower.jpg
tangier,1,Tangier Medina,images/landmarks/tangier-tangier-medina.webp,1200,1600,0.75,https://commons.wikimedia.org/wiki/File:Tangier_Medina_4.JPG
taormina,4,Villa Comunale (Parco Duca di Cesarò),images/landmarks/taormina-villa-comunale-parco-duca-di-cesaro.webp,1200,1600,0.75,https://commons.wikimedia.org/wiki/File:0990_-_Taormina_-_Villa_Comunale_-_Foto_G._DallOrto.jpg
taormina,8,Castelmola,images/landmarks/taormina-castelmola.webp,1200,1600,0.75,https://commons.wikimedia.org/wiki/File:Castelmola_26-3-2024.jpg
tarragona,9,El Serrallo Fishing Quarter,images/landmarks/tarragona-el-serrallo-fishing-quarter.webp,1200,1600,0.75,https://commons.wikimedia.org/wiki/File:El_Serrallo_P1410534.JPG
taupo,2,Mine Bay Māori Rock Carvings,images/landmarks/taupo-mine-bay-maori-rock-carvings.webp,750,1000,0.75,https://commons.wikimedia.org/wiki/File:01_New_Zealand_Carving_Taupo_Maori.jpg
tbilisi,3,Anchiskhati Basilica,images/landmarks/tbilisi-anchiskhati-basilica.webp,1200,1600,0.75,https://commons.wikimedia.org/wiki/File:Anchiskhati_Basilica_Tbilisi_Georgia.jpg
tegucigalpa,5,Antigua Casa Presidencial,images/landmarks/tegucigalpa-antigua-casa-presidencial.webp,1200,1600,0.75,"https://commons.wikimedia.org/wiki/File:Tegucigalpa,_Honduras_-_Antigua_Casa_Presidential_2005.jpg"
thimphu,9,Thimphu Valley Viewpoints,images/landmarks/thimphu-thimphu-valley-viewpoints.webp,1200,1600,0.75,https://commons.wikimedia.org/wiki/File:Thimphu_city_in_the_valley_02_(view_from_monastery).jpg
thiruvananthapuram,5,Attukal Bhagavathy Temple,images/landmarks/thiruvananthapuram-attukal-bhagavathy-temple.webp,1200,1600,0.75,https://commons.wikimedia.org/wiki/File:Attukal_Bhagavathy_temple_1.jpg
thiruvananthapuram,6,Kanakakunnu Palace,images/landmarks/thiruvananthapuram-kanakakunnu-palace.webp,1200,1600,0.75,"https://commons.wikimedia.org/wiki/File:Kanakakunnu_Palace,_Thiruvananthapuram.jpg"
timbuktu,1,Sankore Mosque and University,images/landmarks/timbuktu-sankore-mosque-and-university.webp,1200,1599,0.75,https://commons.wikimedia.org/wiki/File:Sankore_Madrasah.jpg
timbuktu,5,René Caillié House,images/landmarks/timbuktu-rene-caillie-house.webp,240,320,0.75,https://commons.wikimedia.org/wiki/File:Timbuktu_Caille_House_Street_Scene.jpg
tirupati,1,"Sri Padmavathi Ammavari Temple, Tiruchanur",images/landmarks/tirupati-sri-padmavathi-ammavari-temple-tiruchanur.webp,1200,1600,0.75,https://commons.wikimedia.org/wiki/File:Padmavathi_Ammavari_Temple.JPG
tokyo,4,Tokyo Tower,images/landmarks/tokyo-tokyo-tower.webp,1200,1600,0.75,https://commons.wikimedia.org/wiki/File:Tokyo_Tower_2023.jpg
toulon,4,Toulon Cathedral (Sainte-Marie-de-la-Seds),images/landmarks/toulon-toulon-cathedral.webp,1200,1600,0.75,https://commons.wikimedia.org/wiki/File:Toulon_Cathedral_Exterior.jpg
toulon,9,Place Puget and the Old Town Fountains,images/landmarks/toulon-place-puget.webp,1200,1600,0.75,https://commons.wikimedia.org/wiki/File:Toulon_Place_Puget_Fountain.jpg
tours,2,Basilique Saint-Martin,images/landmarks/tours-basilique-saint-martin.webp,1200,1600,0.75,"https://commons.wikimedia.org/wiki/File:Basilique_Saint_Martin_de_Tours,_façade.jpg"
trinidad,3,Convento de San Francisco Bell Tower,images/landmarks/trinidad-convento-san-francisco.webp,1200,1600,0.75,https://commons.wikimedia.org/wiki/File:Trinidad-Iglesia_San_Francisco.jpg
tripoli,4,Ahmed Pasha Karamanli Mosque,images/landmarks/tripoli-ahmed-pasha-karamanli-mosque.webp,1200,1600,0.75,https://commons.wikimedia.org/wiki/File:Ahmed_Pasha_Karamanli_Mosque_on_Souq_El_Mushir_Street_Tripoli_Libya.JPG
tripoli,6,Ottoman Clock Tower,images/landmarks/tripoli-ottoman-clock-tower.webp,1200,1600,0.75,https://commons.wikimedia.org/wiki/File:Ottoman_clock_tower_in_evening.JPG
tripoli,7,Naga Mosque (An-Naqah Mosque),images/landmarks/tripoli-naga-mosque.webp,1200,1600,0.75,https://commons.wikimedia.org/wiki/File:Naga_Mosque_Exterior_Tripoli_Libya.JPG
tripoli,8,Karamanli House Museum,images/landmarks/tripoli-karamanli-house-museum.webp,1200,1600,0.75,"https://commons.wikimedia.org/wiki/File:Tripoli_-_Karamanli-Haus,_1750.jpg"
udaipur,5,Monsoon Palace (Sajjangarh),images/landmarks/udaipur-monsoon-palace.webp,1200,1600,0.75,https://commons.wikimedia.org/wiki/File:Sajjangarh_(monsoon_palace)_front_view.jpg
ushuaia,1,Beagle Channel and Les Éclaireurs Lighthouse,images/landmarks/ushuaia-beagle-channel-les-eclaireurs-lighthouse.webp,1200,1600,0.75,"https://commons.wikimedia.org/wiki/File:Les_Eclaireurs_lighthouse,_Beagle_Channel,_Argentina.jpg"
utrecht,4,Museum Speelklok,images/landmarks/utrecht-museum-speelklok.webp,1200,1600,0.75,https://commons.wikimedia.org/wiki/File:Buurkerk_en_Dom.jpg
valletta,0,St. John's Co-Cathedral,images/landmarks/valletta-st-johns-co-cathedral.webp,1200,1600,0.75,"https://commons.wikimedia.org/wiki/File:St._John's_Co-Cathedral,_Valletta_030.jpg"
valparaiso,2,La Sebastiana (Pablo Neruda's House),images/landmarks/valparaiso-la-sebastiana.webp,1200,1600,0.75,https://commons.wikimedia.org/wiki/File:La_Sebastiana_Neruda_1.jpg
valparaiso,7,Muelle Prat and the Harbour Boat Tours,images/landmarks/valparaiso-muelle-prat.webp,1200,1600,0.75,"https://commons.wikimedia.org/wiki/File:Muelle_Prat,_Valparaíso.jpg"
vancouver,3,Vancouver Lookout,images/landmarks/vancouver-vancouver-lookout.webp,1200,1600,0.75,https://commons.wikimedia.org/wiki/File:Vancouver_Lookout_Tower_(8575602644).jpg
varanasi,5,"New Vishwanath Temple, Banaras Hindu University",images/landmarks/varanasi-new-vishwanath-temple-bhu.webp,1200,1600,0.75,https://commons.wikimedia.org/wiki/File:New_Vishwanath_Temple_-_Banaras_Hindu_University_-_Varanasi_-_Uttar_Pradesh_-_India_(12519891844).jpg
varanasi,9,Sankat Mochan Hanuman Temple,images/landmarks/varanasi-sankat-mochan-hanuman-temple.webp,1200,1600,0.75,https://en.wikipedia.org/wiki/Sankat%20Mochan%20Hanuman%20Temple
verona,6,Torre dei Lamberti,images/landmarks/verona-torre-dei-lamberti.webp,1200,1600,0.75,"https://commons.wikimedia.org/wiki/File:A_view_of_Torre_dei_Lamberti_from_the_city_streets,_July_2011.JPG"
victoria,4,Arul Mihu Navasakthi Vinayagar Temple,images/landmarks/victoria-seychelles-vinayagar-temple.webp,1200,1600,0.75,"https://commons.wikimedia.org/wiki/File:Arulmigu_Navasakti_Vinayagar_Temple_in_Victoria,_Seychelles.jpg"
vilnius,4,Užupis,images/landmarks/vilnius-uzupis.webp,1200,1600,0.75,https://commons.wikimedia.org/wiki/File:Užupio_respublika.jpg
vilnius,6,Three Crosses Hill,images/landmarks/vilnius-three-crosses.webp,1200,1600,0.75,"https://commons.wikimedia.org/wiki/File:Hill_of_Three_Crosses,_Vilnius_-_panoramio.jpg"
vina-del-mar,0,Reloj de Flores (Flower Clock),images/landmarks/vina-del-mar-flower-clock.webp,1200,1600,0.75,https://commons.wikimedia.org/wiki/File:Reloj_de_Flores_de_Viña_del_Mar.jpg
vina-del-mar,3,Museo Fonck and the Easter Island Moai,images/landmarks/vina-del-mar-museo-fonck.webp,960,1280,0.75,https://commons.wikimedia.org/wiki/File:Museo_Fonck_en_Viña_del_Mar.jpg
vladivostok,4,Tokarevsky Lighthouse,images/landmarks/vladivostok-tokarevsky-lighthouse.webp,1200,1599,0.75,"https://commons.wikimedia.org/wiki/File:Tokarevskiy_Lighthouse,_Vladivostok,_Primorsky_Krai,_Russia.jpg"
vladivostok,5,S-56 Submarine Memorial Museum,images/landmarks/vladivostok-s56-submarine-museum.webp,1200,1600,0.75,https://commons.wikimedia.org/wiki/File:Подводная_лодка_«С-56»_музей_изнутри.jpg
weimar,5,Goethe-Schiller Monument and German National Theatre,images/landmarks/weimar-goethe-schiller-monument-and-german-national-theatre.webp,1191,1588,0.75,https://commons.wikimedia.org/wiki/File:Goethe_Schiller_Weimar_3.jpg
wellington,0,The Beehive (NZ Parliament Buildings),images/landmarks/wellington-the-beehive-nz-parliament-buildings.webp,1200,1600,0.75,"https://commons.wikimedia.org/wiki/File:Beehive,_Wellington,_New_Zealand.jpg"
willemstad,2,Mikvé Israel-Emanuel Synagogue,images/landmarks/willemstad-mikve-israel-emanuel-synagogue.webp,1200,1600,0.75,https://commons.wikimedia.org/wiki/File:Cura%C3%A7ao_synagogue1.jpg
windhoek,7,Zoo Park,images/landmarks/windhoek-zoo-park.webp,480,640,0.75,https://commons.wikimedia.org/wiki/File:Windhoek_Zoo_Park_War_Memorial_2002.jpg
wroclaw,5,Wrocław's Dwarfs (Krasnale),images/landmarks/wroclaw-wroclaw-s-dwarfs-krasnale.webp,1200,1600,0.75,"https://commons.wikimedia.org/wiki/File:Dwarfs,_Wroclaw_(P1180307).jpg"
wroclaw,7,University of Wrocław & Aula Leopoldina,images/landmarks/wroclaw-university-of-wroclaw-and-aula-leopoldina.webp,1200,1600,0.75,"https://commons.wikimedia.org/wiki/File:Wroc%C5%82aw,_Collegium_Maximum,_Aula_Leopoldina_(2).jpg"
wurzburg,4,Marienkapelle,images/landmarks/wurzburg-marienkapelle.webp,1200,1600,0.75,"https://commons.wikimedia.org/wiki/File:Marienkapelle_W%C3%BCrzburg,_South-West_View_20140107_15.jpg"
yangshuo,6,Silver Cave (Yinzi Yan),images/landmarks/yangshuo-silver-cave.webp,1200,1600,0.75,https://commons.wikimedia.org/wiki/File:YinZiYan_-_银子岩_-_Silver_Cave_31.jpg
yangzhou,9,Wangshi Xiaoyuan (Wang Family Compound),images/landmarks/yangzhou-wangshi-xiaoyuan.webp,1200,1600,0.75,https://commons.wikimedia.org/wiki/File:汪氏小苑0842.jpg
yaounde,2,Reunification Monument,images/landmarks/yaounde-reunification-monument.webp,1200,1600,0.75,"https://commons.wikimedia.org/wiki/File:Statue_at_Reunification_Boulevard,_Yaoundé.JPG"
yazd,9,Chak Chak (Pir-e Sabz),images/landmarks/yazd-chak-chak.webp,1200,1600,0.75,https://commons.wikimedia.org/wiki/File:Chak-chak.jpg
yerevan,5,Blue Mosque,images/landmarks/yerevan-blue-mosque.webp,1200,1600,0.75,"https://commons.wikimedia.org/wiki/File:Blue_Mosque_(Yerevan,_Armenia)_(27769528343).jpg"
yokohama,6,Yokohama Marine Tower,images/landmarks/yokohama-marine-tower.webp,1200,1600,0.75,https://commons.wikimedia.org/wiki/File:Yokohama_Marine_Tower_2022_-_01.jpg
york,1,The Shambles,images/landmarks/york-the-shambles.webp,1200,1600,0.75,"https://commons.wikimedia.org/wiki/File:The_Shambles,_York_-_geograph.org.uk_-_5323188.jpg"
york,2,York City Walls,images/landmarks/york-city-walls.webp,1200,1600,0.75,https://commons.wikimedia.org/wiki/File:Micklegate_Bar.jpg
york,4,Jorvik Viking Centre,images/landmarks/york-jorvik-viking-centre.webp,1200,1600,0.75,https://commons.wikimedia.org/wiki/File:Jorvik_Viking_Centre.jpg
zacatecas,2,Mina El Edén,images/landmarks/zacatecas-mina-el-eden.webp,960,1280,0.75,https://commons.wikimedia.org/wiki/File:Mina_El_Edén_Zacatecas_México.jpg
zaragoza,1,La Seo (Cathedral of the Savior),images/landmarks/zaragoza-la-seo.webp,1200,1600,0.75,https://commons.wikimedia.org/wiki/File:La_Seo_de_noche.JPG
zhangjiajie,6,Golden Whip Stream,images/landmarks/zhangjiajie-golden-whip-stream.webp,1200,1600,0.75,https://commons.wikimedia.org/wiki/File:金鞭溪.jpg
bamako,2,BCEAO Tower,images/landmarks/bamako-bceao-tower.webp,584,778,0.751,https://commons.wikimedia.org/wiki/File:BCEAO%20tower%20Bamako.jpg
huangshan,6,Bright Summit (Guangming Peak),images/landmarks/huangshan-bright-summit.webp,1200,1598,0.751,https://commons.wikimedia.org/wiki/File:Bright_Summit_Peak_(20241002).jpg
manado,6,Museum Negeri Sulawesi Utara,images/landmarks/manado-museum-negeri-sulawesi-utara.webp,500,666,0.751,https://commons.wikimedia.org/wiki/File:Pameran_Museum_-_Museum_Negeri_Sulawesi_Utara.pdf
san-salvador,2,Monumento al Divino Salvador del Mundo,images/landmarks/san-salvador-monumento-al-divino-salvador-del-mundo.webp,450,599,0.751,https://commons.wikimedia.org/wiki/File:Salvadordelmundo.jpg
sopot,8,Southern Park (Park Południowy),images/landmarks/sopot-southern-park.webp,1200,1597,0.751,https://commons.wikimedia.org/wiki/File:Topola_park_po%C5%82udniowy_sopot.jpg
chamonix-mont-blanc,0,Aiguille du Midi,images/landmarks/chamonix-mont-blanc-aiguille-du-midi.webp,1200,1596,0.752,https://commons.wikimedia.org/wiki/File:Aiguille-du-Midi-sundown.JPG
guayaquil,9,Malecón del Salado,images/landmarks/guayaquil-malecon-del-salado.webp,1200,1595,0.752,https://commons.wikimedia.org/wiki/File:Malec%C3%B3n_del_Salado_de_Guayaquil.jpg
jakarta,1,Istiqlal Mosque,images/landmarks/jakarta-istiqlal-mosque.webp,1200,1595,0.752,https://commons.wikimedia.org/wiki/File:Dome_and_Chandelier_Istiqlal_Mosque_Jakarta.jpg
jinghong,1,Gaozhuang Xishuangjing Starlight Night Market,images/landmarks/jinghong-gaozhuang-night-market.webp,1200,1595,0.752,https://commons.wikimedia.org/wiki/File:%E5%91%8A%E5%BA%84%E8%A5%BF%E5%8F%8C%E6%99%AF_2026-04-02_06.jpg
salamanca,8,Convento de las Dueñas,images/landmarks/salamanca-convento-de-las-duenas.webp,900,1197,0.752,https://commons.wikimedia.org/wiki/File:Claustro_del_Convento_de_Las_Dueñas_(Salamanca)_edited.jpg
las-palmas-de-gran-canaria,7,Calle Mayor de Triana,images/landmarks/las-palmas-de-gran-canaria-calle-mayor-de-triana.webp,1200,1593,0.753,https://commons.wikimedia.org/wiki/File:Triana_Major_Street-Las_Palmas_de_Gran_Canaria.jpg
lijiang,2,Mu Family Mansion (Mufu Palace),images/landmarks/lijiang-mu-family-mansion.webp,1200,1593,0.753,https://commons.wikimedia.org/wiki/File:%E4%B8%BD%E6%B1%9F%E5%8F%A4%E5%9F%8E_%E6%9C%A8%E5%BA%9C_2026-04-01_02.jpg
puerto-princesa,7,Iwahig River Firefly Watching,images/landmarks/princesa-iwahig-firefly.webp,1200,1593,0.753,"https://commons.wikimedia.org/wiki/File:Iwahig_River,_Puerto_Princesa.jpg"
rabat,5,Medina of Rabat and Rue des Consuls,images/landmarks/rabat-medina-rue-des-consuls.webp,1200,1593,0.753,https://commons.wikimedia.org/wiki/File:Rue_des_consuls_Rabat_2020.jpg
regensburg,8,Schottenkirche St. Jakob,images/landmarks/regensburg-schottenkirche.webp,482,640,0.753,https://commons.wikimedia.org/wiki/File:Schottenkirche_St._Jakob_in_Regensburg_-_geo.hlipp.de_-_10291.jpg
san-cristobal-de-las-casas,4,Cerrito de San Cristóbal,images/landmarks/san-cristobal-de-las-casas-cerrito-de-san-cristobal.webp,976,1296,0.753,https://commons.wikimedia.org/wiki/File:San_Cristóbal_de_Las_Casas_13.jpg
san-marino,0,Guaita Tower,images/landmarks/san-marino-guaita-tower.webp,1200,1593,0.753,https://commons.wikimedia.org/wiki/File:Guaita_Fortress_-_San_Marino_-_2024_02_13_-_GT_02_%28details%29.jpg
taipei,5,Elephant Mountain (Xiangshan),images/landmarks/taipei-elephant-mountain-xiangshan.webp,1200,1593,0.753,https://commons.wikimedia.org/wiki/File:Xiangshan_Trail.jpg
tokyo,7,"Takeshita Street, Harajuku",images/landmarks/tokyo-takeshita-street.webp,1200,1593,0.753,https://commons.wikimedia.org/wiki/File:Takeshita_Street.jpg
wellington,5,Oriental Bay,images/landmarks/wellington-oriental-bay.webp,893,1186,0.753,"https://commons.wikimedia.org/wiki/File:Oriental_Bay,_Wellington_(23126506804).jpg"
legaspi,7,St. Gregory the Great Cathedral,images/landmarks/legaspi-st-gregory-cathedral.webp,1200,1591,0.754,"https://commons.wikimedia.org/wiki/File:Fa%C3%A7ade_of_St._Gregory_the_Great_Cathedral,_Legazpi.jpg"
lusaka,4,Cairo Road,images/landmarks/lusaka-cairo-road.webp,1200,1591,0.754,"https://commons.wikimedia.org/wiki/File:Cairo_Road,_Lusaka,_Zambia,_February_2022.jpg"
tozeur,4,Chak Wak Park,images/landmarks/tozeur-chak-wak-park.webp,1125,1491,0.755,https://commons.wikimedia.org/wiki/File:Chak_Wak_Park_01.jpg
york,8,Merchant Adventurers' Hall,images/landmarks/york-merchant-adventurers-hall.webp,1200,1589,0.755,https://commons.wikimedia.org/wiki/File:Merchant_Adventurers_Hall_York.jpg
zhoushan,3,Fanyin Cave,images/landmarks/zhoushan-fanyin-cave.webp,929,1230,0.755,https://commons.wikimedia.org/wiki/File:普陀山.梵音洞庵_-_panoramio.jpg
nice,4,Nice Cathedral (Sainte-Réparate),images/landmarks/nice-nice-cathedral-sainte-reparate.webp,1200,1588,0.756,https://commons.wikimedia.org/wiki/File:Cathedrale_Sainte-Reparate_Nice.jpg
bristol,6,Wills Memorial Building,images/landmarks/bristol-wills-memorial-building.webp,1200,1585,0.757,https://en.wikipedia.org/wiki/Wills_Memorial_Building
bandung,5,Villa Isola,images/landmarks/bandung-villa-isola.webp,1200,1583,0.758,https://en.wikipedia.org/wiki/Villa_Isola
san-marino,5,Piazza della Libertà,images/landmarks/san-marino-piazza-della-liberta.webp,1200,1583,0.758,https://commons.wikimedia.org/wiki/File:Piazza_della_Libertà_-_San_Marino_-_2024_02_13_-_GT_01.jpg
toulouse,5,Hôtel d'Assézat,images/landmarks/toulouse-hotel-dassezat.webp,1200,1583,0.758,https://commons.wikimedia.org/wiki/File:Toulouse_Hôtel_d'Assézat_Extérieur_Cour_1.jpg
milan,1,Galleria Vittorio Emanuele II,images/landmarks/milan-galleria-vittorio-emanuele-ii.webp,1200,1582,0.759,https://commons.wikimedia.org/wiki/File:20110724_Galleria_Vittorio_Emanuele_II_Milan_5410.jpg
abuja,3,National Christian Centre,images/landmarks/abuja-national-christian-centre.webp,719,945,0.761,"https://commons.wikimedia.org/wiki/File:Catedral_Nacional_em_Abuja,_Nigéria.jpg"
alice-springs,7,Standley Chasm (Angkerle Atwatye),images/landmarks/alice-springs-standley-chasm.webp,609,800,0.761,https://commons.wikimedia.org/wiki/File:Standley_Chasm.jpg
honolulu,2,USS Arizona Memorial,images/landmarks/honolulu-uss-arizona-memorial.webp,1200,1576,0.761,"https://commons.wikimedia.org/wiki/File:USS_Arizona_Memorial,_Oahu,_Hawaii,_USA6.jpg"
glasgow,7,Equestrian Statue of the Duke of Wellington (with traffic cone),images/landmarks/glasgow-wellington-statue.webp,1200,1574,0.762,"https://commons.wikimedia.org/wiki/File:Traffic_cone_on_the_statue_of_the_Duke_of_Wellington,_Glasgow.jpg"
port-elizabeth,6,South End Museum,images/landmarks/port-elizabeth-south-end-museum.webp,780,1024,0.762,https://commons.wikimedia.org/wiki/File:Port_Elizabeth_South_End_Museum_facade.JPG
tampere,9,Tallipiha Stable Yards,images/landmarks/tampere-tallipiha-stable-yards.webp,1200,1575,0.762,"https://commons.wikimedia.org/wiki/File:Tampere,_Finland_-_Tallipiha_stables_doorway.jpg"
trier,1,Trier Cathedral (Dom St. Peter),images/landmarks/trier-trier-cathedral.webp,1200,1574,0.762,https://commons.wikimedia.org/wiki/File:Trier-Dom-28-2013-gje.jpg
chicago,7,Chicago Water Tower,images/landmarks/chicago-water-tower.webp,1200,1572,0.763,https://commons.wikimedia.org/wiki/File:Chicago-Water-Tower-September-2014.jpg
bologna,0,Two Towers (Le Due Torri),images/landmarks/bologna-two-towers.webp,1200,1570,0.764,"https://en.wikipedia.org/wiki/Two_Towers,_Bologna"
florence,1,Giotto's Campanile,images/landmarks/florence-giottos-campanile.webp,1200,1570,0.764,https://commons.wikimedia.org/wiki/File:Giotto-Campanile-Florence-Italy-2012.jpg
hualien-city,3,Qingshui Cliffs,images/landmarks/hualien-city-qingshui-cliffs.webp,590,771,0.765,https://commons.wikimedia.org/wiki/File:Qingshui_Cliff.jpg
leon,7,Iglesia de San Francisco,images/landmarks/leon-iglesia-de-san-francisco.webp,628,820,0.766,https://en.wikipedia.org/wiki/Francisco%20Le%C3%B3n%20de%20la%20Barra
ibiza,1,Ibiza Cathedral (Catedral de Santa Maria),images/landmarks/ibiza-ibiza-cathedral.webp,1170,1526,0.767,https://commons.wikimedia.org/wiki/File:La_Catedral_de_Ibiza_o_de_Santa_Maria.jpg
n-djamena,5,Avenue Charles de Gaulle,images/landmarks/ndjamena-avenue-charles-de-gaulle.webp,1126,1468,0.767,https://commons.wikimedia.org/wiki/File:Charles_de_Gaulle_Avenue_N%27djamena.JPG
novi-sad,3,Dunavska Street and Zmaj Jovina,images/landmarks/novi-sad-dunavska-street.webp,1200,1565,0.767,https://commons.wikimedia.org/wiki/File:Dunavska_33_in_Novi_Sad_(2).jpg
denizli,6,Delikliçınar Square and the Denizli Rooster Statue,images/landmarks/denizli-deliklic-nar-square-and-the-denizli-rooster-statue.webp,780,1016,0.768,https://en.wikipedia.org/wiki/Denizli_chicken
joao-pessoa,8,Basílica de Nossa Senhora das Neves,images/landmarks/joao-pessoa-basilica-nossa-senhora-das-neves.webp,1200,1561,0.769,"https://commons.wikimedia.org/wiki/File:Catedral_Bas%C3%ADlica_Nossa_Senhora_das_Neves,_Jo%C3%A3o_Pessoa_(PB).jpg"
datong,9,Datong Museum,images/landmarks/datong-museum.webp,1200,1558,0.77,https://commons.wikimedia.org/wiki/File:Datong_Museum_sculpture_Tang_dynasty.jpg
skopje,4,Millennium Cross (Vodno),images/landmarks/skopje-millennium-cross.webp,1200,1558,0.77,https://commons.wikimedia.org/wiki/File:Millennium_Cross_Skopje_1.jpg
brugge,9,De Halve Maan Brewery,images/landmarks/brugge-de-halve-maan-brewery.webp,1200,1553,0.773,https://commons.wikimedia.org/wiki/File:Bruges_Belgium_De-Halve-Maan-brewery-01.jpg
george-town,9,Kapitan Keling Mosque,images/landmarks/george-town-kapitan-keling-mosque.webp,1200,1553,0.773,https://commons.wikimedia.org/wiki/File:Penang_Malaysia_Masjid-Kapitan-Keling-02.jpg
tbilisi,7,Rustaveli Avenue,images/landmarks/tbilisi-rustaveli-avenue.webp,1200,1552,0.773,"https://commons.wikimedia.org/wiki/File:Shota_Rustaveli_Avenue,_Tbilisi.jpg"
belize-city,5,Fort George Lighthouse,images/landmarks/belize-city-fort-george-lighthouse.webp,1200,1551,0.774,"https://commons.wikimedia.org/wiki/File:FORT_GEORGE_LIGHTHOUSE,_BELIZE_CITY,_BELIZE.jpg"
mecca,2,Abraj Al-Bait Clock Tower,images/landmarks/mecca-abraj-al-bait-clock-tower.webp,1200,1550,0.774,https://commons.wikimedia.org/wiki/File:Abraj-al-Bait_largest_clock_tower_in_the_world.jpg
guatemala-city,3,Reformer's Tower (Torre del Reformador),images/landmarks/guatemala-city-torre-del-reformador.webp,1200,1548,0.775,https://commons.wikimedia.org/wiki/File:Torre_del_Reformador_Fabriccio_D%C3%ADaz.jpg
hamilton,4,City Hall and Arts Centre,images/landmarks/hamilton-bermuda-city-hall-arts-centre.webp,372,480,0.775,"https://commons.wikimedia.org/wiki/File:City_Hall_in_Hamilton,_Bermuda.jpg"
medan,3,Medan Immanuel Protestant Church (Gereja Immanuel),images/landmarks/medan-medan-immanuel-protestant-church.webp,1200,1547,0.776,https://commons.wikimedia.org/wiki/File:GPIB_Immanuel_Medan.jpg
oxford,1,Bodleian Library,images/landmarks/oxford-bodleian-library.webp,1200,1547,0.776,"https://commons.wikimedia.org/wiki/File:Entrance_to_the_Bodleian_Library._Statue_of_the_third_Earl_of_Pembroke._Oxford,_UK.jpg"
visby,2,St. Nicolai Church Ruin,images/landmarks/visby-st-nicolai-ruin.webp,1200,1542,0.778,"https://commons.wikimedia.org/wiki/File:St._Nicolai_medieval_church_ruin_at_new_moon,_Visby,_Gotland,_Sweden_(26979982031).jpg"
dubrovnik,1,Stradun,images/landmarks/dubrovnik-stradun.webp,1200,1534,0.782,"https://commons.wikimedia.org/wiki/File:Stradun,_Dubrovnik_-_September_2017.jpg"
havana,8,Cristo de La Habana,images/landmarks/havana-cristo-de-la-habana.webp,1200,1534,0.782,https://commons.wikimedia.org/wiki/File:Christ_of_Havana.jpg
matsuyama,5,Bansuiso Villa,images/landmarks/matsuyama-bansuiso-villa.webp,1200,1535,0.782,"https://commons.wikimedia.org/wiki/File:Bansuiso,Matsuyama-city,Japan.jpg"
strasbourg,0,Cathédrale Notre-Dame de Strasbourg,images/landmarks/strasbourg-cathedrale-notre-dame-de-strasbourg.webp,1200,1535,0.782,https://commons.wikimedia.org/wiki/File:Strasbourg_Cathedral_Exterior_-_Diliff.jpg
yangon,0,Shwedagon Pagoda,images/landmarks/yangon-shwedagon-pagoda.webp,1200,1534,0.782,https://commons.wikimedia.org/wiki/File:20160813_Shwedagon_Pagoda_9949_DxO.jpg
jaipur,0,Amber Fort,images/landmarks/jaipur-amber-fort.webp,1200,1532,0.783,"https://commons.wikimedia.org/wiki/File:Amber_Fort,_Jaipur,_20191219_1045_9589.jpg"
sao-paulo,6,Avenida Paulista,images/landmarks/sao-paulo-avenida-paulista.webp,700,894,0.783,https://commons.wikimedia.org/wiki/File:Avenida_Paulista_Skyline_2012.jpg
helsinki,3,Uspenski Cathedral,images/landmarks/helsinki-uspenski-cathedral.webp,1200,1529,0.785,"https://commons.wikimedia.org/wiki/File:Uspenski_Cathedral,_Helsinki_(by_Pudelek).jpg"
dublin,7,Temple Bar,images/landmarks/dublin-temple-bar.webp,1200,1526,0.786,"https://commons.wikimedia.org/wiki/File:Temple_Bar_street_scenes,_Dublin.jpg"
moscow,6,Cathedral of Christ the Saviour,images/landmarks/moscow-cathedral-of-christ-the-saviour.webp,1200,1527,0.786,https://commons.wikimedia.org/wiki/File:Moscow_-_Cathedral_of_Christ_the_Saviour.jpg
petropolis,1,Catedral de São Pedro de Alcântara,images/landmarks/petropolis-catedral-de-sao-pedro-de-alcantara.webp,1200,1526,0.786,"https://commons.wikimedia.org/wiki/File:Cathedral_of_Petr%C3%B3polis,_Brazil.jpg"
chicago,4,Millennium Park,images/landmarks/chicago-millennium-park.webp,1200,1525,0.787,"https://commons.wikimedia.org/wiki/File:Crown_Fountain,_Millennium_Park.jpg"
san-sebastian,5,Basílica de Santa María del Coro,images/landmarks/san-sebastian-basilica-de-santa-maria-del-coro.webp,1200,1524,0.787,https://commons.wikimedia.org/wiki/File:San_Sebastian_Basilica_of_Saint_Mary_of_Coro_002_edited.jpg
sharm-el-sheikh,5,Strait of Tiran Reefs,images/landmarks/sharm-el-sheikh-strait-of-tiran-reefs.webp,996,1264,0.788,https://commons.wikimedia.org/wiki/File:Strait_tiran_83.jpg
visby,3,St. Karin (St. Catherine's) Church Ruin,images/landmarks/visby-st-catherine-ruin.webp,807,1024,0.788,https://commons.wikimedia.org/wiki/File:Visby_ruin.jpg
mardin,4,Ulu Cami (Great Mosque of Mardin),images/landmarks/mardin-ulu-cami.webp,1200,1520,0.789,https://commons.wikimedia.org/wiki/File:Mardin_Ulu_Cami_DSCF9899.jpg
cyangugu,6,Kamiranzovu Waterfall,images/landmarks/cyangugu-kamiranzovu-waterfall.webp,1200,1519,0.79,https://commons.wikimedia.org/wiki/File:Kamiranzovu_Waterfall.jpg
los-angeles,4,TCL Chinese Theatre,images/landmarks/los-angeles-tcl-chinese-theatre.webp,1200,1513,0.793,"https://commons.wikimedia.org/wiki/File:Grauman's_Chinese_Theatre,_by_Carol_Highsmith_fixed_&_straightened.jpg"
nuremberg,6,Weißgerbergasse,images/landmarks/nuremberg-weissgerbergasse.webp,1200,1514,0.793,https://commons.wikimedia.org/wiki/File:Nuremberg_Weißgerbergasse.jpg
alesund,2,Jugendstilsenteret (Art Nouveau Centre),images/landmarks/alesund-jugendstilsenteret.webp,1200,1511,0.794,https://commons.wikimedia.org/wiki/File:Jugendstilsenteret.jpg
sapporo,1,Odori Park,images/landmarks/sapporo-odori-park.webp,1200,1512,0.794,https://commons.wikimedia.org/wiki/File:Odori_Park_-_Sapporo.jpg
verona,3,Piazza delle Erbe,images/landmarks/verona-piazza-delle-erbe.webp,1200,1512,0.794,https://commons.wikimedia.org/wiki/File:Piazza_delle_Erbe_(Verona).jpg
porto-seguro,7,Marco do Descobrimento,images/landmarks/porto-seguro-marco-do-descobrimento.webp,615,774,0.795,https://commons.wikimedia.org/wiki/File:Detalhe_do_Marco_do_Descobrimento_em_Porto_Seguro.png
karakol,4,Przhevalsky Memorial Museum,images/landmarks/karakol-przhevalsky-memorial-museum.webp,628,789,0.796,https://en.wikipedia.org/wiki/Nikolay_Przhevalsky
tashkent,4,Independence Square (Mustaqillik Maydoni),images/landmarks/tashkent-independence-square-mustaqillik-maydoni.webp,720,905,0.796,https://commons.wikimedia.org/wiki/File:Mustaqillik_maydoni_01.05.2024.jpg
vatican-city,6,Baldachin of St. Peter (Bernini's Baldacchino),images/landmarks/vatican-city-baldachin.webp,1200,1507,0.796,https://commons.wikimedia.org/wiki/File:St._Peter%27s_Baldachin_by_Bernini.jpg
rovaniemi,2,SantaPark Arctic World,images/landmarks/rovaniemi-santapark-arctic-world.webp,1200,1504,0.798,https://en.wikipedia.org/wiki/Arctic_Circle
bogota,5,Catedral Primada de Bogotá,images/landmarks/bogota-catedral-primada-de-bogota.webp,1200,1501,0.799,https://commons.wikimedia.org/wiki/File:2021_Bogotá_-_Catedral_Primada_de_Colombia.jpg
cairo,7,Cairo Tower,images/landmarks/cairo-cairo-tower.webp,1200,1501,0.799,https://commons.wikimedia.org/wiki/File:Cairo_Tower_Egypt.jpg
colombo,0,Colombo Lotus Tower,images/landmarks/colombo-colombo-lotus-tower.webp,1200,1501,0.799,https://en.wikipedia.org/wiki/File:Lotus_tower_and_Beira_lake_at_night_2023.jpg
delhi,0,India Gate,images/landmarks/delhi-india-gate.webp,1200,1501,0.799,https://commons.wikimedia.org/wiki/File:India_Gate_(All_India_War_Memorial).jpg
izmir,4,Kemeraltı Bazaar,images/landmarks/izmir-kemeraltı-bazaar.webp,1200,1501,0.799,https://commons.wikimedia.org/wiki/File:TR_Izmir_asv2020-02_img06_Kemeralt%C4%B1.jpg
mek-ele,0,Emperor Yohannes IV Palace Museum,images/landmarks/mekele-emperor-yohannes-iv-palace-museum.webp,1200,1501,0.799,https://commons.wikimedia.org/wiki/File:ET_Mekele_asv2018-01_img27_Atse_Yohannes_Museum.jpg
miami,5,Little Havana (Calle Ocho),images/landmarks/miami-little-havana-calle-ocho.webp,1200,1502,0.799,"https://commons.wikimedia.org/wiki/File:Calle_Ocho,_Little_Havana,_Miami,_Florida_2021_-_Gallo_de_Calle_Ocho.jpg"
orlando,0,Cinderella Castle,images/landmarks/orlando-cinderella-castle.webp,1200,1501,0.799,https://commons.wikimedia.org/wiki/File:Cinderella_Castle.jpg
phitsanulok,0,Wat Phra Si Rattana Mahathat (Wat Yai),images/landmarks/phitsanulok-wat-phra-si-rattana-mahathat.webp,1200,1501,0.799,"https://commons.wikimedia.org/wiki/File:Wat_Phra_Si_Rattana_Mahathat,_Phitsanulok_(I).jpg"
santiago-de-compostela,0,Catedral de Santiago de Compostela,images/landmarks/santiago-de-compostela-catedral.webp,1200,1501,0.799,https://commons.wikimedia.org/wiki/File:Santiago_cathedral_2021.jpg
atlanta,3,Fox Theatre,images/landmarks/atlanta-fox-theatre.webp,1200,1500,0.8,"https://commons.wikimedia.org/wiki/File:Fox_Theatre,_Atlanta_(2024)-104A8449.jpg"
atlanta,5,Piedmont Park,images/landmarks/atlanta-piedmont-park.webp,1200,1500,0.8,https://commons.wikimedia.org/wiki/File:Piedmont_Park’s_Lake_Clara_Meer_with_Midtown_Atlanta_skyline_(2024)-104A8428.jpg
axum,0,Northern Stelae Park (Obelisks of Axum),images/landmarks/axum-northern-stelae-park-obelisks-of-axum.webp,1200,1500,0.8,https://commons.wikimedia.org/wiki/File:ET%20Axum%20asv2018-01%20img37%20Stelae%20Park.jpg
baguio,6,Tam-Awan Village,images/landmarks/baguio-tam-awan-village.webp,1200,1500,0.8,https://commons.wikimedia.org/wiki/File:THE%20TAM-AWAN%20VILLAGE%20PATH.jpg
batumi,3,Alphabet Tower,images/landmarks/batumi-alphabet-tower.webp,1200,1500,0.8,https://commons.wikimedia.org/wiki/File:0873_-_Kaukasus_2014_-_Georgien_-_Batumi_(17349857412).jpg
beihai,2,Weizhou Catholic Church (Shengtang Church),images/landmarks/beihai-weizhou-catholic-church.webp,1024,1280,0.8,https://commons.wikimedia.org/wiki/File:Church_of_shengtang_village_Weizhou_Island.jpg
buenos-aires,3,La Recoleta Cemetery,images/landmarks/buenos-aires-la-recoleta-cemetery.webp,1200,1500,0.8,https://en.wikipedia.org/wiki/La_Recoleta_Cemetery
chennai,1,Kapaleeshwarar Temple,images/landmarks/chennai-kapaleeshwarar-temple.webp,1080,1350,0.8,https://commons.wikimedia.org/wiki/File:Chennai_Kapaleeshwarar_Temple.jpg
coron,5,Japanese shipwrecks of Coron Bay,images/landmarks/coron-japanese-shipwrecks-of-coron-bay.webp,1280,1600,0.8,https://en.wikipedia.org/wiki/Coron_Island
cuiaba,7,Museu do Morro da Caixa D'Água Velha,images/landmarks/cuiaba-museu-morro-caixa-dagua-velha.webp,1200,1500,0.8,https://commons.wikimedia.org/wiki/File:Museu_da_caixa_d%27%C3%A1gua_velha.jpg
funafuti,3,Funafuti Lagoon,images/landmarks/funafuti-lagoon.webp,1065,1331,0.8,"https://commons.wikimedia.org/wiki/File:Funafuti_Atoll,_Tuvalu_(153047_-_funafuti_oli_20230928_lrg).jpg"
guilin,4,Sun and Moon Pagodas (Riyue Shuang Ta),images/landmarks/guilin-sun-and-moon-pagodas.webp,1200,1500,0.8,https://commons.wikimedia.org/wiki/File:Sun_and_Moon_Pagodas_Guilin_November_2017_HDR_panorama.jpg
hamadan,5,Baba Taher Mausoleum,images/landmarks/hamadan-baba-taher-mausoleum.webp,1200,1500,0.8,https://commons.wikimedia.org/wiki/File:1%D8%A2%D8%B1%D8%A7%D9%85%DA%AF%D8%A7%D9%87_%D8%A8%D8%A7%D8%A8%D8%A7_%D8%B7%D8%A7%D9%87%D8%B1_%D8%B9%D8%B1%DB%8C%D8%A7%D9%86.jpg
male,5,Republic Square (Jumhooree Maidhaan),images/landmarks/male-republic-square.webp,1200,1500,0.8,https://commons.wikimedia.org/wiki/File:Republic_Square_of_the_Republic_of_the_Maldives.jpg
monastir,4,Marina Cap Monastir,images/landmarks/monastir-marina-cap-monastir.webp,1200,1500,0.8,https://commons.wikimedia.org/wiki/File:Marina_Cap_Monastir_-_panoramio.jpg
mumbai,3,Haji Ali Dargah,images/landmarks/mumbai-haji-ali-dargah.webp,1200,1500,0.8,https://commons.wikimedia.org/wiki/File:Mumbai_03-2016_13_Haji_Ali_Dargah.jpg
murree,6,Mushkpuri Top,images/landmarks/murree-mushkpuri-top.webp,1200,1500,0.8,https://commons.wikimedia.org/wiki/File:Mushkpuri_top_murree_pakistan.jpg
pisa,7,Tuttomondo Mural by Keith Haring,images/landmarks/pisa-tuttomondo-mural-keith-haring.webp,1200,1500,0.8,https://commons.wikimedia.org/wiki/File:Tuttomondo_-_Keith_Haring_1.jpg
salerno,7,Pinacoteca Provinciale di Salerno,images/landmarks/salerno-pinacoteca-provinciale-di-salerno.webp,1200,1500,0.8,"https://commons.wikimedia.org/wiki/File:Andrea_sabatini_da_salerno,_madonna_delle_grazie_e_santi,_1512_(salerno,_pinacoteca_provinciale)_01.jpg"
san-pedro-sula,5,Cascadas de Pulhapanzak,images/landmarks/san-pedro-sula-cascadas-de-pulhapanzak.webp,750,938,0.8,https://commons.wikimedia.org/wiki/File:Cataratas_Pulhapanzak_~_Honduras.jpg
taipei,9,Yangmingshan National Park,images/landmarks/taipei-yangmingshan-national-park.webp,1200,1500,0.8,"https://commons.wikimedia.org/wiki/File:Yangmingshan_National_Park,_Hermes_Li,_03.jpg"
moshi,5,Marangu Village and Chagga Caves,images/landmarks/moshi-marangu-village-and-chagga-caves.webp,1280,1599,0.801,https://en.wikipedia.org/wiki/Chagga_states
natal,1,Morro do Careca (Ponta Negra Beach),images/landmarks/natal-morro-do-careca-ponta-negra-beach.webp,1200,1499,0.801,"https://commons.wikimedia.org/wiki/File:Morro_do_Careca_-_Ponta_Negra,_Natal-RN.jpg"
perpignan,5,Musée d'art Hyacinthe Rigaud,images/landmarks/perpignan-musee-dart-hyacinthe-rigaud.webp,1200,1499,0.801,https://commons.wikimedia.org/wiki/File:Perpignan_Mus%C3%A9e_Rigaud_Vel%C3%A1zquez.jpg
charlotte-amalie,4,St. Thomas Synagogue,images/landmarks/charlotte-amalie-st-thomas-synagogue.webp,433,537,0.806,"https://commons.wikimedia.org/wiki/File:Synagogue_of_Beracha_Veshalom_Vegemiluth_Hasidim,_Krystalgade_16A_%26_B,_Charlotte_Amalie_(St._Thomas_County,_Virgin_Islands).jpg"
maceio,7,Catedral Metropolitana de Maceió,images/landmarks/maceio-catedral-metropolitana.webp,1200,1487,0.807,https://commons.wikimedia.org/wiki/File:Catedral_Metropolitana_de_Maceió_Arquidiocese_de_Maceió.jpg
bologna,3,Fountain of Neptune (Fontana del Nettuno),images/landmarks/bologna-fountain-of-neptune.webp,1200,1486,0.808,"https://en.wikipedia.org/wiki/Fountain_of_Neptune,_Bologna"
barcelona,2,Casa Batlló,images/landmarks/barcelona-casa-batllo.webp,1200,1479,0.811,https://en.wikipedia.org/wiki/Casa_Batll%C3%B3
kayseri,3,Grand Mosque (Ulu Cami),images/landmarks/kayseri-grand-mosque-ulu-cami.webp,1200,1479,0.811,https://commons.wikimedia.org/wiki/File:Kayseri_Ulu_Cami_DSCF1070.jpg
grenoble,6,Saint-Laurent Archaeological Museum,images/landmarks/grenoble-saint-laurent-museum.webp,1200,1477,0.812,https://commons.wikimedia.org/wiki/File:Mus%C3%A9e_arch%C3%A9ologique_de_Grenoble_-_Saint_Laurent_01.jpg
houmt-el-souk,2,El Ghriba Synagogue (Erriadh),images/landmarks/houmt-el-souk-el-ghriba-synagogue.webp,1200,1476,0.813,"https://commons.wikimedia.org/wiki/File:El_Ghriba_Synagogue,_Djerba,_Tunisia.jpg"
stavanger,8,Valbergtårnet (Valberg Tower),images/landmarks/stavanger-valbergtarnet-valberg-tower.webp,1200,1472,0.815,https://commons.wikimedia.org/wiki/File:Valbergt%C3%A5rnet-Stavanger-Norway-April-2011.jpg
tours,9,Rue Colbert,images/landmarks/tours-rue-colbert.webp,823,1010,0.815,https://en.wikipedia.org/wiki/Jean%20Baptiste%20Colbert%2C%20Marquis%20of%20Torcy
boston,8,Long Wharf & Custom House Tower,images/landmarks/boston-long-wharf-custom-house-tower.webp,1200,1470,0.816,https://en.wikipedia.org/wiki/Custom_House_Tower
nuku-alofa,9,Tongan National Cultural Centre,images/landmarks/nuku-alofa-tongan-national-cultural-centre.webp,848,1039,0.816,"https://commons.wikimedia.org/wiki/File:Prince_Vuna_Takitakim%C4%81lohi_and_parents,_Tongan_Cultural_Centre.jpg"
marne-la-vallee,7,Sea Life Paris Val d'Europe,images/landmarks/marne-la-vallee-sea-life-paris-val-deurope.webp,1181,1444,0.818,https://commons.wikimedia.org/wiki/File:Aquarium_SEA_LIFE_Paris_Val_d‘Europe_-_panoramio.jpg
port-sudan,7,Red Sea Museum,images/landmarks/port-sudan-red-sea-museum.webp,1200,1467,0.818,https://en.wikipedia.org/wiki/Red%20Sea%20crisis
puerto-princesa,2,Immaculate Conception Cathedral,images/landmarks/princesa-immaculate-conception-cathedral.webp,1200,1466,0.819,https://commons.wikimedia.org/wiki/File:Immaculate_Conception_Cathedral_-_Puerto_Princesa.jpg
mar-del-plata,2,Sea lion colony at Banquina de Pescadores,images/landmarks/mar-del-plata-sea-lion-colony-banquina.webp,785,956,0.821,https://commons.wikimedia.org/wiki/File:Lobos_marinos_en_el_puerto_de_Mar_del_Plata.jpg
paramaribo,4,Saint Peter and Paul Cathedral (Cathedral of Paramaribo),images/landmarks/paramaribo-cathedral.webp,1200,1462,0.821,https://commons.wikimedia.org/wiki/File:Saints_Peter_and_Paul_Cathedral_Paramaribo.jpg
thessaloniki,9,Museum of Byzantine Culture,images/landmarks/thessaloniki-museum-of-byzantine-culture.webp,1200,1462,0.821,https://commons.wikimedia.org/wiki/File:Museum_of_Byzantine_Culture_in_Thessaloniki.jpg
longyearbyen,4,Gruve 3 (Mine 3),images/landmarks/longyearbyen-gruve-3.webp,1200,1460,0.822,https://commons.wikimedia.org/wiki/File:2020-02_Gruve_3_Svalbard.jpg
lyon,7,Hôtel de Ville de Lyon,images/landmarks/lyon-hotel-de-ville.webp,1200,1458,0.823,https://commons.wikimedia.org/wiki/File:Façade_de_l'Hôtel_de_Ville_de_Lyon_sur_la_place_des_Terreaux.jpg
parma,0,Cattedrale di Parma (Parma Cathedral),images/landmarks/parma-cattedrale-di-parma.webp,1200,1458,0.823,"https://commons.wikimedia.org/wiki/File:Cathedral_facade,_Parma,_Italy,_2019,_04.jpg"
asmara,5,Asmara Opera House (Asmara Theatre),images/landmarks/asmara-asmara-opera-house.webp,1200,1456,0.824,"https://commons.wikimedia.org/wiki/File:Asmara,_teatro_d'opera,_sala_06.jpg"
morelia,3,Santuario de Guadalupe,images/landmarks/morelia-santuario-de-guadalupe.webp,1200,1457,0.824,https://commons.wikimedia.org/wiki/File:Santuario_de_Guadalupe_en_Morelia.jpg
porto,6,São Bento Railway Station,images/landmarks/porto-sao-bento-station.webp,1200,1455,0.825,https://commons.wikimedia.org/wiki/File:Sao_Bento_train_station_in_Porto_(1).jpg
kingstown,0,Fort Charlotte,images/landmarks/kingstown-fort-charlotte.webp,1200,1453,0.826,"https://commons.wikimedia.org/wiki/File:Entrance_to_Fort_Charlotte,_Kingstown,_St._Vincent.jpg"
los-angeles,9,Watts Towers,images/landmarks/los-angeles-watts-towers.webp,1200,1452,0.826,https://commons.wikimedia.org/wiki/File:Watts-towers.jpg
karlovy-vary,7,Church of Saints Peter and Paul,images/landmarks/karlovy-vary-church-saints-peter-paul.webp,1200,1450,0.828,https://commons.wikimedia.org/wiki/File:Karlovy_Vary_sv._Petr_a_Pavel_6.jpg
warsaw,8,Mermaid of Warsaw (Syrenka),images/landmarks/warsaw-mermaid-of-warsaw-syrenka.webp,1067,1282,0.832,https://commons.wikimedia.org/wiki/File:Syrenka_Warszawska.jpg
ankara,2,Kocatepe Mosque,images/landmarks/ankara-kocatepe-mosque.webp,1200,1440,0.833,https://commons.wikimedia.org/wiki/File:Ankara_asv2021-10_img40_Kocatepe_Mosque.jpg
ankara,5,Atakule Tower,images/landmarks/ankara-atakule-tower.webp,1200,1440,0.833,https://commons.wikimedia.org/wiki/File:Ankara_asv2021-10_img15_Atakule.jpg
brasov,6,St Nicholas Church and First Romanian School,images/landmarks/brasov-st-nicholas-church-and-first-romanian-school.webp,1024,1230,0.833,https://commons.wikimedia.org/wiki/File:018_Roemenië_(Brasov)_2005_©_DJE.jpg
kazan,4,Annunciation Cathedral,images/landmarks/kazan-annunciation-cathedral.webp,1200,1440,0.833,https://commons.wikimedia.org/wiki/File:Kazan_Kremlin_Annunciation_Cathedral_08-2016.jpg
negombo,2,St. Mary's Church,images/landmarks/negombo-st-marys-church.webp,1200,1440,0.833,https://commons.wikimedia.org/wiki/File:SL_Negombo_asv2020-01_img14_StMary_Church.jpg
bratislava,9,Slavín Memorial,images/landmarks/bratislava-slavin-memorial.webp,1200,1439,0.834,https://en.wikipedia.org/wiki/Slavín
odessa,3,Deribasivska Street,images/landmarks/odessa-deribasivska-street.webp,1200,1436,0.836,https://commons.wikimedia.org/wiki/File:Odessa_city_garden_and_Deribasovskaya_street.jpg
chefchaouen,3,Grand Mosque (Jamaa Bouzafar),images/landmarks/chefchaouen-grand-mosque.webp,1200,1432,0.838,https://commons.wikimedia.org/wiki/File:Chefchaouen_mosque_IMG_5656.jpg
bergen,1,Fløibanen (Mount Fløyen),images/landmarks/bergen-floibanen-mount-floyen.webp,1200,1425,0.842,https://en.wikipedia.org/wiki/Fløibanen
magelang,2,Pawon Temple (Candi Pawon),images/landmarks/magelang-pawon-temple.webp,1200,1426,0.842,"https://commons.wikimedia.org/wiki/File:Candi_Pawon,_Central_Java,_20220817_0937_8656.jpg"
turin,0,Mole Antonelliana,images/landmarks/turin-mole-antonelliana.webp,1200,1415,0.848,https://commons.wikimedia.org/wiki/File:Mole_Antonelliana_in_Turin.jpg
montego-bay,2,Sam Sharpe Square,images/landmarks/montego-bay-sam-sharpe-square.webp,1200,1412,0.85,https://commons.wikimedia.org/wiki/File:Montego_Bay_-_Sam_Sharpe_Memorial.JPG
krakow,1,Wawel Cathedral,images/landmarks/krakow-wawel-cathedral.webp,1200,1408,0.852,https://commons.wikimedia.org/wiki/File:Wawel_Cathedral_Front.jpg
san-marino,6,Statue of Liberty (Statua della Libertà),images/landmarks/san-marino-statue-of-liberty-statua-della-liberta.webp,1200,1402,0.856,https://commons.wikimedia.org/wiki/File:Statua_della_Libertà_-_San_Marino_-_GT_01_-_2024_-_ver_2.jpg
aqaba,4,Aqaba Marine Reserve,images/landmarks/aqaba-aqaba-marine-reserve.webp,1200,1399,0.858,https://en.wikipedia.org/wiki/Aqaba_Marine_Reserve
lisbon,6,Lisbon Cathedral (Sé de Lisboa),images/landmarks/lisbon-cathedral.webp,1200,1397,0.859,https://en.wikipedia.org/wiki/Lisbon_Cathedral
zhoushan,1,Nanhai Guanyin Statue,images/landmarks/zhoushan-nanhai-guanyin-statue.webp,1200,1397,0.859,https://commons.wikimedia.org/wiki/File:南海观音像.jpg
tabriz,9,Jameh Mosque of Tabriz,images/landmarks/tabriz-jameh-mosque-of-tabriz.webp,720,837,0.86,https://commons.wikimedia.org/wiki/File:Jameh_mosque_of_Tabriz.jpg
vienna,8,Hundertwasserhaus,images/landmarks/vienna-hundertwasserhaus.webp,1200,1396,0.86,https://commons.wikimedia.org/wiki/File:Wien_-_Hundertwasserhaus_(03).JPG
knysna,3,Thesen Islands,images/landmarks/knysna-thesen-islands.webp,1200,1393,0.861,https://commons.wikimedia.org/wiki/File:Knysna_Thesen-Islands.jpg
nantes,0,Les Machines de l'île (Grand Éléphant),images/landmarks/nantes-les-machines-de-lile-grand-elephant.webp,1200,1387,0.865,"https://commons.wikimedia.org/wiki/File:Grand_%C3%A9l%C3%A9phant,_Nantes-11.jpg"
brussels,1,Atomium,images/landmarks/brussels-atomium.webp,1200,1386,0.866,https://en.wikipedia.org/wiki/Atomium
chennai,2,Santhome Basilica,images/landmarks/chennai-santhome-basilica.webp,1200,1386,0.866,https://commons.wikimedia.org/wiki/File:Santhome_Basilica.jpg
dar-es-salaam,2,Azania Front Lutheran Church,images/landmarks/dar-es-salaam-azania-front-lutheran-church.webp,1200,1385,0.866,https://commons.wikimedia.org/wiki/File:Azania_Front_Lutheran_Church.jpg
karachi,8,Karachi Port Trust (KPT) Building,images/landmarks/karachi-karachi-port-trust-building.webp,1200,1382,0.868,https://commons.wikimedia.org/wiki/File:KPTKarachi1.jpg
vladimir,2,Cathedral of St. Demetrius,images/landmarks/vladimir-st-demetrius-cathedral.webp,1200,1381,0.869,https://commons.wikimedia.org/wiki/File:Vladimir_StDemetriusCathedral_6875.jpg
jodhpur,1,Jaswant Thada,images/landmarks/jodhpur-jaswant-thada.webp,1200,1380,0.87,"https://commons.wikimedia.org/wiki/File:20191210_Jaswant_Thada,_Jodhpur_1233_7950.jpg"
kralendijk,6,1000 Steps Beach,images/landmarks/kralendijk-1000-steps-beach.webp,1200,1378,0.871,https://commons.wikimedia.org/wiki/File:Bonaire_1000_steps.jpg
sofia,9,Central Sofia Market Hall,images/landmarks/sofia-central-sofia-market-hall.webp,1200,1377,0.871,https://commons.wikimedia.org/wiki/File:CentralMarketHall-Sofia-3.jpg
jamestown,0,Jacob's Ladder,images/landmarks/jamestown-jacobs-ladder.webp,874,1000,0.874,https://commons.wikimedia.org/wiki/File:Jamestown_Jacobs_Ladder.jpg
washington-d-c,3,The White House,images/landmarks/washington-dc-the-white-house.webp,1200,1373,0.874,https://commons.wikimedia.org/wiki/File:White_House_north_and_south_sides.jpg
brugge,8,Sint-Janshospitaal (Old St. John's Hospital),images/landmarks/brugge-sint-janshospitaal-old-st-john-s-hospital.webp,1200,1366,0.878,https://commons.wikimedia.org/wiki/File:Bruges_Belgium_Sint-Janshospitaal-03.jpg
isfahan,8,Vank Cathedral (Holy Savior Cathedral),images/landmarks/isfahan-vank-cathedral-holy-savior-cathedral.webp,1200,1365,0.879,"https://commons.wikimedia.org/wiki/File:Vank_Cathedral_church,_Isfahan,_Iran.jpg"
krakow,6,St. Florian's Gate,images/landmarks/krakow-st-florians-gate.webp,1200,1360,0.882,"https://commons.wikimedia.org/wiki/File:St._Florian%27s_Gate,_Krak%C3%B3w,_2022.jpg"
scottsdale,2,Pinnacle Peak,images/landmarks/scottsdale-pinnacle-peak.webp,1200,1361,0.882,https://commons.wikimedia.org/wiki/File:Pinnacle_Peak_In_Scottsdale_Arizona_At_Springtime.jpg
yogyakarta,3,Taman Sari Water Castle,images/landmarks/yogyakarta-taman-sari-water-castle.webp,1200,1357,0.884,"https://commons.wikimedia.org/wiki/File:Taman_Sari_Water_Castle,_Yogyakarta,_20220818_1037_8930.jpg"
cartagena,8,Plaza Santo Domingo and Botero's Gertrudis,images/landmarks/cartagena-plaza-santo-domingo.webp,1134,1280,0.886,"https://commons.wikimedia.org/wiki/File:La_Gorda_de_Botero,_Plaza_de_Santo_Domingo.JPG"
wurzburg,7,Neumünster,images/landmarks/wurzburg-neumunster.webp,1200,1355,0.886,https://commons.wikimedia.org/wiki/File:Neum%C3%BCnster_W%C3%BCrzburg_-_IMG_6690B.JPG
paris,4,Sacré-Cœur Basilica,images/landmarks/paris-sacre-coeur-basilica.webp,1200,1353,0.887,https://commons.wikimedia.org/wiki/File:Le_sacre_coeur.jpg
barranquilla,3,Museo del Caribe,images/landmarks/barranquilla-museo-del-caribe.webp,1024,1152,0.889,https://commons.wikimedia.org/wiki/File:1MuseoDelCaribe8001.JPG
doha,8,Aspire Tower (Torch Doha),images/landmarks/doha-aspire-tower-torch-doha.webp,319,359,0.889,https://en.wikipedia.org/wiki/Aspire_Tower
salt-lake-city,0,Salt Lake Temple,images/landmarks/salt-lake-city-salt-lake-temple.webp,1200,1349,0.89,"https://commons.wikimedia.org/wiki/File:Salt_Lake_Temple,_Utah_-_Sept_2004.jpg"
istanbul,8,Maiden's Tower,images/landmarks/istanbul-maidens-tower.webp,1200,1347,0.891,https://commons.wikimedia.org/wiki/File:Istanbul_Kız_Kulesi_(54511155871)_(cropped).jpg
muscat,6,Riyam Park Incense Burner Monument,images/landmarks/muscat-riyam-park-incense-burner-monument.webp,1200,1339,0.896,https://commons.wikimedia.org/wiki/File:Muscat_flickr04.jpg
helsinki,1,Helsinki Cathedral (Tuomiokirkko),images/landmarks/helsinki-helsinki-cathedral.webp,1200,1336,0.898,https://commons.wikimedia.org/wiki/File:Lutheran_Cathedral_Helsinki.jpg
liverpool,4,Metropolitan Cathedral of Christ the King,images/landmarks/liverpool-metropolitan-cathedral.webp,1200,1333,0.9,https://en.wikipedia.org/wiki/Liverpool_Metropolitan_Cathedral
san-diego,0,Balboa Park,images/landmarks/san-diego-balboa-park.webp,1200,1331,0.902,https://commons.wikimedia.org/wiki/File:El_Prado_Balboa_Park_2.jpg
boston,7,Trinity Church,images/landmarks/boston-trinity-church.webp,1200,1327,0.904,https://en.wikipedia.org/wiki/Trinity_Church_(Boston)
brazzaville,7,Stade Alphonse Massamba-Débat,images/landmarks/brazzaville-stade-alphonse-massamba-debat.webp,725,800,0.906,https://en.wikipedia.org/wiki/Stade_Alphonse_Massemba-Débat
zhangye,7,Shandan Military Horse Ranch,images/landmarks/zhangye-shandan-military-horse-ranch.webp,1200,1323,0.907,https://commons.wikimedia.org/wiki/File:山丹军马场.jpeg
dublin,6,Christ Church Cathedral,images/landmarks/dublin-christ-church-cathedral.webp,1200,1321,0.908,https://commons.wikimedia.org/wiki/File:Christ_Church_Cathedral_(Dublin).jpg
koblenz,3,Basilica of St. Castor,images/landmarks/koblenz-basilica-of-st-castor.webp,1200,1321,0.908,https://commons.wikimedia.org/wiki/File:Koblenz_-_Basilika_St._Kastor_Westfassade.jpg
novi-sad,2,The Name of Mary Church,images/landmarks/novi-sad-name-of-mary-church.webp,1200,1321,0.908,https://commons.wikimedia.org/wiki/File:Name_of_Mary_Church_(Novi_Sad).jpg
velikiy-novgorod,2,Millennium of Russia Monument,images/landmarks/velikiy-novgorod-millennium-of-russia.webp,1200,1320,0.909,https://commons.wikimedia.org/wiki/File:Новгородский_кремль_Памятник_тысячелетию_России.jpg
bridgetown,1,St. Michael's Cathedral,images/landmarks/bridgetown-st-michael-s-cathedral.webp,446,490,0.91,"https://commons.wikimedia.org/wiki/File:CATHEDRAL_CHURCH_OF_ST._MICHAEL_AND_ALL_ANGELS,_BRIDGETOWN,_BARBADOS.jpg"
da-lat,1,Crazy House (Hang Nga Guesthouse),images/landmarks/da-lat-crazy-house-hang-nga.webp,1200,1316,0.912,https://commons.wikimedia.org/wiki/File:Hang_Nga_guesthouse_1.jpg
quito,4,TelefériQo,images/landmarks/quito-teleferiqo.webp,1200,1315,0.913,"https://commons.wikimedia.org/wiki/File:Curiquingue,_cerca_de_la_estaci%C3%B3n_del_Telef%C3%A9riQo.jpg"
kelowna,5,Father Pandosy Mission,images/landmarks/kelowna-father-pandosy-mission.webp,200,218,0.917,https://en.wikipedia.org/wiki/Father_Pandosy
perpignan,1,Le Castillet,images/landmarks/perpignan-le-castillet.webp,1200,1309,0.917,https://commons.wikimedia.org/wiki/File:Perpignan_Castillet_1.jpg
brasilia,5,Torre de TV (TV Tower),images/landmarks/brasilia-torre-de-tv.webp,1200,1307,0.918,https://commons.wikimedia.org/wiki/File:Brasilia_TV_Tower_from_West_2009.jpg
philadelphia,0,Liberty Bell,images/landmarks/philadelphia-liberty-bell.webp,1200,1307,0.918,https://commons.wikimedia.org/wiki/File:Liberty_Bell_2017a.jpg
ta-if,2,Souk Okaz,images/landmarks/taif-souk-okaz.webp,798,869,0.918,https://commons.wikimedia.org/wiki/File:%D8%B3%D9%88%D9%82_%D8%B9%D9%83%D8%A7%D8%B8.JPG
zaragoza,0,Basílica del Pilar,images/landmarks/zaragoza-basilica-del-pilar.webp,1200,1306,0.919,https://commons.wikimedia.org/wiki/File:WLM_-_2020_-_Catedral-bas%C3%ADlica_de_Nuestra_Se%C3%B1ora_del_Pilar_-_02.jpg
irkutsk,2,Kazan Church (Church of Our Lady of Kazan),images/landmarks/irkutsk-kazan-church-church-of-our-lady-of-kazan.webp,700,758,0.923,https://commons.wikimedia.org/wiki/File:Kazansky_Church_Irkutsk.jpg
rotterdam,5,Grote of Sint-Laurenskerk,images/landmarks/rotterdam-grote-of-sint-laurenskerk.webp,1200,1300,0.923,https://commons.wikimedia.org/wiki/File:00_2764_Tower_of_Grote_of_Sint-Laurenskerk_(Rotterdam).jpg
morelia,0,Morelia Cathedral,images/landmarks/morelia-morelia-cathedral.webp,1200,1298,0.924,https://commons.wikimedia.org/wiki/File:MoreliaCathedral170627p1.jpg
fes,1,Bab Boujloud (The Blue Gate),images/landmarks/fes-bab-boujloud.webp,1200,1294,0.927,"https://commons.wikimedia.org/wiki/File:Bab_Bou_Jeloud_(Fes,_Marocco).jpg"
yaroslavl,9,Church of the Epiphany,images/landmarks/yaroslavl-church-of-the-epiphany.webp,1200,1289,0.931,https://commons.wikimedia.org/wiki/File:Church_of_the_Epiphany_(Yaroslavl)_01.jpg
positano,2,Sentiero degli Dei (Path of the Gods),images/landmarks/positano-sentiero-degli-dei.webp,1200,1285,0.934,https://commons.wikimedia.org/wiki/File:Sentiero_degli_Dei_5_Campania.jpg
antsiranana,3,Tsingy Rouge,images/landmarks/antsiranana-tsingy-rouge.webp,400,428,0.935,https://commons.wikimedia.org/wiki/File:Tsingy_Rouge-Ankarangona.jpg
bodrum,1,Mausoleum at Halicarnassus,images/landmarks/bodrum-mausoleum-at-halicarnassus.webp,561,600,0.935,https://en.wikipedia.org/wiki/Mausoleum_at_Halicarnassus
ziguinchor,7,Place Jean-Paul II,images/landmarks/ziguinchor-place-jean-paul-ii.webp,1280,1365,0.938,https://en.wikipedia.org/wiki/Jean-Pierre%20Bass%C3%A8ne
bridgetown,7,National Heroes Square,images/landmarks/bridgetown-national-heroes-square.webp,430,458,0.939,https://en.wikipedia.org/wiki/National_Heroes_Square
bamako,4,Grand Marché de Bamako,images/landmarks/bamako-grand-marche-de-bamako.webp,1125,1197,0.94,https://commons.wikimedia.org/wiki/File:Grand%20march%C3%A9%20de%20Bamako.jpg
damascus,2,Street Called Straight (Via Recta),images/landmarks/damascus-street-called-straight.webp,1200,1277,0.94,https://commons.wikimedia.org/wiki/File:Damascus_Straight_Street.jpg
novi-sad,1,Trg Slobode (Liberty Square),images/landmarks/novi-sad-trg-slobode.webp,1200,1276,0.94,https://commons.wikimedia.org/wiki/File:Trg_slobode_7_in_Novi_Sad_(2).jpg
port-moresby,3,Owers' Corner (Kokoda Track trailhead),images/landmarks/port-moresby-owers-corner.webp,498,528,0.943,https://commons.wikimedia.org/wiki/File:Owers_Corner.jpg
port-of-spain,8,Lion House,images/landmarks/port-of-spain-lion-house.webp,1280,1354,0.945,https://en.wikipedia.org/wiki/Lion_(heraldry)
lubeck,0,Holstentor (Holsten Gate),images/landmarks/lubeck-holstentor.webp,1200,1268,0.946,https://commons.wikimedia.org/wiki/File:Holstentor_in_Lübeck_Frontseite_-_Zuschnitt.jpg
funafuti,2,Tuvalu Philatelic Bureau,images/landmarks/funafuti-tuvalu-philatelic-bureau.webp,1280,1351,0.947,https://en.wikipedia.org/wiki/Tuvalu_Philatelic_Bureau
taormina,6,Palazzo Corvaja,images/landmarks/taormina-palazzo-corvaja.webp,1200,1266,0.948,https://commons.wikimedia.org/wiki/File:Taormina_BW_2025-04-27_10-50-52.jpg
saint-pierre,3,L'Arche Musée et Archives,images/landmarks/saint-pierre-spm-l-arche-musee-et-archives.webp,1200,1263,0.95,https://commons.wikimedia.org/wiki/File:AIMG_8695_(2)_Restaurant_zur_Arche_Furtwangen.JPG
bodrum,4,Bodrum Windmills,images/landmarks/bodrum-bodrum-windmills.webp,1200,1256,0.955,https://commons.wikimedia.org/wiki/File:Bodrum–West_Windmill.jpg
buenos-aires,6,Floralis Genérica,images/landmarks/buenos-aires-floralis-generica.webp,1200,1257,0.955,https://commons.wikimedia.org/wiki/File:Floralis_Gen%C3%A9rica_(27547134408).jpg
hamadan,7,Stone Lion (Sang-e Shir),images/landmarks/hamadan-stone-lion.webp,1141,1194,0.956,https://commons.wikimedia.org/wiki/File:Shir_sangi.JPG
san-pedro-sula,0,Catedral Metropolitana San Pedro Apóstol,images/landmarks/san-pedro-sula-catedral-metropolitana-san-pedro-apostol.webp,1200,1250,0.96,https://commons.wikimedia.org/wiki/File:Catedral_San_Pedro_Apóstol_SPS.jpg
cologne,2,Great St. Martin Church and the Old Town,images/landmarks/cologne-great-st-martin-church-and-the-old-town.webp,1137,1181,0.963,https://commons.wikimedia.org/wiki/File:Koeln_gross_st_martin.jpg
chefchaouen,5,Ras El Maa waterfall and springs,images/landmarks/chefchaouen-ras-el-maa.webp,1200,1245,0.964,https://commons.wikimedia.org/wiki/File:Ras_El_Maa.jpg
chiang-rai,9,Khun Korn Waterfall,images/landmarks/chiang-rai-khun-korn-waterfall.webp,1200,1240,0.968,"https://commons.wikimedia.org/wiki/File:KhunKorn_waterfalls_this_national_park_located_in_the_Northern_of_Thailand,_beautifull_with_good_shade_of_trees,_good_for_summer._Enjoys.jpg"
medina,0,Al-Masjid an-Nabawi (Prophet's Mosque),images/landmarks/medina-al-masjid-an-nabawi.webp,1200,1240,0.968,"https://commons.wikimedia.org/wiki/File:Masjid_Nabawi_The_Prophet's_Mosque,_Madina.jpg"
apia,4,Papase'ea Sliding Rocks,images/landmarks/apia-papaseea-sliding-rocks.webp,1200,1236,0.971,https://commons.wikimedia.org/wiki/File:Papase'ea_Sliding_Rocks_-_Samoa.jpg
brisbane,3,Brisbane City Hall,images/landmarks/brisbane-brisbane-city-hall.webp,1200,1228,0.977,https://en.wikipedia.org/wiki/Brisbane_City_Hall
malmo,4,Lilla Torg,images/landmarks/malmo-lilla-torg.webp,1200,1228,0.977,"https://commons.wikimedia.org/wiki/File:Lilla_Torg,_Malmö,_mars_2015-3.jpg"
dijon,5,Cathédrale Saint-Bénigne,images/landmarks/dijon-cathedrale-saint-benigne.webp,1200,1227,0.978,https://commons.wikimedia.org/wiki/File:Dijon_Cath%C3%A9drale_Saint-B%C3%A9nigne_52.jpg
alice-springs,8,Olive Pink Botanic Garden,images/landmarks/alice-springs-olive-pink-botanic-garden.webp,1290,1316,0.98,"https://commons.wikimedia.org/wiki/File:Snakes_and_Goannas._Olive_Pink,_Alice_Springs_01.jpg"
ouarzazate,3,Musée du Cinéma (Cinema Museum),images/landmarks/ouarzazate-musee-du-cinema.webp,1200,1224,0.98,https://commons.wikimedia.org/wiki/File:Pathe_Projector_Ouarzazate.jpg
riyadh,1,Al Faisaliah Tower,images/landmarks/riyadh-al-faisaliah-tower.webp,1006,1024,0.982,https://commons.wikimedia.org/wiki/File:Faisaliah_tower_riyadh.jpg
toulouse,4,Toulouse Cathedral (Cathédrale Saint-Étienne),images/landmarks/toulouse-toulouse-cathedral.webp,1200,1221,0.983,https://commons.wikimedia.org/wiki/File:Façade_de_la_cathédrale_Saint-Étienne_de_Toulouse.jpg
accra,4,Ussher Fort,images/landmarks/accra-ussher-fort.webp,1200,1214,0.988,https://commons.wikimedia.org/wiki/File:Ussher_Fort_in_Accra_Ghana.jpg
rostock,0,St.-Marien-Kirche (St Mary's Church),images/landmarks/rostock-st-marien-kirche-st-marys-church.webp,790,800,0.988,https://commons.wikimedia.org/wiki/File:Rostock_St._Marien_Kirche_4.jpg
salerno,0,Duomo di Salerno (Salerno Cathedral),images/landmarks/salerno-duomo-di-salerno.webp,1200,1211,0.991,https://commons.wikimedia.org/wiki/File:Salerno_2013-05-17_09-37-10.jpg
monaco,2,Monaco Cathedral,images/landmarks/monaco-monaco-cathedral.webp,1200,1210,0.992,https://commons.wikimedia.org/wiki/File:Monaco_BW_2011-06-07_16-07-20.jpg
caracas,4,Capitolio Nacional,images/landmarks/caracas-capitolio-nacional.webp,599,603,0.993,"https://commons.wikimedia.org/wiki/File:Vista_frontal_del_Capitolio_de_Caracas,_Venezuela.jpg"
calabar,5,Duke Town Presbyterian Church,images/landmarks/calabar-duke-town-presbyterian-church.webp,1200,1207,0.994,https://commons.wikimedia.org/w/index.php?search=Duke%20Town%20Presbyterian%20Church%20Calabar&title=Special:MediaSearch
mytilene,6,Theophilos Museum,images/landmarks/mytilene-theophilos-museum.webp,329,331,0.994,https://en.wikipedia.org/wiki/Theophilos_Hatzimihail
parma,6,Camera di San Paolo,images/landmarks/parma-camera-di-san-paolo.webp,1200,1205,0.996,https://commons.wikimedia.org/wiki/File:Correggio_013.jpg
marmaris,2,Netsel Marina,images/landmarks/marmaris-netsel-marina.webp,1200,1204,0.997,"https://commons.wikimedia.org/wiki/File:Marmaris,_Netsel_Marina_-_panoramio.jpg"
tegucigalpa,9,Río Choluteca and City Skyline,images/landmarks/tegucigalpa-rio-choluteca-and-city-skyline.webp,1200,1204,0.997,https://commons.wikimedia.org/wiki/File:Tegucigalpa_downtown_panoramic_2026.jpg
chengdu,9,Chunxi Road,images/landmarks/chengdu-chunxi-road.webp,1200,1201,0.999,https://commons.wikimedia.org/wiki/File:Chunxi_Road_gold_building_Chengdu_2026_dllu.jpg
fort-de-france,0,Bibliothèque Schoelcher,images/landmarks/fort-de-france-bibliotheque-schoelcher.webp,1200,1201,0.999,https://commons.wikimedia.org/wiki/File:Fort-de-France_-_2014_-_Biblioth%C3%A8que_Sch%C5%93lcher_(1).jpg
