reason,country,city,landmark,slug,idx,img,page
wrong file type,Algeria,Constantine,Rhumel Gorges (Gorges du Rhumel),constantine,1,images/landmarks/constantine-rhumel-gorges.webp,"https://commons.wikimedia.org/wiki/File:ETH-BIB-Gorges_du_Rhumel,_Constantine_(Alg%C3%A9rie)._Grand_Arche_Naturelle-Dia_247-15072.tif"
"wrong file type; no word shared with landmark, city or country",Chad,N'Djamena,Cathédrale Notre-Dame de N'Djaména,n-djamena,4,images/landmarks/ndjamena-cathedrale-notre-dame.webp,"https://commons.wikimedia.org/wiki/File:ASC_Leiden_-_NSAG_-_van_Es_7_-_019_-_La_cath%C3%A9drale_moderne_avec_une_arche_pointue_-_N%27Djam%C3%A9na,_Tchad_-_7_janvier_1962.tif"
"wrong file type; no word shared with landmark, city or country",Costa Rica,Liberia,Africa Mia,liberia,7,images/landmarks/liberia-africa-mia.webp,https://commons.wikimedia.org/wiki/File:African_Repository_(IA_africanreposito4311amer_1).pdf
wrong file type,DR Congo,Goma,Mount Goma,goma,6,images/landmarks/goma-mount-goma.webp,https://commons.wikimedia.org/wiki/File:Battle_of_Goma.svg
wrong file type,Indonesia,Manado,Museum Negeri Sulawesi Utara,manado,6,images/landmarks/manado-museum-negeri-sulawesi-utara.webp,https://commons.wikimedia.org/wiki/File:Pameran_Museum_-_Museum_Negeri_Sulawesi_Utara.pdf
wrong file type,Mexico,Veracruz,Plaza de la Campana,veracruz,9,images/landmarks/veracruz-plaza-de-la-campana.webp,"https://commons.wikimedia.org/wiki/File:Diario_de_las_operaciones_de_la_expedicion_contra_la_Plaza_de_Panzacola_concluida_por_las_armas_de_S(u)_M(agestad)_Cat%C3%B3lica,_(IA_diariodelasopera00glve).pdf"
wrong file type; looks like a map,Montserrat,Brades,Oriole Walkway Trail (Centre Hills),brades,7,images/landmarks/brades-oriole-walkway-trail.webp,https://commons.wikimedia.org/wiki/File:Topographic-map-of-Montserrat-en.svg
wrong file type,Morocco,Casablanca,Casablanca Cathedral (Sacré-Cœur),casablanca,1,images/landmarks/casablanca-cathedral-sacre-coeur.webp,"https://commons.wikimedia.org/wiki/File:ETH-BIB-Casablanca,_Cath%C3%A9drale-Dia_247-09229_(cropped).tif"
wrong file type,Niger,Agadez,Kaocen Palace,agadez,3,images/landmarks/agadez-kaocen-palace.webp,"https://commons.wikimedia.org/wiki/File:ASC_Leiden_-_van_Achterberg_Collection_-_01_-_30_-_L%27ancien_palais_de_Kaocen_Ag_Mohammed_Wau_Teguidda,_aujourd%27hui_H%C3%B4tel_de_l%27Air_-_Agadez,_Niger,_novembre_1990_-_janvier_1991.tif"
wrong file type; looks like a logo,Saudi Arabia,Riyadh,Riyadh Zoo,riyadh,9,images/landmarks/riyadh-riyadh-zoo.webp,https://commons.wikimedia.org/wiki/File:Riyadh_Season_Logo.svg
"wrong file type; no word shared with landmark, city or country",Senegal,Ziguinchor,Place Jean-Paul II,ziguinchor,7,images/landmarks/ziguinchor-place-jean-paul-ii.webp,https://commons.wikimedia.org/wiki/File:Template-Bishop.svg
wrong file type,Sri Lanka,Trincomalee,Trincomalee Harbour,trincomalee,9,images/landmarks/trincomalee-trincomalee-harbour.webp,https://commons.wikimedia.org/wiki/File:Sri_Lanka_districts_Trincomalee.svg
wrong file type,Switzerland,Lausanne,Ouchy Waterfront,lausanne,2,images/landmarks/lausanne-ouchy-waterfront.webp,https://commons.wikimedia.org/wiki/File:ETH-BIB-Lausanne-Ouchy_v._O._aus_300_m-Inlandfl%C3%BCge-LBS_MH01-000233.tif
"wrong file type; no word shared with landmark, city or country",Trinidad and Tobago,Port of Spain,Lion House,port-of-spain,8,images/landmarks/port-of-spain-lion-house.webp,https://commons.wikimedia.org/wiki/File:Lev_vyskakujici.svg
wrong file type; looks like a coat of arms,Tuvalu,Funafuti,Tuvalu Philatelic Bureau,funafuti,2,images/landmarks/funafuti-tuvalu-philatelic-bureau.webp,https://commons.wikimedia.org/wiki/File:Coat_of_arms_of_Tuvalu.svg
wrong file type,United States,Boston,Long Wharf & Custom House Tower,boston,8,images/landmarks/boston-long-wharf-custom-house-tower.webp,"https://commons.wikimedia.org/wiki/File:Boston,_Massachusetts._Custom_House_tower,_ca._1915.tif"
wrong file type; looks like a flag,Uzbekistan,Urganch,Museum of Contemporary Art of Uzbekistan,urganch,4,images/landmarks/urganch-museum-of-contemporary-art-of-uzbekistan.webp,https://commons.wikimedia.org/wiki/File:Flag_of_Uzbekistan.svg
looks like a flag,China,Zhuhai,Gongbei Port of Entry,zhuhai,6,images/landmarks/zhuhai-gongbei-port.webp,"https://commons.wikimedia.org/wiki/File:Flag_of_China_outside_Gongbei_Port,_Zhuhai.jpg"
looks like a flag,Croatia,Split,Marjan Hill,split,4,images/landmarks/split-marjan-hill.webp,"https://commons.wikimedia.org/wiki/File:Flag_of_Croatia_on_Marjan_hill,_Split.jpg"
looks like a map,Czechia,Olomouc,Town Hall and Astronomical Clock,olomouc,1,images/landmarks/olomouc-town-hall-astronomical-clock.webp,https://commons.wikimedia.org/wiki/File:Olomouc_-_Horní_náměstí_-_View_SSE_on_Town_Hall_1607_-_Astronomical_clock_1955_by_Karel_Svolinský_-_Bronze_3D_Town_Map.jpg
looks like a coin,Ethiopia,Gondar,Ras Mikael Sehul's Palace,gondar,9,images/landmarks/gondar-ras-mikael-sehul-s-palace.webp,https://commons.wikimedia.org/wiki/File:Ras_Mikael_Sehul_burst_coin.jpg
looks like a map,Guinea,Conakry,Îles de Los (Los Islands),conakry,2,images/landmarks/conakry-iles-de-los-los-islands.webp,https://commons.wikimedia.org/wiki/File:Iles_de_Los_Map.jpg
looks like a portrait of,Iran,Kermanshah,Dowlatshah Mosque,kermanshah,8,images/landmarks/kermanshah-dowlatshah-mosque.webp,"https://commons.wikimedia.org/wiki/File:Portrait_of_Mohammad-Ali_Mirza_Dowlatshah,_Qajar_Iran,_Anonymous_painter,_19th_century_(cropped).jpg"
"looks like a chart; no word shared with landmark, city or country",Iraq,Karbala,Maqam of Imam al-Mahdi,karbala,9,images/landmarks/karbala-maqam-of-imam-al-mahdi.webp,https://commons.wikimedia.org/wiki/File:Detailed_Eschatological_Chart.png
looks like a map,Nigeria,Lagos,Eko Atlantic City,lagos,7,images/landmarks/lagos-eko-atlantic-city.webp,https://commons.wikimedia.org/wiki/File:Eko_Atlantic_Location_map.png
looks like a flag,Spain,Seville,Torre del Oro,seville,4,images/landmarks/seville-torre-del-oro.webp,https://commons.wikimedia.org/wiki/File:Torre_del_Oro_flag_Seville_Spain.jpg
"looks like a flag; no word shared with landmark, city or country",Tajikistan,Dushanbe,Dushanbe Flagpole,dushanbe,0,images/landmarks/dushanbe-dushanbe-flagpole.webp,https://commons.wikimedia.org/wiki/File:Flag_TJ_Bagh-i_Rudaki.jpg
"looks like a maps; no word shared with landmark, city or country",Tanzania,Moshi,Marangu Village and Chagga Caves,moshi,5,images/landmarks/moshi-marangu-village-and-chagga-caves.webp,"https://commons.wikimedia.org/wiki/File:561_of_%27Across_East_African_Glaciers._An_account_of_the_first_ascent_of_Kilimanjaro_..._Translated_from_the_German_by_E._H._S._Calder._With_..._illustrations_and_..._maps,_etc._(With_a_biography_and_appendices.)_L.P%27_(11208295136).jpg"
looks like a maps,Vatican,Vatican City,Vatican Museums,vatican-city,3,images/landmarks/vatican-city-vatican-museums.webp,https://commons.wikimedia.org/wiki/File:Gallery_of_Geographical_Maps_(Vatican_Museums)_2005.jpg
"no word shared with landmark, city or country",Afghanistan,Bamyan,Band-e-Amir Lakes,bamyan,1,images/landmarks/bamyan-band-e-amir-lakes.webp,https://commons.wikimedia.org/wiki/File:Lake%20in%20Band-e%20Amir%20National%20Park%2C%20March%202008.jpg
"no word shared with landmark, city or country",Afghanistan,Bamyan,Koh-e Baba Mountains,bamyan,7,images/landmarks/bamyan-koh-e-baba-mountains.webp,https://commons.wikimedia.org/wiki/File:Kohi%20Baba.jpg
"no word shared with landmark, city or country",Albania,Durrës,Fatih Mosque,durres,8,images/landmarks/durres-fatih-mosque.webp,https://commons.wikimedia.org/wiki/File:Xhamia_e_Fatihut.jpg
"no word shared with landmark, city or country",Algeria,Algiers,Casbah of Algiers,algiers,1,images/landmarks/algiers-casbah-of-algiers.webp,https://commons.wikimedia.org/wiki/File:AlgerCasbah.jpg
"no word shared with landmark, city or country",Algeria,Algiers,Djamaa el Djazair (Great Mosque of Algiers),algiers,4,images/landmarks/algiers-djamaa-el-djazair.webp,https://commons.wikimedia.org/wiki/File:Djama%C3%A2_El-Djaza%C3%AFr_-_20240405_212406834.jpg
"no word shared with landmark, city or country",Algeria,Constantine,Emir Abdelkader Mosque,constantine,3,images/landmarks/constantine-emir-abdelkader-mosque.webp,https://commons.wikimedia.org/wiki/File:Abd_al-Q%C3%A1dir_18.jpg
"no word shared with landmark, city or country",Algeria,Constantine,Cirta National Museum,constantine,7,images/landmarks/constantine-cirta-national-museum.webp,https://commons.wikimedia.org/wiki/File:Lazare_Costa_inscriptions_in_Lidzbarski%27s_Handbuch_der_Nordsemitischen_Epigraphik_Table_XV_(cropped).jpg
"no word shared with landmark, city or country",Algeria,Djanet,Tassili n'Ajjer National Park,djanet,0,images/landmarks/djanet-tassili-najjer-national-park.webp,https://commons.wikimedia.org/wiki/File:Fondazione_Passar%C3%A9_V1_068.jpg
"no word shared with landmark, city or country",Algeria,Djanet,Jabbaren,djanet,2,images/landmarks/djanet-jabbaren.webp,https://commons.wikimedia.org/wiki/File:Fondazione_Passar%C3%A9_V31_418.jpg
"no word shared with landmark, city or country",Algeria,Djanet,Tegharghart (The Crying Cow),djanet,3,images/landmarks/djanet-tegharghart.webp,https://commons.wikimedia.org/wiki/File:Gravures_rupestres_Vache_qui_pleure.jpg
"no word shared with landmark, city or country",Algeria,Djanet,Erg Admer,djanet,6,images/landmarks/djanet-erg-admer.webp,https://commons.wikimedia.org/wiki/File:ErgAdmer1.jpg
"no word shared with landmark, city or country",Algeria,Ghardaïa,The M'zab Palm Groves,ghardaia,7,images/landmarks/ghardaia-mzab-palm-groves.webp,https://commons.wikimedia.org/wiki/File:Coucher_de_soleil_sur_la_palmeraie_-_A61389S.jpg
"no word shared with landmark, city or country",Algeria,Tamanrasset,Ahaggar National Park,tamanrasset,2,images/landmarks/tamanrasset-ahaggar-national-park.webp,https://commons.wikimedia.org/wiki/File:Dune_de_sable_au_parc_Culturel_De_l%27Ahaggar_crop.jpg
"no word shared with landmark, city or country",Algeria,Timimoun,Timimoun Market,timimoun,9,images/landmarks/timimoun-timimoun-market.webp,https://commons.wikimedia.org/w/index.php?curid=179149224
"no word shared with landmark, city or country",Angola,Luanda,Church of Our Lady of Remedies (Luanda Cathedral),luanda,7,images/landmarks/luanda-cathedral.webp,https://commons.wikimedia.org/wiki/File:Igreja_de_Nossa_Senhora_dos_Remédios_(19929834976).jpg
"no word shared with landmark, city or country",Antigua and Barbuda,Saint John's,Heritage Quay,saint-john-s,2,images/landmarks/saint-johns-heritage-quay.webp,https://commons.wikimedia.org/wiki/File:Heritagequayantigua.jpg
"no word shared with landmark, city or country",Argentina,Bariloche,Nahuel Huapi National Park,bariloche,2,images/landmarks/bariloche-nahuel-huapi-national-park.webp,https://commons.wikimedia.org/wiki/File:Llao_Llao_Peninsula.jpg
"no word shared with landmark, city or country",Argentina,Bariloche,Cerro Catedral,bariloche,5,images/landmarks/bariloche-cerro-catedral.webp,https://commons.wikimedia.org/wiki/File:Basecat.JPG
"no word shared with landmark, city or country",Argentina,Buenos Aires,Palacio del Congreso,buenos-aires,7,images/landmarks/buenos-aires-palacio-del-congreso.webp,https://commons.wikimedia.org/wiki/File:Argentine_National_Congress_(Pedestrians_digitally_removed)_(8081437098).jpg
"no word shared with landmark, city or country",Argentina,El Calafate,Walichu Caves (Punta Walichu),el-calafate,7,images/landmarks/el-calafate-walichu-caves-punta-walichu.webp,https://commons.wikimedia.org/wiki/File:Cerro_Frias_4x4_tours.jpg
"no word shared with landmark, city or country",Argentina,Mar del Plata,Torreón del Monje,mar-del-plata,3,images/landmarks/mar-del-plata-torreon-del-monje.webp,https://commons.wikimedia.org/wiki/File:TorreondelMonje-MDP-ene2015.jpg
"no word shared with landmark, city or country",Argentina,Mendoza,Luján de Cuyo and Maipú Wineries,mendoza,3,images/landmarks/mendoza-lujan-de-cuyo-and-maipu-wineries.webp,https://commons.wikimedia.org/wiki/File:Bodega_Séptima.JPG
"no word shared with landmark, city or country",Argentina,Puerto Iguazú,Iguazú National Park Upper and Lower Circuits,puerto-iguazu,1,images/landmarks/iguazu-national-park-circuits.webp,"https://commons.wikimedia.org/wiki/File:Atardecer_en_las_Cataratas_del_Iguaz%C3%BA,_Circuito_Superior.jpg"
"no word shared with landmark, city or country",Argentina,Puerto Madryn,Playa El Doradillo,puerto-madryn,1,images/landmarks/madryn-playa-el-doradillo.webp,https://commons.wikimedia.org/wiki/File:Doradilloballena.jpg
"no word shared with landmark, city or country",Argentina,Salta,Mercado Artesanal de Salta,salta,9,images/landmarks/salta-mercado-artesanal-de-salta.webp,https://commons.wikimedia.org/wiki/File:Florentina_Mendoza_de_tienda_MATRA_en_Tecnópolis_(21895515470).jpg
"no word shared with landmark, city or country",Australia,Brisbane,Story Bridge,brisbane,0,images/landmarks/brisbane-story-bridge.webp,https://commons.wikimedia.org/wiki/File:BNE-StoryBridge-fromCityCat.jpg
"no word shared with landmark, city or country",Australia,Brisbane,Wheel of Brisbane,brisbane,8,images/landmarks/brisbane-wheel-of-brisbane.webp,https://commons.wikimedia.org/wiki/File:WheelofBrisbane9.JPG
"no word shared with landmark, city or country",Australia,Cairns,Great Barrier Reef,cairns,1,images/landmarks/cairns-great-barrier-reef.webp,https://commons.wikimedia.org/w/index.php?search=Great%20Barrier%20Reef%20Cairns&title=Special:MediaSearch
"no word shared with landmark, city or country",Australia,Cairns,Kuranda Scenic Railway,cairns,3,images/landmarks/cairns-kuranda-scenic-railway.webp,https://commons.wikimedia.org/w/index.php?search=Kuranda%20Scenic%20Railway%20Cairns&title=Special:MediaSearch
"no word shared with landmark, city or country",Australia,Cairns,Cape Tribulation,cairns,5,images/landmarks/cairns-cape-tribulation.webp,https://commons.wikimedia.org/w/index.php?search=Cape%20Tribulation%20Cairns&title=Special:MediaSearch
"no word shared with landmark, city or country",Australia,Melbourne,Melbourne Cricket Ground (MCG),melbourne,3,images/landmarks/melbourne-melbourne-cricket-ground-mcg.webp,https://commons.wikimedia.org/wiki/File:2017_AFL_Grand_Final_panorama_during_national_anthem.jpg
"no word shared with landmark, city or country",Australia,Perth,Crawley Edge Boatshed (Blue Boat House),perth,7,images/landmarks/perth-crawley-edge-boatshed.webp,https://commons.wikimedia.org/wiki/File:CrawleyEdgeBoatshed.jpg
"no word shared with landmark, city or country",Austria,Innsbruck,Bergisel Ski Jump,innsbruck,2,images/landmarks/innsbruck-bergisel-ski-jump.webp,https://commons.wikimedia.org/wiki/File:Bergiselschanze_Hadit_9.JPG
"no word shared with landmark, city or country",Austria,Salzburg,Mirabell Palace and Gardens,salzburg,1,images/landmarks/salzburg-mirabell-palace-and-gardens.webp,https://commons.wikimedia.org/wiki/File:Palatul_Mirabell1.jpg
"no word shared with landmark, city or country",Austria,Salzburg,Hellbrunn Palace,salzburg,6,images/landmarks/salzburg-hellbrunn-palace.webp,https://commons.wikimedia.org/wiki/File:Hellbrunn2.JPG
"no word shared with landmark, city or country",Austria,Vienna,St. Stephen's Cathedral,vienna,1,images/landmarks/vienna-st-stephens-cathedral.webp,https://commons.wikimedia.org/wiki/File:Wien_-_Stephansdom_(1).JPG
"no word shared with landmark, city or country",Austria,Vienna,Vienna State Opera,vienna,4,images/landmarks/vienna-state-opera.webp,https://commons.wikimedia.org/wiki/File:Wiener_Staatsoper_Front.jpg
"no word shared with landmark, city or country",Austria,Vienna,Austrian Parliament Building,vienna,9,images/landmarks/vienna-parliament.webp,https://commons.wikimedia.org/wiki/File:Wien_-_Parlamentsgebäude.JPG
"no word shared with landmark, city or country",Azerbaijan,Baku,Palace of the Shirvanshahs,baku,3,images/landmarks/baku-palace-of-the-shirvanshahs.webp,https://commons.wikimedia.org/wiki/File:Palacio%20de%20los%20Shirvanshah%2C%20Baku%2C%20Azerbaiy%C3%A1n%2C%202016-09-26%2C%20DD%20183-185%20HDR.jpg
"no word shared with landmark, city or country",Azerbaijan,Baku,Baku Ferris Wheel (Baku Eye),baku,8,images/landmarks/baku-baku-ferris-wheel-baku-eye.webp,https://commons.wikimedia.org/wiki/File:%C5%9Eeytan%20%C3%87arx%C4%B1.jpg
"no word shared with landmark, city or country",Bahamas,Nassau,Nassau Lighthouse (Hog Island Lighthouse),nassau,3,images/landmarks/nassau-nassau-lighthouse-hog-island-lighthouse.webp,https://commons.wikimedia.org/wiki/File:Hogislandlighthouse.jpg
"no word shared with landmark, city or country",Bangladesh,Cox's Bazar,Maheshkhali Island,cox-s-bazar,6,images/landmarks/coxs-bazar-maheshkhali-island.webp,"https://commons.wikimedia.org/wiki/File:Adinath_Temple,_Moheshkhali_.jpg"
"no word shared with landmark, city or country",Bangladesh,Dhaka,Lalbagh Fort,dhaka,1,images/landmarks/dhaka-lalbagh-fort.webp,https://commons.wikimedia.org/wiki/File:%E0%A6%B2%E0%A6%BE%E0%A6%B2_%E0%A6%95%E0%A7%87%E0%A6%B2%E0%A7%8D%E0%A6%B2%E0%A6%BE%E0%A6%B0_%E0%A6%AE%E0%A6%BE%E0%A6%AF%E0%A6%BC%E0%A6%BE.jpg
"no word shared with landmark, city or country",Bangladesh,Dhaka,National Martyrs' Memorial (Jatiyo Smriti Soudho),dhaka,4,images/landmarks/dhaka-national-martyrs-memorial.webp,https://commons.wikimedia.org/wiki/File:5.%E0%A6%9C%E0%A6%BE%E0%A6%A4%E0%A7%80%E0%A6%AF%E0%A6%BC_%E0%A6%B8%E0%A7%8D%E0%A6%AE%E0%A7%83%E0%A6%A4%E0%A6%BF%E0%A6%B8%E0%A7%8C%E0%A6%A7.jpg
"no word shared with landmark, city or country",Bangladesh,Dhaka,Buriganga River & Sadarghat Boat Terminal,dhaka,7,images/landmarks/dhaka-buriganga-sadarghat.webp,https://commons.wikimedia.org/wiki/File:%E0%A6%AC%E0%A7%81%E0%A6%A1%E0%A6%BC%E0%A6%BF%E0%A6%97%E0%A6%99%E0%A7%8D%E0%A6%97%E0%A6%BE_%E0%A7%A9.jpg
"no word shared with landmark, city or country",Bangladesh,Dhaka,Liberation War Museum,dhaka,9,images/landmarks/dhaka-liberation-war-museum.webp,https://commons.wikimedia.org/wiki/File:%E0%A6%AE%E0%A7%81%E0%A6%95%E0%A7%8D%E0%A6%A4%E0%A6%BF%E0%A6%AF%E0%A7%81%E0%A6%A6%E0%A7%8D%E0%A6%A7%E0%A6%BE_%E0%A6%9C%E0%A6%BE%E0%A6%A6%E0%A7%81%E0%A6%98%E0%A6%B0_%E0%A7%A8%E0%A7%A6%E0%A7%A8%E0%A7%AA.jpg
"no word shared with landmark, city or country",Bangladesh,Saint Martin's Island,Saint Martin's Bazaar,saint-martin-s-island,7,images/landmarks/saint-martin-s-island-saint-martin-s-bazaar.webp,https://commons.wikimedia.org/wiki/File:Invasion_of_Re1627.jpg
"no word shared with landmark, city or country",Belarus,Minsk,National Academic Bolshoi Opera and Ballet Theatre,minsk,8,images/landmarks/minsk-national-academic-bolshoi-opera-and-ballet-theatre.webp,https://commons.wikimedia.org/wiki/File:Национальны_акадэмічны_Вялікі_тэатар_оперы_і_балету_г._Менск_2.jpg
"no word shared with landmark, city or country",Belgium,Antwerp,Rubens House (Rubenshuis),antwerp,5,images/landmarks/antwerp-rubens-house.webp,https://commons.wikimedia.org/wiki/File:Rubenshaus.JPG
"no word shared with landmark, city or country",Belgium,Antwerp,Vlaeykensgang,antwerp,8,images/landmarks/antwerp-vlaeykensgang.webp,https://commons.wikimedia.org/wiki/File:Vlaaikensgang4.jpg
"no word shared with landmark, city or country",Belgium,Brussels,Royal Palace of Brussels,brussels,3,images/landmarks/brussels-royal-palace-of-brussels.webp,https://commons.wikimedia.org/wiki/File:Brussel_Koninklijk_paleis.jpg
"no word shared with landmark, city or country",Belgium,Brussels,Cathedral of St. Michael and St. Gudula,brussels,4,images/landmarks/brussels-cathedral-of-st-michael-and-st-gudula.webp,https://commons.wikimedia.org/wiki/File:Saints-Michel-et-Gudule_Luc_Viatour.jpg
"no word shared with landmark, city or country",Belgium,Brussels,Cinquantenaire Arcade,brussels,7,images/landmarks/brussels-cinquantenaire-arcade.webp,"https://commons.wikimedia.org/wiki/File:Arco_del_Cincuentenario,_Bruselas,_B%C3%A9lgica,_2021-12-15,_DD_115-135_HDR_PAN.jpg"
"no word shared with landmark, city or country",Belgium,Brussels,National Basilica of the Sacred Heart,brussels,8,images/landmarks/brussels-national-basilica-of-the-sacred-heart.webp,https://commons.wikimedia.org/wiki/File:Bruxelles_-_Basilique_Nationale_du_Sacr%C3%A9-C%C5%93ur_%C3%A0_Koekelberg_(5).jpg
"no word shared with landmark, city or country",Benin,Porto-Novo,Marche d'Adjarra,porto-novo,8,images/landmarks/porto-novo-marche-adjarra.webp,"https://commons.wikimedia.org/wiki/File:March%C3%A9_d%27Adjarra,_d%C3%A9partment_de_l%27Ou%C3%A9m%C3%A9_au_B%C3%A9nin.jpg"
"no word shared with landmark, city or country",Bolivia,La Paz,Mount Illimani viewpoint,la-paz,8,images/landmarks/la-paz-mount-illimani-viewpoint.webp,https://commons.wikimedia.org/wiki/File:Illimani2.JPG
"no word shared with landmark, city or country",Bosnia and Herzegovina,Mostar,Počitelj,mostar,5,images/landmarks/mostar-pocitelj.webp,"https://commons.wikimedia.org/wiki/File:Hajji_Alija_Mosque,_Po%C4%8Ditelj_2007.jpg"
"no word shared with landmark, city or country",Botswana,Gaborone,Parliament Building of Botswana,gaborone,6,images/landmarks/gaborone-parliament-building.webp,https://commons.wikimedia.org/wiki/File:BotswanaParliament.jpg
"no word shared with landmark, city or country",Brazil,Belo Horizonte,Estádio Mineirão,belo-horizonte,2,images/landmarks/belo-horizonte-estadio-mineirao.webp,https://commons.wikimedia.org/wiki/File:Mineir%C3%A3o_(Top_View).jpg
"no word shared with landmark, city or country",Brazil,Belo Horizonte,Casa do Baile,belo-horizonte,9,images/landmarks/belo-horizonte-casa-do-baile.webp,https://commons.wikimedia.org/wiki/File:CasadoBaile_2024_1.jpg
"no word shared with landmark, city or country",Brazil,Belém,Basílica Santuário de Nazaré,belem,1,images/landmarks/belem-basilica-santuario-de-nazare.webp,https://commons.wikimedia.org/wiki/File:Fachada_da_Bas%C3%ADlica_de_Nossa_Senhora_de_Nazar%C3%A9.jpg
"no word shared with landmark, city or country",Brazil,Brasília,Palácio da Alvorada,brasilia,3,images/landmarks/brasilia-palacio-da-alvorada.webp,https://commons.wikimedia.org/wiki/File:Homologa%C3%A7%C3%A3o_do_tombamento_de_obras_do_Niemeyer_(34321040524).jpg
"no word shared with landmark, city or country",Brazil,Brasília,Santuário Dom Bosco,brasilia,8,images/landmarks/brasilia-santuario-dom-bosco.webp,https://commons.wikimedia.org/wiki/File:20211028-_MG_9464.jpg
"no word shared with landmark, city or country",Brazil,Cabo Frio,Praia do Forte,cabo-frio,0,images/landmarks/cabo-frio-praia-do-forte.webp,https://commons.wikimedia.org/wiki/File:PlayaForteSaoMateo-CaboFrio-Brasil-feb2016.jpg
"no word shared with landmark, city or country",Brazil,Cabo Frio,Dunas do Peró (Dama Branca Dunes),cabo-frio,5,images/landmarks/cabo-frio-dunas-do-pero-dama-branca.webp,https://commons.wikimedia.org/w/index.php?search=Dunas%20do%20Per%C3%B3%20%28Dama%20Branca%20Dunes%29%20Cabo%20Frio&title=Special:MediaSearch
"no word shared with landmark, city or country",Brazil,Cabo Frio,Boulevard Canal (Canal do Itajuru),cabo-frio,6,images/landmarks/cabo-frio-boulevard-canal.webp,https://commons.wikimedia.org/w/index.php?search=Boulevard%20Canal%20%28Canal%20do%20Itajuru%29%20Cabo%20Frio&title=Special:MediaSearch
"no word shared with landmark, city or country",Brazil,Foz do Iguaçu,Mesquita Omar Ibn Al-Khattab,foz-do-iguacu,6,images/landmarks/foz-do-iguacu-mesquita-omar-ibn-al-khattab.webp,https://commons.wikimedia.org/wiki/File:MesquitaFozDoIgua%C3%A7uParanaBrasil.JPG
"no word shared with landmark, city or country",Brazil,Foz do Iguaçu,Catedral São João Batista,foz-do-iguacu,9,images/landmarks/foz-do-iguacu-catedral-sao-joao-batista.webp,https://commons.wikimedia.org/wiki/File:FozDoIguacuIgrejaCentro.jpg
"no word shared with landmark, city or country",Brazil,Guarujá,Acqua Mundo Aquarium,guaruja,6,images/landmarks/guaruja-acqua-mundo-aquarium.webp,https://commons.wikimedia.org/wiki/File:Aqu%C3%A1rio_(10201065556).jpg
"no word shared with landmark, city or country",Brazil,Natal,Maracajaú Reefs (Parrachos de Maracajaú),natal,9,images/landmarks/natal-maracajau-reefs-parrachos-de-maracajau.webp,https://commons.wikimedia.org/wiki/File:Maracaja%C3%BA.jpg
"no word shared with landmark, city or country",Brazil,Rio de Janeiro,Selarón Steps,rio-de-janeiro,4,images/landmarks/rio-de-janeiro-selaron-steps.webp,https://commons.wikimedia.org/wiki/File:Escadaria_Selar%C3%B3n-3.jpg
"no word shared with landmark, city or country",British Virgin Islands,Road Town,Sage Mountain National Park,road-town,3,images/landmarks/road-town-sage-mountain-national-park.webp,https://commons.wikimedia.org/wiki/File:Tortola.jpg
"no word shared with landmark, city or country",Brunei,Bandar Seri Begawan,Bandar Seri Begawan Waterfront,bandar-seri-begawan,6,images/landmarks/bandar-seri-begawan-bandar-seri-begawan-waterfront.webp,https://commons.wikimedia.org/wiki/File:View%20from%20the%20Waterfront%20Bandar%20Seri%20Begawan%2C%20Brunei%2001.jpg
"no word shared with landmark, city or country",Bulgaria,Varna,Clock Tower of Varna,varna,8,images/landmarks/varna-clock-tower-of-varna.webp,https://commons.wikimedia.org/wiki/File:VarnaRailway.JPG
"no word shared with landmark, city or country",Burkina Faso,Ouagadougou,Monument des Martyrs,ouagadougou,3,images/landmarks/ouagadougou-monument-des-martyrs.webp,https://commons.wikimedia.org/wiki/File:DSC_0597-3.jpg
"no word shared with landmark, city or country",Cambodia,Battambang,Bamboo Train (Norry),battambang,0,images/landmarks/battambang-bamboo-train.webp,https://commons.wikimedia.org/wiki/File:Norrydisassembled01.JPG
"no word shared with landmark, city or country",Cambodia,Battambang,Wat Banan,battambang,3,images/landmarks/battambang-wat-banan.webp,https://commons.wikimedia.org/wiki/File:VatBanonEscalier1.JPG
"no word shared with landmark, city or country",Cambodia,Battambang,Wat Ek Phnom,battambang,4,images/landmarks/battambang-wat-ek-phnom.webp,https://commons.wikimedia.org/wiki/File:Ek_Phnom3.JPG
"no word shared with landmark, city or country",Cambodia,Phnom Penh,Silver Pagoda,phnom-penh,1,images/landmarks/phnom-penh-silver-pagoda.webp,https://commons.wikimedia.org/wiki/File:Silverpagoda.jpg
"no word shared with landmark, city or country",Cameroon,Douala,Bonabéri Bridge,douala,8,images/landmarks/douala-bonaberi-bridge.webp,https://commons.wikimedia.org/wiki/File:Pont_sur_le_Wouri(en_construction)_01.jpg
"no word shared with landmark, city or country",Cameroon,Yaoundé,Benedictine Monastery Museum of Mont Fébé,yaounde,4,images/landmarks/yaounde-benedictine-monastery-museum-mont-febe.webp,https://commons.wikimedia.org/wiki/File:Entrée_du_musée_des_Bénédictins_7051.jpg
"no word shared with landmark, city or country",Canada,Banff,Johnston Canyon,banff,4,images/landmarks/banff-johnston-canyon.webp,https://commons.wikimedia.org/wiki/File:JohnstonCanyonUpperFalls.jpg
"no word shared with landmark, city or country",Canada,Calgary,Calgary Tower,calgary,0,images/landmarks/calgary-calgary-tower.webp,https://commons.wikimedia.org/w/index.php?search=Calgary%20Tower%20Calgary&title=Special:MediaSearch
"no word shared with landmark, city or country",Canada,Calgary,Scotiabank Saddledome,calgary,3,images/landmarks/calgary-scotiabank-saddledome.webp,https://commons.wikimedia.org/w/index.php?search=Scotiabank%20Saddledome%20Calgary&title=Special:MediaSearch
"no word shared with landmark, city or country",Canada,Charlottetown,Victoria Park,charlottetown,5,images/landmarks/charlottetown-victoria-park.webp,https://commons.wikimedia.org/wiki/File:Aug06-vol4_176_(223824904).jpg
"no word shared with landmark, city or country",Canada,Charlottetown,Confederation Landing Park,charlottetown,9,images/landmarks/charlottetown-confederation-landing-park.webp,https://www.flickr.com/photos/81261669@N00/16092797377
"no word shared with landmark, city or country",Canada,Edmonton,Royal Alberta Museum,edmonton,6,images/landmarks/edmonton-royal-alberta-museum.webp,https://commons.wikimedia.org/wiki/File:RoyalAlbertaMuseum-_O6A0986-Edit-Full-V2.jpg
"no word shared with landmark, city or country",Canada,Halifax,Maritime Museum of the Atlantic,halifax,2,images/landmarks/halifax-maritime-museum-of-the-atlantic.webp,https://commons.wikimedia.org/wiki/File:MMAabove.JPG
"no word shared with landmark, city or country",Canada,Kelowna,Okanagan Heritage Museum,kelowna,8,images/landmarks/kelowna-okanagan-heritage-museum.webp,"https://commons.wikimedia.org/wiki/File:Peachland,_British_Columbia.jpg"
"no word shared with landmark, city or country",Canada,Kelowna,Big White Ski Resort,kelowna,9,images/landmarks/kelowna-big-white-ski-resort.webp,https://commons.wikimedia.org/wiki/File:Gem_Lake_Express.jpg
"no word shared with landmark, city or country",Canada,Montreal,Saint Joseph's Oratory,montreal,6,images/landmarks/montreal-saint-josephs-oratory.webp,https://commons.wikimedia.org/wiki/File:Beside_the_Tombeau_du_frere_Andree.jpg
"no word shared with landmark, city or country",Canada,Québec,Île d'Orléans,quebec,9,images/landmarks/quebec-ile-dorleans.webp,https://commons.wikimedia.org/wiki/File:%C3%8Ele_d%27Orl%C3%A9ans_009.jpg
"no word shared with landmark, city or country",Canada,Saskatoon,Meewasin Valley Trail,saskatoon,2,images/landmarks/saskatoon-meewasin-valley-trail.webp,https://www.flickr.com/photos/daryl_mitchell/256137056
"no word shared with landmark, city or country",Canada,Saskatoon,River Landing,saskatoon,7,images/landmarks/saskatoon-river-landing.webp,https://commons.wikimedia.org/wiki/File:SaskatoonRiverLanding.JPG
"no word shared with landmark, city or country",Canada,Toronto,Ripley's Aquarium of Canada,toronto,8,images/landmarks/toronto-ripleys-aquarium.webp,https://commons.wikimedia.org/wiki/File:20150820_111135Ripleys.jpg
"no word shared with landmark, city or country",Chad,N'Djamena,Presidential Palace,n-djamena,2,images/landmarks/ndjamena-presidential-palace.webp,https://commons.wikimedia.org/wiki/File:Palais_de_la_pr%C3%A9sidence_du_Tchad.jpg
"no word shared with landmark, city or country",Chad,N'Djamena,Pont de N'Gueli,n-djamena,8,images/landmarks/ndjamena-pont-de-ngueli.webp,https://commons.wikimedia.org/wiki/File:Bruecke_ueber_den_Schari-Fluss.jpg
"no word shared with landmark, city or country",Chile,La Serena,Iglesia San Francisco,la-serena,5,images/landmarks/la-serena-iglesia-san-francisco.webp,"https://commons.wikimedia.org/wiki/File:Vista_del_frontis,_con_una_de_las_puertas_abierta.jpg"
"no word shared with landmark, city or country",Chile,La Serena,Iglesia Santo Domingo,la-serena,9,images/landmarks/la-serena-iglesia-santo-domingo.webp,https://commons.wikimedia.org/wiki/File:Vista_general_con_campanario_incluido.jpg
"no word shared with landmark, city or country",Chile,Pucón,El Cani Sanctuary,pucon,7,images/landmarks/pucon-el-cani-sanctuary.webp,"https://commons.wikimedia.org/wiki/File:Santuario_el_ca%C3%B1i_Chili,_laguna_las_totoras.jpg"
"no word shared with landmark, city or country",Chile,Puerto Natales,Cementerio Municipal de Puerto Natales,puerto-natales,9,images/landmarks/puerto-natales-cementerio-municipal-de-puerto-natales.webp,https://commons.wikimedia.org/wiki/File:Castillo_Serralles.JPG
"no word shared with landmark, city or country",Chile,Santiago,Museum of Memory and Human Rights,santiago,6,images/landmarks/santiago-cl-museum-of-memory-and-human-rights.webp,https://commons.wikimedia.org/wiki/File:Museo_de_la_Memoria_y_los_Derechos_Humanos.jpg
"no word shared with landmark, city or country",China,Anshun,Longgong (Dragon Palace) Caves,anshun,0,images/landmarks/anshun-longgong.webp,"https://commons.wikimedia.org/wiki/File:%E9%BE%99%E5%AE%AB,_%E5%AE%89%E9%A1%BA_202403.jpg"
"no word shared with landmark, city or country",China,Anshun,Doupotang Waterfall,anshun,2,images/landmarks/anshun-doupotang-waterfall.webp,https://commons.wikimedia.org/wiki/File:%E9%BB%84%E6%9E%9C%E6%A0%91%E9%99%A1%E5%9D%A1%E5%A1%98%E7%80%91%E5%B8%83_01.jpg
"no word shared with landmark, city or country",China,Anshun,Tianlong Tunbao Ancient Town,anshun,3,images/landmarks/anshun-tianlong-tunbao-ancient-town.webp,https://commons.wikimedia.org/wiki/File:%E5%A4%A9%E9%BE%99%E5%B1%AF%E5%A0%A1.jpg
"no word shared with landmark, city or country",China,Beihai,Silver Beach (Yintan),beihai,0,images/landmarks/beihai-silver-beach-yintan.webp,https://commons.wikimedia.org/wiki/File:BeiHaiYanTan.jpg
"no word shared with landmark, city or country",China,Beijing,Great Wall of China (Badaling),beijing,0,images/landmarks/beijing-great-wall-badaling.webp,https://commons.wikimedia.org/wiki/File:Peking_Grosse_Mauer-20071019-RM-115708.jpg
"no word shared with landmark, city or country",China,Chaozhou,Paifang Street (Memorial Archway Street),chaozhou,2,images/landmarks/chaozhou-paifang-street.webp,https://commons.wikimedia.org/wiki/File:Paifangjie_(cropped).jpg
"no word shared with landmark, city or country",China,Chaozhou,Xu Fuma Mansion (Prince Consort Xu's Residence),chaozhou,8,images/landmarks/chaozhou-xu-fuma-mansion.webp,https://commons.wikimedia.org/wiki/File:%E8%AE%B8%E9%A9%B8%E9%A9%AC%E5%BA%9C.JPG
"no word shared with landmark, city or country",China,Chengde,Puning Temple (Temple of Universal Peace),chengde,2,images/landmarks/chengde-puning-temple.webp,https://commons.wikimedia.org/wiki/File:普宁寺大乘之阁2025.11.jpg
"no word shared with landmark, city or country",China,Chengde,Qingchui Peak (Sledgehammer Rock),chengde,3,images/landmarks/chengde-qingchui-peak.webp,https://commons.wikimedia.org/wiki/File:Sledgehammerpeak.JPG
"no word shared with landmark, city or country",China,Chengde,Yanyu Tower (Misty Rain Tower),chengde,9,images/landmarks/chengde-yanyu-tower.webp,https://commons.wikimedia.org/wiki/File:承德避暑山庄烟雨楼.JPG
"no word shared with landmark, city or country",China,Chongqing,Liziba Monorail Station,chongqing,1,images/landmarks/chongqing-liziba-monorail-station.webp,https://commons.wikimedia.org/wiki/File:李子坝站轻轨穿楼_0023.png
"no word shared with landmark, city or country",China,Chongqing,Ciqikou Ancient Town,chongqing,4,images/landmarks/chongqing-ciqikou-ancient-town.webp,https://commons.wikimedia.org/wiki/File:028_Sichuan-160811_28_(29868006911).jpg
"no word shared with landmark, city or country",China,Chongqing,Nanshan Yizhi Botanical Garden (One Tree Viewing Platform),chongqing,7,images/landmarks/chongqing-nanshan-yizhi-botanical-garden.webp,https://commons.wikimedia.org/wiki/File:SkylineOfChongqing.jpg
"no word shared with landmark, city or country",China,Chongqing,Guanyinqiao,chongqing,9,images/landmarks/chongqing-guanyinqiao.webp,https://commons.wikimedia.org/wiki/File:观音桥5.jpg
"no word shared with landmark, city or country",China,Dali,Xiaoputuo Island,dali,7,images/landmarks/dali-xiaoputuo-island.webp,https://commons.wikimedia.org/wiki/File:%E5%B0%8F%E6%99%AE%E9%99%80_1.jpg
"no word shared with landmark, city or country",China,Datong,Hanging Monastery (Xuankong Temple),datong,1,images/landmarks/datong-hanging-monastery.webp,https://commons.wikimedia.org/wiki/File:Hangingtemple20190929.jpg
"no word shared with landmark, city or country",China,Datong,Yingxian Wooden Pagoda (Sakyamuni Pagoda),datong,6,images/landmarks/datong-yingxian-wooden-pagoda.webp,https://commons.wikimedia.org/wiki/File:Pagodaoffogongtemple2019.jpg
"no word shared with landmark, city or country",China,Enshi,Enshi Girl City (Nü'er Cheng),enshi,7,images/landmarks/enshi-enshi-girl-city.webp,https://commons.wikimedia.org/wiki/File:Tujia_girls%27_town_03.jpg
"no word shared with landmark, city or country",China,Fenghuang,Former Residence of Shen Congwen,fenghuang,5,images/landmarks/fenghuang-former-residence-of-shen-congwen.webp,https://commons.wikimedia.org/wiki/File:Shencongwen001.jpg
"no word shared with landmark, city or country",China,Guilin,"Longji Rice Terraces (Longsheng, Dragon's Backbone)",guilin,3,images/landmarks/guilin-longji-rice-terraces.webp,https://commons.wikimedia.org/wiki/File:LongshengRiceTerrace.jpg
"no word shared with landmark, city or country",China,Guilin,Diecai Hill (Folded Brocade Hill),guilin,7,images/landmarks/guilin-diecai-hill.webp,https://commons.wikimedia.org/wiki/File:Diecaishan.jpg
"no word shared with landmark, city or country",China,Hangzhou,Broken Bridge (Duan Qiao),hangzhou,4,images/landmarks/hangzhou-broken-bridge.webp,https://commons.wikimedia.org/wiki/File:West_Lake_%E8%A5%BF%E6%B9%96_-_panoramio_(10).jpg
"no word shared with landmark, city or country",China,Hangzhou,Su Causeway,hangzhou,5,images/landmarks/hangzhou-su-causeway.webp,https://commons.wikimedia.org/wiki/File:%E6%9D%AD%E5%B7%9E._%E8%A5%BF%E6%B9%96%EF%BC%88%E8%8B%8F%E5%A0%A4%EF%BC%89_-_panoramio.jpg
"no word shared with landmark, city or country",China,Hangzhou,Baochu Pagoda,hangzhou,9,images/landmarks/hangzhou-baochu-pagoda.webp,https://commons.wikimedia.org/wiki/File:BaoChuTa.jpg
"no word shared with landmark, city or country",China,Huangshan,Tangyue Memorial Archways,huangshan,7,images/landmarks/huangshan-tangyue-memorial-archways.webp,https://commons.wikimedia.org/wiki/File:%E6%A3%A0%E6%A8%BE%E7%89%8C%E5%9D%8A%E7%BE%A4.jpg
"no word shared with landmark, city or country",China,Jingdezhen,Ancient Kiln Folk Customs Museum (Guyao),jingdezhen,2,images/landmarks/jingdezhen-ancient-kiln-folk-museum.webp,https://commons.wikimedia.org/wiki/File:%E6%99%AF%E5%BE%B7%E9%95%87%E5%8F%A4%E7%AA%91%E6%B0%91%E4%BF%97%E5%8D%9A%E8%A7%88%E5%8C%BA_04.jpg
"no word shared with landmark, city or country",China,Jingdezhen,Longzhu Pavilion (Dragon Pearl Pavilion),jingdezhen,4,images/landmarks/jingdezhen-longzhu-pavilion.webp,https://commons.wikimedia.org/wiki/File:%E6%99%AF%E5%BE%B7%E9%95%87%E9%BE%99%E7%8F%A0%E9%98%81_2.jpg
"no word shared with landmark, city or country",China,Jinghong,Mengle Grand Buddha Temple (Wat Mengle),jinghong,0,images/landmarks/jinghong-mengle-grand-buddha-temple.webp,https://commons.wikimedia.org/wiki/File:%E6%99%AF%E6%B4%AA_%E5%8B%90%E6%B3%90%E5%A4%A7%E4%BD%9B%E5%AF%BA%E5%85%A5%E5%8F%A3.jpg
"no word shared with landmark, city or country",China,Jinghong,Gaozhuang Xishuangjing Starlight Night Market,jinghong,1,images/landmarks/jinghong-gaozhuang-night-market.webp,https://commons.wikimedia.org/wiki/File:%E5%91%8A%E5%BA%84%E8%A5%BF%E5%8F%8C%E6%99%AF_2026-04-02_06.jpg
"no word shared with landmark, city or country",China,Jinghong,Wild Elephant Valley,jinghong,4,images/landmarks/jinghong-wild-elephant-valley.webp,https://commons.wikimedia.org/wiki/File:Elephantvalley-elephants-far.jpg
"no word shared with landmark, city or country",China,Kaifeng,Iron Pagoda (Tie Ta),kaifeng,1,images/landmarks/kaifeng-iron-pagoda.webp,https://commons.wikimedia.org/wiki/File:%E5%BC%80%E5%B0%81%E9%93%81%E5%A1%94%E5%85%A8%E8%B2%8C.JPG
"no word shared with landmark, city or country",China,Kaifeng,Kaifeng Fu (Ancient Government Office),kaifeng,4,images/landmarks/kaifeng-kaifeng-fu.webp,https://commons.wikimedia.org/wiki/File:%E5%BC%80%E5%B0%81%E5%BA%9C%E5%A4%A7%E9%97%A8_-_panoramio.jpg
"no word shared with landmark, city or country",China,Kaifeng,Gulou (Drum Tower) Night Market,kaifeng,7,images/landmarks/kaifeng-gulou-drum-tower-night-market.webp,https://commons.wikimedia.org/wiki/File:%E9%BC%93%E6%A5%BC%E5%A4%9C%E5%B8%82_-_panoramio.jpg
"no word shared with landmark, city or country",China,Kaifeng,Po Pagoda (Fan Pagoda),kaifeng,8,images/landmarks/kaifeng-po-pagoda.webp,https://commons.wikimedia.org/wiki/File:%E5%BC%80%E5%B0%81%E7%B9%81%E5%A1%94%E5%85%A8%E8%B2%8C.JPG
"no word shared with landmark, city or country",China,Kangding,Mugecuo Lake (Muge Tso),kangding,0,images/landmarks/kangding-mugecuo-lake.webp,https://commons.wikimedia.org/wiki/File:四川_康定县_木格措_-_panoramio.jpg
"no word shared with landmark, city or country",China,Kangding,Zheduo Mountain Pass,kangding,4,images/landmarks/kangding-zheduo-mountain-pass.webp,https://commons.wikimedia.org/wiki/File:巡道工出品_Photo_by_Xundaogong_骑行川藏线_康定-新都桥_折多山垭口看新都桥方向_-_panoramio.jpg
"no word shared with landmark, city or country",China,Kangding,Tagong Grassland and Tagong Monastery,kangding,6,images/landmarks/kangding-tagong-grassland-monastery.webp,https://commons.wikimedia.org/wiki/File:Tagong22.jpg
"no word shared with landmark, city or country",China,Kashgar,Kashgar Old City,kashgar,1,images/landmarks/kashgar-kashgar-old-city.webp,https://commons.wikimedia.org/wiki/File:喀什老城街区.jpg
"no word shared with landmark, city or country",China,Kashgar,Kashgar Grand (Sunday) Bazaar,kashgar,2,images/landmarks/kashgar-kashgar-grand-bazaar.webp,https://commons.wikimedia.org/wiki/File:喀什中西亚国际大巴扎.jpg
"no word shared with landmark, city or country",China,Kashgar,Sunday Livestock Market,kashgar,4,images/landmarks/kashgar-sunday-livestock-market.webp,https://commons.wikimedia.org/wiki/File:Erector_fat_tail_sheep.jpg
"no word shared with landmark, city or country",China,Kashgar,Handicraft Street (Ostangboyi),kashgar,6,images/landmarks/kashgar-handicraft-street-ostangboyi.webp,https://commons.wikimedia.org/wiki/File:刚开始进行枝条编织的维吾尔手艺人.jpg
"no word shared with landmark, city or country",China,Kashgar,Shipton's Arch (Tushuk Tash),kashgar,8,images/landmarks/kashgar-shiptons-arch.webp,https://commons.wikimedia.org/wiki/File:ShiptonsArchHDR.jpg
"no word shared with landmark, city or country",China,Kunming,Golden Temple (Jindian),kunming,4,images/landmarks/kunming-golden-temple.webp,https://commons.wikimedia.org/wiki/File:%E6%98%86%E6%98%8E%E5%A4%AA%E5%92%8C%E5%AE%AB%E9%87%91%E6%AE%BF.JPG
"no word shared with landmark, city or country",China,Kunming,Yunnan Nationalities Village,kunming,6,images/landmarks/kunming-yunnan-nationalities-village.webp,https://commons.wikimedia.org/wiki/File:%E4%BA%91%E5%8D%97%E6%B0%91%E6%97%8F%E6%9D%91-%E5%85%A5%E5%8F%A3%E7%89%8C%E5%9D%8A.jpg
"no word shared with landmark, city or country",China,Kunming,Golden Horse and Jade Rooster Memorial Archway,kunming,8,images/landmarks/kunming-golden-horse-jade-rooster-archway.webp,https://commons.wikimedia.org/wiki/File:%E9%87%91%E9%A9%AC%E7%A2%A7%E9%B8%A1%E5%9D%8A.jpg
"no word shared with landmark, city or country",China,Kunming,Kunming World Horti-Expo Garden,kunming,9,images/landmarks/kunming-world-horti-expo-garden.webp,https://commons.wikimedia.org/wiki/File:%E4%B8%96%E7%95%8C%E5%9B%AD%E8%89%BA%E5%8D%9A%E8%A7%88%E5%9B%AD-%E5%85%A5%E5%8F%A3.jpg
"no word shared with landmark, city or country",China,Leshan,Giant Buddha River Cruise (Sleeping Buddha view),leshan,3,images/landmarks/leshan-sleeping-buddha-cruise.webp,https://commons.wikimedia.org/wiki/File:%E4%B9%90%E5%B1%B1%E9%9A%90%E5%BD%A2%E7%9D%A1%E4%BD%9B%E2%80%94%E2%80%94%E7%A5%9E%E9%9E%AD_-_panoramio.jpg
"no word shared with landmark, city or country",China,Leshan,Wuyou Temple,leshan,4,images/landmarks/leshan-wuyou-temple.webp,https://commons.wikimedia.org/wiki/File:%E7%83%8F%E5%B0%A4%E5%AF%BA.jpg
"no word shared with landmark, city or country",China,Leshan,Leshan Confucian Temple,leshan,8,images/landmarks/leshan-leshan-confucian-temple.webp,https://commons.wikimedia.org/wiki/File:%E7%8A%8D%E4%B8%BA%E6%96%87%E5%BA%99%E5%A4%A7%E6%88%90%E9%97%A8.jpg
"no word shared with landmark, city or country",China,Lhasa,Barkhor Street,lhasa,2,images/landmarks/lhasa-barkhor.webp,https://commons.wikimedia.org/wiki/File:LhasaBarskor.jpg
"no word shared with landmark, city or country",China,Lhasa,Chakpori Hill,lhasa,7,images/landmarks/lhasa-chakpori-hill.webp,https://commons.wikimedia.org/wiki/File:309Blick_auf_Chokpori.jpg
"no word shared with landmark, city or country",China,Lijiang,Mu Family Mansion (Mufu Palace),lijiang,2,images/landmarks/lijiang-mu-family-mansion.webp,https://commons.wikimedia.org/wiki/File:%E4%B8%BD%E6%B1%9F%E5%8F%A4%E5%9F%8E_%E6%9C%A8%E5%BA%9C_2026-04-01_02.jpg
"no word shared with landmark, city or country",China,Lijiang,Baisha Village and Murals,lijiang,5,images/landmarks/lijiang-baisha-village.webp,https://commons.wikimedia.org/wiki/File:%E7%99%BD%E6%B2%99%E5%A3%81%E7%94%BB%E6%99%AF%E5%8C%BA%E5%A4%A7%E9%97%A8_2024-08-06.jpg
"no word shared with landmark, city or country",China,Lijiang,Blue Moon Valley (Lanyue Gu),lijiang,6,images/landmarks/lijiang-blue-moon-valley.webp,https://commons.wikimedia.org/wiki/File:%E4%BA%91%E5%8D%97%E8%93%9D%E6%9C%88%E8%B0%B701.jpg
"no word shared with landmark, city or country",China,Lijiang,Naxi Ancient Music Association,lijiang,9,images/landmarks/lijiang-naxi-ancient-music-association.webp,https://commons.wikimedia.org/wiki/File:Chinesezither.jpg
"no word shared with landmark, city or country",China,Manzhouli,Matryoshka Square (Taowa Square),manzhouli,0,images/landmarks/manzhouli-matryoshka-square.webp,https://commons.wikimedia.org/wiki/File:%E6%BB%A1%E6%B4%B2%E9%87%8C%E5%A5%97%E5%A8%83%E5%B9%BF%E5%9C%BA%E6%95%99%E5%A0%82_-_panoramio.jpg
"no word shared with landmark, city or country",China,Manzhouli,Guomen (National Gate) Scenic Area,manzhouli,1,images/landmarks/manzhouli-guomen-national-gate.webp,https://commons.wikimedia.org/wiki/File:%E6%BB%A1%E6%B4%B2%E9%87%8C_%E5%9B%BD%E9%97%A8%E6%99%AF%E5%8C%BA.jpg
"no word shared with landmark, city or country",China,Manzhouli,Hulun Lake,manzhouli,2,images/landmarks/manzhouli-hulun-lake.webp,https://commons.wikimedia.org/wiki/File:HulunLake.jpg
"no word shared with landmark, city or country",China,Manzhouli,Zhalainuoer Museum,manzhouli,4,images/landmarks/manzhouli-zhalainuoer-museum.webp,https://commons.wikimedia.org/wiki/File:%E6%89%8E%E8%B5%89%E8%AF%BA%E5%B0%94_%E6%96%B0%E5%8C%BA%E5%8D%9A%E7%89%A9%E9%A6%86_-_panoramio.jpg
"no word shared with landmark, city or country",China,Manzhouli,Sino-Russian Border Trade Zone (Hushi),manzhouli,5,images/landmarks/manzhouli-sino-russian-border-trade-zone.webp,https://commons.wikimedia.org/wiki/File:%E6%BB%A1%E6%B4%B2%E9%87%8C_%E4%B8%AD%E4%BF%84%E4%BA%92%E5%B8%82%E8%B4%B8%E6%98%93%E5%8C%BA.jpg
"no word shared with landmark, city or country",China,Manzhouli,Zhongsu Street Russian architecture,manzhouli,6,images/landmarks/manzhouli-zhongsu-street.webp,https://commons.wikimedia.org/wiki/File:%E6%BB%A1%E6%B4%B2%E9%87%8C_%E4%B8%AD%E8%8B%8F%E9%87%91%E8%A1%97.jpg
"no word shared with landmark, city or country",China,Nanjing,Purple Mountain (Zijin Shan),nanjing,9,images/landmarks/nanjing-purple-mountain.webp,https://commons.wikimedia.org/wiki/File:PurpleMountain01.JPG
"no word shared with landmark, city or country",China,Qinhuangdao,Qinhuangdao Wildlife Park,qinhuangdao,7,images/landmarks/qinhuangdao-qinhuangdao-wildlife-park.webp,https://commons.wikimedia.org/wiki/File:%E7%A7%A6%E7%9A%87%E5%B2%9B%E9%87%8E%E7%94%9F%E5%8A%A8%E7%89%A9%E5%9B%AD%E5%A4%A7%E9%97%A8.jpg
"no word shared with landmark, city or country",China,Sanya,Wuzhizhou Island,sanya,3,images/landmarks/sanya-wuzhizhou-island.webp,https://commons.wikimedia.org/wiki/File:2005_三亚_蜈支洲_-_panoramio_(7).jpg
"no word shared with landmark, city or country",China,Shanghai,Xintiandi,shanghai,8,images/landmarks/shanghai-xintiandi.webp,https://commons.wikimedia.org/wiki/File:Xintiandi5.jpg
"no word shared with landmark, city or country",China,Shangri-La,Ganden Sumtseling Monastery (Songzanlin),shangri-la,0,images/landmarks/shangri-la-ganden-sumtseling-monastery.webp,https://commons.wikimedia.org/wiki/File:%E6%9D%BE%E8%B5%9E%E6%9E%97%E5%AF%BA_-_%E5%85%A8%E6%99%AF_-_2025-05-07_09_(cropped).jpg
"no word shared with landmark, city or country",China,Shangri-La,Dukezong Ancient Town,shangri-la,1,images/landmarks/shangri-la-dukezong-ancient-town.webp,https://commons.wikimedia.org/wiki/File:20130530%E9%A6%99%E6%A0%BC%E9%87%8C%E6%8B%89%E5%8E%BF%E9%BE%9F%E5%B1%B1%E5%85%AC%E5%9B%AD%E6%97%81%E8%80%81%E8%A1%97_-_panoramio.jpg
"no word shared with landmark, city or country",China,Shangri-La,Napa Lake (Napahai),shangri-la,3,images/landmarks/shangri-la-napa-lake.webp,https://commons.wikimedia.org/wiki/File:%E7%BA%B3%E5%B8%95%E6%B5%B7_-_2025-05-07_11.jpg
"no word shared with landmark, city or country",China,Shangri-La,Baiji Temple (Hundred Chickens Temple),shangri-la,4,images/landmarks/shangri-la-baiji-temple.webp,https://commons.wikimedia.org/wiki/File:%E9%A6%99%E6%A0%BC%E9%87%8C%E6%8B%89%E7%99%BE%E9%B8%A1%E5%AF%BA_-_%E5%A4%A7%E6%AE%BF_-_2025-05-09_02.jpg
"no word shared with landmark, city or country",China,Shangri-La,Ringha Monastery,shangri-la,7,images/landmarks/shangri-la-ringha-monastery.webp,https://commons.wikimedia.org/wiki/File:Da_Bao_Temple_-_panoramio.jpg
"no word shared with landmark, city or country",China,Shaoxing,Lu Xun Native Place,shaoxing,0,images/landmarks/shaoxing-lu-xun-native-place.webp,https://commons.wikimedia.org/wiki/File:%E9%87%8D%E6%B8%B8%E9%B2%81%E8%BF%85%E6%95%85%E9%87%8C_2.jpg
"no word shared with landmark, city or country",China,Shaoxing,Mausoleum of Yu the Great (Dayu Ling),shaoxing,4,images/landmarks/shaoxing-mausoleum-of-yu-the-great.webp,"https://commons.wikimedia.org/wiki/File:%E5%A4%A7%E7%A6%B9%E9%99%B5,_2020-10-31_04.jpg"
"no word shared with landmark, city or country",China,Shaoxing,Yingtian Pagoda and Tashan Hill,shaoxing,8,images/landmarks/shaoxing-yingtian-pagoda-tashan-hill.webp,https://commons.wikimedia.org/wiki/File:%E5%BA%94%E5%A4%A9%E5%A1%94_-_panoramio.jpg
"no word shared with landmark, city or country",China,Shaoxing,Shaoxing Museum,shaoxing,9,images/landmarks/shaoxing-shaoxing-museum.webp,https://commons.wikimedia.org/wiki/File:Caoe_Temple_09_2014-08.JPG
"no word shared with landmark, city or country",China,Shenzhen,Ping An Finance Centre (Free Sky Observatory),shenzhen,0,images/landmarks/shenzhen-ping-an-finance-centre.webp,https://www.pexels.com/photo/city-skyline-at-sunset-14230196/
"no word shared with landmark, city or country",China,Shenzhen,Dapeng Fortress,shenzhen,8,images/landmarks/shenzhen-dapeng-fortress.webp,https://commons.wikimedia.org/wiki/File:%E5%A4%A7%E9%B9%8F%E6%89%80%E5%9F%8E%E5%8D%97%E9%97%A8%E4%B8%9C%E8%B7%AF.jpg
"no word shared with landmark, city or country",China,Tai'an,Riguan Peak (Sun Viewing Peak),tai-an,5,images/landmarks/taian-riguan-peak-sun-viewing-peak.webp,https://commons.wikimedia.org/wiki/File:%E6%97%A5%E8%A7%82%E5%B3%B0_20230716.jpg
"no word shared with landmark, city or country",China,Tai'an,Heaven Street (Tianjie),tai-an,8,images/landmarks/taian-heaven-street-tianjie.webp,https://commons.wikimedia.org/wiki/File:%E6%B3%B0%E5%B1%B1%E5%A4%A9%E8%A1%97-20160718.jpg
"no word shared with landmark, city or country",China,Turpan,Aydingkol Lake,turpan,9,images/landmarks/turpan-aydingkol-lake.webp,https://commons.wikimedia.org/wiki/File:Aydingkol1.jpg
"no word shared with landmark, city or country",China,Wuyishan,Tianyou Peak (Heavenly Tour Peak),wuyishan,1,images/landmarks/wuyishan-tianyou-peak-heavenly-tour-peak.webp,https://commons.wikimedia.org/wiki/File:Wuyi_Shan_Fengjing_Mingsheng_Qu_2012.08.22_15-40-06.jpg
"no word shared with landmark, city or country",China,Wuyishan,Water Curtain Cave (Shuilian Dong),wuyishan,4,images/landmarks/wuyishan-water-curtain-cave-shuilian-dong.webp,https://commons.wikimedia.org/wiki/File:%E6%AD%A6%E5%A4%B7%E5%B1%B1%E5%9B%BD%E5%AE%B6%E5%BA%A6%E5%81%87%E9%A3%8E%E6%99%AF%E5%8C%BA-%E6%B0%B4%E5%B8%98%E6%B4%9E%E6%99%AF%E5%8C%BA_-_panoramio.jpg
"no word shared with landmark, city or country",China,Wuyishan,Tiger Roaring Rock (Huxiao Yan),wuyishan,6,images/landmarks/wuyishan-tiger-roaring-rock-huxiao-yan.webp,https://commons.wikimedia.org/wiki/File:Wuyi_Shan_Fengjing_Mingsheng_Qu_2012.08.23_12-59-53.jpg
"no word shared with landmark, city or country",China,Xi'an,Small Wild Goose Pagoda,xi-an,8,images/landmarks/xian-small-wild-goose-pagoda.webp,https://commons.wikimedia.org/wiki/File:Xi%27anwildgoosepagoda2.JPG
"no word shared with landmark, city or country",China,Xi'an,Huaqing Palace,xi-an,9,images/landmarks/xian-huaqing-palace.webp,https://commons.wikimedia.org/wiki/File:Huaqingchi_1.JPG
"no word shared with landmark, city or country",China,Xiamen,Gulangyu Island,xiamen,0,images/landmarks/xiamen-gulangyu-island.webp,https://commons.wikimedia.org/wiki/File:2018%E5%B9%B4%E7%9A%84%E9%BC%93%E6%B5%AA%E5%B1%BF.jpg
"no word shared with landmark, city or country",China,Xiamen,Xiamen University,xiamen,2,images/landmarks/xiamen-xiamen-university.webp,https://commons.wikimedia.org/wiki/File:XMU_campus.JPG
"no word shared with landmark, city or country",China,Xiamen,Sunlight Rock (Riyanguang Yan),xiamen,3,images/landmarks/xiamen-sunlight-rock-riyanguang-yan.webp,https://commons.wikimedia.org/wiki/File:%E9%BC%93%E6%B5%AA%E5%B1%BF%E6%97%A5%E5%85%89%E5%B2%A9_-_panoramio.jpg
"no word shared with landmark, city or country",China,Yangshuo,Xianggong Hill,yangshuo,4,images/landmarks/yangshuo-xianggong-hill.webp,https://www.flickr.com/photos/67769030@N07/40916757694
"no word shared with landmark, city or country",China,Yangzhou,Ge Garden,yangzhou,1,images/landmarks/yangzhou-ge-garden.webp,https://commons.wikimedia.org/wiki/File:Ge_Yuan_个园_(5811435027).jpg
"no word shared with landmark, city or country",China,Yangzhou,Wangshi Xiaoyuan (Wang Family Compound),yangzhou,9,images/landmarks/yangzhou-wangshi-xiaoyuan.webp,https://commons.wikimedia.org/wiki/File:汪氏小苑0842.jpg
"no word shared with landmark, city or country",China,Zhangjiajie,Golden Whip Stream,zhangjiajie,6,images/landmarks/zhangjiajie-golden-whip-stream.webp,https://commons.wikimedia.org/wiki/File:金鞭溪.jpg
"no word shared with landmark, city or country",China,Zhangjiajie,Ten-Mile Natural Gallery,zhangjiajie,9,images/landmarks/zhangjiajie-ten-mile-natural-gallery.webp,https://commons.wikimedia.org/wiki/File:张家界十里画廊小火车.jpeg
"no word shared with landmark, city or country",China,Zhangye,Mati Si (Horse Hoof Temple),zhangye,3,images/landmarks/zhangye-mati-si.webp,https://commons.wikimedia.org/wiki/File:甘肃省张掖市肃南_马蹄寺_-_panoramio.jpg
"no word shared with landmark, city or country",China,Zhangye,Shandan Military Horse Ranch,zhangye,7,images/landmarks/zhangye-shandan-military-horse-ranch.webp,https://commons.wikimedia.org/wiki/File:山丹军马场.jpeg
"no word shared with landmark, city or country",China,Zhangye,Han and Ming Great Wall at Shandan,zhangye,9,images/landmarks/zhangye-great-wall-shandan.webp,https://commons.wikimedia.org/wiki/File:甘肃明长城.JPG
"no word shared with landmark, city or country",China,Zhaoqing,Qingyun Temple,zhaoqing,4,images/landmarks/zhaoqing-qingyun-temple.webp,https://commons.wikimedia.org/wiki/File:Qingyunshi.JPG
"no word shared with landmark, city or country",China,Zhoushan,Nanhai Guanyin Statue,zhoushan,1,images/landmarks/zhoushan-nanhai-guanyin-statue.webp,https://commons.wikimedia.org/wiki/File:南海观音像.jpg
"no word shared with landmark, city or country",China,Zhoushan,Fanyin Cave,zhoushan,3,images/landmarks/zhoushan-fanyin-cave.webp,https://commons.wikimedia.org/wiki/File:普陀山.梵音洞庵_-_panoramio.jpg
"no word shared with landmark, city or country",China,Zhoushan,Zhoushan Cross-Sea Bridges,zhoushan,9,images/landmarks/zhoushan-cross-sea-bridges.webp,https://commons.wikimedia.org/wiki/File:舟山跨海大桥（金塘大桥）_-_panoramio_(4).jpg
"no word shared with landmark, city or country",China,Zhuhai,Lovers' Road (Qingluan Road),zhuhai,3,images/landmarks/zhuhai-lovers-road.webp,https://commons.wikimedia.org/wiki/File:珠海情侣路海滩.jpg
"no word shared with landmark, city or country",China,Zhuhai,Dong'ao Island,zhuhai,8,images/landmarks/zhuhai-dongao-island.webp,https://commons.wikimedia.org/wiki/File:珠海東澳島2008_1.jpg
"no word shared with landmark, city or country",China (SAR),Macau,Mandarin's House,macau,7,images/landmarks/macau-mandarins-house.webp,https://commons.wikimedia.org/wiki/File:MacaoMandarinsHouse.jpg
"no word shared with landmark, city or country",Colombia,Barranquilla,Gran Malecón del Río,barranquilla,0,images/landmarks/barranquilla-gran-malecon-del-rio.webp,https://commons.wikimedia.org/wiki/File:CaimandelRioGranMaleconBarranquilla.jpg
"no word shared with landmark, city or country",Colombia,Barranquilla,Museo del Caribe,barranquilla,3,images/landmarks/barranquilla-museo-del-caribe.webp,https://commons.wikimedia.org/wiki/File:1MuseoDelCaribe8001.JPG
"no word shared with landmark, city or country",Colombia,Cali,Plaza de Cayzedo,cali,6,images/landmarks/cali-plaza-de-cayzedo.webp,https://commons.wikimedia.org/w/index.php?search=Plaza%20de%20Cayzedo%20Cali&title=Special:MediaSearch
"no word shared with landmark, city or country",Colombia,Cali,Boulevard del Río (San Antonio Riverwalk),cali,8,images/landmarks/cali-boulevard-del-rio-san-antonio-riverwalk.webp,https://commons.wikimedia.org/w/index.php?search=Boulevard%20del%20R%C3%ADo%20%28San%20Antonio%20Riverwalk%29%20Cali&title=Special:MediaSearch
"no word shared with landmark, city or country",Colombia,Medellín,Metrocable,medellin,2,images/landmarks/medellin-metrocable.webp,https://commons.wikimedia.org/wiki/File:Metrocablemed.jpg
"no word shared with landmark, city or country",Colombia,Medellín,Catedral Metropolitana,medellin,4,images/landmarks/medellin-catedral-metropolitana.webp,https://commons.wikimedia.org/wiki/File:Fachada_completa_-_C._de_Medell%C3%ADn.jpg
"no word shared with landmark, city or country",Colombia,Medellín,Parque Arví,medellin,6,images/landmarks/medellin-parque-arvi.webp,https://commons.wikimedia.org/wiki/File:MetrocableArv%C3%AD1.JPG
"no word shared with landmark, city or country",Colombia,San Andrés,Acuario & Haynes Cay,san-andres,4,images/landmarks/san-andres-acuario-haynes-cay.webp,https://commons.wikimedia.org/wiki/File:Los_Cayos.JPG
"no word shared with landmark, city or country",Colombia,Santa Marta,Parque Nacional Natural Tayrona,santa-marta,0,images/landmarks/santa-marta-parque-nacional-natural-tayrona.webp,https://commons.wikimedia.org/wiki/File:Arrecifes.jpg
"no word shared with landmark, city or country",Colombia,Santa Marta,Quinta de San Pedro Alejandrino,santa-marta,1,images/landmarks/santa-marta-quinta-de-san-pedro-alejandrino.webp,https://commons.wikimedia.org/wiki/File:PanteodelaPatria.JPG
"no word shared with landmark, city or country",Comoros,Moroni,National Museum of the Comoros,moroni,9,images/landmarks/moroni-national-museum.webp,https://commons.wikimedia.org/wiki/File:Musee_des_Comores_(10842842534).jpg
"no word shared with landmark, city or country",Cuba,Havana,Malecón,havana,1,images/landmarks/havana-malec-n.webp,https://commons.wikimedia.org/wiki/File:AvMalecon-LaHabanaCuba-04735.jpg
"no word shared with landmark, city or country",Cuba,Havana,Havana Cathedral,havana,2,images/landmarks/havana-havana-cathedral.webp,https://commons.wikimedia.org/wiki/File:La_Havane_cathedrale_face.JPG
"no word shared with landmark, city or country",Curaçao,Willemstad,Mikvé Israel-Emanuel Synagogue,willemstad,2,images/landmarks/willemstad-mikve-israel-emanuel-synagogue.webp,https://commons.wikimedia.org/wiki/File:Cura%C3%A7ao_synagogue1.jpg
"no word shared with landmark, city or country",Cyprus,Nicosia,Cyprus Museum,nicosia,4,images/landmarks/nicosia-cyprus-museum.webp,
"no word shared with landmark, city or country",Cyprus,Nicosia,Ledra Street,nicosia,5,images/landmarks/nicosia-ledra-street.webp,
"no word shared with landmark, city or country",Cyprus,Paphos,Petra tou Romiou (Aphrodite's Rock),paphos,3,images/landmarks/paphos-petra-tou-romiou.webp,"https://commons.wikimedia.org/wiki/File:Roca_de_Afrodita,_Chipre,_2021-12-10,_DD_63.jpg"
"no word shared with landmark, city or country",Czechia,Brno,Špilberk Castle,brno,0,images/landmarks/brno-spilberk-castle.webp,https://commons.wikimedia.org/wiki/File:%C5%A0pilberk_(02).jpg
"no word shared with landmark, city or country",Czechia,Brno,Brno Ossuary,brno,5,images/landmarks/brno-brno-ossuary.webp,https://commons.wikimedia.org/wiki/File:Kostnice_u_sv_Jakuba_1.jpg
"no word shared with landmark, city or country",Czechia,Ostrava,Dolní Vítkovice (Lower Vítkovice),ostrava,0,images/landmarks/ostrava-dolni-vitkovice.webp,https://commons.wikimedia.org/wiki/File:Doln%C3%AD_V%C3%ADtkovice_from_Tieto_Towers.jpg
"no word shared with landmark, city or country",Czechia,Ostrava,New City Hall Viewing Tower,ostrava,2,images/landmarks/ostrava-new-city-hall-viewing-tower.webp,"https://commons.wikimedia.org/wiki/File:2014_Ostrawa,_Nowy_Ratusz_10.jpg"
"no word shared with landmark, city or country",Czechia,Ostrava,Stodolní Street,ostrava,7,images/landmarks/ostrava-stodolni-street.webp,https://commons.wikimedia.org/wiki/File:Stodoln%C3%AD_ulice.jpg
"no word shared with landmark, city or country",Czechia,Pilsen,Pilsen Historical Underground,pilsen,4,images/landmarks/pilsen-historical-underground.webp,https://commons.wikimedia.org/wiki/File:Plze%C5%88sk%C3%A9_historick%C3%A9_podzem%C3%AD_-_chodba.jpg
"no word shared with landmark, city or country",Czechia,Prague,Dancing House,prague,5,images/landmarks/prague-dancing-house.webp,"https://commons.wikimedia.org/wiki/File:Casa_Danzante,_Praga,_Rep%C3%BAblica_Checa,_2022-07-01,_DD_01.jpg"
"no word shared with landmark, city or country",Côte d'Ivoire,Abidjan,Henri Konan Bédié Bridge,abidjan,3,images/landmarks/abidjan-henri-konan-bedie-bridge.webp,https://commons.wikimedia.org/wiki/File:Pont_HKB_panorama_Plateau.jpg
"no word shared with landmark, city or country",Dominican Republic,La Romana,Central Romana Sugar Mill,la-romana,8,images/landmarks/la-romana-central-romana-sugar-mill.webp,https://commons.wikimedia.org/wiki/File:Dominicana-Altos_de_Chavon.jpg
"no word shared with landmark, city or country",Dominican Republic,Puerto Plata,Calle de las Sombrillas (Umbrella Street),puerto-plata,8,images/landmarks/puerto-plata-calle-de-las-sombrillas-umbrella-street.webp,https://www.flickr.com/photos/34128007@N04/54326751801
"no word shared with landmark, city or country",Ecuador,Quito,TelefériQo,quito,4,images/landmarks/quito-teleferiqo.webp,"https://commons.wikimedia.org/wiki/File:Curiquingue,_cerca_de_la_estaci%C3%B3n_del_Telef%C3%A9riQo.jpg"
"no word shared with landmark, city or country",Egypt,Alexandria,Citadel of Qaitbay,alexandria,1,images/landmarks/alexandria-citadel-of-qaitbay.webp,https://commons.wikimedia.org/wiki/File:QaitbeyCitadel.jpg
"no word shared with landmark, city or country",Egypt,Alexandria,Pompey's Pillar,alexandria,2,images/landmarks/alexandria-pompey-s-pillar.webp,https://commons.wikimedia.org/wiki/File:AlexSarapeionPompeysPillar.jpg
"no word shared with landmark, city or country",Egypt,Alexandria,Catacombs of Kom el Shoqafa,alexandria,3,images/landmarks/alexandria-catacombs-of-kom-el-shoqafa.webp,https://commons.wikimedia.org/wiki/File:...Catacombsa.jpg
"no word shared with landmark, city or country",Egypt,Alexandria,Abu al-Abbas al-Mursi Mosque,alexandria,5,images/landmarks/alexandria-abu-al-abbas-al-mursi-mosque.webp,https://commons.wikimedia.org/wiki/File:2007-05-043.jpg
"no word shared with landmark, city or country",Egypt,Alexandria,Alexandria National Museum,alexandria,6,images/landmarks/alexandria-alexandria-national-museum.webp,https://commons.wikimedia.org/wiki/File:GD-EG-Alex-MuséeNat040.JPG
"no word shared with landmark, city or country",Egypt,Alexandria,Roman Amphitheatre of Kom el-Dikka,alexandria,9,images/landmarks/alexandria-roman-amphitheatre-of-kom-el-dikka.webp,https://commons.wikimedia.org/wiki/File:Alexandrie_Théâtre_romain_2.jpg
"no word shared with landmark, city or country",Egypt,Aswan,Aswan High Dam,aswan,2,images/landmarks/aswan-aswan-high-dam.webp,https://commons.wikimedia.org/wiki/File:BarragemAssuão.jpg
"no word shared with landmark, city or country",Egypt,Cairo,Great Pyramid of Giza,cairo,0,images/landmarks/cairo-great-pyramid-of-giza.webp,https://commons.wikimedia.org/w/index.php?search=Great%20Pyramid%20of%20Giza%20Cairo&title=Special:MediaSearch
"no word shared with landmark, city or country",Egypt,Hurghada,Sand City Hurghada,hurghada,5,images/landmarks/hurghada-sand-city-hurghada.webp,https://www.flickr.com/photos/68166820@N08/33492564938
"no word shared with landmark, city or country",Egypt,Luxor,Avenue of Sphinxes,luxor,7,images/landmarks/luxor-avenue-of-sphinxes.webp,https://commons.wikimedia.org/wiki/File:1300_Sphinxen_säumten_ursprünglich_die_Allee._07.jpg
"no word shared with landmark, city or country",Egypt,Luxor,Ramesseum,luxor,9,images/landmarks/luxor-ramesseum.webp,https://commons.wikimedia.org/wiki/File:SFEC_AEH_-ThebesNecropolis-2010-RamsesII-021.jpg
"no word shared with landmark, city or country",Egypt,Marsa Alam,Port Ghalib,marsa-alam,6,images/landmarks/marsa-alam-port-ghalib.webp,https://commons.wikimedia.org/wiki/File:PortGhalibMarina.jpg
"no word shared with landmark, city or country",Egypt,Marsa Alam,Sikait Roman Emerald Mines,marsa-alam,9,images/landmarks/marsa-alam-sikait-roman-emerald-mines.webp,https://commons.wikimedia.org/wiki/File:SikaitEmeraldMines1.jpg
"no word shared with landmark, city or country",Egypt,Sharm El Sheikh,St. Catherine's Monastery,sharm-el-sheikh,8,images/landmarks/sharm-el-sheikh-st-catherines-monastery.webp,https://commons.wikimedia.org/wiki/File:Katharinenkloster_Sinai_BW_2.jpg
"no word shared with landmark, city or country",Egypt,Siwa Oasis,Temple of Umm Ubayda,siwa-oasis,8,images/landmarks/siwa-oasis-temple-of-umm-ubayda.webp,https://commons.wikimedia.org/wiki/File:SiwaUbeidaDetail.jpg
"no word shared with landmark, city or country",El Salvador,San Salvador,Monumento al Divino Salvador del Mundo,san-salvador,2,images/landmarks/san-salvador-monumento-al-divino-salvador-del-mundo.webp,https://commons.wikimedia.org/wiki/File:Salvadordelmundo.jpg
"no word shared with landmark, city or country",El Salvador,San Salvador,Museo de Arte de El Salvador (MARTE),san-salvador,9,images/landmarks/san-salvador-museo-de-arte-de-el-salvador-marte.webp,https://commons.wikimedia.org/wiki/File:Monumento_1950.jpg
"no word shared with landmark, city or country",Eswatini,Mbabane,Sibebe Rock,mbabane,0,images/landmarks/mbabane-sibebe-rock.webp,https://commons.wikimedia.org/wiki/File:Granite_monolith.jpg
"no word shared with landmark, city or country",Eswatini,Mbabane,Ludzidzini Royal Village,mbabane,5,images/landmarks/mbabane-ludzidzini-royal-village.webp,https://commons.wikimedia.org/wiki/File:ELudzidzini.JPG
"no word shared with landmark, city or country",Ethiopia,Addis Ababa,St. George's Cathedral,addis-ababa,6,images/landmarks/addis-ababa-st-george-s-cathedral.webp,https://commons.wikimedia.org/wiki/File:Katedrála_sv._Jiří.jpg
"no word shared with landmark, city or country",Ethiopia,Addis Ababa,Mercato,addis-ababa,8,images/landmarks/addis-ababa-mercato.webp,https://commons.wikimedia.org/wiki/File:MercatoAddisAbeba08.jpg
"no word shared with landmark, city or country",Ethiopia,Axum,Northern Stelae Park (Obelisks of Axum),axum,0,images/landmarks/axum-northern-stelae-park-obelisks-of-axum.webp,https://commons.wikimedia.org/wiki/File:ET%20Axum%20asv2018-01%20img37%20Stelae%20Park.jpg
"no word shared with landmark, city or country",Ethiopia,Axum,Church of Our Lady Mary of Zion,axum,1,images/landmarks/axum-church-of-our-lady-mary-of-zion.webp,https://commons.wikimedia.org/wiki/File:ET%20Axum%20asv2018-01%20img33%20StMary%20of%20Zion%20Church.jpg
"no word shared with landmark, city or country",Ethiopia,Axum,Chapel of the Tablet,axum,2,images/landmarks/axum-chapel-of-the-tablet.webp,https://commons.wikimedia.org/wiki/File:The%20Chapel%20Of%20The%20Tablet%2C%20Axum%2C%20Ethiopia%20%282842610803%29.jpg
"no word shared with landmark, city or country",Ethiopia,Axum,Dungur Palace (Queen of Sheba's Palace),axum,3,images/landmarks/axum-dungur-palace-queen-of-shebas-palace.webp,https://commons.wikimedia.org/wiki/File:ET%20Axum%20asv2018-01%20img45%20Dungur.jpg
"no word shared with landmark, city or country",Ethiopia,Axum,Tombs of Kings Kaleb and Gebre Meskel,axum,4,images/landmarks/axum-tombs-of-kings-kaleb-and-gebre-meskel.webp,https://commons.wikimedia.org/wiki/File:The%20Tomb%20of%20St.%20Elesbaan%20of%20Axum%20%282836160935%29.jpg
"no word shared with landmark, city or country",Ethiopia,Axum,Ezana Stone,axum,5,images/landmarks/axum-ezana-stone.webp,https://commons.wikimedia.org/wiki/File:The%20Ezana%20Stone%20%282840202630%29.jpg
"no word shared with landmark, city or country",Ethiopia,Axum,Mai Shum (Queen of Sheba's Bath),axum,6,images/landmarks/axum-mai-shum-queen-of-shebas-bath.webp,https://commons.wikimedia.org/wiki/File:ET%20Axum%20asv2018-01%20img21%20Queen%20of%20Sheba%20Bath.jpg
"no word shared with landmark, city or country",Ethiopia,Axum,Tomb of King Bazen,axum,7,images/landmarks/axum-tomb-of-king-bazen.webp,https://commons.wikimedia.org/wiki/File:Tumba%20de%20Bazen%2C%20Axum.JPG
"no word shared with landmark, city or country",Ethiopia,Axum,Abba Pentalewon Monastery,axum,9,images/landmarks/axum-abba-pentalewon-monastery.webp,https://commons.wikimedia.org/wiki/File:ET%20Axum%20asv2018-01%20img01%20Abba%20Pentalewon.jpg
"no word shared with landmark, city or country",Ethiopia,Bahir Dar,Zege Peninsula,bahir-dar,3,images/landmarks/bahir-dar-zege-peninsula.webp,https://commons.wikimedia.org/wiki/File:ZegePeninsulaPierSouthShore.jpg
"no word shared with landmark, city or country",Ethiopia,Bahir Dar,Debre Maryam Monastery,bahir-dar,5,images/landmarks/bahir-dar-debre-maryam-monastery.webp,https://commons.wikimedia.org/wiki/File:Exterior%20of%20Debre%20Maryam%20%28Church%29%20-%20Near%20Bahir%20Dar%20-%20Ethiopia%20%288679567265%29.jpg
"no word shared with landmark, city or country",Ethiopia,Bahir Dar,Kebran Gabriel Monastery,bahir-dar,6,images/landmarks/bahir-dar-kebran-gabriel-monastery.webp,https://commons.wikimedia.org/wiki/File:Lago%20tana%2C%20isola%20di%20Kebran%20Gabriel%2001.jpg
"no word shared with landmark, city or country",Ethiopia,Bahir Dar,Bahir Dar Grand Market,bahir-dar,8,images/landmarks/bahir-dar-bahir-dar-grand-market.webp,https://commons.wikimedia.org/wiki/File:View%20Down%20a%20Market%20Alleyway%20-%20Bahir%20Dar%20-%20Ethiopia%20%288677098671%29.jpg
"no word shared with landmark, city or country",Ethiopia,Bahir Dar,St. George Cathedral (Kidus Giorgis),bahir-dar,9,images/landmarks/bahir-dar-st-george-cathedral-kidus-giorgis.webp,https://commons.wikimedia.org/wiki/File:ET%20Bahir%20Dar%20asv2018-02%20img28%20StGeorge%20Church.jpg
"no word shared with landmark, city or country",Ethiopia,Gondar,Qusquam Debre Tsehay Church,gondar,8,images/landmarks/gondar-qusquam-debre-tsehay.webp,https://commons.wikimedia.org/wiki/File:Kuskuam_Palace_092018_-_2.jpg
"no word shared with landmark, city or country",Ethiopia,Mek'ele,Mekelle Salt Market,mek-ele,3,images/landmarks/mek-ele-mekelle-salt-market.webp,https://commons.wikimedia.org/wiki/File:ET_Mekele_asv2018-01_img19_pano_from_Choma_(cropped).jpg
"no word shared with landmark, city or country",Ethiopia,Mek'ele,Al Nejashi Mosque,mek-ele,8,images/landmarks/mekele-al-nejashi-mosque.webp,"https://commons.wikimedia.org/wiki/File:Negash,_la_moschea_sul_sito_della_pi%C3%B9_antica_moschea_d'etiopia,_del_vii_secolo_03.jpg"
"no word shared with landmark, city or country",Falkland Islands,Stanley,Bluff Cove Lagoon,stanley,7,images/landmarks/stanley-bluff-cove-lagoon.webp,https://commons.wikimedia.org/wiki/File:EastFalklandBluffCoveLagoon2.JPG
"no word shared with landmark, city or country",Faroe Islands,Tórshavn,National Museum of the Faroe Islands (Tjóðsavnið),torshavn,5,images/landmarks/torshavn-national-museum-of-the-faroe-islands-tjo-savni.webp,https://www.flickr.com/photos/52967177@N02/54213216438
"no word shared with landmark, city or country",Fiji,Nadi,Wailoaloa Beach,nadi,6,images/landmarks/nadi-wailoaloa-beach.webp,https://www.flickr.com/photos/29813463@N00/4736387753
"no word shared with landmark, city or country",Fiji,Nadi,Vuda Marina,nadi,8,images/landmarks/nadi-vuda-marina.webp,https://commons.wikimedia.org/wiki/File:Viti_Levu_Islands.jpg
"no word shared with landmark, city or country",Finland,Rovaniemi,SantaPark Arctic World,rovaniemi,2,images/landmarks/rovaniemi-santapark-arctic-world.webp,https://commons.wikimedia.org/wiki/File:Santa_Park_(5307457814).jpg
"no word shared with landmark, city or country",Finland,Rovaniemi,Pilke Science Centre,rovaniemi,7,images/landmarks/rovaniemi-pilke-science-centre.webp,https://commons.wikimedia.org/wiki/File:SciencecentrePilke.jpg
"no word shared with landmark, city or country",Finland,Rovaniemi,Rovaniemi City Library,rovaniemi,9,images/landmarks/rovaniemi-rovaniemi-city-library.webp,https://commons.wikimedia.org/wiki/File:Rovaniemen_kaupungintalo_ja_Vuorten_synty.jpg
"no word shared with landmark, city or country",Finland,Tampere,Näsinneula Tower,tampere,3,images/landmarks/tampere-nasinneula-tower.webp,https://commons.wikimedia.org/wiki/File:N%C3%A4sinneula_2020.jpg
"no word shared with landmark, city or country",Finland,Tampere,Särkänniemi Amusement Park,tampere,4,images/landmarks/tampere-sarkanniemi-amusement-park.webp,https://commons.wikimedia.org/wiki/File:S%C3%A4rk%C3%A4nniemi_20150804.jpg
"no word shared with landmark, city or country",Finland,Turku,Sibelius Museum,turku,8,images/landmarks/turku-sibelius-museum.webp,https://commons.wikimedia.org/wiki/File:Sibeliusmuseum.jpg
"no word shared with landmark, city or country",France,Aix-en-Provence,Fontaine de la Rotonde,aix-en-provence,2,images/landmarks/aix-en-provence-fontaine-de-la-rotonde.webp,https://commons.wikimedia.org/wiki/File:Bas_du_cours_mirabeau.jpg
"no word shared with landmark, city or country",France,Aix-en-Provence,Quartier Mazarin,aix-en-provence,7,images/landmarks/aix-en-provence-quartier-mazarin.webp,https://commons.wikimedia.org/wiki/File:Devoux1753.jpeg
"no word shared with landmark, city or country",France,Avignon,Les Halles d'Avignon,avignon,8,images/landmarks/avignon-les-halles-davignon.webp,https://commons.wikimedia.org/wiki/File:March%C3%A9%20sur%20la%20place%20Pie%20devant%20les%20Halles%20d%27Avignon.jpg
"no word shared with landmark, city or country",France,Bordeaux,Grand Théâtre,bordeaux,5,images/landmarks/bordeaux-grand-theatre.webp,https://commons.wikimedia.org/wiki/File:GrandTheatreBordeaux2.jpg
"no word shared with landmark, city or country",France,Chamonix-Mont-Blanc,Vallée Blanche Panoramic Gondola,chamonix-mont-blanc,9,images/landmarks/chamonix-mont-blanc-vallee-blanche-gondola.webp,https://commons.wikimedia.org/wiki/File:Punta_helbronner_1.jpg
"no word shared with landmark, city or country",France,Colmar,Musée Bartholdi,colmar,5,images/landmarks/colmar-mus-e-bartholdi.webp,https://commons.wikimedia.org/wiki/File:Bartoldi-Museum.JPG
"no word shared with landmark, city or country",France,Grenoble,Parc Paul Mistral and the Perret Tower,grenoble,8,images/landmarks/grenoble-parc-paul-mistral-perret-tower.webp,https://commons.wikimedia.org/wiki/File:GRENOBLE15.JPG
"no word shared with landmark, city or country",France,Lyon,Vieux Lyon (Old Lyon),lyon,1,images/landmarks/lyon-vieux-lyon.webp,https://commons.wikimedia.org/wiki/File:Vieuxlyon_saintjean_toits.jpg
"no word shared with landmark, city or country",France,Lyon,Musée des Confluences,lyon,6,images/landmarks/lyon-musee-des-confluences.webp,https://en.wikipedia.org/wiki/File:Confluence_museum_from_Raymond_Barre_bridge.jpg
"no word shared with landmark, city or country",France,Marseille,MuCEM (Musée des Civilisations de l'Europe et de la Méditerranée),marseille,2,images/landmarks/marseille-mucem.webp,https://commons.wikimedia.org/wiki/File:%22Beeindruckende_Architektur%22._5.jpg
"no word shared with landmark, city or country",France,Marseille,Calanques National Park,marseille,8,images/landmarks/marseille-calanques-national-park.webp,https://commons.wikimedia.org/wiki/File:En-Vau_calanque_4.jpg
"no word shared with landmark, city or country",France,Montpellier,Château de Flaugergues,montpellier,9,images/landmarks/montpellier-chateau-de-flaugergues.webp,https://commons.wikimedia.org/wiki/File:Chateaudeflaugergue.jpg
"no word shared with landmark, city or country",France,Nantes,Mémorial de l'abolition de l'esclavage,nantes,5,images/landmarks/nantes-memorial-de-labolition-de-lesclavage.webp,https://commons.wikimedia.org/wiki/File:M%C3%A9morial_de_l%27abolition_de_l%27esclavage.jpg
"no word shared with landmark, city or country",France,Paris,Musée d'Orsay,paris,6,images/landmarks/paris-musee-dorsay.webp,https://commons.wikimedia.org/wiki/File:MuseeDOrsay.jpg
"no word shared with landmark, city or country",France,Perpignan,Palais des Rois de Majorque (Palace of the Kings of Majorca),perpignan,0,images/landmarks/perpignan-palais-des-rois-de-majorque.webp,https://commons.wikimedia.org/wiki/File:Palaisdesrois.jpg
"no word shared with landmark, city or country",France,Saint-Tropez,Phare de Saint-Tropez,saint-tropez,9,images/landmarks/saint-tropez-phare-de-saint-tropez.webp,https://commons.wikimedia.org/wiki/File:Pointe_Sainte-Hospice.jpg
"no word shared with landmark, city or country",France,Tours,Cathédrale Saint-Gatien,tours,0,images/landmarks/tours-cathedrale-saint-gatien.webp,https://www.flickr.com/photos/129231073@N06/50537589171
"no word shared with landmark, city or country",French Guiana,Cayenne,Marché de Cayenne (Central Market),cayenne,2,images/landmarks/cayenne-marche-de-cayenne.webp,https://commons.wikimedia.org/wiki/File:Marchecayenne.JPG
"no word shared with landmark, city or country",French Guiana,Cayenne,Cathédrale Saint-Sauveur,cayenne,3,images/landmarks/cayenne-cathedrale-saint-sauveur.webp,https://commons.wikimedia.org/wiki/File:Cath%C3%A9dralestsauveur.jpg
"no word shared with landmark, city or country",French Guiana,Cayenne,Jardin Botanique de Cayenne,cayenne,7,images/landmarks/cayenne-jardin-botanique.webp,https://commons.wikimedia.org/wiki/File:Jardinbotanique.JPG
"no word shared with landmark, city or country",Georgia,Batumi,Gonio Fortress,batumi,7,images/landmarks/batumi-gonio-fortress.webp,https://commons.wikimedia.org/wiki/File:Castle_of_Gonio2.jpg
"no word shared with landmark, city or country",Germany,Aachen,Cathedral Treasury (Domschatzkammer),aachen,1,images/landmarks/aachen-cathedral-treasury.webp,https://commons.wikimedia.org/wiki/File:Domschatzkammer2.jpg
"no word shared with landmark, city or country",Germany,Baden-Baden,Merkur Mountain,baden-baden,5,images/landmarks/baden-baden-merkur-mountain.webp,https://www.pexels.com/photo/view-over-the-town-28446903/
"no word shared with landmark, city or country",Germany,Bonn,Poppelsdorf Palace,bonn,4,images/landmarks/bonn-poppelsdorf-palace.webp,https://commons.wikimedia.org/wiki/File:Poppelsdorfer_Schloss_seen_from_the_East.jpg
"no word shared with landmark, city or country",Germany,Bremen,Roland Statue,bremen,1,images/landmarks/bremen-roland-statue.webp,https://commons.wikimedia.org/wiki/File:RolandBremen02.jpg
"no word shared with landmark, city or country",Germany,Bremen,Böttcherstraße,bremen,4,images/landmarks/bremen-bottcherstrasse.webp,https://commons.wikimedia.org/wiki/File:EngelBoettcherstrasse.jpg
"no word shared with landmark, city or country",Germany,Bremen,Schlachte Embankment,bremen,7,images/landmarks/bremen-schlachte-embankment.webp,https://commons.wikimedia.org/wiki/File:BremenSchlachte-03.jpg
"no word shared with landmark, city or country",Germany,Cologne,Hohenzollern Bridge,cologne,1,images/landmarks/cologne-hohenzollern-bridge.webp,https://commons.wikimedia.org/wiki/File:Hohenzollernbr%C3%BCcke_K%C3%B6ln_von_oben.jpg
"no word shared with landmark, city or country",Germany,Cologne,Chocolate Museum (Schokoladenmuseum),cologne,5,images/landmarks/cologne-chocolate-museum.webp,https://commons.wikimedia.org/wiki/File:Schoko_Koeln_20061015.jpg
"no word shared with landmark, city or country",Germany,Cologne,KölnTriangle observation deck,cologne,6,images/landmarks/cologne-k-lntriangle-observation-deck.webp,https://commons.wikimedia.org/wiki/File:K%C3%B6lnTriangle_(0684).jpg
"no word shared with landmark, city or country",Germany,Dresden,Residenzschloss and the Green Vault,dresden,3,images/landmarks/dresden-residenzschloss.webp,https://commons.wikimedia.org/wiki/File:DD-Schloss-gp.jpg
"no word shared with landmark, city or country",Germany,Dresden,Brühlsche Terrasse (Brühl's Terrace),dresden,5,images/landmarks/dresden-bruhlsche-terrasse.webp,https://commons.wikimedia.org/wiki/File:Br%C3%BChlscheterrasse01.jpg
"no word shared with landmark, city or country",Germany,Dresden,Albertinum,dresden,7,images/landmarks/dresden-albertinum.webp,https://commons.wikimedia.org/wiki/File:AlbertinumDresden.jpg
"no word shared with landmark, city or country",Germany,Frankfurt am Main,Römer (Old City Hall),frankfurt-am-main,1,images/landmarks/frankfurt-am-main-romer.webp,https://commons.wikimedia.org/wiki/File:Frankfurter_R%C3%B6mer_2019.jpg
"no word shared with landmark, city or country",Germany,Freiburg,Freiburg Münster (Minster),freiburg,0,images/landmarks/freiburg-munster.webp,https://commons.wikimedia.org/wiki/File:Turm_des_Freiburger_M%C3%BCnster_2022.jpg
"no word shared with landmark, city or country",Germany,Freiburg,Schauinsland Cable Car,freiburg,4,images/landmarks/freiburg-schauinsland-cable-car.webp,https://commons.wikimedia.org/wiki/File:20160710-00786-Schauinslandbahn.jpg
"no word shared with landmark, city or country",Germany,Garmisch-Partenkirchen,Wank Mountain,garmisch-partenkirchen,6,images/landmarks/garmisch-partenkirchen-wank.webp,https://commons.wikimedia.org/wiki/File:Wankhaus.JPG
"no word shared with landmark, city or country",Germany,Garmisch-Partenkirchen,Höllentalklamm,garmisch-partenkirchen,8,images/landmarks/garmisch-partenkirchen-hollentalklamm.webp,https://commons.wikimedia.org/wiki/File:H%C3%B6llentalklamm1.jpg
"no word shared with landmark, city or country",Germany,Hamburg,Landungsbrücken,hamburg,4,images/landmarks/hamburg-landungsbrucken.webp,https://commons.wikimedia.org/wiki/File:Landungsbr%C3%BCcken.wmt.jpg
"no word shared with landmark, city or country",Germany,Heidelberg,Königstuhl Summit and Funicular,heidelberg,5,images/landmarks/heidelberg-k-nigstuhl-summit-and-funicular.webp,https://commons.wikimedia.org/wiki/File:HeidelbergKonigstuhlFunicular.jpg
"no word shared with landmark, city or country",Germany,Konstanz,Konstanz Minster (Münster Unserer Lieben Frau),konstanz,0,images/landmarks/konstanz-minster.webp,https://commons.wikimedia.org/wiki/File:00_8946_Konstanzer_M%C3%BCnster.jpg
"no word shared with landmark, city or country",Germany,Munich,Olympiapark,munich,5,images/landmarks/munich-olympiapark.webp,https://commons.wikimedia.org/wiki/File:M%C3%BCnchen_-_Olympische_Bauten.jpg
"no word shared with landmark, city or country",Germany,Nuremberg,Documentation Center Nazi Party Rally Grounds,nuremberg,4,images/landmarks/nuremberg-documentation-center.webp,https://commons.wikimedia.org/wiki/File:Dokumentationszentrum_Reichsparteitagsgelände2.jpg
"no word shared with landmark, city or country",Germany,Regensburg,Schloss Thurn und Taxis (St. Emmeram Palace),regensburg,5,images/landmarks/regensburg-schloss-thurn-und-taxis.webp,https://commons.wikimedia.org/wiki/File:SchlossThurnundTaxis2010.JPG
"no word shared with landmark, city or country",Germany,Rostock,Kröpeliner Strasse,rostock,5,images/landmarks/rostock-kropeliner-strasse.webp,https://commons.wikimedia.org/wiki/File:2019_-_Kr%C3%B6peliner_Stra%C3%9Fe_und_Kr%C3%B6peliner_Tor_am_Abend.jpg
"no word shared with landmark, city or country",Germany,Stuttgart,Altes Schloss (Old Castle),stuttgart,3,images/landmarks/stuttgart-altes-schloss-old-castle.webp,https://commons.wikimedia.org/wiki/File:AltesSchlossStuttgart.JPG
"no word shared with landmark, city or country",Germany,Trier,Electoral Palace and Gardens,trier,8,images/landmarks/trier-electoral-palace.webp,https://commons.wikimedia.org/wiki/File:Kurfürstliches_Palais.jpg
"no word shared with landmark, city or country",Germany,Würzburg,Käppele,wurzburg,5,images/landmarks/wurzburg-kappele.webp,https://commons.wikimedia.org/wiki/File:Kaeppele_wuerzburg_festungsfoto.jpg
"no word shared with landmark, city or country",Germany,Würzburg,Neumünster,wurzburg,7,images/landmarks/wurzburg-neumunster.webp,https://commons.wikimedia.org/wiki/File:Neum%C3%BCnster_W%C3%BCrzburg_-_IMG_6690B.JPG
"no word shared with landmark, city or country",Ghana,Accra,Jamestown Lighthouse,accra,3,images/landmarks/accra-jamestown-lighthouse.webp,https://commons.wikimedia.org/wiki/File:James_town_2.jpg
"no word shared with landmark, city or country",Ghana,Cape Coast,Elmina Castle (St. George's Castle),cape-coast,1,images/landmarks/cape-coast-elmina-castle.webp,https://commons.wikimedia.org/w/index.php?search=Elmina%20Castle%20%28St.%20George%27s%20Castle%29%20Cape%20Coast&title=Special:MediaSearch
"no word shared with landmark, city or country",Ghana,Cape Coast,Kakum National Park Canopy Walkway,cape-coast,2,images/landmarks/cape-coast-kakum-canopy-walkway.webp,https://commons.wikimedia.org/w/index.php?search=Kakum%20National%20Park%20Canopy%20Walkway%20Cape%20Coast&title=Special:MediaSearch
"no word shared with landmark, city or country",Ghana,Cape Coast,Fort St. Jago (Fort Coenraadsburg),cape-coast,6,images/landmarks/cape-coast-fort-st-jago-coenraadsburg.webp,https://commons.wikimedia.org/w/index.php?search=Fort%20St.%20Jago%20%28Fort%20Coenraadsburg%29%20Cape%20Coast&title=Special:MediaSearch
"no word shared with landmark, city or country",Greece,Athens,Temple of Olympian Zeus,athens,2,images/landmarks/athens-temple-of-olympian-zeus.webp,https://commons.wikimedia.org/wiki/File:L'Olympieion_(Athènes)_(30776483926).jpg
"no word shared with landmark, city or country",Greece,Athens,Syntagma Square,athens,5,images/landmarks/athens-syntagma-square.webp,https://commons.wikimedia.org/wiki/File:Πλατεία_Συντάγματος_6386.jpg
"no word shared with landmark, city or country",Greece,Chios,Chios Castle and Kastro quarter,chios,1,images/landmarks/chios-castle-kastro.webp,https://commons.wikimedia.org/wiki/File:ΚΑΣΤΡΟ_ΧΙΟΥ_ΕΙΣΟΔΟΣ.jpg
"no word shared with landmark, city or country",Greece,Chios,Kampos district,chios,3,images/landmarks/chios-kampos.webp,https://commons.wikimedia.org/wiki/File:Οίκημα_-_Κάμπος_Χίου_1.jpg
"no word shared with landmark, city or country",Greece,Chios,Daskalopetra (Teacher's Rock),chios,4,images/landmarks/chios-daskalopetra.webp,https://commons.wikimedia.org/wiki/File:ΔΑΣΚΑΛΟΠΕΤΡΑ_ΠΕΤΡΑ_ΟΜΗΡΟΥ.jpg
"no word shared with landmark, city or country",Greece,Chios,Mavra Volia beach,chios,5,images/landmarks/chios-mavra-volia-beach.webp,https://commons.wikimedia.org/wiki/File:ΜΑΥΡΑ_ΒΟΛΙΑ(ΧΙΟΣ).jpg
"no word shared with landmark, city or country",Greece,Corfu,Old Fortress (Palaio Frourio),corfu,0,images/landmarks/corfu-old-fortress.webp,https://commons.wikimedia.org/wiki/File:Kerkyrapalaiofrourio.JPG
"no word shared with landmark, city or country",Greece,Corfu,Palace of St. Michael and St. George (Museum of Asian Art),corfu,8,images/landmarks/corfu-palace-of-st-michael-and-st-george.webp,"https://commons.wikimedia.org/wiki/File:Palau_de_sant_Miquel_i_sant_Jordi_-_Palaia_Anaktora,_Corf%C3%BA.JPG"
"no word shared with landmark, city or country",Greece,Corfu,New Fortress (Neo Frourio),corfu,9,images/landmarks/corfu-new-fortress-neo-frourio.webp,https://commons.wikimedia.org/wiki/File:Corfou-ville-nouvelle_citadelle.jpg
"no word shared with landmark, city or country",Greece,Kalamata,Kalamata Castle,kalamata,0,images/landmarks/kalamata-castle.webp,https://commons.wikimedia.org/wiki/File:%CE%94%CE%A5%CE%A4%CE%99%CE%9A%CE%97_%CE%A0%CE%A1%CE%9F%CE%A3%CE%9F%CE%A8%CE%97_%CE%9A%CE%91%CE%A3%CE%A4%CE%A1%CE%9F%CE%A5_%CE%9A%CE%91%CE%9B%CE%91%CE%9C%CE%91%CE%A4%CE%91%CE%A3.jpg
"no word shared with landmark, city or country",Greece,Kalamata,Archaeological Museum of Messenia,kalamata,3,images/landmarks/kalamata-archaeological-museum-of-messenia.webp,https://commons.wikimedia.org/wiki/File:%CE%91%CF%81%CF%87%CE%B1%CE%B9%CE%BF%CE%BB%CE%BF%CE%B3%CE%B9%CE%BA%CF%8C_%CE%9C%CE%BF%CF%85%CF%83%CE%B5%CE%AF%CE%BF_%CE%9C%CE%B5%CF%83%CF%83%CE%B7%CE%BD%CE%AF%CE%B1%CF%82_01.jpg
"no word shared with landmark, city or country",Greece,Mytilene,Roman Aqueduct of Moria,mytilene,3,images/landmarks/mytilene-roman-aqueduct-of-moria.webp,https://commons.wikimedia.org/wiki/File:%CE%A1%CF%89%CE%BC%CE%B1%CE%B9%CE%BA%CF%8C_%CF%85%CE%B4%CF%81%CE%B1%CE%B3%CF%89%CE%B3%CE%B5%CE%AF%CE%BF_%CE%9C%CF%8C%CF%81%CE%B9%CE%B1%CF%82_4.jpg
"no word shared with landmark, city or country",Greece,Mytilene,Theophilos Museum,mytilene,6,images/landmarks/mytilene-theophilos-museum.webp,https://commons.wikimedia.org/wiki/File:Theofilos-photo.jpeg
"no word shared with landmark, city or country",Greenland,Nuuk,Katuaq Cultural Centre,nuuk,5,images/landmarks/nuuk-katuaq-cultural-centre.webp,https://commons.wikimedia.org/wiki/File:Katuaq2008.JPG
"no word shared with landmark, city or country",Grenada,St. George's,Bay Gardens Botanical Reserve,st-george-s,9,images/landmarks/st-george-s-bay-gardens-botanical-reserve.webp,https://commons.wikimedia.org/wiki/File:Macropus_rufogriseus_rufogriseus_Juvenile_2.jpg
"no word shared with landmark, city or country",Guadeloupe,Le Gosier,Fort Fleur d'Épée,le-gosier,1,images/landmarks/le-gosier-fort-fleur-depee.webp,https://commons.wikimedia.org/wiki/File:FortFleurd%C3%A9p%C3%A9e.jpg
"no word shared with landmark, city or country",Guatemala,Quetzaltenango,Parque Centro América,quetzaltenango,0,images/landmarks/quetzaltenango-parque-centro-america.webp,https://commons.wikimedia.org/wiki/File:QuetzaltenangoPCA.jpg
"no word shared with landmark, city or country",Guatemala,Quetzaltenango,Cerro El Baúl,quetzaltenango,5,images/landmarks/quetzaltenango-cerro-el-baul.webp,https://commons.wikimedia.org/wiki/File:El_Ba%C3%BAl_3.jpg
"no word shared with landmark, city or country",Guinea,Conakry,Camayenne Botanical Garden,conakry,6,images/landmarks/conakry-camayenne-botanical-garden.webp,https://en.wikipedia.org/wiki/File:Conakrymosque.jpg
"no word shared with landmark, city or country",Haiti,Cap-Haïtien,Historic Center Gingerbread Streets,cap-haitien,4,images/landmarks/cap-haitien-historic-center-gingerbread-streets.webp,https://commons.wikimedia.org/w/index.php?search=Historic%20Center%20Gingerbread%20Streets%20Cap-Ha%C3%AFtien&title=Special:MediaSearch
"no word shared with landmark, city or country",Honduras,San Pedro Sula,Museo de Antropología e Historia,san-pedro-sula,2,images/landmarks/san-pedro-sula-museo-de-antropologia-e-historia.webp,https://commons.wikimedia.org/wiki/File:Casain2.jpg
"no word shared with landmark, city or country",Honduras,Tegucigalpa,Cristo del Picacho,tegucigalpa,2,images/landmarks/tegucigalpa-cristo-del-picacho.webp,https://www.flickr.com/photos/ahvega/3972254772
"no word shared with landmark, city or country",Hungary,Budapest,Fisherman's Bastion,budapest,1,images/landmarks/budapest-fisherman-s-bastion.webp,https://commons.wikimedia.org/wiki/File:Hal%C3%A1szb%C3%A1stya_2017.jpg
"no word shared with landmark, city or country",Hungary,Budapest,Buda Castle,budapest,2,images/landmarks/budapest-buda-castle.webp,"https://commons.wikimedia.org/wiki/File:Budav%C3%A1ri_Palota,_ABCDEF_%C3%A9p%C3%BClet.jpg"
"no word shared with landmark, city or country",Hungary,Budapest,Matthias Church,budapest,6,images/landmarks/budapest-matthias-church.webp,https://commons.wikimedia.org/wiki/File:MatyasTemplomFotoThalerTamas20162.JPG
"no word shared with landmark, city or country",Hungary,Budapest,Great Market Hall,budapest,7,images/landmarks/budapest-great-market-hall.webp,https://commons.wikimedia.org/wiki/File:VasarcsarnokFotoThalerTamas.JPG
"no word shared with landmark, city or country",Hungary,Budapest,Gellért Hill,budapest,9,images/landmarks/budapest-gellert-hill.webp,https://commons.wikimedia.org/wiki/File:Gell%C3%A9rtHillSkyline.jpg
"no word shared with landmark, city or country",Hungary,Pécs,Mosque of Pasha Qasim,pecs,1,images/landmarks/pecs-mosque-of-pasha-qasim.webp,https://commons.wikimedia.org/wiki/File:P%C3%A9csMosquePashaQasim.jpg
"no word shared with landmark, city or country",Hungary,Pécs,Pécs Cathedral,pecs,2,images/landmarks/pecs-pecs-cathedral.webp,https://commons.wikimedia.org/wiki/File:19860902360NR_P%C3%A9cs_(F%C3%BCnfkirchen)_Petersdom_Hauptfassade.jpg
"no word shared with landmark, city or country",Hungary,Pécs,Barbican,pecs,5,images/landmarks/pecs-barbican.webp,https://commons.wikimedia.org/wiki/File:P%C3%A9cs_-_Castle_01.jpg
"no word shared with landmark, city or country",Hungary,Pécs,Jakováli Hasszán Mosque,pecs,7,images/landmarks/pecs-jakovali-hasszan-mosque.webp,https://commons.wikimedia.org/wiki/File:P%C3%A9csJakov%C3%A1liHassz%C3%A1nPasaDzs%C3%A1mi.jpg
"no word shared with landmark, city or country",Iceland,Reykjavík,Hallgrímskirkja,reykjavik,0,images/landmarks/reykjavik-hallgrimskirkja.webp,https://commons.wikimedia.org/wiki/File:Hallgr%C3%ADmskirkja.jpeg
"no word shared with landmark, city or country",Iceland,Reykjavík,Perlan,reykjavik,3,images/landmarks/reykjavik-perlan.webp,https://commons.wikimedia.org/wiki/File:20190623_PerlanWalk_8818_(48469788156).jpg
"no word shared with landmark, city or country",Iceland,Reykjavík,Alþingishúsið (Parliament House),reykjavik,6,images/landmarks/reykjavik-althingishusid.webp,https://commons.wikimedia.org/wiki/File:Al%C3%BEingish%C3%BAsi%C3%B0.jpg
"no word shared with landmark, city or country",India,Agra,Fatehpur Sikri,agra,4,images/landmarks/agra-fatehpur-sikri.webp,https://commons.wikimedia.org/wiki/File:Fatehput_Sikiri_Buland_Darwaza_gate_2010.jpg
"no word shared with landmark, city or country",India,Agra,Ram Bagh (Aram Bagh),agra,8,images/landmarks/agra-ram-bagh-aram-bagh.webp,https://commons.wikimedia.org/wiki/File:Chhatri_at_Arambagh_2.jpg
"no word shared with landmark, city or country",India,Amritsar,Akal Takht,amritsar,3,images/landmarks/amritsar-akal-takht.webp,https://commons.wikimedia.org/wiki/File:AkalTakhtGoldenTempleComplex.jpg
"no word shared with landmark, city or country",India,Cochin,Kerala Kathakali Centre,cochin,6,images/landmarks/cochin-kerala-kathakali-centre.webp,https://commons.wikimedia.org/wiki/File:Boathouse_(7063399547).jpg
"no word shared with landmark, city or country",India,Delhi,Lotus Temple,delhi,4,images/landmarks/delhi-lotus-temple.webp,https://commons.wikimedia.org/wiki/File:LotusDelhi.jpg
"no word shared with landmark, city or country",India,Delhi,Raj Ghat,delhi,9,images/landmarks/delhi-raj-ghat.webp,https://commons.wikimedia.org/wiki/File:Gandhi_Memorial.jpg
"no word shared with landmark, city or country",India,Hyderabad,Qutb Shahi Tombs,hyderabad,2,images/landmarks/hyderabad-qutb-shahi-tombs.webp,https://commons.wikimedia.org/wiki/File:Tomb_of_Hayath_Bakshi_Begum_01.jpg
"no word shared with landmark, city or country",India,Madurai,Kazimar Big Mosque,madurai,9,images/landmarks/madurai-kazimar-big-mosque.webp,https://commons.wikimedia.org/wiki/File:Kazimarbigmosque.JPG
"no word shared with landmark, city or country",India,Mysore,Srirangapatna,mysore,8,images/landmarks/mysore-srirangapatna.webp,https://commons.wikimedia.org/wiki/File:Sri_Ranganathaswamy_Temple_-_panoramio.jpg
"no word shared with landmark, city or country",Indonesia,Banda Aceh,Gunongan,banda-aceh,4,images/landmarks/banda-aceh-gunongan.webp,https://commons.wikimedia.org/wiki/File:Taman%20bij%20Kota%20Goenongan.jpg
"no word shared with landmark, city or country",Indonesia,Banda Aceh,"Baiturrahim Mosque, Ulee Lheue",banda-aceh,7,images/landmarks/banda-aceh-baiturrahim-mosque-ulee-lheue.webp,https://commons.wikimedia.org/wiki/File:Masjid%20Baiturrahim%20Ulee%20Lheue.jpg
"no word shared with landmark, city or country",Indonesia,Banda Aceh,Ulee Lheue Beach and Harbor,banda-aceh,9,images/landmarks/banda-aceh-ulee-lheue-beach-and-harbor.webp,https://commons.wikimedia.org/wiki/File:Pelabuhan%20Ul%C3%A8%C3%AB%20Lheu%C3%AB.JPG
"no word shared with landmark, city or country",Indonesia,Banyuwangi,Sukamade Turtle Beach,banyuwangi,5,images/landmarks/banyuwangi-sukamade-turtle-beach.webp,https://commons.wikimedia.org/wiki/File:Freedom_to_Face_Dangerous_Life.jpg
"no word shared with landmark, city or country",Indonesia,Banyuwangi,Pantai Boom (Boom Beach),banyuwangi,9,images/landmarks/banyuwangi-pantai-boom-boom-beach.webp,https://commons.wikimedia.org/wiki/File:Jbtnrelboom.jpeg
"no word shared with landmark, city or country",Indonesia,Labuan Bajo,Rinca Island,labuan-bajo,3,images/landmarks/labuan-bajo-rinca-island.webp,https://commons.wikimedia.org/wiki/File:Rinca2.jpg
"no word shared with landmark, city or country",Indonesia,Labuan Bajo,Manta Point,labuan-bajo,4,images/landmarks/labuan-bajo-manta-point.webp,https://commons.wikimedia.org/wiki/File:Dharavandhoo_Thila_-_Manata_Black_Pearl.JPG
"no word shared with landmark, city or country",Indonesia,Makassar,Trans Studio Makassar,makassar,4,images/landmarks/makassar-trans-studio-makassar.webp,https://commons.wikimedia.org/wiki/File:TransStudioMakassar.jpg
"no word shared with landmark, city or country",Indonesia,Makassar,Somba Opu Fort,makassar,5,images/landmarks/makassar-somba-opu-fort.webp,https://commons.wikimedia.org/wiki/File:BentengSambaOpuDinding.JPG
"no word shared with landmark, city or country",Indonesia,Mataram,Banyumulek Pottery Village,mataram,8,images/landmarks/mataram-banyumulek-pottery-village.webp,https://commons.wikimedia.org/wiki/File:Aktivitas_Pembuat_Gerabah.jpg
"no word shared with landmark, city or country",Indonesia,Surakarta,De Tjolomadoe,surakarta,8,images/landmarks/surakarta-de-tjolomadoe.webp,https://commons.wikimedia.org/wiki/File:Pabrik_Gula_Colomadu.jpg
"no word shared with landmark, city or country",Iran,Hamadan,Baba Taher Mausoleum,hamadan,5,images/landmarks/hamadan-baba-taher-mausoleum.webp,https://commons.wikimedia.org/wiki/File:1%D8%A2%D8%B1%D8%A7%D9%85%DA%AF%D8%A7%D9%87_%D8%A8%D8%A7%D8%A8%D8%A7_%D8%B7%D8%A7%D9%87%D8%B1_%D8%B9%D8%B1%DB%8C%D8%A7%D9%86.jpg
"no word shared with landmark, city or country",Iran,Kerman,Shazdeh Garden (Mahan),kerman,2,images/landmarks/kerman-shazdeh-garden.webp,https://commons.wikimedia.org/wiki/File:باغ_شاهزاده-ماهان-کرمان.jpg
"no word shared with landmark, city or country",Iran,Kerman,Jabalieh Dome,kerman,6,images/landmarks/kerman-jabalieh-dome.webp,https://commons.wikimedia.org/wiki/File:Gonbade_jabaliyeh1.jpg
"no word shared with landmark, city or country",Iran,Kerman,Fathabad Garden,kerman,8,images/landmarks/kerman-fathabad-garden.webp,https://commons.wikimedia.org/wiki/File:باغ_فتح_اباد.jpg
"no word shared with landmark, city or country",Iran,Kermanshah,Taq-e Bostan,kermanshah,0,images/landmarks/kermanshah-taq-e-bostan.webp,https://commons.wikimedia.org/wiki/File:تاق‌بستان.jpg
"no word shared with landmark, city or country",Iran,Kermanshah,Kermanshah Traditional Bazaar (Tarikeh Bazaar),kermanshah,2,images/landmarks/kermanshah-kermanshah-traditional-bazaar.webp,https://commons.wikimedia.org/wiki/File:Tarike_bazar.jpg
"no word shared with landmark, city or country",Iran,Kermanshah,Tekyeh Biglar Beygi,kermanshah,4,images/landmarks/kermanshah-tekyeh-biglar-beygi.webp,https://commons.wikimedia.org/wiki/File:Biglarbeigi.jpg
"no word shared with landmark, city or country",Iran,Mashhad,Imam Reza Holy Shrine,mashhad,0,images/landmarks/mashhad-imam-reza-holy-shrine.webp,https://commons.wikimedia.org/wiki/File:%D8%B5%D8%AD%D9%86_%D8%A7%DB%8C%D9%88%D8%A7%D9%86_%D8%B7%D9%84%D8%A7_%D9%88_%D8%B3%D9%82%D8%A7%D8%AE%D8%A7%D9%86%D9%87.jpg
"no word shared with landmark, city or country",Iran,Mashhad,Kooh Sangi Park,mashhad,6,images/landmarks/mashhad-kooh-sangi-park.webp,https://commons.wikimedia.org/wiki/File:Koohsagi1.jpg
"no word shared with landmark, city or country",Iran,Mashhad,Harooniyeh Monument (Tus),mashhad,8,images/landmarks/mashhad-harooniyeh-monument-tus.webp,https://commons.wikimedia.org/wiki/File:Haruniyeh.JPG
"no word shared with landmark, city or country",Iran,Qom,Feyziyeh Seminary,qom,3,images/landmarks/qom-feyziyeh-seminary.webp,https://commons.wikimedia.org/wiki/File:Feyziyya_School_%D9%85%D8%AF%D8%B1%D8%B3%D9%87_%D9%81%DB%8C%D8%B6%DB%8C%D9%87_01.jpg
"no word shared with landmark, city or country",Iran,Qom,Gonbad-e Sabz (Green Dome Mausoleums),qom,5,images/landmarks/qom-gonbad-e-sabz.webp,https://commons.wikimedia.org/wiki/File:%D8%A8%D8%A7%D8%BA_%DA%AF%D9%86%D8%A8%D8%AF_%D8%B3%D8%A8%D8%B2_%D9%82%D9%85_1.jpg
"no word shared with landmark, city or country",Iran,Qom,Astan Museum of Qom,qom,7,images/landmarks/qom-astan-museum.webp,https://commons.wikimedia.org/wiki/File:Mozeh_Astaneh_%D9%85%D9%88%D8%B2%D9%87_%D8%A2%D8%B3%D8%AA%D8%A7%D9%86%D9%87_%D9%82%D9%85.jpg
"no word shared with landmark, city or country",Iran,Shiraz,Persepolis (Takht-e Jamshid),shiraz,1,images/landmarks/shiraz-persepolis.webp,https://commons.wikimedia.org/wiki/File:Persepolis001.jpg
"no word shared with landmark, city or country",Iran,Shiraz,Tomb of Saadi (Saadieh),shiraz,8,images/landmarks/shiraz-tomb-of-saadi.webp,https://commons.wikimedia.org/wiki/File:%D8%B3%D8%B9%D8%AF%DB%8C%D9%87_20160629_170530.jpg
"no word shared with landmark, city or country",Iran,Tehran,Golestan Palace,tehran,2,images/landmarks/tehran-golestan-palace.webp,"https://commons.wikimedia.org/wiki/File:Palacio_de_Golest%C3%A1n,_Teher%C3%A1n,_Ir%C3%A1n,_2016-09-17,_DD_24-26_HDR.jpg"
"no word shared with landmark, city or country",Iran,Yazd,Fahadan Quarter,yazd,8,images/landmarks/yazd-fahadan-quarter.webp,https://commons.wikimedia.org/wiki/File:کوچه_های_محله_فهادان_1.jpg
"no word shared with landmark, city or country",Iraq,Baghdad,Al-Kadhimiya Shrine (Kadhimiya Mosque),baghdad,0,images/landmarks/baghdad-al-kadhimiya-shrine-kadhimiya-mosque.webp,https://commons.wikimedia.org/wiki/File:Al-Khadhumain%20shrine%20in%20baghdad.jpg
"no word shared with landmark, city or country",Iraq,Baghdad,Abu Hanifa Mosque,baghdad,1,images/landmarks/baghdad-abu-hanifa-mosque.webp,https://commons.wikimedia.org/wiki/File:A%20View%20of%20Abu%20Hanifa%20Mosque%20in%20Adhamiyah.jpg
"no word shared with landmark, city or country",Iraq,Baghdad,National Museum of Iraq,baghdad,2,images/landmarks/baghdad-national-museum-of-iraq.webp,https://commons.wikimedia.org/wiki/File:Courtyard%20of%20the%20Iraq%20Museum%20in%20Baghdad%2C%20Iraq.jpg
"no word shared with landmark, city or country",Iraq,Baghdad,Al-Mutanabbi Street,baghdad,4,images/landmarks/baghdad-al-mutanabbi-street.webp,https://commons.wikimedia.org/wiki/File:%D9%85%D8%B4%D9%87%D8%AF%20%D9%85%D9%86%20%D8%B4%D8%A7%D8%B1%D8%B9%20%D8%A7%D9%84%D9%85%D8%AA%D9%86%D8%A8%D9%8A.jpg
"no word shared with landmark, city or country",Iraq,Baghdad,Al-Shaheed Monument,baghdad,6,images/landmarks/baghdad-al-shaheed-monument.webp,https://commons.wikimedia.org/wiki/File:%D9%86%D8%B5%D8%A8%20%D8%A7%D9%84%D8%B4%D9%87%D9%8A%D8%AF%20%D9%81%D9%8A%20%D8%A8%D8%BA%D8%AF%D8%A7%D8%AF.jpg
"no word shared with landmark, city or country",Iraq,Baghdad,Al-Zawraa Park,baghdad,7,images/landmarks/baghdad-al-zawraa-park.webp,https://commons.wikimedia.org/wiki/File:Al%20Zawraa%20Park%20lake%20%2C%20Karch%20%2C%20Baghdad%201.jpg
"no word shared with landmark, city or country",Iraq,Baghdad,Umm al-Qura Mosque,baghdad,8,images/landmarks/baghdad-umm-al-qura-mosque.webp,https://commons.wikimedia.org/wiki/File:%D8%AC%D8%A7%D9%85%D8%B9%20%D8%A3%D9%85%20%D8%A7%D9%84%D9%82%D8%B1%D9%89%20-%20%D8%A8%D9%88%D8%A7%D8%A8%D8%A9%20%D8%AF%D8%AE%D9%88%D9%84%20%D8%A7%D9%84%D9%85%D8%B3%D8%AC%D8%AF.jpg
"no word shared with landmark, city or country",Iraq,Karbala,Imam Husayn Shrine,karbala,0,images/landmarks/karbala-imam-husayn-shrine.webp,https://commons.wikimedia.org/wiki/File:%D8%AD%D8%B1%D9%85_%D8%A7%D9%84%D8%A7%D9%85%D8%A7%D9%85_%D8%A7%D9%84%D8%AD%D8%B3%D9%8A%D9%86.jpg
"no word shared with landmark, city or country",Iraq,Karbala,Al-Abbas Shrine,karbala,1,images/landmarks/karbala-al-abbas-shrine.webp,https://commons.wikimedia.org/wiki/File:%D8%A7%D9%84%D8%B9%D8%AA%D8%A8%D8%A9_%D8%A7%D9%84%D8%B9%D8%A8%D8%A7%D8%B3%D9%8A%D8%A9_%D8%A7%D9%84%D9%85%D9%82%D8%AF%D8%B3%D8%A9_(4).jpg
"no word shared with landmark, city or country",Iraq,Karbala,Al-Ukhaidir Fortress,karbala,3,images/landmarks/karbala-al-ukhaidir-fortress.webp,https://commons.wikimedia.org/wiki/File:Al-Akhdar_Castle.jpg
"no word shared with landmark, city or country",Iraq,Karbala,Tell al-Zaynabiya (Zaynab's Hill),karbala,5,images/landmarks/karbala-tell-al-zaynabiya.webp,https://commons.wikimedia.org/wiki/File:Tale_Zeynabieh_1.jpg
"no word shared with landmark, city or country",Iraq,Najaf,Al-Sahla Mosque,najaf,4,images/landmarks/najaf-al-sahla-mosque.webp,https://commons.wikimedia.org/wiki/File:Masjid_al-Sahlah_(1).jpg
"no word shared with landmark, city or country",Iraq,Najaf,Shrine of Muslim ibn Aqil,najaf,5,images/landmarks/najaf-shrine-of-muslim-ibn-aqil.webp,https://commons.wikimedia.org/wiki/File:ImamAliShrine2026.jpg
"no word shared with landmark, city or country",Iraq,Najaf,"House of Imam Ali (Dar al-Imam Ali, Kufa)",najaf,6,images/landmarks/najaf-house-of-imam-ali-dar-al-imam-ali-kufa.webp,https://commons.wikimedia.org/wiki/File:ImamAliShrine2026.jpg
"no word shared with landmark, city or country",Iraq,Najaf,Al-Hannana Mosque,najaf,7,images/landmarks/najaf-al-hannana-mosque.webp,https://commons.wikimedia.org/wiki/File:%D9%85%D8%B3%D8%AC%D8%AF_%D8%A7%D9%84%D8%AD%D9%86%D8%A7%D9%86%D8%A9_%D9%81%D9%8A_%D8%A7%D9%84%D9%86%D8%AC%D9%81_%D8%A7%D9%84%D8%A3%D8%B4%D8%B1%D9%81.jpg
"no word shared with landmark, city or country",Iraq,Najaf,Bahr al-Najaf (Sea of Najaf),najaf,8,images/landmarks/najaf-bahr-al-najaf.webp,https://commons.wikimedia.org/wiki/File:%D8%A8%D8%AD%D8%B1_%D8%A7%D9%84%D9%86%D8%AC%D9%81.jpg
"no word shared with landmark, city or country",Ireland,Dublin,Ha'penny Bridge,dublin,3,images/landmarks/dublin-ha-penny-bridge.webp,https://commons.wikimedia.org/wiki/File:HalfPennyBridge.jpg
"no word shared with landmark, city or country",Ireland,Dublin,Phoenix Park,dublin,8,images/landmarks/dublin-phoenix-park.webp,https://commons.wikimedia.org/wiki/File:PhoenixParkWMurphy.jpg
"no word shared with landmark, city or country",Israel,Haifa,Bahá'í Gardens and Shrine of the Báb,haifa,0,images/landmarks/haifa-bahai-gardens.webp,https://commons.wikimedia.org/wiki/File:TerracesBenGurion2.jpg
"no word shared with landmark, city or country",Italy,Bologna,Two Towers (Le Due Torri),bologna,0,images/landmarks/bologna-two-towers.webp,https://commons.wikimedia.org/wiki/File:Asinelli_e_Garisenda.jpg
"no word shared with landmark, city or country",Italy,Cagliari,Castello (Old Citadel Quarter),cagliari,1,images/landmarks/cagliari-castello-old-citadel-quarter.webp,https://commons.wikimedia.org/w/index.php?search=Castello%20%28Old%20Citadel%20Quarter%29%20Cagliari&title=Special:MediaSearch
"no word shared with landmark, city or country",Italy,Cagliari,Anfiteatro Romano (Roman Amphitheatre),cagliari,6,images/landmarks/cagliari-anfiteatro-romano.webp,https://commons.wikimedia.org/w/index.php?search=Anfiteatro%20Romano%20%28Roman%20Amphitheatre%29%20Cagliari&title=Special:MediaSearch
"no word shared with landmark, city or country",Italy,Capri,Giardini di Augusto and Via Krupp,capri,3,images/landmarks/capri-giardini-di-augusto-via-krupp.webp,https://commons.wikimedia.org/w/index.php?search=Giardini%20di%20Augusto%20and%20Via%20Krupp%20Capri&title=Special:MediaSearch
"no word shared with landmark, city or country",Italy,Capri,Villa Jovis,capri,6,images/landmarks/capri-villa-jovis.webp,https://commons.wikimedia.org/w/index.php?search=Villa%20Jovis%20Capri&title=Special:MediaSearch
"no word shared with landmark, city or country",Italy,Catania,Monastero dei Benedettini di San Nicolò l'Arena,catania,5,images/landmarks/catania-monastero-dei-benedettini.webp,https://commons.wikimedia.org/wiki/File:Prospetto_est_%2B_cupola.jpg
"no word shared with landmark, city or country",Italy,Cortina d'Ampezzo,Lago di Sorapis,cortina-d-ampezzo,2,images/landmarks/cortina-d-ampezzo-lago-di-sorapis.webp,https://commons.wikimedia.org/w/index.php?curid=82986381
"no word shared with landmark, city or country",Italy,Cortina d'Ampezzo,Basilica dei Santi Filippo e Giacomo,cortina-d-ampezzo,7,images/landmarks/cortina-dampezzo-basilica-dei-santi-filippo-e-giacomo.webp,https://commons.wikimedia.org/wiki/File:Cortina1.jpg
"no word shared with landmark, city or country",Italy,Genoa,The Caruggi (Historic Centre Alleys),genoa,5,images/landmarks/genoa-caruggi.webp,https://commons.wikimedia.org/wiki/File:Genova-Centro_storico-Caruggio_da_Via_Garibaldi-DSCF7398.JPG
"no word shared with landmark, city or country",Italy,Matera,Crypt of Original Sin,matera,7,images/landmarks/matera-crypt-of-original-sin.webp,https://commons.wikimedia.org/wiki/File:Cripta_del_Peccato_Originale_%E2%80%93_ingresso.jpg
"no word shared with landmark, city or country",Italy,Milan,San Siro Stadium,milan,7,images/landmarks/milan-san-siro-stadium.webp,https://commons.wikimedia.org/wiki/File:Milano_-_stadio_Giuseppe_Meazza_-_202209050049.jpeg
"no word shared with landmark, city or country",Italy,Naples,Cappella Sansevero,naples,8,images/landmarks/naples-cappella-sansevero.webp,https://commons.wikimedia.org/wiki/File:Cappellaentrance.jpg
"no word shared with landmark, city or country",Italy,Parma,Camera di San Paolo,parma,6,images/landmarks/parma-camera-di-san-paolo.webp,https://commons.wikimedia.org/wiki/File:Correggio_013.jpg
"no word shared with landmark, city or country",Italy,Pisa,Borgo Stretto,pisa,8,images/landmarks/pisa-borgo-stretto.webp,https://commons.wikimedia.org/wiki/File:567PisaBorgoStretto.JPG
"no word shared with landmark, city or country",Italy,Rome,Colosseum,rome,0,images/landmarks/rome-colosseum.webp,https://commons.wikimedia.org/wiki/File:Colosseo_2020.jpg
"no word shared with landmark, city or country",Italy,Rome,Roman Forum,rome,1,images/landmarks/rome-roman-forum.webp,https://commons.wikimedia.org/wiki/File:Foro_Romano_Musei_Capitolini_Roma.jpg
"no word shared with landmark, city or country",Italy,Rome,Sistine Chapel,rome,5,images/landmarks/rome-sistine-chapel.webp,https://commons.wikimedia.org/wiki/File:Sistina-interno.jpg
"no word shared with landmark, city or country",Italy,Salerno,Complesso di San Pietro a Corte,salerno,5,images/landmarks/salerno-complesso-di-san-pietro-a-corte.webp,https://commons.wikimedia.org/wiki/File:IngressoSanPietroSalerno.jpg
"no word shared with landmark, city or country",Italy,Salerno,Museo Archeologico Provinciale,salerno,6,images/landmarks/salerno-museo-archeologico-provinciale.webp,https://commons.wikimedia.org/wiki/File:MuseoProvincialeSalerno.jpg
"no word shared with landmark, city or country",Italy,Turin,Turin Cathedral and Chapel of the Holy Shroud,turin,3,images/landmarks/turin-turin-cathedral.webp,https://commons.wikimedia.org/wiki/File:Torino_Cattedrale_metropolitana_di_San_Giovanni_Battista_Esterno_Facciata_1.jpg
"no word shared with landmark, city or country",Italy,Venice,Ca' d'Oro,venice,9,images/landmarks/venice-ca-doro.webp,https://commons.wikimedia.org/wiki/File:Ca%27_d%27Oro_facciata.jpg
"no word shared with landmark, city or country",Jamaica,Kingston,Bob Marley Museum,kingston,0,images/landmarks/kingston-bob-marley-museum.webp,https://commons.wikimedia.org/wiki/File:56hoperd.JPG
"no word shared with landmark, city or country",Jamaica,Kingston,Emancipation Park,kingston,4,images/landmarks/kingston-emancipation-park.webp,https://commons.wikimedia.org/wiki/File:Laura_Facey_-_Redemption_song_003.jpg
"no word shared with landmark, city or country",Jamaica,Kingston,Lime Cay,kingston,9,images/landmarks/kingston-lime-cay.webp,https://commons.wikimedia.org/wiki/File:Port_Royal_Cays.png
"no word shared with landmark, city or country",Japan,Hakodate,Cape Tachimachi (Tachimachi-misaki),hakodate,8,images/landmarks/hakodate-cape-tachimachi.webp,https://commons.wikimedia.org/wiki/File:CapeTachimachi.JPG
"no word shared with landmark, city or country",Japan,Hakodate,Trappistine Convent (Tenshien),hakodate,9,images/landmarks/hakodate-trappistine-convent.webp,https://commons.wikimedia.org/wiki/File:TrappistineConvent1.JPG
"no word shared with landmark, city or country",Japan,Himeji,Engyo-ji Temple on Mount Shosha,himeji,2,images/landmarks/himeji-engyo-ji-temple-on-mount-shosha.webp,https://commons.wikimedia.org/wiki/File:Engyoji05s4592.jpg
"no word shared with landmark, city or country",Japan,Hirosaki,Hirosaki Apple Park,hirosaki,7,images/landmarks/hirosaki-hirosaki-apple-park.webp,https://commons.wikimedia.org/wiki/File:%C5%8Cgi_Neputa_2.jpg
"no word shared with landmark, city or country",Japan,Kanazawa,Kenroku-en Garden,kanazawa,0,images/landmarks/kanazawa-kenrokuen-garden.webp,https://commons.wikimedia.org/wiki/File:Stone_lantern_Kenrokuen.jpg
"no word shared with landmark, city or country",Japan,Kobe,Mount Rokko,kobe,2,images/landmarks/kobe-mount-rokko.webp,https://commons.wikimedia.org/wiki/File:Mt_rokko01s2816.jpg
"no word shared with landmark, city or country",Japan,Kusatsu,Netsu-no-yu (Yumomi Show),kusatsu,1,images/landmarks/kusatsu-netsu-no-yu-yumomi-show.webp,https://commons.wikimedia.org/wiki/File:%E8%8D%89%E6%B4%A5%E6%B8%A9%E6%B3%89_%E6%B9%AF%E3%82%82%E3%81%BF.jpg
"no word shared with landmark, city or country",Japan,Kusatsu,Sainokawara Open-Air Bath,kusatsu,3,images/landmarks/kusatsu-sainokawara-open-air-bath.webp,https://commons.wikimedia.org/wiki/File:%E8%A5%BF%E3%81%AE%E6%B2%B3%E5%8E%9F%E9%9C%B2%E5%A4%A9%E9%A2%A8%E5%91%82_-_panoramio.jpg
"no word shared with landmark, city or country",Japan,Kusatsu,Otakinoyu,kusatsu,6,images/landmarks/kusatsu-otakinoyu.webp,https://commons.wikimedia.org/wiki/File:251129_Otaki-no-yu_04.jpg
"no word shared with landmark, city or country",Japan,Kyoto,Ginkaku-ji (Silver Pavilion),kyoto,3,images/landmarks/kyoto-ginkaku-ji.webp,https://commons.wikimedia.org/wiki/File:Ginkakuji_Kyoto03-r.jpg
"no word shared with landmark, city or country",Japan,Kyoto,Nijō Castle,kyoto,6,images/landmarks/kyoto-nijo-castle.webp,https://commons.wikimedia.org/wiki/File:NinomaruPalace.jpg
"no word shared with landmark, city or country",Japan,Kyoto,Kyoto Tower,kyoto,9,images/landmarks/kyoto-kyoto-tower.webp,https://commons.wikimedia.org/wiki/File:%E4%BA%AC%E9%83%BD%E3%82%BF%E3%83%AF%E3%83%BC%E5%A4%9C%E6%99%AF.jpg
"no word shared with landmark, city or country",Japan,Matsuyama,Ishite-ji Temple,matsuyama,2,images/landmarks/matsuyama-ishite-ji-temple.webp,https://commons.wikimedia.org/wiki/File:Ishiteji_05.JPG
"no word shared with landmark, city or country",Japan,Matsuyama,Ninomaru Historical Garden,matsuyama,6,images/landmarks/matsuyama-ninomaru-historical-garden.webp,https://commons.wikimedia.org/wiki/File:Ninomaru20220617_13.jpg
"no word shared with landmark, city or country",Japan,Matsuyama,Dogo Park (Yuzuki Castle Ruins),matsuyama,8,images/landmarks/matsuyama-dogo-park-yuzuki-castle-ruins.webp,https://commons.wikimedia.org/wiki/File:Yuzukijo_11.JPG
"no word shared with landmark, city or country",Japan,Nagano,Kawanakajima Battlefield (Hachimanbara),nagano,5,images/landmarks/nagano-kawanakajima-battlefield.webp,"https://commons.wikimedia.org/wiki/File:Hachimanpara_Historic_Park_No,1.JPG"
"no word shared with landmark, city or country",Japan,Nagasaki,Nagasaki Atomic Bomb Museum and Hypocenter Park,nagasaki,0,images/landmarks/nagasaki-atomic-bomb-museum-hypocenter.webp,https://commons.wikimedia.org/wiki/File:NagasakiGroundZero.jpg
"no word shared with landmark, city or country",Japan,Nara-shi,Kōfuku-ji Temple,nara-shi,3,images/landmarks/nara-shi-kofuku-ji-temple.webp,https://commons.wikimedia.org/wiki/File:Kofukuji_five_story_pagoda.jpg
"no word shared with landmark, city or country",Japan,Takamatsu,Shikoku Mura Open-Air Museum,takamatsu,4,images/landmarks/takamatsu-shikoku-mura-open-air-museum.webp,https://commons.wikimedia.org/wiki/File:Shikokumura_20100502.jpg
"no word shared with landmark, city or country",Japan,Takamatsu,Isamu Noguchi Garden Museum,takamatsu,5,images/landmarks/takamatsu-isamu-noguchi-garden-museum.webp,https://commons.wikimedia.org/wiki/File:%E3%82%A4%E3%82%B5%E3%83%A0%E3%83%8E%E3%82%B0%E3%83%81%E5%BA%AD%E5%9C%92%E5%A4%96%E8%A6%B3.jpg
"no word shared with landmark, city or country",Japan,Takamatsu,Setoshirube (Red Lighthouse),takamatsu,7,images/landmarks/takamatsu-setoshirube-red-lighthouse.webp,https://commons.wikimedia.org/wiki/File:TakamatsuAkaToudai.jpg
"no word shared with landmark, city or country",Japan,Tokyo,Sensō-ji Temple,tokyo,1,images/landmarks/tokyo-senso-ji-temple.webp,https://commons.wikimedia.org/wiki/File:Sensoji_2023.jpg
"no word shared with landmark, city or country",Japan,Tokyo,Tokyo Imperial Palace,tokyo,6,images/landmarks/tokyo-imperial-palace.webp,https://commons.wikimedia.org/wiki/File:Seimon_Ishibashi.JPG
"no word shared with landmark, city or country",Japan,Yokohama,Sankeien Garden,yokohama,5,images/landmarks/yokohama-sankeien-garden.webp,https://commons.wikimedia.org/wiki/File:Sankei-en_20221127-2.jpg
"no word shared with landmark, city or country",Kazakhstan,Almaty,Green Bazaar (Zelenyi Bazaar),almaty,6,images/landmarks/almaty-green-bazaar.webp,https://commons.wikimedia.org/wiki/File:Kok_bazar.jpg
"no word shared with landmark, city or country",Kazakhstan,Astana,Palace of Peace and Reconciliation,astana,4,images/landmarks/astana-palace-of-peace-and-reconciliation.webp,https://commons.wikimedia.org/wiki/File:Дворец_мира_и_согласия.jpg
"no word shared with landmark, city or country",Kazakhstan,Astana,Ak Orda Presidential Palace,astana,5,images/landmarks/astana-ak-orda-presidential-palace.webp,https://commons.wikimedia.org/wiki/File:Акорда_-_резиденция_президента_-_panoramio.jpg
"no word shared with landmark, city or country",Kazakhstan,Astana,Ishim River Embankment,astana,9,images/landmarks/astana-ishim-river-embankment.webp,https://commons.wikimedia.org/wiki/File:IshiminAstana.jpg
"no word shared with landmark, city or country",Kenya,Lamu,Lamu Fort,lamu,1,images/landmarks/lamu-lamu-fort.webp,https://commons.wikimedia.org/wiki/File:LamuFort.jpg
"no word shared with landmark, city or country",Kenya,Mombasa,Mamba Village Centre,mombasa,9,images/landmarks/mombasa-mamba-village-centre.webp,https://commons.wikimedia.org/wiki/File:Crocodile_farm_in_Momabasa_1.jpg
"no word shared with landmark, city or country",Kenya,Nairobi,Bomas of Kenya,nairobi,6,images/landmarks/nairobi-bomas-of-kenya.webp,https://commons.wikimedia.org/wiki/File:Masai_village_02.jpg
"no word shared with landmark, city or country",Kiribati,Tarawa,Tungaru National Museum and Cultural Centre,tarawa,4,images/landmarks/tarawa-tungaru-museum.webp,https://commons.wikimedia.org/wiki/File:Te_Umanibong.jpg
"no word shared with landmark, city or country",Kosovo,Pristina,Ethnographic Museum (Emin Gjiku Complex),pristina,6,images/landmarks/pristina-ethnographic-museum.webp,https://commons.wikimedia.org/wiki/File:Muzeu_Etnologjik_ne_Prishtine.JPG
"no word shared with landmark, city or country",Kosovo,Pristina,Bill Clinton Statue,pristina,9,images/landmarks/pristina-bill-clinton-statue.webp,https://commons.wikimedia.org/wiki/File:PrishtinaAtNight.JPG
"no word shared with landmark, city or country",Kuwait,Kuwait City,Liberation Tower,kuwait-city,2,images/landmarks/kuwait-city-liberation-tower.webp,https://commons.wikimedia.org/wiki/File:LiberationTower.jpg
"no word shared with landmark, city or country",Kuwait,Kuwait City,Kuwait National Museum,kuwait-city,5,images/landmarks/kuwait-city-kuwait-national-museum.webp,https://commons.wikimedia.org/wiki/File:Kwnmuseum.jpg
"no word shared with landmark, city or country",Kuwait,Kuwait City,Sadu House,kuwait-city,7,images/landmarks/kuwait-city-sadu-house.webp,https://commons.wikimedia.org/wiki/File:Beitalsadu.jpg
"no word shared with landmark, city or country",Kyrgyzstan,Bishkek,Panfilov Park,bishkek,5,images/landmarks/bishkek-panfilov-park.webp,https://commons.wikimedia.org/wiki/File:Memorial_to_the_Red_Guard_1.jpg
"no word shared with landmark, city or country",Kyrgyzstan,Karakol,Issyk-Kul Lake Shore,karakol,8,images/landmarks/karakol-issyk-kul-lake-shore.webp,https://commons.wikimedia.org/wiki/File:Issykkul_plyag.jpg
"no word shared with landmark, city or country",Laos,Luang Prabang,Morning Alms Giving (Tak Bat),luang-prabang,3,images/landmarks/luang-prabang-tak-bat-alms-giving.webp,https://commons.wikimedia.org/wiki/File:Another_wave_of_monks_comes_by_(14625184281).jpg
"no word shared with landmark, city or country",Laos,Vientiane,Talat Sao (Morning Market),vientiane,7,images/landmarks/vientiane-talat-sao.webp,https://commons.wikimedia.org/wiki/File:Talatsao_@_2012.JPG
"no word shared with landmark, city or country",Lebanon,Beirut,Beirut Corniche,beirut,3,images/landmarks/beirut-beirut-corniche.webp,https://commons.wikimedia.org/wiki/File:BeirutCorniche.jpg
"no word shared with landmark, city or country",Lesotho,Maseru,Basotho Hat (Kingdom of Lesotho Handicraft Centre),maseru,0,images/landmarks/maseru-basotho-hat.webp,https://commons.wikimedia.org/wiki/File:BasothoHatShop.jpg
"no word shared with landmark, city or country",Lesotho,Maseru,Maletsunyane Falls,maseru,4,images/landmarks/maseru-maletsunyane-falls.webp,https://commons.wikimedia.org/wiki/File:Maletsunyanefalls.JPG
"no word shared with landmark, city or country",Lesotho,Maseru,Parliament Building of Lesotho,maseru,9,images/landmarks/maseru-parliament-building-of-lesotho.webp,https://www.flickr.com/photos/47660417@N03/8700563741
"no word shared with landmark, city or country",Libya,Tripoli,Tripoli Cathedral (Church of San Francesco),tripoli,9,images/landmarks/tripoli-tripoli-cathedral.webp,https://commons.wikimedia.org/wiki/File:كاتدرائية_طرابلس.jpg
"no word shared with landmark, city or country",Lithuania,Klaipėda,Curonian Spit (Smiltynė),klaipeda,3,images/landmarks/klaipeda-curonian-spit.webp,https://commons.wikimedia.org/wiki/File:Mirties_slėnis_nuo_Parnidžio_kopos.JPG
"no word shared with landmark, city or country",Lithuania,Klaipėda,Martynas Mažvydas Sculpture Park,klaipeda,8,images/landmarks/klaipeda-martynas-mazvydas-sculpture-park.webp,https://commons.wikimedia.org/wiki/File:Socha_Tvanas_Klp.JPG
"no word shared with landmark, city or country",Lithuania,Vilnius,Gediminas' Tower,vilnius,1,images/landmarks/vilnius-gediminas-tower.webp,https://commons.wikimedia.org/wiki/File:Gedimino_kalnas_120.jpg
"no word shared with landmark, city or country",Lithuania,Vilnius,Užupis,vilnius,4,images/landmarks/vilnius-uzupis.webp,https://commons.wikimedia.org/wiki/File:Užupio_respublika.jpg
"no word shared with landmark, city or country",Lithuania,Vilnius,Vilnius Town Hall,vilnius,5,images/landmarks/vilnius-town-hall.webp,https://commons.wikimedia.org/wiki/File:Vilniaus_Rotuse_by_Augustas_Didzgalvis.jpg
"no word shared with landmark, city or country",Luxembourg,Luxembourg,Grand Ducal Palace,luxembourg,2,images/landmarks/luxembourg-grand-ducal-palace.webp,https://commons.wikimedia.org/wiki/File:Luxemburg_BW_2016-09-15_11-46-49_stitch.jpg
"no word shared with landmark, city or country",Luxembourg,Luxembourg,Fort Thüngen (Dräi Eechelen),luxembourg,9,images/landmarks/luxembourg-fort-thungen.webp,https://commons.wikimedia.org/wiki/File:Mudam_04_jnl.jpg
"no word shared with landmark, city or country",Madagascar,Antananarivo,Haute Ville (Upper Town) Steps and Streets,antananarivo,8,images/landmarks/antananarivo-haute-ville-upper-town-steps-and-streets.webp,https://commons.wikimedia.org/wiki/File:Panorama_de_Bar-le-Duc.jpg
"no word shared with landmark, city or country",Madagascar,Antsiranana,Mer d'Emeraude (Emerald Sea),antsiranana,0,images/landmarks/antsiranana-mer-demeraude.webp,https://commons.wikimedia.org/wiki/File:Brandon_Sanderson_at_MCM_Comic_Con_London_22_May_2026_02.jpg
"no word shared with landmark, city or country",Madagascar,Antsiranana,Les Trois Baies (Three Bays),antsiranana,1,images/landmarks/antsiranana-les-trois-baies.webp,https://commons.wikimedia.org/wiki/File:Diego_bay.JPG
"no word shared with landmark, city or country",Madagascar,Antsiranana,Nosy Lonjo (Sugarloaf),antsiranana,4,images/landmarks/antsiranana-nosy-lonjo.webp,https://commons.wikimedia.org/wiki/File:Cukrová_homole_001.jpg
"no word shared with landmark, city or country",Madagascar,Antsiranana,Rue Colbert and the Colonial Old Town,antsiranana,6,images/landmarks/antsiranana-rue-colbert-and-the-colonial-old-town.webp,https://commons.wikimedia.org/wiki/File:St_Marks_Versailles.JPG
"no word shared with landmark, city or country",Madagascar,Morondava,Avenue of the Baobabs,morondava,0,images/landmarks/morondava-avenue-of-the-baobabs.webp,https://commons.wikimedia.org/wiki/File:Adansonia_grandidieri04.jpg
"no word shared with landmark, city or country",Malawi,Blantyre,Mandala House,blantyre,1,images/landmarks/blantyre-mandala-house.webp,https://commons.wikimedia.org/wiki/File:Mandalahouse.jpg
"no word shared with landmark, city or country",Mali,Bamako,Grand Mosque of Bamako,bamako,0,images/landmarks/bamako-grand-mosque-of-bamako.webp,https://commons.wikimedia.org/wiki/File:Dome%20of%20the%20Grande%20Mosque%2C%20Bamako%20%286923661%29.jpg
"no word shared with landmark, city or country",Mali,Bamako,National Museum of Mali,bamako,3,images/landmarks/bamako-national-museum-of-mali.webp,https://commons.wikimedia.org/wiki/File:Au%20Mus%C3%A9e%20National%20du%20Mali%20-%20Bamako%2C%20MALI.jpg
"no word shared with landmark, city or country",Mali,Bamako,Niger River Fishing Villages,bamako,9,images/landmarks/bamako-niger-river-fishing-villages.webp,https://commons.wikimedia.org/wiki/File:BKO%20%28506%29.jpg
"no word shared with landmark, city or country",Martinique,Fort-de-France,Musée Régional d'Histoire et d'Ethnographie,fort-de-france,7,images/landmarks/fort-de-france-musee-regional-dhistoire-et-dethnographie.webp,https://commons.wikimedia.org/wiki/File:Mus%C3%A9e_r%C3%A9gional_d%27histoire_et_d%27ethnographie_(49814882913).jpg
"no word shared with landmark, city or country",Mauritania,Nouakchott,National Museum of Mauritania,nouakchott,4,images/landmarks/nouakchott-national-museum.webp,https://commons.wikimedia.org/wiki/File:NouakchottNationalMuseum1.jpg
"no word shared with landmark, city or country",Mexico,Cancún,Tulum Ruins,cancun,0,images/landmarks/cancun-tulum-ruins.webp,https://commons.wikimedia.org/w/index.php?search=Tulum%20Ruins%20Canc%C3%BAn&title=Special:MediaSearch
"no word shared with landmark, city or country",Mexico,Cancún,Cobá (Nohoch Mul Pyramid),cancun,2,images/landmarks/cancun-coba-nohoch-mul-pyramid.webp,https://commons.wikimedia.org/w/index.php?search=Cob%C3%A1%20%28Nohoch%20Mul%20Pyramid%29%20Canc%C3%BAn&title=Special:MediaSearch
"no word shared with landmark, city or country",Mexico,Cancún,Xcaret Park,cancun,3,images/landmarks/cancun-xcaret-park.webp,https://commons.wikimedia.org/w/index.php?search=Xcaret%20Park%20Canc%C3%BAn&title=Special:MediaSearch
"no word shared with landmark, city or country",Mexico,Cancún,Cenote Ik Kil,cancun,4,images/landmarks/cancun-cenote-ik-kil.webp,https://commons.wikimedia.org/w/index.php?search=Cenote%20Ik%20Kil%20Canc%C3%BAn&title=Special:MediaSearch
"no word shared with landmark, city or country",Mexico,Cancún,Xel-Há Park,cancun,7,images/landmarks/cancun-xel-ha-park.webp,https://commons.wikimedia.org/w/index.php?search=Xel-H%C3%A1%20Park%20Canc%C3%BAn&title=Special:MediaSearch
"no word shared with landmark, city or country",Mexico,Ensenada,Bodegas de Santo Tomás,ensenada,7,images/landmarks/ensenada-bodegas-de-santo-tomas.webp,https://commons.wikimedia.org/wiki/File:Huge_Wine_Barrel.JPG
"no word shared with landmark, city or country",Mexico,Manzanillo,Jardín Álvaro Obregón,manzanillo,2,images/landmarks/manzanillo-jardin-alvaro-obregon.webp,https://commons.wikimedia.org/wiki/File:Vista_Jard%C3%ADn_Obreg%C3%B3n.JPG
"no word shared with landmark, city or country",Mexico,Mexico City,Metropolitan Cathedral,mexico-city,1,images/landmarks/mexico-city-metropolitan-cathedral.webp,https://commons.wikimedia.org/wiki/File:Catedral_y_Sagrario_Metropolitano_33.jpg
"no word shared with landmark, city or country",Mexico,Mexico City,Xochimilco,mexico-city,8,images/landmarks/mexico-city-xochimilco.webp,https://commons.wikimedia.org/wiki/File:Trajinera_en_canal_Nativitas.jpg
"no word shared with landmark, city or country",Mexico,Morelia,Morelia Cathedral,morelia,0,images/landmarks/morelia-morelia-cathedral.webp,https://commons.wikimedia.org/wiki/File:MoreliaCathedral170627p1.jpg
"no word shared with landmark, city or country",Mexico,Playa del Carmen,Playa Mamitas,playa-del-carmen,2,images/landmarks/playa-del-carmen-playa-mamitas.webp,https://www.pexels.com/photo/people-on-caribbean-seashore-20233240/
"no word shared with landmark, city or country",Mexico,Playa del Carmen,Xcaret Park,playa-del-carmen,3,images/landmarks/playa-del-carmen-xcaret-park.webp,https://commons.wikimedia.org/wiki/File:XcaretMexico.jpg
"no word shared with landmark, city or country",Mexico,Veracruz,San Juan de Ulúa Fortress,veracruz,0,images/landmarks/veracruz-san-juan-de-ulua.webp,https://commons.wikimedia.org/wiki/File:Tvrđava_u_Veracruzu.jpg
"no word shared with landmark, city or country",Mexico,Veracruz,Acuario de Veracruz,veracruz,3,images/landmarks/veracruz-acuario.webp,https://commons.wikimedia.org/wiki/File:FacadeAquariumVeracruz2.JPG
"no word shared with landmark, city or country",Mexico,Zacatecas,Acueducto El Cubo,zacatecas,8,images/landmarks/zacatecas-acueducto-el-cubo.webp,https://commons.wikimedia.org/wiki/File:Acueductozacs.jpg
"no word shared with landmark, city or country",Montserrat,Brades,Garibaldi Hill,brades,4,images/landmarks/brades-garibaldi-hill.webp,https://commons.wikimedia.org/wiki/File:Buried_city_of_Plymouth_(12124498933).jpg
"no word shared with landmark, city or country",Morocco,Agadir,Souk El Had,agadir,2,images/landmarks/agadir-souk-el-had.webp,https://commons.wikimedia.org/wiki/File:C360_2015-04-28-16-25-59_-_Copie.jpg
"no word shared with landmark, city or country",Morocco,Marrakech,Jemaa el-Fnaa,marrakech,0,images/landmarks/marrakech-jemaa-el-fnaa.webp,https://commons.wikimedia.org/wiki/File:Djemaa_el_Fna.jpg
"no word shared with landmark, city or country",Morocco,Marrakech,El Badi Palace,marrakech,6,images/landmarks/marrakech-el-badi-palace.webp,https://commons.wikimedia.org/wiki/File:Κεντρική_αυλή_Ελ_Μπαντί_1127.jpg
"no word shared with landmark, city or country",Morocco,Marrakech,Menara Gardens,marrakech,8,images/landmarks/marrakech-menara-gardens.webp,https://commons.wikimedia.org/wiki/File:Pavillon_Menaragärten.jpg
"no word shared with landmark, city or country",Morocco,Tangier,American Legation Museum,tangier,5,images/landmarks/tangier-american-legation-museum.webp,"https://commons.wikimedia.org/wiki/File:Museo_del_Antiguo_Legado_Estadounidense,_T%C3%A1nger,_Marruecos,_2015-12-11,_DD_44-46_HDR.JPG"
"no word shared with landmark, city or country",Nepal,Kathmandu,Kathmandu Durbar Square,kathmandu,3,images/landmarks/kathmandu-kathmandu-durbar-square.webp,https://commons.wikimedia.org/wiki/File:Basantapurpalace.JPG
"no word shared with landmark, city or country",Nepal,Siddharthanagar,Tilaurakot (Kapilvastu),siddharthanagar,8,images/landmarks/siddharthanagar-tilaurakot.webp,https://commons.wikimedia.org/wiki/File:Suddhodana_Palace-east_gate.JPG
"no word shared with landmark, city or country",Netherlands,Amsterdam,Bloemenmarkt,amsterdam,7,images/landmarks/amsterdam-bloemenmarkt.webp,https://commons.wikimedia.org/wiki/File:SingelBloemenmarkt.jpg
"no word shared with landmark, city or country",Netherlands,Amsterdam,Rembrandt House Museum,amsterdam,9,images/landmarks/amsterdam-rembrandt-house-museum.webp,https://commons.wikimedia.org/wiki/File:Rembrandshuis.jpg
"no word shared with landmark, city or country",Netherlands,Maastricht,St. Pietersberg Caves (Grotten Sint-Pietersberg),maastricht,5,images/landmarks/maastricht-st-pietersberg-caves.webp,https://commons.wikimedia.org/wiki/File:GrottenStPieter_Rooi_muur.jpg
"no word shared with landmark, city or country",Netherlands,The Hague,Peace Palace (Vredespaleis),the-hague,2,images/landmarks/the-hague-peace-palace-vredespaleis.webp,https://commons.wikimedia.org/wiki/File:Friedenspalast_Den_Haag_(100MP).jpg
"no word shared with landmark, city or country",Netherlands,Utrecht,Museum Speelklok,utrecht,4,images/landmarks/utrecht-museum-speelklok.webp,https://commons.wikimedia.org/wiki/File:Buurkerk_en_Dom.jpg
"no word shared with landmark, city or country",Netherlands,Utrecht,Utrecht University Botanic Gardens,utrecht,9,images/landmarks/utrecht-utrecht-university-botanic-gardens.webp,https://commons.wikimedia.org/wiki/File:FortHoofddijk01.jpg
"no word shared with landmark, city or country",New Zealand,Auckland,"North Head, Devonport",auckland,7,images/landmarks/auckland-north-head-devonport.webp,https://commons.wikimedia.org/wiki/File:View%20looking%20across%20Torpedo%20Bay%20to%20North%20Head%2C%20Devonport%20%2821281084976%29%20%28cropped%29.jpg
"no word shared with landmark, city or country",New Zealand,Dunedin,Baldwin Street,dunedin,3,images/landmarks/dunedin-baldwin-street.webp,https://commons.wikimedia.org/wiki/File:Baldwinstreet.jpg
"no word shared with landmark, city or country",New Zealand,Dunedin,The Octagon and St Paul's Cathedral,dunedin,4,images/landmarks/dunedin-the-octagon-and-st-paul-s-cathedral.webp,https://commons.wikimedia.org/wiki/File:OctagonDunedin.jpg
"no word shared with landmark, city or country",New Zealand,Dunedin,Tūhura Otago Museum,dunedin,6,images/landmarks/dunedin-tuhura-otago-museum.webp,https://commons.wikimedia.org/wiki/File:OtagoMuseum2.jpg
"no word shared with landmark, city or country",New Zealand,Dunedin,Toitū Otago Settlers Museum,dunedin,7,images/landmarks/dunedin-toitu-otago-settlers-museum.webp,https://commons.wikimedia.org/wiki/File:OtagoSettlers1.jpg
"no word shared with landmark, city or country",New Zealand,Nelson,World of WearableArt and Classic Cars Museum,nelson,6,images/landmarks/nelson-world-of-wearableart-and-classic-cars-museum.webp,https://commons.wikimedia.org/wiki/File:WOW-Museum1.jpg
"no word shared with landmark, city or country",New Zealand,Rotorua,"Redwoods Treewalk, Whakarewarewa Forest",rotorua,3,images/landmarks/rotorua-redwoods-treewalk-whakarewarewa-forest.webp,https://commons.wikimedia.org/wiki/File:Lit_sculptures_above_entrance_tower_-_portrait.jpg
"no word shared with landmark, city or country",Nicaragua,León,Museo de Arte Fundación Ortiz-Gurdián,leon,1,images/landmarks/leon-museo-ortiz-gurdian.webp,https://commons.wikimedia.org/wiki/File:Museoleonnicaragua.JPG
"no word shared with landmark, city or country",Nicaragua,Managua,Rubén Darío National Theatre,managua,7,images/landmarks/managua-ruben-dario-national-theatre.webp,https://commons.wikimedia.org/wiki/File:Palodemayo.jpg
"no word shared with landmark, city or country",Nicaragua,Managua,Huellas de Acahualinca,managua,9,images/landmarks/managua-huellas-de-acahualinca.webp,https://commons.wikimedia.org/wiki/File:HuellasdeAcahualinca.jpg
"no word shared with landmark, city or country",Niger,Agadez,Air Mountains,agadez,8,images/landmarks/agadez-air-mountains.webp,https://commons.wikimedia.org/wiki/File:Timia_valley.JPG
"no word shared with landmark, city or country",Niger,Agadez,Tenere Desert,agadez,9,images/landmarks/agadez-tenere-desert.webp,https://commons.wikimedia.org/wiki/File:Fachi-Bilma-Dünen.jpg
"no word shared with landmark, city or country",Nigeria,Calabar,Duke Town Presbyterian Church,calabar,5,images/landmarks/calabar-duke-town-presbyterian-church.webp,https://commons.wikimedia.org/w/index.php?search=Duke%20Town%20Presbyterian%20Church%20Calabar&title=Special:MediaSearch
"no word shared with landmark, city or country",Nigeria,Kano,Kano City Walls and Gates,kano,0,images/landmarks/kano-city-walls-gates.webp,https://commons.wikimedia.org/wiki/File:Sabuwar_Kofa_Gate.jpg
"no word shared with landmark, city or country",North Korea,Pyongyang,Mangyongdae Native House,pyongyang,8,images/landmarks/pyongyang-mangyongdae-native-house.webp,https://commons.wikimedia.org/wiki/File:Kim_Il-sung%27s_birthplace.jpg
"no word shared with landmark, city or country",Northern Mariana Islands,Saipan,The Grotto,saipan,1,images/landmarks/saipan-the-grotto.webp,https://commons.wikimedia.org/wiki/File:Heavenly_Drawn_Up_(4574477950).jpg
"no word shared with landmark, city or country",Northern Mariana Islands,Saipan,Micro Beach,saipan,8,images/landmarks/saipan-micro-beach.webp,https://commons.wikimedia.org/wiki/File:Day_Starts_(4570970936).jpg
"no word shared with landmark, city or country",Northern Mariana Islands,Saipan,Forbidden Island,saipan,9,images/landmarks/saipan-forbidden-island.webp,https://commons.wikimedia.org/wiki/File:ForbiddenIsland.jpg
"no word shared with landmark, city or country",Norway,Bergen,Fløibanen (Mount Fløyen),bergen,1,images/landmarks/bergen-floibanen-mount-floyen.webp,https://commons.wikimedia.org/wiki/File:%22Die_einzige_Standseilbahn_Norwegens%22._07.jpg
"no word shared with landmark, city or country",Norway,Stavanger,Sverd i fjell (Swords in Rock),stavanger,4,images/landmarks/stavanger-sverd-i-fjell-swords-in-rock.webp,https://commons.wikimedia.org/wiki/File:Schwerter_im_Felsen._03.jpg
"no word shared with landmark, city or country",Pakistan,Karachi,Karachi Port Trust (KPT) Building,karachi,8,images/landmarks/karachi-karachi-port-trust-building.webp,https://commons.wikimedia.org/wiki/File:KPTKarachi1.jpg
"no word shared with landmark, city or country",Pakistan,Karimabad,Ganish Village,karimabad,6,images/landmarks/karimabad-ganish-village.webp,https://commons.wikimedia.org/wiki/File:Hunza_Valley_HDR.jpg
"no word shared with landmark, city or country",Pakistan,Lahore,Shalimar Gardens,lahore,2,images/landmarks/lahore-shalimar-gardens.webp,https://commons.wikimedia.org/wiki/File:Reflection_of_Farah_Baksh_Terrace_(Upper_Terrace)_main_building.jpg
"no word shared with landmark, city or country",Palestine,Hebron,"Nabi Yunis Shrine, Halhul",hebron,9,images/landmarks/hebron-nabi-yunis-shrine-halhul.webp,https://commons.wikimedia.org/wiki/File:Halhul1.jpg
"no word shared with landmark, city or country",Palestine,Nablus,Mount Gerizim,nablus,2,images/landmarks/nablus-mount-gerizim.webp,https://commons.wikimedia.org/wiki/File:%D7%A8%D7%9B%D7%A1_%D7%94%D7%A8_%D7%92%D7%A8%D7%99%D7%96%D7%99%D7%9D.jpg
"no word shared with landmark, city or country",Palestine,Nablus,Sebastia (Samaria),nablus,8,images/landmarks/nablus-sebastia-samaria.webp,https://commons.wikimedia.org/wiki/File:Ruins_by_Seabastia_06.jpg
"no word shared with landmark, city or country",Panama,Panama City,Cathedral Basilica Santa María la Antigua,panama-city,7,images/landmarks/panama-city-cathedral-basilica-santa-maria-la-antigua.webp,https://commons.wikimedia.org/wiki/File:Catedral_Metropolitana_de_Panam%C3%A1.jpg
"no word shared with landmark, city or country",Papua New Guinea,Port Moresby,APEC Haus,port-moresby,6,images/landmarks/port-moresby-apec-haus.webp,https://www.flickr.com/photos/62937028@N02/51539271470
"no word shared with landmark, city or country",Peru,Arequipa,Mansion del Fundador,arequipa,7,images/landmarks/arequipa-mansion-del-fundador.webp,https://commons.wikimedia.org/wiki/File:MansionFundador.JPG
"no word shared with landmark, city or country",Peru,Arequipa,Ruta del Sillar (Sillar Quarries),arequipa,9,images/landmarks/arequipa-ruta-del-sillar.webp,https://commons.wikimedia.org/wiki/File:Quebrada_de_Añashuayco.JPG
"no word shared with landmark, city or country",Peru,Cusco,Q'enqo,cusco,7,images/landmarks/cusco-qenqo.webp,https://commons.wikimedia.org/wiki/File:Q%27enqo.jpg
"no word shared with landmark, city or country",Peru,Trujillo,Huanchaco Beach,trujillo,3,images/landmarks/trujillo-huanchaco-beach.webp,https://commons.wikimedia.org/wiki/File:HuanchacoReedBoats.jpg
"no word shared with landmark, city or country",Philippines,Baguio,The Mansion,baguio,3,images/landmarks/baguio-the-mansion.webp,https://commons.wikimedia.org/wiki/File:Facade%20of%20The%20Mansion%2C%20Baguio.jpg
"no word shared with landmark, city or country",Philippines,Baguio,BenCab Museum,baguio,5,images/landmarks/baguio-bencab-museum.webp,https://commons.wikimedia.org/wiki/File:Fog%20outside%20BenCab%20Museum%2C%20Tuba%2C%20Benguet.jpg
"no word shared with landmark, city or country",Philippines,Baguio,Wright Park,baguio,7,images/landmarks/baguio-wright-park.webp,https://commons.wikimedia.org/wiki/File:Welcome%20to%20Wright%20Park%2C%20Baguio%20City.jpg
"no word shared with landmark, city or country",Philippines,Baguio,Philippine Military Academy,baguio,9,images/landmarks/baguio-philippine-military-academy.webp,https://commons.wikimedia.org/wiki/File:PMA%20Grandstand%20%26%20Borromeo%20Field%2C%20Baguio%2C%20Jul%202025.jpg
"no word shared with landmark, city or country",Philippines,Davao,D' Bone Collector Museum,davao,5,images/landmarks/davao-d-bone-collector-museum.webp,https://www.flickr.com/photos/90412460@N00/16135543292
"no word shared with landmark, city or country",Philippines,Davao,Shrine of the Holy Infant Jesus of Prague (Shrine Hills),davao,8,images/landmarks/davao-shrine-of-the-holy-infant-jesus-of-prague-shrine-hills.webp,https://www.flickr.com/photos/11249521@N00/8592172378
"no word shared with landmark, city or country",Poland,Gdańsk,Żuraw (The Medieval Crane),gdansk,2,images/landmarks/gdansk-zuraw-crane.webp,https://commons.wikimedia.org/wiki/File:%C5%BBuraw_in_Gda%C5%84sk.jpg
"no word shared with landmark, city or country",Poland,Gdańsk,Długa Street and the Golden Gate,gdansk,3,images/landmarks/gdansk-dluga-street-golden-gate.webp,https://commons.wikimedia.org/wiki/File:20230818_8797-Dluga_mit_Z%C5%82ota_Brama_und_Stockturm.jpg
"no word shared with landmark, city or country",Poland,Gdańsk,European Solidarity Centre,gdansk,6,images/landmarks/gdansk-european-solidarity-centre.webp,https://commons.wikimedia.org/wiki/File:Europejskie_Centrum_Solidarno%C5%9Bci_ECS4.JPG
"no word shared with landmark, city or country",Poland,Kraków,Kraków Barbican,krakow,5,images/landmarks/krakow-barbican.webp,https://commons.wikimedia.org/wiki/File:Barbakan_przed_wschodem_s%C5%82o%C5%84ca.jpg
"no word shared with landmark, city or country",Poland,Kraków,Kościuszko Mound,krakow,7,images/landmarks/krakow-kosciuszko-mound.webp,https://commons.wikimedia.org/wiki/File:DJI_0236_Kopiec_Ko%C5%9Bciuszki.jpg
"no word shared with landmark, city or country",Poland,Poznań,Porta Posnania,poznan,5,images/landmarks/poznan-porta-posnania.webp,https://commons.wikimedia.org/wiki/File:Brama_Poznania_ICHOT-3.jpg
"no word shared with landmark, city or country",Poland,Sopot,Sopot Hippodrome,sopot,9,images/landmarks/sopot-sopot-hippodrome.webp,https://commons.wikimedia.org/wiki/File:SopotKarlikowo-Hipodrom.JPG
"no word shared with landmark, city or country",Poland,Warsaw,Palace of Culture and Science,warsaw,1,images/landmarks/warsaw-palace-of-culture-and-science.webp,https://commons.wikimedia.org/wiki/File:Pa%C5%82ac_Kultury_i_Nauki_2019.jpg
"no word shared with landmark, city or country",Poland,Warsaw,Warsaw Barbican,warsaw,3,images/landmarks/warsaw-warsaw-barbican.webp,https://commons.wikimedia.org/wiki/File:Barbakan_w_Warszawie_-_03.jpg
"no word shared with landmark, city or country",Poland,Warsaw,Warsaw Uprising Monument,warsaw,4,images/landmarks/warsaw-warsaw-uprising-monument.webp,https://commons.wikimedia.org/wiki/File:Warszawa_plac_Kasi%C5%84skich.jpg
"no word shared with landmark, city or country",Poland,Warsaw,Łazienki Park,warsaw,5,images/landmarks/warsaw-lazienki-park.webp,https://commons.wikimedia.org/wiki/File:4_Warszawa-Lazienki_Krolewskie_107.jpg
"no word shared with landmark, city or country",Poland,Warsaw,St. John's Archcathedral,warsaw,7,images/landmarks/warsaw-st-john-s-archcathedral.webp,https://commons.wikimedia.org/wiki/File:StJohnsCathedralWarsawFacade.jpg
"no word shared with landmark, city or country",Poland,Wrocław,Ostrów Tumski (Cathedral Island),wroclaw,2,images/landmarks/wroclaw-ostrow-tumski-cathedral-island.webp,https://commons.wikimedia.org/wiki/File:Dominsel_Breslau.jpg
"no word shared with landmark, city or country",Poland,Wrocław,Cathedral of St. John the Baptist,wroclaw,3,images/landmarks/wroclaw-cathedral-of-st-john-the-baptist.webp,https://commons.wikimedia.org/wiki/File:Wroc%C5%82aw_-_Archikatedra_%C5%9Bw._Jana_Chrzciciela1.jpg
"no word shared with landmark, city or country",Poland,Wrocław,Racławice Panorama,wroclaw,6,images/landmarks/wroclaw-raclawice-panorama.webp,https://commons.wikimedia.org/wiki/File:WKossak006.jpg
"no word shared with landmark, city or country",Poland,Wrocław,St. Elizabeth's Church,wroclaw,8,images/landmarks/wroclaw-st-elizabeth-s-church.webp,https://commons.wikimedia.org/wiki/File:598582_Wroc%C5%82aw_Bazylika_El%C5%BCbiety_01.JPG
"no word shared with landmark, city or country",Portugal,Lisbon,São Jorge Castle,lisbon,3,images/landmarks/lisbon-sao-jorge-castle.webp,https://commons.wikimedia.org/wiki/File:LisbonCastle.jpg
"no word shared with landmark, city or country",Portugal,Lisbon,Águas Livres Aqueduct,lisbon,5,images/landmarks/lisbon-aguas-livres-aqueduct.webp,https://commons.wikimedia.org/wiki/File:Aqueduto_das_%C3%81guas_Livres2.JPG
"no word shared with landmark, city or country",Portugal,Lisbon,Cristo Rei (Christ the King),lisbon,7,images/landmarks/lisbon-cristo-rei.webp,https://www.pexels.com/photo/a-statue-in-a-city-19952250/
"no word shared with landmark, city or country",Qatar,Doha,National Museum of Qatar,doha,6,images/landmarks/doha-national-museum-of-qatar.webp,https://en.wikipedia.org/wiki/File:Nmoq.jpg
"no word shared with landmark, city or country",Qatar,Doha,Aspire Tower (Torch Doha),doha,8,images/landmarks/doha-aspire-tower-torch-doha.webp,https://en.wikipedia.org/wiki/File:Architektur-Drahtgewebe.jpg
"no word shared with landmark, city or country",Republic of the Congo,Brazzaville,National Assembly Building,brazzaville,8,images/landmarks/brazzaville-national-assembly-building.webp,https://commons.wikimedia.org/wiki/File:Palais_du_peuple_BZV.jpg
"no word shared with landmark, city or country",Romania,Brașov,Catherine's Gate (Poarta Ecaterinei),brasov,3,images/landmarks/brasov-catherine-s-gate.webp,https://commons.wikimedia.org/wiki/File:EcaterinaBv.jpg
"no word shared with landmark, city or country",Romania,Bucharest,Palace of the Parliament,bucharest,0,images/landmarks/bucharest-palace-of-the-parliament.webp,"https://commons.wikimedia.org/wiki/File:Bucarest,_Palazzo_del_Parlamento_di_notte_01.JPG"
"no word shared with landmark, city or country",Romania,Bucharest,Romanian Athenaeum,bucharest,1,images/landmarks/bucharest-romanian-athenaeum.webp,"https://commons.wikimedia.org/wiki/File:Ateneo_Rumano,_Bucarest,_Ruman%C3%ADa,_2016-05-29,_DD_73.jpg"
"no word shared with landmark, city or country",Romania,Bucharest,Village Museum (Muzeul Satului),bucharest,6,images/landmarks/bucharest-village-museum-muzeul-satului.webp,"https://commons.wikimedia.org/wiki/File:(2023)_Biserica_de_lemn_din_Dragomire%C8%99ti,_Maramure%C8%99,_1722_-_img_18.jpg"
"no word shared with landmark, city or country",Romania,Constanța,Constanța Aquarium,constanta,8,images/landmarks/constanta-constan-a-aquarium.webp,https://commons.wikimedia.org/wiki/File:Constan%C8%9Ba_aquariu_2.jpg
"no word shared with landmark, city or country",Russia,Irkutsk,Znamensky Monastery,irkutsk,5,images/landmarks/irkutsk-znamensky-monastery.webp,https://commons.wikimedia.org/wiki/File:%D0%98%D1%80%D0%BA%D1%83%D1%82%D1%81%D0%BA._%D0%97%D0%BD%D0%B0%D0%BC%D0%B5%D0%BD%D1%81%D0%BA%D0%B8%D0%B9_%D0%BC%D0%BE%D0%BD%D0%B0%D1%81%D1%82%D1%8B%D1%80%D1%8C_1.JPG
"no word shared with landmark, city or country",Russia,Irkutsk,Angara Embankment and Moscow Gates,irkutsk,9,images/landmarks/irkutsk-angara-embankment-and-moscow-gates.webp,https://commons.wikimedia.org/wiki/File:%D0%98%D1%80%D0%BA%D1%83%D1%82%D1%81%D0%BA._%D0%9C%D0%BE%D1%81%D0%BA%D0%BE%D0%B2%D1%81%D0%BA%D0%B8%D0%B5_%D0%B2%D0%BE%D1%80%D0%BE%D1%82%D0%B0.JPG
"no word shared with landmark, city or country",Russia,Kaliningrad,Fishing Village (Rybnaya Derevnya),kaliningrad,1,images/landmarks/kaliningrad-fishing-village.webp,https://commons.wikimedia.org/wiki/File:%D0%A0%D1%8B%D0%B1%D0%BD%D0%B0%D1%8F_%D0%B4%D0%B5%D1%80%D0%B5%D0%B2%D0%BD%D1%8F.jpg
"no word shared with landmark, city or country",Russia,Kazan,Kazan Kremlin,kazan,0,images/landmarks/kazan-kazan-kremlin.webp,https://commons.wikimedia.org/wiki/File:Казанский_кремль._Панорама_с_колеса_обозрения.jpg
"no word shared with landmark, city or country",Russia,Kazan,Palace of Farmers,kazan,7,images/landmarks/kazan-palace-of-farmers.webp,https://commons.wikimedia.org/wiki/File:Дворец_Земледельцев_(Казань).JPG
"no word shared with landmark, city or country",Russia,Moscow,Bolshoi Theatre,moscow,4,images/landmarks/moscow-bolshoi-theatre.webp,"https://commons.wikimedia.org/wiki/File:Teatro_Bolsh%C3%B3i,_Mosc%C3%BA,_Rusia,_2016-10-03,_DD_42-43_HDR.jpg"
"no word shared with landmark, city or country",Russia,Pyatigorsk,Proval,pyatigorsk,1,images/landmarks/pyatigorsk-proval.webp,https://commons.wikimedia.org/wiki/File:%D0%9F%D1%80%D0%BE%D0%B2%D0%B0%D0%BB_%D0%9F%D1%8F%D1%82%D0%B8%D0%B3%D0%BE%D1%80%D1%81%D0%BA.jpg
"no word shared with landmark, city or country",Russia,Pyatigorsk,Eagle Sculpture (Orjol),pyatigorsk,3,images/landmarks/pyatigorsk-eagle-sculpture.webp,https://commons.wikimedia.org/wiki/File:%D0%A1%D0%BA%D1%83%D0%BB%D1%8C%D0%BF%D1%82%D1%83%D1%80%D0%B0_%C2%AB%D0%9E%D1%80%D0%B5%D0%BB%C2%BB._%D0%9F%D1%8F%D1%82%D0%B8%D0%B3%D0%BE%D1%80%D1%81%D0%BA.jpg
"no word shared with landmark, city or country",Russia,Pyatigorsk,Aeolian Harp,pyatigorsk,5,images/landmarks/pyatigorsk-aeolian-harp.webp,https://commons.wikimedia.org/wiki/File:%D0%AD%D0%BE%D0%BB%D0%BE%D0%B2%D0%B0_%D0%B0%D1%80%D1%84%D0%B0_%D0%BD%D0%B0_%D1%81%D0%BA%D0%BB%D0%BE%D0%BD%D0%B5_%D0%9C%D0%B0%D1%88%D1%83%D0%BA%D0%B0.jpg
"no word shared with landmark, city or country",Russia,Pyatigorsk,Lermontov Duel Site,pyatigorsk,7,images/landmarks/pyatigorsk-lermontov-duel-site.webp,https://commons.wikimedia.org/wiki/File:%D0%9C%D0%B5%D1%81%D1%82%D0%BE_%D0%B4%D1%83%D1%8D%D0%BB%D0%B8_%D0%9B%D0%B5%D1%80%D0%BC%D0%BE%D0%BD%D1%82%D0%BE%D0%B2%D0%B0.JPG
"no word shared with landmark, city or country",Russia,Pyatigorsk,Academic (Elizabethan) Gallery,pyatigorsk,8,images/landmarks/pyatigorsk-academic-gallery.webp,https://commons.wikimedia.org/wiki/File:%D0%90%D0%BA%D0%B0%D0%B4%D0%B5%D0%BC%D0%B8%D1%87%D0%B5%D1%81%D0%BA%D0%B0%D1%8F_%D0%B3%D0%B0%D0%BB%D0%B5%D1%80%D0%B5%D1%8F._%D0%93%D0%BB%D0%B0%D0%B2%D0%BD%D1%8B%D0%B9_%D1%84%D0%B0%D1%81%D0%B0%D0%B4.jpg
"no word shared with landmark, city or country",Russia,Saint Petersburg,Catherine Palace (Tsarskoye Selo),saint-petersburg,4,images/landmarks/saint-petersburg-catherine-palace.webp,https://commons.wikimedia.org/wiki/File:3840px-Царское_Село._Екатерининский_дворец_1.jpg
"no word shared with landmark, city or country",Russia,Saint Petersburg,Kazan Cathedral,saint-petersburg,7,images/landmarks/saint-petersburg-kazan-cathedral.webp,"https://commons.wikimedia.org/wiki/File:Собор_Казанской_иконы_Божией_Матери_(г._Санкт-Петербург,_7_октября_2010_г.).JPG"
"no word shared with landmark, city or country",Russia,Saint Petersburg,Mariinsky Theatre,saint-petersburg,8,images/landmarks/saint-petersburg-mariinsky-theatre.webp,"https://commons.wikimedia.org/wiki/File:3840px-Санкт-Петербург,_Мариинский_театр,_фасад_(edited_version).jpg"
"no word shared with landmark, city or country",Russia,Sergiyev Posad,Trinity Lavra of St. Sergius,sergiyev-posad,0,images/landmarks/sergiyev-posad-trinity-lavra-of-st-sergius.webp,https://commons.wikimedia.org/wiki/File:%D0%A1%D0%B5%D1%80%D0%B3%D0%B8%D0%B5%D0%B2_%D0%9F%D0%BE%D1%81%D0%B0%D0%B4._%D0%A2%D1%80%D0%BE%D0%B8%D1%86%D0%B5-%D0%A1%D0%B5%D1%80%D0%B3%D0%B8%D0%B5%D0%B2%D0%B0_%D0%BB%D0%B0%D0%B2%D1%80%D0%B0._1.jpg
"no word shared with landmark, city or country",Russia,Sergiyev Posad,Sergiev Posad State History and Art Museum-Reserve,sergiyev-posad,5,images/landmarks/sergiyev-posad-history-and-art-museum-reserve.webp,https://commons.wikimedia.org/wiki/File:%D0%A1%D0%B5%D1%80%D0%B3%D0%B8%D0%B5%D0%B2%D0%BE-%D0%9F%D0%BE%D1%81%D0%B0%D0%B4%D1%81%D0%BA%D0%B8%D0%B9_%D0%BC%D1%83%D0%B7%D0%B5%D0%B9-%D0%B7%D0%B0%D0%BF%D0%BE%D0%B2%D0%B5%D0%B4%D0%BD%D0%B8%D0%BA_%E2%80%93_%D0%9A%D0%BE%D0%BD%D0%BD%D1%8B%D0%B9_%D0%B4%D0%B2%D0%BE%D1%80.jpg
"no word shared with landmark, city or country",Russia,Sergiyev Posad,Kelarsky Pond,sergiyev-posad,9,images/landmarks/sergiyev-posad-kelarsky-pond.webp,https://commons.wikimedia.org/wiki/File:%D0%9A%D0%B5%D0%BB%D0%B0%D1%80%D1%81%D0%BA%D0%B8%D0%B9_%D0%BF%D1%80%D1%83%D0%B4_-_panoramio.jpg
"no word shared with landmark, city or country",Russia,Sochi,Agura Waterfalls,sochi,6,images/landmarks/sochi-agura-waterfalls.webp,https://commons.wikimedia.org/wiki/File:%D0%90%D0%B3%D1%83%D1%80%D1%81%D0%BA%D0%B8%D0%B9_%D0%B2%D0%BE%D0%B4%D0%BE%D0%BF%D0%B0%D0%B4_1.jpg
"no word shared with landmark, city or country",Russia,Sochi,Winter Theatre,sochi,9,images/landmarks/sochi-winter-theatre.webp,https://commons.wikimedia.org/wiki/File:%D0%A2%D0%B5%D0%B0%D1%82%D1%80_%D0%B7%D0%B8%D0%BC%D0%BD%D0%B8%D0%B9_01.JPG
"no word shared with landmark, city or country",Russia,Velikiy Novgorod,Millennium of Russia Monument,velikiy-novgorod,2,images/landmarks/velikiy-novgorod-millennium-of-russia.webp,https://commons.wikimedia.org/wiki/File:Новгородский_кремль_Памятник_тысячелетию_России.jpg
"no word shared with landmark, city or country",Russia,Velikiy Novgorod,St. Anthony's (Antoniev) Monastery,velikiy-novgorod,9,images/landmarks/velikiy-novgorod-antoniev-monastery.webp,https://commons.wikimedia.org/wiki/File:VNovgorod_AntonievMon_Cathedral_VN152.jpg
"no word shared with landmark, city or country",Russia,Vladimir,Cathedral Square and the Observation Deck,vladimir,4,images/landmarks/vladimir-cathedral-square.webp,"https://commons.wikimedia.org/wiki/File:Владимир,_вид_на_Успенский_собор.JPG"
"no word shared with landmark, city or country",Russia,Vladimir,Old Vladimir Museum (Water Tower),vladimir,5,images/landmarks/vladimir-water-tower-museum.webp,"https://commons.wikimedia.org/wiki/File:Водонапорная,_ныне_Смотровая_башня.jpg"
"no word shared with landmark, city or country",Russia,Vladimir,Patriarch's Garden,vladimir,8,images/landmarks/vladimir-patriarchs-garden.webp,https://commons.wikimedia.org/wiki/File:Ворота_в_Патриарший_сад_(г.Владимир).jpg
"no word shared with landmark, city or country",Russia,Vladivostok,S-56 Submarine Memorial Museum,vladivostok,5,images/landmarks/vladivostok-s56-submarine-museum.webp,https://commons.wikimedia.org/wiki/File:Подводная_лодка_«С-56»_музей_изнутри.jpg
"no word shared with landmark, city or country",Russia,Yaroslavl,Yaroslavl Art Museum (Governor's House),yaroslavl,8,images/landmarks/yaroslavl-art-museum-governors-house.webp,"https://commons.wikimedia.org/wiki/File:Губернаторский_дом,_Ярославль.jpg"
"no word shared with landmark, city or country",Rwanda,Kigali,Kigali Genocide Memorial,kigali,0,images/landmarks/kigali-kigali-genocide-memorial.webp,https://commons.wikimedia.org/wiki/File:אתר_ההנצחה_לרצח_העם_ברואנדה_בקיגאלי_12.jpg
"no word shared with landmark, city or country",Réunion,Saint-Denis,Rue de Paris,saint-denis,1,images/landmarks/saint-denis-reunion-rue-de-paris.webp,https://commons.wikimedia.org/wiki/File:ReU_StDenis_RueParis.jpg
"no word shared with landmark, city or country",Réunion,Saint-Denis,Cathédrale de Saint-Denis,saint-denis,3,images/landmarks/saint-denis-reunion-cathedrale-de-saint-denis.webp,https://commons.wikimedia.org/wiki/File:SaintDenisRéunion_Cathedral.jpg
"no word shared with landmark, city or country",Saint Pierre and Miquelon,Saint-Pierre,Pointe aux Canons Lighthouse,saint-pierre,1,images/landmarks/saint-pierre-spm-pointe-aux-canons-lighthouse.webp,https://commons.wikimedia.org/wiki/File:Arrivée_de_la_traînière_basque.jpg
"no word shared with landmark, city or country",Saudi Arabia,Abha,Al Muftaha Village,abha,1,images/landmarks/abha-al-muftaha-village.webp,https://commons.wikimedia.org/wiki/File:%D8%A7%D9%84%D9%85%D9%81%D8%AA%D8%A7%D8%AD%D8%A9.jpg
"no word shared with landmark, city or country",Saudi Arabia,Abha,Shada Palace,abha,2,images/landmarks/abha-shada-palace.webp,https://commons.wikimedia.org/wiki/File:%D9%82%D8%B5%D8%B1_%D8%B4%D8%AF%D8%A72.jpg
"no word shared with landmark, city or country",Saudi Arabia,Abha,Green Mountain (Jabal Thera),abha,3,images/landmarks/abha-green-mountain.webp,https://commons.wikimedia.org/wiki/File:%D8%A7%D9%84%D8%AC%D8%A8%D9%84_%D8%A7%D9%84%D8%A3%D8%AE%D8%B6%D8%B1_-_%D8%A3%D8%A8%D9%87%D8%A7.JPG
"no word shared with landmark, city or country",Saudi Arabia,Abha,Asir National Park,abha,7,images/landmarks/abha-asir-national-park.webp,https://commons.wikimedia.org/wiki/File:Al_Sowda_Hill_top_06.jpg
"no word shared with landmark, city or country",Saudi Arabia,Mecca,Zamzam Well,mecca,6,images/landmarks/mecca-zamzam-well.webp,https://commons.wikimedia.org/wiki/File:%D8%A8%D8%A6%D8%B1_%D8%B2%D9%85%D8%B2%D9%85_%D8%A7%D9%84%D8%A3%D8%AB%D8%B1%D9%8A.jpg
"no word shared with landmark, city or country",Saudi Arabia,Ta'if,Souk Okaz,ta-if,2,images/landmarks/taif-souk-okaz.webp,https://commons.wikimedia.org/wiki/File:%D8%B3%D9%88%D9%82_%D8%B9%D9%83%D8%A7%D8%B8.JPG
"no word shared with landmark, city or country",Saudi Arabia,Ta'if,Ta'if Rose Farms,ta-if,3,images/landmarks/taif-taif-rose-farms.webp,https://commons.wikimedia.org/wiki/File:%D8%AD%D8%B5%D8%A7%D8%AF_%D8%A7%D9%84%D9%88%D8%B1%D8%AF_%D8%A7%D9%84%D8%B7%D8%A7%D8%A6%D9%81%D9%8A_%D9%81%D9%8A_%D8%A7%D9%84%D8%B3%D8%B9%D9%88%D8%AF%D9%8A%D8%A9_%D8%B3%D9%86%D8%A9_2026%D9%85.jpg
"no word shared with landmark, city or country",Saudi Arabia,Ta'if,Abdullah Ibn Abbas Mosque,ta-if,5,images/landmarks/taif-abdullah-ibn-abbas-mosque.webp,https://commons.wikimedia.org/wiki/File:%D9%85%D8%B3%D8%AC%D8%AF_%D8%B9%D8%A8%D8%AF_%D8%A7%D9%84%D9%84%D9%87_%D8%A8%D9%86_%D8%A7%D9%84%D8%B9%D8%A8%D8%A7%D8%B3_%D8%A8%D8%A7%D9%84%D8%B7%D8%A7%D8%A6%D9%81.jpg
"no word shared with landmark, city or country",Senegal,Dakar,Gorée Island (House of Slaves),dakar,1,images/landmarks/dakar-goree-island-house-of-slaves.webp,https://commons.wikimedia.org/wiki/File:La_Maison_des_Esclaves.jpg
"no word shared with landmark, city or country",Senegal,Saint-Louis,Cathédrale de Saint-Louis,saint-louis,3,images/landmarks/saint-louis-senegal-cathedrale-de-saint-louis.webp,"https://commons.wikimedia.org/wiki/File:NDAR,_la_Venice_africaine._3.jpg"
"no word shared with landmark, city or country",Senegal,Ziguinchor,Saint Anthony of Padua Cathedral,ziguinchor,0,images/landmarks/ziguinchor-cathedral.webp,https://commons.wikimedia.org/wiki/File:ZiguinchorCathédrale.JPG
"no word shared with landmark, city or country",Senegal,Ziguinchor,Casamance River Waterfront,ziguinchor,2,images/landmarks/ziguinchor-casamance-river-waterfront.webp,https://commons.wikimedia.org/wiki/File:ZiguinchorCasamance.JPG
"no word shared with landmark, city or country",Senegal,Ziguinchor,Alliance Franco-Sénégalaise,ziguinchor,3,images/landmarks/ziguinchor-alliance-franco-senegalaise.webp,https://commons.wikimedia.org/wiki/File:ZiguinchorImpluviumEntrance.jpg
"no word shared with landmark, city or country",Senegal,Ziguinchor,Conseil Régional de Ziguinchor,ziguinchor,8,images/landmarks/ziguinchor-conseil-regional-de-ziguinchor.webp,https://commons.wikimedia.org/wiki/File:Ziguinchor10.JPG
"no word shared with landmark, city or country",Serbia,Belgrade,Belgrade Fortress (Kalemegdan),belgrade,0,images/landmarks/belgrade-belgrade-fortress-kalemegdan.webp,https://commons.wikimedia.org/wiki/File:%D0%A1%D0%B2%D1%98%D0%B5%D1%82%D0%BB%D0%BE%D0%BF%D0%B8%D1%81_%D0%B4%D0%B8%D1%98%D0%B5%D0%BB%D0%B0_%D0%9A%D0%B0%D0%BB%D0%B5%D0%BC%D0%B5%D0%B3%D0%B4%D0%B0%D0%BD%D0%B0_%D0%B8_%D1%80%D0%B8%D1%98%D0%B5%D0%BA%D0%B5_%D0%A1%D0%B0%D0%B2%D0%B5_%D0%B7%D0%B8%D0%BC%D0%B8.jpg
"no word shared with landmark, city or country",Serbia,Belgrade,Church of Saint Sava,belgrade,1,images/landmarks/belgrade-church-of-saint-sava.webp,https://commons.wikimedia.org/wiki/File:Hram_svetog_save_beograd_0005_(edited).jpg
"no word shared with landmark, city or country",Serbia,Belgrade,Nikola Tesla Museum,belgrade,4,images/landmarks/belgrade-nikola-tesla-museum.webp,https://commons.wikimedia.org/wiki/File:Gen%C4%8Di%C4%87eva_ku%C4%87a_6.jpg
"no word shared with landmark, city or country",Serbia,Belgrade,House of the National Assembly,belgrade,6,images/landmarks/belgrade-house-of-the-national-assembly.webp,https://commons.wikimedia.org/wiki/File:%D0%94%D0%BE%D0%BC_%D0%9D%D0%B0%D1%80%D0%BE%D0%B4%D0%BD%D0%B5_%D0%A1%D0%BA%D1%83%D0%BF%D1%88%D1%82%D0%B8%D0%BD%D0%B5_%D0%A1%D1%80%D0%B1%D0%B8%D1%98%D0%B5.jpg
"no word shared with landmark, city or country",Serbia,Belgrade,Ada Ciganlija,belgrade,7,images/landmarks/belgrade-ada-ciganlija.webp,https://commons.wikimedia.org/wiki/File:%D0%A1%D0%B2%D1%98%D0%B5%D1%82%D0%BB%D0%BE%D0%BF%D0%B8%D1%81_%D0%90%D0%B4%D0%B5_%D0%A1%D0%B8%D0%BD%D0%B3%D0%B0%D0%BB%D0%B8%D1%98%D0%B5_%D1%83_%D0%91%D0%B8%D0%BE%D0%B3%D1%80%D0%B0%D0%B4%D1%83.jpg
"no word shared with landmark, city or country",Slovakia,Bratislava,Old Town Hall,bratislava,5,images/landmarks/bratislava-old-town-hall.webp,https://commons.wikimedia.org/wiki/File:Bratislava14Slovakia65.JPG
"no word shared with landmark, city or country",Slovakia,Bratislava,Devín Castle,bratislava,7,images/landmarks/bratislava-devin-castle.webp,https://commons.wikimedia.org/wiki/File:Devin02.jpg
"no word shared with landmark, city or country",Slovakia,Poprad,Tatra Gallery,poprad,4,images/landmarks/poprad-tatra-gallery.webp,https://commons.wikimedia.org/wiki/File:Tatransk%C3%A1_gal%C3%A9ria.jpg
"no word shared with landmark, city or country",Slovenia,Ljubljana,Ljubljana Castle,ljubljana,0,images/landmarks/ljubljana-ljubljana-castle.webp,https://commons.wikimedia.org/wiki/File:Ljubljanski_grad_in_Grajski_grič.jpg
"no word shared with landmark, city or country",Solomon Islands,Honiara,Iron Bottom Sound,honiara,6,images/landmarks/honiara-iron-bottom-sound.webp,https://commons.wikimedia.org/wiki/File:IronbottomSound.jpg
"no word shared with landmark, city or country",Somalia,Mogadishu,Mogadishu Sea Port,mogadishu,5,images/landmarks/mogadishu-mogadishu-sea-port.webp,https://commons.wikimedia.org/wiki/File:2015_17_Seaport-5_(21497598732).jpg
"no word shared with landmark, city or country",South Africa,Knysna,Diepwalle Forest and Big Tree,knysna,5,images/landmarks/knysna-diepwalle-forest-and-big-tree.webp,https://commons.wikimedia.org/wiki/File:Southafrica428yellowwood.jpg
"no word shared with landmark, city or country",South Africa,Knysna,Jubilee Creek and the Goldfields,knysna,9,images/landmarks/knysna-jubilee-creek-and-the-goldfields.webp,https://commons.wikimedia.org/wiki/File:Millwood01.jpg
"no word shared with landmark, city or country",South Africa,Nelspruit,Kaapsehoop,nelspruit,2,images/landmarks/nelspruit-kaapsehoop.webp,https://commons.wikimedia.org/wiki/File:Kaapsche_Hoop_streetscape.JPG
"no word shared with landmark, city or country",South Korea,Busan,Haedong Yonggungsa Temple,busan,5,images/landmarks/busan-haedong-yonggungsa-temple.webp,https://commons.wikimedia.org/wiki/File:%ED%95%B4%EB%8F%99%EC%9A%A9%EA%B6%81%EC%82%AC_%EC%82%AC%EC%B0%B0_%EC%A0%84%EA%B2%BD.jpg
"no word shared with landmark, city or country",South Korea,Busan,Beomeosa Temple,busan,9,images/landmarks/busan-beomeosa-temple.webp,https://commons.wikimedia.org/wiki/File:298-1_%EC%B5%9C%EC%88%98%EC%A7%84_%EB%B2%94%EC%96%B4%EC%82%AC%EC%9D%98_%EA%B0%80%EC%9D%84.jpg
"no word shared with landmark, city or country",South Korea,Gyeongju,Namsan Mountain,gyeongju,8,images/landmarks/gyeongju-namsan-mountain.webp,https://commons.wikimedia.org/wiki/File:%EA%B2%BD%EC%A3%BC_%EB%82%A8%EC%82%B0%EC%9D%BC%EC%9B%90_%EC%9A%A9%EC%9E%A5%EA%B3%A8_%EB%93%B1%EC%82%B0%EB%A1%9C_%EC%9D%B8%EA%B7%BC_%EC%84%9C%EC%AA%BD%EC%83%81%EA%B3%B5(%EB%8F%99%EC%AA%BD%EC%9C%BC%EB%A1%9C_%EC%A1%B0%EB%A7%9D).jpg
"no word shared with landmark, city or country",South Korea,Jeju City,Jeju Folk and Natural History Museum,jeju-city,8,images/landmarks/jeju-city-jeju-folk-and-natural-history-museum.webp,https://commons.wikimedia.org/wiki/File:%EC%A0%9C%EC%A3%BC%ED%8A%B9%EB%B3%84%EC%9E%90%EC%B9%98%EB%8F%84%EB%AF%BC%EC%86%8D%EC%9E%90%EC%97%B0%EC%82%AC%EB%B0%95%EB%AC%BC%EA%B4%80_%EC%9E%85%EA%B5%AC.jpg
"no word shared with landmark, city or country",South Korea,Seoul,Gyeongbokgung Palace,seoul,0,images/landmarks/seoul-gyeongbokgung-palace.webp,https://commons.wikimedia.org/wiki/File:%EA%B4%91%ED%99%94%EB%AC%B8_%EC%9B%94%EB%8C%80.jpg
"no word shared with landmark, city or country",South Korea,Seoul,Changdeokgung Palace,seoul,5,images/landmarks/seoul-changdeokgung-palace.webp,https://commons.wikimedia.org/wiki/File:%EC%B0%BD%EB%8D%95%EA%B6%81_%EC%A0%84%EA%B2%BD_(2012).jpg
"no word shared with landmark, city or country",South Korea,Seoul,Myeongdong,seoul,6,images/landmarks/seoul-myeongdong.webp,https://commons.wikimedia.org/wiki/File:%EB%AA%85%EB%8F%998%EA%B8%B8_%EA%B1%B0%EB%A6%AC_(2020.03).jpg
"no word shared with landmark, city or country",South Korea,Seoul,Han River Parks,seoul,7,images/landmarks/seoul-han-river-parks.webp,https://commons.wikimedia.org/wiki/File:Hangang_Park_Overview_201604.jpg
"no word shared with landmark, city or country",South Korea,Seoul,Insadong,seoul,8,images/landmarks/seoul-insadong.webp,https://commons.wikimedia.org/wiki/File:Insa-dong_%EC%9D%B8%EC%82%AC%EB%8F%99_October_1_2020_20.jpg
"no word shared with landmark, city or country",Spain,Barcelona,Sagrada Família,barcelona,0,images/landmarks/barcelona-sagrada-familia.webp,https://commons.wikimedia.org/wiki/File:SF_maig_2_cropped.jpg
"no word shared with landmark, city or country",Spain,Bilbao,Vizcaya Bridge (Puente Colgante),bilbao,4,images/landmarks/bilbao-vizcaya-bridge.webp,https://commons.wikimedia.org/wiki/File:Zubia_jun.jpg
"no word shared with landmark, city or country",Spain,Bilbao,Museo de Bellas Artes,bilbao,8,images/landmarks/bilbao-museo-de-bellas-artes.webp,https://commons.wikimedia.org/wiki/File:MBBAABilbao_Fachada_Antiguo.jpg
"no word shared with landmark, city or country",Spain,Cadiz,Mercado Central de Abastos,cadiz,7,images/landmarks/cadiz-mercado-central-de-abastos.webp,https://commons.wikimedia.org/w/index.php?search=Mercado%20Central%20de%20Abastos%20Cadiz&title=Special:MediaSearch
"no word shared with landmark, city or country",Spain,Cadiz,Barrio del Pópulo,cadiz,9,images/landmarks/cadiz-barrio-del-populo.webp,https://commons.wikimedia.org/w/index.php?search=Barrio%20del%20P%C3%B3pulo%20Cadiz&title=Special:MediaSearch
"no word shared with landmark, city or country",Spain,Ibiza,Ses Salines Natural Park,ibiza,3,images/landmarks/ibiza-ses-salines-natural-park.webp,https://commons.wikimedia.org/wiki/File:SesSalines07LB.jpg
"no word shared with landmark, city or country",Spain,Ibiza,Portinatx,ibiza,4,images/landmarks/ibiza-portinatx.webp,https://commons.wikimedia.org/wiki/File:Portinatx1_-_panoramio.jpg
"no word shared with landmark, city or country",Spain,Ibiza,Platja d'en Bossa,ibiza,8,images/landmarks/ibiza-platja-d-en-bossa.webp,https://commons.wikimedia.org/wiki/File:PlayaDenBossaIbiza.jpg
"no word shared with landmark, city or country",Spain,Madrid,Buen Retiro Park (Crystal Palace),madrid,5,images/landmarks/madrid-buen-retiro-crystal-palace.webp,https://commons.wikimedia.org/wiki/File:Palacio_de_Cristal_-_02.jpg
"no word shared with landmark, city or country",Spain,Málaga,Museo Picasso Málaga,malaga,3,images/landmarks/malaga-museo-picasso-malaga.webp,https://commons.wikimedia.org/wiki/File:MuseoPicassoMalaga.jpg
"no word shared with landmark, city or country",Spain,Málaga,Centre Pompidou Málaga (El Cubo),malaga,6,images/landmarks/malaga-centre-pompidou-el-cubo.webp,"https://commons.wikimedia.org/wiki/File:Glass_cube,_M%C3%A1laga.jpg"
"no word shared with landmark, city or country",Spain,Salamanca,Casa Lis (Museo Art Nouveau y Art Déco),salamanca,6,images/landmarks/salamanca-casa-lis.webp,https://commons.wikimedia.org/wiki/File:Copia_de_FACHADA_NORTE.JPG
"no word shared with landmark, city or country",Spain,San Sebastián,Monte Igueldo,san-sebastian,2,images/landmarks/san-sebastian-monte-igueldo.webp,https://commons.wikimedia.org/wiki/File:Igeldo%2C_Euskal_Herria.jpg
"no word shared with landmark, city or country",Spain,San Sebastián,Monte Urgull,san-sebastian,4,images/landmarks/san-sebastian-monte-urgull.webp,https://commons.wikimedia.org/wiki/File:08.06.05_SanSebastian2.JPG
"no word shared with landmark, city or country",Spain,Seville,Barrio Santa Cruz,seville,3,images/landmarks/seville-barrio-santa-cruz.webp,https://www.pexels.com/photo/aerial-view-of-city-buildings-13377718/
"no word shared with landmark, city or country",Spain,Seville,Metropol Parasol (Las Setas),seville,5,images/landmarks/seville-metropol-parasol.webp,https://commons.wikimedia.org/wiki/File:Metropolparasolnov2011001.jpg
"no word shared with landmark, city or country",Spain,Seville,Plaza de Toros de la Maestranza,seville,6,images/landmarks/seville-plaza-de-toros-de-la-maestranza.webp,https://commons.wikimedia.org/wiki/File:Sevilla-3-8_(48040412768).jpg
"no word shared with landmark, city or country",Spain,Seville,Triana Neighborhood,seville,7,images/landmarks/seville-triana-neighborhood.webp,https://commons.wikimedia.org/wiki/File:Sevilla-3-12_(48040411218).jpg
"no word shared with landmark, city or country",Spain,Seville,Casa de Pilatos,seville,8,images/landmarks/seville-casa-de-pilatos.webp,https://commons.wikimedia.org/wiki/File:Sevilla-4-7_(48040489973).jpg
"no word shared with landmark, city or country",Spain,Zaragoza,Goya Museum,zaragoza,6,images/landmarks/zaragoza-goya-museum.webp,https://commons.wikimedia.org/wiki/File:Casa_de_los_Pardo-Museo_Camon_Aznar.jpg
"no word shared with landmark, city or country",Sri Lanka,Bentota,Brief Garden,bentota,2,images/landmarks/bentota-brief-garden.webp,https://commons.wikimedia.org/wiki/File:Frontyard_.jpg
"no word shared with landmark, city or country",Sri Lanka,Kandy,"Lankatilaka, Gadaladeniya and Embekka Temples",kandy,7,images/landmarks/kandy-lankatilaka-gadaladeniya-and-embekka-temples.webp,https://commons.wikimedia.org/wiki/File:Lankathilaka_Vhihara_-_Le_temple.JPG
"no word shared with landmark, city or country",St. Kitts and Nevis,Basseterre,Brimstone Hill Fortress National Park,basseterre,0,images/landmarks/basseterre-brimstone-hill-fortress.webp,https://commons.wikimedia.org/wiki/File:BrimstoneHill01.jpg
"no word shared with landmark, city or country",Sudan,Khartoum,Khalifa House Museum,khartoum,6,images/landmarks/khartoum-khalifa-house-museum.webp,https://commons.wikimedia.org/wiki/File:KhalifaHouseMuseum1.jpg
"no word shared with landmark, city or country",Sudan,Khartoum,Tuti Island,khartoum,7,images/landmarks/khartoum-tuti-island.webp,https://commons.wikimedia.org/wiki/File:جمال_النيل.jpg
"no word shared with landmark, city or country",Sudan,Port Sudan,Port Sudan Corniche,port-sudan,2,images/landmarks/port-sudan-corniche.webp,https://commons.wikimedia.org/wiki/File:PortSudan_center_harbour.jpg
"no word shared with landmark, city or country",Sudan,Port Sudan,Port Sudan Lighthouse,port-sudan,8,images/landmarks/port-sudan-port-sudan-lighthouse.webp,https://commons.wikimedia.org/wiki/File:Egypt-IMG_0960.jpg
"no word shared with landmark, city or country",Sudan,Port Sudan,Port Sudan Harbour,port-sudan,9,images/landmarks/port-sudan-port-sudan-harbour.webp,https://commons.wikimedia.org/wiki/File:Camilla-laiva.jpg
"no word shared with landmark, city or country",Sweden,Gothenburg,Feskekôrka (The Fish Church),gothenburg,2,images/landmarks/gothenburg-feskekorka.webp,https://commons.wikimedia.org/wiki/File:Feskek%C3%B4rka_September_2016_02.jpg
"no word shared with landmark, city or country",Sweden,Gothenburg,Gothenburg Archipelago (Southern Islands),gothenburg,3,images/landmarks/gothenburg-archipelago.webp,https://commons.wikimedia.org/wiki/File:Varg%C3%B6_juli.jpg
"no word shared with landmark, city or country",Sweden,Malmö,Öresund Bridge,malmo,6,images/landmarks/malmo-oresund-bridge.webp,https://commons.wikimedia.org/wiki/File:Öresundsbron_October_2017_02.jpg
"no word shared with landmark, city or country",Sweden,Visby,Visby Cathedral (St. Mary's Church),visby,1,images/landmarks/visby-cathedral.webp,https://commons.wikimedia.org/wiki/File:Visbydomkyrka10-6.jpg
"no word shared with landmark, city or country",Switzerland,Basel,Tinguely Fountain (Fasnachtsbrunnen),basel,4,images/landmarks/basel-tinguely-fountain.webp,https://commons.wikimedia.org/wiki/File:Basel2004_img_3157.jpg
"no word shared with landmark, city or country",Switzerland,Lausanne,The Olympic Museum,lausanne,1,images/landmarks/lausanne-the-olympic-museum.webp,"https://commons.wikimedia.org/wiki/File:Losanna,_museo_olimpico,_ext..JPG"
"no word shared with landmark, city or country",Switzerland,Lugano,Monte San Salvatore,lugano,1,images/landmarks/lugano-monte-san-salvatore.webp,https://commons.wikimedia.org/wiki/File:Picswiss_TI-16-02.jpg
"no word shared with landmark, city or country",Switzerland,Zurich,Old Town (Altstadt),zurich,7,images/landmarks/zurich-old-town-altstadt.webp,https://commons.wikimedia.org/wiki/File:Zuerich_vier_Kirchen.jpg
"no word shared with landmark, city or country",Taiwan,Kaohsiung,Shoushan (Monkey Mountain) and Sizihwan Bay,kaohsiung,9,images/landmarks/kaohsiung-shoushan-sizihwan-bay.webp,https://commons.wikimedia.org/wiki/File:2017_NSYSU_bay1.jpg
"no word shared with landmark, city or country",Taiwan,Taichung,Calligraphy Greenway,taichung,9,images/landmarks/taichung-calligraphy-greenway.webp,https://commons.wikimedia.org/wiki/File:%E7%B6%93%E5%9C%8B%E5%9C%92%E9%81%93(%E8%8D%89%E6%82%9F%E9%81%93).JPG
"no word shared with landmark, city or country",Tajikistan,Dushanbe,Dushanbe Zoo,dushanbe,8,images/landmarks/dushanbe-dushanbe-zoo.webp,https://commons.wikimedia.org/wiki/File:Dushanbezoo_entrance.JPG
"no word shared with landmark, city or country",Tanzania,Arusha,Shanga Workshop,arusha,9,images/landmarks/arusha-shanga-workshop.webp,https://www.flickr.com/photos/92082510@N04/8368572314
"no word shared with landmark, city or country",Thailand,Bangkok,Grand Palace,bangkok,0,images/landmarks/bangkok-grand-palace.webp,https://commons.wikimedia.org/wiki/File:0005574_-_Wat_Phra_Kaew_006.jpg
"no word shared with landmark, city or country",Thailand,Bangkok,Wat Arun (Temple of Dawn),bangkok,1,images/landmarks/bangkok-wat-arun.webp,https://commons.wikimedia.org/wiki/File:%E0%B9%80%E0%B8%88%E0%B8%94%E0%B8%B5%E0%B8%A2%E0%B9%8C%E0%B8%9B%E0%B8%A3%E0%B8%B0%E0%B8%98%E0%B8%B2%E0%B8%99%E0%B8%97%E0%B8%A3%E0%B8%87%E0%B8%9B%E0%B8%A3%E0%B8%B2%E0%B8%87%E0%B8%84%E0%B9%8C%E0%B8%A7%E0%B8%B1%E0%B8%94%E0%B8%AD%E0%B8%A3%E0%B8%B8%E0%B8%932.jpg
"no word shared with landmark, city or country",Thailand,Bangkok,Wat Pho (Temple of the Reclining Buddha),bangkok,2,images/landmarks/bangkok-wat-pho.webp,https://commons.wikimedia.org/wiki/File:%E0%B8%9E%E0%B8%A3%E0%B8%B0%E0%B8%9E%E0%B8%B8%E0%B8%97%E0%B8%98%E0%B9%84%E0%B8%AA%E0%B8%A2%E0%B8%B2%E0%B8%AA%E0%B8%A7%E0%B8%B1%E0%B8%94%E0%B8%9E%E0%B8%A3%E0%B8%B0%E0%B9%80%E0%B8%8A%E0%B8%95%E0%B8%B8%E0%B8%9E%E0%B8%99.jpg
"no word shared with landmark, city or country",Thailand,Hua Hin,Pala-U Waterfall,hua-hin,9,images/landmarks/hua-hin-pala-u-waterfall.webp,https://www.flickr.com/photos/136572517@N06/26273467233
"no word shared with landmark, city or country",Thailand,Kanchanaburi,Death Railway and Tham Krasae Viaduct,kanchanaburi,2,images/landmarks/kanchanaburi-death-railway-tham-krasae-viaduct.webp,https://commons.wikimedia.org/wiki/File:Wang_Pho_-_Mae_Klong.jpg
"no word shared with landmark, city or country",Thailand,Ko Samui,Wat Plai Laem,ko-samui,1,images/landmarks/ko-samui-wat-plai-laem.webp,https://commons.wikimedia.org/wiki/File:12_Armige_Statue.JPG
"no word shared with landmark, city or country",Thailand,Krabi,"Four Islands Tour (Ko Poda, Chicken Island, Ko Tup, Ko Mor)",krabi,3,images/landmarks/krabi-four-islands-tour.webp,https://commons.wikimedia.org/wiki/File:Ko_Kai_%26_Ko_Tub_12.jpg
"no word shared with landmark, city or country",Thailand,Krabi,Klong Thom Hot Springs Waterfall,krabi,6,images/landmarks/krabi-klong-thom-hot-springs-waterfall.webp,https://www.flickr.com/photos/54868568@N06/11282962965
"no word shared with landmark, city or country",Thailand,Nakhon Ratchasima,Wat Phra Narai Maharat,nakhon-ratchasima,6,images/landmarks/nakhon-ratchasima-wat-phra-narai-maharat.webp,https://commons.wikimedia.org/wiki/File:%E0%B8%A7%E0%B8%B1%E0%B8%94%E0%B8%9E%E0%B8%A3%E0%B8%B0%E0%B8%99%E0%B8%B2%E0%B8%A3%E0%B8%B2%E0%B8%A2%E0%B8%93%E0%B9%8C_%E0%B9%82%E0%B8%84%E0%B8%A3%E0%B8%B2%E0%B8%8A2.jpg
"no word shared with landmark, city or country",Thailand,Pattaya-Chonburi,Sanctuary of Truth,pattaya-chonburi,0,images/landmarks/pattaya-chonburi-sanctuary-of-truth.webp,https://commons.wikimedia.org/wiki/File:Santuaryoftruth2.jpg
"no word shared with landmark, city or country",Thailand,Phitsanulok,Thai Bird Garden,phitsanulok,9,images/landmarks/phitsanulok-thai-bird-garden.webp,https://commons.wikimedia.org/wiki/File:%E0%B8%A3%E0%B8%B0%E0%B8%9A%E0%B8%B3%E0%B8%9D%E0%B8%A3%E0%B8%B1%E0%B9%88%E0%B8%87%E0%B8%84%E0%B8%B9%E0%B9%88.png
"no word shared with landmark, city or country",The Gambia,Serekunda,Tanji Fish Market,serekunda,7,images/landmarks/serekunda-tanji-fish-market.webp,https://commons.wikimedia.org/wiki/File:GambiaTanji052_(30426214214).jpg
"no word shared with landmark, city or country",The Gambia,Serekunda,National Museum of The Gambia,serekunda,8,images/landmarks/serekunda-national-museum-of-the-gambia.webp,https://commons.wikimedia.org/wiki/File:BanjulNationalHistory.jpg
"no word shared with landmark, city or country",Timor-Leste,Dili,Resistance Museum (Arquivo & Museu da Resistência Timorense),dili,7,images/landmarks/dili-resistance-museum.webp,https://commons.wikimedia.org/wiki/File:Rampa_entrada_AMRT1.jpg
"no word shared with landmark, city or country",Tonga,Nuku'alofa,Free Wesleyan Church Centenary Chapel,nuku-alofa,5,images/landmarks/nuku-alofa-free-wesleyan-church-centenary-chapel.webp,https://commons.wikimedia.org/wiki/File:Saione.jpg
"no word shared with landmark, city or country",Tonga,Nuku'alofa,Fa'onelua Botanical Gardens,nuku-alofa,6,images/landmarks/nukualofa-faonelua-botanical-gardens.webp,https://commons.wikimedia.org/wiki/File:Fāʻonelua.jpg
"no word shared with landmark, city or country",Tonga,Nuku'alofa,Houma Blowholes,nuku-alofa,7,images/landmarks/nukualofa-houma-blowholes.webp,https://commons.wikimedia.org/wiki/File:TO-Mapu_a_Vaea.JPG
"no word shared with landmark, city or country",Trinidad and Tobago,Port of Spain,The Magnificent Seven,port-of-spain,1,images/landmarks/port-of-spain-magnificent-seven.webp,https://commons.wikimedia.org/wiki/File:Stollmeyer%27s_Castle_(13448056215).jpg
"no word shared with landmark, city or country",Trinidad and Tobago,Port of Spain,Red House (Parliament of Trinidad and Tobago),port-of-spain,2,images/landmarks/port-of-spain-red-house.webp,https://commons.wikimedia.org/wiki/File:POS_Redhouse.JPG
"no word shared with landmark, city or country",Tunisia,Houmt El Souk,Flamingo Island (Ras R'mel peninsula),houmt-el-souk,9,images/landmarks/houmt-el-souk-flamingo-island.webp,https://commons.wikimedia.org/wiki/File:Un_groupe_de_flamants_roses_%C3%A0_Guellala_-_Djerba.jpg
"no word shared with landmark, city or country",Tunisia,Kairouan,Raqqada National Museum of Islamic Art,kairouan,8,images/landmarks/kairouan-raqqada-museum.webp,https://commons.wikimedia.org/wiki/File:Enceinte_du_palais_de_Reqqada.jpg
"no word shared with landmark, city or country",Tunisia,Kairouan,Kairouan Carpet Souks,kairouan,9,images/landmarks/kairouan-carpet-souks.webp,https://commons.wikimedia.org/wiki/File:Kerwen_04.jpg
"no word shared with landmark, city or country",Tunisia,Tozeur,Great Mosque of Tozeur,tozeur,7,images/landmarks/tozeur-great-mosque-of-tozeur.webp,https://commons.wikimedia.org/wiki/File:Minaret_et_patio_de_la_mosqu%C3%A9e_Zitouna_au_centre_de_la_M%C3%A9dina_de_Tunis.jpg
"no word shared with landmark, city or country",Turkey,Bodrum,Bodrum Castle (Castle of St. Peter),bodrum,0,images/landmarks/bodrum-bodrum-castle.webp,https://commons.wikimedia.org/wiki/File:BodrumCastlesoutheast.jpg
"no word shared with landmark, city or country",Turkey,Bodrum,Bodrum Windmills,bodrum,4,images/landmarks/bodrum-bodrum-windmills.webp,https://commons.wikimedia.org/wiki/File:Bodrum–West_Windmill.jpg
"no word shared with landmark, city or country",Turkey,Bodrum,Kara Ada (Black Island),bodrum,8,images/landmarks/bodrum-kara-ada.webp,https://commons.wikimedia.org/wiki/File:KaraAda20060920.jpg
"no word shared with landmark, city or country",Turkey,Bodrum,Bodrum Maritime Museum,bodrum,9,images/landmarks/bodrum-bodrum-maritime-museum.webp,https://commons.wikimedia.org/wiki/File:BodrumCastlesoutheast.jpg
"no word shared with landmark, city or country",Turkey,Göreme,Uçhisar Castle,goreme,1,images/landmarks/goreme-uchisar-castle.webp,"https://commons.wikimedia.org/wiki/File:U%C3%A7hisar,_Cappadocia_01.jpg"
"no word shared with landmark, city or country",Turks and Caicos Islands,Cockburn Town,St. Thomas' Anglican Church,cockburn-town,8,images/landmarks/cockburn-town-st-thomas-anglican-church.webp,https://www.flickr.com/photos/124651729@N04/52283830383
"no word shared with landmark, city or country",Tuvalu,Funafuti,Funafuti Marine Conservation Area Vaiaku Islet,funafuti,7,images/landmarks/funafuti-marine-conservation-vaiaku.webp,https://commons.wikimedia.org/wiki/File:Coral_Atoll_(28966820215).jpg
"no word shared with landmark, city or country",Türkiye,Ankara,Anıtkabir,ankara,0,images/landmarks/ankara-an-tkabir.webp,https://commons.wikimedia.org/wiki/File:Ataturk's_Mausoleum_(6225341313).jpg
"no word shared with landmark, city or country",Türkiye,Ankara,Temple of Augustus and Rome,ankara,3,images/landmarks/ankara-temple-of-augustus-and-rome.webp,https://commons.wikimedia.org/wiki/File:AugustusAnkara2.jpg
"no word shared with landmark, city or country",Türkiye,Bursa,Yeşil Türbe (Green Tomb),bursa,1,images/landmarks/bursa-yesil-turbe-green-tomb.webp,https://commons.wikimedia.org/wiki/File:Ye%C5%9Fil_T%C3%BCrbe_06.jpg
"no word shared with landmark, city or country",Türkiye,Bursa,Uludağ (Mount Olympus of Mysia),bursa,5,images/landmarks/bursa-uludag-mount-olympus-of-mysia.webp,https://commons.wikimedia.org/wiki/File:Uluda%C4%9F_-_Olympos_Misios.jpg
"no word shared with landmark, city or country",Türkiye,Denizli,Buldan,denizli,7,images/landmarks/denizli-buldan.webp,https://commons.wikimedia.org/wiki/File:Buldan1.jpg
"no word shared with landmark, city or country",Türkiye,Edirne,Karaağaç and the Lausanne Monument,edirne,5,images/landmarks/edirne-karaagac-and-the-lausanne-monument.webp,https://commons.wikimedia.org/wiki/File:KaraağaçRailwayStation.JPG
"no word shared with landmark, city or country",Türkiye,Edirne,Sarayiçi and the Kırkpınar Arena,edirne,6,images/landmarks/edirne-sarayici-and-the-krkpnar-arena.webp,https://commons.wikimedia.org/wiki/File:KırkpınarArena.JPG
"no word shared with landmark, city or country",Türkiye,Istanbul,Süleymaniye Mosque,istanbul,7,images/landmarks/istanbul-suleymaniye-mosque.webp,https://commons.wikimedia.org/wiki/File:SüleymaniyeMosqueIstanbul_(cropped).jpg
"no word shared with landmark, city or country",Türkiye,Kayseri,Hunat Hatun Complex,kayseri,2,images/landmarks/kayseri-hunat-hatun-complex.webp,"https://commons.wikimedia.org/wiki/File:Al%C3%A2eddin_Mosque,_Konya_01.jpg"
"no word shared with landmark, city or country",Türkiye,Kayseri,Kültepe (Kanesh) Archaeological Site,kayseri,7,images/landmarks/kayseri-kultepe-kanesh.webp,https://commons.wikimedia.org/wiki/File:KültepeOberstadtPalast.jpg
"no word shared with landmark, city or country",Türkiye,Kayseri,Soğanlı Valley,kayseri,9,images/landmarks/kayseri-soganli-valley.webp,https://commons.wikimedia.org/wiki/File:Soganli_01.jpg
"no word shared with landmark, city or country",Türkiye,Kaş,Lion Tomb (King's Tomb),kas,1,images/landmarks/kas-lion-tomb.webp,https://commons.wikimedia.org/wiki/File:Antiphellos_Aslanlı_Lahit.jpg
"no word shared with landmark, city or country",Türkiye,Kaş,Büyük Çakıl Beach,kas,8,images/landmarks/kas-buyuk-cak-l-beach.webp,https://www.flickr.com/photos/46273718@N00/234175460
"no word shared with landmark, city or country",Türkiye,Kaş,Kastellorizo (Meis) Island,kas,9,images/landmarks/kas-kastellorizo-island.webp,https://commons.wikimedia.org/wiki/File:Port_of_Castelorizo.jpg
"no word shared with landmark, city or country",Türkiye,Kuşadası,Güvercinada (Pigeon Island),kusadasi,0,images/landmarks/kusadasi-guvercinada-pigeon-island.webp,https://commons.wikimedia.org/wiki/File:G%C3%BCvercinada_Castle.jpg
"no word shared with landmark, city or country",Türkiye,Kuşadası,Kaleiçi Old Town,kusadasi,2,images/landmarks/kusadasi-kaleici-old-town.webp,https://commons.wikimedia.org/wiki/File:Kalei%C3%A7i_Camii_IMG_1496.jpg
"no word shared with landmark, city or country",Türkiye,Selçuk,Ephesus Archaeological Museum,selcuk,8,images/landmarks/selcuk-ephesus-archaeological-museum.webp,https://commons.wikimedia.org/wiki/File:EfesMuseumEingang.jpg
"no word shared with landmark, city or country",Türkiye,Çeşme,Ancient Erythrai (Ildırı),cesme,5,images/landmarks/cesme-erythrai-ildiri.webp,"https://commons.wikimedia.org/wiki/File:Erythrae,_Ionia,_Turkey_-_53784207272.jpg"
"no word shared with landmark, city or country",Türkiye,Şanlıurfa,Mevlid-i Halil Mosque and Cave of Abraham,sanliurfa,2,images/landmarks/sanliurfa-mevlid-i-halil-mosque.webp,https://commons.wikimedia.org/wiki/File:Urfa_1997_080.jpg
"no word shared with landmark, city or country",Türkiye,Şanlıurfa,Şanlıurfa Archaeology Museum,sanliurfa,3,images/landmarks/sanliurfa-archaeology-museum.webp,https://commons.wikimedia.org/wiki/File:UrfaMuseumGöbekli.jpg
"no word shared with landmark, city or country",Türkiye,Şanlıurfa,Şanlıurfa Castle (Urfa Kalesi),sanliurfa,5,images/landmarks/sanliurfa-castle.webp,https://commons.wikimedia.org/wiki/File:UrfaKale.jpg
"no word shared with landmark, city or country",UAE,Abu Dhabi,Louvre Abu Dhabi,abu-dhabi,1,images/landmarks/abu-dhabi-louvre-abu-dhabi.webp,https://en.wikipedia.org/wiki/File:LouvreAD_exterior.jpg
"no word shared with landmark, city or country",Uganda,Kampala,Bulange Mengo (Buganda Parliament),kampala,8,images/landmarks/kampala-bulange-mengo.webp,https://commons.wikimedia.org/wiki/File:Kabaka%27s_Palace.jpg
"no word shared with landmark, city or country",Ukraine,Kyiv,Kyiv Pechersk Lavra,kyiv,1,images/landmarks/kyiv-kyiv-pechersk-lavra.webp,https://commons.wikimedia.org/wiki/File:%D0%A1%D0%BE%D0%B1%D0%BE%D1%80_%D0%A3%D1%81%D0%BF%D0%B5%D0%BD%D1%81%D1%8C%D0%BA%D0%B8%D0%B92.jpg
"no word shared with landmark, city or country",Ukraine,Kyiv,Andriyivskyy Descent,kyiv,5,images/landmarks/kyiv-andriyivskyy-descent.webp,https://commons.wikimedia.org/wiki/File:%D0%90%D0%BD%D0%B4%D1%80%D1%96%D1%97%D0%B2%D1%81%D1%8C%D0%BA%D0%B8%D0%B9_%D1%83%D0%B7%D0%B2%D1%96%D0%B7.%D0%90%D0%BD%D0%B4%D1%80%D1%96%D1%97%D0%B2%D1%81%D1%8C%D0%BA%D0%B0_%D1%86%D0%B5%D1%80%D0%BA%D0%B2%D0%B0._%D0%9A%D0%B8%D1%97%D0%B2.jpg
"no word shared with landmark, city or country",Ukraine,Kyiv,St. Volodymyr's Cathedral,kyiv,8,images/landmarks/kyiv-st-volodymyrs-cathedral.webp,"https://commons.wikimedia.org/wiki/File:%D0%92%D0%BE%D0%BB%D0%BE%D0%B4%D0%B8%D0%BC%D0%B8%D1%80%D1%81%D1%8C%D0%BA%D0%B8%D0%B9_%D1%81%D0%BE%D0%B1%D0%BE%D1%80,_%D0%B2%D0%B8%D0%B4_%D0%B7%D1%96_%D1%81%D1%82%D0%BE%D1%80%D0%BE%D0%BD%D0%B8_%D0%B2%D1%85%D0%BE%D0%B4%D1%83.jpg"
"no word shared with landmark, city or country",Ukraine,Kyiv,Kyiv Funicular,kyiv,9,images/landmarks/kyiv-kyiv-funicular.webp,https://commons.wikimedia.org/wiki/File:2948279_%D0%9A%D0%B8%D0%B5%D0%B2%D1%81%D0%BA%D0%B8%D0%B9_%D1%84%D1%83%D0%BD%D0%B8%D0%BA%D1%83%D0%BB%D0%B5%D1%80.jpg
"no word shared with landmark, city or country",Ukraine,Lviv,Lviv Opera House,lviv,1,images/landmarks/lviv-opera-house.webp,https://commons.wikimedia.org/wiki/File:Львівський_національний_академічний_театр_опери_та_балету_імені_Соломії_Крушельницької_13.jpg
"no word shared with landmark, city or country",Ukraine,Lviv,Lychakiv Cemetery,lviv,3,images/landmarks/lviv-lychakiv-cemetery.webp,https://commons.wikimedia.org/wiki/File:Lwów_-_Cmentarz_Łyczakowski_04.JPG
"no word shared with landmark, city or country",Ukraine,Lviv,Boim Chapel,lviv,6,images/landmarks/lviv-boim-chapel.webp,https://commons.wikimedia.org/wiki/File:Lwow_kaplica_Boimow_2.jpg
"no word shared with landmark, city or country",Ukraine,Lviv,Dominican Church (Church of the Holy Eucharist),lviv,7,images/landmarks/lviv-dominican-church.webp,https://commons.wikimedia.org/wiki/File:Tserkvaulvovi.JPG
"no word shared with landmark, city or country",Ukraine,Lviv,Potocki Palace,lviv,9,images/landmarks/lviv-potocki-palace.webp,"https://commons.wikimedia.org/wiki/File:Львів_-_Коперника,_15-1.jpg"
"no word shared with landmark, city or country",Ukraine,Odessa,Potemkin Stairs,odessa,0,images/landmarks/odessa-potemkin-stairs.webp,https://commons.wikimedia.org/wiki/File:Потьомкінські_сходи_11.jpg
"no word shared with landmark, city or country",Ukraine,Odessa,Spaso-Preobrazhensky Cathedral (Transfiguration Cathedral),odessa,6,images/landmarks/odessa-spaso-preobrazhensky-cathedral.webp,"https://commons.wikimedia.org/wiki/File:Спасо-Преображенський_собор,_Одеса_DSC8126.jpg"
"no word shared with landmark, city or country",Ukraine,Odessa,City Garden (Miskyi Sad),odessa,7,images/landmarks/odessa-city-garden.webp,https://commons.wikimedia.org/wiki/File:Одесса._Городской_Сад..JPG
"no word shared with landmark, city or country",Ukraine,Odessa,Passage Shopping Arcade,odessa,8,images/landmarks/odessa-passage-arcade.webp,https://commons.wikimedia.org/wiki/File:Пасаж_(Одеса)_1.jpg
"no word shared with landmark, city or country",United Kingdom,Cardiff,National Museum Cardiff,cardiff,4,images/landmarks/cardiff-national-museum-cardiff.webp,https://commons.wikimedia.org/wiki/File:Amgueddfa_Genedlaethol_Caerdydd.JPG
"no word shared with landmark, city or country",United Kingdom,Windermere,Brockhole on Windermere,windermere,5,images/landmarks/windermere-brockhole-on-windermere.webp,https://commons.wikimedia.org/wiki/File:National_Park_Centre_(geograph_2491407).jpg
"no word shared with landmark, city or country",United Kingdom,York,York City Walls,york,2,images/landmarks/york-city-walls.webp,https://commons.wikimedia.org/wiki/File:Micklegate_Bar.jpg
"no word shared with landmark, city or country",United States,Anaheim,Matterhorn Bobsleds,anaheim,1,images/landmarks/anaheim-matterhorn-bobsleds.webp,https://commons.wikimedia.org/wiki/File:Matterhorndisney.jpg
"no word shared with landmark, city or country",United States,Anaheim,Angel Stadium of Anaheim,anaheim,4,images/landmarks/anaheim-angel-stadium-of-anaheim.webp,https://commons.wikimedia.org/wiki/File:Angelstadiummarch2019.jpg
"no word shared with landmark, city or country",United States,Anchorage,Lake Hood Seaplane Base,anchorage,2,images/landmarks/anchorage-lake-hood-seaplane-base.webp,https://commons.wikimedia.org/wiki/File:LakesHoodAndSpenard.jpg
"no word shared with landmark, city or country",United States,Anchorage,Chugach State Park (Glen Alps Overlook),anchorage,9,images/landmarks/anchorage-chugach-state-park.webp,https://commons.wikimedia.org/wiki/File:Bashful_Peak.jpg
"no word shared with landmark, city or country",United States,Atlanta,Martin Luther King Jr. National Historical Park,atlanta,4,images/landmarks/atlanta-martin-luther-king-jr-national-historical-park.webp,https://commons.wikimedia.org/wiki/File:Ebenezer-Baptist-from-pulpit.jpg
"no word shared with landmark, city or country",United States,Austin,Texas State Capitol,austin,0,images/landmarks/austin-texas-state-capitol.webp,https://commons.wikimedia.org/wiki/File:TexasStateCapitol-2010-01.JPG
"no word shared with landmark, city or country",United States,Austin,The University of Texas Tower,austin,4,images/landmarks/austin-the-university-of-texas-tower.webp,https://commons.wikimedia.org/wiki/File:Main%20Building%20%28University%20of%20Texas%20at%20Austin%29%20-%20DSC08595.jpg
"no word shared with landmark, city or country",United States,Boston,Fenway Park,boston,0,images/landmarks/boston-fenway-park.webp,https://commons.wikimedia.org/wiki/File:131023-F-PR861-033_Hanscom_participates_in_World_Series_pregame_events.jpg
"no word shared with landmark, city or country",United States,Charleston,Fort Sumter National Monument,charleston,2,images/landmarks/charleston-fort-sumter.webp,https://commons.wikimedia.org/wiki/File:FortSumter2009.jpg
"no word shared with landmark, city or country",United States,Charleston,Magnolia Plantation and Gardens,charleston,6,images/landmarks/charleston-magnolia-plantation-gardens.webp,https://commons.wikimedia.org/wiki/File:MagnoliaPlantationHouse_500px.jpg
"no word shared with landmark, city or country",United States,Denver,Red Rocks Amphitheatre,denver,0,images/landmarks/denver-red-rocks-amphitheatre.webp,https://commons.wikimedia.org/wiki/File:RedRocksAMP.png
"no word shared with landmark, city or country",United States,Houston,Houston Museum of Natural Science,houston,1,images/landmarks/houston-houston-museum-of-natural-science.webp,https://commons.wikimedia.org/wiki/File:HMNS.jpg
"no word shared with landmark, city or country",United States,Las Vegas,Fremont Street Experience,las-vegas,5,images/landmarks/las-vegas-fremont-street-experience.webp,https://commons.wikimedia.org/wiki/File:LasVegas-FremontStreet.jpg
"no word shared with landmark, city or country",United States,Memphis,Shelby Farms Park,memphis,9,images/landmarks/memphis-shelby-farms-park.webp,https://commons.wikimedia.org/wiki/File:ShelbyFarmsSign.jpg
"no word shared with landmark, city or country",United States,Philadelphia,Rocky Statue,philadelphia,2,images/landmarks/philadelphia-rocky-statue.webp,https://commons.wikimedia.org/wiki/File:9.26.06RockyStatueByLuigiNovi2.jpg
"no word shared with landmark, city or country",United States,Philadelphia,Philadelphia Museum of Art,philadelphia,3,images/landmarks/philadelphia-philadelphia-museum-of-art.webp,https://commons.wikimedia.org/wiki/File:PhiladelphiaMuseumOfArt2017.jpg
"no word shared with landmark, city or country",United States,Phoenix,Heard Museum,phoenix,7,images/landmarks/phoenix-heard-museum.webp,https://commons.wikimedia.org/wiki/File:HeardMuseum_May2013.jpg
"no word shared with landmark, city or country",United States,Pittsburgh,Allegheny County Courthouse,pittsburgh,8,images/landmarks/pittsburgh-allegheny-county-courthouse.webp,https://commons.wikimedia.org/wiki/File:AlleghenyCountyCourthouse.jpg
"no word shared with landmark, city or country",United States,Pittsburgh,Fallingwater,pittsburgh,9,images/landmarks/pittsburgh-fallingwater.webp,https://commons.wikimedia.org/wiki/File:Wrightfallingwater.jpg
"no word shared with landmark, city or country",United States,Portland,Vista Bridge (Portland),portland,3,images/landmarks/portland-vista-bridge.webp,https://commons.wikimedia.org/wiki/File:MAXVistaBridge.jpg
"no word shared with landmark, city or country",United States,Portland,Powell's City of Books,portland,7,images/landmarks/portland-powells-books.webp,https://commons.wikimedia.org/wiki/File:PowellsBookstore.jpg
"no word shared with landmark, city or country",United States,Reno,Nevada Museum of Art,reno,3,images/landmarks/reno-nevada-museum-of-art.webp,https://commons.wikimedia.org/wiki/File:Exterior_5_med.jpg
"no word shared with landmark, city or country",United States,San Antonio,San Antonio River Walk,san-antonio,1,images/landmarks/san-antonio-san-antonio-river-walk.webp,https://commons.wikimedia.org/wiki/File:Riverwalk20.jpg
"no word shared with landmark, city or country",United States,San Antonio,McNay Art Museum,san-antonio,9,images/landmarks/san-antonio-mcnay-art-museum.webp,https://commons.wikimedia.org/wiki/File:McNayArtMuseum.jpg
"no word shared with landmark, city or country",United States,San Diego,La Jolla Cove,san-diego,5,images/landmarks/san-diego-la-jolla-cove.webp,https://commons.wikimedia.org/wiki/File:LaJolla-2_%2845716612345%29.jpg
"no word shared with landmark, city or country",United States,San Francisco,Golden Gate Park,san-francisco,7,images/landmarks/san-francisco-golden-gate-park.webp,https://commons.wikimedia.org/wiki/File:California-06241_-_In_front_of_museum_%2820449897948%29.jpg
"no word shared with landmark, city or country",United States,"Washington, D.C.",Jefferson Memorial,washington-d-c,4,images/landmarks/washington-dc-jefferson-memorial.webp,https://commons.wikimedia.org/wiki/File:JeffersonMemorialNightFB.jpg
"no word shared with landmark, city or country",Uzbekistan,Bukhara,Po-i-Kalyan Complex and Kalyan Minaret,bukhara,0,images/landmarks/bukhara-po-i-kalyan-complex-and-kalyan-minaret.webp,https://commons.wikimedia.org/wiki/File:Poi_Kalon.jpg
"no word shared with landmark, city or country",Uzbekistan,Bukhara,Lyab-i Hauz,bukhara,2,images/landmarks/bukhara-lyab-i-hauz.webp,https://commons.wikimedia.org/wiki/File:Nadir_Divan-Beghi_Madrassah.JPG
"no word shared with landmark, city or country",Uzbekistan,Bukhara,"Trading Domes (Toki Zargaron, Toki Sarrofon, Toki Telpak Furushon)",bukhara,6,images/landmarks/bukhara-trading-domes-toki-zargaron-toki-sarrofon-toki-telpak-furushon.webp,https://commons.wikimedia.org/wiki/File:Tok-i-Zargoron_from_corner.jpg
"no word shared with landmark, city or country",Uzbekistan,Samarkand,Gur-e-Amir Mausoleum,samarkand,2,images/landmarks/samarkand-gur-e-amir-mausoleum.webp,https://commons.wikimedia.org/wiki/File:3840px-ShrineofAmirTimur.jpg
"no word shared with landmark, city or country",Uzbekistan,Samarkand,Bibi-Khanym Mosque,samarkand,3,images/landmarks/samarkand-bibi-khanym-mosque.webp,https://commons.wikimedia.org/wiki/File:3840px-Мечеть_Биби_Ханум._Самарканд.jpg
"no word shared with landmark, city or country",Uzbekistan,Samarkand,Siyob Bazaar,samarkand,5,images/landmarks/samarkand-siyob-bazaar.webp,https://commons.wikimedia.org/wiki/File:13S_20240410_110.jpg
"no word shared with landmark, city or country",Uzbekistan,Samarkand,Mausoleum of Saint Daniel (Khoja Daniyar),samarkand,8,images/landmarks/samarkand-mausoleum-of-saint-daniel.webp,https://commons.wikimedia.org/wiki/File:IranShushGrabDaniels2.jpg
"no word shared with landmark, city or country",Uzbekistan,Tashkent,Tashkent TV Tower,tashkent,3,images/landmarks/tashkent-tashkent-tv-tower.webp,https://en.wikipedia.org/wiki/File:Toshkent_teleminorasi.jpg
"no word shared with landmark, city or country",Uzbekistan,Urganch,Avesto (Avesta) Monument,urganch,2,images/landmarks/urganch-avesto-monument.webp,https://commons.wikimedia.org/wiki/File:Монумент_Авесто._Ургенч.jpg
"no word shared with landmark, city or country",Vatican,Vatican City,Sistine Chapel,vatican-city,2,images/landmarks/vatican-city-sistine-chapel.webp,https://commons.wikimedia.org/wiki/File:Sistina-interno.jpg
"no word shared with landmark, city or country",Vatican,Vatican City,Vatican Gardens,vatican-city,4,images/landmarks/vatican-city-vatican-gardens.webp,https://commons.wikimedia.org/wiki/File:Vatikanische_Gaerten_Museen_Rom.jpg
"no word shared with landmark, city or country",Vatican,Vatican City,Raphael Rooms (Stanze di Raffaello),vatican-city,8,images/landmarks/vatican-city-raphael-rooms.webp,https://commons.wikimedia.org/wiki/File:Raffael_Stanza_della_Segnatura.jpg
"no word shared with landmark, city or country",Venezuela,Caracas,Teleférico Warairarepano (Mount Ávila Cable Car),caracas,1,images/landmarks/caracas-teleferico-warairarepano.webp,https://commons.wikimedia.org/wiki/File:TelefericoCCS1.jpg
"no word shared with landmark, city or country",Vietnam,Da Lat,Truc Lam Zen Monastery and Cable Car,da-lat,4,images/landmarks/da-lat-truc-lam-zen-monastery-cable-car.webp,https://commons.wikimedia.org/wiki/File:ThienVienTrucLamDaLat_main_building.JPG
"no word shared with landmark, city or country",Vietnam,Da Lat,Da Lat Market (Cho Da Lat),da-lat,8,images/landmarks/da-lat-market-cho-da-lat.webp,https://commons.wikimedia.org/wiki/File:Ch%E1%BB%A3_%C4%90%C3%A0_L%E1%BA%A1t_to%C3%A0n_c%E1%BA%A3nh.jpg
"no word shared with landmark, city or country",Vietnam,Da Nang,Con Market (Cho Con),da-nang,9,images/landmarks/da-nang-con-market-cho-con.webp,https://commons.wikimedia.org/wiki/File:Xuan_Huong_Lake_11.jpg
"no word shared with landmark, city or country",Vietnam,Hanoi,Hoan Kiem Lake & Turtle Tower,hanoi,0,images/landmarks/hanoi-hoan-kiem-lake.webp,https://commons.wikimedia.org/wiki/File:Thap_Rua.jpg
"no word shared with landmark, city or country",Vietnam,Hanoi,Ho Chi Minh Mausoleum,hanoi,3,images/landmarks/hanoi-ho-chi-minh-mausoleum.webp,https://commons.wikimedia.org/wiki/File:L%C4%83ng_B%C3%A1c_-_NKS.jpg
"no word shared with landmark, city or country",Vietnam,Ho Chi Minh City,Bitexco Financial Tower,ho-chi-minh-city,4,images/landmarks/ho-chi-minh-city-bitexco-financial-tower.webp,https://www.pexels.com/photo/cars-parked-on-side-of-the-road-near-the-high-rise-buildings-12741640/
"no word shared with landmark, city or country",Vietnam,Huế,Tomb of Khai Dinh,hue,2,images/landmarks/hue-tomb-of-khai-dinh.webp,https://commons.wikimedia.org/wiki/File:Hu%E1%BA%BF_(2024)_-_Mausoleum_of_Emperor_Kh%E1%BA%A3i_%C4%90%E1%BB%8Bnh_-_exterior_-_img_01.jpg
"no word shared with landmark, city or country",Vietnam,Phu Quoc,Ho Quoc Pagoda (Truc Lam Zen Monastery),phu-quoc,7,images/landmarks/phu-quoc-ho-quoc-pagoda.webp,https://commons.wikimedia.org/wiki/File:Ch%C3%B9a_H%E1%BB%99_Qu%E1%BB%91c_Tr%C3%BAc_L%C3%A2m_(37780966591).jpg
"no word shared with landmark, city or country",Vietnam,Sa Pa,Cat Cat Village,sa-pa,2,images/landmarks/sa-pa-cat-cat-village.webp,https://commons.wikimedia.org/wiki/File:B%E1%BA%A3n_C%C3%A1t_C%C3%A1t.jpg
"no word shared with landmark, city or country",Vietnam,Sa Pa,Sa Pa Stone Church (Holy Rosary Church),sa-pa,3,images/landmarks/sa-pa-sa-pa-stone-church-holy-rosary-church.webp,https://commons.wikimedia.org/wiki/File:Nh%C3%A0_th%E1%BB%9D_%C4%91%C3%A1_Sa_Pa.jpg
"no word shared with landmark, city or country",Vietnam,Sa Pa,Thac Bac (Silver Waterfall),sa-pa,5,images/landmarks/sa-pa-thac-bac-silver-waterfall.webp,https://commons.wikimedia.org/wiki/File:Th%C3%A1c_B%E1%BA%A1c.jpg
"no word shared with landmark, city or country",Vietnam,Sa Pa,Ta Van Village,sa-pa,8,images/landmarks/sa-pa-ta-van-village.webp,https://commons.wikimedia.org/wiki/File:Ta_Van_Muong_Ha_vallei_(84346).jpg
"no word shared with landmark, city or country",Western Sahara,Laayoune,Foum el Oued Beach,laayoune,8,images/landmarks/laayoune-foum-el-oued-beach.webp,https://commons.wikimedia.org/wiki/File:%D8%B4%D8%A7%D8%B7%D8%A6_%D9%81%D9%85_%D8%A7%D9%84%D9%88%D8%A7%D8%AF%D8%8C_%D8%A7%D9%84%D8%B9%D9%8A%D9%88%D9%86.jpg
"no word shared with landmark, city or country",Yemen,Sana'a,Old City of Sana'a (UNESCO Site),sana-a,0,images/landmarks/sanaa-old-city-of-sanaa.webp,https://commons.wikimedia.org/wiki/File:San%27a03_flickr.jpg
"no word shared with landmark, city or country",Zambia,Livingstone,Devil's Pool and Livingstone Island,livingstone,2,images/landmarks/livingstone-devils-pool.webp,https://commons.wikimedia.org/wiki/File:DevilsPool20.jpg
"no word shared with landmark, city or country",Zimbabwe,Bulawayo,Chipangali Wildlife Orphanage,bulawayo,4,images/landmarks/bulawayo-chipangali-wildlife-orphanage.webp,https://commons.wikimedia.org/wiki/File:Roxy_the_Leopard.jpg
"no word shared with landmark, city or country",Zimbabwe,Bulawayo,Nesbitt Castle,bulawayo,5,images/landmarks/bulawayo-nesbitt-castle.webp,https://commons.wikimedia.org/wiki/File:Nesbittcastle2.jpg
"no word shared with landmark, city or country",Zimbabwe,Harare,National Heroes Acre,harare,2,images/landmarks/harare-national-heroes-acre.webp,https://commons.wikimedia.org/wiki/File:Nationalhelden-Denkmal_(25281970147).jpg
"no word shared with landmark, city or country",Zimbabwe,Harare,Harare Gardens,harare,4,images/landmarks/harare-harare-gardens.webp,https://commons.wikimedia.org/wiki/File:St_Gerards_Borrowdale_Parish.jpg
"no word shared with landmark, city or country",Zimbabwe,Victoria Falls,Devil's Pool,victoria-falls,2,images/landmarks/victoria-falls-devils-pool.webp,https://commons.wikimedia.org/wiki/File:DevilsPool20.jpg
only generic word(s) shared: city,Afghanistan,Bamyan,Shahr-e Gholghola (City of Screams),bamyan,2,images/landmarks/bamyan-shahr-e-gholghola-city-of-screams.webp,https://commons.wikimedia.org/wiki/File:City%20of%20Screams%20in%20Bamiyan.jpg
only generic word(s) shared: bay,Antigua and Barbuda,Saint John's,Dickenson Bay,saint-john-s,7,images/landmarks/saint-johns-dickenson-bay.webp,https://commons.wikimedia.org/wiki/File:Dickinson_bay_beach_antigua.jpg
only generic word(s) shared: cathedral,Australia,Adelaide,St Peter's Cathedral,adelaide,1,images/landmarks/adelaide-st-peter-s-cathedral.webp,https://commons.wikimedia.org/wiki/File:Adelaide_Cathedral._SA.jpg
only generic word(s) shared: square,Australia,Melbourne,Federation Square,melbourne,0,images/landmarks/melbourne-federation-square.webp,"https://commons.wikimedia.org/wiki/File:Fed_Square,_Melbourne,_west_view_20230219_1.jpg"
only generic word(s) shared: gardens,Australia,Melbourne,Royal Botanic Gardens Melbourne,melbourne,7,images/landmarks/melbourne-royal-botanic-gardens-melbourne.webp,https://commons.wikimedia.org/wiki/File:Botanical_gardens_main_entrance.jpg
only generic word(s) shared: old,Azerbaijan,Baku,Icherisheher (Old City),baku,4,images/landmarks/baku-icherisheher-old-city.webp,https://commons.wikimedia.org/wiki/File:Old%20City%20%28Icherisheher%29.jpg
only generic word(s) shared: lake,Bangladesh,Chittagong,Foy's Lake,chittagong,2,images/landmarks/chittagong-foys-lake.webp,"https://commons.wikimedia.org/wiki/File:Foys_Lake,_Chittagong.jpg"
only generic word(s) shared: national,Bangladesh,Dhaka,National Parliament House (Jatiyo Sangsad Bhaban),dhaka,2,images/landmarks/dhaka-national-parliament-house.webp,https://commons.wikimedia.org/wiki/File:National_Assembly_of_Bangladesh_(10).jpg
only generic word(s) shared: temple,Bangladesh,Dhaka,Dhakeshwari Temple,dhaka,5,images/landmarks/dhaka-dhakeshwari-temple.webp,https://commons.wikimedia.org/wiki/File:Main_Temple_of_Dhakeswari.jpg
only generic word(s) shared: hall,Bangladesh,Dhaka,Curzon Hall,dhaka,8,images/landmarks/dhaka-curzon-hall.webp,https://commons.wikimedia.org/wiki/File:Curjon_Hall.jpg
only generic word(s) shared: square,Belgium,Brugge,Markt Square,brugge,1,images/landmarks/brugge-markt-square.webp,https://commons.wikimedia.org/wiki/File:Bruges_Market_Square_and_Belfry.jpg
only generic word(s) shared: village,Benin,Cotonou,Ganvié Stilt Village,cotonou,1,images/landmarks/cotonou-ganvi-stilt-village.webp,https://commons.wikimedia.org/wiki/File:Ganvi%C3%A9_fishing_village_on_stilts_in_Benin_(10282059623)_(2).jpg
"only generic word(s) shared: city, hall",Bermuda,Hamilton,City Hall and Arts Centre,hamilton,4,images/landmarks/hamilton-bermuda-city-hall-arts-centre.webp,"https://commons.wikimedia.org/wiki/File:City_Hall_in_Hamilton,_Bermuda.jpg"
only generic word(s) shared: house,Bermuda,Hamilton,Sessions House,hamilton,5,images/landmarks/hamilton-bermuda-sessions-house.webp,https://commons.wikimedia.org/wiki/File:Bermuda-House_of_Assembly_and_Supreme_Court.jpg
only generic word(s) shared: old,Bosnia and Herzegovina,Mostar,Stari Most (Old Bridge),mostar,0,images/landmarks/mostar-stari-most.webp,https://commons.wikimedia.org/wiki/File:Mostar_Old_Town_Panorama_2007.jpg
"only generic word(s) shared: city, hall",Bosnia and Herzegovina,Sarajevo,City Hall (Vijećnica),sarajevo,4,images/landmarks/sarajevo-city-hall-vijecnica.webp,https://commons.wikimedia.org/wiki/File:Sarajevo_City_Hall_01.jpg
"only generic word(s) shared: museum, national",Botswana,Gaborone,National Museum of Botswana,gaborone,1,images/landmarks/gaborone-national-museum.webp,https://commons.wikimedia.org/wiki/File:Gaborone_National_Museum_20200211.jpg
only generic word(s) shared: tower,Brazil,Brasília,Torre de TV (TV Tower),brasilia,5,images/landmarks/brasilia-torre-de-tv.webp,https://commons.wikimedia.org/wiki/File:Brasilia_TV_Tower_from_West_2009.jpg
only generic word(s) shared: fort,British Virgin Islands,Road Town,Fort George,road-town,9,images/landmarks/road-town-fort-george.webp,https://commons.wikimedia.org/wiki/File:Fort_Road_Town_01.jpg
only generic word(s) shared: royal,Brunei,Bandar Seri Begawan,Royal Regalia Museum,bandar-seri-begawan,4,images/landmarks/bandar-seri-begawan-royal-regalia-museum.webp,https://commons.wikimedia.org/wiki/File:Royal%20Regalia%20Building%2C%20Brunei%3B%202009.jpg
only generic word(s) shared: beach,Burundi,Bujumbura,Lake Tanganyika Beaches (Saga Beach),bujumbura,1,images/landmarks/bujumbura-lake-tanganyika-beaches-saga-beach.webp,https://commons.wikimedia.org/wiki/File:Beach_in_Bujumbura.jpg
"only generic word(s) shared: central, market",Cambodia,Phnom Penh,Central Market (Phsar Thmei),phnom-penh,9,images/landmarks/phnom-penh-central-market.webp,"https://commons.wikimedia.org/wiki/File:20171125_Central_Market,_Phnom_Penh_4368_DxO.jpg"
only generic word(s) shared: national,Cameroon,Yaoundé,National Museum of Cameroon,yaounde,1,images/landmarks/yaounde-national-museum-of-cameroon.webp,https://commons.wikimedia.org/wiki/File:Musée_National_du_Cameroun_03.JPG
only generic word(s) shared: cave,Canada,Banff,Cave and Basin National Historic Site,banff,6,images/landmarks/banff-cave-and-basin-national-historic-site.webp,https://commons.wikimedia.org/wiki/File:Cave_and_Bassin_Banff-Alberta-_Kim_Payant.jpg
"only generic word(s) shared: island, park",Canada,Calgary,Prince's Island Park,calgary,7,images/landmarks/calgary-princes-island-park.webp,https://commons.wikimedia.org/wiki/File:Princes_island_Park_Calgary_October_2017_(37567363522).jpg
"only generic word(s) shared: fort, old, point",Canada,Jasper,Old Fort Point,jasper,9,images/landmarks/jasper-old-fort-point.webp,https://commons.wikimedia.org/wiki/File:Old_Fort_Point_Trail_01.jpg
only generic word(s) shared: tower,Canada,Toronto,CN Tower,toronto,0,images/landmarks/toronto-cn-tower.webp,https://commons.wikimedia.org/wiki/File:CN_Tower_July_2005.jpg
only generic word(s) shared: central,Chad,N'Djamena,N'Djamena Central Market,n-djamena,3,images/landmarks/ndjamena-central-market.webp,https://commons.wikimedia.org/wiki/File:March%C3%A9_central_de_N%27djamena.jpg
only generic word(s) shared: river,China,Guilin,Li River (Lijiang) Cruise to Yangshuo,guilin,0,images/landmarks/guilin-li-river-cruise.webp,https://commons.wikimedia.org/wiki/File:87318-Li-River.jpg
only generic word(s) shared: hill,China,Guilin,Fubo Hill (Wave-Subduing Hill),guilin,6,images/landmarks/guilin-fubo-hill.webp,https://commons.wikimedia.org/wiki/File:Hill_Fuboshan_in_Guilin.jpg
"only generic word(s) shared: lake, west",China,Hangzhou,West Lake,hangzhou,0,images/landmarks/hangzhou-west-lake.webp,"https://commons.wikimedia.org/wiki/File:West_Lake,_Hangzhou_2025.jpg"
only generic word(s) shared: mosque,China,Kashgar,Id Kah Mosque,kashgar,0,images/landmarks/kashgar-id-kah-mosque.webp,"https://commons.wikimedia.org/wiki/File:H%C3%ABytgah_Mosque,_Kashi_(20230923100109).jpg"
only generic word(s) shared: temple,China,Qinhuangdao,Mengjiangnü Temple,qinhuangdao,3,images/landmarks/qinhuangdao-mengjiangnu-temple.webp,https://commons.wikimedia.org/wiki/File:Temple_de_Meng_Jiangn%C3%BC.jpg
only generic word(s) shared: garden,China,Shanghai,Yu Garden,shanghai,3,images/landmarks/shanghai-yu-garden.webp,https://commons.wikimedia.org/wiki/File:Shanghai_-_Yu_Garden_-_0035.jpg
"only generic word(s) shared: east, lake",China,Shaoxing,East Lake (Dong Hu),shaoxing,2,images/landmarks/shaoxing-east-lake.webp,"https://commons.wikimedia.org/wiki/File:East_Lake,_Shaoxing.jpg"
only generic word(s) shared: mountain,China,Shenzhen,Wutong Mountain,shenzhen,7,images/landmarks/shenzhen-wutong-mountain.webp,https://commons.wikimedia.org/wiki/File:Shenzhen_TV_Tower_with_Wu_Tong_mountain_in_background.jpg
only generic word(s) shared: valley,China,Turpan,Grape Valley (Putao Gou),turpan,6,images/landmarks/turpan-grape-valley.webp,https://commons.wikimedia.org/wiki/File:Valley_of_Grapes_Turpan_(2).jpg
"only generic word(s) shared: great, mosque",China,Xi'an,Great Mosque of Xi'an,xi-an,6,images/landmarks/xian-great-mosque-of-xi-an.webp,https://commons.wikimedia.org/wiki/File:Xian_Great_Mosque_12_(5459243082).jpg
"only generic word(s) shared: street, west",China,Yangshuo,West Street (Xi Jie),yangshuo,3,images/landmarks/yangshuo-west-street.webp,https://commons.wikimedia.org/wiki/File:West_Street_Yangshuo.jpg
only generic word(s) shared: garden,China,Yangzhou,He Garden (Heyuan),yangzhou,2,images/landmarks/yangzhou-he-garden.webp,https://commons.wikimedia.org/wiki/File:He_Garden.jpg
only generic word(s) shared: cave,China,Zhangjiajie,Yellow Dragon Cave (Huanglongdong),zhangjiajie,7,images/landmarks/zhangjiajie-yellow-dragon-cave.webp,https://commons.wikimedia.org/wiki/File:20120410_YD_cave_0001_04.jpg
only generic word(s) shared: lake,China,Zhaoqing,Star Lake Wetlands,zhaoqing,1,images/landmarks/zhaoqing-star-lake-wetlands.webp,"https://commons.wikimedia.org/wiki/File:Fairy_Lake,_Xinghu_National_Wetland_Park_20260217.jpg"
only generic word(s) shared: temple,China (SAR),Macau,A-Ma Temple,macau,2,images/landmarks/macau-a-ma-temple.webp,https://commons.wikimedia.org/wiki/File:A-Ma_Temple_(Macau)_01.JPG
only generic word(s) shared: market,Comoros,Moroni,Grand Marché de Moroni (Voidjou Market),moroni,3,images/landmarks/moroni-grand-marche.webp,https://commons.wikimedia.org/wiki/File:Volo_Volo_Market_(10912886835).jpg
only generic word(s) shared: museum,Czechia,Pilsen,Brewery Museum,pilsen,5,images/landmarks/pilsen-brewery-museum.webp,https://commons.wikimedia.org/wiki/File:The_Pilsener_museum.jpg
only generic word(s) shared: tower,Czechia,Prague,Petrin Lookout Tower,prague,6,images/landmarks/prague-petrin-tower.webp,https://commons.wikimedia.org/wiki/File:Pet%C5%99%C3%ADn_tower_05_2018.jpg
only generic word(s) shared: central,Democratic Republic of the Congo,Kinshasa,Marché Central (Grand Marché),kinshasa,7,images/landmarks/kinshasa-marche-central.webp,"https://commons.wikimedia.org/wiki/File:Central_Market,_Kinshasa,_ZNTO.jpg"
only generic word(s) shared: palace,Egypt,Alexandria,Montaza Palace and Gardens,alexandria,4,images/landmarks/alexandria-montaza-palace-and-gardens.webp,https://commons.wikimedia.org/wiki/File:Egypt-14A-148_-_Al-Montazah_Palace_(2216757121).jpg
only generic word(s) shared: temple,Egypt,Luxor,Karnak Temple,luxor,0,images/landmarks/luxor-karnak-temple.webp,https://commons.wikimedia.org/wiki/File:Temple_de_Louxor_68.jpg
"only generic word(s) shared: great, mosque",Eritrea,Asmara,Al Khulafa Al Rashidun Mosque (Great Mosque),asmara,4,images/landmarks/asmara-al-khulafa-al-rashidun-mosque.webp,https://commons.wikimedia.org/wiki/File:Great_Mosque_(8351473351).jpg
only generic word(s) shared: square,Ethiopia,Addis Ababa,Meskel Square,addis-ababa,1,images/landmarks/addis-ababa-meskel-square.webp,https://commons.wikimedia.org/wiki/File:Meskal_Square_(11237676556).jpg
"only generic word(s) shared: museum, national",Ethiopia,Addis Ababa,National Museum of Ethiopia,addis-ababa,3,images/landmarks/addis-ababa-national-museum-of-ethiopia.webp,https://commons.wikimedia.org/wiki/File:Ethiopian_National_Museum_in_Addis_Ababa.jpg
only generic word(s) shared: hall,Ethiopia,Addis Ababa,Africa Hall,addis-ababa,5,images/landmarks/addis-ababa-africa-hall.webp,https://en.wikipedia.org/wiki/File:African_Hall_Addis_Abeba.jpg
only generic word(s) shared: lake,Ethiopia,Bahir Dar,Lake Tana,bahir-dar,1,images/landmarks/bahir-dar-lake-tana.webp,https://commons.wikimedia.org/wiki/File:Lake%20Tana%20Ethiopia%20%281%29.jpg
only generic word(s) shared: market,Ethiopia,Harar,Gidir Magala Market,harar,5,images/landmarks/harar-gidir-magala-market.webp,"https://commons.wikimedia.org/wiki/File:Market,_Harar,_Ethiopia_(2751051477).jpg"
"only generic word(s) shared: market, square",Finland,Helsinki,Market Square (Kauppatori),helsinki,5,images/landmarks/helsinki-market-square.webp,"https://commons.wikimedia.org/wiki/File:Market_Square_in_Helsinki,_Finland,_2024_May.jpg"
only generic word(s) shared: grand,France,Nantes,Les Machines de l'île (Grand Éléphant),nantes,0,images/landmarks/nantes-les-machines-de-lile-grand-elephant.webp,"https://commons.wikimedia.org/wiki/File:Grand_%C3%A9l%C3%A9phant,_Nantes-11.jpg"
"only generic word(s) shared: castle, hill",France,Nice,Castle Hill (Colline du Château),nice,1,images/landmarks/nice-castle-hill-colline-du-chateau.webp,https://commons.wikimedia.org/wiki/File:Dscn0062-nice-port-castle-hill_crop_1200x600.jpg
only generic word(s) shared: fort,French Guiana,Cayenne,Fort Cépérou,cayenne,1,images/landmarks/cayenne-fort-ceperou.webp,https://commons.wikimedia.org/wiki/File:Cayenne_Fort_C%C3%A9p%C3%A9rou_2013.jpg
only generic word(s) shared: national,Gabon,Libreville,National Museum of Arts and Traditions,libreville,3,images/landmarks/libreville-national-museum.webp,https://commons.wikimedia.org/wiki/File:Mus%C3%A9e_national_d%E2%80%99art_de_Libreville_01.jpg
only generic word(s) shared: museum,Germany,Frankfurt am Main,Städel Museum,frankfurt-am-main,7,images/landmarks/frankfurt-am-main-stadel-museum.webp,https://commons.wikimedia.org/wiki/File:Frankfurt_am_Main_-_St%C3%A4del_Museum.jpg
only generic word(s) shared: museum,Ghana,Accra,National Museum of Ghana,accra,5,images/landmarks/accra-national-museum-of-ghana.webp,https://commons.wikimedia.org/wiki/File:Museum_Ground_floor_from_1st_floor.jpg
only generic word(s) shared: beach,Greece,Mykonos,Elia Beach,mykonos,8,images/landmarks/mykonos-elia-beach.webp,https://commons.wikimedia.org/wiki/File:Elias_Beach_on_Mykonos.JPG
only generic word(s) shared: national,Guinea,Conakry,National Museum of Guinea,conakry,4,images/landmarks/conakry-national-museum-of-guinea.webp,https://commons.wikimedia.org/wiki/File:Mus%C3%A9e_National_de_Guin%C3%A9e_27042022_005.jpg
"only generic word(s) shared: city, hall",Guyana,Georgetown,City Hall,georgetown,9,images/landmarks/georgetown-city-hall.webp,"https://commons.wikimedia.org/wiki/File:City_Hall_-_Georgetown,_Guyana_(22872153024).jpg"
only generic word(s) shared: national,Haiti,Port-au-Prince,Musée du Panthéon National Haïtien (MUPANAH),port-au-prince,5,images/landmarks/port-au-prince-mupanah.webp,https://commons.wikimedia.org/wiki/File:Mus%C3%A9e_du_Panth%C3%A9on_National_Ha%C3%AFtien_(8070550861).jpg
only generic word(s) shared: central,Honduras,Tegucigalpa,Parque Central (Plaza Morazán),tegucigalpa,7,images/landmarks/tegucigalpa-parque-central-plaza-morazan.webp,https://commons.wikimedia.org/wiki/File:Tegucigalpa%27s_central_park.jpg
only generic word(s) shared: square,Hungary,Pécs,Széchenyi Square,pecs,4,images/landmarks/pecs-szechenyi-square.webp,https://commons.wikimedia.org/wiki/File:P%C3%A9cs_-_Sz%C3%A9chenyi_Square_01.JPG
only generic word(s) shared: cathedral,Iceland,Reykjavík,Reykjavík Cathedral (Dómkirkjan),reykjavik,9,images/landmarks/reykjavik-cathedral.webp,https://commons.wikimedia.org/wiki/File:Reykjav%C3%ADk_Cathedral_01.jpg
only generic word(s) shared: temple,India,Ahmedabad,Hutheesing Jain Temple,ahmedabad,7,images/landmarks/ahmedabad-hutheesing-jain-temple.webp,https://commons.wikimedia.org/wiki/File:Sheth_Hutheesinh_Temple.jpg
"only generic word(s) shared: hill, palace",India,Cochin,"Hill Palace, Tripunithura",cochin,8,images/landmarks/cochin-hill-palace-tripunithura.webp,https://commons.wikimedia.org/wiki/File:Hill_Palace_Cochin_(24176740822).jpg
only generic word(s) shared: fort,India,Delhi,Red Fort,delhi,1,images/landmarks/delhi-red-fort.webp,https://commons.wikimedia.org/wiki/File:Delhi_fort.jpg
"only generic word(s) shared: city, palace",India,Jaipur,City Palace,jaipur,2,images/landmarks/jaipur-city-palace.webp,https://commons.wikimedia.org/wiki/File:Jaipur_03-2016_20_City_Palace_complex.jpg
only generic word(s) shared: museum,India,Kolkata,Indian Museum,kolkata,4,images/landmarks/kolkata-indian-museum.webp,https://commons.wikimedia.org/wiki/File:Building_of_Calcutta_Museum_02.jpg
only generic word(s) shared: museum,India,Puducherry,Puducherry Museum,puducherry,9,images/landmarks/puducherry-museum.webp,https://commons.wikimedia.org/wiki/File:Ananda_Ranga_Pillai_House_at_Pondicherry_Museum.jpg
only generic word(s) shared: palace,India,Thiruvananthapuram,Kowdiar Palace,thiruvananthapuram,8,images/landmarks/thiruvananthapuram-kowdiar-palace.webp,https://commons.wikimedia.org/wiki/File:Palace_of_Trivandrum.jpg
"only generic word(s) shared: city, palace",India,Udaipur,City Palace,udaipur,0,images/landmarks/udaipur-city-palace.webp,https://commons.wikimedia.org/wiki/File:City_Palace_Udaipur_Rajasthan_India.JPG
"only generic word(s) shared: lake, palace",India,Udaipur,Lake Palace (Jag Niwas),udaipur,2,images/landmarks/udaipur-lake-palace-jag-niwas.webp,https://commons.wikimedia.org/wiki/File:Taj_Lake_Palace_Udaipur_from_City_Palace.jpg
only generic word(s) shared: church,Indonesia,Manado,GMIM Sentrum Church,manado,8,images/landmarks/manado-gmim-sentrum-church.webp,"https://commons.wikimedia.org/wiki/File:Ganjuran_Church,_interior.jpg"
only generic word(s) shared: museum,Indonesia,Surakarta,Museum Radya Pustaka,surakarta,7,images/landmarks/surakarta-museum-radya-pustaka.webp,https://commons.wikimedia.org/wiki/File:Museum_Radyapustaka-Surakarta01.jpg
only generic word(s) shared: mosque,Iran,Kermanshah,Shafei Mosque,kermanshah,6,images/landmarks/kermanshah-shafei-mosque.webp,https://commons.wikimedia.org/wiki/File:Jame-shafeie-mosque.JPG
only generic word(s) shared: mosque,Iran,Mashhad,Goharshad Mosque,mashhad,1,images/landmarks/mashhad-goharshad-mosque.webp,https://commons.wikimedia.org/wiki/File:Gohar_Shad_Mosque.png
only generic word(s) shared: mosque,Iran,Qom,Jamkaran Mosque,qom,1,images/landmarks/qom-jamkaran-mosque.webp,https://commons.wikimedia.org/wiki/File:Saheb_al-Zaman_Mosque_2020_01.jpg
only generic word(s) shared: market,Ireland,Cork,The English Market,cork,0,images/landmarks/cork-the-english-market.webp,https://commons.wikimedia.org/wiki/File:Princes_Street_Indoor_Market_-_geograph.org.uk_-_595328.jpg
"only generic word(s) shared: beach, cave",Jamaica,Montego Bay,Doctor's Cave Beach,montego-bay,0,images/landmarks/montego-bay-doctors-cave-beach.webp,https://commons.wikimedia.org/wiki/File:Doctors-Cave-Beach.jpg
only generic word(s) shared: park,Jamaica,Montego Bay,Montego Bay Marine Park,montego-bay,6,images/landmarks/montego-bay-montego-bay-marine-park.webp,https://commons.wikimedia.org/wiki/File:Tunku_Abdul_Rahman_Park_001.jpg
only generic word(s) shared: park,Japan,Fukuoka,Ōhori Park,fukuoka,1,images/landmarks/fukuoka-ohori-park.webp,https://commons.wikimedia.org/wiki/File:%C5%8Chori_Park_s_Northwest_Entrance_%C5%8Chorik%C5%8Den_Ch%C5%AB%C5%8D-ku_Fukuoka_City_20220919.jpg
only generic word(s) shared: church,Jordan,Aqaba,Aqaba Church Ruins,aqaba,3,images/landmarks/aqaba-aqaba-church-ruins.webp,https://commons.wikimedia.org/wiki/File:Early_church_of_Aqaba05.jpg
"only generic word(s) shared: beach, south",Jordan,Aqaba,South Beach (Berenice Coast),aqaba,8,images/landmarks/aqaba-south-beach.webp,"https://commons.wikimedia.org/wiki/File:South_Beach,_Aqaba,_Jordan.jpg"
only generic word(s) shared: lake,Kenya,Nakuru,Lake Elementaita,nakuru,6,images/landmarks/nakuru-lake-elementaita.webp,"https://commons.wikimedia.org/wiki/File:Lake_Elmenteita,_Kenya.jpg"
only generic word(s) shared: house,Kiribati,Tarawa,"Parliament House (Maneaba ni Maungatabu), Bairiki",tarawa,5,images/landmarks/tarawa-parliament-house.webp,https://commons.wikimedia.org/wiki/File:Kiribati_House_of_Assembly.jpg
only generic word(s) shared: mount,Laos,Luang Prabang,Mount Phousi,luang-prabang,1,images/landmarks/luang-prabang-mount-phousi.webp,https://commons.wikimedia.org/wiki/File:Mount_Phou_Si_from_the_Mekong.jpg
"only generic word(s) shared: palace, royal",Laos,Luang Prabang,Royal Palace Museum (Haw Kham),luang-prabang,2,images/landmarks/luang-prabang-royal-palace-museum.webp,https://commons.wikimedia.org/wiki/File:Former_Royal_Palace_of_Luang_Prabang.jpg
"only generic word(s) shared: museum, national",Liberia,Monrovia,Liberia National Museum,monrovia,6,images/landmarks/monrovia-national-museum.webp,https://commons.wikimedia.org/wiki/File:JFC-UA_service_members_visit_Liberian_National_Museum_150120-A-YF937-211.jpg
only generic word(s) shared: market,Malawi,Lilongwe,Old Town Market,lilongwe,7,images/landmarks/lilongwe-old-town-market.webp,https://commons.wikimedia.org/wiki/File:Lilongwe_market_closeup.JPG
"only generic word(s) shared: mosque, national",Malaysia,Kuala Lumpur,Masjid Negara (National Mosque),kuala-lumpur,8,images/landmarks/kuala-lumpur-masjid-negara.webp,https://commons.wikimedia.org/wiki/File:Kuala_Lumpur_Malaysia_National-Mosque-01.jpg
"only generic word(s) shared: museum, national",Maldives,Malé,National Museum of Maldives,male,4,images/landmarks/male-national-museum.webp,https://commons.wikimedia.org/wiki/File:Male'_National_Museum_Innen_Königssitz.jpg
only generic word(s) shared: grand,Mali,Bamako,Grand Marché de Bamako,bamako,4,images/landmarks/bamako-grand-marche-de-bamako.webp,https://commons.wikimedia.org/wiki/File:Grand%20march%C3%A9%20de%20Bamako.jpg
only generic word(s) shared: monument,Mali,Bamako,Monument de l'Indépendance,bamako,5,images/landmarks/bamako-monument-de-lindependance.webp,https://commons.wikimedia.org/wiki/File:MONUMENT%20DE%20L%27IND%C3%89PENDANCE%20DU%20MALI.jpg
only generic word(s) shared: house,Mali,Timbuktu,René Caillié House,timbuktu,5,images/landmarks/timbuktu-rene-caillie-house.webp,https://commons.wikimedia.org/wiki/File:Timbuktu_Caille_House_Street_Scene.jpg
only generic word(s) shared: grand,Martinique,Fort-de-France,Grand Marché Couvert (Spice Market),fort-de-france,4,images/landmarks/fort-de-france-grand-marche-couvert.webp,https://commons.wikimedia.org/wiki/File:Grand_March%C3%A9_de_Fort-de-France_(Martinique)_-_03.jpg
only generic word(s) shared: city,Mexico,Campeche,Centro Histórico and City Walls,campeche,0,images/landmarks/campeche-centro-historico-and-city-walls.webp,"https://commons.wikimedia.org/wiki/File:Old_city_wall_City_of_Campeche,_state_of_Campeche,_Mexico_2021.jpg"
only generic word(s) shared: monument,Moldova,Chișinău,Stephen the Great Monument,chisinau,2,images/landmarks/chisinau-stephen-the-great-monument.webp,https://commons.wikimedia.org/wiki/File:Chisinau_Stefan_cel_Mare_monument.jpg
only generic word(s) shared: market,Mongolia,Ulaanbaatar,Naran Tuul Market (Black Market),ulaanbaatar,7,images/landmarks/ulan-bator-naran-tuul-market.webp,https://commons.wikimedia.org/wiki/File:Narantuul_Market.jpg
"only generic word(s) shared: bay, little",Montserrat,Brades,Little Bay Beach,brades,5,images/landmarks/brades-little-bay-beach.webp,https://commons.wikimedia.org/wiki/File:Little_Bay_-_Montserrat.jpg
only generic word(s) shared: mosque,Morocco,Chefchaouen,Grand Mosque (Jamaa Bouzafar),chefchaouen,3,images/landmarks/chefchaouen-grand-mosque.webp,https://commons.wikimedia.org/wiki/File:Chefchaouen_mosque_IMG_5656.jpg
only generic word(s) shared: museum,Morocco,Marrakech,Museum of Marrakesh (Dar Menebhi Palace),marrakech,9,images/landmarks/marrakech-museum-of-marrakesh.webp,https://commons.wikimedia.org/wiki/File:Museum_of_Marrakech.JPG
"only generic word(s) shared: palace, royal",Morocco,Rabat,Royal Palace (Dar al-Makhzen),rabat,6,images/landmarks/rabat-royal-palace.webp,https://commons.wikimedia.org/wiki/File:Royal_Palace_(Rabat)_(5508508991).jpg
only generic word(s) shared: grand,Morocco,Rabat,Grand Théâtre de Rabat,rabat,8,images/landmarks/rabat-grand-theatre.webp,https://commons.wikimedia.org/wiki/File:Grand_Th%C3%A9atre_Royal.jpg
only generic word(s) shared: cathedral,Mozambique,Maputo,Cathedral of Our Lady of Conception,maputo,2,images/landmarks/maputo-cathedral-of-our-lady-of-conception.webp,https://commons.wikimedia.org/wiki/File:Cathedral_of_maputo_01.jpg
only generic word(s) shared: beach,Mozambique,Pemba,Murrébuè Beach,pemba,6,images/landmarks/pemba-murrebue-beach.webp,https://commons.wikimedia.org/wiki/File:Beach_hunt_(3912252464).jpg
only generic word(s) shared: market,New Caledonia,Nouméa,Port Moselle Market,noumea,8,images/landmarks/noumea-port-moselle-market.webp,https://commons.wikimedia.org/wiki/File:Noumea_Market.jpg
only generic word(s) shared: mount,New Zealand,Auckland,Mount Eden (Maungawhau),auckland,4,images/landmarks/auckland-mount-eden-maungawhau.webp,https://commons.wikimedia.org/wiki/File:Mount%20Eden%20crater%20with%20Auckland%20CBD%20and%20Rangitoto%20skyline.jpg
"only generic word(s) shared: cathedral, square",New Zealand,Christchurch,Cathedral Square,christchurch,0,images/landmarks/christchurch-cathedral-square.webp,https://commons.wikimedia.org/wiki/File:Christchurch_Tram_at_Cathedral_Square_01.jpg
only generic word(s) shared: cathedral,New Zealand,Christchurch,ChristChurch Cathedral,christchurch,1,images/landmarks/christchurch-cathedral.webp,https://commons.wikimedia.org/wiki/File:Christ_Church_Cathedral_01.jpg
only generic word(s) shared: grand,Niger,Agadez,Grand Marche (Grand Market),agadez,5,images/landmarks/agadez-grand-marche-grand-market.webp,https://commons.wikimedia.org/wiki/File:Diffa_grand_March%C3%A9.JPG
only generic word(s) shared: museum,North Macedonia,Ohrid,Bay of Bones Museum,ohrid,7,images/landmarks/ohrid-bay-of-bones-museum.webp,"https://commons.wikimedia.org/wiki/File:Museum_on_Water_2_(by_Pudelek),_Ohrid.JPG"
only generic word(s) shared: bridge,Norway,Tromso,Tromsø Bridge,tromso,2,images/landmarks/tromso-tromso-bridge.webp,https://commons.wikimedia.org/wiki/File:Tromsøsund_bridge.jpg
only generic word(s) shared: museum,Norway,Ålesund,Sunnmøre Museum,alesund,6,images/landmarks/alesund-sunnmore-museum.webp,https://commons.wikimedia.org/wiki/File:Sunnmør_museum.JPG
only generic word(s) shared: park,Oman,Salalah,Al Baleed Archaeological Park,salalah,0,images/landmarks/salalah-al-baleed-archaeological-park.webp,https://commons.wikimedia.org/wiki/File:3840px-Al_Balid_Archeological_Park_5.jpg
only generic word(s) shared: cathedral,Pakistan,Karachi,St. Patrick's Cathedral,karachi,6,images/landmarks/karachi-st-patricks-cathedral.webp,https://commons.wikimedia.org/wiki/File:PK_Karachi_asv2020-02_img41_StPatrick_Cathedral.jpg
"only generic word(s) shared: museum, national",Pakistan,Karachi,National Museum of Pakistan,karachi,9,images/landmarks/karachi-national-museum-of-pakistan.webp,https://commons.wikimedia.org/wiki/File:PK_Karachi_asv2020-02_img32_National_Museum.jpg
only generic word(s) shared: park,Pakistan,Mingora,Fizagat Park,mingora,5,images/landmarks/mingora-fizagat-park.webp,https://commons.wikimedia.org/wiki/File:Park_in_Swat_Valley_Pakistan.jpg
only generic word(s) shared: old,Palestine,Hebron,Hebron Old City (UNESCO),hebron,1,images/landmarks/hebron-hebron-old-city.webp,https://www.pexels.com/photo/stone-walls-in-an-old-town-and-clouds-in-a-blue-sky-6159081/
"only generic word(s) shared: museum, national",Papua New Guinea,Port Moresby,National Museum and Art Gallery of PNG,port-moresby,7,images/landmarks/port-moresby-national-museum.webp,https://commons.wikimedia.org/wiki/File:Papua_New_Guinea_National_Museum_May_2015.jpg
only generic word(s) shared: lake,Philippines,Coron,Kayangan Lake,coron,0,images/landmarks/coron-kayangan-lake.webp,"https://commons.wikimedia.org/wiki/File:Cayangan_Lake,_Coron_Islands,_Philippines_-_panoramio.jpg"
only generic word(s) shared: park,Philippines,Davao,People's Park,davao,1,images/landmarks/davao-people-s-park.webp,https://commons.wikimedia.org/wiki/File:Peoples_Park._(5032255217).jpg
"only generic word(s) shared: market, old",Poland,Poznań,Stary Rynek (Old Market Square),poznan,0,images/landmarks/poznan-stary-rynek.webp,https://commons.wikimedia.org/wiki/File:Poznan_10-2013_img15_Old_Market.jpg
only generic word(s) shared: park,Poland,Sopot,Southern Park (Park Południowy),sopot,8,images/landmarks/sopot-southern-park.webp,https://commons.wikimedia.org/wiki/File:Topola_park_po%C5%82udniowy_sopot.jpg
"only generic word(s) shared: castle, royal",Poland,Warsaw,Royal Castle,warsaw,0,images/landmarks/warsaw-royal-castle.webp,"https://commons.wikimedia.org/wiki/File:Royal_Castle_in_Warsaw,_Poland,_2022,_03.jpg"
only generic word(s) shared: palace,Poland,Warsaw,Wilanów Palace,warsaw,6,images/landmarks/warsaw-wilanow-palace.webp,"https://commons.wikimedia.org/wiki/File:Garden_facade_of_the_Wilan%C3%B3w_Palace,_2019,_02.jpg"
only generic word(s) shared: old,Portugal,Faro,Cidade Velha (Old Town) and Arco da Vila,faro,0,images/landmarks/faro-cidade-velha-and-arco-da-vila.webp,https://commons.wikimedia.org/wiki/File:Old_Faro.jpg
only generic word(s) shared: tower,Portugal,Lisbon,Belém Tower,lisbon,0,images/landmarks/lisbon-belem-tower.webp,"https://commons.wikimedia.org/wiki/File:Bel%C3%A9m_Tower_in_Lisbon,_Portugal.jpg"
only generic word(s) shared: gardens,Romania,Bucharest,Cișmigiu Gardens,bucharest,9,images/landmarks/bucharest-cismigiu-gardens.webp,https://commons.wikimedia.org/wiki/File:Ci%C5%9Fmigiu_Gardens_(2438863237).jpg
only generic word(s) shared: church,Russia,Irkutsk,Kazan Church (Church of Our Lady of Kazan),irkutsk,2,images/landmarks/irkutsk-kazan-church-church-of-our-lady-of-kazan.webp,https://commons.wikimedia.org/wiki/File:Kazansky_Church_Irkutsk.jpg
only generic word(s) shared: church,Russia,Irkutsk,Church of the Savior (Spasskaya Church),irkutsk,4,images/landmarks/irkutsk-church-of-the-savior-spasskaya-church.webp,"https://commons.wikimedia.org/wiki/File:Saviors_Church,_Irkutsk_-_panoramio.jpg"
only generic word(s) shared: mosque,Russia,Kazan,Kul Sharif Mosque,kazan,1,images/landmarks/kazan-kul-sharif-mosque.webp,https://commons.wikimedia.org/wiki/File:Kazan_Kremlin_Qolsharif_Mosque_08-2016_img1.jpg
only generic word(s) shared: street,Russia,Kazan,Bauman Street,kazan,3,images/landmarks/kazan-bauman-street.webp,https://commons.wikimedia.org/wiki/File:Baumana_Street_Kazan_Russia_2009_sept_06.jpg
only generic word(s) shared: cathedral,Russia,Moscow,Saint Basil's Cathedral,moscow,0,images/landmarks/moscow-saint-basils-cathedral.webp,https://commons.wikimedia.org/wiki/File:Sant_Vasily_cathedral_in_Moscow.JPG
only generic word(s) shared: palace,Russia,Saint Petersburg,Palace Square,saint-petersburg,6,images/landmarks/saint-petersburg-palace-square.webp,https://commons.wikimedia.org/wiki/File:3840px-RUS-2016-Aerial-SPB-Winter_Palace.jpg
only generic word(s) shared: museum,Russia,Sergiyev Posad,Toy Museum,sergiyev-posad,6,images/landmarks/sergiyev-posad-toy-museum.webp,https://commons.wikimedia.org/wiki/File:Russia-Sergiev_Posad-Toys_Museum.jpg
only generic word(s) shared: castle,Saint Helena,Jamestown,The Castle and Castle Gardens,jamestown,6,images/landmarks/jamestown-the-castle-and-castle-gardens.webp,https://commons.wikimedia.org/wiki/File:Entrance_to_the_Castle_government_complex_in_Jamestown.jpg
only generic word(s) shared: cathedral,Saint Vincent and the Grenadines,Kingstown,Cathedral of the Assumption,kingstown,3,images/landmarks/kingstown-cathedral-of-the-assumption.webp,"https://commons.wikimedia.org/wiki/File:St._Vincent,_Karibik_-_St._Mary's_R.C._School_^_St._Mary's_R.C._Cathedral_-_panoramio.jpg"
only generic word(s) shared: church,Saint-Barthélemy,Gustavia,Notre-Dame de l'Assomption Catholic Church,gustavia,6,images/landmarks/gustavia-notre-dame-de-lassomption.webp,https://commons.wikimedia.org/wiki/File:Church_of_Our_Lady_of_the_Assumption_(49910950296).jpg
only generic word(s) shared: mosque,Saudi Arabia,Jeddah,Al Rahma Mosque (Floating Mosque),jeddah,3,images/landmarks/jeddah-al-rahma-mosque.webp,https://commons.wikimedia.org/wiki/File:Al-Rahmah_Mosque_1.jpg
"only generic word(s) shared: great, mosque",Saudi Arabia,Mecca,Masjid al-Haram (Great Mosque of Mecca),mecca,0,images/landmarks/mecca-masjid-al-haram.webp,https://commons.wikimedia.org/wiki/File:Edited_Great_Mosque_of_Mecca1_5-2019-ccsa4.0_(cropped).jpg
"only generic word(s) shared: bay, little",Sint Maarten,Philipsburg,Little Bay Beach,philipsburg,8,images/landmarks/philipsburg-little-bay-beach.webp,https://commons.wikimedia.org/wiki/File:Collectie_Nationaal_Museum_van_Wereldculturen_TM-20006286_Little_Bay_Hotel_en_het_schiereiland_waarop_Fort_Amsterdam_gevestigd_is_Grote_Baai_Boy_Lawson_(Fotograaf).jpg
"only generic word(s) shared: old, street",Sint Maarten,Philipsburg,Old Street,philipsburg,9,images/landmarks/philipsburg-old-street.webp,https://commons.wikimedia.org/wiki/File:Old_Street_Sint_Maarten_(15676911803).jpg
only generic word(s) shared: square,Slovakia,Poprad,St. Egidius Square,poprad,2,images/landmarks/poprad-st-egidius-square.webp,https://commons.wikimedia.org/wiki/File:Square_of_Poprad_4.jpg
only generic word(s) shared: bridge,Slovenia,Ljubljana,Dragon Bridge (Zmajski most),ljubljana,2,images/landmarks/ljubljana-dragon-bridge.webp,"https://commons.wikimedia.org/wiki/File:Dragons_Bridge,_Ljubljana_2.jpg"
only generic word(s) shared: beach,Somalia,Mogadishu,Lido Beach,mogadishu,1,images/landmarks/mogadishu-lido-beach.webp,https://commons.wikimedia.org/wiki/File:Mogadishu_Liido_beach.JPG
only generic word(s) shared: beach,South Africa,Plettenberg Bay,Central Beach,plettenberg-bay,1,images/landmarks/plettenberg-bay-central-beach.webp,https://commons.wikimedia.org/wiki/File:Plettenberg_Bay_Beach_11.jpg
"only generic word(s) shared: church, square",South Africa,Pretoria,Church Square,pretoria,2,images/landmarks/pretoria-church-square.webp,"https://commons.wikimedia.org/wiki/File:Church_Square,_Pretoria.jpg"
only generic word(s) shared: museum,South Africa,Pretoria,Ditsong National Museum of Natural History,pretoria,9,images/landmarks/pretoria-ditsong-museum.webp,https://commons.wikimedia.org/wiki/File:Transvaal_Museum.jpg
only generic word(s) shared: gate,South Korea,Seoul,Namdaemun Market / Namdaemun Gate,seoul,9,images/landmarks/seoul-namdaemun-market-gate.webp,"https://commons.wikimedia.org/wiki/File:Sungnyemun_Gate,_front,_2013.jpg"
only generic word(s) shared: lake,South Korea,Sokcho,Cheongchoho Lake and Expo Tower,sokcho,7,images/landmarks/sokcho-cheongchoho-lake.webp,https://commons.wikimedia.org/wiki/File:Korea-Sokcho-South_of_lake_panorama.jpg
only generic word(s) shared: beach,Spain,San Sebastián,La Concha Beach & Bay,san-sebastian,0,images/landmarks/san-sebastian-la-concha-beach-and-bay.webp,https://commons.wikimedia.org/wiki/File:San_Sebastian_Kontxa_beach_1190650.jpg
only generic word(s) shared: cathedral,Spain,Seville,Seville Cathedral & Giralda Tower,seville,0,images/landmarks/seville-seville-cathedral-giralda-tower.webp,https://commons.wikimedia.org/wiki/File:Sevilla_Cathedral_-_Southeast.jpg
only generic word(s) shared: palace,Spain,Zaragoza,Aljafería Palace,zaragoza,2,images/landmarks/zaragoza-aljaferia-palace.webp,https://commons.wikimedia.org/wiki/File:Aljafer%C3%ADa_Palace.jpg
only generic word(s) shared: lake,Sri Lanka,Colombo,Beira Lake,colombo,8,images/landmarks/colombo-beira-lake.webp,https://commons.wikimedia.org/wiki/File:Colombo_-_Lake.jpg
only generic word(s) shared: church,Sri Lanka,Negombo,St. Mary's Church,negombo,2,images/landmarks/negombo-st-marys-church.webp,https://commons.wikimedia.org/wiki/File:SL_Negombo_asv2020-01_img14_StMary_Church.jpg
only generic word(s) shared: beach,Sri Lanka,Trincomalee,Uppuveli Beach,trincomalee,3,images/landmarks/trincomalee-uppuveli-beach.webp,"https://commons.wikimedia.org/wiki/File:Uppveli_Beach_in_Trincomalee,_Sri_Lanka.jpg"
only generic word(s) shared: beach,Sri Lanka,Trincomalee,Dutch Bay Beach,trincomalee,8,images/landmarks/trincomalee-dutch-bay-beach.webp,https://commons.wikimedia.org/wiki/File:Koneswaram_Beach_(45037897632).jpg
only generic word(s) shared: market,Sudan,Port Sudan,Souq El Kebir (Central Market),port-sudan,3,images/landmarks/port-sudan-souq-el-kebir.webp,https://commons.wikimedia.org/wiki/File:PortSudan_british_market.jpg
only generic word(s) shared: palace,Syria,Damascus,Azm Palace,damascus,1,images/landmarks/damascus-azm-palace.webp,https://commons.wikimedia.org/wiki/File:Azem_Palace_02.jpg
only generic word(s) shared: fort,São Tomé and Príncipe,São Tomé,Fort São Sebastião,sao-tome,0,images/landmarks/sao-tome-fort-sao-sebastiao.webp,https://commons.wikimedia.org/wiki/File:Fort_S%C3%A3o_Sebasti%C3%A3o_(S%C3%A3o_Tom%C3%A9)_(7).jpg
only generic word(s) shared: cathedral,São Tomé and Príncipe,São Tomé,Sé Cathedral (Nossa Senhora da Graça),sao-tome,1,images/landmarks/sao-tome-se-cathedral-nossa-senhora-da-graca.webp,https://commons.wikimedia.org/wiki/File:Sao_Tome_Cathedral_1_(15626548814).jpg
"only generic word(s) shared: museum, national, palace",Taiwan,Taipei,National Palace Museum,taipei,3,images/landmarks/taipei-national-palace-museum.webp,https://commons.wikimedia.org/wiki/File:Taipei_Taiwan_National-Palace-Museum-01.jpg
"only generic word(s) shared: museum, national",Tanzania,Dar es Salaam,National Museum of Tanzania,dar-es-salaam,3,images/landmarks/dar-es-salaam-national-museum.webp,"https://commons.wikimedia.org/wiki/File:National_Museum_facade,_Kivukoni_Ward,_Ilala.jpg"
"only generic word(s) shared: fort, old",Tanzania,Zanzibar City,Stone Town's Old Fort (Ngome Kongwe),zanzibar-city,1,images/landmarks/zanzibar-city-old-fort.webp,https://commons.wikimedia.org/wiki/File:Old_Fort_of_Zanzibar.jpg
only generic word(s) shared: market,Thailand,Bangkok,Chatuchak Weekend Market,bangkok,4,images/landmarks/bangkok-chatuchak-weekend-market.webp,https://commons.wikimedia.org/wiki/File:Bangkok_-_Jatujak_Market_02.JPG
only generic word(s) shared: centre,Thailand,Kanchanaburi,Thailand-Burma Railway Centre,kanchanaburi,5,images/landmarks/kanchanaburi-thailand-burma-railway-centre.webp,https://commons.wikimedia.org/wiki/File:Exterior_of_the_Centre.jpg
"only generic word(s) shared: palace, royal",Tonga,Nuku'alofa,Royal Palace,nuku-alofa,0,images/landmarks/nukualofa-royal-palace.webp,"https://commons.wikimedia.org/wiki/File:Royal_Palace,_Nuku'alofa.jpg"
only generic word(s) shared: royal,Tonga,Nuku'alofa,Royal Tombs (Mala'e Kula),nuku-alofa,4,images/landmarks/nukualofa-royal-tombs.webp,https://commons.wikimedia.org/wiki/File:Tonga_royal_family_tomb.jpg
only generic word(s) shared: beach,Tunisia,Houmt El Souk,Sidi Mahrez Beach (Plage Sidi Mahres),houmt-el-souk,8,images/landmarks/houmt-el-souk-sidi-mahrez-beach.webp,https://commons.wikimedia.org/wiki/File:Djerba_el_mouradi_menzel_hotel_beach-1.jpg
only generic word(s) shared: beach,Tuvalu,Funafuti,Funafuti Te Ano Beach and Foreshore,funafuti,9,images/landmarks/funafuti-te-ano-beach.webp,https://commons.wikimedia.org/wiki/File:Beach_on_Fongafale_Islet.jpg
only generic word(s) shared: gate,Türkiye,Antalya,Hadrian's Gate,antalya,0,images/landmarks/antalya-hadrians-gate.webp,https://commons.wikimedia.org/wiki/File:P9271452_Hadrians_Gate.jpg
only generic word(s) shared: beach,Türkiye,Fethiye,Çalış Beach,fethiye,8,images/landmarks/fethiye-calis-beach.webp,https://commons.wikimedia.org/wiki/File:%C3%87al%C4%B1%C5%9F_Beach.jpg
only generic word(s) shared: mosque,Türkiye,Gaziantep,Kurtuluş Mosque (Liberation Mosque),gaziantep,7,images/landmarks/gaziantep-kurtulus-mosque.webp,https://commons.wikimedia.org/wiki/File:Gaziantep_Kurtulu%C5%9F_Mosque_in_2007_0423.jpg
only generic word(s) shared: mosque,Türkiye,Konya,Alaeddin Mosque and Hill,konya,2,images/landmarks/konya-alaeddin-mosque.webp,"https://commons.wikimedia.org/wiki/File:Al%C3%A2eddin_Mosque,_Konya_02.jpg"
only generic word(s) shared: mosque,Türkiye,Kuşadası,Kaleiçi Mosque,kusadasi,5,images/landmarks/kusadas-kaleici-mosque.webp,https://commons.wikimedia.org/wiki/File:Kalei%C3%A7i_Mosque.jpg
only generic word(s) shared: mosque,UAE,Dubai,Jumeirah Mosque,dubai,9,images/landmarks/dubai-jumeirah-mosque.webp,https://commons.wikimedia.org/wiki/File:Jumeira_Mosque_Dubai.jpg
only generic word(s) shared: cathedral,Uganda,Kampala,Rubaga Cathedral,kampala,5,images/landmarks/kampala-rubaga-cathedral.webp,https://commons.wikimedia.org/wiki/File:Lubaga_cathedral_front_view_-_2013.jpg
only generic word(s) shared: street,Ukraine,Odessa,Deribasivska Street,odessa,3,images/landmarks/odessa-deribasivska-street.webp,https://commons.wikimedia.org/wiki/File:Odessa_city_garden_and_Deribasovskaya_street.jpg
only generic word(s) shared: palace,United Kingdom,Edinburgh,Palace of Holyroodhouse,edinburgh,3,images/landmarks/edinburgh-palace-of-holyroodhouse.webp,https://commons.wikimedia.org/wiki/File:Holyrood_Palace_-_aerial_-_2025-04-19_01_(cropped).jpg
"only generic word(s) shared: bridge, tower",United Kingdom,London,Tower Bridge,london,1,images/landmarks/london-tower-bridge.webp,https://commons.wikimedia.org/wiki/File:Tower_Bridge_at_Dawn.jpg
"only generic word(s) shared: gardens, museum",United Kingdom,York,Museum Gardens & Yorkshire Museum,york,7,images/landmarks/york-museum-gardens.webp,https://commons.wikimedia.org/wiki/File:York_Museum_Gardens_24.08.2013.jpg
only generic word(s) shared: mount,United States,Austin,Mount Bonnell,austin,5,images/landmarks/austin-mount-bonnell.webp,https://commons.wikimedia.org/wiki/File:Mount%20Bonnell%202008.jpg
only generic word(s) shared: beach,United States,Miami,South Beach,miami,7,images/landmarks/miami-south-beach.webp,"https://commons.wikimedia.org/wiki/File:Lifeguard_stand,_Miami_Beach.jpg"
"only generic word(s) shared: central, park",United States,New York,Central Park,new-york,3,images/landmarks/new-york-central-park.webp,"https://commons.wikimedia.org/wiki/File:New_York_City_(New_York,_USA),_Central_Park_--_2012_--_6732.jpg"
"only generic word(s) shared: central, grand",United States,New York,Grand Central Terminal,new-york,7,images/landmarks/new-york-grand-central-terminal.webp,https://commons.wikimedia.org/wiki/File:Grand_Central_Station_Main_Concourse_Jan_2006.jpg
only generic word(s) shared: castle,United States,Orlando,Hogwarts Castle (Islands of Adventure),orlando,2,images/landmarks/orlando-hogwarts-castle.webp,https://commons.wikimedia.org/wiki/File:Wizarding_World_of_Harry_Potter_Castle.jpg
"only generic word(s) shared: mountain, park, south",United States,Phoenix,South Mountain Park,phoenix,8,images/landmarks/phoenix-south-mountain-park.webp,"https://commons.wikimedia.org/wiki/File:South_Mountain_Park,_Phoenix,_Arizona,_USA_(54403134809).jpg"
"only generic word(s) shared: market, square",United States,San Antonio,Historic Market Square (El Mercado),san-antonio,6,images/landmarks/san-antonio-historic-market-square.webp,https://commons.wikimedia.org/wiki/File:2019-10-18_Market_Square_(San_Antonio).jpg
"only generic word(s) shared: museum, national",Vanuatu,Port Vila,National Museum of Vanuatu,port-vila,6,images/landmarks/port-vila-national-museum.webp,https://commons.wikimedia.org/wiki/File:National_Museum_-_Port_Vila_-_panoramio.jpg
only generic word(s) shared: mountain,Vietnam,Da Lat,Lang Biang Mountain,da-lat,7,images/landmarks/da-lat-lang-biang-mountain.webp,https://commons.wikimedia.org/wiki/File:Langbiang_Mountain.JPG
only generic word(s) shared: palace,Vietnam,Ho Chi Minh City,Independence Palace,ho-chi-minh-city,2,images/landmarks/ho-chi-minh-city-independence-palace.webp,https://commons.wikimedia.org/wiki/File:Reunification_Palace_-_Saigon_-_Vietnam.JPG
only generic word(s) shared: bay,Vietnam,Hạ Long,Ha Long Bay,ha-long,0,images/landmarks/ha-long-ha-long-bay.webp,https://commons.wikimedia.org/wiki/File:Halong_Bay_in_Vietnam.jpg
only generic word(s) shared: cathedral,Western Sahara,Laayoune,Spanish Cathedral (St. Francis of Assisi),laayoune,1,images/landmarks/laayoune-spanish-cathedral.webp,https://commons.wikimedia.org/wiki/File:Laayoune_Cathedral_2011.jpg
only generic word(s) shared: statue,Zambia,Lusaka,Kenneth Kaunda Statue,lusaka,5,images/landmarks/lusaka-kenneth-kaunda-statue.webp,https://commons.wikimedia.org/wiki/File:KK_statue_in_2024_11.jpg
