City,Item,Column,Old,New
Aachen,hero,City Photo File,images/cities/aachen.jpg,images/cities/aachen.webp
Aachen,Altstadt (Old Town),Hood 1 Photo File,,images/hoods/aachen--altstadt-old-town.webp
Aachen,Altstadt (Old Town),Hood 1 Photo Credit,,"https://commons.wikimedia.org/wiki/File:H%C3%BChnermarkt_19,_Aachen_(5).JPG"
Aachen,Bahnhofsviertel,Hood 2 Photo File,,images/hoods/aachen--bahnhofsviertel.webp
Aachen,Bahnhofsviertel,Hood 2 Photo Credit,,https://commons.wikimedia.org/wiki/File:Bahnhofsplatz_8.JPG
Aachen,Frankenberg,Hood 3 Photo File,,images/hoods/aachen--frankenberg.webp
Aachen,Frankenberg,Hood 3 Photo Credit,,https://commons.wikimedia.org/wiki/File:Burg_Frankenberg_-_panoramio_(1).jpg
Abha,hero,City Photo File,images/cities/abha.jpg,images/cities/abha.webp
Abha,hero,City Photo Credit,https://commons.wikimedia.org/wiki/File:Abha_city.png,https://commons.wikimedia.org/wiki/File:Abha_(51289579187).jpg
Abha,Al Soudah,Hood 3 Photo File,,images/hoods/abha--al-soudah.webp
Abha,Al Soudah,Hood 3 Photo Credit,,https://commons.wikimedia.org/wiki/File:%D8%AC%D8%A8%D9%84_%D8%A7%D9%84%D8%B3%D9%88%D8%AF%D8%A9.jpg
Abidjan,hero,City Photo File,images/cities/abidjan.jpg,images/cities/abidjan.webp
Abidjan,hero,City Photo Credit,https://en.wikipedia.org/wiki/File:Visite_du_mus%C3%A9e_de_civilisation_de_C%C3%B4te_d'Ivoire_08.jpg,https://commons.wikimedia.org/wiki/File:Abidjan_des_Lagune.jpg
Abidjan,Le Plateau,Hood 1 Photo File,,images/hoods/abidjan--le-plateau.webp
Abidjan,Le Plateau,Hood 1 Photo Credit,,https://commons.wikimedia.org/wiki/File:WikiConvFr23_en_cote_d%27Ivoire_grande_Mosqu%C3%A9e_du_plateau_%C3%A0_Abidjan_02.jpg
Abidjan,Cocody,Hood 2 Photo File,,images/hoods/abidjan--cocody.webp
Abidjan,Cocody,Hood 2 Photo Credit,,https://commons.wikimedia.org/wiki/File:Felix_Houphouet_Boigny_University_ap_001.JPG
Abidjan,Marcory (Zone 4),Hood 3 Photo File,,images/hoods/abidjan--marcory-zone-4.webp
Abidjan,Marcory (Zone 4),Hood 3 Photo Credit,,"https://commons.wikimedia.org/wiki/File:Alyssa_K._Barry_Marcory,_Abidjan,_Ivory_Coast.jpg"
Abidjan,Riviera,Hood 4 Photo File,,images/hoods/abidjan--riviera.webp
Abidjan,Riviera,Hood 4 Photo Credit,,https://www.flickr.com/photos/22168167@N00/4017225203/
Abidjan,Port-Bouët (Airport area),Hood 5 Photo File,,images/hoods/abidjan--port-bouet-airport-area.webp
Abidjan,Port-Bouët (Airport area),Hood 5 Photo Credit,,https://commons.wikimedia.org/wiki/File:Entree_de_la_mairie_de_port_bouet.jpg
Abu Dhabi,hero,City Photo File,images/cities/abu-dhabi.jpg,images/cities/abu-dhabi.webp
Abu Dhabi,Al Reem Island,Hood 1 Photo File,images/hoods/abu-dhabi--al-reem-island.jpg,images/hoods/abu-dhabi--al-reem-island.webp
Abu Dhabi,Yas Island,Hood 2 Photo File,images/hoods/abu-dhabi--yas-island.jpg,images/hoods/abu-dhabi--yas-island.webp
Abu Dhabi,Saadiyat Island,Hood 3 Photo File,images/hoods/abu-dhabi--saadiyat-island.jpg,images/hoods/abu-dhabi--saadiyat-island.webp
Abu Dhabi,Saadiyat Island,Hood 3 Photo Credit,,Own photo (Never Roam Alone)
Abu Dhabi,Corniche,Hood 4 Photo File,images/hoods/abu-dhabi--corniche.jpg,images/hoods/abu-dhabi--corniche.webp
Abu Dhabi,Khalifa City,Hood 5 Photo File,,images/hoods/abu-dhabi--khalifa-city.webp
Abu Dhabi,Khalifa City,Hood 5 Photo Credit,,https://commons.wikimedia.org/wiki/File:Shaikh_Khalifa_Medical_City.jpg
Abuja,hero,City Photo File,images/cities/abuja.jpg,images/cities/abuja.webp
Abuja,hero,City Photo Credit,https://commons.wikimedia.org/wiki/File:Abuja_heritages_30.jpg,https://commons.wikimedia.org/wiki/File:AbujaNationalMosque.jpg
Abuja,Maitama,Hood 1 Photo File,,images/hoods/abuja--maitama.webp
Abuja,Maitama,Hood 1 Photo Credit,,https://commons.wikimedia.org/wiki/File:Abuja_hotel_view_(7955265376).jpg
Abuja,Wuse II,Hood 2 Photo File,,images/hoods/abuja--wuse-ii.webp
Abuja,Wuse II,Hood 2 Photo Credit,,"https://commons.wikimedia.org/wiki/File:Embassy_of_Switzerland,_Abuja.jpg"
Abuja,Asokoro,Hood 3 Photo File,,images/hoods/abuja--asokoro.webp
Abuja,Asokoro,Hood 3 Photo Credit,,https://commons.wikimedia.org/wiki/File:Ecowas_Secretariat_(56815788).jpeg
Abuja,Garki,Hood 5 Photo File,,images/hoods/abuja--garki.webp
Abuja,Garki,Hood 5 Photo Credit,,https://commons.wikimedia.org/wiki/File:African_Child_Celebration_2024_at_Federal_Government_Boys_College_(FGBC)_Abuja_04.jpg
Acapulco de Juarez,hero,City Photo File,images/cities/acapulco-de-juarez.jpg,images/cities/acapulco-de-juarez.webp
Acapulco de Juarez,Zona Dorada (Costera),Hood 1 Photo File,,images/hoods/acapulco-de-juarez--zona-dorada-costera.webp
Acapulco de Juarez,Zona Dorada (Costera),Hood 1 Photo Credit,,https://commons.wikimedia.org/wiki/File:Costera_Miguel_Alem%C3%A1n_Acapulco_01.jpg
Acapulco de Juarez,Diamante,Hood 2 Photo File,,images/hoods/acapulco-de-juarez--diamante.webp
Acapulco de Juarez,Diamante,Hood 2 Photo Credit,,"https://commons.wikimedia.org/wiki/File:Parroquia_de_San_Cipriano_y_San_Javier_(Diamante,_Entre_R%C3%ADos).jpg"
Acapulco de Juarez,Acapulco Tradicional (Centro / Caleta),Hood 3 Photo File,,images/hoods/acapulco-de-juarez--acapulco-tradicional-centro-caleta.webp
Acapulco de Juarez,Acapulco Tradicional (Centro / Caleta),Hood 3 Photo Credit,,https://www.flickr.com/photos/comefilm/24888169821/
Acapulco de Juarez,Puerto Marques,Hood 4 Photo File,,images/hoods/acapulco-de-juarez--puerto-marques.webp
Acapulco de Juarez,Puerto Marques,Hood 4 Photo Credit,,https://commons.wikimedia.org/wiki/File:Bah%C3%ADa_de_Puerto_Marqu%C3%A9s_-_panoramio.jpg
Acapulco de Juarez,Pie de la Cuesta,Hood 5 Photo File,,images/hoods/acapulco-de-juarez--pie-de-la-cuesta.webp
Acapulco de Juarez,Pie de la Cuesta,Hood 5 Photo Credit,,"https://commons.wikimedia.org/wiki/File:Pie_de_la_Cuesta_en_Acapulco,_M%C3%A9xico.jpg"
Accra,hero,City Photo File,images/cities/accra.jpg,images/cities/accra.webp
Accra,Osu,Hood 1 Photo File,,images/hoods/accra--osu.webp
Accra,Osu,Hood 1 Photo Credit,,"https://commons.wikimedia.org/wiki/File:Alleyway,_Korle-Klottey_(P1100244).jpg"
Accra,Airport Residential Area,Hood 2 Photo File,,images/hoods/accra--airport-residential-area.webp
Accra,Airport Residential Area,Hood 2 Photo Credit,,https://commons.wikimedia.org/wiki/File:Green_flower_standing.jpg
Accra,East Legon,Hood 3 Photo File,,images/hoods/accra--east-legon.webp
Accra,East Legon,Hood 3 Photo Credit,,"https://commons.wikimedia.org/wiki/File:Food_Garage,_Ayawaso_West_(P1100526).jpg"
Accra,Labadi/La,Hood 4 Photo File,,images/hoods/accra--labadi-la.webp
Accra,Labadi/La,Hood 4 Photo Credit,,https://commons.wikimedia.org/wiki/File:Labadi_Beach_-_Accra_-_panoramio.jpg
Accra,Cantonments/Ridge,Hood 5 Photo File,,images/hoods/accra--cantonments-ridge.webp
Accra,Cantonments/Ridge,Hood 5 Photo Credit,,https://commons.wikimedia.org/wiki/File:Stephen_Adei.jpg
Addis Ababa,hero,City Photo File,images/cities/addis-ababa.jpg,images/cities/addis-ababa.webp
Addis Ababa,Bole,Hood 1 Photo File,,images/hoods/addis-ababa--bole.webp
Addis Ababa,Bole,Hood 1 Photo Credit,,"https://commons.wikimedia.org/wiki/File:Bole,_Capt._B.P._and_Patsy_1917_c_-_DPLA_-_0b3ccc73c2234a551e74e5a92957831a.jpg"
Addis Ababa,Kazanchis,Hood 2 Photo File,,images/hoods/addis-ababa--kazanchis.webp
Addis Ababa,Kazanchis,Hood 2 Photo Credit,,"https://commons.wikimedia.org/wiki/File:Gasoliner%C3%ADa_en_Kazanchis,_Ad%C3%ADs_Abeba.jpg"
Addis Ababa,Piassa,Hood 3 Photo File,,images/hoods/addis-ababa--piassa.webp
Addis Ababa,Piassa,Hood 3 Photo Credit,,https://commons.wikimedia.org/wiki/File:Addis_Ababa_-_Piassa.jpg
Addis Ababa,Meskel Square,Hood 4 Photo File,,images/hoods/addis-ababa--meskel-square.webp
Addis Ababa,Meskel Square,Hood 4 Photo Credit,,"https://commons.wikimedia.org/wiki/File:Meskel_Square,_December_2014.jpg"
Addis Ababa,Old Airport,Hood 5 Photo File,,images/hoods/addis-ababa--old-airport.webp
Addis Ababa,Old Airport,Hood 5 Photo Credit,,"https://commons.wikimedia.org/wiki/File:Aksum,_stele_2_(stele_di_roma)_11.jpg"
Adelaide,hero,City Photo File,images/cities/adelaide.jpg,images/cities/adelaide.webp
Adelaide,Adelaide CBD,Hood 1 Photo File,,images/hoods/adelaide--adelaide-cbd.webp
Adelaide,Adelaide CBD,Hood 1 Photo Credit,,"https://commons.wikimedia.org/wiki/File:Adelaide_SA_5000,_Australia_-_panoramio_(11).jpg"
Adelaide,North Adelaide,Hood 2 Photo File,,images/hoods/adelaide--north-adelaide.webp
Adelaide,North Adelaide,Hood 2 Photo Credit,,https://commons.wikimedia.org/wiki/File:A_Magpie_Called_Lakshmi_(7596635914).jpg
Adelaide,Glenelg,Hood 3 Photo File,,images/hoods/adelaide--glenelg.webp
Adelaide,Glenelg,Hood 3 Photo Credit,,"https://commons.wikimedia.org/wiki/File:Admiralty_Chart_No_1594_Kyle_Rhea_and_the_North_Part_of_the_Sound_of_Sleat,_Published_1912.jpg"
Adelaide,Norwood,Hood 4 Photo File,,images/hoods/adelaide--norwood.webp
Adelaide,Norwood,Hood 4 Photo Credit,,"https://commons.wikimedia.org/wiki/File:Norwood_Oval,_January_2026_01.jpg"
Agadez,hero,City Photo File,images/cities/agadez.jpg,images/cities/agadez.webp
Agadez,Vieille Ville,Hood 1 Photo File,,images/hoods/agadez--vieille-ville.webp
Agadez,Vieille Ville,Hood 1 Photo Credit,,"https://commons.wikimedia.org/wiki/File:Niger,_Agadez_(10),_Sidi_K%C3%A2_bakery.jpg"
Agadir,hero,City Photo File,images/cities/agadir.jpg,images/cities/agadir.webp
Agadir,Marina d'Agadir,Hood 2 Photo File,,images/hoods/agadir--marina-d-agadir.webp
Agadir,Marina d'Agadir,Hood 2 Photo Credit,,https://commons.wikimedia.org/wiki/File:In_the_Marina_of_Agadir_(33392688025).png
Agadir,Founty (Sonaba),Hood 3 Photo File,,images/hoods/agadir--founty-sonaba.webp
Agadir,Founty (Sonaba),Hood 3 Photo Credit,,"https://commons.wikimedia.org/wiki/File:Founty,_Agadir_80000,_Morocco_-_panoramio.jpg"
Agadir,Talborjt,Hood 4 Photo File,,images/hoods/agadir--talborjt.webp
Agadir,Talborjt,Hood 4 Photo Credit,,https://commons.wikimedia.org/wiki/File:Avenue_29_F%C3%A9vrier_-_Agadir_-_Talborjt.jpg
Agadir,Anza,Hood 5 Photo File,,images/hoods/agadir--anza.webp
Agadir,Anza,Hood 5 Photo Credit,,https://commons.wikimedia.org/wiki/File:Mezquita_en_Anza_(entre_Agadir_y_Aourir).jpg
Agra,hero,City Photo File,images/cities/agra.jpg,images/cities/agra.webp
Agra,Taj Ganj,Hood 1 Photo File,,images/hoods/agra--taj-ganj.webp
Agra,Taj Ganj,Hood 1 Photo Credit,,"https://commons.wikimedia.org/wiki/File:Buffaloes_in_the_streets_of_Taj_Ganj,_Agra,_11-2009_-_panoramio.jpg"
Agra,Taj East Gate (Taj Nagari),Hood 2 Photo File,,images/hoods/agra--taj-east-gate-taj-nagari.webp
Agra,Taj East Gate (Taj Nagari),Hood 2 Photo Credit,,https://commons.wikimedia.org/wiki/File:Taj_Mahal_metro_station.jpg
Agra,Sadar Bazaar,Hood 4 Photo File,,images/hoods/agra--sadar-bazaar.webp
Agra,Sadar Bazaar,Hood 4 Photo Credit,,https://commons.wikimedia.org/wiki/File:Multan_Cantt_Sadar_Bazaar.jpg
Aix-en-Provence,hero,City Photo File,images/cities/aix-en-provence.jpg,images/cities/aix-en-provence.webp
Aix-en-Provence,Vieil Aix,Hood 1 Photo File,,images/hoods/aix-en-provence--vieil-aix.webp
Aix-en-Provence,Vieil Aix,Hood 1 Photo Credit,,https://commons.wikimedia.org/wiki/File:Mus%C3%A9e_du_Vieil-Aix_01.jpg
Aix-en-Provence,Quartier Mazarin,Hood 3 Photo File,,images/hoods/aix-en-provence--quartier-mazarin.webp
Aix-en-Provence,Quartier Mazarin,Hood 3 Photo Credit,,https://commons.wikimedia.org/wiki/File:Hotel-d-oleon-boysseulh-13-rue-roux-alpheran-aix-en-provence.jpg
Aix-en-Provence,Sextius-Mirabeau,Hood 4 Photo File,,images/hoods/aix-en-provence--sextius-mirabeau.webp
Aix-en-Provence,Sextius-Mirabeau,Hood 4 Photo Credit,,https://commons.wikimedia.org/wiki/File:Sextius-Mirabeau_(2852976570).jpg
Aix-en-Provence,Les Facultés,Hood 5 Photo File,,images/hoods/aix-en-provence--les-facultes.webp
Aix-en-Provence,Les Facultés,Hood 5 Photo Credit,,https://commons.wikimedia.org/wiki/File:C%C3%A9line_Borello_Festival_protestant_du_livre_2022.jpg
Al Ahmadi,hero,City Photo File,images/cities/al-ahmadi.jpg,images/cities/al-ahmadi.webp
Al Ahmadi,hero,City Photo Credit,https://commons.wikimedia.org/wiki/File:Al-Ahmadi_Azhar_Institute_-Tanta_-_Egypt.JPG,https://commons.wikimedia.org/wiki/File:Fahaheel_boat_jetty_(2).jpg
Al Ahmadi,Fahaheel (Al Kout),Hood 1 Photo File,,images/hoods/al-ahmadi--fahaheel-al-kout.webp
Al Ahmadi,Fahaheel (Al Kout),Hood 1 Photo Credit,,https://commons.wikimedia.org/wiki/File:Walkway_to_Fahaheel_Beach.jpg
Al Ahmadi,Mahboula,Hood 2 Photo File,,images/hoods/al-ahmadi--mahboula.webp
Al Ahmadi,Mahboula,Hood 2 Photo Credit,,https://commons.wikimedia.org/wiki/File:Mahboula_Public_Beach.jpg
Al Ahmadi,Mangaf,Hood 3 Photo File,,images/hoods/al-ahmadi--mangaf.webp
Al Ahmadi,Mangaf,Hood 3 Photo Credit,,https://commons.wikimedia.org/wiki/File:Love_and_Survival_of_two_Pigeon_eggs_(Kuwait).jpg
Al Ahmadi,Fintas,Hood 4 Photo File,,images/hoods/al-ahmadi--fintas.webp
Al Ahmadi,Fintas,Hood 4 Photo Credit,,https://commons.wikimedia.org/wiki/File:Salgotarjan_pecsko_aruhaz_finta_bejarat.jpg
Alanya,hero,City Photo File,images/cities/alanya.jpg,images/cities/alanya.webp
Alanya,Kale,Hood 1 Photo File,,images/hoods/alanya--kale.webp
Alanya,Kale,Hood 1 Photo Credit,,https://commons.wikimedia.org/wiki/File:A_tree_in_the_castle_(Alanya_2012-11)_-_panoramio.jpg
Alanya,Cleopatra Beach,Hood 2 Photo File,,images/hoods/alanya--cleopatra-beach.webp
Alanya,Cleopatra Beach,Hood 2 Photo Credit,,https://commons.wikimedia.org/wiki/File:Alanya_-_Festungsberg_-_Nordbastion_-_Blick_nach_Westen_zum_Kleopatra-Strand_-_panoramio.jpg
Alanya,Damlataş,Hood 3 Photo File,,images/hoods/alanya--damlatas.webp
Alanya,Damlataş,Hood 3 Photo Credit,,https://commons.wikimedia.org/wiki/File:Damlatas_Magarasi_-_panoramio.jpg
Alanya,Mahmutlar,Hood 4 Photo File,,images/hoods/alanya--mahmutlar.webp
Alanya,Mahmutlar,Hood 4 Photo Credit,,https://commons.wikimedia.org/wiki/File:%D0%A7%D0%B0%D1%81%D1%8B_%D0%BD%D0%B0_%D0%BF%D0%BB%D0%BE%D1%89%D0%B0%D0%B4%D0%B8_-_panoramio.jpg
Alanya,Kestel,Hood 5 Photo File,,images/hoods/alanya--kestel.webp
Alanya,Kestel,Hood 5 Photo Credit,,https://commons.wikimedia.org/wiki/File:Kestel-_%D0%B7%D0%B0%D0%BA%D0%B0%D1%82(%D0%BC%D1%8B%D1%81_%D0%94%D0%B6%D0%B8%D0%BB%D1%8C%D0%B2%D0%B0%D1%80%D0%B4%D0%B0)_-_panoramio.jpg
Aleppo,hero,City Photo File,images/cities/aleppo.jpg,images/cities/aleppo.webp
Aleppo,Al-Jdeideh (Christian Quarter),Hood 2 Photo File,,images/hoods/aleppo--al-jdeideh-christian-quarter.webp
Aleppo,Al-Jdeideh (Christian Quarter),Hood 2 Photo Credit,,https://commons.wikimedia.org/wiki/File:Abu_abdo_jdeideh_alep.jpg
Aleppo,New Aleppo (Halab al-Jadida),Hood 4 Photo File,,images/hoods/aleppo--new-aleppo-halab-al-jadida.webp
Aleppo,New Aleppo (Halab al-Jadida),Hood 4 Photo Credit,,https://commons.wikimedia.org/wiki/File:Aleppo_Modern_mosque_9484.jpg
Alexandria,hero,City Photo File,images/cities/alexandria.jpg,images/cities/alexandria.webp
Alexandria,Corniche / Stanley,Hood 2 Photo File,,images/hoods/alexandria--corniche-stanley.webp
Alexandria,Corniche / Stanley,Hood 2 Photo Credit,,https://commons.wikimedia.org/wiki/File:Alexandria_Corniche_(2346973947).jpg
Alexandria,Montazah,Hood 3 Photo File,,images/hoods/alexandria--montazah.webp
Alexandria,Montazah,Hood 3 Photo Credit,,"https://commons.wikimedia.org/wiki/File:Alexandria,_Alexandria_Governorate,_Egypt_-_panoramio_-_youssef_alam_(24).jpg"
Alexandria,Gleem / Saba Pasha,Hood 4 Photo File,,images/hoods/alexandria--gleem-saba-pasha.webp
Alexandria,Gleem / Saba Pasha,Hood 4 Photo Credit,,https://commons.wikimedia.org/wiki/File:Croatia-01556_-_Stradun_Street_(10008323156).jpg
Alexandria,Mansheya,Hood 5 Photo File,,images/hoods/alexandria--mansheya.webp
Alexandria,Mansheya,Hood 5 Photo Credit,,https://commons.wikimedia.org/wiki/File:Old_building_in_Mansheya_01.jpg
Algiers,hero,City Photo File,images/cities/algiers.jpg,images/cities/algiers.webp
Algiers,Algiers Centre (Casbah),Hood 1 Photo File,,images/hoods/algiers--algiers-centre-casbah.webp
Algiers,Algiers Centre (Casbah),Hood 1 Photo Credit,,https://www.flickr.com/photos/20013462@N05/29385381762/
Algiers,Hydra,Hood 2 Photo File,,images/hoods/algiers--hydra.webp
Algiers,Hydra,Hood 2 Photo Credit,,https://commons.wikimedia.org/wiki/File:Val_D%E2%80%99hydra_Alger.jpg
Algiers,El Biar,Hood 3 Photo File,,images/hoods/algiers--el-biar.webp
Algiers,El Biar,Hood 3 Photo Credit,,"https://commons.wikimedia.org/wiki/File:El_Biar,_Algeria_-_panoramio.jpg"
Algiers,Mohammadia (Pins Maritimes),Hood 4 Photo File,,images/hoods/algiers--mohammadia-pins-maritimes.webp
Algiers,Mohammadia (Pins Maritimes),Hood 4 Photo Credit,,https://commons.wikimedia.org/wiki/File:ARDIS_%D8%A7%D8%B1%D8%AF%D9%8A%D8%B3_-_panoramio_(2).jpg
Algiers,Bab Ezzouar,Hood 5 Photo File,,images/hoods/algiers--bab-ezzouar.webp
Algiers,Bab Ezzouar,Hood 5 Photo Credit,,https://commons.wikimedia.org/wiki/File:Sun_hidden_behind_a_cloudy_day.jpg
Alicante,hero,City Photo File,images/cities/alicante.jpg,images/cities/alicante.webp
Alicante,Casco Antiguo (Santa Cruz),Hood 1 Photo File,,images/hoods/alicante--casco-antiguo-santa-cruz.webp
Alicante,Casco Antiguo (Santa Cruz),Hood 1 Photo Credit,,https://commons.wikimedia.org/wiki/File:Immeuble_1_Calle_San_Jorge_-_S%C3%A9ville_(ES61)_-_2023-04-24_-_2.jpg
Alicante,Centro / Ensanche-Diputación,Hood 2 Photo File,,images/hoods/alicante--centro-ensanche-diputacion.webp
Alicante,Centro / Ensanche-Diputación,Hood 2 Photo Credit,,"https://commons.wikimedia.org/wiki/File:Edificio_Bailen_18,_Alicante.jpg"
Alicante,Playa del Postiguet / Explanada,Hood 3 Photo File,,images/hoods/alicante--playa-del-postiguet-explanada.webp
Alicante,Playa del Postiguet / Explanada,Hood 3 Photo Credit,,https://commons.wikimedia.org/wiki/File:Exercise-equipment-Playa-del-Postiguet-Alicante.jpg
Alicante,Playa de San Juan,Hood 4 Photo File,,images/hoods/alicante--playa-de-san-juan.webp
Alicante,Playa de San Juan,Hood 4 Photo Credit,,https://commons.wikimedia.org/wiki/File:%C2%AE_S.D._ALICANTE_PLAYA_de_SAN_JUAN_LIMITE_NORTE_-_panoramio_(4).jpg
Alicante,Benalúa,Hood 5 Photo File,,images/hoods/alicante--benalua.webp
Alicante,Benalúa,Hood 5 Photo Credit,,https://commons.wikimedia.org/wiki/File:Hoguera_Benal%C3%BAa_2024_(1).jpg
Alice Springs,hero,City Photo File,images/cities/alice-springs.jpg,images/cities/alice-springs.webp
Alice Springs,hero,City Photo Credit,https://commons.wikimedia.org/wiki/File:Alice_Springs%2C_2015_%2801%29.JPG,https://commons.wikimedia.org/wiki/File:AUS_alice.jpg
Alice Springs,Town Centre (Todd Mall),Hood 1 Photo File,,images/hoods/alice-springs--town-centre-todd-mall.webp
Alice Springs,Town Centre (Todd Mall),Hood 1 Photo Credit,,https://commons.wikimedia.org/wiki/File:Melopsittacus_undulatus_Alice_Springs_Desert_Park_(crop_1).jpg
Alice Springs,Eastside,Hood 2 Photo File,,images/hoods/alice-springs--eastside.webp
Alice Springs,Eastside,Hood 2 Photo Credit,,https://commons.wikimedia.org/wiki/File:1_Drews.jpg
Alice Springs,The Gap,Hood 3 Photo File,,images/hoods/alice-springs--the-gap.webp
Alice Springs,The Gap,Hood 3 Photo Credit,,"https://commons.wikimedia.org/wiki/File:Rock_formation_at_the_Gap,_Alice_Springs_IMG_2540_05.jpg"
Alice Springs,Larapinta,Hood 4 Photo File,,images/hoods/alice-springs--larapinta.webp
Alice Springs,Larapinta,Hood 4 Photo Credit,,"https://commons.wikimedia.org/wiki/File:Red_Centre_Way_monument,_October_2025_04.jpg"
Alice Springs,Desert Springs,Hood 5 Photo File,,images/hoods/alice-springs--desert-springs.webp
Alice Springs,Desert Springs,Hood 5 Photo Credit,,"https://commons.wikimedia.org/wiki/File:Alice_Springs_Desert_Park,_October_2025_02.jpg"
Almaty,hero,City Photo File,images/cities/almaty.jpg,images/cities/almaty.webp
Almaty,Golden Square (Panfilov Park),Hood 1 Photo File,,images/hoods/almaty--golden-square-panfilov-park.webp
Almaty,Golden Square (Panfilov Park),Hood 1 Photo Credit,,https://commons.wikimedia.org/wiki/File:Independence_Monument_in_Almaty_(AP4M2204_1PS)_(20569120951).jpg
Almaty,Republic Square / City Center,Hood 2 Photo File,,images/hoods/almaty--republic-square-city-center.webp
Almaty,Republic Square / City Center,Hood 2 Photo Credit,,https://commons.wikimedia.org/wiki/File:Magnolia_in_Almaty_(AP4P0268)_(28194900024).jpg
Almaty,Dostyk Avenue,Hood 3 Photo File,,images/hoods/almaty--dostyk-avenue.webp
Almaty,Dostyk Avenue,Hood 3 Photo Credit,,https://commons.wikimedia.org/wiki/File:E8605-Almaty-wedding-procession.jpg
Almaty,Al-Farabi Avenue (Esentai),Hood 4 Photo File,,images/hoods/almaty--al-farabi-avenue-esentai.webp
Almaty,Al-Farabi Avenue (Esentai),Hood 4 Photo Credit,,"https://commons.wikimedia.org/wiki/File:Almaty,_Kazakhstan_-_panoramio_(12).jpg"
Almaty,Kok-Tobe / Bostandyk,Hood 5 Photo File,,images/hoods/almaty--kok-tobe-bostandyk.webp
Almaty,Kok-Tobe / Bostandyk,Hood 5 Photo Credit,,https://commons.wikimedia.org/wiki/File:Kok_Tobe_Cableway_station.jpg
Amman,hero,City Photo File,images/cities/amman.jpg,images/cities/amman.webp
Amman,Al-Balad (Downtown),Hood 1 Photo File,,images/hoods/amman--al-balad-downtown.webp
Amman,Al-Balad (Downtown),Hood 1 Photo Credit,,"https://commons.wikimedia.org/wiki/File:Al-Balad,_Yeda,_Arabia_Saudita,_2025-05-24,_DD_22.jpg"
Amman,Jabal Amman,Hood 2 Photo File,,images/hoods/amman--jabal-amman.webp
Amman,Jabal Amman,Hood 2 Photo Credit,,https://commons.wikimedia.org/wiki/File:Amman_Old_Stairs.jpg
Amman,Shmeisani,Hood 3 Photo File,,images/hoods/amman--shmeisani.webp
Amman,Shmeisani,Hood 3 Photo Credit,,https://commons.wikimedia.org/wiki/File:Arab_Bank.jpg
Amman,Abdoun,Hood 4 Photo File,,images/hoods/amman--abdoun.webp
Amman,Abdoun,Hood 4 Photo Credit,,https://commons.wikimedia.org/wiki/File:The_Byzantine_Abdoun_press_01.jpg
Amman,Abdali,Hood 5 Photo File,,images/hoods/amman--abdali.webp
Amman,Abdali,Hood 5 Photo Credit,,https://commons.wikimedia.org/wiki/File:Amman_Coptic_Church.jpg
Amritsar,hero,City Photo File,images/cities/amritsar.jpg,images/cities/amritsar.webp
Amritsar,Golden Temple & Heritage Street,Hood 1 Photo File,,images/hoods/amritsar--golden-temple-heritage-street.webp
Amritsar,Golden Temple & Heritage Street,Hood 1 Photo Credit,,"https://commons.wikimedia.org/wiki/File:2017_morning_lines_into_sanctum,_south_side_entrance_marble_dome_Golden_temple_Amritsar.jpg"
Amritsar,Hall Bazaar,Hood 2 Photo File,,images/hoods/amritsar--hall-bazaar.webp
Amritsar,Hall Bazaar,Hood 2 Photo Credit,,https://www.flickr.com/photos/77742560@N06/38222379864/
Amritsar,Lawrence Road,Hood 3 Photo File,,images/hoods/amritsar--lawrence-road.webp
Amritsar,Lawrence Road,Hood 3 Photo Credit,,https://commons.wikimedia.org/wiki/File:Post_box_on_Lawrence_Road.jpg
Amritsar,Ranjit Avenue,Hood 4 Photo File,,images/hoods/amritsar--ranjit-avenue.webp
Amritsar,Ranjit Avenue,Hood 4 Photo Credit,,https://commons.wikimedia.org/wiki/File:Gurdwara_Sarab_Sanjhi_Gurbani.jpg
Amsterdam,hero,City Photo File,images/cities/amsterdam.jpg,images/cities/amsterdam.webp
Amsterdam,Jordaan,Hood 1 Photo File,images/hoods/amsterdam--jordaan.jpg,images/hoods/amsterdam--jordaan.webp
Amsterdam,Canal Ring,Hood 2 Photo File,images/hoods/amsterdam--canal-ring.jpg,images/hoods/amsterdam--canal-ring.webp
Amsterdam,De Pijp,Hood 3 Photo File,images/hoods/amsterdam--de-pijp.jpg,images/hoods/amsterdam--de-pijp.webp
Amsterdam,Centrum,Hood 5 Photo File,images/hoods/amsterdam--centrum.jpg,images/hoods/amsterdam--centrum.webp
Anaheim,hero,City Photo File,images/cities/anaheim.jpg,images/cities/anaheim.webp
Anaheim,Anaheim Resort District,Hood 1 Photo File,,images/hoods/anaheim--anaheim-resort-district.webp
Anaheim,Anaheim Resort District,Hood 1 Photo Credit,,"https://commons.wikimedia.org/wiki/File:Anaheim_Resort,_Anaheim,_CA,_USA_-_panoramio_(7).jpg"
Anaheim,Anaheim Convention Center,Hood 2 Photo File,,images/hoods/anaheim--anaheim-convention-center.webp
Anaheim,Anaheim Convention Center,Hood 2 Photo Credit,,https://commons.wikimedia.org/wiki/File:Anaheim_Convention_Center_(33006385903).jpg
Anaheim,Platinum Triangle,Hood 3 Photo File,,images/hoods/anaheim--platinum-triangle.webp
Anaheim,Platinum Triangle,Hood 3 Photo Credit,,https://commons.wikimedia.org/wiki/File:ARTIC_Front.JPG
Anchorage,hero,City Photo File,images/cities/anchorage.jpg,images/cities/anchorage.webp
Anchorage,Downtown,Hood 1 Photo File,,images/hoods/anchorage--downtown.webp
Anchorage,Downtown,Hood 1 Photo Credit,,"https://commons.wikimedia.org/wiki/File:Marriott_Hotel_Anchorage,_AK.jpg"
Anchorage,Midtown,Hood 2 Photo File,,images/hoods/anchorage--midtown.webp
Anchorage,Midtown,Hood 2 Photo Credit,,"https://commons.wikimedia.org/wiki/File:Frontier_building_Anchorage,_AK.jpg"
Anchorage,Spenard,Hood 3 Photo File,,images/hoods/anchorage--spenard.webp
Anchorage,Spenard,Hood 3 Photo Credit,,"https://commons.wikimedia.org/wiki/File:NORTH_FRONT_-_Garden_of_Eatin%27,_2502_McRae_Road,_Anchorage,_Anchorage,_AK_HABS_AK,2-ANCH,7-1.tiff"
Anchorage,South Anchorage,Hood 4 Photo File,,images/hoods/anchorage--south-anchorage.webp
Anchorage,South Anchorage,Hood 4 Photo Credit,,https://commons.wikimedia.org/wiki/File:AIH_OldSew.jpg
Andorra la Vella,hero,City Photo File,images/cities/andorra-la-vella.jpg,images/cities/andorra-la-vella.webp
Andorra la Vella,Barri Antic (Centre Històric),Hood 1 Photo File,images/hoods/andorra-la-vella--barri-antic-centre-historic.jpg,images/hoods/andorra-la-vella--barri-antic-centre-historic.webp
Andorra la Vella,Avinguda Meritxell,Hood 2 Photo File,images/hoods/andorra-la-vella--avinguda-meritxell.jpg,images/hoods/andorra-la-vella--avinguda-meritxell.webp
Andorra la Vella,Escaldes-Engordany,Hood 3 Photo File,images/hoods/andorra-la-vella--escaldes-engordany.jpg,images/hoods/andorra-la-vella--escaldes-engordany.webp
Andorra la Vella,Santa Coloma,Hood 4 Photo File,images/hoods/andorra-la-vella--santa-coloma.jpg,images/hoods/andorra-la-vella--santa-coloma.webp
Andorra la Vella,Prat de la Creu,Hood 5 Photo File,,images/hoods/andorra-la-vella--prat-de-la-creu.webp
Andorra la Vella,Prat de la Creu,Hood 5 Photo Credit,,"https://commons.wikimedia.org/wiki/File:080_Casa_de_la_Vall_(Andorra_la_Vella),_portal_exterior_nord_i_torre.JPG"
Angra dos Reis,hero,City Photo File,images/cities/angra-dos-reis.jpg,images/cities/angra-dos-reis.webp
Angra dos Reis,hero,City Photo Credit,https://commons.wikimedia.org/wiki/File:Angra_dos_Reis%2C_Brazil_2018_116.jpg,https://commons.wikimedia.org/wiki/File:Ilha_Grande_Bay.jpg
Angra dos Reis,Centro Histórico,Hood 1 Photo File,,images/hoods/angra-dos-reis--centro-historico.webp
Angra dos Reis,Centro Histórico,Hood 1 Photo Credit,,https://commons.wikimedia.org/wiki/File:Usina_nuclear_de_Angra_dos_Reis_(3081691209).jpg
Angra dos Reis,Ilha Grande (Abraão),Hood 2 Photo File,,images/hoods/angra-dos-reis--ilha-grande-abraao.webp
Angra dos Reis,Ilha Grande (Abraão),Hood 2 Photo Credit,,https://commons.wikimedia.org/wiki/File:Provet%C3%A1_-_Ilha_Grande.JPG
Angra dos Reis,Praia do Bonfim,Hood 3 Photo File,,images/hoods/angra-dos-reis--praia-do-bonfim.webp
Angra dos Reis,Praia do Bonfim,Hood 3 Photo Credit,,https://commons.wikimedia.org/wiki/File:Santa_Missa_na_Bas%C3%ADlica_Nossa_Senhora_da_Concei%C3%A7%C3%A3o_da_Praia_antes_da_Caminhada_Penitencial_2024.jpg
Angra dos Reis,Boa Vista / Portogalo,Hood 4 Photo File,,images/hoods/angra-dos-reis--boa-vista-portogalo.webp
Angra dos Reis,Boa Vista / Portogalo,Hood 4 Photo Credit,,https://commons.wikimedia.org/wiki/File:Boa_Vista-PB_-_pra%C3%A7a_da_cidade.jpg
Angra dos Reis,Praia do Frade,Hood 5 Photo File,,images/hoods/angra-dos-reis--praia-do-frade.webp
Angra dos Reis,Praia do Frade,Hood 5 Photo Credit,,https://commons.wikimedia.org/wiki/File:Igreja_Nossa_Senhora_do_Ros%C3%A1rio_de_Mambucaba_(3053558811).jpg
Ankara,hero,City Photo File,images/cities/ankara.jpg,images/cities/ankara.webp
Ankara,Ulus (Castle / Old Town),Hood 1 Photo File,,images/hoods/ankara--ulus-castle-old-town.webp
Ankara,Ulus (Castle / Old Town),Hood 1 Photo Credit,,https://commons.wikimedia.org/wiki/File:Ankara_View_from_west_of_Akkale_in_2011_06.jpg
Ankara,Kızılay,Hood 2 Photo File,,images/hoods/ankara--kizilay.webp
Ankara,Kızılay,Hood 2 Photo Credit,,"https://commons.wikimedia.org/wiki/File:Ankara,_Turkey_-_panoramio_(51).jpg"
Ankara,Çankaya,Hood 3 Photo File,,images/hoods/ankara--cankaya.webp
Ankara,Çankaya,Hood 3 Photo Credit,,https://commons.wikimedia.org/wiki/File:Leman_Cafe_Ankara.JPG
Ankara,Kavaklıdere / Tunalı Hilmi,Hood 4 Photo File,,images/hoods/ankara--kavaklidere-tunali-hilmi.webp
Ankara,Kavaklıdere / Tunalı Hilmi,Hood 4 Photo Credit,,"https://commons.wikimedia.org/wiki/File:Ankara,_kavakl%C4%B1dere_mezzaluna_-_panoramio.jpg"
Ankara,Bahçelievler,Hood 5 Photo File,,images/hoods/ankara--bahcelievler.webp
Ankara,Bahçelievler,Hood 5 Photo Credit,,https://commons.wikimedia.org/wiki/File:Han_Kitabevi_-_panoramio.jpg
Annecy,hero,City Photo File,images/cities/annecy.jpg,images/cities/annecy.webp
Annecy,hero,City Photo Credit,https://commons.wikimedia.org/wiki/File:Pr%C3%A9fecture_de_Haute-Savoie_%28Annecy%29_%28cropped%29.JPG,https://commons.wikimedia.org/wiki/File:Annecy_old_town_2.jpg
Annecy,Vieille Ville (Old Town),Hood 1 Photo File,,images/hoods/annecy--vieille-ville-old-town.webp
Annecy,Vieille Ville (Old Town),Hood 1 Photo Credit,,https://commons.wikimedia.org/wiki/File:Annecy_(74)_Palais_de_l%27Isle_116.jpg
Annecy,Lakefront (Bord du Lac),Hood 2 Photo File,,images/hoods/annecy--lakefront-bord-du-lac.webp
Annecy,Lakefront (Bord du Lac),Hood 2 Photo Credit,,https://commons.wikimedia.org/wiki/File:Bord_du_lac_d%27Annecy_%C3%A0_Veyrier_en_fin_de_journ%C3%A9e_(novembre_2024).JPG
Annecy,Talloires,Hood 3 Photo File,,images/hoods/annecy--talloires.webp
Annecy,Talloires,Hood 3 Photo Credit,,"https://commons.wikimedia.org/wiki/File:Abbaye_de_Talloires,_Lake_Annecy,_France_-_panoramio.jpg"
Anshun,hero,City Photo File,images/cities/anshun.jpg,images/cities/anshun.webp
Anshun,Xixiu (City Center),Hood 1 Photo File,,images/hoods/anshun--xixiu-city-center.webp
Anshun,Xixiu (City Center),Hood 1 Photo Credit,,https://commons.wikimedia.org/wiki/File:Anshun_Chengqiang_20250814_181831.jpg
Anshun,Hongshan Lake,Hood 2 Photo File,,images/hoods/anshun--hongshan-lake.webp
Anshun,Hongshan Lake,Hood 2 Photo Credit,,https://commons.wikimedia.org/wiki/File:South_Lake_Campus_IMG_20141012_161051.jpg
Anshun,Anshun West Railway Station,Hood 4 Photo File,,images/hoods/anshun--anshun-west-railway-station.webp
Anshun,Anshun West Railway Station,Hood 4 Photo Credit,,https://commons.wikimedia.org/wiki/File:Anshunxi_Railway_Station_20250815_142339.jpg
Antalya,hero,City Photo File,images/cities/antalya.jpg,images/cities/antalya.webp
Antalya,Kaleiçi (Old Town),Hood 1 Photo File,images/hoods/antalya--kaleici-old-town.jpg,images/hoods/antalya--kaleici-old-town.webp
Antalya,Lara,Hood 2 Photo File,images/hoods/antalya--lara.jpg,images/hoods/antalya--lara.webp
Antalya,Konyaaltı,Hood 3 Photo File,images/hoods/antalya--konyaalt.jpg,images/hoods/antalya--konyaalt.webp
Antalya,Muratpaşa,Hood 4 Photo File,images/hoods/antalya--muratpasa.jpg,images/hoods/antalya--muratpasa.webp
Antalya,Belek,Hood 5 Photo File,images/hoods/antalya--belek.jpg,images/hoods/antalya--belek.webp
Antananarivo,hero,City Photo File,images/cities/antananarivo.jpg,images/cities/antananarivo.webp
Antananarivo,Haute-Ville (Upper Town),Hood 1 Photo File,,images/hoods/antananarivo--haute-ville-upper-town.webp
Antananarivo,Haute-Ville (Upper Town),Hood 1 Photo Credit,,"https://commons.wikimedia.org/wiki/File:Inscription_des_horaires_malgaches_dans_le_chalet_d%E2%80%99Ambohipotsy,_La_Haute_Ville_d%E2%80%99Antananarivo..jpg"
Antananarivo,Isoraka,Hood 2 Photo File,,images/hoods/antananarivo--isoraka.webp
Antananarivo,Isoraka,Hood 2 Photo Credit,,https://www.flickr.com/photos/33037982@N04/3443271146/
Antananarivo,Analakely,Hood 3 Photo File,,images/hoods/antananarivo--analakely.webp
Antananarivo,Analakely,Hood 3 Photo Credit,,https://commons.wikimedia.org/wiki/File:Ex_Batiment_ECOVMA_04.jpg
Antananarivo,Ivandry,Hood 4 Photo File,,images/hoods/antananarivo--ivandry.webp
Antananarivo,Ivandry,Hood 4 Photo Credit,,https://commons.wikimedia.org/wiki/File:Ipomoea_Carnea_%C3%A0_Ivandry.jpg
Antananarivo,Ankorondrano / Andraharo,Hood 5 Photo File,,images/hoods/antananarivo--ankorondrano-andraharo.webp
Antananarivo,Ankorondrano / Andraharo,Hood 5 Photo Credit,,https://commons.wikimedia.org/wiki/File:Orange_team_(5718555831).jpg
Antsiranana,hero,City Photo File,images/cities/antsiranana.jpg,images/cities/antsiranana.webp
Antsiranana,Rue Colbert (Ville Haute),Hood 2 Photo File,,images/hoods/antsiranana--rue-colbert-ville-haute.webp
Antsiranana,Rue Colbert (Ville Haute),Hood 2 Photo Credit,,https://commons.wikimedia.org/wiki/File:Plaque_Rue_Colbert_-_Colombes_(FR92)_-_2024-04-01_-_2.jpg
Antsiranana,Tanambao,Hood 3 Photo File,,images/hoods/antsiranana--tanambao.webp
Antsiranana,Tanambao,Hood 3 Photo Credit,,https://commons.wikimedia.org/wiki/File:Bureau_fokontany_Tanambao_Nord.jpg
Antsiranana,SCAMA,Hood 5 Photo File,,images/hoods/antsiranana--scama.webp
Antsiranana,SCAMA,Hood 5 Photo Credit,,https://commons.wikimedia.org/wiki/File:Jardin_de_Paul_VI_Scama.jpg
Antwerp,hero,City Photo File,images/cities/antwerp.jpg,images/cities/antwerp.webp
Antwerp,Historisch Centrum,Hood 1 Photo File,,images/hoods/antwerp--historisch-centrum.webp
Antwerp,Historisch Centrum,Hood 1 Photo Credit,,"https://commons.wikimedia.org/wiki/File:Historisch_centrum,_2000_Antwerpen,_Belgium_-_panoramio_(13).jpg"
Antwerp,Het Zuid,Hood 2 Photo File,,images/hoods/antwerp--het-zuid.webp
Antwerp,Het Zuid,Hood 2 Photo Credit,,"https://commons.wikimedia.org/wiki/File:Lier_Koningshooikt_Donderheide_3,_fort_van_Koningshooikt._-_382930_-_onroerenderfgoed.jpg"
Antwerp,Het Eilandje,Hood 3 Photo File,,images/hoods/antwerp--het-eilandje.webp
Antwerp,Het Eilandje,Hood 3 Photo Credit,,https://commons.wikimedia.org/wiki/File:Daisy_Boman_-_De_Antwerpse_Fluisteraar_-_2015_-_Eilandje_Antwerpen_02.jpg
Antwerp,Sint-Andries,Hood 4 Photo File,,images/hoods/antwerp--sint-andries.webp
Antwerp,Sint-Andries,Hood 4 Photo Credit,,https://commons.wikimedia.org/wiki/File:Murals_Behind_Open_Windows_-_panoramio.jpg
Antwerp,Stationsbuurt,Hood 5 Photo File,,images/hoods/antwerp--stationsbuurt.webp
Antwerp,Stationsbuurt,Hood 5 Photo Credit,,https://commons.wikimedia.org/wiki/File:HUA-168032-Afbeelding_van_het_plaatsen_van_een_goederenwagen_type_Hbis_van_de_N.S._op_een_oplegger_van_een_vrachtauto_(%22rolwagenvervoer%22_of_%22strassenroller%22)_van_de_firma_Stoof_te_Breda.jpg
Aomori,hero,City Photo File,images/cities/aomori.jpg,images/cities/aomori.webp
Aomori,hero,City Photo Credit,https://commons.wikimedia.org/wiki/File:Aomori_Montage.jpg,https://commons.wikimedia.org/wiki/File:Sceanery_of_the_Aomori_Waterfront_20200621.jpg
Aomori,Shinmachi (Downtown),Hood 1 Photo File,,images/hoods/aomori--shinmachi-downtown.webp
Aomori,Shinmachi (Downtown),Hood 1 Photo Credit,,https://commons.wikimedia.org/wiki/File:Shinmachi_street_and_Aomori_Station.jpg
Aomori,Aomori Bay Waterfront (Yasukata),Hood 2 Photo File,,images/hoods/aomori--aomori-bay-waterfront-yasukata.webp
Aomori,Aomori Bay Waterfront (Yasukata),Hood 2 Photo Credit,,"https://commons.wikimedia.org/wiki/File:Aomori_bay_bridge_,_%E9%9D%92%E6%A3%AE%E3%83%99%E3%82%A4%E3%83%96%E3%83%AA%E3%83%83%E3%82%B8_-_panoramio.jpg"
Aomori,Furukawa,Hood 3 Photo File,,images/hoods/aomori--furukawa.webp
Aomori,Furukawa,Hood 3 Photo Credit,,https://commons.wikimedia.org/wiki/File:Jin_Hyek_Oh_and_Takaharu_Furukawa_(7745228612).jpg
Aomori,Honmachi,Hood 4 Photo File,,images/hoods/aomori--honmachi.webp
Aomori,Honmachi,Hood 4 Photo Credit,,https://commons.wikimedia.org/wiki/File:Fudodori_shopping_street_honmachi_shibuya-2.JPG
Apia,hero,City Photo File,images/cities/apia.jpg,images/cities/apia.webp
Apia,Central Apia (CBD & Beach Road),Hood 1 Photo File,,images/hoods/apia--central-apia-cbd-beach-road.webp
Apia,Central Apia (CBD & Beach Road),Hood 1 Photo Credit,,https://commons.wikimedia.org/wiki/File:Children_playing_in_the_Sea_by_the_Apia_seawall_-_panoramio.jpg
Apia,Vailima & South Apia,Hood 5 Photo File,,images/hoods/apia--vailima-south-apia.webp
Apia,Vailima & South Apia,Hood 5 Photo Credit,,"https://commons.wikimedia.org/wiki/File:Samoan_Islands._Apia._Vailima_(residence_of_R.L._Stevenson),_1903,_PH-NEG-2603_001.jpg"
Aqaba,hero,City Photo File,images/cities/aqaba.jpg,images/cities/aqaba.webp
Aqaba,hero,City Photo Credit,https://commons.wikimedia.org/wiki/File:AQABA_2.png,https://commons.wikimedia.org/wiki/File:Aqaba.jpg
Aqaba,Coral Coast (Dive Strip),Hood 3 Photo File,,images/hoods/aqaba--coral-coast-dive-strip.webp
Aqaba,Coral Coast (Dive Strip),Hood 3 Photo Credit,,https://commons.wikimedia.org/wiki/File:IHM_%D7%90%D7%99_%D7%94%D7%90%D7%9C%D7%9E%D7%95%D7%92%D7%99%D7%9D_1.jpeg
Aqaba,Tala Bay,Hood 4 Photo File,,images/hoods/aqaba--tala-bay.webp
Aqaba,Tala Bay,Hood 4 Photo Credit,,"https://commons.wikimedia.org/wiki/File:Tala_Bay,_Aqaba,_Jordan_-_panoramio.jpg"
Aqaba,Ayla Oasis,Hood 5 Photo File,,images/hoods/aqaba--ayla-oasis.webp
Aqaba,Ayla Oasis,Hood 5 Photo Credit,,https://commons.wikimedia.org/wiki/File:Mama_Gaia_restaurant_located_in_Mama_Gaia_beach_club.jpg
Arequipa,hero,City Photo File,images/cities/arequipa.jpg,images/cities/arequipa.webp
Arequipa,Centro Histórico (Plaza de Armas),Hood 1 Photo File,,images/hoods/arequipa--centro-historico-plaza-de-armas.webp
Arequipa,Centro Histórico (Plaza de Armas),Hood 1 Photo Credit,,https://commons.wikimedia.org/wiki/File:Arequipa_Jesuit_Church_(_2011)_(2).jpg
Arequipa,San Lázaro,Hood 2 Photo File,,images/hoods/arequipa--san-lazaro.webp
Arequipa,San Lázaro,Hood 2 Photo Credit,,https://commons.wikimedia.org/wiki/File:Iglesia_de_San_L%C3%A1zaro.jpg
Arequipa,Yanahuara,Hood 3 Photo File,,images/hoods/arequipa--yanahuara.webp
Arequipa,Yanahuara,Hood 3 Photo Credit,,https://commons.wikimedia.org/wiki/File:Arequipa_P%C3%A9ruvienne_d%27Alto_Selva_Alegre.jpg
Arequipa,Cayma,Hood 5 Photo File,,images/hoods/arequipa--cayma.webp
Arequipa,Cayma,Hood 5 Photo Credit,,https://commons.wikimedia.org/wiki/File:Iglesia_de_Cayma.jpg
Arusha,hero,City Photo File,images/cities/arusha.jpg,images/cities/arusha.webp
Arusha,Njiro,Hood 2 Photo File,,images/hoods/arusha--njiro.webp
Arusha,Njiro,Hood 2 Photo Credit,,https://commons.wikimedia.org/wiki/File:A_valley_with_a_river_at_Njiro_Arusha.jpg
Arusha,Kijenge / Themi,Hood 3 Photo File,,images/hoods/arusha--kijenge-themi.webp
Arusha,Kijenge / Themi,Hood 3 Photo Credit,,https://commons.wikimedia.org/wiki/File:Kvarnen_Furusund.jpg
Arusha,Sakina,Hood 4 Photo File,,images/hoods/arusha--sakina.webp
Arusha,Sakina,Hood 4 Photo Credit,,https://commons.wikimedia.org/wiki/File:WikiAru44.jpg
Arusha,Usa River,Hood 5 Photo File,,images/hoods/arusha--usa-river.webp
Arusha,Usa River,Hood 5 Photo Credit,,"https://commons.wikimedia.org/wiki/File:Bridge_at_Ngaresero,Usa_River,_Meru_District.jpg"
Ashgabat,hero,City Photo File,images/cities/ashgabat.jpg,images/cities/ashgabat.webp
Ashgabat,Berzengi,Hood 1 Photo File,,images/hoods/ashgabat--berzengi.webp
Ashgabat,Berzengi,Hood 1 Photo Credit,,https://commons.wikimedia.org/wiki/File:Berzengi_Construction.jpg
Ashgabat,City Center (Turkmenbashy Avenue),Hood 2 Photo File,,images/hoods/ashgabat--city-center-turkmenbashy-avenue.webp
Ashgabat,City Center (Turkmenbashy Avenue),Hood 2 Photo Credit,,https://commons.wikimedia.org/wiki/File:56Y1337.jpg
Ashgabat,Ashgabat Stadium / Sports District,Hood 3 Photo File,,images/hoods/ashgabat--ashgabat-stadium-sports-district.webp
Ashgabat,Ashgabat Stadium / Sports District,Hood 3 Photo Credit,,https://commons.wikimedia.org/wiki/File:Rustam_Minnikhanov_in_Turkmenistan_(2017-09-17)_22.jpg
Asmara,hero,City Photo File,images/cities/asmara.jpg,images/cities/asmara.webp
Asmara,Harnet Avenue (City Center),Hood 1 Photo File,,images/hoods/asmara--harnet-avenue-city-center.webp
Asmara,Harnet Avenue (City Center),Hood 1 Photo Credit,,"https://commons.wikimedia.org/wiki/File:Asmara,_cattedrale_cattolica,_campanile_01.JPG"
Astana,hero,City Photo File,images/cities/astana.jpg,images/cities/astana.webp
Astana,Yesil District (Left Bank),Hood 1 Photo File,,images/hoods/astana--yesil-district-left-bank.webp
Astana,Yesil District (Left Bank),Hood 1 Photo Credit,,"https://commons.wikimedia.org/wiki/File:Yesil_District,_Astana_010000,_Kazakhstan_-_panoramio_(4).jpg"
Astana,Saryarka District,Hood 2 Photo File,,images/hoods/astana--saryarka-district.webp
Astana,Saryarka District,Hood 2 Photo Credit,,"https://commons.wikimedia.org/wiki/File:Saryarka_District,_Astana_(P1190728).jpg"
Astana,Almaty District,Hood 3 Photo File,,images/hoods/astana--almaty-district.webp
Astana,Almaty District,Hood 3 Photo Credit,,"https://commons.wikimedia.org/wiki/File:%D0%90%D0%BB%D0%BC%D0%B0%D1%82%D1%8B,_%D0%BC%D1%83%D1%81%D0%BE%D1%80%D0%BD%D1%8B%D0%B9_%D0%B1%D0%B0%D0%BA_%D0%BD%D0%B0_%D0%BF%D0%BB%D0%BE%D1%89%D0%B0%D0%B4%D0%B8_%D0%90%D1%81%D1%82%D0%B0%D0%BD%D0%B0.jpg"
Asunción,hero,City Photo File,images/cities/asunci-n.jpg,images/cities/asunci-n.webp
Asunción,Centro (Historic Downtown),Hood 1 Photo File,,images/hoods/asuncion--centro-historic-downtown.webp
Asunción,Centro (Historic Downtown),Hood 1 Photo Credit,,"https://commons.wikimedia.org/wiki/File:Puerta_del_Sol,_Iglesia_de_Nuestra_Se%C3%B1ora_de_la_Asunci%C3%B3n_(Aroche).jpg"
Asunción,Villa Morra,Hood 2 Photo File,,images/hoods/asuncion--villa-morra.webp
Asunción,Villa Morra,Hood 2 Photo Credit,,https://commons.wikimedia.org/wiki/File:Hotel_Villa_Morra_Suites-2.jpg
Asunción,Recoleta,Hood 3 Photo File,,images/hoods/asuncion--recoleta.webp
Asunción,Recoleta,Hood 3 Photo Credit,,https://commons.wikimedia.org/wiki/File:Recoleta_cemetery_(17).jpg
Asunción,Carmelitas,Hood 4 Photo File,,images/hoods/asuncion--carmelitas.webp
Asunción,Carmelitas,Hood 4 Photo Credit,,https://commons.wikimedia.org/wiki/File:Oratorio_de_Chiquitunga_135612.jpg
Aswan,hero,City Photo File,images/cities/aswan.jpg,images/cities/aswan.webp
Aswan,Sharia As-Souq,Hood 2 Photo File,,images/hoods/aswan--sharia-as-souq.webp
Aswan,Sharia As-Souq,Hood 2 Photo Credit,,https://commons.wikimedia.org/wiki/File:Objects_sold_at_Sharia_el_Souk_(14284065219).jpg
Aswan,Elephantine Island,Hood 3 Photo File,,images/hoods/aswan--elephantine-island.webp
Aswan,Elephantine Island,Hood 3 Photo Credit,,https://commons.wikimedia.org/wiki/File:Assuan_Oberoi_03.JPG
Aswan,Gharb Seheil (West Bank Nubian Village),Hood 4 Photo File,,images/hoods/aswan--gharb-seheil-west-bank-nubian-village.webp
Aswan,Gharb Seheil (West Bank Nubian Village),Hood 4 Photo Credit,,"https://commons.wikimedia.org/wiki/File:Delcious_Egyptian_breakfast_at_nubian_village_Gharb_Soheil,_Arti_ka_Hotel_%26_Restaurant,_Aswan_at_7_September_2021.jpg"
Athens,hero,City Photo File,images/cities/athens.jpg,images/cities/athens.webp
Athens,Plaka,Hood 1 Photo File,images/hoods/athens--plaka.jpg,images/hoods/athens--plaka.webp
Athens,Monastiraki,Hood 2 Photo File,images/hoods/athens--monastiraki.jpg,images/hoods/athens--monastiraki.webp
Athens,Kolonaki,Hood 3 Photo File,images/hoods/athens--kolonaki.jpg,images/hoods/athens--kolonaki.webp
Athens,Psyrri,Hood 4 Photo File,images/hoods/athens--psyrri.jpg,images/hoods/athens--psyrri.webp
Athens,Koukaki,Hood 5 Photo File,images/hoods/athens--koukaki.jpg,images/hoods/athens--koukaki.webp
Atlanta,hero,City Photo File,images/cities/atlanta.jpg,images/cities/atlanta.webp
Atlanta,Downtown,Hood 1 Photo File,,images/hoods/atlanta--downtown.webp
Atlanta,Downtown,Hood 1 Photo Credit,,"https://commons.wikimedia.org/wiki/File:75_Ted_Turner_Drive_Building,_Atlanta,_GA_(33598206688).jpg"
Atlanta,Midtown,Hood 2 Photo File,,images/hoods/atlanta--midtown.webp
Atlanta,Midtown,Hood 2 Photo Credit,,https://commons.wikimedia.org/wiki/File:View_of_the_midtown_Atlanta_skyline_looking_out_over_Piedmont_Park%27s_Lake_Clara_Meer.jpg
Atlanta,Buckhead,Hood 3 Photo File,,images/hoods/atlanta--buckhead.webp
Atlanta,Buckhead,Hood 3 Photo Credit,,https://commons.wikimedia.org/wiki/File:Johnsontown_Plaque.jpg
Atlanta,Old Fourth Ward,Hood 4 Photo File,,images/hoods/atlanta--old-fourth-ward.webp
Atlanta,Old Fourth Ward,Hood 4 Photo Credit,,https://commons.wikimedia.org/wiki/File:Beltline_eastside_trail_construction_may_2102_2_o4w_atlanta.JPG
Atlanta,Virginia-Highland,Hood 5 Photo File,,images/hoods/atlanta--virginia-highland.webp
Atlanta,Virginia-Highland,Hood 5 Photo Credit,,https://commons.wikimedia.org/wiki/File:Lanier_Boulevard_Parkway.JPG
Auckland,hero,City Photo File,images/cities/auckland.jpg,images/cities/auckland.webp
Auckland,City Centre / CBD,Hood 1 Photo File,,images/hoods/auckland--city-centre-cbd.webp
Auckland,City Centre / CBD,Hood 1 Photo Credit,,"https://commons.wikimedia.org/wiki/File:Countdown,_Central_Auckland.jpg"
Auckland,Viaduct Harbour & Wynyard Quarter,Hood 2 Photo File,,images/hoods/auckland--viaduct-harbour-wynyard-quarter.webp
Auckland,Viaduct Harbour & Wynyard Quarter,Hood 2 Photo Credit,,https://commons.wikimedia.org/wiki/File:DrawbridgeViaductAuckland.jpg
Auckland,Ponsonby,Hood 3 Photo File,,images/hoods/auckland--ponsonby.webp
Auckland,Ponsonby,Hood 3 Photo Credit,,https://commons.wikimedia.org/wiki/File:Auckland_Savings_Bank_6285.jpg
Auckland,Parnell,Hood 4 Photo File,,images/hoods/auckland--parnell.webp
Auckland,Parnell,Hood 4 Photo Credit,,https://commons.wikimedia.org/wiki/File:Parnell_Pines_Hotel_Auckland_20240117_122723.jpg
Auckland,Devonport,Hood 5 Photo File,,images/hoods/auckland--devonport.webp
Auckland,Devonport,Hood 5 Photo Credit,,"https://commons.wikimedia.org/wiki/File:Auckland_Gas_Company_(former),_Devonport.jpg"
Aurangabad,hero,City Photo File,images/cities/aurangabad.jpg,images/cities/aurangabad.webp
Aurangabad,City Chowk (Old City),Hood 1 Photo File,,images/hoods/aurangabad--city-chowk-old-city.webp
Aurangabad,City Chowk (Old City),Hood 1 Photo Credit,,"https://commons.wikimedia.org/wiki/File:Statues_of_Jyotirao_Phule_and_Savitribai_Phule,_Aurangabad_(1).jpg"
Aurangabad,CIDCO,Hood 2 Photo File,,images/hoods/aurangabad--cidco.webp
Aurangabad,CIDCO,Hood 2 Photo Credit,,https://commons.wikimedia.org/wiki/File:CIDCO_Low_Income_Housing.jpg
Austin,hero,City Photo File,images/cities/austin.jpg,images/cities/austin.webp
Austin,Downtown,Hood 1 Photo File,,images/hoods/austin--downtown.webp
Austin,Downtown,Hood 1 Photo Credit,,"https://commons.wikimedia.org/wiki/File:A_walkway_at_a_construction_site_for_some_monstrous_condo_tower_in_downtown_Austin,_lines,_lights,_the_eye_(and_who_knows_what_else)_converge_at_the_other_end._What_is_down_there%3F_Hmmmmm._(2448475214).jpg"
Austin,South Congress (SoCo),Hood 2 Photo File,,images/hoods/austin--south-congress-soco.webp
Austin,South Congress (SoCo),Hood 2 Photo Credit,,https://commons.wikimedia.org/wiki/File:Doc%27s_on_South_Congress_Austin.jpg
Austin,East Austin,Hood 3 Photo File,,images/hoods/austin--east-austin.webp
Austin,East Austin,Hood 3 Photo Credit,,https://commons.wikimedia.org/wiki/File:Arnold_Bakery.jpg
Austin,Rainey Street,Hood 4 Photo File,,images/hoods/austin--rainey-street.webp
Austin,Rainey Street,Hood 4 Photo Credit,,https://commons.wikimedia.org/wiki/File:SXSW_2015_(16930941861).jpg
Austin,Zilker / Barton Hills,Hood 5 Photo File,,images/hoods/austin--zilker-barton-hills.webp
Austin,Zilker / Barton Hills,Hood 5 Photo Credit,,https://commons.wikimedia.org/wiki/File:Pecan_tree_canopy_zilker.jpg
Avignon,hero,City Photo File,images/cities/avignon.jpg,images/cities/avignon.webp
Avignon,Intra-Muros (Walled Old Town),Hood 1 Photo File,,images/hoods/avignon--intra-muros-walled-old-town.webp
Avignon,Intra-Muros (Walled Old Town),Hood 1 Photo Credit,,https://commons.wikimedia.org/wiki/File:Urbino_20000_07.jpg
Avignon,Île de la Barthelasse,Hood 2 Photo File,,images/hoods/avignon--ile-de-la-barthelasse.webp
Avignon,Île de la Barthelasse,Hood 2 Photo Credit,,https://commons.wikimedia.org/wiki/File:Avignon_-_Jardin_des_Doms_(Rocher_des_Doms)_-_Panorama_View_on_Rh%C3%B4ne_valley_-_Escaliers_du_Rocher_des_Doms_04.jpg
Avignon,Villeneuve-lès-Avignon,Hood 3 Photo File,,images/hoods/avignon--villeneuve-les-avignon.webp
Avignon,Villeneuve-lès-Avignon,Hood 3 Photo Credit,,"https://commons.wikimedia.org/wiki/File:Fort_Saint-Andr%C3%A9,_remparts_sud,_Villeneuve-l%C3%A8s-Avignon,_2026.jpg"
Avignon,Île de la Barthelasse,Hood 5 Photo File,,images/hoods/avignon--ile-de-la-barthelasse.webp
Avignon,Île de la Barthelasse,Hood 5 Photo Credit,,https://commons.wikimedia.org/wiki/File:Avignon_-_Jardin_des_Doms_(Rocher_des_Doms)_-_Panorama_View_on_Rh%C3%B4ne_valley_-_Escaliers_du_Rocher_des_Doms_04.jpg
Axum,hero,City Photo File,images/cities/axum.jpg,images/cities/axum.webp
Axum,hero,City Photo Credit,https://commons.wikimedia.org/wiki/File:Aksum-107529.jpg,"https://commons.wikimedia.org/wiki/File:Aksum,_parco_delle_stele_settentrionali,_03.jpg"
Axum,Northern Stelae Park,Hood 1 Photo File,,images/hoods/axum--northern-stelae-park.webp
Axum,Northern Stelae Park,Hood 1 Photo Credit,,https://commons.wikimedia.org/wiki/File:ET_Axum_asv2018-01_img37_Stelae_Park.jpg
Axum,Church of Our Lady Mary of Zion,Hood 2 Photo File,,images/hoods/axum--church-of-our-lady-mary-of-zion.webp
Axum,Church of Our Lady Mary of Zion,Hood 2 Photo Credit,,https://commons.wikimedia.org/wiki/File:ET_Axum_asv2018-01_img32_StMary_of_Zion_Church.jpg
Axum,Queen of Sheba's Bath,Hood 3 Photo File,,images/hoods/axum--queen-of-sheba-s-bath.webp
Axum,Queen of Sheba's Bath,Hood 3 Photo Credit,,https://commons.wikimedia.org/wiki/File:ET_Axum_asv2018-01_img22_Queen_of_Sheba_Bath.jpg
Baden-Baden,hero,City Photo File,images/cities/baden-baden.jpg,images/cities/baden-baden.webp
Baden-Baden,Kurgebiet (Spa Quarter),Hood 1 Photo File,,images/hoods/baden-baden--kurgebiet-spa-quarter.webp
Baden-Baden,Kurgebiet (Spa Quarter),Hood 1 Photo Credit,,"https://commons.wikimedia.org/wiki/File:Bad_Sooden-Allendorf_-_Kurgebiet_mir_Brunnen,_Fachwerkh%C3%A4user.JPG"
Baden-Baden,Altstadt (Old Town),Hood 2 Photo File,,images/hoods/baden-baden--altstadt-old-town.webp
Baden-Baden,Altstadt (Old Town),Hood 2 Photo Credit,,https://commons.wikimedia.org/wiki/File:Baden_Baden_-_Burgstra%C3%9Fe_-_View_SW.jpg
Baden-Baden,Lichtental,Hood 3 Photo File,,images/hoods/baden-baden--lichtental.webp
Baden-Baden,Lichtental,Hood 3 Photo Credit,,https://commons.wikimedia.org/wiki/File:Baden-Baden-Lichtental_Bonifatiuskirche_02_von_Sueden-gje.jpg
Baden-Baden,Rebland,Hood 4 Photo File,,images/hoods/baden-baden--rebland.webp
Baden-Baden,Rebland,Hood 4 Photo Credit,,https://commons.wikimedia.org/wiki/File:Baden-Baden_10-2015_img28_Zhukovsky_bust.jpg
Baden-Baden,Ebersteinburg,Hood 5 Photo File,,images/hoods/baden-baden--ebersteinburg.webp
Baden-Baden,Ebersteinburg,Hood 5 Photo Credit,,https://commons.wikimedia.org/wiki/File:Burg_Alt-Eberstein_(1).jpg
Baghdad,hero,City Photo File,images/cities/baghdad.jpg,images/cities/baghdad.webp
Baghdad,Karrada,Hood 1 Photo File,,images/hoods/baghdad--karrada.webp
Baghdad,Karrada,Hood 1 Photo Credit,,https://commons.wikimedia.org/wiki/File:%22%D9%85%D9%88%D9%82%D8%B9_%D8%A7%D9%86%D9%81%D8%AC%D8%A7%D8%B1_%D8%A7%D9%84%D9%83%D8%B1%D8%A7%D8%AF%D8%A9_%D9%81%D9%8A_%D8%A8%D8%BA%D8%AF%D8%A7%D8%AF_%D8%A8%D8%B9%D8%AF_%D8%A7%D9%84%D8%AA%D9%81%D8%AC%D9%8A%D8%B1_%D8%A7%D9%84%D8%A5%D8%B1%D9%87%D8%A7%D8%A8%D9%8A_%E2%80%93_%D8%AA%D9%85%D9%88%D8%B2_2016%22.jpg
Baghdad,Mansour,Hood 3 Photo File,,images/hoods/baghdad--mansour.webp
Baghdad,Mansour,Hood 3 Photo Credit,,https://commons.wikimedia.org/wiki/File:Aya_Mansour_-_books.jpg
Baghdad,Jadriya,Hood 4 Photo File,,images/hoods/baghdad--jadriya.webp
Baghdad,Jadriya,Hood 4 Photo Credit,,https://commons.wikimedia.org/wiki/File:Central_Bank_of_Iraq.png
Baghdad,Rusafa (Old Baghdad),Hood 5 Photo File,,images/hoods/baghdad--rusafa-old-baghdad.webp
Baghdad,Rusafa (Old Baghdad),Hood 5 Photo Credit,,https://commons.wikimedia.org/wiki/File:%D8%AC%D8%A7%D9%85%D8%B9_%D8%A7%D9%84%D9%85%D8%B1%D8%A7%D8%AF%D9%8A%D8%A9.jpg
Baguio,hero,City Photo File,images/cities/baguio.jpg,images/cities/baguio.webp
Baguio,Session Road / City Center,Hood 1 Photo File,,images/hoods/baguio--session-road-city-center.webp
Baguio,Session Road / City Center,Hood 1 Photo Credit,,https://commons.wikimedia.org/wiki/File:Philippine_Commission%27s_First_Session_in_Baguio_Historical_Marker.jpg
Baguio,Camp John Hay,Hood 2 Photo File,,images/hoods/baguio--camp-john-hay.webp
Baguio,Camp John Hay,Hood 2 Photo Credit,,https://commons.wikimedia.org/wiki/File:Camp_John_Hay_signage_(12438122175).jpg
Baguio,Mines View Park,Hood 3 Photo File,,images/hoods/baguio--mines-view-park.webp
Baguio,Mines View Park,Hood 3 Photo Credit,,https://commons.wikimedia.org/wiki/File:Mines_View_Park_(30377345360).jpg
Baguio,Wright Park / The Mansion,Hood 4 Photo File,,images/hoods/baguio--wright-park-the-mansion.webp
Baguio,Wright Park / The Mansion,Hood 4 Photo Credit,,"https://commons.wikimedia.org/wiki/File:Wright_Park_High_Stairways,_Baguio_City,_Feb_2025.jpg"
Baguio,Baguio Public Market,Hood 5 Photo File,,images/hoods/baguio--baguio-public-market.webp
Baguio,Baguio Public Market,Hood 5 Photo Credit,,"https://commons.wikimedia.org/wiki/File:9847Rosario,_La_Union_Public_Market_02.jpg"
Bahir Dar,hero,City Photo File,images/cities/bahir-dar.jpg,images/cities/bahir-dar.webp
Bahir Dar,hero,City Photo Credit,https://commons.wikimedia.org/wiki/File:Blue_Nile_Bahir_Dar.jpg,"https://commons.wikimedia.org/wiki/File:Blue_Nile_Falls,_Bahir_Dar,_Ethiopia.JPG"
Baku,hero,City Photo File,images/cities/baku.jpg,images/cities/baku.webp
Baku,Icherisheher (Old City),Hood 1 Photo File,,images/hoods/baku--icherisheher-old-city.webp
Baku,Icherisheher (Old City),Hood 1 Photo Credit,,https://commons.wikimedia.org/wiki/File:Baku_IcheriSheher_Fountain_004_2262.jpg
Baku,Fountains Square / Nizami Street,Hood 2 Photo File,,images/hoods/baku--fountains-square-nizami-street.webp
Baku,Fountains Square / Nizami Street,Hood 2 Photo Credit,,https://commons.wikimedia.org/wiki/File:Baku_15_13_39_132000.jpeg
Baku,Sabayil / Boulevard (Bulvar),Hood 3 Photo File,,images/hoods/baku--sabayil-boulevard-bulvar.webp
Baku,Sabayil / Boulevard (Bulvar),Hood 3 Photo Credit,,https://commons.wikimedia.org/wiki/File:Bayil_Castle_description_in_Baku_Boulevard.jpg
Baku,Nasimi,Hood 4 Photo File,,images/hoods/baku--nasimi.webp
Baku,Nasimi,Hood 4 Photo Credit,,https://commons.wikimedia.org/wiki/File:N%C9%99simi_2017.10.29.jpg
Baku,Yasamal,Hood 5 Photo File,,images/hoods/baku--yasamal.webp
Baku,Yasamal,Hood 5 Photo Credit,,https://commons.wikimedia.org/wiki/File:Yasamal.jpg
Bamako,hero,City Photo File,images/cities/bamako.jpg,images/cities/bamako.webp
Bamako,ACI 2000,Hood 1 Photo File,,images/hoods/bamako--aci-2000.webp
Bamako,ACI 2000,Hood 1 Photo Credit,,https://commons.wikimedia.org/wiki/File:Window_Portrait_(29899853288).jpg
Bamako,Hippodrome,Hood 2 Photo File,,images/hoods/bamako--hippodrome.webp
Bamako,Hippodrome,Hood 2 Photo Credit,,https://commons.wikimedia.org/wiki/File:FranceNormandieArgentanHippodromeGabrieleGelorminiEpicurien.jpg
Bamako,Badalabougou,Hood 3 Photo File,,images/hoods/bamako--badalabougou.webp
Bamako,Badalabougou,Hood 3 Photo Credit,,https://commons.wikimedia.org/wiki/File:Looking_across_the_old_bridge.jpg
Bamako,Quartier du Fleuve,Hood 4 Photo File,,images/hoods/bamako--quartier-du-fleuve.webp
Bamako,Quartier du Fleuve,Hood 4 Photo Credit,,https://commons.wikimedia.org/wiki/File:Pyramide_du_souvenir_-_Bamako.jpg
Bamako,Missira / Route de Koulikoro,Hood 5 Photo File,,images/hoods/bamako--missira-route-de-koulikoro.webp
Bamako,Missira / Route de Koulikoro,Hood 5 Photo Credit,,https://commons.wikimedia.org/wiki/File:Missira.jpg
Bamberg,hero,City Photo File,images/cities/bamberg.jpg,images/cities/bamberg.webp
Bamberg,Altstadt / Island Town,Hood 1 Photo File,,images/hoods/bamberg--altstadt-island-town.webp
Bamberg,Altstadt / Island Town,Hood 1 Photo Credit,,https://commons.wikimedia.org/wiki/File:Bamberg-Hofwaschbrunnen-046599.jpg
Bamberg,Cathedral Hill (Domberg),Hood 2 Photo File,,images/hoods/bamberg--cathedral-hill-domberg.webp
Bamberg,Cathedral Hill (Domberg),Hood 2 Photo Credit,,https://commons.wikimedia.org/wiki/File:Cathedral_Hill_-_411-413_Queen_-_02.jpg
Bamberg,Sandgebiet (Sand District),Hood 3 Photo File,,images/hoods/bamberg--sandgebiet-sand-district.webp
Bamberg,Sandgebiet (Sand District),Hood 3 Photo Credit,,"https://commons.wikimedia.org/wiki/File:View_of_the_Connecticut_River_Valley_from_the_summit_of_Skinner_State_Park,_by_Carol_M._Highsmith,_2019,_from_the_Library_of_Congress_-_master-pnp-highsm-57700-57707a.tiff"
Bamberg,Gärtnerstadt (Gardener's District),Hood 4 Photo File,,images/hoods/bamberg--gartnerstadt-gardener-s-district.webp
Bamberg,Gärtnerstadt (Gardener's District),Hood 4 Photo Credit,,https://commons.wikimedia.org/wiki/File:Bamberg_G%C3%A4rtnerland_Orthophoto-20230625-RM-172045.jpg
Bamyan,hero,City Photo File,images/cities/bamyan.jpg,images/cities/bamyan.webp
Bamyan,hero,City Photo Credit,https://commons.wikimedia.org/wiki/File:Black_Hawk_flying_over_a_valley_in_Bamyan.jpg,https://commons.wikimedia.org/wiki/File:Sunrise_of_Bamyan_Valley.jpg
Bamyan,Buddha Niches / Cliff Complex,Hood 1 Photo File,,images/hoods/bamyan--buddha-niches-cliff-complex.webp
Bamyan,Buddha Niches / Cliff Complex,Hood 1 Photo Credit,,https://commons.wikimedia.org/wiki/File:07-_Buddha_Bamyan.jpg
Bamyan,Shahr-e Gholghola ('City of Sighs'),Hood 2 Photo File,,images/hoods/bamyan--shahr-e-gholghola-city-of-sighs.webp
Bamyan,Shahr-e Gholghola ('City of Sighs'),Hood 2 Photo Credit,,https://commons.wikimedia.org/wiki/File:Cemetary_in_Bamyan.jpg
Bamyan,Bamyan Bazaar,Hood 3 Photo File,,images/hoods/bamyan--bamyan-bazaar.webp
Bamyan,Bamyan Bazaar,Hood 3 Photo Credit,,"https://commons.wikimedia.org/wiki/File:Bamyan,_A_province_in_the_eye_of_a_storm_130228-A-GH622-013.jpg"
Banda Aceh,hero,City Photo File,images/cities/banda-aceh.jpg,images/cities/banda-aceh.webp
Banda Aceh,Baiturrahman,Hood 1 Photo File,,images/hoods/banda-aceh--baiturrahman.webp
Banda Aceh,Baiturrahman,Hood 1 Photo Credit,,https://commons.wikimedia.org/wiki/File:Alam_Bintang_Buleuen.jpg
Banda Aceh,Kuta Alam,Hood 2 Photo File,,images/hoods/banda-aceh--kuta-alam.webp
Banda Aceh,Kuta Alam,Hood 2 Photo Credit,,https://commons.wikimedia.org/wiki/File:Hkbp_Banda_Aceh_Distrik_X.jpg
Banda Aceh,Peunayong,Hood 3 Photo File,,images/hoods/banda-aceh--peunayong.webp
Banda Aceh,Peunayong,Hood 3 Photo Credit,,https://commons.wikimedia.org/wiki/File:Post-Tsunami_Aceh_(5074343876).jpg
Banda Aceh,Ulee Lheue,Hood 4 Photo File,,images/hoods/banda-aceh--ulee-lheue.webp
Banda Aceh,Ulee Lheue,Hood 4 Photo Credit,,https://commons.wikimedia.org/wiki/File:Masjid_Baiturrahim_Ulee_Lheue.jpg
Banda Aceh,Ulee Kareng,Hood 5 Photo File,,images/hoods/banda-aceh--ulee-kareng.webp
Banda Aceh,Ulee Kareng,Hood 5 Photo Credit,,"https://commons.wikimedia.org/wiki/File:Sabili_Jannah_Mosque,_Doi;_February_2020_(01).jpg"
Bandar Seri Begawan,hero,City Photo File,images/cities/bandar-seri-begawan.jpg,images/cities/bandar-seri-begawan.webp
Bandar Seri Begawan,City Centre / Waterfront (Kianggeh),Hood 1 Photo File,,images/hoods/bandar-seri-begawan--city-centre-waterfront-kianggeh.webp
Bandar Seri Begawan,City Centre / Waterfront (Kianggeh),Hood 1 Photo Credit,,"https://commons.wikimedia.org/wiki/File:City_Centre,_Bandar_Seri_Begawan,_Brunei_-_panoramio_(5).jpg"
Bandar Seri Begawan,Kampong Ayer (Water Village),Hood 2 Photo File,,images/hoods/bandar-seri-begawan--kampong-ayer-water-village.webp
Bandar Seri Begawan,Kampong Ayer (Water Village),Hood 2 Photo Credit,,https://commons.wikimedia.org/wiki/File:Kampong_Ayer_(17969861133).jpg
Bandar Seri Begawan,Gadong,Hood 3 Photo File,,images/hoods/bandar-seri-begawan--gadong.webp
Bandar Seri Begawan,Gadong,Hood 3 Photo Credit,,"https://commons.wikimedia.org/wiki/File:Bamboo_round_basket_in_Gadong,_Brunei.jpg"
Bandar Seri Begawan,Kiulap,Hood 4 Photo File,,images/hoods/bandar-seri-begawan--kiulap.webp
Bandar Seri Begawan,Kiulap,Hood 4 Photo Credit,,https://commons.wikimedia.org/wiki/File:Embassy_of_Japan_in_Bandar_Seri_Begawan_1.jpg
Bandar Seri Begawan,Jerudong / Muara Coast,Hood 5 Photo File,,images/hoods/bandar-seri-begawan--jerudong-muara-coast.webp
Bandar Seri Begawan,Jerudong / Muara Coast,Hood 5 Photo Credit,,https://commons.wikimedia.org/wiki/File:2023_Majlis_Ramah_Mesra_Temburong_85.jpg
Bandung,hero,City Photo File,images/cities/bandung.jpg,images/cities/bandung.webp
Bandung,Braga,Hood 1 Photo File,,images/hoods/bandung--braga.webp
Bandung,Braga,Hood 1 Photo Credit,,"https://commons.wikimedia.org/wiki/File:Bank_BJB_Headquarters_in_Braga_street,_Bandung_(1).jpg"
Bandung,Dago (Ir. H. Djuanda),Hood 2 Photo File,,images/hoods/bandung--dago-ir-h-djuanda.webp
Bandung,Dago (Ir. H. Djuanda),Hood 2 Photo Credit,,"https://commons.wikimedia.org/wiki/File:Covid_vaccine_clinical_trial,_Dago,_Bandung.jpg"
Bandung,Cihampelas,Hood 3 Photo File,,images/hoods/bandung--cihampelas.webp
Bandung,Cihampelas,Hood 3 Photo Credit,,https://commons.wikimedia.org/wiki/File:Cihampelas_Walk_-_panoramio.jpg
Bandung,Asia Afrika (Alun-Alun),Hood 4 Photo File,,images/hoods/bandung--asia-afrika-alun-alun.webp
Bandung,Asia Afrika (Alun-Alun),Hood 4 Photo Credit,,https://commons.wikimedia.org/wiki/File:Gedung_Bank_Mitsubish-UFJ_(26789620713).jpg
Bandung,Setiabudi / Lembang side,Hood 5 Photo File,,images/hoods/bandung--setiabudi-lembang-side.webp
Bandung,Setiabudi / Lembang side,Hood 5 Photo Credit,,https://commons.wikimedia.org/wiki/File:DJI_0113_(1).jpg
Banff,hero,City Photo File,images/cities/banff.jpg,images/cities/banff.webp
Banff,Banff Avenue / Downtown,Hood 1 Photo File,,images/hoods/banff--banff-avenue-downtown.webp
Banff,Banff Avenue / Downtown,Hood 1 Photo Credit,,https://commons.wikimedia.org/wiki/File:Banff_Gondola_from_top_-_Banff_Alberta.jpg
Banff,Bow Falls / Surprise Corner,Hood 2 Photo File,,images/hoods/banff--bow-falls-surprise-corner.webp
Banff,Bow Falls / Surprise Corner,Hood 2 Photo Credit,,https://commons.wikimedia.org/wiki/File:Bow_Falls_-_panoramio_(4).jpg
Banff,Lake Louise Village,Hood 3 Photo File,,images/hoods/banff--lake-louise-village.webp
Banff,Lake Louise Village,Hood 3 Photo Credit,,https://commons.wikimedia.org/wiki/File:Golden-Mantled_Ground_Squirrel_Moraine_Lake.jpg
Banff,Tunnel Mountain,Hood 4 Photo File,,images/hoods/banff--tunnel-mountain.webp
Banff,Tunnel Mountain,Hood 4 Photo Credit,,https://commons.wikimedia.org/wiki/File:Banff_-_as_seen_from_Tunnel_Mountain_(33624108556).jpg
Bangkok,hero,City Photo File,images/cities/bangkok.jpg,images/cities/bangkok.webp
Bangkok,Sukhumvit,Hood 1 Photo File,images/hoods/bangkok--sukhumvit.jpg,images/hoods/bangkok--sukhumvit.webp
Bangkok,Sukhumvit,Hood 1 Photo Credit,https://pixabay.com/photos/bangkok-thonglor-sukhumvit-skyline-5271328/,https://commons.wikimedia.org/wiki/File:BTS%E3%83%97%E3%83%AD%E3%83%B3%E3%83%9D%E3%83%B3%E9%A7%85%E3%81%8B%E3%82%89%E3%81%AE%E7%9C%BA%E3%82%81_-_panoramio.jpg
Bangkok,Silom,Hood 2 Photo File,images/hoods/bangkok--silom.jpg,images/hoods/bangkok--silom.webp
Bangkok,Khao San / Banglamphu,Hood 3 Photo File,images/hoods/bangkok--khao-san-banglamphu.jpg,images/hoods/bangkok--khao-san-banglamphu.webp
Bangkok,Siam,Hood 5 Photo File,images/hoods/bangkok--siam.jpg,images/hoods/bangkok--siam.webp
Bangui,hero,City Photo File,images/cities/bangui.jpg,images/cities/bangui.webp
Banyuwangi,hero,City Photo File,images/cities/banyuwangi.jpg,images/cities/banyuwangi.webp
Banyuwangi,hero,City Photo Credit,https://commons.wikimedia.org/wiki/File:Stasiun-banyuwangi-kota.jpg,https://commons.wikimedia.org/wiki/File:Kawah_Ijen_(27432832286).jpg
Banyuwangi,Alun-alun / Taman Blambangan (Town Center),Hood 1 Photo File,,images/hoods/banyuwangi--alun-alun-taman-blambangan-town-center.webp
Banyuwangi,Alun-alun / Taman Blambangan (Town Center),Hood 1 Photo Credit,,https://commons.wikimedia.org/wiki/File:Alun-alun_kidul_dan_Sasana_Hinggil_Dwi_Abad.jpg
Banyuwangi,Ketapang,Hood 2 Photo File,,images/hoods/banyuwangi--ketapang.webp
Banyuwangi,Ketapang,Hood 2 Photo Credit,,https://commons.wikimedia.org/wiki/File:Stasiun_Ketapang_BW_2020.jpg
Baracoa,hero,City Photo File,images/cities/baracoa.jpg,images/cities/baracoa.webp
Baracoa,El Paraíso,Hood 3 Photo File,,images/hoods/baracoa--el-paraiso.webp
Baracoa,El Paraíso,Hood 3 Photo Credit,,https://commons.wikimedia.org/wiki/File:Danl%C3%AD.jpg
Barcelona,hero,City Photo File,images/cities/barcelona.jpg,images/cities/barcelona.webp
Barcelona,Gothic Quarter,Hood 1 Photo File,images/hoods/barcelona--gothic-quarter.jpg,images/hoods/barcelona--gothic-quarter.webp
Barcelona,Eixample,Hood 2 Photo File,images/hoods/barcelona--eixample.jpg,images/hoods/barcelona--eixample.webp
Barcelona,Gràcia,Hood 3 Photo File,images/hoods/barcelona--gracia.jpg,images/hoods/barcelona--gracia.webp
Barcelona,El Born,Hood 4 Photo File,images/hoods/barcelona--el-born.jpg,images/hoods/barcelona--el-born.webp
Barcelona,Barceloneta,Hood 5 Photo File,images/hoods/barcelona--barceloneta.jpg,images/hoods/barcelona--barceloneta.webp
Bari,hero,City Photo File,images/cities/bari.jpg,images/cities/bari.webp
Bari,Bari Vecchia (Old Town),Hood 1 Photo File,,images/hoods/bari--bari-vecchia-old-town.webp
Bari,Bari Vecchia (Old Town),Hood 1 Photo Credit,,https://commons.wikimedia.org/wiki/File:Amiche_sulla_muraglia.jpg
Bari,Murat,Hood 2 Photo File,,images/hoods/bari--murat.webp
Bari,Murat,Hood 2 Photo Credit,,"https://commons.wikimedia.org/wiki/File:Old_woman_holding_on_to_a_Fiat_500_for_support,_Bari,_Italy_(PPL3-Altered)_(approx._GPS_location)_julesvernex2.jpg"
Bari,Madonnella,Hood 3 Photo File,,images/hoods/bari--madonnella.webp
Bari,Madonnella,Hood 3 Photo Credit,,https://commons.wikimedia.org/wiki/File:LA_CAPA_GIRA.jpg
Bari,Poggiofranco,Hood 4 Photo File,,images/hoods/bari--poggiofranco.webp
Bari,Poggiofranco,Hood 4 Photo Credit,,https://commons.wikimedia.org/wiki/File:Bari_-_Comune_di_Bari_-_2024-09-28_17-27-04_001.jpg
Bari,Liberta,Hood 5 Photo File,,images/hoods/bari--liberta.webp
Bari,Liberta,Hood 5 Photo Credit,,https://commons.wikimedia.org/wiki/File:Palazzo_del_Governo_(Bari).jpg
Bariloche,hero,City Photo File,images/cities/bariloche.jpg,images/cities/bariloche.webp
Bariloche,Centro Civico (Civic Center),Hood 1 Photo File,,images/hoods/bariloche--centro-civico-civic-center.webp
Bariloche,Centro Civico (Civic Center),Hood 1 Photo Credit,,https://commons.wikimedia.org/wiki/File:CENTRO_CIVICO_02.JPG
Bariloche,Llao Llao,Hood 2 Photo File,,images/hoods/bariloche--llao-llao.webp
Bariloche,Llao Llao,Hood 2 Photo Credit,,https://commons.wikimedia.org/wiki/File:South_America_-_Patagonia_(6038368287).jpg
Bariloche,Cerro Catedral,Hood 3 Photo File,,images/hoods/bariloche--cerro-catedral.webp
Bariloche,Cerro Catedral,Hood 3 Photo Credit,,https://commons.wikimedia.org/wiki/File:Argentina_-_Bariloche_trekking_084_-_upper_alpine_lake_(6834299158).jpg
Bariloche,Playa Bonita,Hood 4 Photo File,,images/hoods/bariloche--playa-bonita.webp
Bariloche,Playa Bonita,Hood 4 Photo Credit,,"https://commons.wikimedia.org/wiki/File:DOM_Las_Terrenas,_Playa_Bonita_0015.jpg"
Bariloche,Playa Bonita,Hood 5 Photo File,,images/hoods/bariloche--playa-bonita.webp
Bariloche,Playa Bonita,Hood 5 Photo Credit,,"https://commons.wikimedia.org/wiki/File:DOM_Las_Terrenas,_Playa_Bonita_0015.jpg"
Barranquilla,hero,City Photo File,images/cities/barranquilla.jpg,images/cities/barranquilla.webp
Barranquilla,El Prado,Hood 1 Photo File,,images/hoods/barranquilla--el-prado.webp
Barranquilla,El Prado,Hood 1 Photo Credit,,https://commons.wikimedia.org/wiki/File:Antigua_residencia_familia_Blanco_Barranquilla_2026-01-17.jpg
Barranquilla,Alto Prado,Hood 2 Photo File,,images/hoods/barranquilla--alto-prado.webp
Barranquilla,Alto Prado,Hood 2 Photo Credit,,https://commons.wikimedia.org/wiki/File:Iglesia_de_San_Pelayo_(Robledo_de_la_Guzpe%C3%B1a).jpg
Barranquilla,Villa Country,Hood 3 Photo File,,images/hoods/barranquilla--villa-country.webp
Barranquilla,Villa Country,Hood 3 Photo Credit,,https://commons.wikimedia.org/wiki/File:Birmingham_Crematorium_-_Andy_Mabbett_-_21_December_2013_-_06.jpg
Barranquilla,Buenavista,Hood 4 Photo File,,images/hoods/barranquilla--buenavista.webp
Barranquilla,Buenavista,Hood 4 Photo Credit,,https://commons.wikimedia.org/wiki/File:ConcepcionB20.JPG
Basel,hero,City Photo File,images/cities/basel.jpg,images/cities/basel.webp
Basel,Grossbasel (Old Town),Hood 1 Photo File,,images/hoods/basel--grossbasel-old-town.webp
Basel,Grossbasel (Old Town),Hood 1 Photo Credit,,https://commons.wikimedia.org/wiki/File:Basel_2012-09-16_Batch_(90).JPG
Basel,Kleinbasel,Hood 2 Photo File,,images/hoods/basel--kleinbasel.webp
Basel,Kleinbasel,Hood 2 Photo Credit,,"https://commons.wikimedia.org/wiki/File:Altstadt_Kleinbasel,_Basel,_Switzerland_-_panoramio_(3).jpg"
Basel,Gundeldingen,Hood 3 Photo File,,images/hoods/basel--gundeldingen.webp
Basel,Gundeldingen,Hood 3 Photo Credit,,https://commons.wikimedia.org/wiki/File:Basel_-_Peter_Merian-Weg_(27626733195).jpg
Basel,St. Johann,Hood 4 Photo File,,images/hoods/basel--st-johann.webp
Basel,St. Johann,Hood 4 Photo Credit,,https://commons.wikimedia.org/wiki/File:Ehemalige_%C3%B6ffentliche_Bad-_und_Waschanstalt.jpg
Basel,St. Alban,Hood 5 Photo File,,images/hoods/basel--st-alban.webp
Basel,St. Alban,Hood 5 Photo Credit,,https://commons.wikimedia.org/wiki/File:Basel_2012-10-02_Mattes_(47).JPG
Basseterre,hero,City Photo File,images/cities/basseterre.jpg,images/cities/basseterre.webp
Basseterre,Frigate Bay,Hood 2 Photo File,,images/hoods/basseterre--frigate-bay.webp
Basseterre,Frigate Bay,Hood 2 Photo Credit,,"https://commons.wikimedia.org/wiki/File:Karibik,_St._Kitts_-_View_from_Timothy_Hill_-_Marriott_Resort_%5E_The_Royal_Beach_Casino_-_St._Kitts_-_panoramio.jpg"
Basseterre,Southeast Peninsula (Christophe Harbour),Hood 3 Photo File,,images/hoods/basseterre--southeast-peninsula-christophe-harbour.webp
Basseterre,Southeast Peninsula (Christophe Harbour),Hood 3 Photo Credit,,https://commons.wikimedia.org/wiki/File:Map_of_Malay_Peninsula_1530-1730.jpg
Basseterre,Fortlands,Hood 4 Photo File,,images/hoods/basseterre--fortlands.webp
Basseterre,Fortlands,Hood 4 Photo Credit,,https://commons.wikimedia.org/wiki/File:Roslee_Castle_(1)_-_geograph.org.uk_-_5519001.jpg
Battambang,hero,City Photo File,images/cities/battambang.jpg,images/cities/battambang.webp
Battambang,Psar Nat,Hood 2 Photo File,,images/hoods/battambang--psar-nat.webp
Battambang,Psar Nat,Hood 2 Photo Credit,,https://commons.wikimedia.org/wiki/File:Phsar_Nat_2.jpg
Battambang,East Bank,Hood 4 Photo File,images/hoods/battambang--east-bank.jpg,images/hoods/battambang--east-bank.webp
Batumi,hero,City Photo File,images/cities/batumi.jpg,images/cities/batumi.webp
Batumi,Seaside Boulevard,Hood 2 Photo File,,images/hoods/batumi--seaside-boulevard.webp
Batumi,Seaside Boulevard,Hood 2 Photo Credit,,"https://commons.wikimedia.org/wiki/File:Batumi,_Georgia_-_panoramio_(7).jpg"
Batumi,New Boulevard,Hood 3 Photo File,,images/hoods/batumi--new-boulevard.webp
Batumi,New Boulevard,Hood 3 Photo Credit,,https://commons.wikimedia.org/wiki/File:Sutphin_Bl_IND_td_(2018-12-04)_12_-_Mezzanine.jpg
Batumi,Gonio,Hood 4 Photo File,,images/hoods/batumi--gonio.webp
Batumi,Gonio,Hood 4 Photo Credit,,https://commons.wikimedia.org/wiki/File:Castle_og_Gonio.1.jpg
Batumi,Makhinjauri,Hood 5 Photo File,,images/hoods/batumi--makhinjauri.webp
Batumi,Makhinjauri,Hood 5 Photo Credit,,https://commons.wikimedia.org/wiki/File:Makhinjauri_tren_istasyonu_batum_1_2011.jpg
Beihai,hero,City Photo File,images/cities/beihai.jpg,images/cities/beihai.webp
Beihai,hero,City Photo Credit,https://commons.wikimedia.org/wiki/File:BeiHaiYanTan.jpg,https://commons.wikimedia.org/wiki/File:%E6%B6%A0%E6%B4%B2%E5%B2%9B-%E6%BB%B4%E6%B0%B4%E4%B8%B9%E5%B1%8F_03.jpg
Beihai,Yinhai / Silver Beach,Hood 1 Photo File,,images/hoods/beihai--yinhai-silver-beach.webp
Beihai,Yinhai / Silver Beach,Hood 1 Photo Credit,,https://commons.wikimedia.org/wiki/File:Beihai_Railway_Station_(1).jpg
Beihai,Old Town (Zhuhai Road),Hood 2 Photo File,,images/hoods/beihai--old-town-zhuhai-road.webp
Beihai,Old Town (Zhuhai Road),Hood 2 Photo Credit,,https://www.flickr.com/photos/86038526@N06/8575254308/
Beihai,Qiaogang,Hood 5 Photo File,images/hoods/beihai--qiaogang.jpg,images/hoods/beihai--qiaogang.webp
Beijing,hero,City Photo File,images/cities/beijing.jpg,images/cities/beijing.webp
Beijing,Dongcheng,Hood 1 Photo File,images/hoods/beijing--dongcheng.jpg,images/hoods/beijing--dongcheng.webp
Beijing,Xicheng,Hood 2 Photo File,images/hoods/beijing--xicheng.jpg,images/hoods/beijing--xicheng.webp
Beijing,Chaoyang,Hood 3 Photo File,images/hoods/beijing--chaoyang.jpg,images/hoods/beijing--chaoyang.webp
Beijing,Haidian,Hood 4 Photo File,images/hoods/beijing--haidian.jpg,images/hoods/beijing--haidian.webp
Beijing,Sanlitun,Hood 5 Photo File,images/hoods/beijing--sanlitun.jpg,images/hoods/beijing--sanlitun.webp
Beirut,hero,City Photo File,images/cities/beirut.jpg,images/cities/beirut.webp
Beirut,Downtown (Beirut Central District),Hood 1 Photo File,,images/hoods/beirut--downtown-beirut-central-district.webp
Beirut,Downtown (Beirut Central District),Hood 1 Photo Credit,,https://commons.wikimedia.org/wiki/File:Souqs_in_Beirut_(1).jpg
Beirut,Hamra,Hood 2 Photo File,,images/hoods/beirut--hamra.webp
Beirut,Hamra,Hood 2 Photo Credit,,https://commons.wikimedia.org/wiki/File:Rue_Hamra_Sign.jpg
Beirut,Gemmayze & Mar Mikhael,Hood 3 Photo File,,images/hoods/beirut--gemmayze-mar-mikhael.webp
Beirut,Gemmayze & Mar Mikhael,Hood 3 Photo Credit,,https://commons.wikimedia.org/wiki/File:East_Village_Building_(153978775).jpeg
Beirut,Achrafieh (Sursock),Hood 4 Photo File,,images/hoods/beirut--achrafieh-sursock.webp
Beirut,Achrafieh (Sursock),Hood 4 Photo Credit,,https://commons.wikimedia.org/wiki/File:Better_Life_market_-_organic_store_-_Beirut_01.jpg
Beirut,Raouche / Ain el-Mreisseh,Hood 5 Photo File,,images/hoods/beirut--raouche-ain-el-mreisseh.webp
Beirut,Raouche / Ain el-Mreisseh,Hood 5 Photo Credit,,https://commons.wikimedia.org/wiki/File:Beyrouth_(9861021766).jpg
Belfast,hero,City Photo File,images/cities/belfast.jpg,images/cities/belfast.webp
Belfast,Cathedral Quarter,Hood 1 Photo File,,images/hoods/belfast--cathedral-quarter.webp
Belfast,Cathedral Quarter,Hood 1 Photo Credit,,https://commons.wikimedia.org/wiki/File:Belfast_Cathedral_-_panoramio.jpg
Belfast,City Centre (Linen Quarter),Hood 2 Photo File,,images/hoods/belfast--city-centre-linen-quarter.webp
Belfast,City Centre (Linen Quarter),Hood 2 Photo Credit,,"https://commons.wikimedia.org/wiki/File:Belfast_(03),_October_2009.JPG"
Belfast,Queen's Quarter,Hood 3 Photo File,,images/hoods/belfast--queen-s-quarter.webp
Belfast,Queen's Quarter,Hood 3 Photo Credit,,https://commons.wikimedia.org/wiki/File:Albert_Memorial_Clock_(44936870384).jpg
Belfast,Titanic Quarter,Hood 4 Photo File,,images/hoods/belfast--titanic-quarter.webp
Belfast,Titanic Quarter,Hood 4 Photo Credit,,"https://commons.wikimedia.org/wiki/File:Titanic_Quarter_train_station,_Belfast_-_geograph.org.uk_-_3229990.jpg"
Belgrade,hero,City Photo File,images/cities/belgrade.jpg,images/cities/belgrade.webp
Belgrade,Stari Grad,Hood 1 Photo File,images/hoods/belgrade--stari-grad.jpg,images/hoods/belgrade--stari-grad.webp
Belgrade,Vračar,Hood 2 Photo File,images/hoods/belgrade--vracar.jpg,images/hoods/belgrade--vracar.webp
Belgrade,Dorćol,Hood 3 Photo File,images/hoods/belgrade--dorcol.jpg,images/hoods/belgrade--dorcol.webp
Belgrade,Savamala / Belgrade Waterfront,Hood 4 Photo File,images/hoods/belgrade--savamala-belgrade-waterfront.jpg,images/hoods/belgrade--savamala-belgrade-waterfront.webp
Belgrade,Zemun,Hood 5 Photo File,images/hoods/belgrade--zemun.jpg,images/hoods/belgrade--zemun.webp
Belgrade,Zemun,Hood 5 Photo Credit,https://commons.wikimedia.org/wiki/File:Zemun_panorama_from_Gardo%C5%A1_tower.jpg,https://commons.wikimedia.org/wiki/File:Belgrade_Serbie_O_(137555613).jpeg
Belize City,hero,City Photo File,images/cities/belize-city.jpg,images/cities/belize-city.webp
Belize City,Fort George,Hood 1 Photo File,,images/hoods/belize-city--fort-george.webp
Belize City,Fort George,Hood 1 Photo Credit,,https://commons.wikimedia.org/wiki/File:Bliss_Monument_-_B.E.S.T..jpg
Belize City,Marine Parade / Newtown Barracks,Hood 2 Photo File,,images/hoods/belize-city--marine-parade-newtown-barracks.webp
Belize City,Marine Parade / Newtown Barracks,Hood 2 Photo Credit,,"https://commons.wikimedia.org/wiki/File:Parking_lot,_Central_Bank_of_Belize.jpg"
Belize City,Kings Park,Hood 4 Photo File,,images/hoods/belize-city--kings-park.webp
Belize City,Kings Park,Hood 4 Photo Credit,,"https://commons.wikimedia.org/wiki/File:Houses_in_Kings_Park,_Virginia.jpg"
Belize City,Buttonwood Bay,Hood 5 Photo File,,images/hoods/belize-city--buttonwood-bay.webp
Belize City,Buttonwood Bay,Hood 5 Photo Credit,,https://commons.wikimedia.org/wiki/File:Aerial_photographs_of_Florida_MM00034965x_(9409340105).jpg
Belo Horizonte,hero,City Photo File,images/cities/belo-horizonte.jpg,images/cities/belo-horizonte.webp
Belo Horizonte,Savassi,Hood 1 Photo File,,images/hoods/belo-horizonte--savassi.webp
Belo Horizonte,Savassi,Hood 1 Photo Credit,,https://commons.wikimedia.org/wiki/File:Bandeira_-_panoramio.jpg
Belo Horizonte,Lourdes,Hood 2 Photo File,,images/hoods/belo-horizonte--lourdes.webp
Belo Horizonte,Lourdes,Hood 2 Photo Credit,,https://commons.wikimedia.org/wiki/File:Bas%C3%ADlica_de_Nossa_Senhora_de_Lourdes_-_Belo_Horizonte_-_20231104155250.jpg
Belo Horizonte,Centro,Hood 3 Photo File,,images/hoods/belo-horizonte--centro.webp
Belo Horizonte,Centro,Hood 3 Photo Credit,,https://commons.wikimedia.org/wiki/File:Museu_da_Moda_de_Belo_Horizonte_-_Belo_Horizonte_-_20240626123214.jpg
Belo Horizonte,Funcionários,Hood 4 Photo File,,images/hoods/belo-horizonte--funcionarios.webp
Belo Horizonte,Funcionários,Hood 4 Photo Credit,,https://commons.wikimedia.org/wiki/File:Col%C3%A9gio_Arnaldo_-_BH_-_panoramio.jpg
Belo Horizonte,Pampulha,Hood 5 Photo File,,images/hoods/belo-horizonte--pampulha.webp
Belo Horizonte,Pampulha,Hood 5 Photo Credit,,https://commons.wikimedia.org/wiki/File:Nova_imagem_000.jpg
Belém,hero,City Photo File,images/cities/bel-m.jpg,images/cities/bel-m.webp
Belém,Campina (Centro Histórico),Hood 1 Photo File,,images/hoods/belem--campina-centro-historico.webp
Belém,Campina (Centro Histórico),Hood 1 Photo Credit,,https://commons.wikimedia.org/wiki/File:CREAS.jpg
Belém,Cidade Velha,Hood 2 Photo File,,images/hoods/belem--cidade-velha.webp
Belém,Cidade Velha,Hood 2 Photo Credit,,https://commons.wikimedia.org/wiki/File:Cidade_Velha_-_Ort_von_Westen_mit_Steilk%C3%BCste.JPG
Belém,Nazaré,Hood 3 Photo File,,images/hoods/belem--nazare.webp
Belém,Nazaré,Hood 3 Photo Credit,,https://commons.wikimedia.org/wiki/File:Nazar%C3%A9_-_panoramio_(12).jpg
Belém,Umarizal,Hood 4 Photo File,,images/hoods/belem--umarizal.webp
Belém,Umarizal,Hood 4 Photo Credit,,https://commons.wikimedia.org/wiki/File:Complexo_Ver-o-Rio_Bel%C3%A9m_Par%C3%A1_2023-2-2.jpg
Belém,Batista Campos,Hood 5 Photo File,,images/hoods/belem--batista-campos.webp
Belém,Batista Campos,Hood 5 Photo Credit,,https://commons.wikimedia.org/wiki/File:Coreto_Octogonal_Pra%C3%A7a_Batista_Campos_Bel%C3%A9m_Par%C3%A1_2023-8724.jpg
Bengaluru,hero,City Photo File,images/cities/bengaluru.jpg,images/cities/bengaluru.webp
Bengaluru,MG Road / Central,Hood 1 Photo File,,images/hoods/bengaluru--mg-road-central.webp
Bengaluru,MG Road / Central,Hood 1 Photo Credit,,https://commons.wikimedia.org/wiki/File:Bangalore_MG_Road_4.jpg
Bengaluru,Indiranagar,Hood 2 Photo File,,images/hoods/bengaluru--indiranagar.webp
Bengaluru,Indiranagar,Hood 2 Photo Credit,,https://commons.wikimedia.org/wiki/File:Breakfast_!!!_(50944367643).jpg
Bengaluru,Koramangala,Hood 3 Photo File,,images/hoods/bengaluru--koramangala.webp
Bengaluru,Koramangala,Hood 3 Photo Credit,,"https://commons.wikimedia.org/wiki/File:Katha_Ghar,_Koramangala_1st_Block.jpg"
Bengaluru,Whitefield,Hood 4 Photo File,,images/hoods/bengaluru--whitefield.webp
Bengaluru,Whitefield,Hood 4 Photo Credit,,"https://commons.wikimedia.org/wiki/File:The_Param_Science_Experience_Centre,_Whitefield,_Bengaluru_(2026)_02.jpg"
Bengaluru,Jayanagar / Basavanagudi,Hood 5 Photo File,,images/hoods/bengaluru--jayanagar-basavanagudi.webp
Bengaluru,Jayanagar / Basavanagudi,Hood 5 Photo Credit,,"https://commons.wikimedia.org/wiki/File:Hindu_god_idols_in_Jayanagar,_Bangalore_2025_(01).jpg"
Bentota,hero,City Photo File,images/cities/bentota.jpg,images/cities/bentota.webp
Bentota,Bentota Town / Galle Road,Hood 1 Photo File,,images/hoods/bentota--bentota-town-galle-road.webp
Bentota,Bentota Town / Galle Road,Hood 1 Photo Credit,,https://commons.wikimedia.org/wiki/File:Bentota_Beach_-_panoramio.jpg
Bentota,Aluthgama,Hood 4 Photo File,,images/hoods/bentota--aluthgama.webp
Bentota,Aluthgama,Hood 4 Photo Credit,,https://commons.wikimedia.org/wiki/File:Aluthgama_town.jpg
Bentota,Induruwa,Hood 5 Photo File,,images/hoods/bentota--induruwa.webp
Bentota,Induruwa,Hood 5 Photo Credit,,https://commons.wikimedia.org/wiki/File:Prof_Induruwa_IHoF_photo.jpg
Beppu,hero,City Photo File,images/cities/beppu.jpg,images/cities/beppu.webp
Beppu,hero,City Photo Credit,https://commons.wikimedia.org/wiki/File:Beppu_Montage_2.jpg,https://commons.wikimedia.org/wiki/File:Beppu_hotspring-well01.jpg
Beppu,Kannawa,Hood 1 Photo File,,images/hoods/beppu--kannawa.webp
Beppu,Kannawa,Hood 1 Photo Credit,,https://commons.wikimedia.org/wiki/File:Hearth_Hell_Hot_Spring_2-2.jpg
Beppu,Beppu Ekimae,Hood 2 Photo File,,images/hoods/beppu--beppu-ekimae.webp
Beppu,Beppu Ekimae,Hood 2 Photo Credit,,https://commons.wikimedia.org/wiki/File:Ekimae-dori_Street_in_front_of_Beppu_Station_(east).JPG
Beppu,Myoban Onsen,Hood 3 Photo File,,images/hoods/beppu--myoban-onsen.webp
Beppu,Myoban Onsen,Hood 3 Photo Credit,,https://commons.wikimedia.org/wiki/File:Myoban_Onsen_-_Kakujusen.jpg
Beppu,Kamegawa,Hood 4 Photo File,,images/hoods/beppu--kamegawa.webp
Beppu,Kamegawa,Hood 4 Photo Credit,,https://commons.wikimedia.org/wiki/File:Kamegawa_Station_20160218-1.JPG
Beppu,Kankaiji,Hood 5 Photo File,,images/hoods/beppu--kankaiji.webp
Beppu,Kankaiji,Hood 5 Photo Credit,,https://commons.wikimedia.org/wiki/File:Beppu_Kankaiji_Post_office.JPG
Bergen,hero,City Photo File,images/cities/bergen.jpg,images/cities/bergen.webp
Bergen,Bryggen,Hood 1 Photo File,,images/hoods/bergen--bryggen.webp
Bergen,Bryggen,Hood 1 Photo Credit,,"https://commons.wikimedia.org/wiki/File:Barrio_de_Bryggen,_Bergen.jpg"
Bergen,Sentrum,Hood 2 Photo File,,images/hoods/bergen--sentrum.webp
Bergen,Sentrum,Hood 2 Photo Credit,,https://commons.wikimedia.org/wiki/File:Fl%C3%B8ibanen_Bergen_(24527410269).jpg
Bergen,Nordnes,Hood 3 Photo File,,images/hoods/bergen--nordnes.webp
Bergen,Nordnes,Hood 3 Photo Credit,,https://commons.wikimedia.org/wiki/File:Bergen_in_N%C3%B8stet_-_panoramio.jpg
Bergen,Sandviken,Hood 4 Photo File,,images/hoods/bergen--sandviken.webp
Bergen,Sandviken,Hood 4 Photo Credit,,https://commons.wikimedia.org/wiki/File:Bauta_p%C3%A5_Sandviksbatteriet_med_det_norske_riksv%C3%A5pen_og_innskriften_-_Jeg_vil_v%C3%A6rge_mit_land_-_N%C3%B8itralitetsvakten_1.8.1914_-_og_%C3%B8verst_-_7.6.1905.jpg
Bergen,Nygardshoyden,Hood 5 Photo File,,images/hoods/bergen--nygardshoyden.webp
Bergen,Nygardshoyden,Hood 5 Photo Credit,,"https://commons.wikimedia.org/wiki/File:Johanneskirken,_Sydnesplassen_5,_i_Bergen,_sett_fra_Vestre_Torggaten_2020.12.29.jpg"
Berlin,hero,City Photo File,images/cities/berlin.jpg,images/cities/berlin.webp
Berlin,Kreuzberg,Hood 1 Photo File,images/hoods/berlin--kreuzberg.jpg,images/hoods/berlin--kreuzberg.webp
Berlin,Mitte,Hood 2 Photo File,images/hoods/berlin--mitte.jpg,images/hoods/berlin--mitte.webp
Berlin,Prenzlauer Berg,Hood 3 Photo File,images/hoods/berlin--prenzlauer-berg.jpg,images/hoods/berlin--prenzlauer-berg.webp
Berlin,Friedrichshain,Hood 4 Photo File,images/hoods/berlin--friedrichshain.jpg,images/hoods/berlin--friedrichshain.webp
Berlin,Friedrichshain,Hood 4 Photo Credit,https://commons.wikimedia.org/wiki/File:Oberbaumbr%C3%BCcke_mit_U-Bahn.jpg,"https://commons.wikimedia.org/wiki/File:Wriezener_Karree,_1,_Friedrichshain,_Berlin.jpg"
Berlin,Neukölln,Hood 5 Photo File,images/hoods/berlin--neukolln.jpg,images/hoods/berlin--neukolln.webp
Bern,hero,City Photo File,images/cities/bern.jpg,images/cities/bern.webp
Bern,Altstadt (Old Town),Hood 1 Photo File,,images/hoods/bern--altstadt-old-town.webp
Bern,Altstadt (Old Town),Hood 1 Photo Credit,,"https://commons.wikimedia.org/wiki/File:Brunngasse,_Bern.jpg"
Bern,Kirchenfeld,Hood 2 Photo File,,images/hoods/bern--kirchenfeld.webp
Bern,Kirchenfeld,Hood 2 Photo Credit,,https://commons.wikimedia.org/wiki/File:St%C3%A4dtisches_Gymnasium_Kirchenfeld_05.JPG
Bern,Langgasse,Hood 3 Photo File,,images/hoods/bern--langgasse.webp
Bern,Langgasse,Hood 3 Photo Credit,,https://commons.wikimedia.org/wiki/File:Bern_Seidenweg_8_fr%C3%BCher_4a_IMG_2779_geo_DxOPsp.jpg
Bern,Lorraine,Hood 4 Photo File,,images/hoods/bern--lorraine.webp
Bern,Lorraine,Hood 4 Photo Credit,,"https://commons.wikimedia.org/wiki/File:Cafe_du_Nord_(Berne,_Switzerland).JPG"
Bern,Breitenrain,Hood 5 Photo File,,images/hoods/bern--breitenrain.webp
Bern,Breitenrain,Hood 5 Photo Credit,,https://commons.wikimedia.org/wiki/File:Johanneskirche_Bern_(Breitenrain_quarter).JPG
Biarritz,hero,City Photo File,images/cities/biarritz.jpg,images/cities/biarritz.webp
Biarritz,Grande Plage,Hood 1 Photo File,,images/hoods/biarritz--grande-plage.webp
Biarritz,Grande Plage,Hood 1 Photo Credit,,https://commons.wikimedia.org/wiki/File:Beach_Biarritz._-_panoramio.jpg
Biarritz,Cote des Basques,Hood 2 Photo File,,images/hoods/biarritz--cote-des-basques.webp
Biarritz,Cote des Basques,Hood 2 Photo Credit,,https://commons.wikimedia.org/wiki/File:Biarritz_la_nuit_-_La_c%C3%B4te_des_Basques.jpg
Biarritz,Port Vieux,Hood 3 Photo File,,images/hoods/biarritz--port-vieux.webp
Biarritz,Port Vieux,Hood 3 Photo Credit,,https://commons.wikimedia.org/wiki/File:Biarritz-Mar%C3%A9e_du_si%C3%A8cle-Port_Vieux-1967_03_21.jpg
Biarritz,Les Halles / Town Center,Hood 4 Photo File,,images/hoods/biarritz--les-halles-town-center.webp
Biarritz,Les Halles / Town Center,Hood 4 Photo Credit,,https://commons.wikimedia.org/wiki/File:Panneau_Les_Halles.jpg
Bilbao,hero,City Photo File,images/cities/bilbao.jpg,images/cities/bilbao.webp
Bilbao,hero,City Photo Credit,https://commons.wikimedia.org/wiki/File:Collage_de_Bilbao%2C_Pa%C3%ADs_Vasco%2C_Espa%C3%B1a.png,https://commons.wikimedia.org/wiki/File:Casco_Viejo_de_Bilbao.jpg
Bilbao,Casco Viejo,Hood 1 Photo File,,images/hoods/bilbao--casco-viejo.webp
Bilbao,Casco Viejo,Hood 1 Photo Credit,,https://commons.wikimedia.org/wiki/File:Bilbao_-_Metro_-_Casco_Viejo_(24825094981).jpg
Bilbao,Abando,Hood 2 Photo File,,images/hoods/bilbao--abando.webp
Bilbao,Abando,Hood 2 Photo Credit,,"https://commons.wikimedia.org/wiki/File:Abando,_Bilbo,_Bizkaia,_Spain_-_panoramio_(31).jpg"
Bilbao,Indautxu,Hood 3 Photo File,,images/hoods/bilbao--indautxu.webp
Bilbao,Indautxu,Hood 3 Photo Credit,,https://commons.wikimedia.org/wiki/File:Araucaria_Bilbon.jpg
Bilbao,Bilbao la Vieja & San Frantzisko,Hood 4 Photo File,,images/hoods/bilbao--bilbao-la-vieja-san-frantzisko.webp
Bilbao,Bilbao la Vieja & San Frantzisko,Hood 4 Photo Credit,,https://commons.wikimedia.org/wiki/File:Astracol_Tanger.jpg
Bilbao,Deusto,Hood 5 Photo File,,images/hoods/bilbao--deusto.webp
Bilbao,Deusto,Hood 5 Photo Credit,,https://commons.wikimedia.org/wiki/File:Bilbao_Akelarre_Hostel.jpg
Bishkek,hero,City Photo File,images/cities/bishkek.jpg,images/cities/bishkek.webp
Bishkek,Ala-Too Square / City Center,Hood 1 Photo File,,images/hoods/bishkek--ala-too-square-city-center.webp
Bishkek,Ala-Too Square / City Center,Hood 1 Photo Credit,,https://commons.wikimedia.org/wiki/File:Bishkek_03-2016_img09_Chuy_Prospekt.jpg
Bishkek,Osh Bazaar,Hood 2 Photo File,,images/hoods/bishkek--osh-bazaar.webp
Bishkek,Osh Bazaar,Hood 2 Photo Credit,,https://commons.wikimedia.org/wiki/File:Drinking_Water_at_Osh-Bazar.jpg
Bishkek,Erkindik Boulevard,Hood 3 Photo File,,images/hoods/bishkek--erkindik-boulevard.webp
Bishkek,Erkindik Boulevard,Hood 3 Photo Credit,,"https://commons.wikimedia.org/wiki/File:Birinchi_May_District,_Bishkek,_Kyrgyzstan_-_panoramio_(10).jpg"
Blantyre,hero,City Photo File,images/cities/blantyre.jpg,images/cities/blantyre.webp
Blantyre,hero,City Photo Credit,https://commons.wikimedia.org/wiki/File:Blantyre_City.jpg,https://unsplash.com/photos/a-brick-church-stands-against-a-blue-sky-5-4WrC0nNY8
Blantyre,Mandala,Hood 2 Photo File,,images/hoods/blantyre--mandala.webp
Blantyre,Mandala,Hood 2 Photo Credit,,https://commons.wikimedia.org/wiki/File:First_Minister_at_Mandala_House_in_October_2025.jpg
Blantyre,Nyambadwe,Hood 5 Photo File,,images/hoods/blantyre--nyambadwe.webp
Blantyre,Nyambadwe,Hood 5 Photo Credit,,"https://commons.wikimedia.org/wiki/File:Assorted_food_from_Malawi,_Nyambadwe,_Blantyre.jpg"
Bodrum,hero,City Photo File,images/cities/bodrum.jpg,images/cities/bodrum.webp
Bodrum,hero,City Photo Credit,https://commons.wikimedia.org/wiki/File:Sunset_over_Bodrum_I.jpg,https://commons.wikimedia.org/wiki/File:Bodrum_Castle_(2017).jpg
Bodrum,Bodrum Castle / Marina District,Hood 1 Photo File,,images/hoods/bodrum--bodrum-castle-marina-district.webp
Bodrum,Bodrum Castle / Marina District,Hood 1 Photo Credit,,https://commons.wikimedia.org/wiki/File:Bodrum_-_panoramio_(25).jpg
Bodrum,Bardakçı / Gümbet,Hood 2 Photo File,,images/hoods/bodrum--bardakci-gumbet.webp
Bodrum,Bardakçı / Gümbet,Hood 2 Photo Credit,,https://commons.wikimedia.org/wiki/File:Bardak%C3%A7%C4%B1_Beach.jpg
Bodrum,Bitez,Hood 3 Photo File,,images/hoods/bodrum--bitez.webp
Bodrum,Bitez,Hood 3 Photo Credit,,https://commons.wikimedia.org/wiki/File:Bitez_beach_-_panoramio.jpg
Bodrum,Gümüşlük,Hood 4 Photo File,,images/hoods/bodrum--gumusluk.webp
Bodrum,Gümüşlük,Hood 4 Photo Credit,,https://commons.wikimedia.org/wiki/File:Bodrum_G%C3%BCm%C3%BC%C5%9Fl%C3%BCk_-_panoramio_(2).jpg
Bodrum,Türkbükü / Yalıkavak,Hood 5 Photo File,,images/hoods/bodrum--turkbuku-yalikavak.webp
Bodrum,Türkbükü / Yalıkavak,Hood 5 Photo Credit,,https://commons.wikimedia.org/wiki/File:Bodrum_05_-_panoramio.jpg
Bogotá,hero,City Photo File,images/cities/bogot.jpg,images/cities/bogot.webp
Bogotá,La Candelaria,Hood 1 Photo File,,images/hoods/bogota--la-candelaria.webp
Bogotá,La Candelaria,Hood 1 Photo Credit,,"https://commons.wikimedia.org/wiki/File:La_Concordia,_Bogot%C3%A1,_Colombia_-_panoramio_(1).jpg"
Bogotá,Zona Rosa / Zona T,Hood 2 Photo File,,images/hoods/bogota--zona-rosa-zona-t.webp
Bogotá,Zona Rosa / Zona T,Hood 2 Photo Credit,,https://commons.wikimedia.org/wiki/File:Calle_82_(Zona_T)_-_panoramio.jpg
Bogotá,Usaquén,Hood 3 Photo File,,images/hoods/bogota--usaquen.webp
Bogotá,Usaquén,Hood 3 Photo Credit,,"https://commons.wikimedia.org/wiki/File:Mercado_de_Pulgas,_Usaqu%C3%A9n,_Bogot%C3%A1,_Colombia.jpg"
Bogotá,Chapinero,Hood 4 Photo File,,images/hoods/bogota--chapinero.webp
Bogotá,Chapinero,Hood 4 Photo Credit,,https://commons.wikimedia.org/wiki/File:Calle_13_Cra_45_Edificio_Compensar_-_panoramio.jpg
Bogotá,Quinta Camacho,Hood 5 Photo File,,images/hoods/bogota--quinta-camacho.webp
Bogotá,Quinta Camacho,Hood 5 Photo Credit,,https://commons.wikimedia.org/wiki/File:Bogot%C3%A1_calle_71_con_carrera_7_fachada_cl%C3%A1sica.jpg
Bologna,hero,City Photo File,images/cities/bologna.jpg,images/cities/bologna.webp
Bologna,Quadrilatero,Hood 1 Photo File,images/hoods/bologna--quadrilatero.jpg,images/hoods/bologna--quadrilatero.webp
Bologna,Santo Stefano,Hood 2 Photo File,images/hoods/bologna--santo-stefano.jpg,images/hoods/bologna--santo-stefano.webp
Bologna,Bolognina,Hood 3 Photo File,,images/hoods/bologna--bolognina.webp
Bologna,Bolognina,Hood 3 Photo Credit,,Own photo (Never Roam Alone)
Bologna,Saragozza,Hood 4 Photo File,images/hoods/bologna--saragozza.jpg,images/hoods/bologna--saragozza.webp
Bologna,San Donato,Hood 5 Photo File,images/hoods/bologna--san-donato.jpg,images/hoods/bologna--san-donato.webp
Bonn,hero,City Photo File,images/cities/bonn.jpg,images/cities/bonn.webp
Bonn,Zentrum (Altstadt),Hood 1 Photo File,,images/hoods/bonn--zentrum-altstadt.webp
Bonn,Zentrum (Altstadt),Hood 1 Photo Credit,,"https://commons.wikimedia.org/wiki/File:Bonn-Zentrum,_Bonn,_Germany_-_panoramio_(4).jpg"
Bonn,Sudstadt,Hood 2 Photo File,,images/hoods/bonn--sudstadt.webp
Bonn,Sudstadt,Hood 2 Photo Credit,,https://commons.wikimedia.org/wiki/File:Clara-Schumann-Gymnasium_Bonn_04.JPG
Bonn,Poppelsdorf,Hood 3 Photo File,,images/hoods/bonn--poppelsdorf.webp
Bonn,Poppelsdorf,Hood 3 Photo Credit,,https://commons.wikimedia.org/wiki/File:St._Sebastian_(Bonn-Poppelsdorf)_Innenansicht.jpg
Bonn,Bad Godesberg,Hood 4 Photo File,,images/hoods/bonn--bad-godesberg.webp
Bonn,Bad Godesberg,Hood 4 Photo Credit,,https://commons.wikimedia.org/wiki/File:Stadtbahnhaltestelle-bad-godesberg-bahnhof-06.jpg
Bonn,Beuel,Hood 5 Photo File,,images/hoods/bonn--beuel.webp
Bonn,Beuel,Hood 5 Photo Credit,,https://commons.wikimedia.org/wiki/File:Beuel-broetalbahnweg-gespinstmotte-12052015-01.jpg
Boracay,hero,City Photo File,images/cities/boracay.jpg,images/cities/boracay.webp
Boracay,Station 1,Hood 1 Photo File,,images/hoods/boracay--station-1.webp
Boracay,Station 1,Hood 1 Photo Credit,,https://commons.wikimedia.org/wiki/File:Mortuary_receiving_railway_station_1_a.jpg
Boracay,Station 2,Hood 2 Photo File,,images/hoods/boracay--station-2.webp
Boracay,Station 2,Hood 2 Photo Credit,,https://commons.wikimedia.org/wiki/File:Anonas_station_(Line_2)_(Central;_07-06-2023)_E911a_01.jpg
Boracay,Station 3,Hood 3 Photo File,,images/hoods/boracay--station-3.webp
Boracay,Station 3,Hood 3 Photo Credit,,"https://commons.wikimedia.org/wiki/File:09502jfJ._P._Rizal_Avenue_MRT_Guadalupe_Bridge_Viejo_Poblacion_Guadalupe_Nuevo,_Makati_Cityfvf_29.jpg"
Boracay,Bulabog Beach,Hood 4 Photo File,,images/hoods/boracay--bulabog-beach.webp
Boracay,Bulabog Beach,Hood 4 Photo Credit,,"https://commons.wikimedia.org/wiki/File:Bulabog_Beach,_Borocay_Island,_Philippines_-_panoramio.jpg"
Boracay,Diniwid Beach,Hood 5 Photo File,,images/hoods/boracay--diniwid-beach.webp
Boracay,Diniwid Beach,Hood 5 Photo Credit,,https://www.flickr.com/photos/41964616@N04/22907056061/
Bordeaux,hero,City Photo File,images/cities/bordeaux.jpg,images/cities/bordeaux.webp
Bordeaux,Saint-Pierre,Hood 1 Photo File,,images/hoods/bordeaux--saint-pierre.webp
Bordeaux,Saint-Pierre,Hood 1 Photo Credit,,https://commons.wikimedia.org/wiki/File:%C3%89glise_Saint-Pierre_(Bordeaux)_(2).jpg
Bordeaux,Les Chartrons,Hood 2 Photo File,,images/hoods/bordeaux--les-chartrons.webp
Bordeaux,Les Chartrons,Hood 2 Photo Credit,,"https://commons.wikimedia.org/wiki/File:Chartrons,_Bordeaux,_France_-_panoramio_(6).jpg"
Bordeaux,Saint-Michel,Hood 4 Photo File,,images/hoods/bordeaux--saint-michel.webp
Bordeaux,Saint-Michel,Hood 4 Photo Credit,,https://commons.wikimedia.org/wiki/File:Saint-Michel_tram_stop.jpg
Bordeaux,Saint-Seurin,Hood 5 Photo File,,images/hoods/bordeaux--saint-seurin.webp
Bordeaux,Saint-Seurin,Hood 5 Photo Credit,,"https://commons.wikimedia.org/wiki/File:Basilique_St-Seurin,_Bordeaux.jpg"
Boston,hero,City Photo File,images/cities/boston.jpg,images/cities/boston.webp
Boston,Back Bay,Hood 1 Photo File,,images/hoods/boston--back-bay.webp
Boston,Back Bay,Hood 1 Photo Credit,,"https://commons.wikimedia.org/wiki/File:Basketball_in_the_Back_Bay_Fens_at_night,_September_2011.jpg"
Boston,Beacon Hill,Hood 2 Photo File,,images/hoods/boston--beacon-hill.webp
Boston,Beacon Hill,Hood 2 Photo Credit,,https://commons.wikimedia.org/wiki/File:2017_Boston_Common_from_Beacon_Hill.jpg
Boston,North End,Hood 3 Photo File,,images/hoods/boston--north-end.webp
Boston,North End,Hood 3 Photo Credit,,https://commons.wikimedia.org/wiki/File:Boston_Public_Library._North_End_Branch_-_DPLA_-_2605ae0da892f05e45f27b889d367ed8.jpg
Boston,Downtown / Financial District,Hood 4 Photo File,,images/hoods/boston--downtown-financial-district.webp
Boston,Downtown / Financial District,Hood 4 Photo Credit,,"https://commons.wikimedia.org/wiki/File:Boston_-_53_State_Street,_Exchange_Place_-_panoramio.jpg"
Boston,Cambridge / Harvard Square,Hood 5 Photo File,,images/hoods/boston--cambridge-harvard-square.webp
Boston,Cambridge / Harvard Square,Hood 5 Photo Credit,,https://commons.wikimedia.org/wiki/File:East_Cambridge_Parking_Space_Saver_(16736886801).jpg
Brades,hero,City Photo File,images/cities/brades.jpg,images/cities/brades.webp
Brades,Brades,Hood 1 Photo File,,images/hoods/brades--brades.webp
Brades,Brades,Hood 1 Photo Credit,,https://commons.wikimedia.org/wiki/File:WelcomeCenterBrades.jpg
Brades,Woodlands,Hood 4 Photo File,,images/hoods/brades--woodlands.webp
Brades,Woodlands,Hood 4 Photo Credit,,https://commons.wikimedia.org/wiki/File:-i---i-_(32690965937).jpg
Brasília,hero,City Photo File,images/cities/bras-lia.jpg,images/cities/bras-lia.webp
Brasília,Asa Sul,Hood 1 Photo File,,images/hoods/brasilia--asa-sul.webp
Brasília,Asa Sul,Hood 1 Photo Credit,,https://commons.wikimedia.org/wiki/File:Brasilia_DF_Brasil_-_Setor_Hoteleiro_Sul_-_panoramio_(1).jpg
Brasília,Asa Norte,Hood 2 Photo File,,images/hoods/brasilia--asa-norte.webp
Brasília,Asa Norte,Hood 2 Photo Credit,,https://commons.wikimedia.org/wiki/File:Brasilia_DF_Brasil_-_Capela_da_Divina_Miseric%C3%B3rdia_-_panoramio.jpg
Brasília,Setor Hoteleiro / Monumental Axis,Hood 3 Photo File,,images/hoods/brasilia--setor-hoteleiro-monumental-axis.webp
Brasília,Setor Hoteleiro / Monumental Axis,Hood 3 Photo Credit,,https://commons.wikimedia.org/wiki/File:Hotel_das_Am%C3%A9ricas_-_panoramio.jpg
Brasília,Águas Claras,Hood 4 Photo File,,images/hoods/brasilia--aguas-claras.webp
Brasília,Águas Claras,Hood 4 Photo Credit,,https://commons.wikimedia.org/wiki/File:Metro_DF_Aguas_Claras_BSB_12_2018_2110.jpg
Bratislava,hero,City Photo File,images/cities/bratislava.jpg,images/cities/bratislava.webp
Bratislava,Old Town (Staré Mesto),Hood 1 Photo File,images/hoods/bratislava--old-town-stare-mesto.jpg,images/hoods/bratislava--old-town-stare-mesto.webp
Bratislava,Petržalka (Sad Janka Kráľa area),Hood 2 Photo File,images/hoods/bratislava--petrzalka-sad-janka-krala-area.jpg,images/hoods/bratislava--petrzalka-sad-janka-krala-area.webp
Bratislava,Ružinov,Hood 3 Photo File,images/hoods/bratislava--ruzinov.jpg,images/hoods/bratislava--ruzinov.webp
Bratislava,Nové Mesto (near Main Station),Hood 4 Photo File,images/hoods/bratislava--nove-mesto-near-main-station.jpg,images/hoods/bratislava--nove-mesto-near-main-station.webp
Bratislava,Nové Mesto (near Main Station),Hood 4 Photo Credit,https://commons.wikimedia.org/wiki/File:Bratislava_hlavn%C3%A1_stanica_September_2019.jpg,https://commons.wikimedia.org/wiki/File:14-05-06-bratislava-RalfR-39.jpg
Bratislava,Devín / Karlova Ves,Hood 5 Photo File,images/hoods/bratislava--devin-karlova-ves.jpg,images/hoods/bratislava--devin-karlova-ves.webp
Brazzaville,hero,City Photo File,images/cities/brazzaville.jpg,images/cities/brazzaville.webp
Brazzaville,Poto-Poto,Hood 2 Photo File,,images/hoods/brazzaville--poto-poto.webp
Brazzaville,Poto-Poto,Hood 2 Photo Credit,,https://commons.wikimedia.org/wiki/File:Rue_Mbaka_01.jpg
Brazzaville,Bacongo,Hood 3 Photo File,,images/hoods/brazzaville--bacongo.webp
Brazzaville,Bacongo,Hood 3 Photo Credit,,https://commons.wikimedia.org/wiki/File:Terminus_de_bus_%C3%A0_Bacongo.jpg
Brazzaville,Maya-Maya (Airport District),Hood 5 Photo File,,images/hoods/brazzaville--maya-maya-airport-district.webp
Brazzaville,Maya-Maya (Airport District),Hood 5 Photo Credit,,https://commons.wikimedia.org/wiki/File:Aeroport_maya-maya.jpg
Brașov,hero,City Photo File,images/cities/bra-ov.jpg,images/cities/bra-ov.webp
Brașov,Old Town (Council Square),Hood 1 Photo File,,images/hoods/brasov--old-town-council-square.webp
Brașov,Old Town (Council Square),Hood 1 Photo Credit,,https://commons.wikimedia.org/wiki/File:RO_BV_Bra%C8%99ov_Casa_Sfatului_07.JPG
Brașov,Șchei District,Hood 2 Photo File,,images/hoods/brasov--schei-district.webp
Brașov,Șchei District,Hood 2 Photo Credit,,https://commons.wikimedia.org/wiki/File:Ro_Bv_Biserica_Sf_Nicolae_-_cimitir_(2).jpg
Brașov,Bartolomeu,Hood 3 Photo File,,images/hoods/brasov--bartolomeu.webp
Brașov,Bartolomeu,Hood 3 Photo Credit,,https://commons.wikimedia.org/wiki/File:Bartolomeu_-_train_tracks_(1).jpg
Brașov,Poiana Brașov,Hood 4 Photo File,,images/hoods/brasov--poiana-brasov.webp
Brașov,Poiana Brașov,Hood 4 Photo Credit,,https://commons.wikimedia.org/wiki/File:Bazin_de_apa_in_Postavaru_-_panoramio.jpg
Brașov,Astra,Hood 5 Photo File,,images/hoods/brasov--astra.webp
Brașov,Astra,Hood 5 Photo Credit,,https://commons.wikimedia.org/wiki/File:RO_BV_Calea_Bucuresti_(1).jpg
Bremen,hero,City Photo File,images/cities/bremen.jpg,images/cities/bremen.webp
Bremen,Altstadt,Hood 1 Photo File,,images/hoods/bremen--altstadt.webp
Bremen,Altstadt,Hood 1 Photo Credit,,"https://commons.wikimedia.org/wiki/File:Bremen,_T%C3%BCr_in_der_Langenstra%C3%9Fe.JPG"
Bremen,Schnoor,Hood 2 Photo File,,images/hoods/bremen--schnoor.webp
Bremen,Schnoor,Hood 2 Photo Credit,,"https://commons.wikimedia.org/wiki/File:Altstadt,_Bremen,_Germany_-_panoramio_(20).jpg"
Bremen,Das Viertel (Ostertor/Steintor),Hood 3 Photo File,,images/hoods/bremen--das-viertel-ostertor-steintor.webp
Bremen,Das Viertel (Ostertor/Steintor),Hood 3 Photo Credit,,https://commons.wikimedia.org/wiki/File:KulturzentrumLagerhaus.jpg
Bremen,Schwachhausen,Hood 4 Photo File,,images/hoods/bremen--schwachhausen.webp
Bremen,Schwachhausen,Hood 4 Photo Credit,,https://commons.wikimedia.org/wiki/File:Goebenstr._26_-_panoramio.jpg
Bremen,Überseestadt,Hood 5 Photo File,,images/hoods/bremen--uberseestadt.webp
Bremen,Überseestadt,Hood 5 Photo Credit,,https://commons.wikimedia.org/wiki/File:2012-08-08-fotoflug-bremen_zweiter_flug_0833.JPG
Bridgetown,hero,City Photo File,images/cities/bridgetown.jpg,images/cities/bridgetown.webp
Bridgetown,Hastings/Rockley,Hood 1 Photo File,,images/hoods/bridgetown--hastings-rockley.webp
Bridgetown,Hastings/Rockley,Hood 1 Photo Credit,,"https://commons.wikimedia.org/wiki/File:%22The_Landing%22_on_Pelham_Beach,_Hastings_-_geograph.org.uk_-_7821315.jpg"
Bridgetown,St. Lawrence Gap,Hood 2 Photo File,,images/hoods/bridgetown--st-lawrence-gap.webp
Bridgetown,St. Lawrence Gap,Hood 2 Photo Credit,,https://commons.wikimedia.org/wiki/File:Saint_Lawrence_Gap_03.jpg
Bridgetown,Holetown,Hood 3 Photo File,,images/hoods/bridgetown--holetown.webp
Bridgetown,Holetown,Hood 3 Photo Credit,,https://commons.wikimedia.org/wiki/File:Bellairs_Research_Institute.JPG
Bridgetown,Worthing,Hood 4 Photo File,,images/hoods/bridgetown--worthing.webp
Bridgetown,Worthing,Hood 4 Photo Credit,,https://commons.wikimedia.org/wiki/File:Airborne_Kitesurfer_-_geograph.org.uk_-_3901902.jpg
Bridgetown,Bridgetown/Garrison,Hood 5 Photo File,,images/hoods/bridgetown--bridgetown-garrison.webp
Bridgetown,Bridgetown/Garrison,Hood 5 Photo Credit,,https://commons.wikimedia.org/wiki/File:Ruby_Princess_moored_in_Bridgetown_2.JPG
Brighton,hero,City Photo File,images/cities/brighton.jpg,images/cities/brighton.webp
Brighton,The Lanes,Hood 1 Photo File,,images/hoods/brighton--the-lanes.webp
Brighton,The Lanes,Hood 1 Photo Credit,,"https://commons.wikimedia.org/wiki/File:The_Lanes,_Brighton,_England_01.jpg"
Brighton,North Laine,Hood 2 Photo File,,images/hoods/brighton--north-laine.webp
Brighton,North Laine,Hood 2 Photo Credit,,https://commons.wikimedia.org/wiki/File:Independent_shops_on_North_Laine_-_geograph.org.uk_-_4518265.jpg
Brighton,Kemptown,Hood 3 Photo File,,images/hoods/brighton--kemptown.webp
Brighton,Kemptown,Hood 3 Photo Credit,,"https://commons.wikimedia.org/wiki/File:St._George%27s_Church,_Kemp_Town.JPG"
Brighton,Hove,Hood 4 Photo File,,images/hoods/brighton--hove.webp
Brighton,Hove,Hood 4 Photo Credit,,https://commons.wikimedia.org/wiki/File:View_of_the_Brighton_and_Hove_Albion_FC_Amex_Stadium_from_The_Drove_-_geograph.org.uk_-_2717285.jpg
Brighton,Brighton Seafront,Hood 5 Photo File,,images/hoods/brighton--brighton-seafront.webp
Brighton,Brighton Seafront,Hood 5 Photo Credit,,https://commons.wikimedia.org/wiki/File:Zip_line_at_seafront_in_Brighton_in_july_2018_01.jpg
Brisbane,hero,City Photo File,images/cities/brisbane.jpg,images/cities/brisbane.webp
Brisbane,Brisbane CBD,Hood 1 Photo File,,images/hoods/brisbane--brisbane-cbd.webp
Brisbane,Brisbane CBD,Hood 1 Photo Credit,,"https://commons.wikimedia.org/wiki/File:Ann_Street,_St_Andrew%E2%80%99s_Uniting_Church,_Brisbane_CBD.jpg"
Brisbane,South Bank,Hood 2 Photo File,,images/hoods/brisbane--south-bank.webp
Brisbane,South Bank,Hood 2 Photo Credit,,"https://commons.wikimedia.org/wiki/File:South_Bank_ferry_wharf_seen_from_the_river,_June_2019.jpg"
Brisbane,Fortitude Valley,Hood 3 Photo File,,images/hoods/brisbane--fortitude-valley.webp
Brisbane,Fortitude Valley,Hood 3 Photo Credit,,"https://commons.wikimedia.org/wiki/File:Empire_Hotel_door,_Fortitude_Valley.JPG"
Brisbane,West End,Hood 4 Photo File,,images/hoods/brisbane--west-end.webp
Brisbane,West End,Hood 4 Photo Credit,,"https://commons.wikimedia.org/wiki/File:Apartment_buildings_in_West_End,_Brisbane_seen_across_Brisbane_River.jpg"
Brisbane,New Farm,Hood 5 Photo File,,images/hoods/brisbane--new-farm.webp
Brisbane,New Farm,Hood 5 Photo Credit,,"https://commons.wikimedia.org/wiki/File:Curved_timber_truss,_New_Farm_Cinemas,_2015.JPG"
Bristol,hero,City Photo File,images/cities/bristol.jpg,images/cities/bristol.webp
Bristol,Harbourside,Hood 1 Photo File,,images/hoods/bristol--harbourside.webp
Bristol,Harbourside,Hood 1 Photo Credit,,https://commons.wikimedia.org/wiki/File:Bus_img_9702_(16282551996).jpg
Bristol,Clifton,Hood 2 Photo File,,images/hoods/bristol--clifton.webp
Bristol,Clifton,Hood 2 Photo Credit,,https://commons.wikimedia.org/wiki/File:A_Swedish_gymnasium_in_Bristol_-_geograph.org.uk_-_7055117.jpg
Bristol,Stokes Croft,Hood 3 Photo File,,images/hoods/bristol--stokes-croft.webp
Bristol,Stokes Croft,Hood 3 Photo Credit,,"https://commons.wikimedia.org/wiki/File:Stokes_Croft,_Bristol_(15147449901).jpg"
Bristol,Old City & King Street,Hood 4 Photo File,,images/hoods/bristol--old-city-king-street.webp
Bristol,Old City & King Street,Hood 4 Photo Credit,,https://commons.wikimedia.org/wiki/File:Old_Duke_King_Street_Bristol.jpg
Bristol,Southville & Bedminster,Hood 5 Photo File,,images/hoods/bristol--southville-bedminster.webp
Bristol,Southville & Bedminster,Hood 5 Photo Credit,,https://commons.wikimedia.org/wiki/File:A_stag_on_the_wall_-_geograph.org.uk_-_4010239.jpg
Brno,hero,City Photo File,images/cities/brno.jpg,images/cities/brno.webp
Brno,hero,City Photo Credit,https://commons.wikimedia.org/wiki/File:Brno_Montage_IV.png,https://commons.wikimedia.org/wiki/File:01_airshots.cz-wallpaper16x10-noTm.jpg
Brno,Brno-střed,Hood 1 Photo File,,images/hoods/brno--brno-stred.webp
Brno,Brno-střed,Hood 1 Photo Credit,,https://commons.wikimedia.org/wiki/File:Brno-alibaba_-_panoramio.jpg
Brno,Veveří,Hood 2 Photo File,,images/hoods/brno--veveri.webp
Brno,Veveří,Hood 2 Photo Credit,,"https://commons.wikimedia.org/wiki/File:Brno,_d%C5%AFm_na_rohu_ulic_Botanick%C3%A1_a_Smetanova_(1).JPG"
Brno,Staré Brno,Hood 3 Photo File,,images/hoods/brno--stare-brno.webp
Brno,Staré Brno,Hood 3 Photo Credit,,https://commons.wikimedia.org/wiki/File:Brno_(7983597457).jpg
Brno,Královo Pole,Hood 4 Photo File,,images/hoods/brno--kralovo-pole.webp
Brno,Královo Pole,Hood 4 Photo Credit,,"https://commons.wikimedia.org/wiki/File:Brno,_Kr%C3%A1lovo_Pole,_Budovcova,_%C5%BEelezni%C4%8Dn%C3%AD_stanice_(01).jpg"
Brno,Žabovřesky,Hood 5 Photo File,,images/hoods/brno--zabovresky.webp
Brno,Žabovřesky,Hood 5 Photo Credit,,"https://commons.wikimedia.org/wiki/File:Burianovo_n%C3%A1m%C4%9Bst%C3%AD,_Brno_%C5%BDabov%C5%99esky_1.jpg"
Brugge,hero,City Photo File,images/cities/brugge.jpg,images/cities/brugge.webp
Brugge,Historic Centre (Markt & Burg),Hood 1 Photo File,,images/hoods/brugge--historic-centre-markt-burg.webp
Brugge,Historic Centre (Markt & Burg),Hood 1 Photo Credit,,https://commons.wikimedia.org/wiki/File:Brugge_-_20220626_095320.jpg
Brugge,Sint-Anna,Hood 2 Photo File,,images/hoods/brugge--sint-anna.webp
Brugge,Sint-Anna,Hood 2 Photo Credit,,https://commons.wikimedia.org/wiki/File:Gravestone_of_Maria_de_Rijke_at_Sint_Anna_Termuiden.jpg
Brugge,Sint-Gillis,Hood 3 Photo File,,images/hoods/brugge--sint-gillis.webp
Brugge,Sint-Gillis,Hood 3 Photo Credit,,https://commons.wikimedia.org/wiki/File:De_Smokkelaar_-_panoramio.jpg
Brugge,Station Quarter (Stationsbuurt),Hood 4 Photo File,,images/hoods/brugge--station-quarter-stationsbuurt.webp
Brugge,Station Quarter (Stationsbuurt),Hood 4 Photo Credit,,https://commons.wikimedia.org/wiki/File:Back_of_the_window_inside_Jewellery_Quarter_station.jpg
Brugge,Sint-Michiels,Hood 5 Photo File,,images/hoods/brugge--sint-michiels.webp
Brugge,Sint-Michiels,Hood 5 Photo Credit,,"https://commons.wikimedia.org/wiki/File:Parochiekerk_Sint-Michiels,_Augustus_2025.jpg"
Brussels,hero,City Photo File,images/cities/brussels.jpg,images/cities/brussels.webp
Brussels,Ixelles,Hood 1 Photo File,images/hoods/brussels--ixelles.jpg,images/hoods/brussels--ixelles.webp
Brussels,Saint-Gilles,Hood 2 Photo File,images/hoods/brussels--saint-gilles.jpg,images/hoods/brussels--saint-gilles.webp
Brussels,Marolles,Hood 3 Photo File,images/hoods/brussels--marolles.jpg,images/hoods/brussels--marolles.webp
Brussels,Sablon,Hood 4 Photo File,images/hoods/brussels--sablon.jpg,images/hoods/brussels--sablon.webp
Brussels,European Quarter,Hood 5 Photo File,images/hoods/brussels--european-quarter.jpg,images/hoods/brussels--european-quarter.webp
Bucharest,hero,City Photo File,images/cities/bucharest.jpg,images/cities/bucharest.webp
Bucharest,Old Town (Lipscani),Hood 1 Photo File,images/hoods/bucharest--old-town-lipscani.jpg,images/hoods/bucharest--old-town-lipscani.webp
Bucharest,Calea Victoriei / University Square,Hood 2 Photo File,images/hoods/bucharest--calea-victoriei-university-square.jpg,images/hoods/bucharest--calea-victoriei-university-square.webp
Bucharest,Herăstrău / Băneasa,Hood 3 Photo File,images/hoods/bucharest--herastrau-baneasa.jpg,images/hoods/bucharest--herastrau-baneasa.webp
Bucharest,Dorobanți / Floreasca,Hood 4 Photo File,images/hoods/bucharest--dorobanti-floreasca.jpg,images/hoods/bucharest--dorobanti-floreasca.webp
Bucharest,Piața Unirii / Centrul Civic,Hood 5 Photo File,images/hoods/bucharest--piata-unirii-centrul-civic.jpg,images/hoods/bucharest--piata-unirii-centrul-civic.webp
Bucharest,Piața Unirii / Centrul Civic,Hood 5 Photo Credit,https://commons.wikimedia.org/wiki/File:Bucharest_-_Palace_of_the_Parliament_(2024)_(2).jpg,https://commons.wikimedia.org/wiki/File:Bucharest_Day_1_-_Unirii_(9327522447).jpg
Budapest,hero,City Photo File,images/cities/budapest.jpg,images/cities/budapest.webp
Budapest,Belvaros-Lipotvaros (District V),Hood 1 Photo File,images/hoods/budapest--belvaros-lipotvaros-district-v.jpg,images/hoods/budapest--belvaros-lipotvaros-district-v.webp
Budapest,Erzsebetvaros (District VII),Hood 2 Photo File,images/hoods/budapest--erzsebetvaros-district-vii.jpg,images/hoods/budapest--erzsebetvaros-district-vii.webp
Budapest,Jozsefvaros (District VIII),Hood 3 Photo File,images/hoods/budapest--jozsefvaros-district-viii.jpg,images/hoods/budapest--jozsefvaros-district-viii.webp
Budapest,Buda Castle District (Var),Hood 4 Photo File,images/hoods/budapest--buda-castle-district-var.jpg,images/hoods/budapest--buda-castle-district-var.webp
Budapest,Ujlipotvaros (District XIII),Hood 5 Photo File,images/hoods/budapest--ujlipotvaros-district-xiii.jpg,images/hoods/budapest--ujlipotvaros-district-xiii.webp
Buenos Aires,hero,City Photo File,images/cities/buenos-aires.jpg,images/cities/buenos-aires.webp
Buenos Aires,Palermo,Hood 1 Photo File,images/hoods/buenos-aires--palermo.jpg,images/hoods/buenos-aires--palermo.webp
Buenos Aires,Recoleta,Hood 2 Photo File,images/hoods/buenos-aires--recoleta.jpg,images/hoods/buenos-aires--recoleta.webp
Buenos Aires,San Telmo,Hood 3 Photo File,images/hoods/buenos-aires--san-telmo.jpg,images/hoods/buenos-aires--san-telmo.webp
Buenos Aires,La Boca,Hood 4 Photo File,images/hoods/buenos-aires--la-boca.jpg,images/hoods/buenos-aires--la-boca.webp
Buenos Aires,Puerto Madero,Hood 5 Photo File,images/hoods/buenos-aires--puerto-madero.jpg,images/hoods/buenos-aires--puerto-madero.webp
Bujumbura,hero,City Photo File,images/cities/bujumbura.jpg,images/cities/bujumbura.webp
Bujumbura,Rohero,Hood 1 Photo File,,images/hoods/bujumbura--rohero.webp
Bujumbura,Rohero,Hood 1 Photo Credit,,https://commons.wikimedia.org/wiki/File:BUJUMBURA_MARIE_30.jpg
Bujumbura,Kiriri,Hood 2 Photo File,,images/hoods/bujumbura--kiriri.webp
Bujumbura,Kiriri,Hood 2 Photo Credit,,https://commons.wikimedia.org/wiki/File:Kiriri_(10).jpg
Bujumbura,Kinindo,Hood 3 Photo File,,images/hoods/bujumbura--kinindo.webp
Bujumbura,Kinindo,Hood 3 Photo Credit,,https://commons.wikimedia.org/wiki/File:Agence_Buragane_%C3%A0_Kinindo.jpg
Bujumbura,Mutanga Nord,Hood 5 Photo File,,images/hoods/bujumbura--mutanga-nord.webp
Bujumbura,Mutanga Nord,Hood 5 Photo Credit,,https://commons.wikimedia.org/wiki/File:Sanctuaire_Marial_de_Schoenstatt_-_Mont_Sion_Gikungu1.jpg
Bukhara,hero,City Photo File,images/cities/bukhara.jpg,images/cities/bukhara.webp
Bukhara,Lyab-i Hauz (Old Town),Hood 1 Photo File,,images/hoods/bukhara--lyab-i-hauz-old-town.webp
Bukhara,Lyab-i Hauz (Old Town),Hood 1 Photo Credit,,https://commons.wikimedia.org/wiki/File:45_Lab-i_Hauz_complex_1818_mND.jpg
Bukhara,Poi Kalyan Complex,Hood 2 Photo File,,images/hoods/bukhara--poi-kalyan-complex.webp
Bukhara,Poi Kalyan Complex,Hood 2 Photo Credit,,https://commons.wikimedia.org/wiki/File:Po-i-Kalyan_in_Bukhara_03.jpg
Bukhara,Jewish Quarter,Hood 3 Photo File,,images/hoods/bukhara--jewish-quarter.webp
Bukhara,Jewish Quarter,Hood 3 Photo Credit,,"https://commons.wikimedia.org/wiki/File:Costumes,_characters_and_ceremonies,_etc._Feast_of_Tabernacles_(Sukkot)._Jews_of_Bokhara_(i.e._Bukhara)_LOC_matpc.07559.jpg"
Bulawayo,hero,City Photo File,images/cities/bulawayo.jpg,images/cities/bulawayo.webp
Bulawayo,Suburbs,Hood 2 Photo File,,images/hoods/bulawayo--suburbs.webp
Bulawayo,Suburbs,Hood 2 Photo Credit,,https://commons.wikimedia.org/wiki/File:Bedara_Kannappa_temple_road.jpg
Bulawayo,Hillside,Hood 3 Photo File,,images/hoods/bulawayo--hillside.webp
Bulawayo,Hillside,Hood 3 Photo Credit,,https://commons.wikimedia.org/wiki/File:Hillside_Dams.jpg
Bulawayo,Kumalo,Hood 4 Photo File,,images/hoods/bulawayo--kumalo.webp
Bulawayo,Kumalo,Hood 4 Photo Credit,,https://commons.wikimedia.org/wiki/File:Lobengula_Bulawayo_Museum.jpg
Bursa,hero,City Photo File,images/cities/bursa.jpg,images/cities/bursa.webp
Bursa,Osmangazi (City Center),Hood 1 Photo File,,images/hoods/bursa--osmangazi-city-center.webp
Bursa,Osmangazi (City Center),Hood 1 Photo Credit,,"https://commons.wikimedia.org/wiki/File:16370_G%C3%B6k%C3%A7e%C3%B6ren-Osmangazi-Bursa,_Turkey_-_panoramio.jpg"
Bursa,Çekirge,Hood 2 Photo File,,images/hoods/bursa--cekirge.webp
Bursa,Çekirge,Hood 2 Photo Credit,,https://commons.wikimedia.org/wiki/File:H%C3%BCdavendigar_T%C3%BCrbesi_7575.jpg
Bursa,Nilüfer,Hood 3 Photo File,,images/hoods/bursa--nilufer.webp
Bursa,Nilüfer,Hood 3 Photo Credit,,https://commons.wikimedia.org/wiki/File:AL%C4%B0_EKS%C4%B0_EMPARADOR_-_panoramio.jpg
Bursa,Yıldırım (Green Mosque),Hood 4 Photo File,,images/hoods/bursa--yildirim-green-mosque.webp
Bursa,Yıldırım (Green Mosque),Hood 4 Photo Credit,,"https://commons.wikimedia.org/wiki/File:YILDIRIM,C%C4%B0VARI,SOKAK,%C3%87E%C5%9EMES%C4%B0_-_panoramio.jpg"
Busan,hero,City Photo File,images/cities/busan.jpg,images/cities/busan.webp
Busan,Haeundae,Hood 1 Photo File,images/hoods/busan--haeundae.jpg,images/hoods/busan--haeundae.webp
Busan,Seomyeon,Hood 2 Photo File,images/hoods/busan--seomyeon.jpg,images/hoods/busan--seomyeon.webp
Busan,Gwangalli,Hood 3 Photo File,images/hoods/busan--gwangalli.jpg,images/hoods/busan--gwangalli.webp
Busan,Nampo-dong,Hood 4 Photo File,images/hoods/busan--nampo-dong.jpg,images/hoods/busan--nampo-dong.webp
Busan,Gwangbok,Hood 5 Photo File,images/hoods/busan--gwangbok.jpg,images/hoods/busan--gwangbok.webp
Cabo Frio,hero,City Photo File,images/cities/cabo-frio.jpg,images/cities/cabo-frio.webp
Cabo Frio,Centro,Hood 1 Photo File,,images/hoods/cabo-frio--centro.webp
Cabo Frio,Centro,Hood 1 Photo Credit,,https://commons.wikimedia.org/wiki/File:Avenida_Mac%C3%A1rio_Pinto_Lopes.jpg
Cabo Frio,Praia do Forte,Hood 2 Photo File,,images/hoods/cabo-frio--praia-do-forte.webp
Cabo Frio,Praia do Forte,Hood 2 Photo Credit,,https://commons.wikimedia.org/wiki/File:Forte_de_S%C3%A3o_Mateus_do_Cabo_Frio_01.jpg
Cabo Frio,Passagem,Hood 3 Photo File,,images/hoods/cabo-frio--passagem.webp
Cabo Frio,Passagem,Hood 3 Photo Credit,,https://commons.wikimedia.org/wiki/File:CaboFrio_Igreja_de_S%C3%A3o_Benedito.JPG
Cabo Frio,Braga,Hood 4 Photo File,,images/hoods/cabo-frio--braga.webp
Cabo Frio,Braga,Hood 4 Photo Credit,,https://commons.wikimedia.org/wiki/File:Brannon_Braga_(16434622764)_(cropped).jpg
Cabo Frio,Peró,Hood 5 Photo File,,images/hoods/cabo-frio--pero.webp
Cabo Frio,Peró,Hood 5 Photo Credit,,"https://commons.wikimedia.org/wiki/File:Colinas_Do_Per%C3%B3,_Cabo_Frio_-_RJ,_Brazil_-_panoramio_(7).jpg"
Cadiz,hero,City Photo File,images/cities/cadiz.jpg,images/cities/cadiz.webp
Cadiz,Populo,Hood 1 Photo File,,images/hoods/cadiz--populo.webp
Cadiz,Populo,Hood 1 Photo Credit,,https://commons.wikimedia.org/wiki/File:C%C3%A1diz_Arco_del_P%C3%B3pulo_from_the_north.jpg
Cadiz,Santa Maria,Hood 3 Photo File,,images/hoods/cadiz--santa-maria.webp
Cadiz,Santa Maria,Hood 3 Photo Credit,,"https://commons.wikimedia.org/wiki/File:Casa_en_El_Puerto_de_Santa_Mar%C3%ADa,_Espa%C3%B1a,_2015-12-08,_DD_02.JPG"
Cadiz,El Mentidero,Hood 4 Photo File,,images/hoods/cadiz--el-mentidero.webp
Cadiz,El Mentidero,Hood 4 Photo Credit,,https://www.flickr.com/photos/131253119@N03/16811184137/
Cadiz,La Caleta,Hood 5 Photo File,,images/hoods/cadiz--la-caleta.webp
Cadiz,La Caleta,Hood 5 Photo Credit,,"https://commons.wikimedia.org/wiki/File:Castillo_de_Santa_Catalina_9,_C%C3%A1diz.jpg"
Cagliari,hero,City Photo File,images/cities/cagliari.jpg,images/cities/cagliari.webp
Cagliari,hero,City Photo Credit,https://commons.wikimedia.org/wiki/File:Cagliari_collage.png,https://commons.wikimedia.org/wiki/File:Cagliari_Panorama.JPG
Cagliari,Castello,Hood 1 Photo File,,images/hoods/cagliari--castello.webp
Cagliari,Castello,Hood 1 Photo Credit,,"https://commons.wikimedia.org/wiki/File:Castello_di_San_Michele,_blocco_degli_ascensori.jpg"
Cagliari,Marina,Hood 2 Photo File,,images/hoods/cagliari--marina.webp
Cagliari,Marina,Hood 2 Photo Credit,,"https://commons.wikimedia.org/wiki/File:At_Cagliari,_Sardinia_2019_088.jpg"
Cagliari,Villanova,Hood 3 Photo File,,images/hoods/cagliari--villanova.webp
Cagliari,Villanova,Hood 3 Photo Credit,,https://commons.wikimedia.org/wiki/File:Public_gardens_of_Cagliari_entrance.jpg
Cagliari,Stampace,Hood 4 Photo File,,images/hoods/cagliari--stampace.webp
Cagliari,Stampace,Hood 4 Photo Credit,,"https://commons.wikimedia.org/wiki/File:Cagliari,_Sardinia,_Italy_-_panoramio.jpg"
Cagliari,Poetto,Hood 5 Photo File,,images/hoods/cagliari--poetto.webp
Cagliari,Poetto,Hood 5 Photo Credit,,https://commons.wikimedia.org/wiki/File:Poetto_seen_from_Sella_del_Diavolo.jpg
Cairns,hero,City Photo File,images/cities/cairns.jpg,images/cities/cairns.webp
Cairns,City Centre (The Esplanade),Hood 1 Photo File,,images/hoods/cairns--city-centre-the-esplanade.webp
Cairns,City Centre (The Esplanade),Hood 1 Photo Credit,,https://commons.wikimedia.org/wiki/File:Boland_Building_in_Cairns.tiff
Cairns,Cairns North,Hood 2 Photo File,,images/hoods/cairns--cairns-north.webp
Cairns,Cairns North,Hood 2 Photo Credit,,"https://commons.wikimedia.org/wiki/File:City_Library,_Cairns,_North_Queensland,_Australia.jpg"
Cairns,Edge Hill,Hood 3 Photo File,,images/hoods/cairns--edge-hill.webp
Cairns,Edge Hill,Hood 3 Photo Credit,,"https://commons.wikimedia.org/wiki/File:Looking_south_down_Junction_Street,_Edge_Hill,_2018_01.jpg"
Cairns,Trinity Beach,Hood 4 Photo File,,images/hoods/cairns--trinity-beach.webp
Cairns,Trinity Beach,Hood 4 Photo Credit,,"https://commons.wikimedia.org/wiki/File:Looking_NE_along_Trinity_Beach_Road_from_the_roundabout_at_Anderson_Street,_Trinity_Beach,_2018.jpg"
Cairns,Palm Cove,Hood 5 Photo File,,images/hoods/cairns--palm-cove.webp
Cairns,Palm Cove,Hood 5 Photo Credit,,"https://commons.wikimedia.org/wiki/File:Woman_at_Palm_Cove_Beach,_Queensland,_2020.jpg"
Cairo,hero,City Photo File,images/cities/cairo.jpg,images/cities/cairo.webp
Cairo,Zamalek,Hood 1 Photo File,images/hoods/cairo--zamalek.jpg,images/hoods/cairo--zamalek.webp
Cairo,Maadi,Hood 2 Photo File,images/hoods/cairo--maadi.jpg,images/hoods/cairo--maadi.webp
Cairo,Heliopolis,Hood 3 Photo File,images/hoods/cairo--heliopolis.jpg,images/hoods/cairo--heliopolis.webp
Cairo,Garden City,Hood 4 Photo File,images/hoods/cairo--garden-city.jpg,images/hoods/cairo--garden-city.webp
Cairo,Downtown Cairo,Hood 5 Photo File,images/hoods/cairo--downtown-cairo.jpg,images/hoods/cairo--downtown-cairo.webp
Calabar,hero,City Photo File,images/cities/calabar.jpg,images/cities/calabar.webp
Calabar,hero,City Photo Credit,https://commons.wikimedia.org/wiki/File:Hand_sculpture_roundabout%2C_Calabar%2C_Cross_River_state2.jpg,"https://commons.wikimedia.org/wiki/File:Duke_Town,_Calabar,_Nigeria_-_panoramio_(2).jpg"
Calabar,State Housing Estate,Hood 1 Photo File,,images/hoods/calabar--state-housing-estate.webp
Calabar,State Housing Estate,Hood 1 Photo Credit,,"https://commons.wikimedia.org/wiki/File:Der_H%C3%BCgel_der_Opfer_des_Zweiten_Weltkriegs_und_Gefallenendenkmal_von_Lajos_Visnyovszky,_2025_L%C3%B3nyaytelep.jpg"
Calabar,Marian,Hood 2 Photo File,,images/hoods/calabar--marian.webp
Calabar,Marian,Hood 2 Photo Credit,,https://commons.wikimedia.org/wiki/File:Marian_Market_Calabar2_Longthroat_Memoirs.jpg
Calabar,Calabar South (Old Calabar),Hood 4 Photo File,,images/hoods/calabar--calabar-south-old-calabar.webp
Calabar,Calabar South (Old Calabar),Hood 4 Photo Credit,,"https://commons.wikimedia.org/wiki/File:Admiralty_Chart_No_622_Bonny_and_New_Calabar_Rivers,_Published_1914,_New_Edition_1930.jpg"
Calabar,Tinapa,Hood 5 Photo File,,images/hoods/calabar--tinapa.webp
Calabar,Tinapa,Hood 5 Photo Credit,,https://commons.wikimedia.org/wiki/File:Ginataang_ampalaya_hipon_11_January_2025_Solaire_Resort_NorthX.jpg
Calgary,hero,City Photo File,images/cities/calgary.jpg,images/cities/calgary.webp
Calgary,Downtown / Beltline,Hood 1 Photo File,,images/hoods/calgary--downtown-beltline.webp
Calgary,Downtown / Beltline,Hood 1 Photo Credit,,https://commons.wikimedia.org/wiki/File:Calgary_Olympic_Square_(349022585).jpg
Calgary,Kensington,Hood 2 Photo File,,images/hoods/calgary--kensington.webp
Calgary,Kensington,Hood 2 Photo Credit,,https://commons.wikimedia.org/wiki/File:Kensington_Calgary_July_13th_2014_(14462008300).jpg
Calgary,Inglewood,Hood 3 Photo File,,images/hoods/calgary--inglewood.webp
Calgary,Inglewood,Hood 3 Photo Credit,,https://commons.wikimedia.org/wiki/File:A_selection_of_vehicles_seen_on_my_trip_to_the_sun_festival_in_Inglewood_today_(14812190092).jpg
Cali,hero,City Photo File,images/cities/cali.jpg,images/cities/cali.webp
Cali,Granada,Hood 1 Photo File,,images/hoods/cali--granada.webp
Cali,Granada,Hood 1 Photo Credit,,"https://commons.wikimedia.org/wiki/File:Monumento_a_Joaqu%C3%ADn_de_Cayzedo_y_Cuero,_Plaza_de_Cayzedo,_Cali.jpg"
Cali,San Antonio,Hood 2 Photo File,,images/hoods/cali--san-antonio.webp
Cali,San Antonio,Hood 2 Photo Credit,,https://commons.wikimedia.org/wiki/File:Iglesia_de_San_Antonio_1.jpg
Cali,El Peñón,Hood 3 Photo File,,images/hoods/cali--el-penon.webp
Cali,El Peñón,Hood 3 Photo Credit,,https://commons.wikimedia.org/wiki/File:MunsSantander-elpenon.png
Cali,Ciudad Jardín,Hood 4 Photo File,,images/hoods/cali--ciudad-jardin.webp
Cali,Ciudad Jardín,Hood 4 Photo Credit,,https://commons.wikimedia.org/wiki/File:Cl%C3%ADnica_odontol%C3%B3gica.jpg
Cali,Centro,Hood 5 Photo File,,images/hoods/cali--centro.webp
Cali,Centro,Hood 5 Photo Credit,,https://commons.wikimedia.org/wiki/File:Fiestes_Navidiegues_2014_en_Cali_06.jpg
Cambridge,hero,City Photo File,images/cities/cambridge.jpg,images/cities/cambridge.webp
Cambridge,City Centre,Hood 1 Photo File,,images/hoods/cambridge--city-centre.webp
Cambridge,City Centre,Hood 1 Photo Credit,,"https://commons.wikimedia.org/wiki/File:Lion_Yard,_Cambridge.jpg"
Cambridge,Mill Road,Hood 2 Photo File,,images/hoods/cambridge--mill-road.webp
Cambridge,Mill Road,Hood 2 Photo Credit,,https://commons.wikimedia.org/wiki/File:Graves_along_the_Central_Paths_in_Mill_Road_Cemetery_(South_Section_-_02).jpg
Cambridge,The Backs,Hood 3 Photo File,,images/hoods/cambridge--the-backs.webp
Cambridge,The Backs,Hood 3 Photo Credit,,https://commons.wikimedia.org/wiki/File:20130215_Kings_College_Chapel_Hi-res_01.jpg
Cambridge,Chesterton,Hood 4 Photo File,,images/hoods/cambridge--chesterton.webp
Cambridge,Chesterton,Hood 4 Photo Credit,,https://commons.wikimedia.org/wiki/File:Chesterton_Tpwer_Cambridge.jpg
Cambridge,Newnham,Hood 5 Photo File,,images/hoods/cambridge--newnham.webp
Cambridge,Newnham,Hood 5 Photo Credit,,https://commons.wikimedia.org/wiki/File:Bikes_at_Newnham_College.jpg
Campeche,hero,City Photo File,images/cities/campeche.jpg,images/cities/campeche.webp
Campeche,hero,City Photo Credit,https://commons.wikimedia.org/wiki/File:Calakmul_bio_reserve.jpg,https://commons.wikimedia.org/wiki/File:Palacio_Municipal_-_panoramio_(1).jpg
Campeche,Centro Histórico (Ciudad Amurallada),Hood 1 Photo File,,images/hoods/campeche--centro-historico-ciudad-amurallada.webp
Campeche,Centro Histórico (Ciudad Amurallada),Hood 1 Photo Credit,,https://commons.wikimedia.org/wiki/File:Campeche_plaza_centro.JPG
Campeche,San Román,Hood 2 Photo File,,images/hoods/campeche--san-roman.webp
Campeche,San Román,Hood 2 Photo Credit,,https://commons.wikimedia.org/wiki/File:15-07-14-Campeche_Cristo_Negro_Se%C3%B1or_de_San_Rom%C3%A1n-RalfR-WMA_0776.jpg
Campeche,Barrio de Santa Ana,Hood 3 Photo File,,images/hoods/campeche--barrio-de-santa-ana.webp
Campeche,Barrio de Santa Ana,Hood 3 Photo Credit,,https://commons.wikimedia.org/wiki/File:Sevilla-Barrio_de_Triana-Iglesia_de_Santa_Ana-20110915.jpg
Campeche,Guadalupe,Hood 4 Photo File,,images/hoods/campeche--guadalupe.webp
Campeche,Guadalupe,Hood 4 Photo Credit,,"https://commons.wikimedia.org/wiki/File:Campeche,_cathedral_(14364836582).jpg"
Campeche,San Francisco,Hood 5 Photo File,,images/hoods/campeche--san-francisco.webp
Campeche,San Francisco,Hood 5 Photo Credit,,https://www.flickr.com/photos/67769030@N07/14364836582/
Cancún,hero,City Photo File,images/cities/canc-n.jpg,images/cities/canc-n.webp
Cancún,Hotel Zone,Hood 1 Photo File,images/hoods/cancun--hotel-zone.jpg,images/hoods/cancun--hotel-zone.webp
Cancún,Puerto Cancún,Hood 3 Photo File,images/hoods/cancun--puerto-cancun.jpg,images/hoods/cancun--puerto-cancun.webp
Cancún,Punta Cancún (file does not exist; no photo on site),Hood 4 Photo File,images/hoods/cancun--punta-cancun.jpg,
Cancún,Punta Cancún (file does not exist; no photo on site),Hood 4 Photo Credit,https://commons.wikimedia.org/wiki/File:Skyline_cancun_mexico._(24209557802).jpg,
Cancún,Puerto Juárez,Hood 5 Photo File,images/hoods/cancun--puerto-juarez.jpg,images/hoods/cancun--puerto-juarez.webp
Cap-Haïtien,hero,City Photo File,images/cities/cap-ha-tien.jpg,images/cities/cap-ha-tien.webp
Cap-Haïtien,Carénage,Hood 2 Photo File,,images/hoods/cap-haitien--carenage.webp
Cap-Haïtien,Carénage,Hood 2 Photo Credit,,"https://commons.wikimedia.org/wiki/File:The_Main_Street_in_Cap_Haitien,_Haiti_(8169680065).jpg"
Cap-Haïtien,Petite Anse,Hood 3 Photo File,,images/hoods/cap-haitien--petite-anse.webp
Cap-Haïtien,Petite Anse,Hood 3 Photo Credit,,"https://commons.wikimedia.org/wiki/File:La_Petite_Anse,_Cap-Haitien,_Haiti_-_panoramio.jpg"
Cap-Haïtien,Vertières / Haut-du-Cap,Hood 4 Photo File,,images/hoods/cap-haitien--vertieres-haut-du-cap.webp
Cap-Haïtien,Vertières / Haut-du-Cap,Hood 4 Photo Credit,,https://commons.wikimedia.org/wiki/File:Verti%C3%A8re_(Doubs)_Lavoirs_et_fontaines_Vlux5_L_8823.jpg
Cap-Haïtien,Cormier Beach,Hood 5 Photo File,,images/hoods/cap-haitien--cormier-beach.webp
Cap-Haïtien,Cormier Beach,Hood 5 Photo Credit,,https://commons.wikimedia.org/wiki/File:Clock_Tower_Beach_10.JPG
Cape Coast,hero,City Photo File,images/cities/cape-coast.jpg,images/cities/cape-coast.webp
Cape Coast,hero,City Photo Credit,https://commons.wikimedia.org/wiki/File:Cape_Coast_Montage.jpg,https://commons.wikimedia.org/wiki/File:View_over_Town_from_Fort_Victoria_-_Cape_Coast_-_Ghana_(4737799143).jpg
Cape Coast,Kotokuraba,Hood 3 Photo File,,images/hoods/cape-coast--kotokuraba.webp
Cape Coast,Kotokuraba,Hood 3 Photo Credit,,https://commons.wikimedia.org/wiki/File:Bearer_Of_The_Stool.jpg
Cape Town,hero,City Photo File,images/cities/cape-town.jpg,images/cities/cape-town.webp
Cape Town,City Bowl,Hood 1 Photo File,images/hoods/cape-town--city-bowl.jpg,images/hoods/cape-town--city-bowl.webp
Cape Town,V&A Waterfront,Hood 2 Photo File,images/hoods/cape-town--v-a-waterfront.jpg,images/hoods/cape-town--v-a-waterfront.webp
Cape Town,Sea Point,Hood 3 Photo File,images/hoods/cape-town--sea-point.jpg,images/hoods/cape-town--sea-point.webp
Cape Town,Camps Bay,Hood 4 Photo File,images/hoods/cape-town--camps-bay.jpg,images/hoods/cape-town--camps-bay.webp
Cape Town,Woodstock,Hood 5 Photo File,images/hoods/cape-town--woodstock.jpg,images/hoods/cape-town--woodstock.webp
Capri,hero,City Photo File,images/cities/capri.jpg,images/cities/capri.webp
Capri,Capri Town (Piazzetta),Hood 1 Photo File,,images/hoods/capri--capri-town-piazzetta.webp
Capri,Capri Town (Piazzetta),Hood 1 Photo Credit,,https://commons.wikimedia.org/wiki/File:Capri_island_-_Campania_-_Italy_-_July_12th_2013_-_06.jpg
Capri,Marina Grande,Hood 2 Photo File,,images/hoods/capri--marina-grande.webp
Capri,Marina Grande,Hood 2 Photo Credit,,https://commons.wikimedia.org/wiki/File:Capri_coastline.jpg
Capri,Anacapri,Hood 3 Photo File,,images/hoods/capri--anacapri.webp
Capri,Anacapri,Hood 3 Photo Credit,,https://commons.wikimedia.org/wiki/File:Phoenician_steps.jpg
Capri,Marina Piccola,Hood 4 Photo File,,images/hoods/capri--marina-piccola.webp
Capri,Marina Piccola,Hood 4 Photo Credit,,https://commons.wikimedia.org/wiki/File:Capri_BW_2013-05-14_15-12-14_DxO.jpg
Caracas,hero,City Photo File,images/cities/caracas.jpg,images/cities/caracas.webp
Caracas,Altamira,Hood 1 Photo File,,images/hoods/caracas--altamira.webp
Caracas,Altamira,Hood 1 Photo Credit,,https://commons.wikimedia.org/wiki/File:Plaza_Francia_(Caracas)_3.jpg
Caracas,Las Mercedes,Hood 2 Photo File,,images/hoods/caracas--las-mercedes.webp
Caracas,Las Mercedes,Hood 2 Photo Credit,,https://commons.wikimedia.org/wiki/File:Arquitectura_de_Las_Mercedes_Caracas_08.jpg
Caracas,La Castellana,Hood 3 Photo File,,images/hoods/caracas--la-castellana.webp
Caracas,La Castellana,Hood 3 Photo Credit,,https://commons.wikimedia.org/wiki/File:1930_ARQUITECTURA_50.jpg
Caracas,El Rosal,Hood 4 Photo File,,images/hoods/caracas--el-rosal.webp
Caracas,El Rosal,Hood 4 Photo Credit,,https://commons.wikimedia.org/wiki/File:Tardes_Desde_El_Barrio_Loma_La_Virgen.jpg
Caracas,Sabana Grande,Hood 5 Photo File,,images/hoods/caracas--sabana-grande.webp
Caracas,Sabana Grande,Hood 5 Photo Credit,,https://commons.wikimedia.org/wiki/File:Arquitectura_de_Sabana_Grande_Caracas_Venezuela_Residencias_Alto_Centro_y_Centro_Residencial_Solano_17.jpg
Carcassonne,hero,City Photo File,images/cities/carcassonne.jpg,images/cities/carcassonne.webp
Carcassonne,La Cité (Walled Citadel),Hood 1 Photo File,,images/hoods/carcassonne--la-cite-walled-citadel.webp
Carcassonne,La Cité (Walled Citadel),Hood 1 Photo Credit,,https://commons.wikimedia.org/wiki/File:20181115_202819150_iOS.jpg
Carcassonne,Canal du Midi (Bassin),Hood 3 Photo File,,images/hoods/carcassonne--canal-du-midi-bassin.webp
Carcassonne,Canal du Midi (Bassin),Hood 3 Photo Credit,,https://commons.wikimedia.org/wiki/File:Resclosa_de_Carcassona_-_20230824_111758.jpg
Carcassonne,Trivalle,Hood 4 Photo File,,images/hoods/carcassonne--trivalle.webp
Carcassonne,Trivalle,Hood 4 Photo Credit,,https://commons.wikimedia.org/wiki/File:Ancienne_gare_de_Mons-la-Trivalle.jpg
Carcassonne,Trivalle,Hood 5 Photo File,,images/hoods/carcassonne--trivalle.webp
Carcassonne,Trivalle,Hood 5 Photo Credit,,https://commons.wikimedia.org/wiki/File:Ancienne_gare_de_Mons-la-Trivalle.jpg
Cardiff,hero,City Photo File,images/cities/cardiff.jpg,images/cities/cardiff.webp
Cardiff,City Centre,Hood 1 Photo File,,images/hoods/cardiff--city-centre.webp
Cardiff,City Centre,Hood 1 Photo Credit,,"https://commons.wikimedia.org/wiki/File:21_St_Mary_Street,_Cardiff.jpg"
Cardiff,Cardiff Bay,Hood 2 Photo File,,images/hoods/cardiff--cardiff-bay.webp
Cardiff,Cardiff Bay,Hood 2 Photo Credit,,https://commons.wikimedia.org/wiki/File:Dismantling_of_the_Cardiff_Arena_Geograph-5028228-by-Gareth-James.jpg
Cardiff,Pontcanna,Hood 3 Photo File,,images/hoods/cardiff--pontcanna.webp
Cardiff,Pontcanna,Hood 3 Photo Credit,,https://commons.wikimedia.org/wiki/File:Birch_tree_in_Cathedral_Road_-_geograph.org.uk_-_7922878.jpg
Cardiff,Cathays,Hood 4 Photo File,,images/hoods/cardiff--cathays.webp
Cardiff,Cathays,Hood 4 Photo Credit,,"https://commons.wikimedia.org/wiki/File:Allensbank_Primary_School,_Juniors,_Cathays,_Cardiff,_December_2018_(2).jpg"
Cardiff,Roath,Hood 5 Photo File,,images/hoods/cardiff--roath.webp
Cardiff,Roath,Hood 5 Photo Credit,,"https://commons.wikimedia.org/wiki/File:Roath_Library,_January_2021_01.jpg"
Cartagena,hero,City Photo File,images/cities/cartagena.jpg,images/cities/cartagena.webp
Cartagena,Centro Histórico (Walled City),Hood 1 Photo File,,images/hoods/cartagena--centro-historico-walled-city.webp
Cartagena,Centro Histórico (Walled City),Hood 1 Photo Credit,,https://commons.wikimedia.org/wiki/File:Black_And_White_Shot_-_panoramio.jpg
Cartagena,Getsemaní,Hood 2 Photo File,,images/hoods/cartagena--getsemani.webp
Cartagena,Getsemaní,Hood 2 Photo Credit,,"https://commons.wikimedia.org/wiki/File:Calle_de_Carretero,_Getseman%C3%AD,_Cartagena.jpg"
Cartagena,Bocagrande,Hood 3 Photo File,,images/hoods/cartagena--bocagrande.webp
Cartagena,Bocagrande,Hood 3 Photo Credit,,https://commons.wikimedia.org/wiki/File:Atardecer_playas_bocagrande_26_de_octubre_1.jpg
Cartagena,San Diego,Hood 4 Photo File,,images/hoods/cartagena--san-diego.webp
Cartagena,San Diego,Hood 4 Photo Credit,,https://commons.wikimedia.org/wiki/File:Church_of_San_Diego_Cartagena.jpg
Cartagena,Manga,Hood 5 Photo File,,images/hoods/cartagena--manga.webp
Cartagena,Manga,Hood 5 Photo Credit,,https://www.flickr.com/photos/61266278@N00/34108711285/
Casablanca,hero,City Photo File,images/cities/casablanca.jpg,images/cities/casablanca.webp
Casablanca,Maârif,Hood 1 Photo File,,images/hoods/casablanca--maarif.webp
Casablanca,Maârif,Hood 1 Photo Credit,,https://commons.wikimedia.org/wiki/File:Libye_-_Alg%C3%A9rie7.jpg
Casablanca,Gauthier,Hood 2 Photo File,,images/hoods/casablanca--gauthier.webp
Casablanca,Gauthier,Hood 2 Photo Credit,,"https://commons.wikimedia.org/wiki/File:GAUTHIER,_Casablanca_20250,_Morocco_-_panoramio_(1).jpg"
Casablanca,Ain Diab (Corniche),Hood 3 Photo File,,images/hoods/casablanca--ain-diab-corniche.webp
Casablanca,Ain Diab (Corniche),Hood 3 Photo Credit,,"https://commons.wikimedia.org/wiki/File:Ain_Diab,_Casablanca_20052,_Morocco_-_panoramio.jpg"
Casablanca,Old Medina,Hood 5 Photo File,,images/hoods/casablanca--old-medina.webp
Casablanca,Old Medina,Hood 5 Photo Credit,,https://commons.wikimedia.org/wiki/File:CasablancaOldMedinaNight.jpg
Castries,hero,City Photo File,images/cities/castries.jpg,images/cities/castries.webp
Castries,Vigie / Choc Bay,Hood 2 Photo File,,images/hoods/castries--vigie-choc-bay.webp
Castries,Vigie / Choc Bay,Hood 2 Photo Credit,,"https://commons.wikimedia.org/wiki/File:Vigie,_Saint_Lucia_-_panoramio.jpg"
Castries,Rodney Bay,Hood 3 Photo File,,images/hoods/castries--rodney-bay.webp
Castries,Rodney Bay,Hood 3 Photo Credit,,https://commons.wikimedia.org/wiki/File:Rodney_Bay_-_panoramio.jpg
Castries,Gros Islet / Pigeon Island,Hood 4 Photo File,,images/hoods/castries--gros-islet-pigeon-island.webp
Castries,Gros Islet / Pigeon Island,Hood 4 Photo Credit,,"https://commons.wikimedia.org/wiki/File:Castries_-_Gros_Islet_Hwy,_Choc,_Saint_Lucia_-_panoramio.jpg"
Castries,Marigot Bay,Hood 5 Photo File,,images/hoods/castries--marigot-bay.webp
Castries,Marigot Bay,Hood 5 Photo Credit,,https://commons.wikimedia.org/wiki/File:Marigot_Bay_(23636996074).jpg
Catania,hero,City Photo File,images/cities/catania.jpg,images/cities/catania.webp
Catania,Centro Storico,Hood 1 Photo File,,images/hoods/catania--centro-storico.webp
Catania,Centro Storico,Hood 1 Photo Credit,,https://commons.wikimedia.org/wiki/File:Catania_-_chiesa_di_San_Francesco_d%27Assisi_all%27Immacolata_-_2026-09-10_22-40-26_001.jpg
Catania,Antico Corso,Hood 2 Photo File,,images/hoods/catania--antico-corso.webp
Catania,Antico Corso,Hood 2 Photo Credit,,https://commons.wikimedia.org/wiki/File:Catania_-_Torre_del_Vescovo_-_2025-09-29_22-00-06_001.jpg
Catania,San Berillo,Hood 3 Photo File,,images/hoods/catania--san-berillo.webp
Catania,San Berillo,Hood 3 Photo Credit,,https://commons.wikimedia.org/wiki/File:San_Berillo.jpg
Catania,Corso Italia,Hood 5 Photo File,,images/hoods/catania--corso-italia.webp
Catania,Corso Italia,Hood 5 Photo Credit,,https://commons.wikimedia.org/wiki/File:Stazione_Italia_di_Catania_2024a.jpg
Cayenne,hero,City Photo File,images/cities/cayenne.jpg,images/cities/cayenne.webp
Cayenne,Montabo,Hood 2 Photo File,,images/hoods/cayenne--montabo.webp
Cayenne,Montabo,Hood 2 Photo Credit,,https://commons.wikimedia.org/wiki/File:Cayennecentreceperou.JPG
Cayenne,Bourda,Hood 3 Photo File,,images/hoods/cayenne--bourda.webp
Cayenne,Bourda,Hood 3 Photo Credit,,https://commons.wikimedia.org/wiki/File:Bourda.jpg
Cayenne,Rémire-Montjoly,Hood 4 Photo File,,images/hoods/cayenne--remire-montjoly.webp
Cayenne,Rémire-Montjoly,Hood 4 Photo Credit,,https://commons.wikimedia.org/wiki/File:Chaudrons_pour_le_sucre.jpg
Cayenne,Matoury,Hood 5 Photo File,,images/hoods/cayenne--matoury.webp
Cayenne,Matoury,Hood 5 Photo Credit,,https://commons.wikimedia.org/wiki/File:Nlletourrochambeau.jpg
Cebu City,hero,City Photo File,images/cities/cebu-city.jpg,images/cities/cebu-city.webp
Cebu City,Lahug (IT Park),Hood 1 Photo File,,images/hoods/cebu-city--lahug-it-park.webp
Cebu City,Lahug (IT Park),Hood 1 Photo Credit,,https://commons.wikimedia.org/wiki/File:Lahug_market_fish_stand_January_2021.jpg
Cebu City,Cebu Business Park (Ayala),Hood 2 Photo File,,images/hoods/cebu-city--cebu-business-park-ayala.webp
Cebu City,Cebu Business Park (Ayala),Hood 2 Photo Credit,,https://commons.wikimedia.org/wiki/File:Aftermath_of_Typhoon_Rai_in_Cebu_City_2021_12_001.jpg
Cebu City,Colon / Downtown Heritage,Hood 3 Photo File,,images/hoods/cebu-city--colon-downtown-heritage.webp
Cebu City,Colon / Downtown Heritage,Hood 3 Photo Credit,,https://commons.wikimedia.org/wiki/File:Colon_Street_Obelisk_and_Historical_Marker.jpg
Cebu City,Mactan (Lapu-Lapu),Hood 4 Photo File,,images/hoods/cebu-city--mactan-lapu-lapu.webp
Cebu City,Mactan (Lapu-Lapu),Hood 4 Photo Credit,,https://commons.wikimedia.org/wiki/File:MactanShrineTower2.jpg
Cebu City,Capitol Site,Hood 5 Photo File,,images/hoods/cebu-city--capitol-site.webp
Cebu City,Capitol Site,Hood 5 Photo Credit,,https://commons.wikimedia.org/wiki/File:Rizal_Library_in_Cebu_City.jpg
Chamonix-Mont-Blanc,hero,City Photo File,images/cities/chamonix-mont-blanc.jpg,images/cities/chamonix-mont-blanc.webp
Chamonix-Mont-Blanc,Chamonix Centre,Hood 1 Photo File,,images/hoods/chamonix-mont-blanc--chamonix-centre.webp
Chamonix-Mont-Blanc,Chamonix Centre,Hood 1 Photo Credit,,https://commons.wikimedia.org/wiki/File:L%27Arve_au_sud_du_centre_de_Chamonix_en_soir%C3%A9e_(juin_2022).JPG
Chamonix-Mont-Blanc,Argentière,Hood 2 Photo File,,images/hoods/chamonix-mont-blanc--argentiere.webp
Chamonix-Mont-Blanc,Argentière,Hood 2 Photo Credit,,https://commons.wikimedia.org/wiki/File:Aiguille_du_Chardonnet_-_panoramio.jpg
Chamonix-Mont-Blanc,Les Praz-de-Chamonix,Hood 3 Photo File,,images/hoods/chamonix-mont-blanc--les-praz-de-chamonix.webp
Chamonix-Mont-Blanc,Les Praz-de-Chamonix,Hood 3 Photo Credit,,https://commons.wikimedia.org/wiki/File:Chamonix_-_Passerelle_du_Montenvers_(janv_2025).jpg
Chamonix-Mont-Blanc,Les Bossons,Hood 4 Photo File,,images/hoods/chamonix-mont-blanc--les-bossons.webp
Chamonix-Mont-Blanc,Les Bossons,Hood 4 Photo Credit,,https://commons.wikimedia.org/wiki/File:Arve_@_Les_Bossons.jpg
Chamonix-Mont-Blanc,Le Tour,Hood 5 Photo File,,images/hoods/chamonix-mont-blanc--le-tour.webp
Chamonix-Mont-Blanc,Le Tour,Hood 5 Photo Credit,,https://commons.wikimedia.org/wiki/File:Col_de_Balme_@_Plan_de_la_Grange.jpg
Chaozhou,hero,City Photo File,images/cities/chaozhou.jpg,images/cities/chaozhou.webp
Chaozhou,Ancient City (Paifang Street / Old Town),Hood 1 Photo File,,images/hoods/chaozhou--ancient-city-paifang-street-old-town.webp
Chaozhou,Ancient City (Paifang Street / Old Town),Hood 1 Photo Credit,,https://commons.wikimedia.org/wiki/File:96_Zhongshan_East_Street_(Xin%27an_County_Government)_%E5%B9%BF%E5%B7%9E%E5%BA%9C%E6%96%B0%E5%AE%89%E5%8E%BF%E8%A1%99_%E4%B8%AD%E5%B1%B1%E4%B8%9C%E8%A1%9796_(2026)_-_img_02.jpg
Chaozhou,Chaozhou People's Square (New City),Hood 4 Photo File,,images/hoods/chaozhou--chaozhou-people-s-square-new-city.webp
Chaozhou,Chaozhou People's Square (New City),Hood 4 Photo Credit,,https://commons.wikimedia.org/wiki/File:Tecsun_DR-910.jpeg
Chaozhou,Fengxi (Ceramics District),Hood 5 Photo File,,images/hoods/chaozhou--fengxi-ceramics-district.webp
Chaozhou,Fengxi (Ceramics District),Hood 5 Photo Credit,,https://commons.wikimedia.org/wiki/File:Guangfeng_Shanxi_20251130_113339.jpg
Charleston,hero,City Photo File,images/cities/charleston.jpg,images/cities/charleston.webp
Charleston,hero,City Photo Credit,https://commons.wikimedia.org/wiki/File:East_Battery_Street_Charleston_Aug2010.jpg,"https://commons.wikimedia.org/wiki/File:Aerial_view_of_Charleston,_South_Carolina_May_2017.jpg"
Charleston,South of Broad,Hood 1 Photo File,,images/hoods/charleston--south-of-broad.webp
Charleston,South of Broad,Hood 1 Photo Credit,,"https://commons.wikimedia.org/wiki/File:Charleston,_South_Carolina_(2025-08-13-03-48-54_UMBRA-08).tiff"
Charleston,French Quarter,Hood 2 Photo File,,images/hoods/charleston--french-quarter.webp
Charleston,French Quarter,Hood 2 Photo Credit,,https://commons.wikimedia.org/wiki/File:115_Church_St.JPG
Charleston,King Street,Hood 3 Photo File,,images/hoods/charleston--king-street.webp
Charleston,King Street,Hood 3 Photo Credit,,"https://commons.wikimedia.org/wiki/File:Riviera_Theater,_Charleston,_SC_(49330485046).jpg"
Charleston,Mount Pleasant,Hood 4 Photo File,,images/hoods/charleston--mount-pleasant.webp
Charleston,Mount Pleasant,Hood 4 Photo Credit,,https://commons.wikimedia.org/wiki/File:Arthur_Ravenel_Jr._Bridge_Charleston_SC_-_panoramio.jpg
Charleston,Folly Beach,Hood 5 Photo File,,images/hoods/charleston--folly-beach.webp
Charleston,Folly Beach,Hood 5 Photo Credit,,https://commons.wikimedia.org/wiki/File:Folly_Beach_(Explored)_-_Flickr_-_danielgrogan.jpg
Charlotte Amalie,hero,City Photo File,images/cities/charlotte-amalie.jpg,images/cities/charlotte-amalie.webp
Charlotte Amalie,Frenchtown,Hood 2 Photo File,,images/hoods/charlotte-amalie--frenchtown.webp
Charlotte Amalie,Frenchtown,Hood 2 Photo Credit,,https://commons.wikimedia.org/wiki/File:Delaware_River_Scenic_Byway_-_Downtown_Frenchtown_Street_-_NARA_-_7718019.jpg
Charlotte Amalie,Frenchman's Bay / Morningstar,Hood 3 Photo File,,images/hoods/charlotte-amalie--frenchman-s-bay-morningstar.webp
Charlotte Amalie,Frenchman's Bay / Morningstar,Hood 3 Photo Credit,,"https://commons.wikimedia.org/wiki/File:Beachfront_Park_in_Pickering,_June_6_2026.jpg"
Charlotte Amalie,Lindbergh Bay,Hood 4 Photo File,,images/hoods/charlotte-amalie--lindbergh-bay.webp
Charlotte Amalie,Lindbergh Bay,Hood 4 Photo Credit,,https://www.flickr.com/photos/24470821@N04/53764015129/
Charlottetown,hero,City Photo File,images/cities/charlottetown.jpg,images/cities/charlottetown.webp
Charlottetown,Downtown / Peake's Wharf,Hood 1 Photo File,,images/hoods/charlottetown--downtown-peake-s-wharf.webp
Charlottetown,Downtown / Peake's Wharf,Hood 1 Photo Credit,,https://commons.wikimedia.org/wiki/File:Downtown_House_(3087741432).jpg
Charlottetown,Brighton,Hood 2 Photo File,,images/hoods/charlottetown--brighton.webp
Charlottetown,Brighton,Hood 2 Photo Credit,,https://commons.wikimedia.org/wiki/File:Brighton_Beach_Back_Range_Lighthouse_(21668046293).jpg
Charlottetown,Sherwood,Hood 3 Photo File,,images/hoods/charlottetown--sherwood.webp
Charlottetown,Sherwood,Hood 3 Photo Credit,,https://commons.wikimedia.org/wiki/File:Prince_Edward_Island_034_(7893585948).jpg
Charlottetown,West Royalty (Capital Drive),Hood 4 Photo File,,images/hoods/charlottetown--west-royalty-capital-drive.webp
Charlottetown,West Royalty (Capital Drive),Hood 4 Photo Credit,,https://commons.wikimedia.org/wiki/File:Virginia_Woolf_Building.jpg
Charlottetown,Sherwood,Hood 5 Photo File,,images/hoods/charlottetown--sherwood.webp
Charlottetown,Sherwood,Hood 5 Photo Credit,,https://commons.wikimedia.org/wiki/File:Prince_Edward_Island_034_(7893585948).jpg
Chefchaouen,hero,City Photo File,images/cities/chefchaouen.jpg,images/cities/chefchaouen.webp
Chefchaouen,Medina (Blue Old Town),Hood 1 Photo File,,images/hoods/chefchaouen--medina-blue-old-town.webp
Chefchaouen,Medina (Blue Old Town),Hood 1 Photo Credit,,https://commons.wikimedia.org/wiki/File:Grande_Mosqu%C3%A9e_de_Chefchaouen_2.jpg
Chefchaouen,Uta el-Hammam Square,Hood 2 Photo File,,images/hoods/chefchaouen--uta-el-hammam-square.webp
Chefchaouen,Uta el-Hammam Square,Hood 2 Photo Credit,,https://commons.wikimedia.org/wiki/File:Plaza_Uta_Hamam_03.jpg
Chefchaouen,Ras el-Ma,Hood 4 Photo File,,images/hoods/chefchaouen--ras-el-ma.webp
Chefchaouen,Ras el-Ma,Hood 4 Photo Credit,,https://commons.wikimedia.org/wiki/File:Ras_El_Maa.jpg
Chengde,hero,City Photo File,images/cities/chengde.jpg,images/cities/chengde.webp
Chengde,hero,City Photo Credit,https://commons.wikimedia.org/wiki/File:%E9%87%91%E5%B1%B1%E5%B2%AD%E9%95%BF%E5%9F%8E_-_Jinshanling_Great_Wall_%287838047296%29.jpg,https://commons.wikimedia.org/wiki/File:Chengde_Mountain_Resort_1.jpg
Chengde,Eight Outer Temples (Waibamiao),Hood 3 Photo File,,images/hoods/chengde--eight-outer-temples-waibamiao.webp
Chengde,Eight Outer Temples (Waibamiao),Hood 3 Photo Credit,,https://commons.wikimedia.org/wiki/File:Chengde_Mountain_Resort_15.jpg
Chengde,Xinhua Road Commercial District,Hood 5 Photo File,,images/hoods/chengde--xinhua-road-commercial-district.webp
Chengde,Xinhua Road Commercial District,Hood 5 Photo Credit,,https://commons.wikimedia.org/wiki/File:GD_%E5%BB%A3%E6%9D%B1_Guangdong_%E4%B8%AD%E5%B1%B1%E5%B8%82_Zhongshan_%E6%9D%B1%E5%8D%80_Dong_District_%E8%B5%B7%E7%81%A3%E9%81%93_QiWan_Avenue_%E4%B8%AD%E5%B1%B1%E4%BA%94%E8%B7%AF_Zhongshan_5th_Road_%E7%B4%AB%E9%A6%AC%E5%BB%A3%E5%A0%B4_Holiday_Park_mall_%E5%BB%A3%E6%9D%B1%E6%96%B0%E8%8F%AF%E6%9B%B8%E5%B1%80_Guangdong_XinHua_Books_August_2024_R12S_18.jpg
Chengdu,hero,City Photo File,images/cities/chengdu.jpg,images/cities/chengdu.webp
Chengdu,Jinjiang / Chunxi Road,Hood 1 Photo File,,images/hoods/chengdu--jinjiang-chunxi-road.webp
Chengdu,Jinjiang / Chunxi Road,Hood 1 Photo Credit,,"https://commons.wikimedia.org/wiki/File:Jinjiang,_Chengdu,_Sichuan,_China_-_panoramio_(2).jpg"
Chengdu,Qingyang / Kuanzhai Alley,Hood 2 Photo File,,images/hoods/chengdu--qingyang-kuanzhai-alley.webp
Chengdu,Qingyang / Kuanzhai Alley,Hood 2 Photo Credit,,https://commons.wikimedia.org/wiki/File:%E5%88%98%E5%AD%98%E5%8E%9A%E5%85%AC%E9%A6%86_01.jpg
Chengdu,Wuhou / Jinli,Hood 3 Photo File,,images/hoods/chengdu--wuhou-jinli.webp
Chengdu,Wuhou / Jinli,Hood 3 Photo Credit,,"https://commons.wikimedia.org/wiki/File:Wuhou,_Chengdu,_Sichuan,_China_-_panoramio_(1).jpg"
Chengdu,Gaoxin / Tianfu New Area,Hood 4 Photo File,,images/hoods/chengdu--gaoxin-tianfu-new-area.webp
Chengdu,Gaoxin / Tianfu New Area,Hood 4 Photo Credit,,"https://commons.wikimedia.org/wiki/File:Guide_Column_of_Exit_A_and_Train,_Gaoxin_Boulevard_Station,_Optics_Valley_Suspended_Monorail_20250814.jpg"
Chengdu,Jinniu / North Station,Hood 5 Photo File,,images/hoods/chengdu--jinniu-north-station.webp
Chengdu,Jinniu / North Station,Hood 5 Photo Credit,,https://commons.wikimedia.org/wiki/File:%E9%87%91%E7%89%9B%E5%85%AC%E5%9B%AD%E7%AB%99%E7%AB%99%E5%8E%85_2024-12-19_02.jpg
Chennai,hero,City Photo File,images/cities/chennai.jpg,images/cities/chennai.webp
Chennai,Triplicane / Marina,Hood 1 Photo File,,images/hoods/chennai--triplicane-marina.webp
Chennai,Triplicane / Marina,Hood 1 Photo Credit,,https://commons.wikimedia.org/wiki/File:PARTHASARATHY_TEMPLE_-_panoramio_(1).jpg
Chennai,T. Nagar,Hood 2 Photo File,,images/hoods/chennai--t-nagar.webp
Chennai,T. Nagar,Hood 2 Photo Credit,,https://commons.wikimedia.org/wiki/File:India_-_Chennai_-_Ganesh_Chaturthi_2_(3058676351).jpg
Chennai,Mylapore,Hood 3 Photo File,,images/hoods/chennai--mylapore.webp
Chennai,Mylapore,Hood 3 Photo Credit,,"https://commons.wikimedia.org/wiki/File:Sub_Station_-_R,_Electrical_Department,_Mylapore.jpg"
Chennai,Nungambakkam,Hood 4 Photo File,,images/hoods/chennai--nungambakkam.webp
Chennai,Nungambakkam,Hood 4 Photo Credit,,https://commons.wikimedia.org/wiki/File:Nature_beings_are_part_of_the_World_-_Let_them_Live_!_02.jpg
Chennai,Adyar / ECR,Hood 5 Photo File,,images/hoods/chennai--adyar-ecr.webp
Chennai,Adyar / ECR,Hood 5 Photo Credit,,"https://commons.wikimedia.org/wiki/File:Adyar_Bus_Stand,_Sardar_Patel_Road_-_panoramio.jpg"
Chetumal,hero,City Photo File,images/cities/chetumal.jpg,images/cities/chetumal.webp
Chetumal,hero,City Photo Credit,https://commons.wikimedia.org/wiki/File:Montaje_Chetumal.jpg,https://commons.wikimedia.org/wiki/File:Chetumal_mex.jpg
Chetumal,Centro,Hood 1 Photo File,,images/hoods/chetumal--centro.webp
Chetumal,Centro,Hood 1 Photo Credit,,"https://commons.wikimedia.org/wiki/File:Centro,_Chetumal,_Q._Roo._-_panoramio.jpg"
Chetumal,Boulevard Bahía,Hood 2 Photo File,,images/hoods/chetumal--boulevard-bahia.webp
Chetumal,Boulevard Bahía,Hood 2 Photo Credit,,"https://commons.wikimedia.org/wiki/File:Atardecer_en_Chetumal,_Q._Roo._-_panoramio.jpg"
Chiang Mai,hero,City Photo File,images/cities/chiang-mai.jpg,images/cities/chiang-mai.webp
Chiang Mai,Nimmanhaemin,Hood 2 Photo File,,images/hoods/chiang-mai--nimmanhaemin.webp
Chiang Mai,Nimmanhaemin,Hood 2 Photo Credit,,https://commons.wikimedia.org/wiki/File:Nimmanhaeminda_Road_2025.jpg
Chiang Mai,Santitham,Hood 4 Photo File,,images/hoods/chiang-mai--santitham.webp
Chiang Mai,Santitham,Hood 4 Photo Credit,,"https://commons.wikimedia.org/wiki/File:Wat_Santitham,_Chiang_Mai_(I).jpg"
Chiang Mai,Night Bazaar (Chang Khlan),Hood 5 Photo File,,images/hoods/chiang-mai--night-bazaar-chang-khlan.webp
Chiang Mai,Night Bazaar (Chang Khlan),Hood 5 Photo Credit,,"https://commons.wikimedia.org/wiki/File:Chang_Khlan,_Mueang_Chiang_Mai_District,_Chiang_Mai,_Thailand_-_panoramio_(18).jpg"
Chiang Rai,hero,City Photo File,images/cities/chiang-rai.jpg,images/cities/chiang-rai.webp
Chiang Rai,Doi Mae Salong,Hood 2 Photo File,,images/hoods/chiang-rai--doi-mae-salong.webp
Chiang Rai,Doi Mae Salong,Hood 2 Photo Credit,,https://commons.wikimedia.org/wiki/File:2014_0601_Mae_Salong_tea_plantations.jpg
Chiang Rai,Mae Kok Riverside (Rim Kok),Hood 3 Photo File,,images/hoods/chiang-rai--mae-kok-riverside-rim-kok.webp
Chiang Rai,Mae Kok Riverside (Rim Kok),Hood 3 Photo Credit,,https://commons.wikimedia.org/wiki/File:Mae_Kok_River_-_Chiang_Rai_(18820240405).jpg
Chiang Rai,Doi Mae Salong,Hood 5 Photo File,,images/hoods/chiang-rai--doi-mae-salong.webp
Chiang Rai,Doi Mae Salong,Hood 5 Photo Credit,,https://commons.wikimedia.org/wiki/File:2014_0601_Mae_Salong_tea_plantations.jpg
Chicago,hero,City Photo File,images/cities/chicago.jpg,images/cities/chicago.webp
Chicago,The Loop,Hood 1 Photo File,,images/hoods/chicago--the-loop.webp
Chicago,The Loop,Hood 1 Photo Credit,,"https://commons.wikimedia.org/wiki/File:Chicago,_Illinois,_U.S._(2023)_-_123.jpg"
Chicago,River North,Hood 2 Photo File,,images/hoods/chicago--river-north.webp
Chicago,River North,Hood 2 Photo Credit,,https://commons.wikimedia.org/wiki/File:Chicago%27s_Wild_Mile.jpg
Chicago,Wicker Park,Hood 3 Photo File,,images/hoods/chicago--wicker-park.webp
Chicago,Wicker Park,Hood 3 Photo Credit,,"https://commons.wikimedia.org/wiki/File:Six_Corners_-_Wicker_Park,_Chicago.jpg"
Chicago,Lincoln Park,Hood 4 Photo File,,images/hoods/chicago--lincoln-park.webp
Chicago,Lincoln Park,Hood 4 Photo Credit,,https://commons.wikimedia.org/wiki/File:Aqua_Bloom_(Unsplash).jpg
Chicago,Hyde Park,Hood 5 Photo File,,images/hoods/chicago--hyde-park.webp
Chicago,Hyde Park,Hood 5 Photo Credit,,https://commons.wikimedia.org/wiki/File:Ephraim_Fletcher_Ingals_House_(7376648896).jpg
Chios,hero,City Photo File,images/cities/chios.jpg,images/cities/chios.webp
Chios,hero,City Photo Credit,https://commons.wikimedia.org/wiki/File:ChiosPrefecture.jpg,https://commons.wikimedia.org/wiki/File:Chios-town.jpg
Chios,Chora (Chios Town),Hood 1 Photo File,,images/hoods/chios--chora-chios-town.webp
Chios,Chora (Chios Town),Hood 1 Photo Credit,,https://commons.wikimedia.org/wiki/File:Milky_way_Samos.jpg
Chios,Kampos,Hood 2 Photo File,,images/hoods/chios--kampos.webp
Chios,Kampos,Hood 2 Photo Credit,,https://commons.wikimedia.org/wiki/File:%CE%92%CE%BF%CF%84%CF%83%CE%B1%CE%BB%CF%89%CF%84%CF%8C_%CF%83%CE%B5_%CF%83%CF%87%CE%AE%CE%BC%CE%B1_%CE%B1%CF%83%CF%84%CE%B5%CF%81%CE%B9%CE%BF%CF%8D_-_%CE%9A%CE%AC%CE%BC%CF%80%CE%BF%CF%82_%CE%A7%CE%AF%CE%BF%CF%85.jpg
Chios,Karfas,Hood 3 Photo File,,images/hoods/chios--karfas.webp
Chios,Karfas,Hood 3 Photo Credit,,https://commons.wikimedia.org/wiki/File:Chios_Aug_2023_12_40_10_342000.jpeg
Chios,Mastic Villages (Mesta & Pyrgi),Hood 4 Photo File,,images/hoods/chios--mastic-villages-mesta-pyrgi.webp
Chios,Mastic Villages (Mesta & Pyrgi),Hood 4 Photo Credit,,https://commons.wikimedia.org/wiki/File:MESTA_CHIOS_GREECE_131%CE%91.jpg
Chittagong,hero,City Photo File,images/cities/chittagong.jpg,images/cities/chittagong.webp
Chittagong,Agrabad,Hood 1 Photo File,,images/hoods/chittagong--agrabad.webp
Chittagong,Agrabad,Hood 1 Photo Credit,,https://commons.wikimedia.org/wiki/File:Agrabad_Deba_(05).jpg
Chittagong,GEC Circle,Hood 2 Photo File,,images/hoods/chittagong--gec-circle.webp
Chittagong,GEC Circle,Hood 2 Photo Credit,,"https://commons.wikimedia.org/wiki/File:Workers_At_Dusk,_GEC,_Chittagong.jpg"
Chittagong,Khulshi,Hood 3 Photo File,,images/hoods/chittagong--khulshi.webp
Chittagong,Khulshi,Hood 3 Photo Credit,,"https://commons.wikimedia.org/wiki/File:Malai_Cha,_Chattogram_Wikipedia_meetup,_27_January_2023.jpg"
Chittagong,Patenga,Hood 5 Photo File,,images/hoods/chittagong--patenga.webp
Chittagong,Patenga,Hood 5 Photo Credit,,https://commons.wikimedia.org/wiki/File:Abstract_light_(5470331876).jpg
Chișinău,hero,City Photo File,images/cities/chi-in-u.jpg,images/cities/chi-in-u.webp
Chișinău,Centru,Hood 1 Photo File,images/hoods/chisinau--centru.jpg,images/hoods/chisinau--centru.webp
Chișinău,Botanica,Hood 2 Photo File,,images/hoods/chisinau--botanica.webp
Chișinău,Botanica,Hood 2 Photo Credit,,"https://commons.wikimedia.org/wiki/File:Bloc_locativ,_Botanica,_Chi%C8%99in%C4%83u.JPG"
Chongqing,hero,City Photo File,images/cities/chongqing.jpg,images/cities/chongqing.webp
Chongqing,Jiefangbei (Yuzhong),Hood 1 Photo File,,images/hoods/chongqing--jiefangbei-yuzhong.webp
Chongqing,Jiefangbei (Yuzhong),Hood 1 Photo Credit,,https://commons.wikimedia.org/wiki/File:31338-Chongqing_(44877445515).jpg
Chongqing,Guanyinqiao (Jiangbei),Hood 2 Photo File,,images/hoods/chongqing--guanyinqiao-jiangbei.webp
Chongqing,Guanyinqiao (Jiangbei),Hood 2 Photo Credit,,https://commons.wikimedia.org/wiki/File:Beicang_Culture_Park.jpg
Chongqing,Nanshan (Nan'an),Hood 3 Photo File,,images/hoods/chongqing--nanshan-nan-an.webp
Chongqing,Nanshan (Nan'an),Hood 3 Photo Credit,,https://commons.wikimedia.org/wiki/File:%E5%8D%97%E5%B1%B1%E6%A4%8D%E7%89%A9%E5%9B%AD-%E6%B8%A9%E5%AE%A4-%E6%A3%8D%E6%A3%92%E6%A4%B0%E5%AD%90_-_panoramio.jpg
Chongqing,Shapingba,Hood 4 Photo File,,images/hoods/chongqing--shapingba.webp
Chongqing,Shapingba,Hood 4 Photo Credit,,https://commons.wikimedia.org/wiki/File:%E5%9C%A8%E8%A5%BF%E5%8C%97%E8%BE%B9%E4%BE%A7%E5%90%91%E7%9C%8B%E6%B2%99%E5%9D%AA%E5%9D%9D%E7%AB%99.jpg
Chongqing,Ciqikou Ancient Town,Hood 5 Photo File,,images/hoods/chongqing--ciqikou-ancient-town.webp
Chongqing,Ciqikou Ancient Town,Hood 5 Photo Credit,,https://commons.wikimedia.org/wiki/File:028_Sichuan-160811_28_(29868006911).jpg
Christchurch,hero,City Photo File,images/cities/christchurch.jpg,images/cities/christchurch.webp
Christchurch,Central City,Hood 1 Photo File,,images/hoods/christchurch--central-city.webp
Christchurch,Central City,Hood 1 Photo Credit,,https://commons.wikimedia.org/wiki/File:Christchurch_Central_City.jpg
Christchurch,Riccarton,Hood 2 Photo File,,images/hoods/christchurch--riccarton.webp
Christchurch,Riccarton,Hood 2 Photo Credit,,https://commons.wikimedia.org/wiki/File:116_Riccarton_Road_rear_entrance.png
Christchurch,Merivale,Hood 3 Photo File,,images/hoods/christchurch--merivale.webp
Christchurch,Merivale,Hood 3 Photo Credit,,"https://commons.wikimedia.org/wiki/File:St_Mary%27s_Church,_Christchurch_24.jpg"
Christchurch,Addington,Hood 4 Photo File,,images/hoods/christchurch--addington.webp
Christchurch,Addington,Hood 4 Photo Credit,,"https://commons.wikimedia.org/wiki/File:Railroad_yard_in_Addington,_Christchurch_01.JPG"
Christchurch,Sumner,Hood 5 Photo File,,images/hoods/christchurch--sumner.webp
Christchurch,Sumner,Hood 5 Photo Credit,,"https://commons.wikimedia.org/wiki/File:Sunset_in_Sumner_Beach,_Sumner,_Christchurch,_New_Zealand.jpg"
Cienfuegos,hero,City Photo File,images/cities/cienfuegos.jpg,images/cities/cienfuegos.webp
Cienfuegos,Pueblo Nuevo,Hood 1 Photo File,,images/hoods/cienfuegos--pueblo-nuevo.webp
Cienfuegos,Pueblo Nuevo,Hood 1 Photo Credit,,"https://commons.wikimedia.org/wiki/File:Reparto_Pueblo_Nuevo,_Cienfuegos,_Cuba_-_panoramio.jpg"
Cienfuegos,Punta Gorda,Hood 2 Photo File,,images/hoods/cienfuegos--punta-gorda.webp
Cienfuegos,Punta Gorda,Hood 2 Photo Credit,,https://commons.wikimedia.org/wiki/File:Marca_de_la_Memoria_-_Casa_de_Punta_Gorda.jpg
Cienfuegos,Reina,Hood 3 Photo File,,images/hoods/cienfuegos--reina.webp
Cienfuegos,Reina,Hood 3 Photo Credit,,https://commons.wikimedia.org/wiki/File:Cementiri_Reina_Cienfuegos_1.JPG
Cinque Terre,hero,City Photo File,images/cities/cinque-terre.jpg,images/cities/cinque-terre.webp
Cinque Terre,Monterosso al Mare,Hood 1 Photo File,,images/hoods/cinque-terre--monterosso-al-mare.webp
Cinque Terre,Monterosso al Mare,Hood 1 Photo Credit,,https://commons.wikimedia.org/wiki/File:Tour_Cimeti%C3%A8re_Monterosso_-_Monterosso_al_Mare_(IT42)_-_2022-08-29_-_1.jpg
Cinque Terre,Vernazza,Hood 2 Photo File,,images/hoods/cinque-terre--vernazza.webp
Cinque Terre,Vernazza,Hood 2 Photo Credit,,"https://commons.wikimedia.org/wiki/File:19018_Vernazza,_Province_of_La_Spezia,_Italy_-_panoramio_(51).jpg"
Cinque Terre,Corniglia,Hood 3 Photo File,,images/hoods/cinque-terre--corniglia.webp
Cinque Terre,Corniglia,Hood 3 Photo Credit,,https://commons.wikimedia.org/wiki/File:20160811_035_Cinque_Terre_-_Corniglia_(29030009906).jpg
Cinque Terre,Manarola,Hood 4 Photo File,,images/hoods/cinque-terre--manarola.webp
Cinque Terre,Manarola,Hood 4 Photo Credit,,https://commons.wikimedia.org/wiki/File:Cinque_Terre_2016_Artistiche_(19).jpg
Cinque Terre,Riomaggiore,Hood 5 Photo File,,images/hoods/cinque-terre--riomaggiore.webp
Cinque Terre,Riomaggiore,Hood 5 Photo Credit,,https://commons.wikimedia.org/wiki/File:Nacionalni_park_Cinque_Terre.jpg
Cluj-Napoca,hero,City Photo File,images/cities/cluj-napoca.jpg,images/cities/cluj-napoca.webp
Cluj-Napoca,Centru (Piata Unirii),Hood 1 Photo File,,images/hoods/cluj-napoca--centru-piata-unirii.webp
Cluj-Napoca,Centru (Piata Unirii),Hood 1 Photo Credit,,"https://commons.wikimedia.org/wiki/File:A_yard_at_A._Pushkin_st._52,_looking_SW_-_panoramio.jpg"
Cluj-Napoca,Grigorescu,Hood 2 Photo File,,images/hoods/cluj-napoca--grigorescu.webp
Cluj-Napoca,Grigorescu,Hood 2 Photo Credit,,https://commons.wikimedia.org/wiki/File:Cluj-Grigorescu-Donath-196x.jpg
Cluj-Napoca,Marasti,Hood 3 Photo File,,images/hoods/cluj-napoca--marasti.webp
Cluj-Napoca,Marasti,Hood 3 Photo Credit,,https://commons.wikimedia.org/wiki/File:1998-03_str.Fabricii_-_panoramio.jpg
Cluj-Napoca,Gheorgheni,Hood 4 Photo File,,images/hoods/cluj-napoca--gheorgheni.webp
Cluj-Napoca,Gheorgheni,Hood 4 Photo Credit,,https://commons.wikimedia.org/wiki/File:Karancsi_alairas_black.png
Cluj-Napoca,Manastur,Hood 5 Photo File,,images/hoods/cluj-napoca--manastur.webp
Cluj-Napoca,Manastur,Hood 5 Photo Credit,,https://commons.wikimedia.org/wiki/File:Manastirea_iezuita_Cluj.jpg
Cochin,hero,City Photo File,images/cities/cochin.jpg,images/cities/cochin.webp
Cochin,Fort Kochi,Hood 1 Photo File,,images/hoods/cochin--fort-kochi.webp
Cochin,Fort Kochi,Hood 1 Photo Credit,,https://commons.wikimedia.org/wiki/File:Fort_Emmanuel_Kochi.jpg
Cochin,Mattancherry & Jew Town,Hood 2 Photo File,,images/hoods/cochin--mattancherry-jew-town.webp
Cochin,Mattancherry & Jew Town,Hood 2 Photo Credit,,https://commons.wikimedia.org/wiki/File:2025_-_Paradesi_Synagogue_-_01.jpg
Cochin,Ernakulam (MG Road),Hood 3 Photo File,,images/hoods/cochin--ernakulam-mg-road.webp
Cochin,Ernakulam (MG Road),Hood 3 Photo Credit,,https://commons.wikimedia.org/wiki/File:Ernakulam_city_views_(103).jpg
Cochin,Marine Drive,Hood 4 Photo File,,images/hoods/cochin--marine-drive.webp
Cochin,Marine Drive,Hood 4 Photo Credit,,https://commons.wikimedia.org/wiki/File:Marine_Drive_Mumbai_2.jpg
Cochin,Willingdon Island,Hood 5 Photo File,,images/hoods/cochin--willingdon-island.webp
Cochin,Willingdon Island,Hood 5 Photo Credit,,https://commons.wikimedia.org/wiki/File:Aspinwall-Willington-Island-Cochin.jpg
Cockburn Town,hero,City Photo File,images/cities/cockburn-town.jpg,images/cities/cockburn-town.webp
Cockburn Town,hero,City Photo Credit,https://commons.wikimedia.org/wiki/File:Cockburn_Town.jpg,https://unsplash.com/photos/white-boats-on-sea-under-cloudy-sky-during-daytime-3X-hHOYQ07I
Cockburn Town,North Ridge,Hood 4 Photo File,,images/hoods/cockburn-town--north-ridge.webp
Cockburn Town,North Ridge,Hood 4 Photo Credit,,"https://commons.wikimedia.org/wiki/File:North_Ridge,_Korle-Klottey_(P1090865).jpg"
Coimbra,hero,City Photo File,images/cities/coimbra.jpg,images/cities/coimbra.webp
Coimbra,Alta (University Hill),Hood 1 Photo File,,images/hoods/coimbra--alta-university-hill.webp
Coimbra,Alta (University Hill),Hood 1 Photo Credit,,"https://commons.wikimedia.org/wiki/File:S%C3%A9_Nova_de_Coimbra_ocupa_apenas_uma_parte_de_um_edif%C3%ADcio_maior,_denominado_Col%C3%A9gio_de_Jesus.jpg"
Coimbra,Baixa,Hood 2 Photo File,,images/hoods/coimbra--baixa.webp
Coimbra,Baixa,Hood 2 Photo Credit,,https://commons.wikimedia.org/wiki/File:Baixa_de_Coimbra_-_panoramio.jpg
Coimbra,Santa Clara,Hood 3 Photo File,,images/hoods/coimbra--santa-clara.webp
Coimbra,Santa Clara,Hood 3 Photo Credit,,"https://commons.wikimedia.org/wiki/File:Coimbra,_Portugal_(Unsplash_NsrgAyEpTHQ).jpg"
Coimbra,Celas,Hood 4 Photo File,,images/hoods/coimbra--celas.webp
Coimbra,Celas,Hood 4 Photo Credit,,https://commons.wikimedia.org/wiki/File:Mosteiro_de_Celas_-_Coimbra_-_Portugal_(8569409317).jpg
Coimbra,Praça da República,Hood 5 Photo File,,images/hoods/coimbra--praca-da-republica.webp
Coimbra,Praça da República,Hood 5 Photo Credit,,"https://commons.wikimedia.org/wiki/File:Rua_de_Oliveira_Matos,_em_Coimbra,_Agosto_2025_-_Foto_03.jpg"
Colmar,hero,City Photo File,images/cities/colmar.jpg,images/cities/colmar.webp
Colmar,La Petite Venise (Little Venice),Hood 1 Photo File,,images/hoods/colmar--la-petite-venise-little-venice.webp
Colmar,La Petite Venise (Little Venice),Hood 1 Photo Credit,,"https://commons.wikimedia.org/wiki/File:Lauch,_petite_Venise,_coll%C3%A9giale_Saint-Martin_(Colmar)_(2).JPG"
Colmar,Old Town Center,Hood 2 Photo File,,images/hoods/colmar--old-town-center.webp
Colmar,Old Town Center,Hood 2 Photo Credit,,https://www.flickr.com/photos/29350288@N06/49797632292/
Cologne,hero,City Photo File,images/cities/cologne.jpg,images/cities/cologne.webp
Cologne,Altstadt,Hood 1 Photo File,,images/hoods/cologne--altstadt.webp
Cologne,Altstadt,Hood 1 Photo Credit,,https://commons.wikimedia.org/wiki/File:Blick_%C3%BCber_den_Rhein_Richtung_K%C3%B6lner_Altstadt_mit_Dom-4099.jpg
Cologne,Belgian Quarter,Hood 2 Photo File,,images/hoods/cologne--belgian-quarter.webp
Cologne,Belgian Quarter,Hood 2 Photo Credit,,"https://commons.wikimedia.org/wiki/File:Stolpersteine_K%C3%B6ln,_Verlegeort_Antwerpener_Stra%C3%9Fe_32.jpg"
Cologne,Ehrenfeld,Hood 3 Photo File,,images/hoods/cologne--ehrenfeld.webp
Cologne,Ehrenfeld,Hood 3 Photo Credit,,"https://commons.wikimedia.org/wiki/File:Fabrikanlage_und_Verwaltungsgeb%C3%A4ude_Muelhens_4711,_Vogelsanger_Stra%C3%9Fe_66-100,_K%C3%B6ln-Ehrenfeld-0395.jpg"
Cologne,Sudstadt,Hood 4 Photo File,,images/hoods/cologne--sudstadt.webp
Cologne,Sudstadt,Hood 4 Photo Credit,,"https://commons.wikimedia.org/wiki/File:Fachhochschule_K%C3%B6ln_-_Campus_S%C3%BCdstadt,_GWZ-2984.jpg"
Cologne,Deutz,Hood 5 Photo File,,images/hoods/cologne--deutz.webp
Cologne,Deutz,Hood 5 Photo Credit,,https://commons.wikimedia.org/wiki/File:20200523_Pigrimage_to_Cologne_71.jpg
Colombo,hero,City Photo File,images/cities/colombo.jpg,images/cities/colombo.webp
Colombo,Fort,Hood 1 Photo File,,images/hoods/colombo--fort.webp
Colombo,Fort,Hood 1 Photo Credit,,https://commons.wikimedia.org/wiki/File:Colombo_Fort_Railway_Station_3.JPG
Colombo,Kollupitiya / Galle Face,Hood 2 Photo File,,images/hoods/colombo--kollupitiya-galle-face.webp
Colombo,Kollupitiya / Galle Face,Hood 2 Photo Credit,,https://commons.wikimedia.org/wiki/File:SriLanka-Independence_-_4_Feb_2019_(13).jpg
Colombo,Cinnamon Gardens,Hood 3 Photo File,,images/hoods/colombo--cinnamon-gardens.webp
Colombo,Cinnamon Gardens,Hood 3 Photo Credit,,https://commons.wikimedia.org/wiki/File:UG-LK_Photowalk_-_Viharamahadevi_Park_-_2017-03-09_(2).jpg
Colombo,Mount Lavinia,Hood 4 Photo File,,images/hoods/colombo--mount-lavinia.webp
Colombo,Mount Lavinia,Hood 4 Photo Credit,,https://commons.wikimedia.org/wiki/File:Dehiwala_Town_and_sea_-_panoramio.jpg
Colombo,Slave Island / Beira Lake,Hood 5 Photo File,,images/hoods/colombo--slave-island-beira-lake.webp
Colombo,Slave Island / Beira Lake,Hood 5 Photo Credit,,https://commons.wikimedia.org/wiki/File:SL_Colombo_asv2020-01_img21_Slave_Island_halt.jpg
Conakry,hero,City Photo File,images/cities/conakry.jpg,images/cities/conakry.webp
Conakry,Camayenne,Hood 2 Photo File,,images/hoods/conakry--camayenne.webp
Conakry,Camayenne,Hood 2 Photo Credit,,https://commons.wikimedia.org/wiki/File:Palm_Camayenne_Hotel.jpg
Conakry,Taouyah,Hood 3 Photo File,,images/hoods/conakry--taouyah.webp
Conakry,Taouyah,Hood 3 Photo Credit,,https://commons.wikimedia.org/wiki/File:Anglikanische_Kirche_Taouyah.jpg
Conakry,Kipé,Hood 4 Photo File,,images/hoods/conakry--kipe.webp
Conakry,Kipé,Hood 4 Photo Credit,,https://commons.wikimedia.org/wiki/File:Boulangerie_de_kip%C3%A9.jpg
Constantine,hero,City Photo File,images/cities/constantine.jpg,images/cities/constantine.webp
Constantine,Vieille Ville (Souika),Hood 1 Photo File,,images/hoods/constantine--vieille-ville-souika.webp
Constantine,Vieille Ville (Souika),Hood 1 Photo Credit,,https://commons.wikimedia.org/wiki/File:La_vieille_ville_de_Constantine_et_le_pont_Sidi_Rached.jpg
Constantine,Coudiat,Hood 2 Photo File,,images/hoods/constantine--coudiat.webp
Constantine,Coudiat,Hood 2 Photo Credit,,"https://commons.wikimedia.org/wiki/File:Fort_Coudiat_Aty_te_Constantine_in_Algerije,_KITLV_402660.tiff"
Constantine,Sidi Mabrouk,Hood 3 Photo File,,images/hoods/constantine--sidi-mabrouk.webp
Constantine,Sidi Mabrouk,Hood 3 Photo Credit,,https://commons.wikimedia.org/wiki/File:Sidi_Mabrouk_-_Constantine_%D8%B3%D9%8A%D8%AF%D9%8A_%D9%85%D8%A8%D8%B1%D9%88%D9%83_-_%D9%82%D8%B3%D9%86%D8%B7%D9%8A%D9%86%D8%A9.jpg
Constantine,El Kantara,Hood 4 Photo File,,images/hoods/constantine--el-kantara.webp
Constantine,El Kantara,Hood 4 Photo Credit,,https://commons.wikimedia.org/wiki/File:Bab_El_Kantra_Bridge.jpg
Constanța,hero,City Photo File,images/cities/constan-a.jpg,images/cities/constan-a.webp
Constanța,Old Town / Peninsula (Piața Ovidiu),Hood 1 Photo File,,images/hoods/constanta--old-town-peninsula-piata-ovidiu.webp
Constanța,Old Town / Peninsula (Piața Ovidiu),Hood 1 Photo Credit,,https://www.flickr.com/photos/132862914@N04/39612046324/
Constanța,Mamaia,Hood 3 Photo File,,images/hoods/constanta--mamaia.webp
Constanța,Mamaia,Hood 3 Photo Credit,,https://commons.wikimedia.org/wiki/File:Mamaia_(9426483625).jpg
Constanța,Faleza Nord,Hood 4 Photo File,,images/hoods/constanta--faleza-nord.webp
Constanța,Faleza Nord,Hood 4 Photo Credit,,https://commons.wikimedia.org/wiki/File:TramCTA.jpg
Copenhagen,hero,City Photo File,images/cities/copenhagen.jpg,images/cities/copenhagen.webp
Copenhagen,Norrebro,Hood 1 Photo File,images/hoods/copenhagen--norrebro.jpg,images/hoods/copenhagen--norrebro.webp
Copenhagen,Vesterbro,Hood 2 Photo File,images/hoods/copenhagen--vesterbro.jpg,images/hoods/copenhagen--vesterbro.webp
Copenhagen,Vesterbro,Hood 2 Photo Credit,https://commons.wikimedia.org/wiki/File:Vesterbrotorv.jpg,https://commons.wikimedia.org/wiki/File:Vesterbro_(15296780753).jpg
Copenhagen,Osterbro,Hood 3 Photo File,images/hoods/copenhagen--osterbro.jpg,images/hoods/copenhagen--osterbro.webp
Copenhagen,Christianshavn,Hood 4 Photo File,images/hoods/copenhagen--christianshavn.jpg,images/hoods/copenhagen--christianshavn.webp
Copenhagen,Frederiksberg,Hood 5 Photo File,images/hoods/copenhagen--frederiksberg.jpg,images/hoods/copenhagen--frederiksberg.webp
Corfu,hero,City Photo File,images/cities/corfu.jpg,images/cities/corfu.webp
Corfu,Old Town (Campiello),Hood 1 Photo File,,images/hoods/corfu--old-town-campiello.webp
Corfu,Old Town (Campiello),Hood 1 Photo Credit,,https://commons.wikimedia.org/wiki/File:1878_Pachis_May_Day_on_Corfu_1888_National_Gallery_-_Corfu_Annex_anagoria.jpg
Corfu,Garitsa,Hood 2 Photo File,,images/hoods/corfu--garitsa.webp
Corfu,Garitsa,Hood 2 Photo Credit,,"https://commons.wikimedia.org/wiki/File:Windmill_-_Garitsa,_Corfu.jpg"
Corfu,Kanoni,Hood 3 Photo File,,images/hoods/corfu--kanoni.webp
Corfu,Kanoni,Hood 3 Photo Credit,,https://commons.wikimedia.org/wiki/File:Kanoni_harbour.jpg
Corfu,Kontokali,Hood 5 Photo File,,images/hoods/corfu--kontokali.webp
Corfu,Kontokali,Hood 5 Photo Credit,,https://commons.wikimedia.org/wiki/File:Corfu_Kontokali_Church_R04.jpg
Cork,hero,City Photo File,images/cities/cork.jpg,images/cities/cork.webp
Cork,City Centre (Island),Hood 1 Photo File,,images/hoods/cork--city-centre-island.webp
Cork,City Centre (Island),Hood 1 Photo Credit,,"https://commons.wikimedia.org/wiki/File:Ballintemple,_Cork,_Ireland_-_panoramio_(5).jpg"
Cork,Shandon,Hood 2 Photo File,,images/hoods/cork--shandon.webp
Cork,Shandon,Hood 2 Photo Credit,,https://commons.wikimedia.org/wiki/File:3Shandon_area3_(8188948956).jpg
Cork,Douglas,Hood 4 Photo File,,images/hoods/cork--douglas.webp
Cork,Douglas,Hood 4 Photo Credit,,"https://commons.wikimedia.org/wiki/File:Hartys_Quay_from_Jacob%27s_Island,_Cork_-_geograph.org.uk_-_3053031.jpg"
Cork,Western Road (UCC),Hood 5 Photo File,,images/hoods/cork--western-road-ucc.webp
Cork,Western Road (UCC),Hood 5 Photo Credit,,https://commons.wikimedia.org/wiki/File:Approaching_Royal_Oak_tube_station_-_geograph.org.uk_-_7754378.jpg
Coron,hero,City Photo File,images/cities/coron.jpg,images/cities/coron.webp
Coron,hero,City Photo Credit,https://commons.wikimedia.org/wiki/File:Coron_island_-_Straight_out_of_a_dream.jpg,"https://commons.wikimedia.org/wiki/File:Kayangan_Lake,_Coron_-_Palawan.jpg"
Coron,Coron Town Proper (Poblacion),Hood 1 Photo File,,images/hoods/coron--coron-town-proper-poblacion.webp
Coron,Coron Town Proper (Poblacion),Hood 1 Photo Credit,,"https://commons.wikimedia.org/wiki/File:Banuang_Daan,_Coron_Town_Proper,_Coron,_Palawan,_Philippines_-_panoramio.jpg"
Coron,Tagumpay,Hood 2 Photo File,,images/hoods/coron--tagumpay.webp
Coron,Tagumpay,Hood 2 Photo Credit,,"https://commons.wikimedia.org/wiki/File:Tarangkahan_ng_Mababang_Paaralan_ng_Tagumpay,_Coron,_Palawan_-_Tagumpay_Elementary_School.jpg"
Coron,Private Island Resorts,Hood 3 Photo File,,images/hoods/coron--private-island-resorts.webp
Coron,Private Island Resorts,Hood 3 Photo Credit,,https://commons.wikimedia.org/wiki/File:A_Friend_For_Lunch_(2054518267).jpg
Cortina d'Ampezzo,hero,City Photo File,images/cities/cortina-d-ampezzo.jpg,images/cities/cortina-d-ampezzo.webp
Cortina d'Ampezzo,Corso Italia (Town Center),Hood 1 Photo File,,images/hoods/cortina-d-ampezzo--corso-italia-town-center.webp
Cortina d'Ampezzo,Corso Italia (Town Center),Hood 1 Photo Credit,,https://commons.wikimedia.org/wiki/File:Corso_Italia_2021_05.jpg
Cortina d'Ampezzo,Pocol,Hood 2 Photo File,,images/hoods/cortina-d-ampezzo--pocol.webp
Cortina d'Ampezzo,Pocol,Hood 2 Photo Credit,,https://commons.wikimedia.org/wiki/File:Military_ossuary-Pocol_Cortina_d%C2%B4Ampezzo_Italy_(1).JPG
Cotonou,hero,City Photo File,images/cities/cotonou.jpg,images/cities/cotonou.webp
Cotonou,Haie Vive,Hood 1 Photo File,,images/hoods/cotonou--haie-vive.webp
Cotonou,Haie Vive,Hood 1 Photo Credit,,"https://commons.wikimedia.org/wiki/File:Arbusto_junto_con_pasto_seco,_en_un_ambiente_urbano..jpg"
Cotonou,Fidjrossè,Hood 2 Photo File,,images/hoods/cotonou--fidjrosse.webp
Cotonou,Fidjrossè,Hood 2 Photo Credit,,https://commons.wikimedia.org/wiki/File:Place_du_Calvaire_de_Fidjross%C3%A8_%C3%A0_Cotonou.jpg
Cotonou,Cadjehoun,Hood 3 Photo File,,images/hoods/cotonou--cadjehoun.webp
Cotonou,Cadjehoun,Hood 3 Photo Credit,,https://commons.wikimedia.org/wiki/File:Kwabo_(statue)_2.jpg
Cotonou,Akpakpa,Hood 5 Photo File,,images/hoods/cotonou--akpakpa.webp
Cotonou,Akpakpa,Hood 5 Photo Credit,,https://commons.wikimedia.org/wiki/File:Circulation_%C3%A0_Akpakpa.jpg
Cox's Bazar,hero,City Photo File,images/cities/cox-s-bazar.jpg,images/cities/cox-s-bazar.webp
Cox's Bazar,Kolatoli,Hood 2 Photo File,,images/hoods/cox-s-bazar--kolatoli.webp
Cox's Bazar,Kolatoli,Hood 2 Photo Credit,,https://commons.wikimedia.org/wiki/File:Cox%27s_bazar_sea_beach_sunset.jpg
Cox's Bazar,Sugandha Point,Hood 3 Photo File,,images/hoods/cox-s-bazar--sugandha-point.webp
Cox's Bazar,Sugandha Point,Hood 3 Photo Credit,,https://commons.wikimedia.org/wiki/File:Kanyakumari_Sun_rise_spot.jpg
Cox's Bazar,Inani,Hood 4 Photo File,,images/hoods/cox-s-bazar--inani.webp
Cox's Bazar,Inani,Hood 4 Photo Credit,,"https://commons.wikimedia.org/wiki/File:Capped_Langur_in_Inani,_Cox%27s_Bazar.jpg"
Cox's Bazar,Himchari,Hood 5 Photo File,,images/hoods/cox-s-bazar--himchari.webp
Cox's Bazar,Himchari,Hood 5 Photo Credit,,"https://commons.wikimedia.org/wiki/File:Himchari,_Cox%27s_Bazar_(2Q7A1958).jpg"
Cuenca,hero,City Photo File,images/cities/cuenca.jpg,images/cities/cuenca.webp
Cuenca,hero,City Photo Credit,https://commons.wikimedia.org/wiki/File:Collage_Cuenca.png,"https://commons.wikimedia.org/wiki/File:Catedral_de_la_Inmaculada_Concepci%C3%B3n,_Cuenca.jpg"
Cuenca,El Centro Histórico,Hood 1 Photo File,,images/hoods/cuenca--el-centro-historico.webp
Cuenca,El Centro Histórico,Hood 1 Photo Credit,,"https://commons.wikimedia.org/wiki/File:(Museo_Casa_del_Alabado)_interior,_pic_bb7.JPG"
Cuenca,El Ejido,Hood 2 Photo File,,images/hoods/cuenca--el-ejido.webp
Cuenca,El Ejido,Hood 2 Photo Credit,,"https://commons.wikimedia.org/wiki/File:(El_Ejido,_Quito)_pic_a1a_Fountains_in_Quito_Photography_by_David_Adam_Kess.jpg"
Cuenca,San Sebastián,Hood 3 Photo File,,images/hoods/cuenca--san-sebastian.webp
Cuenca,San Sebastián,Hood 3 Photo Credit,,"https://commons.wikimedia.org/wiki/File:Giacomo_Francia,_San_Sebastian,_Google_Arts_and_Culture.jpg"
Cuiabá,hero,City Photo File,images/cities/cuiab.jpg,images/cities/cuiab.webp
Cuiabá,Centro Histórico,Hood 1 Photo File,,images/hoods/cuiaba--centro-historico.webp
Cuiabá,Centro Histórico,Hood 1 Photo Credit,,https://commons.wikimedia.org/wiki/File:Busto_Francisco_de_Aquino_Correia_Pra%C3%A7a_Alencastro_Cuiab%C3%A1_Mato_Grosso_2024-3369.jpg
Cuiabá,CPA / Jardim das Américas,Hood 2 Photo File,,images/hoods/cuiaba--cpa-jardim-das-americas.webp
Cuiabá,CPA / Jardim das Américas,Hood 2 Photo Credit,,https://commons.wikimedia.org/wiki/File:Hotel_(3112094233).jpg
Cuiabá,Goiabeiras,Hood 3 Photo File,,images/hoods/cuiaba--goiabeiras.webp
Cuiabá,Goiabeiras,Hood 3 Photo Credit,,https://commons.wikimedia.org/wiki/File:Biblioteca_P%C3%BAblica_Saber_Com_Sabor_Prof_Dr_Paulo_Eduardo_dos_Santos_Cuiab%C3%A1_2024-9289.jpg
Cuiabá,Araés,Hood 4 Photo File,,images/hoods/cuiaba--araes.webp
Cuiabá,Araés,Hood 4 Photo Credit,,https://commons.wikimedia.org/wiki/File:Schweisdorf_Kirche_Altar-20190616-RM-145031.jpg
Cusco,hero,City Photo File,images/cities/cusco.jpg,images/cities/cusco.webp
Cusco,hero,City Photo Credit,https://commons.wikimedia.org/wiki/File:Vista_Calle_Suecia.jpg,https://commons.wikimedia.org/wiki/File:Plaza_de_Cusco_Allison_Bellido.jpg
Cusco,Centro Histórico,Hood 1 Photo File,,images/hoods/cusco--centro-historico.webp
Cusco,Centro Histórico,Hood 1 Photo Credit,,"https://commons.wikimedia.org/wiki/File:Festividad_de_comadres_cusco,_Centro_Historico_de_Cusco_01.jpg"
Cusco,San Blas,Hood 2 Photo File,,images/hoods/cusco--san-blas.webp
Cusco,San Blas,Hood 2 Photo Credit,,https://commons.wikimedia.org/wiki/File:Cuesta_de_San_Blas.jpg
Cusco,San Pedro,Hood 3 Photo File,,images/hoods/cusco--san-pedro.webp
Cusco,San Pedro,Hood 3 Photo Credit,,https://commons.wikimedia.org/wiki/File:Pre%C4%9Dejo_de_San_Pedro_(Kusko)_02.jpg
Cusco,Santa Ana,Hood 4 Photo File,,images/hoods/cusco--santa-ana.webp
Cusco,Santa Ana,Hood 4 Photo Credit,,"https://commons.wikimedia.org/wiki/File:First_Baptist_Church_of_Santa_Ana,_at_1011_Seventeenth_Street.png"
Cusco,Wanchaq,Hood 5 Photo File,,images/hoods/cusco--wanchaq.webp
Cusco,Wanchaq,Hood 5 Photo Credit,,https://commons.wikimedia.org/wiki/File:Av_la_cultura_wanchaq.jpg
Cyangugu,hero,City Photo File,images/cities/cyangugu.jpg,images/cities/cyangugu.webp
Cyangugu,Cyangugu (lakeshore),Hood 1 Photo File,,images/hoods/cyangugu--cyangugu-lakeshore.webp
Cyangugu,Cyangugu (lakeshore),Hood 1 Photo Credit,,"https://commons.wikimedia.org/wiki/File:Lake_Kivu,_Cyangugu.jpg"
Cyangugu,Kamembe,Hood 2 Photo File,,images/hoods/cyangugu--kamembe.webp
Cyangugu,Kamembe,Hood 2 Photo Credit,,"https://commons.wikimedia.org/wiki/File:Kamembe_Airport_from_the_outside,_2017_1.jpg"
Córdoba,hero,City Photo File,images/cities/c-rdoba.jpg,images/cities/c-rdoba.webp
Córdoba,Judería,Hood 1 Photo File,,images/hoods/cordoba--juderia.webp
Córdoba,Judería,Hood 1 Photo Credit,,https://commons.wikimedia.org/wiki/File:C%C3%B3rdoba_en_noviembre_de_2022_40.jpg
Córdoba,Centro,Hood 2 Photo File,,images/hoods/cordoba--centro.webp
Córdoba,Centro,Hood 2 Photo Credit,,https://commons.wikimedia.org/wiki/File:La_Reunion_(38861058).jpeg
Córdoba,San Basilio,Hood 3 Photo File,,images/hoods/cordoba--san-basilio.webp
Córdoba,San Basilio,Hood 3 Photo Credit,,https://commons.wikimedia.org/wiki/File:Empty_Streets_at_Noon_-_2013.07_-_panoramio.jpg
Córdoba,San Pedro / La Axerquía,Hood 4 Photo File,,images/hoods/cordoba--san-pedro-la-axerquia.webp
Córdoba,San Pedro / La Axerquía,Hood 4 Photo Credit,,"https://commons.wikimedia.org/wiki/File:Iglesia_de_San_Pedro,_C%C3%B3rdoba_(3651053936).jpg"
Da Lat,hero,City Photo File,images/cities/da-lat.jpg,images/cities/da-lat.webp
Da Lat,City Centre (Hoa Binh Square & Xuan Huong Lake),Hood 1 Photo File,,images/hoods/da-lat--city-centre-hoa-binh-square-xuan-huong-lake.webp
Da Lat,City Centre (Hoa Binh Square & Xuan Huong Lake),Hood 1 Photo Credit,,https://commons.wikimedia.org/wiki/File:Calle_Imperial_(85945).jpg
Da Lat,Tran Phu (French Colonial Quarter),Hood 2 Photo File,,images/hoods/da-lat--tran-phu-french-colonial-quarter.webp
Da Lat,Tran Phu (French Colonial Quarter),Hood 2 Photo Credit,,"https://commons.wikimedia.org/wiki/File:Ph%C6%B0%E1%BB%9Dng_10,_Dalat,_L%C3%A2m_%C4%90%E1%BB%93ng,_Vietnam_-_panoramio.jpg"
Da Lat,Tuyen Lam Lake,Hood 4 Photo File,,images/hoods/da-lat--tuyen-lam-lake.webp
Da Lat,Tuyen Lam Lake,Hood 4 Photo Credit,,https://commons.wikimedia.org/wiki/File:H%C3%B4_Tuy%C3%AAn_L%C3%A2m_chup_bu%C3%B4i_t%C3%B4i_-_panoramio.jpg
Da Lat,Phan Dinh Phung (Ward 2),Hood 5 Photo File,,images/hoods/da-lat--phan-dinh-phung-ward-2.webp
Da Lat,Phan Dinh Phung (Ward 2),Hood 5 Photo Credit,,https://commons.wikimedia.org/wiki/File:T%C6%B0%E1%BB%A3ng_Phan_%C4%90%C3%ACnh_Ph%C3%B9ng.jpg
Da Nang,hero,City Photo File,images/cities/da-nang.jpg,images/cities/da-nang.webp
Da Nang,Hải Châu,Hood 1 Photo File,,images/hoods/da-nang--hai-chau.webp
Da Nang,Hải Châu,Hood 1 Photo Credit,,https://commons.wikimedia.org/wiki/File:Ch%C3%B9a_Ph%C6%B0%E1%BB%9Bc_Ninh.jpg
Da Nang,An Thượng (Mỹ An),Hood 2 Photo File,,images/hoods/da-nang--an-thuong-my-an.webp
Da Nang,An Thượng (Mỹ An),Hood 2 Photo Credit,,"https://commons.wikimedia.org/wiki/File:Ch%C3%B9a_B%E1%BB%ADu_Th%E1%BA%AFng,_Th5n2022_(70).jpg"
Da Nang,Sơn Trà,Hood 3 Photo File,,images/hoods/da-nang--son-tra.webp
Da Nang,Sơn Trà,Hood 3 Photo Credit,,https://commons.wikimedia.org/wiki/File:B%C3%A1n_%C4%91%E1%BA%A3o_S%C6%A1n_Tr%C3%A0_th10n2023_(c%C3%A2y_c%E1%BB%91i)_(2).jpg
Da Nang,Ngũ Hành Sơn,Hood 4 Photo File,,images/hoods/da-nang--ngu-hanh-son.webp
Da Nang,Ngũ Hành Sơn,Hood 4 Photo Credit,,https://commons.wikimedia.org/wiki/File:Th%C3%A1nh_th%E1%BA%A5t_Trung_S%C6%A1n.jpg
Da Nang,Thanh Khê,Hood 5 Photo File,,images/hoods/da-nang--thanh-khe.webp
Da Nang,Thanh Khê,Hood 5 Photo Credit,,https://commons.wikimedia.org/wiki/File:Burning_offerings_Tat_Nien_Tet_2011.jpg
Dahab,hero,City Photo File,images/cities/dahab.jpg,images/cities/dahab.webp
Dahab,hero,City Photo Credit,https://commons.wikimedia.org/wiki/File:Dahab_-_Egypte_07-2012_%287614814042%29.jpg,https://commons.wikimedia.org/wiki/File:Dahab_Beach.jpg
Dahab,Masbat / Asalah,Hood 1 Photo File,,images/hoods/dahab--masbat-asalah.webp
Dahab,Masbat / Asalah,Hood 1 Photo Credit,,"https://commons.wikimedia.org/wiki/File:Lighthouse_Reef,_Masbat_Bay,_Dahab_2020-03-01-1.jpg"
Dahab,Mashraba,Hood 2 Photo File,,images/hoods/dahab--mashraba.webp
Dahab,Mashraba,Hood 2 Photo Credit,,"https://commons.wikimedia.org/wiki/File:Masbat_Bay,_Red_Sea_(13620216963).jpg"
Dahab,Medina,Hood 3 Photo File,,images/hoods/dahab--medina.webp
Dahab,Medina,Hood 3 Photo Credit,,https://www.flickr.com/photos/8721758@N06/13629249063/
Dakar,hero,City Photo File,images/cities/dakar.jpg,images/cities/dakar.webp
Dakar,Plateau,Hood 1 Photo File,,images/hoods/dakar--plateau.webp
Dakar,Plateau,Hood 1 Photo Credit,,https://commons.wikimedia.org/wiki/File:Dakar-Beach.jpg
Dakar,Point E / Fann,Hood 2 Photo File,,images/hoods/dakar--point-e-fann.webp
Dakar,Point E / Fann,Hood 2 Photo Credit,,https://commons.wikimedia.org/wiki/File:Cal%C3%A8che_dans_une_ruelle_%C3%A0_Dakar.jpg
Dakar,Les Almadies,Hood 3 Photo File,,images/hoods/dakar--les-almadies.webp
Dakar,Les Almadies,Hood 3 Photo Credit,,https://commons.wikimedia.org/wiki/File:Wash_out_(5719786151).jpg
Dakar,Ngor,Hood 4 Photo File,,images/hoods/dakar--ngor.webp
Dakar,Ngor,Hood 4 Photo Credit,,https://commons.wikimedia.org/wiki/File:Ngor_Bay_(5662409796).jpg
Dakar,Yoff,Hood 5 Photo File,,images/hoods/dakar--yoff.webp
Dakar,Yoff,Hood 5 Photo Credit,,https://commons.wikimedia.org/wiki/File:Dakar-Toothbrush_maker.jpg
Dali,hero,City Photo File,images/cities/dali.jpg,images/cities/dali.webp
Dali,Dali Old Town,Hood 1 Photo File,,images/hoods/dali--dali-old-town.webp
Dali,Dali Old Town,Hood 1 Photo Credit,,https://commons.wikimedia.org/wiki/File:20260223_Dali_Old_Town_08.jpg
Dali,Caicun / West Erhai Shore,Hood 2 Photo File,,images/hoods/dali--caicun-west-erhai-shore.webp
Dali,Caicun / West Erhai Shore,Hood 2 Photo Credit,,https://commons.wikimedia.org/wiki/File:Yun_L66482_at_Sanyuejiekou_(20200122144931).jpg
Dali,Shuanglang,Hood 3 Photo File,,images/hoods/dali--shuanglang.webp
Dali,Shuanglang,Hood 3 Photo Credit,,https://commons.wikimedia.org/wiki/File:%E5%96%84%E4%BA%BA%E6%A5%8A%E5%85%AC%E5%A2%93%E8%AA%8C%E9%8A%98-%E6%98%8E%E6%AD%A3%E7%B5%B1%E4%B8%83%E5%B9%B4_2024-08-20.jpg
Dali,Xizhou,Hood 4 Photo File,,images/hoods/dali--xizhou.webp
Dali,Xizhou,Hood 4 Photo Credit,,https://commons.wikimedia.org/wiki/File:Xizhou_(184476741).jpeg
Dallas,hero,City Photo File,images/cities/dallas.jpg,images/cities/dallas.webp
Dallas,Downtown,Hood 1 Photo File,,images/hoods/dallas--downtown.webp
Dallas,Downtown,Hood 1 Photo Credit,,https://commons.wikimedia.org/wiki/File:1407_Main_construction.jpg
Dallas,Uptown,Hood 2 Photo File,,images/hoods/dallas--uptown.webp
Dallas,Uptown,Hood 2 Photo Credit,,https://commons.wikimedia.org/wiki/File:Liebherr_tower_cranes_dallas_texas_uptown_2009-08-18.jpg
Dallas,Deep Ellum,Hood 3 Photo File,,images/hoods/dallas--deep-ellum.webp
Dallas,Deep Ellum,Hood 3 Photo Credit,,"https://commons.wikimedia.org/wiki/File:A_DART_(Dallas_Area_Rapid_Transit)_train_arrives_at_the_Deep_Ellum_station_in_the_artistically_rich_neighborhood_of_eastern_Dallas,_Texas_LCCN2014632795.tif"
Dallas,Bishop Arts District,Hood 4 Photo File,,images/hoods/dallas--bishop-arts-district.webp
Dallas,Bishop Arts District,Hood 4 Photo Credit,,https://commons.wikimedia.org/wiki/File:Bishop_Residence.JPG
Damascus,hero,City Photo File,images/cities/damascus.jpg,images/cities/damascus.webp
Damascus,Downtown / Salhiyeh,Hood 3 Photo File,,images/hoods/damascus--downtown-salhiyeh.webp
Damascus,Downtown / Salhiyeh,Hood 3 Photo Credit,,https://commons.wikimedia.org/wiki/File:20o150420_123005.jpg
Damascus,Mazzeh,Hood 5 Photo File,,images/hoods/damascus--mazzeh.webp
Damascus,Mazzeh,Hood 5 Photo Credit,,https://commons.wikimedia.org/wiki/File:AL_JALLAA_Swimming_Pool.JPG
Dar es Salaam,hero,City Photo File,images/cities/dar-es-salaam.jpg,images/cities/dar-es-salaam.webp
Dar es Salaam,City Centre / Kivukoni,Hood 1 Photo File,,images/hoods/dar-es-salaam--city-centre-kivukoni.webp
Dar es Salaam,City Centre / Kivukoni,Hood 1 Photo Credit,,https://commons.wikimedia.org/wiki/File:Coconut_palms_(25819100123).jpg
Dar es Salaam,Masaki,Hood 2 Photo File,,images/hoods/dar-es-salaam--masaki.webp
Dar es Salaam,Masaki,Hood 2 Photo Credit,,"https://commons.wikimedia.org/wiki/File:Masaki,_Dar_es_Salaam,_Tanzania_-_panoramio.jpg"
Dar es Salaam,Oyster Bay,Hood 3 Photo File,,images/hoods/dar-es-salaam--oyster-bay.webp
Dar es Salaam,Oyster Bay,Hood 3 Photo Credit,,"https://commons.wikimedia.org/wiki/File:Coco_Beach,_Dar_es_Salaam.jpg"
Dar es Salaam,Kariakoo,Hood 4 Photo File,,images/hoods/dar-es-salaam--kariakoo.webp
Dar es Salaam,Kariakoo,Hood 4 Photo Credit,,https://commons.wikimedia.org/wiki/File:Kariakoo_Waking_Up.jpg
Dar es Salaam,Kigamboni (South Beach),Hood 5 Photo File,,images/hoods/dar-es-salaam--kigamboni-south-beach.webp
Dar es Salaam,Kigamboni (South Beach),Hood 5 Photo Credit,,"https://commons.wikimedia.org/wiki/File:Beah_at_Kimbiji,_Kigamboni_MC.jpg"
Darwin,hero,City Photo File,images/cities/darwin.jpg,images/cities/darwin.webp
Darwin,Darwin CBD,Hood 1 Photo File,,images/hoods/darwin--darwin-cbd.webp
Darwin,Darwin CBD,Hood 1 Photo Credit,,https://commons.wikimedia.org/wiki/File:Cyclone_Marcus_in_Darwin_%E2%80%93_Snapped_tree_in_CBD_02.jpg
Darwin,Darwin Waterfront,Hood 2 Photo File,,images/hoods/darwin--darwin-waterfront.webp
Darwin,Darwin Waterfront,Hood 2 Photo Credit,,https://commons.wikimedia.org/wiki/File:Darwin_Convention_Center.jpg
Darwin,Cullen Bay,Hood 3 Photo File,,images/hoods/darwin--cullen-bay.webp
Darwin,Cullen Bay,Hood 3 Photo Credit,,"https://commons.wikimedia.org/wiki/File:Cullen_Bay,_Darwin,_September_2025_06.jpg"
Darwin,Parap,Hood 4 Photo File,,images/hoods/darwin--parap.webp
Darwin,Parap,Hood 4 Photo Credit,,https://commons.wikimedia.org/wiki/File:Cyclone_Helen_4009.jpg
Darwin,Fannie Bay,Hood 5 Photo File,,images/hoods/darwin--fannie-bay.webp
Darwin,Fannie Bay,Hood 5 Photo Credit,,https://commons.wikimedia.org/wiki/File:Dick_Ward_Drive_Plaque.jpg
Datong,hero,City Photo File,images/cities/datong.jpg,images/cities/datong.webp
Datong,Datong Ancient City,Hood 1 Photo File,,images/hoods/datong--datong-ancient-city.webp
Datong,Datong Ancient City,Hood 1 Photo Credit,,https://commons.wikimedia.org/wiki/File:Pingyaogucheng_Railway_Station.jpg
Datong,Hongqi Square (Downtown),Hood 2 Photo File,,images/hoods/datong--hongqi-square-downtown.webp
Datong,Hongqi Square (Downtown),Hood 2 Photo Credit,,https://commons.wikimedia.org/wiki/File:Platform_of_Jianshe_Square_Station_(20220824144539).jpg
Datong,Yudong New District,Hood 3 Photo File,,images/hoods/datong--yudong-new-district.webp
Datong,Yudong New District,Hood 3 Photo Credit,,https://commons.wikimedia.org/wiki/File:CRT%E9%BE%99%E5%A4%B4%E5%AF%BA_4%E5%85%A5%E5%8F%A3.jpg
Datong,Kaiyuan / Development Zone,Hood 4 Photo File,,images/hoods/datong--kaiyuan-development-zone.webp
Datong,Kaiyuan / Development Zone,Hood 4 Photo Credit,,https://commons.wikimedia.org/wiki/File:Exit_E_of_Southern_Business_District_Station_of_Ningbo_Rail_Transit_20260802.jpg
Davao,hero,City Photo File,images/cities/davao.jpg,images/cities/davao.webp
Davao,hero,City Photo Credit,https://commons.wikimedia.org/wiki/File:Tagumcity_highway.jpg,https://commons.wikimedia.org/wiki/File:MAJESTIC_MT_APO.jpg
Davao,Poblacion (Downtown),Hood 1 Photo File,,images/hoods/davao--poblacion-downtown.webp
Davao,Poblacion (Downtown),Hood 1 Photo Credit,,https://commons.wikimedia.org/wiki/File:Davao_Chinatown_Friendship_Archway_Facade.jpg
Davao,Bajada,Hood 2 Photo File,,images/hoods/davao--bajada.webp
Davao,Bajada,Hood 2 Photo Credit,,https://commons.wikimedia.org/wiki/File:1718704127742_20240617_BAJADA_Thomas_MT_007.jpg
Davao,Lanang,Hood 3 Photo File,,images/hoods/davao--lanang.webp
Davao,Lanang,Hood 3 Photo Credit,,https://commons.wikimedia.org/wiki/File:Davao_City_Library_on_Wheels.jpg
Davao,Matina,Hood 4 Photo File,,images/hoods/davao--matina.webp
Davao,Matina,Hood 4 Photo Credit,,"https://commons.wikimedia.org/wiki/File:Matina_Crossing,_Talomo,_Davao_City,_Davao_del_Sur,_Philippines_-_panoramio.jpg"
Davao,Davao Chinatown (Uyanguren),Hood 5 Photo File,,images/hoods/davao--davao-chinatown-uyanguren.webp
Davao,Davao Chinatown (Uyanguren),Hood 5 Photo Credit,,"https://commons.wikimedia.org/wiki/File:Longhua_Temple,_Davao_City.jpg"
Delhi,hero,City Photo File,images/cities/delhi.jpg,images/cities/delhi.webp
Delhi,Connaught Place,Hood 1 Photo File,images/hoods/delhi--connaught-place.jpg,images/hoods/delhi--connaught-place.webp
Delhi,Connaught Place,Hood 1 Photo Credit,https://commons.wikimedia.org/wiki/File:Skyline_at_Rajiv_Chowk.JPG,"https://commons.wikimedia.org/wiki/File:Connaught_place,_Delhi.jpg"
Delhi,Chandni Chowk,Hood 2 Photo File,images/hoods/delhi--chandni-chowk.jpg,images/hoods/delhi--chandni-chowk.webp
Delhi,Hauz Khas,Hood 3 Photo File,images/hoods/delhi--hauz-khas.jpg,images/hoods/delhi--hauz-khas.webp
Delhi,Karol Bagh,Hood 4 Photo File,images/hoods/delhi--karol-bagh.jpg,images/hoods/delhi--karol-bagh.webp
Delhi,Saket,Hood 5 Photo File,images/hoods/delhi--saket.jpg,images/hoods/delhi--saket.webp
Denizli,hero,City Photo File,images/cities/denizli.jpg,images/cities/denizli.webp
Denizli,Bayramyeri / City Center,Hood 1 Photo File,,images/hoods/denizli--bayramyeri-city-center.webp
Denizli,Bayramyeri / City Center,Hood 1 Photo Credit,,"https://commons.wikimedia.org/wiki/File:The_Salepci_Oglu_Mosque,_Bayramyeri,_Izmir,_Turkey.jpg"
Denizli,Çamlık,Hood 5 Photo File,,images/hoods/denizli--camlik.webp
Denizli,Çamlık,Hood 5 Photo Credit,,"https://commons.wikimedia.org/wiki/File:%C3%87aml%C4%B1k,_Sel%C3%A7uk.jpg"
Denpasar,hero,City Photo File,images/cities/denpasar.jpg,images/cities/denpasar.webp
Denpasar,Sanur,Hood 1 Photo File,images/hoods/denpasar--sanur.jpg,images/hoods/denpasar--sanur.webp
Denpasar,Renon,Hood 2 Photo File,,images/hoods/denpasar--renon.webp
Denpasar,Renon,Hood 2 Photo Credit,,https://commons.wikimedia.org/wiki/File:Lapangan_Puputan_Renon-Monumen_Bajra_Sandhi_-_panoramio.jpg
Denpasar,Sesetan,Hood 3 Photo File,,images/hoods/denpasar--sesetan.webp
Denpasar,Sesetan,Hood 3 Photo Credit,,https://commons.wikimedia.org/wiki/File:Festival_Omed-omedan_Setelah_Nyepi.jpg
Denpasar,Kesiman,Hood 4 Photo File,,images/hoods/denpasar--kesiman.webp
Denpasar,Kesiman,Hood 4 Photo Credit,,"https://commons.wikimedia.org/wiki/File:Tempel_te_Kesiman_bij_Denpasar,_KITLV_163916.tiff"
Denpasar,Panjer,Hood 5 Photo File,images/hoods/denpasar--panjer.jpg,images/hoods/denpasar--panjer.webp
Denver,hero,City Photo File,images/cities/denver.jpg,images/cities/denver.webp
Denver,Downtown / LoDo,Hood 1 Photo File,,images/hoods/denver--downtown-lodo.webp
Denver,Downtown / LoDo,Hood 1 Photo Credit,,"https://commons.wikimedia.org/wiki/File:Central_Business_District_-_Denver,_CO.jpg"
Denver,RiNo (River North Art District),Hood 2 Photo File,,images/hoods/denver--rino-river-north-art-district.webp
Denver,RiNo (River North Art District),Hood 2 Photo Credit,,https://commons.wikimedia.org/wiki/File:Denver_B-Cycle_station_on_1350_Larimer_Street_(1).jpg
Denver,Capitol Hill,Hood 3 Photo File,,images/hoods/denver--capitol-hill.webp
Denver,Capitol Hill,Hood 3 Photo Credit,,"https://commons.wikimedia.org/wiki/File:Park_Place_Tower,_Denver,_CO_2021-03-01.jpg"
Denver,Cherry Creek,Hood 4 Photo File,,images/hoods/denver--cherry-creek.webp
Denver,Cherry Creek,Hood 4 Photo Credit,,https://commons.wikimedia.org/wiki/File:Denver_duplex_built_in_2021.JPG
Detroit,hero,City Photo File,images/cities/detroit.jpg,images/cities/detroit.webp
Detroit,Downtown,Hood 1 Photo File,,images/hoods/detroit--downtown.webp
Detroit,Downtown,Hood 1 Photo Credit,,https://commons.wikimedia.org/wiki/File:Detroit_(24413466028).jpg
Detroit,Midtown,Hood 2 Photo File,,images/hoods/detroit--midtown.webp
Detroit,Midtown,Hood 2 Photo Credit,,"https://commons.wikimedia.org/wiki/File:Emory_Leyden_Ford_House_(Hellenic_Museum_of_Michigan),_Midtown_Detroit_-_20201215.jpg"
Detroit,Corktown,Hood 3 Photo File,,images/hoods/detroit--corktown.webp
Detroit,Corktown,Hood 3 Photo Credit,,https://commons.wikimedia.org/wiki/File:Slows_BBQ.jpg
Detroit,Greektown,Hood 4 Photo File,,images/hoods/detroit--greektown.webp
Detroit,Greektown,Hood 4 Photo Credit,,https://commons.wikimedia.org/wiki/File:Detroit_December_2015_01_(Greektown).jpg
Detroit,New Center,Hood 5 Photo File,,images/hoods/detroit--new-center.webp
Detroit,New Center,Hood 5 Photo Credit,,https://commons.wikimedia.org/wiki/File:Detroit_December_2021_19_(Pallister_Park).jpg
Dhaka,hero,City Photo File,images/cities/dhaka.jpg,images/cities/dhaka.webp
Dhaka,Gulshan,Hood 1 Photo File,,images/hoods/dhaka--gulshan.webp
Dhaka,Gulshan,Hood 1 Photo Credit,,https://commons.wikimedia.org/wiki/File:Gulshan_2_intersection.jpg
Dhaka,Banani,Hood 2 Photo File,,images/hoods/dhaka--banani.webp
Dhaka,Banani,Hood 2 Photo Credit,,"https://commons.wikimedia.org/wiki/File:ASC_Leiden_-_W.E.A._van_Beek_Collection_-_Dogon_lifestock_01_-_A_herd_of_goats_near_the_mountain_of_Yugo,_Banani,_Mali_1980.jpg"
Dhaka,Dhanmondi,Hood 3 Photo File,,images/hoods/dhaka--dhanmondi.webp
Dhaka,Dhanmondi,Hood 3 Photo Credit,,"https://commons.wikimedia.org/wiki/File:Dhaka%27s_traffic_jam,_Mirpur_Road.jpg"
Dhaka,Old Dhaka (Sadarghat/Sutrapur),Hood 4 Photo File,,images/hoods/dhaka--old-dhaka-sadarghat-sutrapur.webp
Dhaka,Old Dhaka (Sadarghat/Sutrapur),Hood 4 Photo Credit,,https://commons.wikimedia.org/wiki/File:NZF_6079.jpg
Dhaka,Karwan Bazar/Sonargaon area,Hood 5 Photo File,,images/hoods/dhaka--karwan-bazar-sonargaon-area.webp
Dhaka,Karwan Bazar/Sonargaon area,Hood 5 Photo Credit,,https://commons.wikimedia.org/wiki/File:Ongoing_construction_of_Metrorail_station_near_BSMMU.jpg
Dijon,hero,City Photo File,images/cities/dijon.jpg,images/cities/dijon.webp
Dijon,hero,City Photo Credit,https://commons.wikimedia.org/wiki/File:Dijon_-_Puits_de_Mo%C3%AFse_-_02.jpg,https://commons.wikimedia.org/wiki/File:Dijon_Herzogspalast.jpg
Dijon,Toison d'Or,Hood 3 Photo File,,images/hoods/dijon--toison-d-or.webp
Dijon,Toison d'Or,Hood 3 Photo Credit,,https://commons.wikimedia.org/wiki/File:Le_Toison_d%27Or_2.jpg
Dijon,Montchapet,Hood 4 Photo File,,images/hoods/dijon--montchapet.webp
Dijon,Montchapet,Hood 4 Photo Credit,,https://commons.wikimedia.org/wiki/File:Dijon_(21)_Chalet_11_Rue_de_Montchapet.jpg
Dijon,Université / Montmuzard,Hood 5 Photo File,,images/hoods/dijon--universite-montmuzard.webp
Dijon,Université / Montmuzard,Hood 5 Photo Credit,,https://commons.wikimedia.org/wiki/File:Station_Universit%C3%A9_Tramway_Dijon_-_Dijon_(FR21)_-_2024-01-23_-_1.jpg
Dili,hero,City Photo File,images/cities/dili.jpg,images/cities/dili.webp
Dili,Colmera,Hood 1 Photo File,,images/hoods/dili--colmera.webp
Dili,Colmera,Hood 1 Photo Credit,,"https://commons.wikimedia.org/wiki/File:Clock_tower_roundabout,_Dili,_2018_(01).jpg"
Dili,Farol,Hood 2 Photo File,,images/hoods/dili--farol.webp
Dili,Farol,Hood 2 Photo Credit,,https://commons.wikimedia.org/wiki/File:Farol_da_barra.jpg
Dili,Metiaut,Hood 3 Photo File,,images/hoods/dili--metiaut.webp
Dili,Metiaut,Hood 3 Photo Credit,,"https://commons.wikimedia.org/wiki/File:Virgin_Mary_Altar,_Dili,_East_Timor_(313433237).jpg"
Dili,Areia Branca,Hood 4 Photo File,,images/hoods/dili--areia-branca.webp
Dili,Areia Branca,Hood 4 Photo Credit,,"https://commons.wikimedia.org/wiki/File:Areia_Branca_(Dili),_2023_(06).jpg"
Dili,Comoro,Hood 5 Photo File,,images/hoods/dili--comoro.webp
Dili,Comoro,Hood 5 Photo Credit,,"https://commons.wikimedia.org/wiki/File:Comoro_River_mouth,_2023_(01).jpg"
Djanet,hero,City Photo File,images/cities/djanet.jpg,images/cities/djanet.webp
Djanet,Ifri,Hood 2 Photo File,,images/hoods/djanet--ifri.webp
Djanet,Ifri,Hood 2 Photo Credit,,https://commons.wikimedia.org/wiki/File:Soda_Ifri_-_20110516_(1).jpg
Doha,hero,City Photo File,images/cities/doha.jpg,images/cities/doha.webp
Doha,West Bay,Hood 1 Photo File,images/hoods/doha--west-bay.jpg,images/hoods/doha--west-bay.webp
Doha,West Bay,Hood 1 Photo Credit,https://commons.wikimedia.org/wiki/File:Doha_skyline_in_the_morning_(12544910974)_(cropped).jpg,https://commons.wikimedia.org/wiki/File:Doha_-_West_Bay_Skyline_01.jpg
Doha,The Pearl-Qatar,Hood 2 Photo File,images/hoods/doha--the-pearl-qatar.jpg,images/hoods/doha--the-pearl-qatar.webp
Doha,Msheireb,Hood 3 Photo File,images/hoods/doha--msheireb.jpg,images/hoods/doha--msheireb.webp
Doha,Al Sadd,Hood 4 Photo File,,images/hoods/doha--al-sadd.webp
Doha,Al Sadd,Hood 4 Photo Credit,,https://commons.wikimedia.org/wiki/File:Al_Sadd_Plaza_and_Al_Fardan_Plaza_in_Doha.jpg
Doha,Katara,Hood 5 Photo File,images/hoods/doha--katara.jpg,images/hoods/doha--katara.webp
Douala,hero,City Photo File,images/cities/douala.jpg,images/cities/douala.webp
Douala,hero,City Photo Credit,https://en.wikipedia.org/wiki/File:Quarter_Bali_%C3%A0_Douala_Cameroun.jpg,https://unsplash.com/photos/people-walking-on-street-during-daytime-bZnciM7XIYw
Douala,Bonanjo,Hood 1 Photo File,,images/hoods/douala--bonanjo.webp
Douala,Bonanjo,Hood 1 Photo Credit,,https://commons.wikimedia.org/wiki/File:Bonanjo_-_Centre_de_documentation_et_information_urbanisme_(CUD)_03.JPG
Douala,Akwa,Hood 2 Photo File,,images/hoods/douala--akwa.webp
Douala,Akwa,Hood 2 Photo Credit,,https://commons.wikimedia.org/wiki/File:DansMes100Pas_dans_la_ville_de_Douala._01.jpg
Douala,Bonapriso,Hood 3 Photo File,,images/hoods/douala--bonapriso.webp
Douala,Bonapriso,Hood 3 Photo Credit,,https://commons.wikimedia.org/wiki/File:Kdfcarnaval01.JPG
Douala,Deido,Hood 4 Photo File,,images/hoods/douala--deido.webp
Douala,Deido,Hood 4 Photo Credit,,https://commons.wikimedia.org/wiki/File:Deido_Douala_December_2012_01.JPG
Douala,Bonamoussadi,Hood 5 Photo File,,images/hoods/douala--bonamoussadi.webp
Douala,Bonamoussadi,Hood 5 Photo Credit,,https://commons.wikimedia.org/wiki/File:Camp_Sic_Bonamoussadi_Douala.jpg
Dresden,hero,City Photo File,images/cities/dresden.jpg,images/cities/dresden.webp
Dresden,Altstadt,Hood 1 Photo File,,images/hoods/dresden--altstadt.webp
Dresden,Altstadt,Hood 1 Photo Credit,,https://commons.wikimedia.org/wiki/File:20190826.Dresden.Schlo%C3%9Fstra%C3%9Fe_7-9.-011.jpg
Dresden,Innere Neustadt,Hood 2 Photo File,,images/hoods/dresden--innere-neustadt.webp
Dresden,Innere Neustadt,Hood 2 Photo Credit,,"https://commons.wikimedia.org/wiki/File:20200811.Albertstra%C3%9Fe_Dresden,-011.jpg"
Dresden,Äußere Neustadt,Hood 3 Photo File,,images/hoods/dresden--aussere-neustadt.webp
Dresden,Äußere Neustadt,Hood 3 Photo Credit,,https://commons.wikimedia.org/wiki/File:Dresden-Talstra%C3%9Fe-Luise.jpg
Dresden,Striesen,Hood 4 Photo File,,images/hoods/dresden--striesen.webp
Dresden,Striesen,Hood 4 Photo Credit,,https://commons.wikimedia.org/wiki/File:Atlas_zur_Geschichte_Dresdens_Tafel_12_a_(cropped).jpg
Dresden,Blasewitz,Hood 5 Photo File,,images/hoods/dresden--blasewitz.webp
Dresden,Blasewitz,Hood 5 Photo Credit,,https://commons.wikimedia.org/wiki/File:Linde_mit_Lindner.jpg
Dubai,hero,City Photo File,images/cities/dubai.jpg,images/cities/dubai.webp
Dubai,Downtown Dubai,Hood 1 Photo File,images/hoods/dubai--downtown-dubai.jpg,images/hoods/dubai--downtown-dubai.webp
Dubai,Dubai Marina,Hood 2 Photo File,images/hoods/dubai--dubai-marina.jpg,images/hoods/dubai--dubai-marina.webp
Dubai,Jumeirah,Hood 3 Photo File,images/hoods/dubai--jumeirah.jpg,images/hoods/dubai--jumeirah.webp
Dubai,Deira,Hood 4 Photo File,images/hoods/dubai--deira.jpg,images/hoods/dubai--deira.webp
Dubai,Business Bay,Hood 5 Photo File,images/hoods/dubai--business-bay.jpg,images/hoods/dubai--business-bay.webp
Dublin,hero,City Photo File,images/cities/dublin.jpg,images/cities/dublin.webp
Dublin,Temple Bar,Hood 1 Photo File,images/hoods/dublin--temple-bar.jpg,images/hoods/dublin--temple-bar.webp
Dublin,Ballsbridge,Hood 2 Photo File,images/hoods/dublin--ballsbridge.jpg,images/hoods/dublin--ballsbridge.webp
Dublin,Rathmines,Hood 3 Photo File,images/hoods/dublin--rathmines.jpg,images/hoods/dublin--rathmines.webp
Dublin,The Liberties,Hood 4 Photo File,images/hoods/dublin--the-liberties.jpg,images/hoods/dublin--the-liberties.webp
Dublin,Smithfield,Hood 5 Photo File,images/hoods/dublin--smithfield.jpg,images/hoods/dublin--smithfield.webp
Dubrovnik,hero,City Photo File,images/cities/dubrovnik.jpg,images/cities/dubrovnik.webp
Dubrovnik,Old Town,Hood 1 Photo File,images/hoods/dubrovnik--old-town.jpg,images/hoods/dubrovnik--old-town.webp
Dubrovnik,Lapad,Hood 2 Photo File,images/hoods/dubrovnik--lapad.jpg,images/hoods/dubrovnik--lapad.webp
Dubrovnik,Babin Kuk,Hood 3 Photo File,images/hoods/dubrovnik--babin-kuk.jpg,images/hoods/dubrovnik--babin-kuk.webp
Dubrovnik,Babin Kuk,Hood 3 Photo Credit,https://commons.wikimedia.org/wiki/File:Babin_Kuk_Resort_Dubrovnik.jpg,https://commons.wikimedia.org/wiki/File:Valamar_Lacroma_Resort_Dubrovnik_view_2023.jpg
Dubrovnik,Ploče,Hood 4 Photo File,images/hoods/dubrovnik--ploce.jpg,images/hoods/dubrovnik--ploce.webp
Dubrovnik,Gruž,Hood 5 Photo File,images/hoods/dubrovnik--gruz.jpg,images/hoods/dubrovnik--gruz.webp
Dunedin,hero,City Photo File,images/cities/dunedin.jpg,images/cities/dunedin.webp
Dunedin,The Octagon (City Centre),Hood 1 Photo File,,images/hoods/dunedin--the-octagon-city-centre.webp
Dunedin,The Octagon (City Centre),Hood 1 Photo Credit,,"https://commons.wikimedia.org/wiki/File:El_Oct%C3%A1gono,_Dunedin,_Nueva_Zelanda_-_panoramio.jpg"
Dunedin,North Dunedin (University),Hood 2 Photo File,,images/hoods/dunedin--north-dunedin-university.webp
Dunedin,North Dunedin (University),Hood 2 Photo Credit,,https://commons.wikimedia.org/wiki/File:Bank_Street_in_Dunedin.jpg
Dunedin,St Clair & St Kilda,Hood 3 Photo File,,images/hoods/dunedin--st-clair-st-kilda.webp
Dunedin,St Clair & St Kilda,Hood 3 Photo Credit,,https://commons.wikimedia.org/wiki/File:John_Wilson_Promenade_Open_Day_(4915187442).jpg
Dunedin,Warehouse Precinct,Hood 4 Photo File,,images/hoods/dunedin--warehouse-precinct.webp
Dunedin,Warehouse Precinct,Hood 4 Photo Credit,,"https://commons.wikimedia.org/wiki/File:National_Mortage_%26_Angency_Coy._of_N.Z._Ltd._Building,_57_Vogel_Street,_Dunedin,_New_Zealand.jpg"
Dunedin,Port Chalmers,Hood 5 Photo File,,images/hoods/dunedin--port-chalmers.webp
Dunedin,Port Chalmers,Hood 5 Photo Credit,,https://commons.wikimedia.org/wiki/File:Cold_morning_loading_at_Port_Chalmers_-_panoramio.jpg
Durban,hero,City Photo File,images/cities/durban.jpg,images/cities/durban.webp
Durban,Florida Road (Morningside),Hood 2 Photo File,,images/hoods/durban--florida-road-morningside.webp
Durban,Florida Road (Morningside),Hood 2 Photo Credit,,https://commons.wikimedia.org/wiki/File:Airport_S_FL17_-_W_FL64.jpg
Durban,Umhlanga,Hood 3 Photo File,,images/hoods/durban--umhlanga.webp
Durban,Umhlanga,Hood 3 Photo Credit,,https://commons.wikimedia.org/wiki/File:Lighthouse_(531950430).jpg
Durban,Berea,Hood 4 Photo File,,images/hoods/durban--berea.webp
Durban,Berea,Hood 4 Photo Credit,,"https://commons.wikimedia.org/wiki/File:Mannen_onder_boom_in_Berea-park_in_Zuid-Afrika_Berea-park_(titel_op_object),_RP-F-F00999-AR.jpg"
Durban,Glenwood,Hood 5 Photo File,,images/hoods/durban--glenwood.webp
Durban,Glenwood,Hood 5 Photo Credit,,https://commons.wikimedia.org/wiki/File:St_Henry%27s_Marist_Brothers%27_College.JPG
Durham,hero,City Photo File,images/cities/durham.jpg,images/cities/durham.webp
Durham,City Centre & The Bailey,Hood 1 Photo File,,images/hoods/durham--city-centre-the-bailey.webp
Durham,City Centre & The Bailey,Hood 1 Photo Credit,,https://commons.wikimedia.org/wiki/File:Two_New_Bailey_Salford_February_2025.jpg
Durham,Elvet,Hood 2 Photo File,,images/hoods/durham--elvet.webp
Durham,Elvet,Hood 2 Photo Credit,,https://commons.wikimedia.org/wiki/File:At_Durham_2025_063.jpg
Durham,Gilesgate,Hood 4 Photo File,,images/hoods/durham--gilesgate.webp
Durham,Gilesgate,Hood 4 Photo Credit,,"https://commons.wikimedia.org/wiki/File:Durham_Gilesgate_railway_station_(site),_County_Durham_(geograph_5250796).jpg"
Durham,Neville's Cross,Hood 5 Photo File,,images/hoods/durham--neville-s-cross.webp
Durham,Neville's Cross,Hood 5 Photo Credit,,https://commons.wikimedia.org/wiki/File:Ember_Pub_and_Dining_at_The_Duke_of_Wellington_-_geograph.org.uk_-_2357685.jpg
Durrës,hero,City Photo File,images/cities/durr-s.jpg,images/cities/durr-s.webp
Durrës,hero,City Photo Credit,https://commons.wikimedia.org/wiki/File:Amphitheatre_of_Durr%C3%ABs_2013-09_005.jpg,https://commons.wikimedia.org/wiki/File:Amphitheatre_of_Durr%C3%ABs_(by_Pudelek).JPG
Durrës,Qendra (Historic Center & Port),Hood 1 Photo File,,images/hoods/durres--qendra-historic-center-port.webp
Durrës,Qendra (Historic Center & Port),Hood 1 Photo Credit,,https://commons.wikimedia.org/wiki/File:Emergency_UCCK.jpg
Durrës,Plazhi i Durrësit (Iliria),Hood 2 Photo File,,images/hoods/durres--plazhi-i-durresit-iliria.webp
Durrës,Plazhi i Durrësit (Iliria),Hood 2 Photo Credit,,"https://commons.wikimedia.org/wiki/File:Portez_area_in_Durr%C3%ABs,_Albania.jpg"
Durrës,Currila,Hood 3 Photo File,,images/hoods/durres--currila.webp
Durrës,Currila,Hood 3 Photo Credit,,https://commons.wikimedia.org/wiki/File:Universiteti_Aleksand%C3%ABr_Moisiu_Durr%C3%ABs_2015.jpg
Durrës,Shkëmbi i Kavajës,Hood 4 Photo File,,images/hoods/durres--shkembi-i-kavajes.webp
Durrës,Shkëmbi i Kavajës,Hood 4 Photo Credit,,https://commons.wikimedia.org/wiki/File:Plazhi_i_Shk%C3%ABmbit_t%C3%AB_Kavaj%C3%ABs_01.jpg
Durrës,Golem,Hood 5 Photo File,,images/hoods/durres--golem.webp
Durrës,Golem,Hood 5 Photo Credit,,"https://commons.wikimedia.org/wiki/File:Golem,_Qarku_i_Tiran%C3%ABs_(Tirana_County),_Albania_-_Kangaroo.jpg"
Dushanbe,hero,City Photo File,images/cities/dushanbe.jpg,images/cities/dushanbe.webp
Dushanbe,Ismoili Somoni District,Hood 2 Photo File,,images/hoods/dushanbe--ismoili-somoni-district.webp
Dushanbe,Ismoili Somoni District,Hood 2 Photo Credit,,https://commons.wikimedia.org/wiki/File:Kommunismi_m%C3%A4etipp_85.jpg
Dushanbe,Airport Area (Ayni Street),Hood 3 Photo File,,images/hoods/dushanbe--airport-area-ayni-street.webp
Dushanbe,Airport Area (Ayni Street),Hood 3 Photo Credit,,https://commons.wikimedia.org/wiki/File:Embassy_of_the_Republic_of_Angola_(63456).jpg
Dushanbe,Shah Mansur (Green Bazaar),Hood 4 Photo File,,images/hoods/dushanbe--shah-mansur-green-bazaar.webp
Dushanbe,Shah Mansur (Green Bazaar),Hood 4 Photo Credit,,https://commons.wikimedia.org/wiki/File:India2012_Maharashtra_Bid_Mansur_Shah_Dargah.jpg
Dushanbe,Zarafshon,Hood 5 Photo File,,images/hoods/dushanbe--zarafshon.webp
Dushanbe,Zarafshon,Hood 5 Photo Credit,,https://commons.wikimedia.org/wiki/File:Qishloq_ko%CA%BBchalaridan_biri.jpg
Düsseldorf,hero,City Photo File,images/cities/d-sseldorf.jpg,images/cities/d-sseldorf.webp
Düsseldorf,Altstadt,Hood 1 Photo File,,images/hoods/dusseldorf--altstadt.webp
Düsseldorf,Altstadt,Hood 1 Photo Credit,,https://commons.wikimedia.org/wiki/File:D%C3%BCsseldorf_Neanderkirche_von_W1.jpg
Düsseldorf,Königsallee (Stadtmitte),Hood 2 Photo File,,images/hoods/dusseldorf--konigsallee-stadtmitte.webp
Düsseldorf,Königsallee (Stadtmitte),Hood 2 Photo Credit,,"https://commons.wikimedia.org/wiki/File:K%C3%B6-Galerie_Passage_im_Haus_K%C3%B6nigsallee_58,_D%C3%BCsseldorf-Stadtmitte.jpg"
Düsseldorf,MedienHafen,Hood 3 Photo File,,images/hoods/dusseldorf--medienhafen.webp
Düsseldorf,MedienHafen,Hood 3 Photo Credit,,https://commons.wikimedia.org/wiki/File:Geb%C3%A4ude_im_Hafen_in_D%C3%BCsseldorf_-_panoramio.jpg
Düsseldorf,Flingern,Hood 4 Photo File,,images/hoods/dusseldorf--flingern.webp
Düsseldorf,Flingern,Hood 4 Photo Credit,,"https://commons.wikimedia.org/wiki/File:Haltepunkt_D%C3%BCsseldorf-Flingern,_1,_Flingern_Nord,_D%C3%BCsseldorf.jpg"
Düsseldorf,Oberkassel,Hood 5 Photo File,,images/hoods/dusseldorf--oberkassel.webp
Düsseldorf,Oberkassel,Hood 5 Photo Credit,,https://commons.wikimedia.org/wiki/File:Blick_Richtung_Oberkassel_(und_Kirmesgel%C3%A4nde)_-_panoramio.jpg
Edinburgh,hero,City Photo File,images/cities/edinburgh.jpg,images/cities/edinburgh.webp
Edinburgh,Old Town,Hood 1 Photo File,images/hoods/edinburgh--old-town.jpg,images/hoods/edinburgh--old-town.webp
Edinburgh,Old Town,Hood 1 Photo Credit,https://commons.wikimedia.org/wiki/File:Old_Town_from_Princes_Street.JPG,https://commons.wikimedia.org/wiki/File:Edinburgh_Old_Town_(5797254849).jpg
Edinburgh,New Town,Hood 2 Photo File,images/hoods/edinburgh--new-town.jpg,images/hoods/edinburgh--new-town.webp
Edinburgh,New Town,Hood 2 Photo Credit,https://www.pexels.com/photo/aerial-view-of-edinburgh-scotland-s-new-town-35457904/,https://commons.wikimedia.org/wiki/File:Lothian_buses_913.JPG
Edinburgh,Leith,Hood 3 Photo File,images/hoods/edinburgh--leith.jpg,images/hoods/edinburgh--leith.webp
Edinburgh,Stockbridge,Hood 4 Photo File,images/hoods/edinburgh--stockbridge.jpg,images/hoods/edinburgh--stockbridge.webp
Edinburgh,Morningside,Hood 5 Photo File,images/hoods/edinburgh--morningside.jpg,images/hoods/edinburgh--morningside.webp
Edirne,hero,City Photo File,images/cities/edirne.jpg,images/cities/edirne.webp
Edirne,Kaleici,Hood 1 Photo File,,images/hoods/edirne--kaleici.webp
Edirne,Kaleici,Hood 1 Photo Credit,,https://commons.wikimedia.org/wiki/File:Municipality_in_Edirne_in_2024_6334.jpg
Edirne,Karaagac,Hood 2 Photo File,,images/hoods/edirne--karaagac.webp
Edirne,Karaagac,Hood 2 Photo Credit,,https://commons.wikimedia.org/wiki/File:Karaa%C4%9Fa%C3%A7_railway_station_NE_side_detail_in_2024_5740.jpg
Edirne,Kiyik,Hood 3 Photo File,,images/hoods/edirne--kiyik.webp
Edirne,Kiyik,Hood 3 Photo Credit,,https://commons.wikimedia.org/wiki/File:Gazella_subgutturosa_subgutturosa_Zoo_Karlsruhe_2025-09-01T16-27-31.jpg
Edmonton,hero,City Photo File,images/cities/edmonton.jpg,images/cities/edmonton.webp
Edmonton,Downtown / Ice District,Hood 1 Photo File,,images/hoods/edmonton--downtown-ice-district.webp
Edmonton,Downtown / Ice District,Hood 1 Photo Credit,,https://commons.wikimedia.org/wiki/File:Canadian_Imperial_Bank_of_Commerce_(509203148).jpg
Edmonton,Old Strathcona (Whyte Avenue),Hood 2 Photo File,,images/hoods/edmonton--old-strathcona-whyte-avenue.webp
Edmonton,Old Strathcona (Whyte Avenue),Hood 2 Photo Credit,,https://commons.wikimedia.org/wiki/File:Marble_slab_creamery_(136316369).jpg
Edmonton,West Edmonton,Hood 3 Photo File,,images/hoods/edmonton--west-edmonton.webp
Edmonton,West Edmonton,Hood 3 Photo Credit,,https://commons.wikimedia.org/wiki/File:Edmonton_IMG_4204_(22676550095).jpg
Eilat,hero,City Photo File,images/cities/eilat.jpg,images/cities/eilat.webp
Eilat,North Beach,Hood 1 Photo File,,images/hoods/eilat--north-beach.webp
Eilat,North Beach,Hood 1 Photo Credit,,https://commons.wikimedia.org/wiki/File:Locomotive_and_tractor_on_display_LCCN2016824036.tif
Eilat,The Lagoon / Marina,Hood 2 Photo File,,images/hoods/eilat--the-lagoon-marina.webp
Eilat,The Lagoon / Marina,Hood 2 Photo Credit,,https://commons.wikimedia.org/wiki/File:Trifid_and_Lagoon_nebulae.jpg
Eilat,New Tourist Center,Hood 3 Photo File,,images/hoods/eilat--new-tourist-center.webp
Eilat,New Tourist Center,Hood 3 Photo Credit,,"https://commons.wikimedia.org/wiki/File:Florida_Marine_Welcome_Center,_Fernandina_Beach,_Florida_LCCN2017712533.tif"
Eilat,Coral Beach,Hood 5 Photo File,,images/hoods/eilat--coral-beach.webp
Eilat,Coral Beach,Hood 5 Photo Credit,,"https://commons.wikimedia.org/wiki/File:Blue_Coral_Beach,_Kissonerga,_Kypr_01.jpg"
El Calafate,hero,City Photo File,images/cities/el-calafate.jpg,images/cities/el-calafate.webp
El Calafate,Av. del Libertador (Main Street),Hood 1 Photo File,,images/hoods/el-calafate--av-del-libertador-main-street.webp
El Calafate,Av. del Libertador (Main Street),Hood 1 Photo Credit,,https://commons.wikimedia.org/wiki/File:A_PASO_DE_HOMBRE.jpg
El Calafate,Bahia Redonda,Hood 2 Photo File,,images/hoods/el-calafate--bahia-redonda.webp
El Calafate,Bahia Redonda,Hood 2 Photo Credit,,https://commons.wikimedia.org/wiki/File:Bah%C3%ADa_Redonda_-_El_Calafate.jpg
El Chaltén,hero,City Photo File,images/cities/el-chalt-n.jpg,images/cities/el-chalt-n.webp
El Chaltén,Village Center,Hood 1 Photo File,,images/hoods/el-chalten--village-center.webp
El Chaltén,Village Center,Hood 1 Photo Credit,,https://commons.wikimedia.org/wiki/File:Fallschase_Village_Center_sign.jpg
El Nido,hero,City Photo File,images/cities/el-nido.jpg,images/cities/el-nido.webp
El Nido,El Nido Town / Poblacion,Hood 1 Photo File,,images/hoods/el-nido--el-nido-town-poblacion.webp
El Nido,El Nido Town / Poblacion,Hood 1 Photo Credit,,https://commons.wikimedia.org/wiki/File:El_Nido_Town_Beach.jpg
El Nido,Corong-Corong,Hood 2 Photo File,,images/hoods/el-nido--corong-corong.webp
El Nido,Corong-Corong,Hood 2 Photo Credit,,https://commons.wikimedia.org/wiki/File:032_Corong.jpg
El Nido,Las Cabanas / Marimegmeg Beach,Hood 3 Photo File,,images/hoods/el-nido--las-cabanas-marimegmeg-beach.webp
El Nido,Las Cabanas / Marimegmeg Beach,Hood 3 Photo Credit,,https://commons.wikimedia.org/wiki/File:Castle_of_Las_Caba%C3%B1as_de_Castilla_004.JPG
El Nido,Lio Beach,Hood 4 Photo File,,images/hoods/el-nido--lio-beach.webp
El Nido,Lio Beach,Hood 4 Photo Credit,,https://commons.wikimedia.org/wiki/File:Beach_with_pier_view.jpg
El Nido,Nacpan Beach,Hood 5 Photo File,,images/hoods/el-nido--nacpan-beach.webp
El Nido,Nacpan Beach,Hood 5 Photo Credit,,https://commons.wikimedia.org/wiki/File:Nacpan_Beach_Coastal_Landscape.jpg
Encarnación,hero,City Photo File,images/cities/encarnaci-n.jpg,images/cities/encarnaci-n.webp
Encarnación,hero,City Photo Credit,https://commons.wikimedia.org/wiki/File:J38_025_Encarnaci%C3%B3n%2C_Avenida_Costanera_Republica_del_Paraguay.jpg,https://commons.wikimedia.org/wiki/File:Panorama_of_Encarnaci%C3%B3n_057.jpg
Encarnación,Centro,Hood 1 Photo File,,images/hoods/encarnacion--centro.webp
Encarnación,Centro,Hood 1 Photo Credit,,https://commons.wikimedia.org/wiki/File:Shopping_Mall_Interior_(48844005991).jpg
Encarnación,San José,Hood 2 Photo File,,images/hoods/encarnacion--san-jose.webp
Encarnación,San José,Hood 2 Photo Credit,,"https://commons.wikimedia.org/wiki/File:J37_693_Encarnaci%C3%B3n,_Playa_San_Jos%C3%A9.jpg"
Encarnación,Quiteria,Hood 3 Photo File,,images/hoods/encarnacion--quiteria.webp
Encarnación,Quiteria,Hood 3 Photo Credit,,https://commons.wikimedia.org/wiki/File:La_marquesa_viuda_de_Villafranca_por_Francisco_de_Goya.jpg
Encarnación,San Pedro,Hood 4 Photo File,,images/hoods/encarnacion--san-pedro.webp
Encarnación,San Pedro,Hood 4 Photo Credit,,https://commons.wikimedia.org/wiki/File:Escalinata_Barrio_San_Pedro_201646.jpg
Ensenada,hero,City Photo File,images/cities/ensenada.jpg,images/cities/ensenada.webp
Ensenada,Zona Costero (Hotel Zone),Hood 2 Photo File,,images/hoods/ensenada--zona-costero-hotel-zone.webp
Ensenada,Zona Costero (Hotel Zone),Hood 2 Photo Credit,,https://commons.wikimedia.org/wiki/File:MINISTRO_DE_DEFENSA_LLEV%C3%93_AYUDA_HUMANITARIA_A_PIURA_Y_COORDIN%C3%93_ACCIONES_PARA_ENFRENTAR_EFECTOS_DEL_FEN%C3%93MENO_DEL_NI%C3%91O_COSTERO.jpg
Ensenada,Estero Beach,Hood 5 Photo File,,images/hoods/ensenada--estero-beach.webp
Ensenada,Estero Beach,Hood 5 Photo Credit,,https://commons.wikimedia.org/wiki/File:Spiaggia_cuba.jpg
Enshi,hero,City Photo File,images/cities/enshi.jpg,images/cities/enshi.webp
Enshi,hero,City Photo Credit,https://commons.wikimedia.org/wiki/File:202309_Enshi_City%2C_Hubei_at_Night.jpg,https://commons.wikimedia.org/wiki/File:%E6%81%A9%E6%96%BD2012-1enshi_-_panoramio.jpg
Enshi,Tujia Nü'er Cheng,Hood 2 Photo File,images/hoods/enshi--tujia-n-er-cheng.jpg,images/hoods/enshi--tujia-n-er-cheng.webp
Enshi,Enshi Railway Station (Jinziba),Hood 3 Photo File,,images/hoods/enshi--enshi-railway-station-jinziba.webp
Enshi,Enshi Railway Station (Jinziba),Hood 3 Photo Credit,,"https://commons.wikimedia.org/wiki/File:201908_Platform_4,5_of_Enshi_Station.jpg"
Erbil,hero,City Photo File,images/cities/erbil.jpg,images/cities/erbil.webp
Erbil,Downtown (Citadel & Qaysari Bazaar),Hood 1 Photo File,,images/hoods/erbil--downtown-citadel-qaysari-bazaar.webp
Erbil,Downtown (Citadel & Qaysari Bazaar),Hood 1 Photo Credit,,https://commons.wikimedia.org/wiki/File:Downtown_-_panoramio_-_hardisaed_(1).jpg
Erbil,Ainkawa,Hood 2 Photo File,,images/hoods/erbil--ainkawa.webp
Erbil,Ainkawa,Hood 2 Photo Credit,,https://commons.wikimedia.org/wiki/File:Views_around_the_entrance_to_Ankawa_at_Ankawa_Road_and_Hundred_Meter_Road_06.jpg
Erbil,Gulan Street,Hood 3 Photo File,,images/hoods/erbil--gulan-street.webp
Erbil,Gulan Street,Hood 3 Photo Credit,,"https://commons.wikimedia.org/wiki/File:Gul%C3%A1ns,_Ponteareas,_cruceiro.jpg"
Erbil,Italian Village,Hood 5 Photo File,,images/hoods/erbil--italian-village.webp
Erbil,Italian Village,Hood 5 Photo Credit,,"https://commons.wikimedia.org/wiki/File:Columbus,_Ohio_fire_station_06.jpg"
Erfurt,hero,City Photo File,images/cities/erfurt.jpg,images/cities/erfurt.webp
Erfurt,Altstadt,Hood 1 Photo File,,images/hoods/erfurt--altstadt.webp
Erfurt,Altstadt,Hood 1 Photo Credit,,https://commons.wikimedia.org/wiki/File:Blick%C3%BCbererfurt_%C3%A4gidienkirche2_kr%C3%A4merbr%C3%BCcke.JPG
Erfurt,Andreasviertel,Hood 2 Photo File,,images/hoods/erfurt--andreasviertel.webp
Erfurt,Andreasviertel,Hood 2 Photo Credit,,https://commons.wikimedia.org/wiki/File:N%C3%B6rdliches_Andreasviertel_Erfurt.JPG
Erfurt,Löbervorstadt,Hood 3 Photo File,,images/hoods/erfurt--lobervorstadt.webp
Erfurt,Löbervorstadt,Hood 3 Photo Credit,,https://commons.wikimedia.org/wiki/File:Sender_Erfurt_(Chamissostr.).jpg
Erfurt,Brühlervorstadt,Hood 4 Photo File,,images/hoods/erfurt--bruhlervorstadt.webp
Erfurt,Brühlervorstadt,Hood 4 Photo Credit,,https://commons.wikimedia.org/wiki/File:Bergstrom_Erfurt.JPG
Erfurt,Anger,Hood 5 Photo File,,images/hoods/erfurt--anger.webp
Erfurt,Anger,Hood 5 Photo Credit,,https://commons.wikimedia.org/wiki/File:Anger_57_Erfurt_20250427_0002.jpg
Essaouira,hero,City Photo File,images/cities/essaouira.jpg,images/cities/essaouira.webp
Essaouira,Medina,Hood 1 Photo File,,images/hoods/essaouira--medina.webp
Essaouira,Medina,Hood 1 Photo Credit,,"https://commons.wikimedia.org/wiki/File:Cannon_on_Skala_de_la_Ville,_Essaouira,_Morocco.jpg"
Essaouira,Kasbah,Hood 2 Photo File,,images/hoods/essaouira--kasbah.webp
Essaouira,Kasbah,Hood 2 Photo Credit,,https://commons.wikimedia.org/wiki/File:16th_Century_Portguese_Cannons_-_panoramio_(3).jpg
Essaouira,Quartier des Dunes / Borj (Beach),Hood 3 Photo File,,images/hoods/essaouira--quartier-des-dunes-borj-beach.webp
Essaouira,Quartier des Dunes / Borj (Beach),Hood 3 Photo Credit,,https://commons.wikimedia.org/wiki/File:03_2018_%C3%89glise_luth%C3%A9rienne_Saint-Pierre.jpg
Essaouira,Diabat,Hood 4 Photo File,,images/hoods/essaouira--diabat.webp
Essaouira,Diabat,Hood 4 Photo Credit,,https://commons.wikimedia.org/wiki/File:2014_Morocco_Luyten-De-Hauwere_02.jpg
Faro,hero,City Photo File,images/cities/faro.jpg,images/cities/faro.webp
Faro,Cidade Velha (Old Town),Hood 1 Photo File,,images/hoods/faro--cidade-velha-old-town.webp
Faro,Cidade Velha (Old Town),Hood 1 Photo Credit,,https://commons.wikimedia.org/wiki/File:Loul%C3%A9_-_Portugal_(4490063763).jpg
Faro,Baixa / Marina (Downtown),Hood 2 Photo File,,images/hoods/faro--baixa-marina-downtown.webp
Faro,Baixa / Marina (Downtown),Hood 2 Photo Credit,,https://commons.wikimedia.org/wiki/File:Buddhist_Colony_hike_(26313632253).jpg
Faro,Praia de Faro,Hood 3 Photo File,,images/hoods/faro--praia-de-faro.webp
Faro,Praia de Faro,Hood 3 Photo Credit,,https://commons.wikimedia.org/wiki/File:Faro_(44625583410).jpg
Faro,Montenegro,Hood 4 Photo File,,images/hoods/faro--montenegro.webp
Faro,Montenegro,Hood 4 Photo Credit,,"https://commons.wikimedia.org/wiki/File:Faro,_Algarve_(31728997324).jpg"
Faro,Bom João,Hood 5 Photo File,,images/hoods/faro--bom-joao.webp
Faro,Bom João,Hood 5 Photo Credit,,https://commons.wikimedia.org/wiki/File:Apeadeiro_Bom_Joao.JPG
Fenghuang,hero,City Photo File,images/cities/fenghuang.jpg,images/cities/fenghuang.webp
Fenghuang,hero,City Photo Credit,https://commons.wikimedia.org/wiki/File:Chinese-phoenix-from-nanning.jpg,https://commons.wikimedia.org/wiki/File:1_fenghuang_2018.jpg
Fenghuang,East Gate (Dongmen),Hood 2 Photo File,,images/hoods/fenghuang--east-gate-dongmen.webp
Fenghuang,East Gate (Dongmen),Hood 2 Photo Credit,,https://commons.wikimedia.org/wiki/File:%D0%92%D0%B8%D0%BA%D0%B8%D1%88%D1%82%D0%B0%D0%BD%D0%B4_10.10.2022_(05).jpg
Fethiye,hero,City Photo File,images/cities/fethiye.jpg,images/cities/fethiye.webp
Fethiye,Fethiye Marina / Old Town,Hood 1 Photo File,,images/hoods/fethiye--fethiye-marina-old-town.webp
Fethiye,Fethiye Marina / Old Town,Hood 1 Photo Credit,,https://commons.wikimedia.org/wiki/File:Fethiye_Martyrs_Monument_5723.jpg
Fethiye,Çalış Beach,Hood 2 Photo File,,images/hoods/fethiye--calis-beach.webp
Fethiye,Çalış Beach,Hood 2 Photo Credit,,https://commons.wikimedia.org/wiki/File:Beach_handball_at_the_2018_Summer_Youth_Olympics_%E2%80%93_Girls_Gold_Medal_Match_0249.jpg
Fethiye,Ölüdeniz,Hood 3 Photo File,,images/hoods/fethiye--oludeniz.webp
Fethiye,Ölüdeniz,Hood 3 Photo Credit,,"https://commons.wikimedia.org/wiki/File:48340_%C3%96l%C3%BCdeniz-Fethiye-Mu%C4%9Fla,_Turkey_-_panoramio_(3).jpg"
Fethiye,Kayaköy,Hood 4 Photo File,,images/hoods/fethiye--kayakoy.webp
Fethiye,Kayaköy,Hood 4 Photo Credit,,https://commons.wikimedia.org/wiki/File:Ghost_town_Kayakoy_IMGP8618.jpg
Fethiye,Hisarönü,Hood 5 Photo File,,images/hoods/fethiye--hisaronu.webp
Fethiye,Hisarönü,Hood 5 Photo Credit,,https://commons.wikimedia.org/wiki/File:Mosque_(1091506641).jpg
Florence,hero,City Photo File,images/cities/florence.jpg,images/cities/florence.webp
Florence,Oltrarno,Hood 1 Photo File,images/hoods/florence--oltrarno.jpg,images/hoods/florence--oltrarno.webp
Florence,Santa Croce,Hood 2 Photo File,images/hoods/florence--santa-croce.jpg,images/hoods/florence--santa-croce.webp
Florence,San Lorenzo,Hood 3 Photo File,images/hoods/florence--san-lorenzo.jpg,images/hoods/florence--san-lorenzo.webp
Florence,Santo Spirito,Hood 4 Photo File,images/hoods/florence--santo-spirito.jpg,images/hoods/florence--santo-spirito.webp
Florence,Santa Maria Novella,Hood 5 Photo File,images/hoods/florence--santa-maria-novella.jpg,images/hoods/florence--santa-maria-novella.webp
Flores,hero,City Photo File,images/cities/flores.jpg,images/cities/flores.webp
Flores,hero,City Photo Credit,https://commons.wikimedia.org/wiki/File:Flores_Topography.png,https://commons.wikimedia.org/wiki/File:Flores_Island.jpg
Flores,Flores Island (Isla de Flores),Hood 1 Photo File,,images/hoods/flores--flores-island-isla-de-flores.webp
Flores,Flores Island (Isla de Flores),Hood 1 Photo Credit,,https://commons.wikimedia.org/wiki/File:Cow_Bay_Beach_.jpg
Flores,Santa Elena,Hood 2 Photo File,,images/hoods/flores--santa-elena.webp
Flores,Santa Elena,Hood 2 Photo Credit,,https://commons.wikimedia.org/wiki/File:Ballenita_4.jpg
Flores,El Remate,Hood 4 Photo File,,images/hoods/flores--el-remate.webp
Flores,El Remate,Hood 4 Photo Credit,,https://commons.wikimedia.org/wiki/File:Guatemala_-_El_Remate_1996_-_Village_pr%C3%A8s_de_Tikal_au_bord_du_lac_de_Flores.jpg
Flores,Tikal National Park,Hood 5 Photo File,,images/hoods/flores--tikal-national-park.webp
Flores,Tikal National Park,Hood 5 Photo Credit,,https://commons.wikimedia.org/wiki/File:04.01_%E3%80%8C%E6%B0%91%E4%B8%BB%E5%A4%A5%E4%BC%B4%E5%85%B1%E6%A6%AE%E4%B9%8B%E6%97%85%E3%80%8D%E7%B8%BD%E7%B5%B1%E7%93%9C%E5%9C%B0%E9%A6%AC%E6%8B%89%E8%92%82%E5%8D%A1%E7%88%BE%EF%BC%88Tikal%EF%BC%89%E5%9C%8B%E5%AE%B6%E5%85%AC%E5%9C%92_-_52786748699.jpg
Florianópolis,hero,City Photo File,images/cities/florian-polis.jpg,images/cities/florian-polis.webp
Florianópolis,Centro,Hood 1 Photo File,,images/hoods/florianopolis--centro.webp
Florianópolis,Centro,Hood 1 Photo Credit,,https://commons.wikimedia.org/wiki/File:Old_Floripa_(4396345444).jpg
Florianópolis,Lagoa da Conceição,Hood 2 Photo File,,images/hoods/florianopolis--lagoa-da-conceicao.webp
Florianópolis,Lagoa da Conceição,Hood 2 Photo Credit,,https://commons.wikimedia.org/wiki/File:Santu%C3%A1rio_Nossa_Senhora_da_Imaculada_Concei%C3%A7%C3%A3o_da_Lagoa_1.jpg
Florianópolis,Jurerê Internacional,Hood 3 Photo File,,images/hoods/florianopolis--jurere-internacional.webp
Florianópolis,Jurerê Internacional,Hood 3 Photo Credit,,https://commons.wikimedia.org/wiki/File:Jurer%C3%AA_Internacional_panorama.jpg
Florianópolis,Canasvieiras,Hood 4 Photo File,,images/hoods/florianopolis--canasvieiras.webp
Florianópolis,Canasvieiras,Hood 4 Photo Credit,,https://commons.wikimedia.org/wiki/File:Brasil_-_Florian%C3%B3polis_-_Canasvieiras_-_Banana_Boat.jpg
Florianópolis,Campeche,Hood 5 Photo File,,images/hoods/florianopolis--campeche.webp
Florianópolis,Campeche,Hood 5 Photo Credit,,https://commons.wikimedia.org/wiki/File:Ilha_do_Campeche_(3443190115).jpg
Fort-de-France,hero,City Photo File,images/cities/fort-de-france.jpg,images/cities/fort-de-france.webp
Fort-de-France,Didier,Hood 2 Photo File,,images/hoods/fort-de-france--didier.webp
Fort-de-France,Didier,Hood 2 Photo Credit,,"https://commons.wikimedia.org/wiki/File:Cascade_d%27Absalon_(Fort-de-France,_Martinique)_-_03.jpg"
Fort-de-France,Terres-Sainville,Hood 4 Photo File,,images/hoods/fort-de-france--terres-sainville.webp
Fort-de-France,Terres-Sainville,Hood 4 Photo Credit,,https://commons.wikimedia.org/wiki/File:%C3%89glise_Saint_Antoine_des_Terres-Sainville_-_Fort_de_France.jpg
Fort-de-France,Bellevue / Redoute,Hood 5 Photo File,,images/hoods/fort-de-france--bellevue-redoute.webp
Fort-de-France,Bellevue / Redoute,Hood 5 Photo Credit,,https://commons.wikimedia.org/wiki/File:Rosa_Bellevue_2019-06-05_7362.jpg
Fortaleza,hero,City Photo File,images/cities/fortaleza.jpg,images/cities/fortaleza.webp
Fortaleza,Meireles,Hood 1 Photo File,,images/hoods/fortaleza--meireles.webp
Fortaleza,Meireles,Hood 1 Photo Credit,,"https://commons.wikimedia.org/wiki/File:Rua_Jos%C3%A9_Napole%C3%A3o,_Meireles,_Fortaleza,_setembro_de_2023.jpg"
Fortaleza,Praia de Iracema,Hood 2 Photo File,,images/hoods/fortaleza--praia-de-iracema.webp
Fortaleza,Praia de Iracema,Hood 2 Photo Credit,,"https://commons.wikimedia.org/wiki/File:Estatua_de_Iracema,_Fortaleza,_Brasil_-_panoramio.jpg"
Fortaleza,Mucuripe,Hood 3 Photo File,,images/hoods/fortaleza--mucuripe.webp
Fortaleza,Mucuripe,Hood 3 Photo Credit,,https://commons.wikimedia.org/wiki/File:Fortaleza_-_Cear%C3%A1_(3267701372).jpg
Fortaleza,Aldeota,Hood 4 Photo File,,images/hoods/fortaleza--aldeota.webp
Fortaleza,Aldeota,Hood 4 Photo Credit,,"https://commons.wikimedia.org/wiki/File:Pra%C3%A7a_Lu%C3%ADza_T%C3%A1vora,_Aldeota,_Fortaleza,_setembro_de_2023_(2).jpg"
Fortaleza,Praia do Futuro,Hood 5 Photo File,,images/hoods/fortaleza--praia-do-futuro.webp
Fortaleza,Praia do Futuro,Hood 5 Photo Credit,,"https://commons.wikimedia.org/wiki/File:Praia_do_Futuro,_Fortaleza,_setembro_de_2023_(2).jpg"
Foz do Iguaçu,hero,City Photo File,images/cities/foz-do-igua-u.jpg,images/cities/foz-do-igua-u.webp
Foz do Iguaçu,hero,City Photo Credit,https://commons.wikimedia.org/wiki/File:SkylineFoz.JPG,https://commons.wikimedia.org/wiki/File:Beauties_of_the_National_Park_of_Igua%C3%A7u_-_WaterFalls.jpg
Foz do Iguaçu,Centro,Hood 1 Photo File,,images/hoods/foz-do-iguacu--centro.webp
Foz do Iguaçu,Centro,Hood 1 Photo Credit,,https://commons.wikimedia.org/wiki/File:Foz_do_Igua%C3%A7u_(center)_Super_Muffato_Gourmet.jpg
Foz do Iguaçu,Rodovia das Cataratas,Hood 3 Photo File,,images/hoods/foz-do-iguacu--rodovia-das-cataratas.webp
Foz do Iguaçu,Rodovia das Cataratas,Hood 3 Photo Credit,,"https://commons.wikimedia.org/wiki/File:Cataratas_do_Igua%C3%A7u,_Foz_do_Igua%C3%A7u,_PR,_Brasil_06.JPG"
Foz do Iguaçu,Vila Portes / Jardim das Nações,Hood 5 Photo File,,images/hoods/foz-do-iguacu--vila-portes-jardim-das-nacoes.webp
Foz do Iguaçu,Vila Portes / Jardim das Nações,Hood 5 Photo Credit,,https://commons.wikimedia.org/wiki/File:Attention_Seeking_Scarecrows_(23173895794).jpg
Frankfurt am Main,hero,City Photo File,images/cities/frankfurt-am-main.jpg,images/cities/frankfurt-am-main.webp
Frankfurt am Main,Sachsenhausen,Hood 1 Photo File,images/hoods/frankfurt-am-main--sachsenhausen.jpg,images/hoods/frankfurt-am-main--sachsenhausen.webp
Frankfurt am Main,Bornheim,Hood 2 Photo File,images/hoods/frankfurt-am-main--bornheim.jpg,images/hoods/frankfurt-am-main--bornheim.webp
Frankfurt am Main,Nordend,Hood 3 Photo File,,images/hoods/frankfurt-am-main--nordend.webp
Frankfurt am Main,Nordend,Hood 3 Photo Credit,,https://commons.wikimedia.org/wiki/File:Blick_auf_das_Frankfurter_Nordend.jpg
Frankfurt am Main,Westend,Hood 4 Photo File,images/hoods/frankfurt-am-main--westend.jpg,images/hoods/frankfurt-am-main--westend.webp
Frankfurt am Main,Bockenheim,Hood 5 Photo File,images/hoods/frankfurt-am-main--bockenheim.jpg,images/hoods/frankfurt-am-main--bockenheim.webp
Freetown,hero,City Photo File,images/cities/freetown.jpg,images/cities/freetown.webp
Freetown,Aberdeen,Hood 1 Photo File,,images/hoods/freetown--aberdeen.webp
Freetown,Aberdeen,Hood 1 Photo Credit,,https://commons.wikimedia.org/wiki/File:Aberdeen_-_Municipal_Buildings_(15350073551).jpg
Freetown,Lumley Beach,Hood 2 Photo File,,images/hoods/freetown--lumley-beach.webp
Freetown,Lumley Beach,Hood 2 Photo Credit,,https://commons.wikimedia.org/wiki/File:Lumley_Shore_-_panoramio.jpg
Freetown,Hill Station,Hood 3 Photo File,,images/hoods/freetown--hill-station.webp
Freetown,Hill Station,Hood 3 Photo Credit,,https://commons.wikimedia.org/wiki/File:Forest_Hill_Station_(46104686942).jpg
Freetown,Congo Cross / Wilberforce,Hood 4 Photo File,,images/hoods/freetown--congo-cross-wilberforce.webp
Freetown,Congo Cross / Wilberforce,Hood 4 Photo Credit,,https://commons.wikimedia.org/wiki/File:Croix_du_Congo_-_Questembert_(Morbihan).jpg
Freetown,Central Freetown (Downtown),Hood 5 Photo File,,images/hoods/freetown--central-freetown-downtown.webp
Freetown,Central Freetown (Downtown),Hood 5 Photo Credit,,"https://commons.wikimedia.org/wiki/File:Carte_itin%C3%A9raire_des_d%C3%A9couvertes_faites_en_1823_par_le_Dr_Oudney,_le_Major_Denham_et_le_Lieutenant_Clapperton_(33746955104).jpg"
Freiburg,hero,City Photo File,images/cities/freiburg.jpg,images/cities/freiburg.webp
Freiburg,Altstadt (Old Town),Hood 1 Photo File,,images/hoods/freiburg--altstadt-old-town.webp
Freiburg,Altstadt (Old Town),Hood 1 Photo Credit,,https://commons.wikimedia.org/wiki/File:Schwarzes_Kloster_Innenhof_(Freiburg)_0228_jiw.jpg
Freiburg,Vauban,Hood 2 Photo File,,images/hoods/freiburg--vauban.webp
Freiburg,Vauban,Hood 2 Photo Credit,,https://commons.wikimedia.org/wiki/File:2013-09-20_Grundst%C3%BCck_Hexentalstra%C3%9Fe_2_nach_Abbruch_des_Offizierscasino_der_Vauban-Kaserne_in_Merzhausen.jpg
Freiburg,Wiehre,Hood 3 Photo File,,images/hoods/freiburg--wiehre.webp
Freiburg,Wiehre,Hood 3 Photo Credit,,https://commons.wikimedia.org/wiki/File:Brisgovia_2888.jpg
Freiburg,Stühlinger,Hood 4 Photo File,,images/hoods/freiburg--stuhlinger.webp
Freiburg,Stühlinger,Hood 4 Photo Credit,,https://commons.wikimedia.org/wiki/File:Breisacher_Stra%C3%9Fe_in_Freiburg_mit_neuer_Stadtbahnline_zur_Messe_und_St._Josef_1.jpg
Freiburg,Herdern,Hood 5 Photo File,,images/hoods/freiburg--herdern.webp
Freiburg,Herdern,Hood 5 Photo Credit,,https://commons.wikimedia.org/wiki/File:Blindenheim_jm7590.jpg
Fukuoka,hero,City Photo File,images/cities/fukuoka.jpg,images/cities/fukuoka.webp
Fukuoka,Hakata,Hood 1 Photo File,images/hoods/fukuoka--hakata.jpg,images/hoods/fukuoka--hakata.webp
Fukuoka,Tenjin,Hood 2 Photo File,images/hoods/fukuoka--tenjin.jpg,images/hoods/fukuoka--tenjin.webp
Fukuoka,Nakasu,Hood 3 Photo File,images/hoods/fukuoka--nakasu.jpg,images/hoods/fukuoka--nakasu.webp
Fukuoka,Daimyo,Hood 4 Photo File,images/hoods/fukuoka--daimyo.jpg,images/hoods/fukuoka--daimyo.webp
Fukuoka,Ohori,Hood 5 Photo File,images/hoods/fukuoka--ohori.jpg,images/hoods/fukuoka--ohori.webp
Funchal,hero,City Photo File,images/cities/funchal.jpg,images/cities/funchal.webp
Funchal,Sé (City Centre),Hood 1 Photo File,,images/hoods/funchal--se-city-centre.webp
Funchal,Sé (City Centre),Hood 1 Photo Credit,,https://commons.wikimedia.org/wiki/File:Catedral_del_Funchal_(3).jpg
Funchal,Zona Velha (Old Town),Hood 2 Photo File,,images/hoods/funchal--zona-velha-old-town.webp
Funchal,Zona Velha (Old Town),Hood 2 Photo Credit,,"https://commons.wikimedia.org/wiki/File:Bridge_over_stream_and_cafes,_Funchal,_Madeira.jpg"
Funchal,Lido,Hood 3 Photo File,,images/hoods/funchal--lido.webp
Funchal,Lido,Hood 3 Photo Credit,,"https://commons.wikimedia.org/wiki/File:Funchal,_Madeira_-_2013-01-05_-_85551673.jpg"
Funchal,Monte,Hood 4 Photo File,,images/hoods/funchal--monte.webp
Funchal,Monte,Hood 4 Photo Credit,,https://commons.wikimedia.org/wiki/File:Madeira_Funchal_Igreja_de_Nossa_Senhora_do_Monte_2016_2.jpg
Funchal,São Martinho / Praia Formosa,Hood 5 Photo File,,images/hoods/funchal--sao-martinho-praia-formosa.webp
Funchal,São Martinho / Praia Formosa,Hood 5 Photo Credit,,https://commons.wikimedia.org/wiki/File:Igreja_de_S%C3%A3o_Martinho_-_Funchal_-_Portugal_(8711711776)_(cropped).jpg
Fès,hero,City Photo File,images/cities/f-s.jpg,images/cities/f-s.webp
Fès,Fes el-Bali (Old Medina),Hood 1 Photo File,,images/hoods/fes--fes-el-bali-old-medina.webp
Fès,Fes el-Bali (Old Medina),Hood 1 Photo Credit,,"https://commons.wikimedia.org/wiki/File:Ablutions_room,_Zaoura_Tijania_mosque_(588707958).jpg"
Fès,Fes el-Jdid,Hood 2 Photo File,,images/hoods/fes--fes-el-jdid.webp
Fès,Fes el-Jdid,Hood 2 Photo Credit,,"https://commons.wikimedia.org/wiki/File:ASC_Leiden_-_F._van_der_Kraaij_Collection_-_11_-_082_-_Rue_avec_des_gens_dans_le_quartier_juif_de_F%C3%A8s_-_F%C3%A8s,_Maroc_-_1973.tif"
Fès,Ville Nouvelle,Hood 3 Photo File,,images/hoods/fes--ville-nouvelle.webp
Fès,Ville Nouvelle,Hood 3 Photo Credit,,"https://commons.wikimedia.org/wiki/File:,Orientalism_III_,_-_Flickr_-_August_Brill.jpg"
Fès,Batha,Hood 4 Photo File,,images/hoods/fes--batha.webp
Fès,Batha,Hood 4 Photo Credit,,https://commons.wikimedia.org/wiki/File:Batha_Museum_(4317468784).jpg
Gaborone,hero,City Photo File,images/cities/gaborone.jpg,images/cities/gaborone.webp
Gaborone,Airport Junction,Hood 3 Photo File,,images/hoods/gaborone--airport-junction.webp
Gaborone,Airport Junction,Hood 3 Photo Credit,,https://commons.wikimedia.org/wiki/File:Grand_Junction_Regional_Airport_tower_(1).jpg
Gaborone,Kgale,Hood 5 Photo File,,images/hoods/gaborone--kgale.webp
Gaborone,Kgale,Hood 5 Photo Credit,,https://commons.wikimedia.org/wiki/File:Broken_homes.jpg
Galle,hero,City Photo File,images/cities/galle.jpg,images/cities/galle.webp
Galle,hero,City Photo Credit,https://commons.wikimedia.org/wiki/File:Galle_Fort.jpg,https://unsplash.com/photos/aerial-view-of-city-near-sea-during-daytime-EBxsNaN0mig
Galle,Galle Fort,Hood 1 Photo File,,images/hoods/galle--galle-fort.webp
Galle,Galle Fort,Hood 1 Photo Credit,,"https://commons.wikimedia.org/wiki/File:Fort,_Galle_80000,_Sri_Lanka_-_panoramio_(100).jpg"
Galle,Unawatuna,Hood 2 Photo File,,images/hoods/galle--unawatuna.webp
Galle,Unawatuna,Hood 2 Photo Credit,,https://commons.wikimedia.org/wiki/File:Rawana-Rumassala_-_panoramio.jpg
Galle,New Town (Galle City),Hood 3 Photo File,,images/hoods/galle--new-town-galle-city.webp
Galle,New Town (Galle City),Hood 3 Photo Credit,,https://commons.wikimedia.org/wiki/File:Lake_sakakawea.jpg
Galle,Talpe,Hood 4 Photo File,,images/hoods/galle--talpe.webp
Galle,Talpe,Hood 4 Photo Credit,,https://commons.wikimedia.org/wiki/File:%D0%9A%D0%B0%D0%BA_%D0%B1%D1%8B_%D1%80%D0%B0%D0%B1%D0%B0%D0%BB%D0%BA%D0%B0..._-_panoramio.jpg
Galle,Dalawella,Hood 5 Photo File,,images/hoods/galle--dalawella.webp
Galle,Dalawella,Hood 5 Photo Credit,,https://commons.wikimedia.org/wiki/File:Nads_sunset_3.jpg
Garmisch-Partenkirchen,hero,City Photo File,images/cities/garmisch-partenkirchen.jpg,images/cities/garmisch-partenkirchen.webp
Garmisch-Partenkirchen,Olympic Quarter,Hood 3 Photo File,,images/hoods/garmisch-partenkirchen--olympic-quarter.webp
Garmisch-Partenkirchen,Olympic Quarter,Hood 3 Photo Credit,,"https://commons.wikimedia.org/wiki/File:Argentina_vs._France,_2024_Summer_Olympic_rugby_sevens,_men%27s_quarter-final,_2024-07-25_(165).jpg"
Garmisch-Partenkirchen,Partnachklamm / Kreuzeck Area,Hood 4 Photo File,,images/hoods/garmisch-partenkirchen--partnachklamm-kreuzeck-area.webp
Garmisch-Partenkirchen,Partnachklamm / Kreuzeck Area,Hood 4 Photo Credit,,https://commons.wikimedia.org/wiki/File:Icicles_Partnachklamm_rb.jpg
Gaziantep,hero,City Photo File,images/cities/gaziantep.jpg,images/cities/gaziantep.webp
Gaziantep,Bey Mahallesi (Old City),Hood 1 Photo File,,images/hoods/gaziantep--bey-mahallesi-old-city.webp
Gaziantep,Bey Mahallesi (Old City),Hood 1 Photo Credit,,https://commons.wikimedia.org/wiki/File:Osman_Hamdi_Bey_-_The_Tortoise_Trainer_-_Google_Art_Project.jpg
Gaziantep,Şahinbey City Center,Hood 2 Photo File,,images/hoods/gaziantep--sahinbey-city-center.webp
Gaziantep,Şahinbey City Center,Hood 2 Photo Credit,,https://commons.wikimedia.org/wiki/File:Gaziantep_Bedesten_Sokak_in_2024_8052.jpg
Gaziantep,Şehitkamil,Hood 3 Photo File,,images/hoods/gaziantep--sehitkamil.webp
Gaziantep,Şehitkamil,Hood 3 Photo Credit,,https://commons.wikimedia.org/wiki/File:Primemall_%C5%9Eehitkamil_gate.IMG_1989.jpg
Gaziantep,Bakırcılar Çarşısı,Hood 4 Photo File,,images/hoods/gaziantep--bakircilar-carsisi.webp
Gaziantep,Bakırcılar Çarşısı,Hood 4 Photo Credit,,https://commons.wikimedia.org/wiki/File:A_jam-packed_bazaar_in_Gaziantep_T%C3%BCrkiye.jpg
Gdańsk,hero,City Photo File,images/cities/gda-sk.jpg,images/cities/gda-sk.webp
Gdańsk,Główne Miasto (Main Town),Hood 1 Photo File,,images/hoods/gdansk--glowne-miasto-main-town.webp
Gdańsk,Główne Miasto (Main Town),Hood 1 Photo Credit,,https://commons.wikimedia.org/wiki/File:Cathedral_(40435796791).jpg
Gdańsk,Wyspa Spichrzów (Granary Island),Hood 2 Photo File,,images/hoods/gdansk--wyspa-spichrzow-granary-island.webp
Gdańsk,Wyspa Spichrzów (Granary Island),Hood 2 Photo Credit,,https://commons.wikimedia.org/wiki/File:Danzig_%E2%80%93_Rathausturmspitze_-_Ratusz_iglica_-_panoramio.jpg
Gdańsk,Wrzeszcz,Hood 3 Photo File,,images/hoods/gdansk--wrzeszcz.webp
Gdańsk,Wrzeszcz,Hood 3 Photo Credit,,"https://commons.wikimedia.org/wiki/File:2004_08_11_pas_startowy_na_Zaspie,_Gda%C5%84sk_(ubt).jpeg"
Gdańsk,Oliwa,Hood 4 Photo File,,images/hoods/gdansk--oliwa.webp
Gdańsk,Oliwa,Hood 4 Photo Credit,,https://commons.wikimedia.org/wiki/File:Budowa_Centrum_Handlowego_Oliwa_w_Gda%C5%84sku.JPG
Gdańsk,Przymorze (Baltic beach),Hood 5 Photo File,,images/hoods/gdansk--przymorze-baltic-beach.webp
Gdańsk,Przymorze (Baltic beach),Hood 5 Photo Credit,,"https://commons.wikimedia.org/wiki/File:2006_08_01_ul_Ko%C5%82obrzeska_w_Gda%C5%84sku,_ubt.jpeg"
Geneva,hero,City Photo File,images/cities/geneva.jpg,images/cities/geneva.webp
Geneva,Vieille Ville (Old Town),Hood 1 Photo File,,images/hoods/geneva--vieille-ville-old-town.webp
Geneva,Vieille Ville (Old Town),Hood 1 Photo Credit,,https://commons.wikimedia.org/wiki/File:Arcade_dans_la_vieille_ville_de_Gen%C3%A8ve.jpg
Geneva,Pâquis,Hood 2 Photo File,,images/hoods/geneva--paquis.webp
Geneva,Pâquis,Hood 2 Photo Credit,,https://commons.wikimedia.org/wiki/File:P%C3%A2quis_@_Geneva_(43540067724).jpg
Geneva,Eaux-Vives,Hood 3 Photo File,,images/hoods/geneva--eaux-vives.webp
Geneva,Eaux-Vives,Hood 3 Photo Credit,,https://commons.wikimedia.org/wiki/File:-_panoramio_(5473).jpg
Geneva,Carouge,Hood 4 Photo File,,images/hoods/geneva--carouge.webp
Geneva,Carouge,Hood 4 Photo Credit,,https://commons.wikimedia.org/wiki/File:Image_de_Carouge_(Suisse)_en_ao%C3%BBt_2018_-_31.JPG
Geneva,Plainpalais,Hood 5 Photo File,,images/hoods/geneva--plainpalais.webp
Geneva,Plainpalais,Hood 5 Photo Credit,,https://commons.wikimedia.org/wiki/File:Geneve_-_Coucher_de_Soleil_-_panoramio_(1).jpg
Genoa,hero,City Photo File,images/cities/genoa.jpg,images/cities/genoa.webp
Genoa,Centro Storico,Hood 1 Photo File,,images/hoods/genoa--centro-storico.webp
Genoa,Centro Storico,Hood 1 Photo Credit,,https://commons.wikimedia.org/wiki/File:Sito_Archeologico_di_San_Donato_7.jpg
Genoa,Via Garibaldi (Le Strade Nuove),Hood 2 Photo File,,images/hoods/genoa--via-garibaldi-le-strade-nuove.webp
Genoa,Via Garibaldi (Le Strade Nuove),Hood 2 Photo Credit,,https://commons.wikimedia.org/wiki/File:20160814_012_Genova_-_Genua_-_Via_Garibaldi_(29049896811).jpg
Genoa,Porto Antico,Hood 3 Photo File,,images/hoods/genoa--porto-antico.webp
Genoa,Porto Antico,Hood 3 Photo Credit,,https://commons.wikimedia.org/wiki/File:Bigo_-_panoramio.jpg
Genoa,Albaro,Hood 4 Photo File,,images/hoods/genoa--albaro.webp
Genoa,Albaro,Hood 4 Photo Credit,,"https://commons.wikimedia.org/wiki/File:Paolo_Monti_-_Servizio_fotografico_(Genova,_1963)_-_BEIC_6339338.jpg"
Genoa,Boccadasse,Hood 5 Photo File,,images/hoods/genoa--boccadasse.webp
Genoa,Boccadasse,Hood 5 Photo Credit,,https://commons.wikimedia.org/wiki/File:S.Antonio_a_Boccadasse_-_panoramio.jpg
Gent,hero,City Photo File,images/cities/gent.jpg,images/cities/gent.webp
Gent,Patershol,Hood 1 Photo File,,images/hoods/gent--patershol.webp
Gent,Patershol,Hood 1 Photo Credit,,"https://commons.wikimedia.org/wiki/File:Caf%C3%A9_De_Hel,_Ghent.jpg"
Gent,Korenmarkt (City Centre),Hood 2 Photo File,,images/hoods/gent--korenmarkt-city-centre.webp
Gent,Korenmarkt (City Centre),Hood 2 Photo Credit,,https://commons.wikimedia.org/wiki/File:%22%D0%9C%D0%BE%D1%81%D0%BA%D0%BE%D0%B2%D1%81%D0%BA%D0%B8%D0%B9%22_%D1%82%D1%80%D0%B0%D0%BC%D0%B2%D0%B0%D0%B9%D1%87%D0%B8%D0%BA_-_panoramio.jpg
Gent,Overpoort (Student Quarter),Hood 3 Photo File,,images/hoods/gent--overpoort-student-quarter.webp
Gent,Overpoort (Student Quarter),Hood 3 Photo Credit,,https://commons.wikimedia.org/wiki/File:Huis_%27t_Kapelleke_en_beluik_-_348202_-_onroerenderfgoed.jpg
Gent,Vrijdagmarkt,Hood 4 Photo File,,images/hoods/gent--vrijdagmarkt.webp
Gent,Vrijdagmarkt,Hood 4 Photo Credit,,"https://commons.wikimedia.org/wiki/File:Ann_Vermorgen,_demonstration_against_the_De_Wever_Government,_Ghent,_April_29,_2025.jpg"
Gent,Muide-Meulestede,Hood 5 Photo File,,images/hoods/gent--muide-meulestede.webp
Gent,Muide-Meulestede,Hood 5 Photo Credit,,https://commons.wikimedia.org/wiki/File:Boekenruilkastje_CC_Meulestede.jpg
George Town,hero,City Photo File,images/cities/george-town.jpg,images/cities/george-town.webp
George Town,Georgetown Heritage Core (Armenian Street),Hood 1 Photo File,,images/hoods/george-town--georgetown-heritage-core-armenian-street.webp
George Town,Georgetown Heritage Core (Armenian Street),Hood 1 Photo Credit,,https://www.flickr.com/photos/77742560@N06/12255224733/
George Town,Little India,Hood 2 Photo File,,images/hoods/george-town--little-india.webp
George Town,Little India,Hood 2 Photo Credit,,"https://commons.wikimedia.org/wiki/File:Mahamariamman_Temple,_George_Town.jpg"
George Town,Chulia Street,Hood 3 Photo File,,images/hoods/george-town--chulia-street.webp
George Town,Chulia Street,Hood 3 Photo Credit,,https://commons.wikimedia.org/wiki/File:Chulia_Street_Ghaut_signage_(220921).jpg
George Town,Gurney Drive / Pulau Tikus,Hood 4 Photo File,,images/hoods/george-town--gurney-drive-pulau-tikus.webp
George Town,Gurney Drive / Pulau Tikus,Hood 4 Photo Credit,,"https://commons.wikimedia.org/wiki/File:Gurney_8,_George_Town,_Penang_2023.jpg"
George Town,Batu Ferringhi,Hood 5 Photo File,,images/hoods/george-town--batu-ferringhi.webp
George Town,Batu Ferringhi,Hood 5 Photo Credit,,https://commons.wikimedia.org/wiki/File:Batu_Ferringhi_beach_(221002)_01.jpg
Georgetown,hero,City Photo File,images/cities/georgetown.jpg,images/cities/georgetown.webp
Georgetown,Kingston,Hood 1 Photo File,,images/hoods/georgetown--kingston.webp
Georgetown,Kingston,Hood 1 Photo Credit,,https://commons.wikimedia.org/wiki/File:Cheddi_Jagan_Research_Centre.jpg
Georgetown,Queenstown,Hood 2 Photo File,,images/hoods/georgetown--queenstown.webp
Georgetown,Queenstown,Hood 2 Photo Credit,,"https://commons.wikimedia.org/wiki/File:Dairn_and_Phillip,_Queenstown_1991_(5445556).jpg"
Georgetown,Bel Air Park,Hood 4 Photo File,,images/hoods/georgetown--bel-air-park.webp
Georgetown,Bel Air Park,Hood 4 Photo Credit,,https://commons.wikimedia.org/wiki/File:Parc_Bel-Air_de_Tarbes_(Hautes-Pyr%C3%A9n%C3%A9es)_6.jpg
Ghardaïa,hero,City Photo File,images/cities/gharda-a.jpg,images/cities/gharda-a.webp
Ghardaïa,Beni Isguen,Hood 2 Photo File,,images/hoods/ghardaia--beni-isguen.webp
Ghardaïa,Beni Isguen,Hood 2 Photo Credit,,https://commons.wikimedia.org/wiki/File:Ksar_Beni_Isguen_14.jpg
Ghardaïa,Melika,Hood 3 Photo File,,images/hoods/ghardaia--melika.webp
Ghardaïa,Melika,Hood 3 Photo Credit,,https://commons.wikimedia.org/wiki/File:MELIKA_GHARDAIA_-_panoramio_(2).jpg
Ghardaïa,Bou Noura,Hood 4 Photo File,,images/hoods/ghardaia--bou-noura.webp
Ghardaïa,Bou Noura,Hood 4 Photo Credit,,https://commons.wikimedia.org/wiki/File:Bou_noura_Ghardaia_Alg%C3%A9rie_-_panoramio.jpg
Ghardaïa,El Atteuf,Hood 5 Photo File,,images/hoods/ghardaia--el-atteuf.webp
Ghardaïa,El Atteuf,Hood 5 Photo Credit,,https://commons.wikimedia.org/wiki/File:%D9%85%D8%B7%D8%A7%D8%B1_%D8%A7%D9%84%D9%86%D9%88%D9%85%D9%8A%D8%B1%D8%A7%D8%AA_%D9%85%D8%B7%D8%A7%D8%B1_%D9%85%D9%81%D8%AF%D9%8A_%D8%B2%D9%83%D8%B1%D9%8A%D8%A7_%D9%88%D9%84%D8%A7%D9%8A%D8%A9_%D8%BA%D8%B1%D8%AF%D8%A7%D9%8A%D8%A9_-_panoramio.jpg
Gibraltar,hero,City Photo File,images/cities/gibraltar.jpg,images/cities/gibraltar.webp
Gibraltar,Ocean Village / Marina,Hood 2 Photo File,,images/hoods/gibraltar--ocean-village-marina.webp
Gibraltar,Ocean Village / Marina,Hood 2 Photo Credit,,https://commons.wikimedia.org/wiki/File:Bahia_de_Beliones_y_Punta_Leona.JPG
Gibraltar,Devil's Tower Road / Eastside,Hood 5 Photo File,,images/hoods/gibraltar--devil-s-tower-road-eastside.webp
Gibraltar,Devil's Tower Road / Eastside,Hood 5 Photo Credit,,"https://commons.wikimedia.org/wiki/File:Petrol_prices,_Shell,_Winston_Churchill_Avenue,_Gibraltar.jpg"
Gilgit,hero,City Photo File,images/cities/gilgit.jpg,images/cities/gilgit.webp
Gilgit,Gilgit Bazaar,Hood 1 Photo File,,images/hoods/gilgit--gilgit-bazaar.webp
Gilgit,Gilgit Bazaar,Hood 1 Photo Credit,,https://commons.wikimedia.org/wiki/File:Jama_Masjid_Raja_Bazar_Gilgit.jpg
Gilgit,Jutial,Hood 2 Photo File,,images/hoods/gilgit--jutial.webp
Gilgit,Jutial,Hood 2 Photo Credit,,"https://commons.wikimedia.org/wiki/File:Action_statue._-_Hunza,_Gilgit-Baltistan,_Pakistan..jpg"
Gilgit,Konodas,Hood 3 Photo File,,images/hoods/gilgit--konodas.webp
Gilgit,Konodas,Hood 3 Photo Credit,,https://commons.wikimedia.org/wiki/File:Oriental_Honey_Buzzard_(Pernis_ptilorhynchus).jpg
Girona,hero,City Photo File,images/cities/girona.jpg,images/cities/girona.webp
Girona,Barri Vell (Old Town),Hood 1 Photo File,,images/hoods/girona--barri-vell-old-town.webp
Girona,Barri Vell (Old Town),Hood 1 Photo Credit,,https://commons.wikimedia.org/wiki/File:092_Edifici_de_la_pl._de_l%27Oli_6_(Girona).JPG
Girona,Mercadal,Hood 2 Photo File,,images/hoods/girona--mercadal.webp
Girona,Mercadal,Hood 2 Photo Credit,,https://commons.wikimedia.org/wiki/File:139_Edifici_amb_esgrafiats_a_la_pl._Mercadal_(Girona).JPG
Girona,Pedret,Hood 4 Photo File,,images/hoods/girona--pedret.webp
Girona,Pedret,Hood 4 Photo Credit,,https://commons.wikimedia.org/wiki/File:Entremitgeres_Pedret_1_Girona.jpg
Girona,Pedret,Hood 5 Photo File,,images/hoods/girona--pedret.webp
Girona,Pedret,Hood 5 Photo Credit,,https://commons.wikimedia.org/wiki/File:Entremitgeres_Pedret_1_Girona.jpg
Gisenyi,hero,City Photo File,images/cities/gisenyi.jpg,images/cities/gisenyi.webp
Gisenyi,hero,City Photo Credit,https://commons.wikimedia.org/wiki/File:GisenyiBeach.jpg,https://commons.wikimedia.org/wiki/File:Dawn_on_Lake_Kivu.jpg
Gisenyi,Kivu Beach,Hood 2 Photo File,,images/hoods/gisenyi--kivu-beach.webp
Gisenyi,Kivu Beach,Hood 2 Photo Credit,,https://commons.wikimedia.org/wiki/File:Saturday_at_the_lake.jpg
Gisenyi,Kigufi,Hood 3 Photo File,,images/hoods/gisenyi--kigufi.webp
Gisenyi,Kigufi,Hood 3 Photo Credit,,https://commons.wikimedia.org/wiki/File:Lake_muhazi_king_fisher_resort.jpg
Gisenyi,Petite Barrière (border),Hood 4 Photo File,,images/hoods/gisenyi--petite-barriere-border.webp
Gisenyi,Petite Barrière (border),Hood 4 Photo Credit,,https://commons.wikimedia.org/wiki/File:Woman-trader-at-Gisenyi-border-to-DRC_Peter-Walkenhorst.jpg
Glasgow,hero,City Photo File,images/cities/glasgow.jpg,images/cities/glasgow.webp
Glasgow,City Centre,Hood 1 Photo File,,images/hoods/glasgow--city-centre.webp
Glasgow,City Centre,Hood 1 Photo Credit,,https://commons.wikimedia.org/wiki/File:Dawn_over_Glasgow_(48659596342).jpg
Glasgow,Merchant City,Hood 2 Photo File,,images/hoods/glasgow--merchant-city.webp
Glasgow,Merchant City,Hood 2 Photo Credit,,https://commons.wikimedia.org/wiki/File:DSCN3195_The_Christian_Centre_from_roof_of_Glasgow_College_of_Building_and_Printing.jpg
Glasgow,West End,Hood 3 Photo File,,images/hoods/glasgow--west-end.webp
Glasgow,West End,Hood 3 Photo Credit,,https://commons.wikimedia.org/wiki/File:10_WEA_2016_July_jeh.jpg
Glasgow,Finnieston,Hood 4 Photo File,,images/hoods/glasgow--finnieston.webp
Glasgow,Finnieston,Hood 4 Photo Credit,,"https://commons.wikimedia.org/wiki/File:Exterieur_van_Stobcross_House_te_Glasgow,_RP-F-2001-7-426-92.jpg"
Glasgow,Southside,Hood 5 Photo File,,images/hoods/glasgow--southside.webp
Glasgow,Southside,Hood 5 Photo Credit,,https://commons.wikimedia.org/wiki/File:124_Springkell_Avenue.jpg
Gold Coast,hero,City Photo File,images/cities/gold-coast.jpg,images/cities/gold-coast.webp
Gold Coast,Surfers Paradise,Hood 1 Photo File,,images/hoods/gold-coast--surfers-paradise.webp
Gold Coast,Surfers Paradise,Hood 1 Photo Credit,,"https://commons.wikimedia.org/wiki/File:186_days_to_2018_Commonwealth_Games,_September_2017.jpg"
Gold Coast,Broadbeach,Hood 2 Photo File,,images/hoods/gold-coast--broadbeach.webp
Gold Coast,Broadbeach,Hood 2 Photo Credit,,"https://commons.wikimedia.org/wiki/File:Apartment_block_at_Broadbeach,_2018.jpg"
Gold Coast,Main Beach,Hood 3 Photo File,,images/hoods/gold-coast--main-beach.webp
Gold Coast,Main Beach,Hood 3 Photo Credit,,"https://commons.wikimedia.org/wiki/File:Main_Beach,_Gold_Coast,_Queensland,_September_2023,_05.jpg"
Gold Coast,Burleigh Heads,Hood 4 Photo File,,images/hoods/gold-coast--burleigh-heads.webp
Gold Coast,Burleigh Heads,Hood 4 Photo Credit,,https://commons.wikimedia.org/wiki/File:Blue_Ocean_-_panoramio_(1).jpg
Gold Coast,Coolangatta,Hood 5 Photo File,,images/hoods/gold-coast--coolangatta.webp
Gold Coast,Coolangatta,Hood 5 Photo Credit,,"https://commons.wikimedia.org/wiki/File:Gold_Coast_Airport_Control_Tower,_2022.jpg"
Goma,hero,City Photo File,images/cities/goma.jpg,images/cities/goma.webp
Goma,Les Volcans,Hood 1 Photo File,,images/hoods/goma--les-volcans.webp
Goma,Les Volcans,Hood 1 Photo Credit,,"https://commons.wikimedia.org/wiki/File:Les_Volcans,_Goma,_North_Kivu,_Democratic_Republic_of_the_Congo_(2025-02-02-08-38-01_UMBRA-08).tiff"
Goma,Himbi,Hood 2 Photo File,,images/hoods/goma--himbi.webp
Goma,Himbi,Hood 2 Photo Credit,,https://commons.wikimedia.org/wiki/File:Bureau_du_quartier_Himbi_dans_la_commune_de_Goma_%C3%A0_Goma.jpg
Goma,Katindo,Hood 3 Photo File,,images/hoods/goma--katindo.webp
Goma,Katindo,Hood 3 Photo Credit,,https://commons.wikimedia.org/wiki/File:Bureau_du_mutuelle_de_sant%C3%A9_des_enseignants_de_l%27EPSP.jpg
Gondar,hero,City Photo File,images/cities/gondar.jpg,images/cities/gondar.webp
Gondar,hero,City Photo Credit,https://commons.wikimedia.org/wiki/File:Gonder_from_the_Goha_hotel.jpg,https://commons.wikimedia.org/wiki/File:Fasilides_Palace_01.jpg
Gondar,Piazza (City Centre),Hood 1 Photo File,,images/hoods/gondar--piazza-city-centre.webp
Gondar,Piazza (City Centre),Hood 1 Photo Credit,,https://commons.wikimedia.org/wiki/File:Piazza_Duomo_(Prato)_con_neve.JPG
Gondar,Fasil Ghebbi (Royal Enclosure),Hood 2 Photo File,,images/hoods/gondar--fasil-ghebbi-royal-enclosure.webp
Gondar,Fasil Ghebbi (Royal Enclosure),Hood 2 Photo Credit,,https://commons.wikimedia.org/wiki/File:ET_Gondar_asv2018-02_img12_Fasil_Ghebbi.jpg
Gondar,Maraki (University area),Hood 3 Photo File,,images/hoods/gondar--maraki-university-area.webp
Gondar,Maraki (University area),Hood 3 Photo Credit,,"https://commons.wikimedia.org/wiki/File:University_of_Gondar,_Ethiopia_Maraki_to_Tewodros_Campus.jpg"
Gothenburg,hero,City Photo File,images/cities/gothenburg.jpg,images/cities/gothenburg.webp
Gothenburg,Inom Vallgraven,Hood 1 Photo File,,images/hoods/gothenburg--inom-vallgraven.webp
Gothenburg,Inom Vallgraven,Hood 1 Photo Credit,,https://commons.wikimedia.org/wiki/File:Porten_till_Lilla_Kyrkogatan_2.JPG
Gothenburg,Vasastan,Hood 2 Photo File,,images/hoods/gothenburg--vasastan.webp
Gothenburg,Vasastan,Hood 2 Photo Credit,,"https://commons.wikimedia.org/wiki/File:Kvarteret_Isotopen,_Solnav%C3%A4gen_1_och_Brf_Helix_(v%C3%A4stra_tornet)_i_bakgrunden,_oktober_2022b.jpg"
Gothenburg,Haga,Hood 3 Photo File,,images/hoods/gothenburg--haga.webp
Gothenburg,Haga,Hood 3 Photo Credit,,"https://commons.wikimedia.org/wiki/File:Butikkskilt,_Karin_Beate_Nosterud.jpg"
Gothenburg,Linnestaden,Hood 4 Photo File,,images/hoods/gothenburg--linnestaden.webp
Gothenburg,Linnestaden,Hood 4 Photo Credit,,"https://commons.wikimedia.org/wiki/File:Annedalsskolan,_Gothenburg_Municipality.jpg"
Gothenburg,Majorna,Hood 5 Photo File,,images/hoods/gothenburg--majorna.webp
Gothenburg,Majorna,Hood 5 Photo Credit,,https://commons.wikimedia.org/wiki/File:Korsningen_mellan_Nordenski%C3%B6ldsgatan_och_Linn%C3%A9gatan.JPG
Granada,hero,City Photo File,images/cities/granada.jpg,images/cities/granada.webp
Granada,hero,City Photo Credit,https://commons.wikimedia.org/wiki/File:Granada_%2825987961022%29.jpg,https://commons.wikimedia.org/wiki/File:Alhambra_at_sunset.jpg
Granada,Albaicín,Hood 1 Photo File,,images/hoods/granada--albaicin.webp
Granada,Albaicín,Hood 1 Photo Credit,,https://commons.wikimedia.org/wiki/File:Patio_fleuri_dans_l%27Albaicin_(8277375538).jpg
Granada,Sacromonte,Hood 2 Photo File,,images/hoods/granada--sacromonte.webp
Granada,Sacromonte,Hood 2 Photo Credit,,https://commons.wikimedia.org/wiki/File:Abad%C3%ADa_del_Sacro-Monte_(siglo_XVII).jpg
Granada,Realejo,Hood 3 Photo File,,images/hoods/granada--realejo.webp
Granada,Realejo,Hood 3 Photo Credit,,https://commons.wikimedia.org/wiki/File:Cuesta_del_Realejo-Granada_(1).jpg
Granada,Centro (Catedral),Hood 4 Photo File,,images/hoods/granada--centro-catedral.webp
Granada,Centro (Catedral),Hood 4 Photo Credit,,https://commons.wikimedia.org/wiki/File:Nice_Door_in_the_Alhambra_-_panoramio.jpg
Granada,Alhambra & Mauror,Hood 5 Photo File,,images/hoods/granada--alhambra-mauror.webp
Granada,Alhambra & Mauror,Hood 5 Photo Credit,,"https://commons.wikimedia.org/wiki/File:Alhambra,_Granada_-_panoramio_-_Eduardo_Manchon_(3).jpg"
Grenoble,hero,City Photo File,images/cities/grenoble.jpg,images/cities/grenoble.webp
Grenoble,hero,City Photo Credit,https://commons.wikimedia.org/wiki/File:Panorama_grenoble.png,https://commons.wikimedia.org/wiki/File:City_of_Grenoble.jpg
Grenoble,Hyper-Centre,Hood 1 Photo File,,images/hoods/grenoble--hyper-centre.webp
Grenoble,Hyper-Centre,Hood 1 Photo Credit,,"https://commons.wikimedia.org/wiki/File:Quartier_Hyper-Centre,_Grenoble,_France_-_panoramio_(1).jpg"
Grenoble,Notre-Dame,Hood 2 Photo File,,images/hoods/grenoble--notre-dame.webp
Grenoble,Notre-Dame,Hood 2 Photo Credit,,https://commons.wikimedia.org/wiki/File:At_Grenoble_2025_193.jpg
Grenoble,Championnet,Hood 3 Photo File,,images/hoods/grenoble--championnet.webp
Grenoble,Championnet,Hood 3 Photo Credit,,https://commons.wikimedia.org/wiki/File:Statue_de_Jean-%C3%89tienne_Championnet_-_Valence_-2014-09-28-_P1940385.JPG
Grenoble,Chorier-Berriat,Hood 4 Photo File,,images/hoods/grenoble--chorier-berriat.webp
Grenoble,Chorier-Berriat,Hood 4 Photo Credit,,https://commons.wikimedia.org/wiki/File:Apple_maps_car_-_Grenoble_-_Cours_Berriat_-_2020-06-22.jpg
Grenoble,Parc Paul Mistral (Exposition-Bajatiere),Hood 5 Photo File,,images/hoods/grenoble--parc-paul-mistral-exposition-bajatiere.webp
Grenoble,Parc Paul Mistral (Exposition-Bajatiere),Hood 5 Photo Credit,,https://commons.wikimedia.org/wiki/File:At_Grenoble_2025_008.jpg
Guadalajara,hero,City Photo File,images/cities/guadalajara.jpg,images/cities/guadalajara.webp
Guadalajara,Centro Historico,Hood 1 Photo File,,images/hoods/guadalajara--centro-historico.webp
Guadalajara,Centro Historico,Hood 1 Photo Credit,,"https://commons.wikimedia.org/wiki/File:Centro_hist%C3%B3rico_de_Guadalajara,_2025.jpg"
Guadalajara,Colonia Americana / Chapultepec,Hood 2 Photo File,,images/hoods/guadalajara--colonia-americana-chapultepec.webp
Guadalajara,Colonia Americana / Chapultepec,Hood 2 Photo Credit,,https://commons.wikimedia.org/wiki/File:Col%C3%B4nia_Salto_Grande_em_Americana.JPG
Guadalajara,Tlaquepaque,Hood 4 Photo File,,images/hoods/guadalajara--tlaquepaque.webp
Guadalajara,Tlaquepaque,Hood 4 Photo Credit,,https://commons.wikimedia.org/wiki/File:Parroquia_de_San_Pedro_Ap%C3%B3stol_(Tlaquepaque)_2.jpg
Guadalajara,Zapopan (Andares),Hood 5 Photo File,,images/hoods/guadalajara--zapopan-andares.webp
Guadalajara,Zapopan (Andares),Hood 5 Photo Credit,,https://commons.wikimedia.org/wiki/File:Bandera_y_ventana_-_panoramio.jpg
Guangzhou,hero,City Photo File,images/cities/guangzhou.jpg,images/cities/guangzhou.webp
Guangzhou,Tianhe,Hood 1 Photo File,images/hoods/guangzhou--tianhe.jpg,images/hoods/guangzhou--tianhe.webp
Guangzhou,Yuexiu,Hood 2 Photo File,images/hoods/guangzhou--yuexiu.jpg,images/hoods/guangzhou--yuexiu.webp
Guangzhou,Liwan,Hood 3 Photo File,images/hoods/guangzhou--liwan.jpg,images/hoods/guangzhou--liwan.webp
Guangzhou,Haizhu,Hood 4 Photo File,images/hoods/guangzhou--haizhu.jpg,images/hoods/guangzhou--haizhu.webp
Guangzhou,Panyu,Hood 5 Photo File,,images/hoods/guangzhou--panyu.webp
Guangzhou,Panyu,Hood 5 Photo Credit,,https://commons.wikimedia.org/wiki/File:BaakSaaLou.jpg
Guarujá,hero,City Photo File,images/cities/guaruj.jpg,images/cities/guaruj.webp
Guarujá,Pitangueiras,Hood 1 Photo File,,images/hoods/guaruja--pitangueiras.webp
Guarujá,Pitangueiras,Hood 1 Photo Credit,,https://commons.wikimedia.org/wiki/File:Pitangueiras1094.jpg
Guarujá,Enseada,Hood 2 Photo File,,images/hoods/guaruja--enseada.webp
Guarujá,Enseada,Hood 2 Photo Credit,,"https://commons.wikimedia.org/wiki/File:Enseada_Beach,_Guaruj%C3%A1,_S%C3%A3o_Paulo_-_panoramio_(1).jpg"
Guarujá,Astúrias,Hood 3 Photo File,,images/hoods/guaruja--asturias.webp
Guarujá,Astúrias,Hood 3 Photo Credit,,https://commons.wikimedia.org/wiki/File:Asturias_(21766078554).jpg
Guarujá,Pernambuco,Hood 4 Photo File,,images/hoods/guaruja--pernambuco.webp
Guarujá,Pernambuco,Hood 4 Photo Credit,,https://commons.wikimedia.org/wiki/File:A_capitania_de_Paranambuca_-_Clemendt_de_Jonghe_excudit_-_btv1b84919622.jpg
Guarujá,Tombo,Hood 5 Photo File,,images/hoods/guaruja--tombo.webp
Guarujá,Tombo,Hood 5 Photo Credit,,https://commons.wikimedia.org/wiki/File:Surfista_remando.JPG
Guatemala City,hero,City Photo File,images/cities/guatemala-city.jpg,images/cities/guatemala-city.webp
Guatemala City,Zona 10 (Zona Viva),Hood 1 Photo File,,images/hoods/guatemala-city--zona-10-zona-viva.webp
Guatemala City,Zona 10 (Zona Viva),Hood 1 Photo Credit,,https://commons.wikimedia.org/wiki/File:25_Aerial_view_-_Zona_10_-_Ciudad_de_Guatemala.jpg
Guatemala City,Zona 1 (Centro Histórico),Hood 2 Photo File,,images/hoods/guatemala-city--zona-1-centro-historico.webp
Guatemala City,Zona 1 (Centro Histórico),Hood 2 Photo Credit,,https://commons.wikimedia.org/wiki/File:Palacion_Nacional_de_Guatemala_11.jpg
Guatemala City,Zona 13,Hood 3 Photo File,,images/hoods/guatemala-city--zona-13.webp
Guatemala City,Zona 13,Hood 3 Photo Credit,,https://www.flickr.com/photos/201377104@N06/53963536682/
Guatemala City,Zona 4 (Cuatro Grados Norte),Hood 4 Photo File,,images/hoods/guatemala-city--zona-4-cuatro-grados-norte.webp
Guatemala City,Zona 4 (Cuatro Grados Norte),Hood 4 Photo Credit,,https://www.flickr.com/photos/137253937@N05/52027750773/
Guatemala City,Zona 9,Hood 5 Photo File,,images/hoods/guatemala-city--zona-9.webp
Guatemala City,Zona 9,Hood 5 Photo Credit,,"https://commons.wikimedia.org/wiki/File:Edificio_del_Intecap_zona_4,_al_fondo_zona_9_y_10_de_ciudad_Guatemala_-_panoramio.jpg"
Guayaquil,hero,City Photo File,images/cities/guayaquil.jpg,images/cities/guayaquil.webp
Guayaquil,Malecón 2000 / Centro,Hood 1 Photo File,,images/hoods/guayaquil--malecon-2000-centro.webp
Guayaquil,Malecón 2000 / Centro,Hood 1 Photo Credit,,https://commons.wikimedia.org/wiki/File:Cinema_Malec%C3%B3n.jpg
Guayaquil,Las Peñas,Hood 2 Photo File,,images/hoods/guayaquil--las-penas.webp
Guayaquil,Las Peñas,Hood 2 Photo Credit,,https://commons.wikimedia.org/wiki/File:Guayaquil_Ecuador312.JPG
Guayaquil,Urdesa,Hood 3 Photo File,,images/hoods/guayaquil--urdesa.webp
Guayaquil,Urdesa,Hood 3 Photo Credit,,https://commons.wikimedia.org/wiki/File:Asia_urdesa.jpg
Guayaquil,Samborondón,Hood 4 Photo File,,images/hoods/guayaquil--samborondon.webp
Guayaquil,Samborondón,Hood 4 Photo Credit,,https://commons.wikimedia.org/wiki/File:Centro_comercial_Alhambra.jpg
Guayaquil,Puerto Santa Ana,Hood 5 Photo File,,images/hoods/guayaquil--puerto-santa-ana.webp
Guayaquil,Puerto Santa Ana,Hood 5 Photo Credit,,https://commons.wikimedia.org/wiki/File:Edificio_Sotavento.jpg
Guilin,hero,City Photo File,images/cities/guilin.jpg,images/cities/guilin.webp
Guilin,Xiufeng District,Hood 1 Photo File,,images/hoods/guilin--xiufeng-district.webp
Guilin,Xiufeng District,Hood 1 Photo Credit,,https://commons.wikimedia.org/wiki/File:Flickr_-_archer10_(Dennis)_-_China-7484.jpg
Guilin,Xiangshan District,Hood 2 Photo File,,images/hoods/guilin--xiangshan-district.webp
Guilin,Xiangshan District,Hood 2 Photo Credit,,"https://commons.wikimedia.org/wiki/File:Xiangshan,_Guilin,_Guangxi,_China_-_panoramio_(11).jpg"
Guilin,Diecai District,Hood 3 Photo File,,images/hoods/guilin--diecai-district.webp
Guilin,Diecai District,Hood 3 Photo Credit,,https://commons.wikimedia.org/wiki/File:China_Railways_DF5_1365_in_Guilin_North_Railway_Station_20130610_01.jpg
Guilin,Qixing District,Hood 4 Photo File,,images/hoods/guilin--qixing-district.webp
Guilin,Qixing District,Hood 4 Photo Credit,,https://commons.wikimedia.org/wiki/File:%E4%B8%83%E6%98%9F%E5%85%AC%E5%9B%AD_-_panoramio_(2).jpg
Gustavia,hero,City Photo File,images/cities/gustavia.jpg,images/cities/gustavia.webp
Gustavia,Gustavia (Harbour),Hood 1 Photo File,,images/hoods/gustavia--gustavia-harbour.webp
Gustavia,Gustavia (Harbour),Hood 1 Photo Credit,,https://commons.wikimedia.org/wiki/File:Eglise-Anglicane-Gustavia-Saint-Barth%C3%A9lemy-Caraibes-Antilles-Fran%C3%A7aises.jpg
Gustavia,Saint-Jean,Hood 2 Photo File,,images/hoods/gustavia--saint-jean.webp
Gustavia,Saint-Jean,Hood 2 Photo Credit,,https://commons.wikimedia.org/wiki/File:La_Claie.jpg
Gustavia,Flamands,Hood 3 Photo File,,images/hoods/gustavia--flamands.webp
Gustavia,Flamands,Hood 3 Photo Credit,,https://commons.wikimedia.org/wiki/File:Plaque_Rue_Flamands_-_Argenteuil_(FR95)_-_2024-04-13_-_2.jpg
Gustavia,Grand Cul-de-Sac,Hood 4 Photo File,,images/hoods/gustavia--grand-cul-de-sac.webp
Gustavia,Grand Cul-de-Sac,Hood 4 Photo Credit,,https://commons.wikimedia.org/wiki/File:Ilet_Carret_-_Grand_Cul_de_Sac_Marin.jpg
Gustavia,Lorient,Hood 5 Photo File,,images/hoods/gustavia--lorient.webp
Gustavia,Lorient,Hood 5 Photo Credit,,https://commons.wikimedia.org/wiki/File:St_Barths_Lorient_Eglise_Clocher.JPG
Gyeongju,hero,City Photo File,images/cities/gyeongju.jpg,images/cities/gyeongju.webp
Gyeongju,hero,City Photo Credit,https://commons.wikimedia.org/wiki/File:Gyeongju_montage.png,https://commons.wikimedia.org/wiki/File:Bulguksa_temple_entrance_gate_stairs_flower_bed_and_blue_sky_in_Gyeongju_South_Korea.jpg
Gyeongju,Hwangnidan-gil,Hood 2 Photo File,,images/hoods/gyeongju--hwangnidan-gil.webp
Gyeongju,Hwangnidan-gil,Hood 2 Photo Credit,,https://commons.wikimedia.org/wiki/File:Hwangnidan-gil_03.jpg
Gyeongju,Bomun Lake Resort,Hood 3 Photo File,,images/hoods/gyeongju--bomun-lake-resort.webp
Gyeongju,Bomun Lake Resort,Hood 3 Photo Credit,,https://commons.wikimedia.org/wiki/File:Bomun_Lake_from_Gyeongju_World.jpg
Göreme,hero,City Photo File,images/cities/g-reme.jpg,images/cities/g-reme.webp
Göreme,Göreme Town Center,Hood 1 Photo File,,images/hoods/goreme--goreme-town-center.webp
Göreme,Göreme Town Center,Hood 1 Photo Credit,,https://commons.wikimedia.org/wiki/File:Elmal%C4%B1_Kilise_Entry_into_Jerusalem_in_2004_6816.jpg
Göreme,Aydınlı / Edebiyat Quarter,Hood 2 Photo File,,images/hoods/goreme--aydinli-edebiyat-quarter.webp
Göreme,Aydınlı / Edebiyat Quarter,Hood 2 Photo Credit,,https://commons.wikimedia.org/wiki/File:Aydinli-Orta_Mh.jpg
Göreme,Uçhisar,Hood 3 Photo File,,images/hoods/goreme--uchisar.webp
Göreme,Uçhisar,Hood 3 Photo Credit,,https://commons.wikimedia.org/wiki/File:U%C3%A7hisar_Kalesi_Front.jpg
Göreme,Avanos (Kızılırmak riverside),Hood 4 Photo File,,images/hoods/goreme--avanos-kizilirmak-riverside.webp
Göreme,Avanos (Kızılırmak riverside),Hood 4 Photo Credit,,https://commons.wikimedia.org/wiki/File:Avanos_Carsisinda_Kabartma_-_panoramio.jpg
Göreme,Avanos (Kızılırmak riverside),Hood 5 Photo File,,images/hoods/goreme--avanos-kizilirmak-riverside.webp
Göreme,Avanos (Kızılırmak riverside),Hood 5 Photo Credit,,https://commons.wikimedia.org/wiki/File:Avanos_Carsisinda_Kabartma_-_panoramio.jpg
Haifa,hero,City Photo File,images/cities/haifa.jpg,images/cities/haifa.webp
Haifa,German Colony,Hood 1 Photo File,,images/hoods/haifa--german-colony.webp
Haifa,German Colony,Hood 1 Photo Credit,,https://commons.wikimedia.org/wiki/File:Ben_gurion_30.jpg
Haifa,Wadi Nisnas,Hood 2 Photo File,,images/hoods/haifa--wadi-nisnas.webp
Haifa,Wadi Nisnas,Hood 2 Photo Credit,,https://commons.wikimedia.org/wiki/File:PikiWiki_Israel_41148_Haifa_December_festival.jpg
Haifa,Hadar HaCarmel,Hood 3 Photo File,,images/hoods/haifa--hadar-hacarmel.webp
Haifa,Hadar HaCarmel,Hood 3 Photo Credit,,https://commons.wikimedia.org/wiki/File:HaShalom_Street.jpg
Haifa,Central Carmel (Merkaz HaCarmel),Hood 4 Photo File,,images/hoods/haifa--central-carmel-merkaz-hacarmel.webp
Haifa,Central Carmel (Merkaz HaCarmel),Hood 4 Photo Credit,,https://commons.wikimedia.org/wiki/File:HK_%E4%B8%8A%E7%92%B0_Sheung_Wan_%E5%BE%B7%E8%BC%94%E9%81%93%E4%B8%AD_238_Des_Voeux_Road_Central_shop_Sun_Hung_Kei_Financial_October_2017_IX1_02.jpg
Haifa,Bat Galim,Hood 5 Photo File,,images/hoods/haifa--bat-galim.webp
Haifa,Bat Galim,Hood 5 Photo Credit,,https://commons.wikimedia.org/wiki/File:Bat_Galim_Casino_in_the_sunset.JPG
Hakodate,hero,City Photo File,images/cities/hakodate.jpg,images/cities/hakodate.webp
Hakodate,hero,City Photo Credit,https://commons.wikimedia.org/wiki/File:Hakodate_montage.jpg,https://commons.wikimedia.org/wiki/File:Cityscapes_of_Hakodate_Hokkaido_pref_Japan01n.jpg
Hakodate,Motomachi,Hood 1 Photo File,,images/hoods/hakodate--motomachi.webp
Hakodate,Motomachi,Hood 1 Photo Credit,,"https://commons.wikimedia.org/wiki/File:Motomachi,_Hakodate,_Hokkaido_Prefecture_040-0054,_Japan_-_panoramio_(2).jpg"
Hakodate,Bay Area (Kanemori),Hood 2 Photo File,,images/hoods/hakodate--bay-area-kanemori.webp
Hakodate,Bay Area (Kanemori),Hood 2 Photo Credit,,https://commons.wikimedia.org/wiki/File:Cat_in_Hakodate.jpg
Hakodate,Goryokaku,Hood 4 Photo File,,images/hoods/hakodate--goryokaku.webp
Hakodate,Goryokaku,Hood 4 Photo Credit,,https://commons.wikimedia.org/wiki/File:Goryokaku_Tower_Hakodate_Hokkaido_Japan07n.jpg
Hakodate,Yunokawa Onsen,Hood 5 Photo File,,images/hoods/hakodate--yunokawa-onsen.webp
Hakodate,Yunokawa Onsen,Hood 5 Photo Credit,,https://commons.wikimedia.org/wiki/File:Yunokawa_Onsen_Hakodate_Hokkaido_Japan03n.jpg
Halifax,hero,City Photo File,images/cities/halifax.jpg,images/cities/halifax.webp
Halifax,Downtown / Waterfront,Hood 1 Photo File,,images/hoods/halifax--downtown-waterfront.webp
Halifax,Downtown / Waterfront,Hood 1 Photo Credit,,https://commons.wikimedia.org/wiki/File:GranvilleStBuildringByGeorgeLangHalifaxNS.JPG
Halifax,North End,Hood 2 Photo File,,images/hoods/halifax--north-end.webp
Halifax,North End,Hood 2 Photo Credit,,https://commons.wikimedia.org/wiki/File:North_End_20171003_175444_(38056208091).jpg
Halifax,South End,Hood 3 Photo File,,images/hoods/halifax--south-end.webp
Halifax,South End,Hood 3 Photo Credit,,"https://commons.wikimedia.org/wiki/File:%22Bowfront_houses%22_in_South_End,_Boston,_Massachusetts_LCCN2011632380.tif"
Halifax,Spring Garden,Hood 4 Photo File,,images/hoods/halifax--spring-garden.webp
Halifax,Spring Garden,Hood 4 Photo Credit,,"https://commons.wikimedia.org/wiki/File:Hurricane_Dorian_Damage_in_Halifax,_NS,_Canada_Crane_Collapse.jpg"
Halifax,Dartmouth,Hood 5 Photo File,,images/hoods/halifax--dartmouth.webp
Halifax,Dartmouth,Hood 5 Photo Credit,,"https://commons.wikimedia.org/wiki/File:Downtown_Dartmouth,_Dartmouth,_NS,_Canada_-_panoramio.jpg"
Hamadan,hero,City Photo File,images/cities/hamadan.jpg,images/cities/hamadan.webp
Hamadan,Imam Khomeini Square (Central),Hood 1 Photo File,,images/hoods/hamadan--imam-khomeini-square-central.webp
Hamadan,Imam Khomeini Square (Central),Hood 1 Photo Credit,,https://commons.wikimedia.org/wiki/File:Central_Square_(Hamadan)_2.jpg
Hamadan,Bu-Ali (Avicenna) District,Hood 2 Photo File,,images/hoods/hamadan--bu-ali-avicenna-district.webp
Hamadan,Bu-Ali (Avicenna) District,Hood 2 Photo Credit,,https://commons.wikimedia.org/wiki/File:Mazar_Bu_Ali.JPG
Hamadan,Abbas Abad / Ganjnameh,Hood 3 Photo File,,images/hoods/hamadan--abbas-abad-ganjnameh.webp
Hamadan,Abbas Abad / Ganjnameh,Hood 3 Photo Credit,,https://commons.wikimedia.org/wiki/File:Darbe_Baba_Taher_alley.jpg
Hamadan,Ecbatana (Hegmataneh) Hill,Hood 4 Photo File,,images/hoods/hamadan--ecbatana-hegmataneh-hill.webp
Hamadan,Ecbatana (Hegmataneh) Hill,Hood 4 Photo Credit,,https://commons.wikimedia.org/wiki/File:Teppe_Ecbatana5.jpg
Hamadan,Baba Taher / Bazaar Quarter,Hood 5 Photo File,,images/hoods/hamadan--baba-taher-bazaar-quarter.webp
Hamadan,Baba Taher / Bazaar Quarter,Hood 5 Photo Credit,,https://commons.wikimedia.org/wiki/File:2%D8%A2%D8%B1%D8%A7%D9%85%DA%AF%D8%A7%D9%87_%D8%A8%D8%A7%D8%A8%D8%A7%D8%B7%D8%A7%D9%87%D8%B1.jpg
Hamburg,hero,City Photo File,images/cities/hamburg.jpg,images/cities/hamburg.webp
Hamburg,St. Pauli,Hood 2 Photo File,,images/hoods/hamburg--st-pauli.webp
Hamburg,St. Pauli,Hood 2 Photo Credit,,https://commons.wikimedia.org/wiki/File:12742_Bei_den_St._Pauli-Landungsbr%C3%BCcken_1_Detail.JPG
Hamburg,Sternschanze,Hood 3 Photo File,,images/hoods/hamburg--sternschanze.webp
Hamburg,Sternschanze,Hood 3 Photo Credit,,https://commons.wikimedia.org/wiki/File:Wasserturm_Sternschanze_(Hamburg-Sternschanze).1.19117.ajb.jpg
Hamburg,HafenCity,Hood 4 Photo File,,images/hoods/hamburg--hafencity.webp
Hamburg,HafenCity,Hood 4 Photo Credit,,https://commons.wikimedia.org/wiki/File:-_panoramio_(5277).jpg
Hamburg,Altona,Hood 5 Photo File,,images/hoods/hamburg--altona.webp
Hamburg,Altona,Hood 5 Photo Credit,,https://commons.wikimedia.org/wiki/File:Altona.Restaurant_Elbblick.wmt.jpg
Hamilton,hero,City Photo File,images/cities/hamilton.jpg,images/cities/hamilton.webp
Hamilton,City of Hamilton (Pembroke),Hood 1 Photo File,,images/hoods/hamilton--city-of-hamilton-pembroke.webp
Hamilton,City of Hamilton (Pembroke),Hood 1 Photo Credit,,https://commons.wikimedia.org/wiki/File:SgroJuly42018Coleman_(cropped).jpg
Hamilton,Paget & Elbow Beach,Hood 2 Photo File,,images/hoods/hamilton--paget-elbow-beach.webp
Hamilton,Paget & Elbow Beach,Hood 2 Photo Credit,,"https://commons.wikimedia.org/wiki/File:Elbow_Beach_Surf_Club,_Paget,_Bermuda.jpg"
Hamilton,Southampton & South Shore,Hood 3 Photo File,,images/hoods/hamilton--southampton-south-shore.webp
Hamilton,Southampton & South Shore,Hood 3 Photo Credit,,https://commons.wikimedia.org/wiki/File:CMA_CGM_LEO_approaches_the_Container_Port_at_Southampton_Docks_-_1_-_geograph.org.uk_-_3466417.jpg
Hangzhou,hero,City Photo File,images/cities/hangzhou.jpg,images/cities/hangzhou.webp
Hangzhou,West Lake / Xihu,Hood 1 Photo File,,images/hoods/hangzhou--west-lake-xihu.webp
Hangzhou,West Lake / Xihu,Hood 1 Photo Credit,,https://commons.wikimedia.org/wiki/File:2009_%E6%9D%AD%E5%B7%9E_%E8%A5%BF%E6%B9%96_-_panoramio_(1).jpg
Hangzhou,Shangcheng / Wulin (Downtown),Hood 2 Photo File,,images/hoods/hangzhou--shangcheng-wulin-downtown.webp
Hangzhou,Shangcheng / Wulin (Downtown),Hood 2 Photo Credit,,https://commons.wikimedia.org/wiki/File:Hangzhou_Shangcheng_wushan_road_IMG_8734_Zhejiang_Hospital_of_Trad_Chinese_Medicine.jpg
Hangzhou,Binjiang (Riverside),Hood 3 Photo File,,images/hoods/hangzhou--binjiang-riverside.webp
Hangzhou,Binjiang (Riverside),Hood 3 Photo Credit,,https://commons.wikimedia.org/wiki/File:201607_Binjiang_District.jpg
Hangzhou,Xiacheng / Grand Canal,Hood 4 Photo File,,images/hoods/hangzhou--xiacheng-grand-canal.webp
Hangzhou,Xiacheng / Grand Canal,Hood 4 Photo Credit,,https://commons.wikimedia.org/wiki/File:201405%E8%89%AE%E5%B1%B1%E9%97%A8%E7%AB%99%E7%89%8C.jpg
Hangzhou,Yuhang / Future Sci-Tech City,Hood 5 Photo File,,images/hoods/hangzhou--yuhang-future-sci-tech-city.webp
Hangzhou,Yuhang / Future Sci-Tech City,Hood 5 Photo Credit,,"https://commons.wikimedia.org/wiki/File:%E4%BD%99%E6%9D%AD%E5%AE%89%E4%B9%90%E5%B1%B1%E6%AF%95%E7%A7%80%E5%A7%91%E4%BC%A0%E7%95%A5%E7%A2%91,_2022-11-05.jpg"
Hanoi,hero,City Photo File,images/cities/hanoi.jpg,images/cities/hanoi.webp
Hanoi,Hoan Kiem (Old Quarter),Hood 1 Photo File,images/hoods/hanoi--hoan-kiem-old-quarter.jpg,images/hoods/hanoi--hoan-kiem-old-quarter.webp
Hanoi,Ba Dinh,Hood 2 Photo File,images/hoods/hanoi--ba-dinh.jpg,images/hoods/hanoi--ba-dinh.webp
Hanoi,Tay Ho (West Lake),Hood 3 Photo File,,images/hoods/hanoi--tay-ho-west-lake.webp
Hanoi,Tay Ho (West Lake),Hood 3 Photo Credit,,https://commons.wikimedia.org/wiki/File:Swan_boats_at_Tay_Ho_in_2015_01.jpg
Hanoi,Dong Da,Hood 4 Photo File,images/hoods/hanoi--dong-da.jpg,images/hoods/hanoi--dong-da.webp
Hanoi,Cau Giay,Hood 5 Photo File,,images/hoods/hanoi--cau-giay.webp
Hanoi,Cau Giay,Hood 5 Photo Credit,,"https://commons.wikimedia.org/wiki/File:C%E1%BA%A7u_Gi%E1%BA%A5y_Road,_Hanoi_2022-06-13_09.jpg"
Harar,hero,City Photo File,images/cities/harar.jpg,images/cities/harar.webp
Harar,Jugol (Walled Old City),Hood 1 Photo File,,images/hoods/harar--jugol-walled-old-city.webp
Harar,Jugol (Walled Old City),Hood 1 Photo Credit,,"https://commons.wikimedia.org/wiki/File:Jugol_Kishore_flat_roofed_temple_at_Aranghata_in_Nadia_district,_West_Bengal._08.jpg"
Harare,hero,City Photo File,images/cities/harare.jpg,images/cities/harare.webp
Harare,hero,City Photo Credit,https://commons.wikimedia.org/wiki/File:Crowne_Plaza%2C_Harare.png,https://commons.wikimedia.org/wiki/File:Harare_-_Harare3496.jpg
Harare,CBD (Central Business District),Hood 1 Photo File,,images/hoods/harare--cbd-central-business-district.webp
Harare,CBD (Central Business District),Hood 1 Photo Credit,,https://commons.wikimedia.org/wiki/File:CBD_Ciledug_TransJakarta_station.jpg
Harare,Avondale,Hood 2 Photo File,,images/hoods/harare--avondale.webp
Harare,Avondale,Hood 2 Photo Credit,,https://commons.wikimedia.org/wiki/File:AvondaleMissouri.jpg
Harare,Borrowdale,Hood 3 Photo File,,images/hoods/harare--borrowdale.webp
Harare,Borrowdale,Hood 3 Photo Credit,,https://commons.wikimedia.org/wiki/File:A_Bucket_of_Raddle_-_geograph.org.uk_-_3410999.jpg
Harbin,hero,City Photo File,images/cities/harbin.jpg,images/cities/harbin.webp
Harbin,Daoli / Central Street (Zhongyang Dajie),Hood 1 Photo File,,images/hoods/harbin--daoli-central-street-zhongyang-dajie.webp
Harbin,Daoli / Central Street (Zhongyang Dajie),Hood 1 Photo Credit,,"https://commons.wikimedia.org/wiki/File:Daoli,_Harbin,_Heilongjiang,_China_-_panoramio_(3).jpg"
Harbin,Nangang,Hood 2 Photo File,,images/hoods/harbin--nangang.webp
Harbin,Nangang,Hood 2 Photo Credit,,https://commons.wikimedia.org/wiki/File:HARBIN_RAILWAY_STATION_-_panoramio.jpg
Harbin,Songbei / Ice-Snow World,Hood 3 Photo File,,images/hoods/harbin--songbei-ice-snow-world.webp
Harbin,Songbei / Ice-Snow World,Hood 3 Photo Credit,,https://commons.wikimedia.org/wiki/File:26941-Harbin_(49027716202).jpg
Harbin,Daowai,Hood 4 Photo File,,images/hoods/harbin--daowai.webp
Harbin,Daowai,Hood 4 Photo Credit,,https://commons.wikimedia.org/wiki/File:%E4%B9%9D%E4%B8%89%E7%9C%81%E9%81%93%E6%94%B6%E8%B4%B9%E7%AB%99_-_panoramio.jpg
Harbin,Xiangfang,Hood 5 Photo File,,images/hoods/harbin--xiangfang.webp
Harbin,Xiangfang,Hood 5 Photo Credit,,"https://commons.wikimedia.org/wiki/File:Xiangfang,_Harbin,_Heilongjiang,_China_-_panoramio_(1).jpg"
Havana,hero,City Photo File,images/cities/havana.jpg,images/cities/havana.webp
Havana,Old Havana,Hood 1 Photo File,,images/hoods/havana--old-havana.webp
Havana,Old Havana,Hood 1 Photo Credit,,https://commons.wikimedia.org/wiki/File:Amphitheatre_of_Old_Havana.1.jpg
Havana,Vedado,Hood 2 Photo File,,images/hoods/havana--vedado.webp
Havana,Vedado,Hood 2 Photo Credit,,https://commons.wikimedia.org/wiki/File:Barrio_Vedado_(37133037424).jpg
Havana,Centro Habana,Hood 3 Photo File,,images/hoods/havana--centro-habana.webp
Havana,Centro Habana,Hood 3 Photo Credit,,https://commons.wikimedia.org/wiki/File:Calle_San_L%C3%A1zaro_(35061142066).jpg
Havana,Miramar,Hood 4 Photo File,,images/hoods/havana--miramar.webp
Havana,Miramar,Hood 4 Photo Credit,,"https://commons.wikimedia.org/wiki/File:Havana,_Cuba_-_panoramio_(65).jpg"
Havana,Regla / Casablanca,Hood 5 Photo File,,images/hoods/havana--regla-casablanca.webp
Havana,Regla / Casablanca,Hood 5 Photo Credit,,https://commons.wikimedia.org/wiki/File:Hershey_Electric_train_at_Havana_Casablanca.jpg
Hebron,hero,City Photo File,images/cities/hebron.jpg,images/cities/hebron.webp
Hebron,Old City,Hood 1 Photo File,,images/hoods/hebron--old-city.webp
Hebron,Old City,Hood 1 Photo Credit,,https://commons.wikimedia.org/wiki/File:%D8%A7%D9%86%D8%B9%D9%83%D8%A7%D8%B3_%D8%A7%D9%84%D8%B6%D9%88%D8%A1_%D9%85%D9%86_%D9%86%D9%88%D8%A7%D9%81%D8%B0_%D8%A7%D9%84%D9%85%D8%AA%D8%AD%D9%81_%D8%A7%D9%84%D8%AC%D8%AF%D9%8A%D8%AF_%D9%81%D9%8A_%D8%A7%D9%84%D8%A8%D9%84%D8%AF%D8%A9_%D8%A7%D9%84%D9%82%D8%AF%D9%8A%D9%85%D8%A9_%D9%81%D9%8A_%D8%A7%D9%84%D8%AE%D9%84%D9%8A%D9%84.jpg
Hebron,Ras al-Jura,Hood 4 Photo File,,images/hoods/hebron--ras-al-jura.webp
Hebron,Ras al-Jura,Hood 4 Photo Credit,,https://commons.wikimedia.org/wiki/File:Ras_Al-Jura_Roundabout.jpg
Heidelberg,hero,City Photo File,images/cities/heidelberg.jpg,images/cities/heidelberg.webp
Heidelberg,Altstadt,Hood 1 Photo File,,images/hoods/heidelberg--altstadt.webp
Heidelberg,Altstadt,Hood 1 Photo Credit,,https://commons.wikimedia.org/wiki/File:Bridge_-_K%C3%B6ln_-_panoramio.jpg
Heidelberg,Neuenheim,Hood 2 Photo File,,images/hoods/heidelberg--neuenheim.webp
Heidelberg,Neuenheim,Hood 2 Photo Credit,,https://commons.wikimedia.org/wiki/File:Heidelberg_Neuenheim_ehemalige_Dorfkirche_20110403.jpg
Heidelberg,Bergheim,Hood 3 Photo File,,images/hoods/heidelberg--bergheim.webp
Heidelberg,Bergheim,Hood 3 Photo Credit,,https://commons.wikimedia.org/wiki/File:19-bahn-zubringer.jpg
Heidelberg,Weststadt,Hood 4 Photo File,,images/hoods/heidelberg--weststadt.webp
Heidelberg,Weststadt,Hood 4 Photo Credit,,https://commons.wikimedia.org/wiki/File:Heidelberg_-_Kleinschmidtstra%C3%9Fe_-_View_SSE_along_Sankt_Bonifacius_Kirche_towards_Wilhelmsplatz.jpg
Heidelberg,Bahnstadt,Hood 5 Photo File,,images/hoods/heidelberg--bahnstadt.webp
Heidelberg,Bahnstadt,Hood 5 Photo Credit,,https://commons.wikimedia.org/wiki/File:Bahnstadt_Heidelberg_von_Suedwesten.jpg
Helsinki,hero,City Photo File,images/cities/helsinki.jpg,images/cities/helsinki.webp
Helsinki,Kallio,Hood 1 Photo File,images/hoods/helsinki--kallio.jpg,images/hoods/helsinki--kallio.webp
Helsinki,Kamppi,Hood 3 Photo File,images/hoods/helsinki--kamppi.jpg,images/hoods/helsinki--kamppi.webp
Helsinki,Toolo,Hood 4 Photo File,images/hoods/helsinki--toolo.jpg,images/hoods/helsinki--toolo.webp
Helsinki,Kruununhaka,Hood 5 Photo File,images/hoods/helsinki--kruununhaka.jpg,images/hoods/helsinki--kruununhaka.webp
Heraklion,hero,City Photo File,images/cities/heraklion.jpg,images/cities/heraklion.webp
Heraklion,hero,City Photo Credit,"https://commons.wikimedia.org/wiki/File:Heraklion_old_harbour_in_Crete,_Greece_002.jpg",https://commons.wikimedia.org/wiki/File:%CE%9B%CE%B9%CE%BC%CE%AC%CE%BD%CE%B9_%CE%97%CF%81%CE%B1%CE%BA%CE%BB%CE%B5%CE%AF%CE%BF%CF%85_9866.JPG
Heraklion,Old Town (Centro),Hood 1 Photo File,,images/hoods/heraklion--old-town-centro.webp
Heraklion,Old Town (Centro),Hood 1 Photo Credit,,https://commons.wikimedia.org/wiki/File:%CE%A0%CE%BB%CE%B1%CF%84%CE%B5%CE%AF%CE%B1_%CE%9B%CE%B9%CE%BF%CE%BD%CF%84%CE%B1%CF%81%CE%B9%CF%8E%CE%BD_9239.jpg
Heraklion,Nea Alikarnassos,Hood 3 Photo File,images/hoods/heraklion--nea-alikarnassos.jpg,images/hoods/heraklion--nea-alikarnassos.webp
Heraklion,Ammoudara,Hood 5 Photo File,,images/hoods/heraklion--ammoudara.webp
Heraklion,Ammoudara,Hood 5 Photo Credit,,https://commons.wikimedia.org/wiki/File:AmoudaraBeach1.JPG
Himeji,hero,City Photo File,images/cities/himeji.jpg,images/cities/himeji.webp
Himeji,hero,City Photo Credit,https://commons.wikimedia.org/wiki/File:Himeji_montage2.jpg,"https://commons.wikimedia.org/wiki/File:20260429_Burg_Himeji_02,_Hy%C5%8Dgo,_Japan_anagoria.jpg"
Himeji,Himeji Station Area (Ekimae),Hood 1 Photo File,,images/hoods/himeji--himeji-station-area-ekimae.webp
Himeji,Himeji Station Area (Ekimae),Hood 1 Photo Credit,,https://commons.wikimedia.org/wiki/File:Himeji_-_panoramio_(11).jpg
Himeji,Shikama & the Port,Hood 5 Photo File,,images/hoods/himeji--shikama-the-port.webp
Himeji,Shikama & the Port,Hood 5 Photo Credit,,https://commons.wikimedia.org/wiki/File:Shikama_Wharf_01.jpg
Hirosaki,hero,City Photo File,images/cities/hirosaki.jpg,images/cities/hirosaki.webp
Hirosaki,Hirosaki Park / Castle Area,Hood 1 Photo File,,images/hoods/hirosaki--hirosaki-park-castle-area.webp
Hirosaki,Hirosaki Park / Castle Area,Hood 1 Photo Credit,,https://commons.wikimedia.org/wiki/File:%E5%A4%A7%E7%9F%B3%E6%AD%A6%E5%AD%A6%E6%B5%81%E5%BA%AD%E5%9C%92_-_panoramio.jpg
Hirosaki,Dobashi / Ekimae (Station Area),Hood 2 Photo File,,images/hoods/hirosaki--dobashi-ekimae-station-area.webp
Hirosaki,Dobashi / Ekimae (Station Area),Hood 2 Photo Credit,,https://commons.wikimedia.org/wiki/File:Iyo_Railway_Dobashi_Station3.jpg
Hirosaki,Mount Iwaki / Apple Orchard Countryside,Hood 3 Photo File,,images/hoods/hirosaki--mount-iwaki-apple-orchard-countryside.webp
Hirosaki,Mount Iwaki / Apple Orchard Countryside,Hood 3 Photo Credit,,https://commons.wikimedia.org/wiki/File:Iwakisan_to_Oppudake.JPG
Hiroshima,hero,City Photo File,images/cities/hiroshima.jpg,images/cities/hiroshima.webp
Hiroshima,Kamiyacho-Hatchobori,Hood 1 Photo File,,images/hoods/hiroshima--kamiyacho-hatchobori.webp
Hiroshima,Kamiyacho-Hatchobori,Hood 1 Photo Credit,,https://commons.wikimedia.org/wiki/File:Hiroshima_Branch_of_the_Chugoku_Bank.jpg
Hiroshima,Peace Memorial Park (Naka),Hood 2 Photo File,,images/hoods/hiroshima--peace-memorial-park-naka.webp
Hiroshima,Peace Memorial Park (Naka),Hood 2 Photo Credit,,https://commons.wikimedia.org/wiki/File:Autumn_Leaves_in_Hiroshima_Peace_Memorial_Park.jpg
Hiroshima,Nagarekawa,Hood 3 Photo File,,images/hoods/hiroshima--nagarekawa.webp
Hiroshima,Nagarekawa,Hood 3 Photo Credit,,https://commons.wikimedia.org/wiki/File:Nakagin-sideview-oct4-2015.jpg
Hiroshima,Hiroshima Station (Ekimae),Hood 4 Photo File,,images/hoods/hiroshima--hiroshima-station-ekimae.webp
Hiroshima,Hiroshima Station (Ekimae),Hood 4 Photo Credit,,https://commons.wikimedia.org/wiki/File:Ekimae_Ohashi_Line_and_new_Hiroshima_Station_building_under_construction.jpg
Hiroshima,Yokogawa,Hood 5 Photo File,images/hoods/hiroshima--yokogawa.jpg,images/hoods/hiroshima--yokogawa.webp
Ho Chi Minh City,hero,City Photo File,images/cities/ho-chi-minh-city.jpg,images/cities/ho-chi-minh-city.webp
Ho Chi Minh City,District 1,Hood 1 Photo File,images/hoods/ho-chi-minh-city--district-1.jpg,images/hoods/ho-chi-minh-city--district-1.webp
Ho Chi Minh City,District 1,Hood 1 Photo Credit,https://commons.wikimedia.org/wiki/File:Ho_Chi_Minh_City_Skyline_at_Night.jpg,"https://commons.wikimedia.org/wiki/File:A_%5E_C_TOWER,_qu%E1%BA%ADn_1.tpho_chi_minh_,_vietnam_-_panoramio.jpg"
Ho Chi Minh City,District 3,Hood 2 Photo File,images/hoods/ho-chi-minh-city--district-3.jpg,images/hoods/ho-chi-minh-city--district-3.webp
Ho Chi Minh City,Cholon (District 5),Hood 3 Photo File,images/hoods/ho-chi-minh-city--cholon-district-5.jpg,images/hoods/ho-chi-minh-city--cholon-district-5.webp
Ho Chi Minh City,Thao Dien (District 2),Hood 4 Photo File,images/hoods/ho-chi-minh-city--thao-dien-district-2.jpg,images/hoods/ho-chi-minh-city--thao-dien-district-2.webp
Ho Chi Minh City,Phu My Hung (District 7),Hood 5 Photo File,images/hoods/ho-chi-minh-city--phu-my-hung-district-7.jpg,images/hoods/ho-chi-minh-city--phu-my-hung-district-7.webp
Ho Chi Minh City,Phu My Hung (District 7),Hood 5 Photo Credit,https://commons.wikimedia.org/wiki/File:Thay_Tieu_2_bridge%2C_Phu_My_Hung.JPG,https://commons.wikimedia.org/wiki/File:Chung_cu_sky_3_-_Phu_my_hung_q7_tphcm_-_panoramio.jpg
Hobart,hero,City Photo File,images/cities/hobart.jpg,images/cities/hobart.webp
Hobart,Hobart CBD (Sullivans Cove),Hood 1 Photo File,,images/hoods/hobart--hobart-cbd-sullivans-cove.webp
Hobart,Hobart CBD (Sullivans Cove),Hood 1 Photo Credit,,https://commons.wikimedia.org/wiki/File:Southern_Hobart_CBD_and_Battery_Point_in_the_afternoon_July_2017.jpg
Hobart,Battery Point,Hood 2 Photo File,,images/hoods/hobart--battery-point.webp
Hobart,Battery Point,Hood 2 Photo Credit,,"https://commons.wikimedia.org/wiki/File:Battery_Point_TAS_7004,_Australia_-_panoramio.jpg"
Hobart,Salamanca Place,Hood 3 Photo File,,images/hoods/hobart--salamanca-place.webp
Hobart,Salamanca Place,Hood 3 Photo Credit,,https://commons.wikimedia.org/wiki/File:Hobart_Tasmania_Salamanca_Place.jpg
Hobart,Sandy Bay,Hood 4 Photo File,,images/hoods/hobart--sandy-bay.webp
Hobart,Sandy Bay,Hood 4 Photo Credit,,"https://commons.wikimedia.org/wiki/File:5-7_Sandy_Bay_Rd,_Hobart,_April_2025_1.jpg"
Hobart,North Hobart,Hood 5 Photo File,,images/hoods/hobart--north-hobart.webp
Hobart,North Hobart,Hood 5 Photo Credit,,https://commons.wikimedia.org/wiki/File:State_Cinema_North_Hobart.jpg
Hoi An,hero,City Photo File,images/cities/hoi-an.jpg,images/cities/hoi-an.webp
Hoi An,Ancient Town (Old Quarter),Hood 1 Photo File,,images/hoods/hoi-an--ancient-town-old-quarter.webp
Hoi An,Ancient Town (Old Quarter),Hood 1 Photo Credit,,https://commons.wikimedia.org/wiki/File:Quan_Cong_Temple_4.jpg
Hoi An,An Bang Beach,Hood 2 Photo File,,images/hoods/hoi-an--an-bang-beach.webp
Hoi An,An Bang Beach,Hood 2 Photo Credit,,https://commons.wikimedia.org/wiki/File:An_B%C3%A0ng_Beach_(39647680125).jpg
Hoi An,Cam Thanh (Coconut Village),Hood 3 Photo File,,images/hoods/hoi-an--cam-thanh-coconut-village.webp
Hoi An,Cam Thanh (Coconut Village),Hood 3 Photo Credit,,https://commons.wikimedia.org/wiki/File:Basket_Boat_and_the_Bamboo_forest_(Unsplash).jpg
Hoi An,Cam Nam Island,Hood 4 Photo File,,images/hoods/hoi-an--cam-nam-island.webp
Hoi An,Cam Nam Island,Hood 4 Photo Credit,,https://commons.wikimedia.org/wiki/File:B%C3%ACnh_Ba_Island.jpg
Hoi An,New Town (Tan An),Hood 5 Photo File,,images/hoods/hoi-an--new-town-tan-an.webp
Hoi An,New Town (Tan An),Hood 5 Photo Credit,,https://commons.wikimedia.org/wiki/File:HK_SKD_%E8%A5%BF%E8%B2%A2_Sai_Kung_Town_%E6%B5%B7%E5%82%8D%E5%BB%A3%E5%A0%B4_Hoi_Pon_Square_shop_Circle_K_Store_April_2024_R12S_06.jpg
Hong Kong,hero,City Photo File,images/cities/hong-kong.jpg,images/cities/hong-kong.webp
Hong Kong,Central,Hood 1 Photo File,images/hoods/hong-kong--central.jpg,images/hoods/hong-kong--central.webp
Hong Kong,Tsim Sha Tsui,Hood 2 Photo File,images/hoods/hong-kong--tsim-sha-tsui.jpg,images/hoods/hong-kong--tsim-sha-tsui.webp
Hong Kong,Causeway Bay,Hood 3 Photo File,images/hoods/hong-kong--causeway-bay.jpg,images/hoods/hong-kong--causeway-bay.webp
Hong Kong,Mong Kok,Hood 4 Photo File,images/hoods/hong-kong--mong-kok.jpg,images/hoods/hong-kong--mong-kok.webp
Hong Kong,Wan Chai,Hood 5 Photo File,images/hoods/hong-kong--wan-chai.jpg,images/hoods/hong-kong--wan-chai.webp
Honiara,hero,City Photo File,images/cities/honiara.jpg,images/cities/honiara.webp
Honiara,Point Cruz,Hood 1 Photo File,,images/hoods/honiara--point-cruz.webp
Honiara,Point Cruz,Hood 1 Photo Credit,,https://www.flickr.com/photos/65638600@N05/8073765585/
Honolulu,hero,City Photo File,images/cities/honolulu.jpg,images/cities/honolulu.webp
Honolulu,Waikiki,Hood 1 Photo File,images/hoods/honolulu--waikiki.jpg,images/hoods/honolulu--waikiki.webp
Honolulu,Waikiki,Hood 1 Photo Credit,https://commons.wikimedia.org/wiki/File:City_of_Waikiki_view.jpg,https://commons.wikimedia.org/wiki/File:Canoe_(6480766515).jpg
Honolulu,Ala Moana,Hood 2 Photo File,images/hoods/honolulu--ala-moana.jpg,images/hoods/honolulu--ala-moana.webp
Honolulu,Kakaako,Hood 3 Photo File,images/hoods/honolulu--kakaako.jpg,images/hoods/honolulu--kakaako.webp
Honolulu,Manoa,Hood 4 Photo File,images/hoods/honolulu--manoa.jpg,images/hoods/honolulu--manoa.webp
Honolulu,Chinatown,Hood 5 Photo File,images/hoods/honolulu--chinatown.jpg,images/hoods/honolulu--chinatown.webp
Houmt El Souk,hero,City Photo File,images/cities/houmt-el-souk.jpg,images/cities/houmt-el-souk.webp
Houmt El Souk,Houmt Souk (Old Town),Hood 1 Photo File,,images/hoods/houmt-el-souk--houmt-souk-old-town.webp
Houmt El Souk,Houmt Souk (Old Town),Hood 1 Photo Credit,,https://commons.wikimedia.org/wiki/File:Bordj_Ghazi_Mustapha_%C3%A0_Djerba_01.jpg
Houmt El Souk,Erriadh (Hara Sghira),Hood 2 Photo File,,images/hoods/houmt-el-souk--erriadh-hara-sghira.webp
Houmt El Souk,Erriadh (Hara Sghira),Hood 2 Photo Credit,,https://commons.wikimedia.org/wiki/File:Mosqu%C3%A9e_Goujil_-_03.jpg
Houmt El Souk,Aghir,Hood 3 Photo File,,images/hoods/houmt-el-souk--aghir.webp
Houmt El Souk,Aghir,Hood 3 Photo Credit,,https://commons.wikimedia.org/wiki/File:Zaou%C3%AFa_Sidi_Ali_01.jpg
Houston,hero,City Photo File,images/cities/houston.jpg,images/cities/houston.webp
Houston,Downtown,Hood 1 Photo File,,images/hoods/houston--downtown.webp
Houston,Downtown,Hood 1 Photo Credit,,https://commons.wikimedia.org/wiki/File:EaDoChineseshoppingcenter.JPG
Houston,Montrose,Hood 2 Photo File,,images/hoods/houston--montrose.webp
Houston,Montrose,Hood 2 Photo Credit,,https://commons.wikimedia.org/wiki/File:Montrose_district_sign.jpg
Houston,Museum District,Hood 3 Photo File,,images/hoods/houston--museum-district.webp
Houston,Museum District,Hood 3 Photo Credit,,https://commons.wikimedia.org/wiki/File:Yellow_strings_(117229470).jpg
Houston,The Heights,Hood 4 Photo File,,images/hoods/houston--the-heights.webp
Houston,The Heights,Hood 4 Photo Credit,,https://commons.wikimedia.org/wiki/File:Houston_Heights_TX_Lambert_Hall.jpg
Houston,Midtown,Hood 5 Photo File,,images/hoods/houston--midtown.webp
Houston,Midtown,Hood 5 Photo Credit,,https://commons.wikimedia.org/wiki/File:Bichngahairskincare.jpg
Hua Hin,hero,City Photo File,images/cities/hua-hin.jpg,images/cities/hua-hin.webp
Hua Hin,Hua Hin Beach / Pier,Hood 1 Photo File,,images/hoods/hua-hin--hua-hin-beach-pier.webp
Hua Hin,Hua Hin Beach / Pier,Hood 1 Photo Credit,,https://commons.wikimedia.org/wiki/File:A_fisherman_at_Hua_Hin_public_beach_at_sunrise.jpg
Hua Hin,Khao Takiap,Hood 2 Photo File,,images/hoods/hua-hin--khao-takiap.webp
Hua Hin,Khao Takiap,Hood 2 Photo Credit,,https://commons.wikimedia.org/wiki/File:Khao_Takiap_-_Hua_hin_Thailand_-_panoramio.jpg
Hua Hin,North Hua Hin (Soi 5-25),Hood 3 Photo File,,images/hoods/hua-hin--north-hua-hin-soi-5-25.webp
Hua Hin,North Hua Hin (Soi 5-25),Hood 3 Photo Credit,,https://commons.wikimedia.org/wiki/File:Hua_Hin_hotels_-_panoramio.jpg
Hualien City,hero,City Photo File,images/cities/hualien-city.jpg,images/cities/hualien-city.webp
Hualien City,City Center / Dongdamen Night Market,Hood 1 Photo File,,images/hoods/hualien-city--city-center-dongdamen-night-market.webp
Hualien City,City Center / Dongdamen Night Market,Hood 1 Photo Credit,,"https://commons.wikimedia.org/wiki/File:Former_Hualien_Brewery,_chimney_(Taiwan).jpg"
Hualien City,Station District,Hood 2 Photo File,,images/hoods/hualien-city--station-district.webp
Hualien City,Station District,Hood 2 Photo Credit,,https://commons.wikimedia.org/wiki/File:DC_Main_Sewerage_Pumping_Station_-_North_side.jpg
Hualien City,Meilun District,Hood 3 Photo File,,images/hoods/hualien-city--meilun-district.webp
Hualien City,Meilun District,Hood 3 Photo Credit,,https://commons.wikimedia.org/wiki/File:%E8%87%BA%E7%81%A3%E8%8A%B1%E8%93%AE%E5%9C%B0%E6%96%B9%E6%B3%95%E9%99%A2_2012-02-21.jpg
Hualien City,Nanbin (South Shore),Hood 4 Photo File,,images/hoods/hualien-city--nanbin-south-shore.webp
Hualien City,Nanbin (South Shore),Hood 4 Photo Credit,,https://commons.wikimedia.org/wiki/File:%E5%8C%97%E6%BF%B1%E5%85%AC%E5%9C%92_-_panoramio.jpg
Hualien City,Qixingtan Beach,Hood 5 Photo File,,images/hoods/hualien-city--qixingtan-beach.webp
Hualien City,Qixingtan Beach,Hood 5 Photo Credit,,https://commons.wikimedia.org/wiki/File:Cisingtan_in_Hualien_(5453195141).jpg
Huangshan,hero,City Photo File,images/cities/huangshan.jpg,images/cities/huangshan.webp
Huangshan,Tunxi Old Street,Hood 1 Photo File,,images/hoods/huangshan--tunxi-old-street.webp
Huangshan,Tunxi Old Street,Hood 1 Photo Credit,,https://commons.wikimedia.org/wiki/File:%E5%B1%AF%E6%BA%AA%E8%80%81%E8%A1%97_-_panoramio_(1).jpg
Huangshan,Tangkou,Hood 2 Photo File,images/hoods/huangshan--tangkou.jpg,images/hoods/huangshan--tangkou.webp
Huangshan,Hongcun & Xidi Ancient Villages,Hood 3 Photo File,,images/hoods/huangshan--hongcun-xidi-ancient-villages.webp
Huangshan,Hongcun & Xidi Ancient Villages,Hood 3 Photo Credit,,https://commons.wikimedia.org/wiki/File:Hongcun_4.jpg
Hurghada,hero,City Photo File,images/cities/hurghada.jpg,images/cities/hurghada.webp
Hurghada,El Dahar,Hood 1 Photo File,,images/hoods/hurghada--el-dahar.webp
Hurghada,El Dahar,Hood 1 Photo Credit,,https://commons.wikimedia.org/wiki/File:Hilton_harbour_-_panoramio.jpg
Hurghada,Sahl Hasheesh,Hood 5 Photo File,,images/hoods/hurghada--sahl-hasheesh.webp
Hurghada,Sahl Hasheesh,Hood 5 Photo Credit,,https://commons.wikimedia.org/wiki/File:Sahl_Hasheesh_R06.jpg
Huế,hero,City Photo File,images/cities/hu.jpg,images/cities/hu.webp
Huế,Phú Hội,Hood 1 Photo File,,images/hoods/hue--phu-hoi.webp
Huế,Phú Hội,Hood 1 Photo Credit,,https://commons.wikimedia.org/wiki/File:Hue_Hotel_Saigon_(24675543497).jpg
Huế,Thành Nội (Imperial Citadel),Hood 3 Photo File,,images/hoods/hue--thanh-noi-imperial-citadel.webp
Huế,Thành Nội (Imperial Citadel),Hood 3 Photo Credit,,https://commons.wikimedia.org/wiki/File:Bridge_in_Hu%E1%BA%BF.jpg
Huế,Vỹ Dạ,Hood 4 Photo File,,images/hoods/hue--vy-da.webp
Huế,Vỹ Dạ,Hood 4 Photo Credit,,https://commons.wikimedia.org/wiki/File:70583-Vy-l%C3%A8s-Filain-Hydro.jpeg
Huế,Kim Long,Hood 5 Photo File,,images/hoods/hue--kim-long.webp
Huế,Kim Long,Hood 5 Photo Credit,,https://commons.wikimedia.org/wiki/File:%C4%90%C3%ACnh_l%C3%A0ng_Kim_Long.jpg
Hyderabad,hero,City Photo File,images/cities/hyderabad.jpg,images/cities/hyderabad.webp
Hyderabad,Charminar / Old City,Hood 1 Photo File,,images/hoods/hyderabad--charminar-old-city.webp
Hyderabad,Charminar / Old City,Hood 1 Photo Credit,,https://commons.wikimedia.org/wiki/File:Charmiar_Hyderabad_full_view_image.jpg
Hyderabad,Banjara Hills,Hood 2 Photo File,,images/hoods/hyderabad--banjara-hills.webp
Hyderabad,Banjara Hills,Hood 2 Photo Credit,,https://commons.wikimedia.org/wiki/File:Hyderabad_City_Center_McDonald%27s_-_panoramio.jpg
Hyderabad,Jubilee Hills,Hood 3 Photo File,,images/hoods/hyderabad--jubilee-hills.webp
Hyderabad,Jubilee Hills,Hood 3 Photo Credit,,https://commons.wikimedia.org/wiki/File:Jubilee_hills.jpg
Hyderabad,HITEC City / Gachibowli,Hood 4 Photo File,,images/hoods/hyderabad--hitec-city-gachibowli.webp
Hyderabad,HITEC City / Gachibowli,Hood 4 Photo Credit,,https://commons.wikimedia.org/wiki/File:Hitecmetrogalleria.jpg
Hyderabad,Secunderabad,Hood 5 Photo File,,images/hoods/hyderabad--secunderabad.webp
Hyderabad,Secunderabad,Hood 5 Photo Credit,,https://commons.wikimedia.org/wiki/File:Secunderabad_Clock_Tower.jpg
Hạ Long,hero,City Photo File,images/cities/h-long.jpg,images/cities/h-long.webp
Hạ Long,Bai Chay,Hood 1 Photo File,,images/hoods/ha-long--bai-chay.webp
Hạ Long,Bai Chay,Hood 1 Photo Credit,,https://commons.wikimedia.org/wiki/File:Bai_Chay_Bridge_(49357435003).jpg
Hạ Long,Hon Gai,Hood 2 Photo File,,images/hoods/ha-long--hon-gai.webp
Hạ Long,Hon Gai,Hood 2 Photo Credit,,https://commons.wikimedia.org/wiki/File:Bai_Chay_(49356299203).jpg
Hạ Long,Tuan Chau,Hood 3 Photo File,,images/hoods/ha-long--tuan-chau.webp
Hạ Long,Tuan Chau,Hood 3 Photo Credit,,"https://commons.wikimedia.org/wiki/File:Tu%E1%BA%A7n_Ch%C3%A2u,_Th%C3%A0nh_ph%E1%BB%91_H%E1%BA%A1_Long,_Qu%E1%BA%A3ng_Ninh,_Vietnam_-_panoramio_(5).jpg"
Hạ Long,Cua Ong,Hood 4 Photo File,,images/hoods/ha-long--cua-ong.webp
Hạ Long,Cua Ong,Hood 4 Photo Credit,,https://commons.wikimedia.org/wiki/File:C%E1%BB%ADa_%C3%94ng_Temple_2017.jpg
Ibiza,hero,City Photo File,images/cities/ibiza.jpg,images/cities/ibiza.webp
Ibiza,hero,City Photo Credit,,Own photo (Never Roam Alone)
Ibiza,Ibiza Town (Dalt Vila & Marina),Hood 1 Photo File,,images/hoods/ibiza--ibiza-town-dalt-vila-marina.webp
Ibiza,Ibiza Town (Dalt Vila & Marina),Hood 1 Photo Credit,,https://commons.wikimedia.org/wiki/File:Eivissa_(634093259).jpg
Ibiza,Playa d'en Bossa,Hood 2 Photo File,,images/hoods/ibiza--playa-d-en-bossa.webp
Ibiza,Playa d'en Bossa,Hood 2 Photo Credit,,"https://commons.wikimedia.org/wiki/File:Playa_den_Bossa,_again_(2616170566).jpg"
Ibiza,Sant Antoni de Portmany,Hood 3 Photo File,,images/hoods/ibiza--sant-antoni-de-portmany.webp
Ibiza,Sant Antoni de Portmany,Hood 3 Photo Credit,,https://commons.wikimedia.org/wiki/File:Kern.JPG
Ibiza,Santa Eulària des Riu,Hood 4 Photo File,,images/hoods/ibiza--santa-eularia-des-riu.webp
Ibiza,Santa Eulària des Riu,Hood 4 Photo Credit,,https://commons.wikimedia.org/wiki/File:Funtana_da_la_spagna.JPG
Ibiza,Es Canà,Hood 5 Photo File,,images/hoods/ibiza--es-cana.webp
Ibiza,Es Canà,Hood 5 Photo Credit,,https://commons.wikimedia.org/wiki/File:Platja_Es_Canar.jpg
Ica,hero,City Photo File,images/cities/ica.jpg,images/cities/ica.webp
Ica,Plaza de Armas (Centro),Hood 1 Photo File,,images/hoods/ica--plaza-de-armas-centro.webp
Ica,Plaza de Armas (Centro),Hood 1 Photo Credit,,https://commons.wikimedia.org/wiki/File:Font_de_la_Plaza_de_Armas_d%27Ica.jpg
Ica,Huacachina,Hood 2 Photo File,,images/hoods/ica--huacachina.webp
Ica,Huacachina,Hood 2 Photo Credit,,https://commons.wikimedia.org/wiki/File:Malecon_de_la_Huacachina_-_panoramio.jpg
Ica,Cachiche,Hood 3 Photo File,,images/hoods/ica--cachiche.webp
Ica,Cachiche,Hood 3 Photo Credit,,https://commons.wikimedia.org/wiki/File:Bruja_de_la_sabidur%C3%ADa.jpg
Ica,San Juan Bautista,Hood 5 Photo File,,images/hoods/ica--san-juan-bautista.webp
Ica,San Juan Bautista,Hood 5 Photo Credit,,https://commons.wikimedia.org/wiki/File:El_Carmen_Catholic_church.jpg
Inhambane,hero,City Photo File,images/cities/inhambane.jpg,images/cities/inhambane.webp
Inhambane,hero,City Photo Credit,https://commons.wikimedia.org/wiki/File:Esta%C3%A7%C3%A3o_do_Caminho_de_Ferro_Inhambane_back_side.jpg,https://unsplash.com/photos/a-person-walking-on-a-beach-with-a-surfboard-_zfsjBFxpzE
Inhambane,Inhambane Town (Centro),Hood 1 Photo File,,images/hoods/inhambane--inhambane-town-centro.webp
Inhambane,Inhambane Town (Centro),Hood 1 Photo Credit,,https://commons.wikimedia.org/wiki/File:Conselho_Municipal_de_Inhambane_(8358204002).jpg
Inhambane,Tofo Beach,Hood 2 Photo File,,images/hoods/inhambane--tofo-beach.webp
Inhambane,Tofo Beach,Hood 2 Photo Credit,,"https://commons.wikimedia.org/wiki/File:Praia_do_Tofo,_RTW_2012_(8356998153).jpg"
Inhambane,Barra,Hood 3 Photo File,,images/hoods/inhambane--barra.webp
Inhambane,Barra,Hood 3 Photo Credit,,https://www.flickr.com/photos/8787706@N04/5629928555/
Inhambane,Tofinho,Hood 4 Photo File,,images/hoods/inhambane--tofinho.webp
Inhambane,Tofinho,Hood 4 Photo Credit,,https://commons.wikimedia.org/wiki/File:Fruiting_Heliotropium_foertherianum_(14547811959).jpg
Innsbruck,hero,City Photo File,images/cities/innsbruck.jpg,images/cities/innsbruck.webp
Innsbruck,Altstadt (Old Town),Hood 1 Photo File,,images/hoods/innsbruck--altstadt-old-town.webp
Innsbruck,Altstadt (Old Town),Hood 1 Photo Credit,,https://commons.wikimedia.org/wiki/File:12-06-05-innsbruck-by-ralfr-107.jpg
Innsbruck,Wilten,Hood 2 Photo File,,images/hoods/innsbruck--wilten.webp
Innsbruck,Wilten,Hood 2 Photo Credit,,https://commons.wikimedia.org/wiki/File:2926-2927_-_Innsbruck_-_Stiftskirche_Wilten.jpg
Innsbruck,Hötting,Hood 3 Photo File,,images/hoods/innsbruck--hotting.webp
Innsbruck,Hötting,Hood 3 Photo Credit,,https://commons.wikimedia.org/wiki/File:Blick_vom_Rennweg_auf_H%C3%B6tting_im_Morgenlicht.jpg
Innsbruck,Saggen,Hood 4 Photo File,,images/hoods/innsbruck--saggen.webp
Innsbruck,Saggen,Hood 4 Photo Credit,,"https://commons.wikimedia.org/wiki/File:Innsbruck,_Beethovenstra%C3%9Fe_1.JPG"
Innsbruck,Pradl,Hood 5 Photo File,,images/hoods/innsbruck--pradl.webp
Innsbruck,Pradl,Hood 5 Photo Credit,,https://commons.wikimedia.org/wiki/File:Kindergarten_Pradl_02.jpg
Inverness,hero,City Photo File,images/cities/inverness.jpg,images/cities/inverness.webp
Inverness,Crown,Hood 2 Photo File,,images/hoods/inverness--crown.webp
Inverness,Crown,Hood 2 Photo Credit,,"https://commons.wikimedia.org/wiki/File:Provost_lamp_-_Beaufort_Road,_Inverness_(8695202167).jpg"
Inverness,Merkinch,Hood 3 Photo File,,images/hoods/inverness--merkinch.webp
Inverness,Merkinch,Hood 3 Photo Credit,,https://commons.wikimedia.org/wiki/File:Pretty_flowers_-_geograph.org.uk_-_2647836.jpg
Inverness,Ballifeary,Hood 4 Photo File,,images/hoods/inverness--ballifeary.webp
Inverness,Ballifeary,Hood 4 Photo Credit,,https://commons.wikimedia.org/wiki/File:Ballifeary_Lane_and_Ballifeary_Road.jpg
Inverness,Culduthel,Hood 5 Photo File,,images/hoods/inverness--culduthel.webp
Inverness,Culduthel,Hood 5 Photo Credit,,"https://commons.wikimedia.org/wiki/File:Culduthel_Park,_Lochardil,_Inverness_-_geograph.org.uk_-_2887462.jpg"
Iquitos,hero,City Photo File,images/cities/iquitos.jpg,images/cities/iquitos.webp
Iquitos,Centro (Plaza de Armas),Hood 1 Photo File,,images/hoods/iquitos--centro-plaza-de-armas.webp
Iquitos,Centro (Plaza de Armas),Hood 1 Photo Credit,,https://commons.wikimedia.org/wiki/File:Uno_de_los_Edificios_antiguos_de_Iquitos.jpg
Iquitos,Malecón Tarapacá,Hood 2 Photo File,,images/hoods/iquitos--malecon-tarapaca.webp
Iquitos,Malecón Tarapacá,Hood 2 Photo Credit,,https://commons.wikimedia.org/wiki/File:C010_Sin_nombre_1.jpg
Iquitos,Punchana,Hood 3 Photo File,,images/hoods/iquitos--punchana.webp
Iquitos,Punchana,Hood 3 Photo Credit,,https://commons.wikimedia.org/wiki/File:Dasyprocta_fuliginosa_114445190.jpg
Iquitos,San Juan Bautista,Hood 4 Photo File,,images/hoods/iquitos--san-juan-bautista.webp
Iquitos,San Juan Bautista,Hood 4 Photo Credit,,https://commons.wikimedia.org/wiki/File:Iglesia_Matriz_de_Iquitos_2.jpg
Irkutsk,hero,City Photo File,images/cities/irkutsk.jpg,images/cities/irkutsk.webp
Irkutsk,130 Kvartal (Irkutsk Sloboda),Hood 2 Photo File,,images/hoods/irkutsk--130-kvartal-irkutsk-sloboda.webp
Irkutsk,130 Kvartal (Irkutsk Sloboda),Hood 2 Photo Credit,,https://commons.wikimedia.org/wiki/File:3th_July_12.jpg
Irkutsk,Akademgorodok,Hood 4 Photo File,,images/hoods/irkutsk--akademgorodok.webp
Irkutsk,Akademgorodok,Hood 4 Photo Credit,,https://commons.wikimedia.org/wiki/File:Irkutsk%27s_Akademgorodok_-_panoramio_(1).jpg
Isfahan,hero,City Photo File,images/cities/isfahan.jpg,images/cities/isfahan.webp
Isfahan,Naqsh-e Jahan (Old City),Hood 1 Photo File,,images/hoods/isfahan--naqsh-e-jahan-old-city.webp
Isfahan,Naqsh-e Jahan (Old City),Hood 1 Photo Credit,,https://commons.wikimedia.org/wiki/File:32085-Isfahan-Iman-Square_(3444455706).jpg
Isfahan,Chahar Bagh Abbasi,Hood 2 Photo File,,images/hoods/isfahan--chahar-bagh-abbasi.webp
Isfahan,Chahar Bagh Abbasi,Hood 2 Photo Credit,,"https://commons.wikimedia.org/wiki/File:Abbasi_Hotel_and_Dome_of_Madrasa_Chahar_Bagh_at_Night,_Isfahan,_Iran_(14495156163).jpg"
Isfahan,Jolfa (Armenian Quarter),Hood 3 Photo File,,images/hoods/isfahan--jolfa-armenian-quarter.webp
Isfahan,Jolfa (Armenian Quarter),Hood 3 Photo Credit,,"https://commons.wikimedia.org/wiki/File:Christmas_shop_in_New_Julfa,_Isfahan.JPG"
Isfahan,Grand Bazaar (Bazar-e Bozorg),Hood 5 Photo File,,images/hoods/isfahan--grand-bazaar-bazar-e-bozorg.webp
Isfahan,Grand Bazaar (Bazar-e Bozorg),Hood 5 Photo Credit,,https://commons.wikimedia.org/wiki/File:Bazar_tailors_by_Pascal_Coste.jpg
Islamabad,hero,City Photo File,images/cities/islamabad.jpg,images/cities/islamabad.webp
Islamabad,F-6,Hood 1 Photo File,,images/hoods/islamabad--f-6.webp
Islamabad,F-6,Hood 1 Photo Credit,,https://commons.wikimedia.org/wiki/File:Ulica_Staro%C5%82%C4%99cka_w_Poznaniu_-_kwiecie%C5%84_2018.jpg
Islamabad,F-7,Hood 2 Photo File,,images/hoods/islamabad--f-7.webp
Islamabad,F-7,Hood 2 Photo Credit,,https://commons.wikimedia.org/wiki/File:Islamabad_at_night_(3950372410).jpg
Islamabad,Blue Area,Hood 3 Photo File,,images/hoods/islamabad--blue-area.webp
Islamabad,Blue Area,Hood 3 Photo Credit,,https://commons.wikimedia.org/wiki/File:Islamabad_Blue_Area_-_panoramio.jpg
Islamabad,F-8,Hood 4 Photo File,,images/hoods/islamabad--f-8.webp
Islamabad,F-8,Hood 4 Photo Credit,,"https://commons.wikimedia.org/wiki/File:Fatima_Jinnah_Park_baradri,Islamabad_by_Usman_Ghani.jpg"
Islamabad,G-6 (Aabpara),Hood 5 Photo File,,images/hoods/islamabad--g-6-aabpara.webp
Islamabad,G-6 (Aabpara),Hood 5 Photo Credit,,https://commons.wikimedia.org/wiki/File:Nawab_Ghous_Bukash_Raisani_tent_pegging_G-16_Islamabad_17.JPG
Istanbul,hero,City Photo File,images/cities/istanbul.jpg,images/cities/istanbul.webp
Istanbul,Sultanahmet,Hood 1 Photo File,images/hoods/istanbul--sultanahmet.jpg,images/hoods/istanbul--sultanahmet.webp
Istanbul,Beyoğlu (Taksim),Hood 2 Photo File,images/hoods/istanbul--beyoglu-taksim.jpg,images/hoods/istanbul--beyoglu-taksim.webp
Istanbul,Kadıköy,Hood 3 Photo File,images/hoods/istanbul--kad-koy.jpg,images/hoods/istanbul--kad-koy.webp
Istanbul,Beşiktaş,Hood 4 Photo File,images/hoods/istanbul--besiktas.jpg,images/hoods/istanbul--besiktas.webp
Istanbul,Karaköy,Hood 5 Photo File,images/hoods/istanbul--karakoy.jpg,images/hoods/istanbul--karakoy.webp
İzmir,hero,City Photo File,images/cities/i-zmir.jpg,images/cities/i-zmir.webp
İzmir,hero,City Photo Credit,https://commons.wikimedia.org/wiki/File:Cumhuriyet_Square.jpg,https://commons.wikimedia.org/wiki/File:Konak_Square_October_2019.jpg
İzmir,Alsancak,Hood 1 Photo File,,images/hoods/izmir--alsancak.webp
İzmir,Alsancak,Hood 1 Photo Credit,,https://commons.wikimedia.org/wiki/File:Alsancak_buildings.jpg
İzmir,Konak,Hood 2 Photo File,,images/hoods/izmir--konak.webp
İzmir,Konak,Hood 2 Photo Credit,,"https://commons.wikimedia.org/wiki/File:April_1996,_vanuit_Ekim_hotel_-_panoramio.jpg"
İzmir,Karşıyaka,Hood 3 Photo File,,images/hoods/izmir--karsiyaka.webp
İzmir,Karşıyaka,Hood 3 Photo Credit,,https://commons.wikimedia.org/wiki/File:20051010_-_Kar%C5%9F%C4%B1yaka_District_-_%C4%B0zmir_1.jpg
İzmir,Bornova,Hood 4 Photo File,,images/hoods/izmir--bornova.webp
İzmir,Bornova,Hood 4 Photo Credit,,https://commons.wikimedia.org/wiki/File:Bornova_Tren_%C4%B0stasyonu.jpg
İzmir,Balçova / Güzelbahçe,Hood 5 Photo File,,images/hoods/izmir--balcova-guzelbahce.webp
İzmir,Balçova / Güzelbahçe,Hood 5 Photo Credit,,https://commons.wikimedia.org/wiki/File:G%C3%B6k%C3%A7e_G%C3%B6k%C3%A7en_in_%C4%B0zmir_University_of_Economics_04.jpg
Jaffna,hero,City Photo File,images/cities/jaffna.jpg,images/cities/jaffna.webp
Jaffna,hero,City Photo Credit,https://commons.wikimedia.org/wiki/File:Jaffna_montage.jpg,https://commons.wikimedia.org/wiki/File:Nallur_Kandasamy_front_entrance.jpg
Jaffna,Nallur,Hood 1 Photo File,,images/hoods/jaffna--nallur.webp
Jaffna,Nallur,Hood 1 Photo Credit,,https://commons.wikimedia.org/wiki/File:Kandaswamy_koil-2-nallur-jaffna-Sri_Lanka.jpg
Jaffna,Jaffna Town (Fort & Centre),Hood 2 Photo File,,images/hoods/jaffna--jaffna-town-fort-centre.webp
Jaffna,Jaffna Town (Fort & Centre),Hood 2 Photo Credit,,https://commons.wikimedia.org/wiki/File:Jaffna_Town_(4281172776).jpg
Jaffna,Chundikuli,Hood 3 Photo File,,images/hoods/jaffna--chundikuli.webp
Jaffna,Chundikuli,Hood 3 Photo Credit,,"https://commons.wikimedia.org/wiki/File:St._John_the_Baptist%27s_Church,_Chundikuli.JPG"
Jaffna,Kokuvil,Hood 4 Photo File,,images/hoods/jaffna--kokuvil.webp
Jaffna,Kokuvil,Hood 4 Photo Credit,,https://commons.wikimedia.org/wiki/File:Bunker-1-kokkuvil-jaffna-Sri_Lanka.jpg
Jaipur,hero,City Photo File,images/cities/jaipur.jpg,images/cities/jaipur.webp
Jaipur,Old City (Pink City),Hood 1 Photo File,,images/hoods/jaipur--old-city-pink-city.webp
Jaipur,Old City (Pink City),Hood 1 Photo Credit,,https://commons.wikimedia.org/wiki/File:Sanganeri_Gate_2024.jpg
Jaipur,C-Scheme,Hood 2 Photo File,,images/hoods/jaipur--c-scheme.webp
Jaipur,C-Scheme,Hood 2 Photo Credit,,"https://commons.wikimedia.org/wiki/File:AMRAPALI_MUSEUM,_JAIPUR.jpg"
Jaipur,Bani Park,Hood 3 Photo File,,images/hoods/jaipur--bani-park.webp
Jaipur,Bani Park,Hood 3 Photo Credit,,https://commons.wikimedia.org/wiki/File:Hurdle_time_sir_baniyas.jpg
Jaipur,MI Road (Mirza Ismail Road),Hood 5 Photo File,,images/hoods/jaipur--mi-road-mirza-ismail-road.webp
Jaipur,MI Road (Mirza Ismail Road),Hood 5 Photo Credit,,https://commons.wikimedia.org/wiki/File:Tong_Mi_Road_northbound.jpg
Jakarta,hero,City Photo File,images/cities/jakarta.jpg,images/cities/jakarta.webp
Jakarta,Menteng,Hood 1 Photo File,,images/hoods/jakarta--menteng.webp
Jakarta,Menteng,Hood 1 Photo Credit,,https://commons.wikimedia.org/wiki/File:Kick_(59596182).jpeg
Jakarta,Kemang,Hood 2 Photo File,,images/hoods/jakarta--kemang.webp
Jakarta,Kemang,Hood 2 Photo Credit,,"https://commons.wikimedia.org/wiki/File:LPPI,_banking_institute,_Kemang_Raya_-_panoramio.jpg"
Jakarta,Kota Tua (Old Town),Hood 3 Photo File,,images/hoods/jakarta--kota-tua-old-town.webp
Jakarta,Kota Tua (Old Town),Hood 3 Photo Credit,,https://commons.wikimedia.org/wiki/File:Mercure_Jakarta_Batavia_05.jpg
Jakarta,SCBD / Sudirman,Hood 4 Photo File,,images/hoods/jakarta--scbd-sudirman.webp
Jakarta,SCBD / Sudirman,Hood 4 Photo Credit,,https://commons.wikimedia.org/wiki/File:SCBD_being_locked_before_protest.jpg
Jakarta,Thamrin,Hood 5 Photo File,,images/hoods/jakarta--thamrin.webp
Jakarta,Thamrin,Hood 5 Photo Credit,,https://commons.wikimedia.org/wiki/File:DJI_0415_-_Jakarta.jpg
Jamestown,hero,City Photo File,images/cities/jamestown.jpg,images/cities/jamestown.webp
Jamestown,hero,City Photo Credit,https://commons.wikimedia.org/wiki/File:Jamestownzuniga.jpg,https://commons.wikimedia.org/wiki/File:St-Helena-Jamestown.jpg
Jamestown,Jamestown (Main Street),Hood 1 Photo File,,images/hoods/jamestown--jamestown-main-street.webp
Jamestown,Jamestown (Main Street),Hood 1 Photo Credit,,https://commons.wikimedia.org/wiki/File:Chalewote.jpg
Jamestown,Half Tree Hollow,Hood 2 Photo File,,images/hoods/jamestown--half-tree-hollow.webp
Jamestown,Half Tree Hollow,Hood 2 Photo Credit,,https://commons.wikimedia.org/wiki/File:Lemon_Valley_Bay.jpg
Jamestown,Longwood,Hood 3 Photo File,,images/hoods/jamestown--longwood.webp
Jamestown,Longwood,Hood 3 Photo Credit,,https://commons.wikimedia.org/wiki/File:Castello_di_Aymavilles_2018_abc58.jpg
Jamestown,St Paul's,Hood 4 Photo File,,images/hoods/jamestown--st-paul-s.webp
Jamestown,St Paul's,Hood 4 Photo Credit,,https://commons.wikimedia.org/wiki/File:St_Paul%27s_Cathedral_(41012986392).jpg
Jamestown,Alarm Forest,Hood 5 Photo File,,images/hoods/jamestown--alarm-forest.webp
Jamestown,Alarm Forest,Hood 5 Photo Credit,,"https://commons.wikimedia.org/wiki/File:Noisy_miner,_Pfingst_Rd_Chermside_DSCF5061.jpg"
Jasper,hero,City Photo File,images/cities/jasper.jpg,images/cities/jasper.webp
Jasper,hero,City Photo Credit,https://commons.wikimedia.org/wiki/File:Jasper_outcrop_in_the_Bucegi_Mountains.jpg,https://commons.wikimedia.org/wiki/File:Jasper_view_2010.jpg
Jasper,Jasper Townsite / Patricia Street,Hood 1 Photo File,,images/hoods/jasper--jasper-townsite-patricia-street.webp
Jasper,Jasper Townsite / Patricia Street,Hood 1 Photo Credit,,https://commons.wikimedia.org/wiki/File:Icefields_Parkway_(05)_(9580660752).jpg
Jasper,Pyramid Lake / Patricia Lake,Hood 2 Photo File,,images/hoods/jasper--pyramid-lake-patricia-lake.webp
Jasper,Pyramid Lake / Patricia Lake,Hood 2 Photo Credit,,"https://commons.wikimedia.org/wiki/File:Pyramid_Lake_in_winter,_Jasper_National_Park,_Alberta.jpg"
Jasper,Athabasca River Cabins,Hood 3 Photo File,,images/hoods/jasper--athabasca-river-cabins.webp
Jasper,Athabasca River Cabins,Hood 3 Photo Credit,,https://commons.wikimedia.org/wiki/File:MK04281_Athabasca_River.jpg
Jeddah,hero,City Photo File,images/cities/jeddah.jpg,images/cities/jeddah.webp
Jeddah,hero,City Photo Credit,https://commons.wikimedia.org/wiki/File:Jeddah_skyline_February_2020.jpg,https://commons.wikimedia.org/wiki/File:Jeddah_Corniche_36.jpg
Jeddah,Al-Balad,Hood 1 Photo File,images/hoods/jeddah--al-balad.jpg,images/hoods/jeddah--al-balad.webp
Jeddah,Ash Shati,Hood 2 Photo File,images/hoods/jeddah--ash-shati.jpg,images/hoods/jeddah--ash-shati.webp
Jeddah,Al Hamra,Hood 3 Photo File,images/hoods/jeddah--al-hamra.jpg,images/hoods/jeddah--al-hamra.webp
Jeddah,Al Rawdah,Hood 4 Photo File,images/hoods/jeddah--al-rawdah.jpg,images/hoods/jeddah--al-rawdah.webp
Jeju City,hero,City Photo File,images/cities/jeju-city.jpg,images/cities/jeju-city.webp
Jeju City,Sinjeju (Yeon-dong),Hood 2 Photo File,,images/hoods/jeju-city--sinjeju-yeon-dong.webp
Jeju City,Sinjeju (Yeon-dong),Hood 2 Photo Credit,,https://commons.wikimedia.org/wiki/File:KT_Sinjeju_and_MBC_Jeju_buildings.JPG
Jeonju,hero,City Photo File,images/cities/jeonju.jpg,images/cities/jeonju.webp
Jeonju,Jeonju Hanok Village (Pungnam-dong),Hood 1 Photo File,,images/hoods/jeonju--jeonju-hanok-village-pungnam-dong.webp
Jeonju,Jeonju Hanok Village (Pungnam-dong),Hood 1 Photo Credit,,https://commons.wikimedia.org/wiki/File:20240727_Jeonju_Hanok_Villiage_003.jpg
Jeonju,Gaeksa & Jungang-dong (Downtown),Hood 2 Photo File,,images/hoods/jeonju--gaeksa-jungang-dong-downtown.webp
Jeonju,Gaeksa & Jungang-dong (Downtown),Hood 2 Photo Credit,,https://commons.wikimedia.org/wiki/File:%EC%A0%84%EC%A3%BC_%ED%92%8D%ED%8C%A8%EC%A7%80%EA%B4%802.jpg
Jeonju,Deokjin (Deokjin Park),Hood 4 Photo File,,images/hoods/jeonju--deokjin-deokjin-park.webp
Jeonju,Deokjin (Deokjin Park),Hood 4 Photo Credit,,https://commons.wikimedia.org/wiki/File:2014-05-25_IMG_7547_%EC%B5%9C%EA%B4%91%EB%AA%A8.JPG
Jerez de la Frontera,hero,City Photo File,images/cities/jerez-de-la-frontera.jpg,images/cities/jerez-de-la-frontera.webp
Jerez de la Frontera,Centro Histórico,Hood 1 Photo File,,images/hoods/jerez-de-la-frontera--centro-historico.webp
Jerez de la Frontera,Centro Histórico,Hood 1 Photo Credit,,https://commons.wikimedia.org/wiki/File:Centro_Jerez-IMG_20231013_175856.jpg
Jerez de la Frontera,Barrio de Santiago,Hood 2 Photo File,,images/hoods/jerez-de-la-frontera--barrio-de-santiago.webp
Jerez de la Frontera,Barrio de Santiago,Hood 2 Photo Credit,,https://commons.wikimedia.org/wiki/File:Charco_Frio_1.jpg
Jerez de la Frontera,San Miguel,Hood 3 Photo File,,images/hoods/jerez-de-la-frontera--san-miguel.webp
Jerez de la Frontera,San Miguel,Hood 3 Photo Credit,,https://commons.wikimedia.org/wiki/File:Casa_natal_de_Parrilla_de_Jerez_-_IMG_20210515_121634_275.jpg
Jerez de la Frontera,La Albarizuela,Hood 4 Photo File,,images/hoods/jerez-de-la-frontera--la-albarizuela.webp
Jerez de la Frontera,La Albarizuela,Hood 4 Photo Credit,,https://commons.wikimedia.org/wiki/File:PasoSanPedro.jpg
Jerez de la Frontera,San Mateo,Hood 5 Photo File,,images/hoods/jerez-de-la-frontera--san-mateo.webp
Jerez de la Frontera,San Mateo,Hood 5 Photo Credit,,https://commons.wikimedia.org/wiki/File:SanMateosCallejon.jpg
Jerusalem,hero,City Photo File,images/cities/jerusalem.jpg,images/cities/jerusalem.webp
Jerusalem,Old City,Hood 1 Photo File,images/hoods/jerusalem--old-city.jpg,images/hoods/jerusalem--old-city.webp
Jerusalem,German Colony,Hood 2 Photo File,images/hoods/jerusalem--german-colony.jpg,images/hoods/jerusalem--german-colony.webp
Jerusalem,Rehavia,Hood 3 Photo File,images/hoods/jerusalem--rehavia.jpg,images/hoods/jerusalem--rehavia.webp
Jerusalem,Mea Shearim,Hood 4 Photo File,images/hoods/jerusalem--mea-shearim.jpg,images/hoods/jerusalem--mea-shearim.webp
Jerusalem,Nachlaot,Hood 5 Photo File,images/hoods/jerusalem--nachlaot.jpg,images/hoods/jerusalem--nachlaot.webp
Jianshui,hero,City Photo File,images/cities/jianshui.jpg,images/cities/jianshui.webp
Jianshui,Lin'an Ancient Town,Hood 1 Photo File,,images/hoods/jianshui--lin-an-ancient-town.webp
Jianshui,Lin'an Ancient Town,Hood 1 Photo Credit,,https://commons.wikimedia.org/wiki/File:%E5%BE%BD%E6%9D%AD%E5%8F%A4%E9%81%932.JPG
Jianshui,New Town,Hood 4 Photo File,,images/hoods/jianshui--new-town.webp
Jianshui,New Town,Hood 4 Photo Credit,,https://commons.wikimedia.org/wiki/File:%E5%BB%BA%E6%B0%B4%E7%AB%99_-_2025-04-28_02.jpg
Jingdezhen,hero,City Photo File,images/cities/jingdezhen.jpg,images/cities/jingdezhen.webp
Jingdezhen,Zhushan (Old Town),Hood 1 Photo File,,images/hoods/jingdezhen--zhushan-old-town.webp
Jingdezhen,Zhushan (Old Town),Hood 1 Photo Credit,,https://commons.wikimedia.org/wiki/File:201901_HXN5-0294_at_Jingdezhen_Station.jpg
Jingdezhen,Sanbao Village,Hood 3 Photo File,,images/hoods/jingdezhen--sanbao-village.webp
Jingdezhen,Sanbao Village,Hood 3 Photo Credit,,"https://commons.wikimedia.org/wiki/File:Concourse_of_Sanbao_Station_(6),_202509.jpg"
Jingdezhen,Changjiang (New City),Hood 5 Photo File,,images/hoods/jingdezhen--changjiang-new-city.webp
Jingdezhen,Changjiang (New City),Hood 5 Photo Credit,,https://commons.wikimedia.org/wiki/File:%E6%99%AF%E5%BE%B7%E9%95%87%E6%9E%AB%E6%A0%91%E5%B1%B1%E5%85%AC%E4%BA%A4%E7%AB%99.jpg
Jinghong,hero,City Photo File,images/cities/jinghong.jpg,images/cities/jinghong.webp
Jinghong,Gaozhuang Night Market,Hood 3 Photo File,,images/hoods/jinghong--gaozhuang-night-market.webp
Jinghong,Gaozhuang Night Market,Hood 3 Photo Credit,,https://commons.wikimedia.org/wiki/File:%E5%91%8A%E5%BA%84%E8%A5%BF%E5%8F%8C%E6%99%AF_2026-04-02_03.jpg
Jodhpur,hero,City Photo File,images/cities/jodhpur.jpg,images/cities/jodhpur.webp
Jodhpur,Old Blue City (Navchokiya),Hood 1 Photo File,,images/hoods/jodhpur--old-blue-city-navchokiya.webp
Jodhpur,Old Blue City (Navchokiya),Hood 1 Photo Credit,,https://commons.wikimedia.org/wiki/File:The_hues_of_Tradition.jpg
Jodhpur,Clock Tower & Sardar Market,Hood 2 Photo File,,images/hoods/jodhpur--clock-tower-sardar-market.webp
Jodhpur,Clock Tower & Sardar Market,Hood 2 Photo Credit,,"https://commons.wikimedia.org/wiki/File:Clock_tower,_Ghantaghar,_JODHPUR.jpg"
Jodhpur,Ratanada,Hood 3 Photo File,,images/hoods/jodhpur--ratanada.webp
Jodhpur,Ratanada,Hood 3 Photo Credit,,https://commons.wikimedia.org/wiki/File:Mangaldeep_Ratanada.jpg
Jodhpur,Sardarpura,Hood 4 Photo File,,images/hoods/jodhpur--sardarpura.webp
Jodhpur,Sardarpura,Hood 4 Photo Credit,,https://commons.wikimedia.org/wiki/File:Sardarpura_Mile_Stone.jpg
Johannesburg,hero,City Photo File,images/cities/johannesburg.jpg,images/cities/johannesburg.webp
Johannesburg,Sandton,Hood 1 Photo File,,images/hoods/johannesburg--sandton.webp
Johannesburg,Sandton,Hood 1 Photo Credit,,https://commons.wikimedia.org/wiki/File:Sandton_City_Tower_in_Sandton.jpg
Johannesburg,Rosebank,Hood 2 Photo File,,images/hoods/johannesburg--rosebank.webp
Johannesburg,Rosebank,Hood 2 Photo Credit,,https://commons.wikimedia.org/wiki/File:Rosebank_-_Design_District.jpg
Johannesburg,Maboneng,Hood 3 Photo File,,images/hoods/johannesburg--maboneng.webp
Johannesburg,Maboneng,Hood 3 Photo Credit,,https://commons.wikimedia.org/wiki/File:Editathon_at_Bridge_Books_Maboneng_02_28_53_883000.jpeg
Johannesburg,Melville,Hood 4 Photo File,,images/hoods/johannesburg--melville.webp
Johannesburg,Melville,Hood 4 Photo Credit,,"https://commons.wikimedia.org/wiki/File:7th_Street,_Melville_(2026).jpg"
Johannesburg,Braamfontein,Hood 5 Photo File,,images/hoods/johannesburg--braamfontein.webp
Johannesburg,Braamfontein,Hood 5 Photo Credit,,https://commons.wikimedia.org/wiki/File:61_Nachmittag_in_Johannesburg_(36259457483).jpg
Johor Bahru,hero,City Photo File,images/cities/johor-bahru.jpg,images/cities/johor-bahru.webp
Johor Bahru,Johor Bahru City Centre,Hood 1 Photo File,images/hoods/johor-bahru--johor-bahru-city-centre.jpg,images/hoods/johor-bahru--johor-bahru-city-centre.webp
Johor Bahru,Iskandar Puteri,Hood 2 Photo File,images/hoods/johor-bahru--iskandar-puteri.jpg,images/hoods/johor-bahru--iskandar-puteri.webp
Johor Bahru,Danga Bay,Hood 3 Photo File,images/hoods/johor-bahru--danga-bay.jpg,images/hoods/johor-bahru--danga-bay.webp
Johor Bahru,Tebrau,Hood 4 Photo File,,images/hoods/johor-bahru--tebrau.webp
Johor Bahru,Tebrau,Hood 4 Photo Credit,,https://commons.wikimedia.org/wiki/File:Toppen_Shopping_Centre_(250527-1403).jpg
Johor Bahru,Skudai,Hood 5 Photo File,images/hoods/johor-bahru--skudai.jpg,images/hoods/johor-bahru--skudai.webp
João Pessoa,hero,City Photo File,images/cities/jo-o-pessoa.jpg,images/cities/jo-o-pessoa.webp
João Pessoa,Tambaú,Hood 1 Photo File,,images/hoods/joao-pessoa--tambau.webp
João Pessoa,Tambaú,Hood 1 Photo Credit,,https://commons.wikimedia.org/wiki/File:Tamba%C3%BA_vista_da_Av._Jo%C3%A3o_Cyrilo_da_silva_-_Altiplano_Cabo_Branco_-_panoramio.jpg
João Pessoa,Cabo Branco,Hood 2 Photo File,,images/hoods/joao-pessoa--cabo-branco.webp
João Pessoa,Cabo Branco,Hood 2 Photo Credit,,"https://commons.wikimedia.org/wiki/File:Tropical_BlueJo%C3%A3o_Pessoa,_Brasile_May_07,_2018_06-03-02_PM.jpeg"
João Pessoa,Manaíra,Hood 3 Photo File,,images/hoods/joao-pessoa--manaira.webp
João Pessoa,Manaíra,Hood 3 Photo Credit,,"https://commons.wikimedia.org/wiki/File:Edif%C3%ADcios_residenciais_no_bairro_Mana%C3%ADra,_Jo%C3%A3o_Pessoa_(PB).jpg"
João Pessoa,Bessa,Hood 4 Photo File,,images/hoods/joao-pessoa--bessa.webp
João Pessoa,Bessa,Hood 4 Photo Credit,,https://commons.wikimedia.org/wiki/File:Bairro_do_Bessa_-_panoramio.jpg
João Pessoa,Centro Histórico,Hood 5 Photo File,,images/hoods/joao-pessoa--centro-historico.webp
João Pessoa,Centro Histórico,Hood 5 Photo Credit,,https://commons.wikimedia.org/wiki/File:Centro_Hist%C3%B3rico_de_Jo%C3%A3o_Pessoa_(2RC_3184).jpg
Juba,hero,City Photo File,images/cities/juba.jpg,images/cities/juba.webp
Juba,hero,City Photo Credit,https://en.wikipedia.org/wiki/File:John_Garang_Mausoleum_Square_in_Juba.JPG,https://commons.wikimedia.org/wiki/File:Juba_City.jpg
Juba,Juba Town,Hood 1 Photo File,,images/hoods/juba--juba-town.webp
Juba,Juba Town,Hood 1 Photo Credit,,https://commons.wikimedia.org/wiki/File:Lower_Juba_region_camels_caravan.jpg
Juba,Munuki,Hood 3 Photo File,,images/hoods/juba--munuki.webp
Juba,Munuki,Hood 3 Photo Credit,,https://commons.wikimedia.org/wiki/File:Denis_Dumo_Scopas.jpg
Kabul,hero,City Photo File,images/cities/kabul.jpg,images/cities/kabul.webp
Kabul,Shahr-e-Naw,Hood 2 Photo File,,images/hoods/kabul--shahr-e-naw.webp
Kabul,Shahr-e-Naw,Hood 2 Photo Credit,,https://commons.wikimedia.org/wiki/File:What_is_your_sect%3F_(5278277292).jpg
Kabul,Karte Parwan,Hood 3 Photo File,,images/hoods/kabul--karte-parwan.webp
Kabul,Karte Parwan,Hood 3 Photo Credit,,https://commons.wikimedia.org/wiki/File:KABUL_Gurdwara_Karte_Parwan_IMG_0619.JPG
Kagoshima,hero,City Photo File,images/cities/kagoshima.jpg,images/cities/kagoshima.webp
Kagoshima,hero,City Photo Credit,https://commons.wikimedia.org/wiki/File:Kagoshima_Montage.jpg,https://commons.wikimedia.org/wiki/File:Sakurajima_at_Sunset_(4506849144).jpg
Kagoshima,Tenmonkan,Hood 1 Photo File,,images/hoods/kagoshima--tenmonkan.webp
Kagoshima,Tenmonkan,Hood 1 Photo Credit,,https://commons.wikimedia.org/wiki/File:G3_Arcade_of_Temmonkan_Shopping_Street_from_Kagoshima_City_Tram.jpg
Kagoshima,Kagoshima-Chuo Station,Hood 2 Photo File,,images/hoods/kagoshima--kagoshima-chuo-station.webp
Kagoshima,Kagoshima-Chuo Station,Hood 2 Photo Credit,,https://commons.wikimedia.org/wiki/File:Kagoshima_City_Tram_No._101_and_Railway_near_Kagoshima-Chuo_Ekimae_Station.jpg
Kagoshima,Waterfront (Kagoshima Port),Hood 3 Photo File,,images/hoods/kagoshima--waterfront-kagoshima-port.webp
Kagoshima,Waterfront (Kagoshima Port),Hood 3 Photo Credit,,https://www.flickr.com/photos/127339305@N05/15476719475/
Kagoshima,Shiroyama,Hood 4 Photo File,,images/hoods/kagoshima--shiroyama.webp
Kagoshima,Shiroyama,Hood 4 Photo Credit,,https://commons.wikimedia.org/wiki/File:Climbing_way_of_Mount_Shiroyama.jpg
Kaifeng,hero,City Photo File,images/cities/kaifeng.jpg,images/cities/kaifeng.webp
Kaifeng,Gulou (Drum Tower),Hood 1 Photo File,,images/hoods/kaifeng--gulou-drum-tower.webp
Kaifeng,Gulou (Drum Tower),Hood 1 Photo Credit,,https://commons.wikimedia.org/wiki/File:Kaifeng_%E9%96%8B%E5%B0%81_(5066509897).jpg
Kaifeng,Longting District,Hood 2 Photo File,,images/hoods/kaifeng--longting-district.webp
Kaifeng,Longting District,Hood 2 Photo Credit,,https://commons.wikimedia.org/wiki/File:Kaifengbei_Railway_Station.jpg
Kaifeng,Shunhe Hui District,Hood 3 Photo File,,images/hoods/kaifeng--shunhe-hui-district.webp
Kaifeng,Shunhe Hui District,Hood 3 Photo Credit,,https://commons.wikimedia.org/wiki/File:20210902_View_of_Dahuangjia_Hutong_in_Kaifeng.jpg
Kaifeng,Jinming District,Hood 4 Photo File,,images/hoods/kaifeng--jinming-district.webp
Kaifeng,Jinming District,Hood 4 Photo Credit,,https://commons.wikimedia.org/wiki/File:20220804_Henan_National_Defense_and_Traffic_Education_Base_at_Jinming_Service_Area.jpg
Kaifeng,Yuwangtai District,Hood 5 Photo File,,images/hoods/kaifeng--yuwangtai-district.webp
Kaifeng,Yuwangtai District,Hood 5 Photo Credit,,https://commons.wikimedia.org/wiki/File:20210902_Bank_of_China_Kaifeng_Branch.jpg
Kairouan,hero,City Photo File,images/cities/kairouan.jpg,images/cities/kairouan.webp
Kairouan,hero,City Photo Credit,https://commons.wikimedia.org/wiki/File:Montage_ville_de_Kairouan.png,https://commons.wikimedia.org/wiki/File:Vue_a%C3%A9rienne_rapproch%C3%A9e_de_la_Grande_Mosqu%C3%A9e_de_Kairouan.jpg
Kairouan,Medina,Hood 1 Photo File,,images/hoods/kairouan--medina.webp
Kairouan,Medina,Hood 1 Photo Credit,,https://commons.wikimedia.org/wiki/File:Cimitiere_avec_minaret_grande_mosque%27e.JPG
Kalamata,hero,City Photo File,images/cities/kalamata.jpg,images/cities/kalamata.webp
Kalamata,Historic Centre (Old Town),Hood 1 Photo File,,images/hoods/kalamata--historic-centre-old-town.webp
Kalamata,Historic Centre (Old Town),Hood 1 Photo Credit,,https://commons.wikimedia.org/wiki/File:Pont_Saint-B%C3%A9n%C3%A9zet_(61400).jpg
Kalamata,Marina,Hood 4 Photo File,,images/hoods/kalamata--marina.webp
Kalamata,Marina,Hood 4 Photo Credit,,https://commons.wikimedia.org/wiki/File:Faro_Marina_and_Pedestrian_area.jpg
Kalamata,Analipsi (East Beach),Hood 5 Photo File,,images/hoods/kalamata--analipsi-east-beach.webp
Kalamata,Analipsi (East Beach),Hood 5 Photo Credit,,https://commons.wikimedia.org/wiki/File:Boat2rent_(167101945).jpeg
Kaliningrad,hero,City Photo File,images/cities/kaliningrad.jpg,images/cities/kaliningrad.webp
Kaliningrad,Rybnaya Derevnya (Fishing Village),Hood 2 Photo File,,images/hoods/kaliningrad--rybnaya-derevnya-fishing-village.webp
Kaliningrad,Rybnaya Derevnya (Fishing Village),Hood 2 Photo Credit,,https://commons.wikimedia.org/wiki/File:Rybnaya_derevnya.jpg
Kaliningrad,Amalienau,Hood 3 Photo File,,images/hoods/kaliningrad--amalienau.webp
Kaliningrad,Amalienau,Hood 3 Photo Credit,,https://commons.wikimedia.org/wiki/File:%D0%92%D0%B8%D0%BB%D0%BB%D0%B0_%D0%91%D1%80%D0%BE%D1%81%D1%82%D0%BE%D0%B2%D1%81%D0%BA%D0%B8.jpg
Kaliningrad,Maraunenhof,Hood 4 Photo File,,images/hoods/kaliningrad--maraunenhof.webp
Kaliningrad,Maraunenhof,Hood 4 Photo Credit,,https://commons.wikimedia.org/wiki/File:K%C3%B6nigsberg._Maraunenhof._Herzog-Albrecht-Ged%C3%A4chtniskirche_oder_Neue_Tragheimer_Kirche.jpg
Kamakura,hero,City Photo File,images/cities/kamakura.jpg,images/cities/kamakura.webp
Kamakura,Kamakura Station,Hood 1 Photo File,,images/hoods/kamakura--kamakura-station.webp
Kamakura,Kamakura Station,Hood 1 Photo Credit,,https://commons.wikimedia.org/wiki/File:Bahnhofsuhr_in_Kamakura.jpg
Kamakura,Hase,Hood 2 Photo File,,images/hoods/kamakura--hase.webp
Kamakura,Hase,Hood 2 Photo Credit,,"https://commons.wikimedia.org/wiki/File:20260420_Hasedera-Tempel_05_Kamakura,_Kanagawa,_Japan_anagoria.jpg"
Kamakura,Kita-Kamakura,Hood 3 Photo File,,images/hoods/kamakura--kita-kamakura.webp
Kamakura,Kita-Kamakura,Hood 3 Photo Credit,,https://commons.wikimedia.org/wiki/File:Meigetsuin_Temple_@_Kamakura_(12697521413).jpg
Kamakura,Zaimokuza,Hood 4 Photo File,,images/hoods/kamakura--zaimokuza.webp
Kamakura,Zaimokuza,Hood 4 Photo Credit,,"https://commons.wikimedia.org/wiki/File:Strand_Zaimokuza_in_Kamakura,_-31_oktober_2024_11%EF%BC%9A22.jpg"
Kamakura,Yuigahama,Hood 5 Photo File,,images/hoods/kamakura--yuigahama.webp
Kamakura,Yuigahama,Hood 5 Photo Credit,,https://commons.wikimedia.org/wiki/File:Buildings_in_Kamakura_(88875).jpg
Kampala,hero,City Photo File,images/cities/kampala.jpg,images/cities/kampala.webp
Kampala,hero,City Photo Credit,https://en.wikipedia.org/wiki/File:Urban_Rising%2C_KAMPALA%2C_Uganda.jpg,https://commons.wikimedia.org/wiki/File:Ariel_View_of_Namirembe_cathedral_in_Uganda.jpg
Kampala,Kololo,Hood 1 Photo File,,images/hoods/kampala--kololo.webp
Kampala,Kololo,Hood 1 Photo Credit,,https://commons.wikimedia.org/wiki/File:Monument_of_a_patriotic_unknown_soldier_at_Kololo_Independence_grounds_in_Uganda_01.jpg
Kampala,Nakasero,Hood 2 Photo File,,images/hoods/kampala--nakasero.webp
Kampala,Nakasero,Hood 2 Photo Credit,,"https://commons.wikimedia.org/wiki/File:Nakasero_market_built_in_1927_in_Kampala,_Uganda.jpg"
Kampala,Bugolobi,Hood 3 Photo File,,images/hoods/kampala--bugolobi.webp
Kampala,Bugolobi,Hood 3 Photo Credit,,https://commons.wikimedia.org/wiki/File:House_Number_Kampala.jpg
Kampala,Kabalagala,Hood 4 Photo File,,images/hoods/kampala--kabalagala.webp
Kampala,Kabalagala,Hood 4 Photo Credit,,"https://commons.wikimedia.org/wiki/File:Boda_Boda_Rider_Preparing_to_Transport_Passenger_in_Kabalagala,_Uganda.jpg"
Kampala,Muyenga,Hood 5 Photo File,,images/hoods/kampala--muyenga.webp
Kampala,Muyenga,Hood 5 Photo Credit,,https://commons.wikimedia.org/wiki/File:Emile_Ntamack_-_2012-09-24.jpg
Kanazawa,hero,City Photo File,images/cities/kanazawa.jpg,images/cities/kanazawa.webp
Kanazawa,Kanazawa Station (Ekimae),Hood 1 Photo File,,images/hoods/kanazawa--kanazawa-station-ekimae.webp
Kanazawa,Kanazawa Station (Ekimae),Hood 1 Photo Credit,,https://commons.wikimedia.org/wiki/File:Hokuriku_Railway_Kanazawa_Station_Zidoukenbaiki.jpg
Kanazawa,Korinbo & Katamachi,Hood 2 Photo File,,images/hoods/kanazawa--korinbo-katamachi.webp
Kanazawa,Korinbo & Katamachi,Hood 2 Photo Credit,,https://www.flickr.com/photos/47573122@N05/5381094116/
Kanazawa,Higashi Chaya District,Hood 3 Photo File,,images/hoods/kanazawa--higashi-chaya-district.webp
Kanazawa,Higashi Chaya District,Hood 3 Photo Credit,,"https://commons.wikimedia.org/wiki/File:Higashi_Chaya_district,_Kanazawa_(3810715306).jpg"
Kanchanaburi,hero,City Photo File,images/cities/kanchanaburi.jpg,images/cities/kanchanaburi.webp
Kanchanaburi,River Kwai / Bridge Area,Hood 1 Photo File,,images/hoods/kanchanaburi--river-kwai-bridge-area.webp
Kanchanaburi,River Kwai / Bridge Area,Hood 1 Photo Credit,,https://commons.wikimedia.org/wiki/File:2010%EB%85%84_8%EC%9B%94_%ED%83%9C%EA%B5%AD_220_Kwangmo%27s_iPhone.jpg
Kanchanaburi,Death Railway / Thailand-Burma Railway Centre,Hood 2 Photo File,,images/hoods/kanchanaburi--death-railway-thailand-burma-railway-centre.webp
Kanchanaburi,Death Railway / Thailand-Burma Railway Centre,Hood 2 Photo Credit,,"https://commons.wikimedia.org/wiki/File:2010%EB%85%84_8%EC%9B%94_%ED%83%9C%EA%B5%AD_%EC%A0%9C16%EA%B8%B0_%EC%86%8C%EB%B0%A9%EA%B0%84%EB%B6%80%ED%9B%84%EB%B3%B4%EC%83%9D_%EC%9C%A4%EC%84%9D%EB%AF%BC,_%EA%B9%80%EC%98%81%EC%A7%84,_%EC%B5%9C%EA%B4%91%EB%AA%A8_%ED%95%98%EA%B3%84%ED%9C%B4%EA%B0%80_%EC%82%AC%EC%A7%84_224_Kwangmo%27s_iPhone.jpg"
Kanchanaburi,River Kwai Raft Houses,Hood 3 Photo File,,images/hoods/kanchanaburi--river-kwai-raft-houses.webp
Kanchanaburi,River Kwai Raft Houses,Hood 3 Photo Credit,,https://commons.wikimedia.org/wiki/File:River_Qwai_and_Sugar_Cane_Raft_Houses_-_panoramio_(1).jpg
Kanchanaburi,River Kwai Raft Houses,Hood 5 Photo File,,images/hoods/kanchanaburi--river-kwai-raft-houses.webp
Kanchanaburi,River Kwai Raft Houses,Hood 5 Photo Credit,,https://commons.wikimedia.org/wiki/File:River_Qwai_and_Sugar_Cane_Raft_Houses_-_panoramio_(1).jpg
Kandy,hero,City Photo File,images/cities/kandy.jpg,images/cities/kandy.webp
Kandy,Peradeniya,Hood 2 Photo File,,images/hoods/kandy--peradeniya.webp
Kandy,Peradeniya,Hood 2 Photo Credit,,https://commons.wikimedia.org/wiki/File:Amherstia_nobilis_Jardin_botanique_de_Peradeniya_Kandy.JPG
Kandy,Ampitiya,Hood 5 Photo File,,images/hoods/kandy--ampitiya.webp
Kandy,Ampitiya,Hood 5 Photo Credit,,https://commons.wikimedia.org/wiki/File:My_Grandma%27s_Home.jpg
Kangding,hero,City Photo File,images/cities/kangding.jpg,images/cities/kangding.webp
Kangding,New Town (Xin Cheng),Hood 4 Photo File,,images/hoods/kangding--new-town-xin-cheng.webp
Kangding,New Town (Xin Cheng),Hood 4 Photo Credit,,https://commons.wikimedia.org/wiki/File:Moxi_Catholic_Church_03_2014-09.JPG
Kaohsiung,hero,City Photo File,images/cities/kaohsiung.jpg,images/cities/kaohsiung.webp
Kaohsiung,Yancheng,Hood 1 Photo File,,images/hoods/kaohsiung--yancheng.webp
Kaohsiung,Yancheng,Hood 1 Photo Credit,,https://commons.wikimedia.org/wiki/File:A_Kaohsiung_City_Public_Bike_Station_-_panoramio.jpg
Kaohsiung,Sinsing,Hood 2 Photo File,,images/hoods/kaohsiung--sinsing.webp
Kaohsiung,Sinsing,Hood 2 Photo Credit,,"https://commons.wikimedia.org/wiki/File:Kaohsiung,_Gushan_District,_Kaohsiung_City,_Taiwan_-_panoramio_(32).jpg"
Kaohsiung,Lingya,Hood 3 Photo File,,images/hoods/kaohsiung--lingya.webp
Kaohsiung,Lingya,Hood 3 Photo Credit,,https://commons.wikimedia.org/wiki/File:2022_Taiwan_Lantern_Festival_01.jpg
Kaohsiung,Zuoying,Hood 4 Photo File,,images/hoods/kaohsiung--zuoying.webp
Kaohsiung,Zuoying,Hood 4 Photo Credit,,https://commons.wikimedia.org/wiki/File:%E5%B7%A6%E7%87%9F%E7%AB%99_(2348925421).jpg
Karachi,hero,City Photo File,images/cities/karachi.jpg,images/cities/karachi.webp
Karachi,Clifton,Hood 1 Photo File,,images/hoods/karachi--clifton.webp
Karachi,Clifton,Hood 1 Photo Credit,,https://commons.wikimedia.org/wiki/File:SBBPark.jpg
Karachi,Defence (DHA),Hood 2 Photo File,,images/hoods/karachi--defence-dha.webp
Karachi,Defence (DHA),Hood 2 Photo Credit,,"https://commons.wikimedia.org/wiki/File:Defence_Masjid,_Karachi_-_panoramio.jpg"
Karachi,Saddar,Hood 3 Photo File,,images/hoods/karachi--saddar.webp
Karachi,Saddar,Hood 3 Photo Credit,,https://commons.wikimedia.org/wiki/File:MUNICIPAL_CORPORATION_HADDID_UDDIN_-_panoramio.jpg
Karachi,Gulshan-e-Iqbal,Hood 4 Photo File,,images/hoods/karachi--gulshan-e-iqbal.webp
Karachi,Gulshan-e-Iqbal,Hood 4 Photo Credit,,https://commons.wikimedia.org/wiki/File:Gulshan-e-Iqbal_Park_6.jpg
Karachi,PECHS/Shahrah-e-Faisal,Hood 5 Photo File,,images/hoods/karachi--pechs-shahrah-e-faisal.webp
Karachi,PECHS/Shahrah-e-Faisal,Hood 5 Photo Credit,,https://commons.wikimedia.org/wiki/File:PK_Karachi_asv2020-02_img90_Highway_at_PECHS.jpg
Karakol,hero,City Photo File,images/cities/karakol.jpg,images/cities/karakol.webp
Karakol,hero,City Photo Credit,https://commons.wikimedia.org/wiki/File:%D0%9A%D0%B0%D1%80%D0%B0%D0%BA%D0%BE%D0%BB%2C_%D0%BF%D0%B0%D1%80%D0%BA_%D0%9F%D1%83%D1%88%D0%BA%D0%B8%D0%BD%D0%B0%2C_%D1%81%D1%84%D0%B5%D1%80%D0%BE%D0%BF%D0%B0%D0%BD%D0%BE%D1%80%D0%B0%D0%BC%D0%B0.jpg,https://commons.wikimedia.org/wiki/File:Karakol.jpg
Karakol,Central Karakol,Hood 1 Photo File,,images/hoods/karakol--central-karakol.webp
Karakol,Central Karakol,Hood 1 Photo Credit,,https://commons.wikimedia.org/wiki/File:%D0%9A%D0%B0%D1%80%D0%B0%D0%B2%D0%B0%D0%B9%D0%BA%D0%B0_%D0%B2_%D0%BF%D0%BE%D0%BB%D1%91%D1%82%D0%B5.jpg
Karakol,Dungan Mosque Quarter,Hood 2 Photo File,,images/hoods/karakol--dungan-mosque-quarter.webp
Karakol,Dungan Mosque Quarter,Hood 2 Photo Credit,,"https://commons.wikimedia.org/wiki/File:Minaret_in_the_Muslim_Quarter_of_Hami_and_Ruin_of_the_Mosque_Destroyed_by_Rebels_in_1872._Hami,_Xinjiang,_China,_1875_WDL1929.png"
Karakol,Przhevalsky District,Hood 3 Photo File,,images/hoods/karakol--przhevalsky-district.webp
Karakol,Przhevalsky District,Hood 3 Photo Credit,,https://commons.wikimedia.org/wiki/File:St.Petersburg_Russia_Statue_Kid.jpg
Karakol,Karakol Bazaar,Hood 4 Photo File,,images/hoods/karakol--karakol-bazaar.webp
Karakol,Karakol Bazaar,Hood 4 Photo Credit,,https://commons.wikimedia.org/wiki/File:Karakol_-_205_(49355687272).jpg
Karakol,Ski Base Road,Hood 5 Photo File,,images/hoods/karakol--ski-base-road.webp
Karakol,Ski Base Road,Hood 5 Photo Credit,,https://commons.wikimedia.org/wiki/File:Skiing_the_Bunsen_Peak_Road_Ski_Trail_(5)_(41258610861).jpg
Karbala,hero,City Photo File,images/cities/karbala.jpg,images/cities/karbala.webp
Karbala,Al-Abbasiyah (New Karbala),Hood 3 Photo File,,images/hoods/karbala--al-abbasiyah-new-karbala.webp
Karbala,Al-Abbasiyah (New Karbala),Hood 3 Photo Credit,,https://commons.wikimedia.org/wiki/File:Le_Caire._Sebil_de_la_rue_Abbassiyeh_-_btv1b53120182p_(2_of_2).jpg
Karbala,Bab Baghdad,Hood 4 Photo File,,images/hoods/karbala--bab-baghdad.webp
Karbala,Bab Baghdad,Hood 4 Photo Credit,,"https://commons.wikimedia.org/wiki/File:Talisman_Gate,_Sarre,_Friedrich_Paul_Theodor,_1911.jpg"
Karbala,Al-Hurr,Hood 5 Photo File,,images/hoods/karbala--al-hurr.webp
Karbala,Al-Hurr,Hood 5 Photo Credit,,https://commons.wikimedia.org/wiki/File:Madrasah_Khoja_Ahrar_4697.JPG
Karimabad,hero,City Photo File,images/cities/karimabad.jpg,images/cities/karimabad.webp
Karimabad,Karimabad Bazaar,Hood 1 Photo File,,images/hoods/karimabad--karimabad-bazaar.webp
Karimabad,Karimabad Bazaar,Hood 1 Photo Credit,,https://commons.wikimedia.org/wiki/File:Red_Fort_Meena_Bazaar_Buddha_Artifact.jpg
Karimabad,Altit Village,Hood 2 Photo File,,images/hoods/karimabad--altit-village.webp
Karimabad,Altit Village,Hood 2 Photo Credit,,https://commons.wikimedia.org/wiki/File:Altit_Settlement_(27410771923).jpg
Karimabad,Duikar,Hood 3 Photo File,,images/hoods/karimabad--duikar.webp
Karimabad,Duikar,Hood 3 Photo Credit,,https://commons.wikimedia.org/wiki/File:Eagle_nest_hunza.jpg
Karimabad,Aliabad,Hood 4 Photo File,,images/hoods/karimabad--aliabad.webp
Karimabad,Aliabad,Hood 4 Photo Credit,,https://commons.wikimedia.org/wiki/File:(%D8%AC%D9%88%D9%86%D9%85_%D8%A8%D8%B1%D9%81(%D9%85%D8%A7%D9%87%D9%8A%D8%A7%D9%86_-_panoramio.jpg
Karimabad,Ganish Village,Hood 5 Photo File,,images/hoods/karimabad--ganish-village.webp
Karimabad,Ganish Village,Hood 5 Photo Credit,,"https://commons.wikimedia.org/wiki/File:Aerial_View_of_Ganish_Valley,_Hunza.jpg"
Karlovy Vary,hero,City Photo File,images/cities/karlovy-vary.jpg,images/cities/karlovy-vary.webp
Karlovy Vary,Lázeňské centrum,Hood 1 Photo File,,images/hoods/karlovy-vary--lazenske-centrum.webp
Karlovy Vary,Lázeňské centrum,Hood 1 Photo Credit,,https://commons.wikimedia.org/wiki/File:J%C3%A1chymov_1.jpg
Karlovy Vary,Drahovice,Hood 2 Photo File,,images/hoods/karlovy-vary--drahovice.webp
Karlovy Vary,Drahovice,Hood 2 Photo Credit,,https://commons.wikimedia.org/wiki/File:Karlovy_Vary_sm%C3%ADr%C4%8D%C3%AD_k%C5%99%C3%AD%C5%BE_v_Drahovic%C3%ADch_duben_2019_(1).jpg
Karlovy Vary,Rybáře,Hood 3 Photo File,,images/hoods/karlovy-vary--rybare.webp
Karlovy Vary,Rybáře,Hood 3 Photo Credit,,https://commons.wikimedia.org/wiki/File:Pivovar_Karlovy_Vary_%E2%80%93_Ryb%C3%A1%C5%99e.jpg
Karlovy Vary,Tuhnice,Hood 4 Photo File,,images/hoods/karlovy-vary--tuhnice.webp
Karlovy Vary,Tuhnice,Hood 4 Photo Credit,,https://commons.wikimedia.org/wiki/File:Karlovy_Vary_Tuhnice_Moskevsk%C3%A1_ulice_vila_N%C3%BCrburg_(2).jpg
Karlovy Vary,Stará Role,Hood 5 Photo File,,images/hoods/karlovy-vary--stara-role.webp
Karlovy Vary,Stará Role,Hood 5 Photo Credit,,https://commons.wikimedia.org/wiki/File:Kostel_nanebevstoupen%C3%AD_p%C3%A1n%C4%9B_star%C3%A1_role_Interi%C3%A9r_nyn%C3%AD.jpg
Kashan,hero,City Photo File,images/cities/kashan.jpg,images/cities/kashan.webp
Kashan,Fin Garden District,Hood 3 Photo File,,images/hoods/kashan--fin-garden-district.webp
Kashan,Fin Garden District,Hood 3 Photo Credit,,"https://commons.wikimedia.org/wiki/File:Fin_bathroom_in_Fin_garden,_Kashan,_Iran.jpg"
Kashgar,hero,City Photo File,images/cities/kashgar.jpg,images/cities/kashgar.webp
Kashgar,Kashgar Old Town,Hood 1 Photo File,,images/hoods/kashgar--kashgar-old-town.webp
Kashgar,Kashgar Old Town,Hood 1 Photo Credit,,https://commons.wikimedia.org/wiki/File:8-07_at_Minmao_(20230922193436).jpg
Kashgar,Id Kah Square,Hood 2 Photo File,,images/hoods/kashgar--id-kah-square.webp
Kashgar,Id Kah Square,Hood 2 Photo Credit,,https://www.flickr.com/photos/68240136@N02/23756566030/
Kashgar,East Lake (Donghu) Area,Hood 5 Photo File,,images/hoods/kashgar--east-lake-donghu-area.webp
Kashgar,East Lake (Donghu) Area,Hood 5 Photo Credit,,https://commons.wikimedia.org/wiki/File:Wuhan_-_East_Lake_-_Luoyan_Scenic_Area_-_P1530118.JPG
Kathmandu,hero,City Photo File,images/cities/kathmandu.jpg,images/cities/kathmandu.webp
Kathmandu,Thamel,Hood 1 Photo File,,images/hoods/kathmandu--thamel.webp
Kathmandu,Thamel,Hood 1 Photo Credit,,https://commons.wikimedia.org/wiki/File:An_old_stupa_in_Thamel.jpg
Kathmandu,Boudhanath,Hood 2 Photo File,,images/hoods/kathmandu--boudhanath.webp
Kathmandu,Boudhanath,Hood 2 Photo Credit,,https://commons.wikimedia.org/wiki/File:Boudhanath_stupa_.jpg
Kathmandu,Patan (Lalitpur),Hood 3 Photo File,,images/hoods/kathmandu--patan-lalitpur.webp
Kathmandu,Patan (Lalitpur),Hood 3 Photo Credit,,https://commons.wikimedia.org/wiki/File:Bus_Stop_Stand.jpg
Kathmandu,Lazimpat,Hood 4 Photo File,,images/hoods/kathmandu--lazimpat.webp
Kathmandu,Lazimpat,Hood 4 Photo Credit,,https://commons.wikimedia.org/wiki/File:Kalika_Devi_Temple_Kalika_Devi_Statue_Nil_Sarswati_Temple_Lazimpat_Kathmandu_Nepal_Rajesh_Dhungana.jpg
Kathmandu,Durbar Marg,Hood 5 Photo File,,images/hoods/kathmandu--durbar-marg.webp
Kathmandu,Durbar Marg,Hood 5 Photo Credit,,https://commons.wikimedia.org/wiki/File:Durbar_Marg_(12691637245).jpg
Kayseri,hero,City Photo File,images/cities/kayseri.jpg,images/cities/kayseri.webp
Kayseri,Cumhuriyet Meydanı (Old City),Hood 1 Photo File,,images/hoods/kayseri--cumhuriyet-meydani-old-city.webp
Kayseri,Cumhuriyet Meydanı (Old City),Hood 1 Photo Credit,,"https://commons.wikimedia.org/wiki/File:Samsunspor_2023_%C3%BCst_lige_y%C3%BCkselme_kutlamalar%C4%B1,_Meydan.jpg"
Kayseri,Melikgazi,Hood 2 Photo File,,images/hoods/kayseri--melikgazi.webp
Kayseri,Melikgazi,Hood 2 Photo Credit,,https://commons.wikimedia.org/wiki/File:C5_Yunus_Emre_ap._(RMZN)_-_panoramio.jpg
Kayseri,Kocasinan,Hood 3 Photo File,,images/hoods/kayseri--kocasinan.webp
Kayseri,Kocasinan,Hood 3 Photo Credit,,https://commons.wikimedia.org/wiki/File:ERCIYES_DAGI.KAYSERI_-_panoramio.jpg
Kayseri,Talas,Hood 4 Photo File,,images/hoods/kayseri--talas.webp
Kayseri,Talas,Hood 4 Photo Credit,,https://commons.wikimedia.org/wiki/File:TALAS_-_panoramio_-_cankurtaran_(2).jpg
Kayseri,Hisarcık (Erciyes),Hood 5 Photo File,,images/hoods/kayseri--hisarcik-erciyes.webp
Kayseri,Hisarcık (Erciyes),Hood 5 Photo Credit,,https://commons.wikimedia.org/wiki/File:Stele_Hisarc%C4%B1k1_02.jpg
Kazan,hero,City Photo File,images/cities/kazan.jpg,images/cities/kazan.webp
Kazan,Kazan Kremlin & Embankment,Hood 2 Photo File,,images/hoods/kazan--kazan-kremlin-embankment.webp
Kazan,Kazan Kremlin & Embankment,Hood 2 Photo Credit,,"https://commons.wikimedia.org/wiki/File:Kremlin_quay,_Kazan_(2023-06-06)_09.jpg"
Kazan,Old Tatar Sloboda,Hood 3 Photo File,,images/hoods/kazan--old-tatar-sloboda.webp
Kazan,Old Tatar Sloboda,Hood 3 Photo Credit,,https://commons.wikimedia.org/wiki/File:%D0%9A%D0%B0%D0%B7%D0%B0%D0%BD%D1%8C._%D0%A2%D0%B0%D1%82%D0%B0%D1%80%D1%81%D0%BA%D0%B0%D1%8F_%D1%81%D0%BB%D0%BE%D0%B1%D0%BE%D0%B4%D0%B0_(2).jpg
Kazan,Sovetsky District,Hood 5 Photo File,,images/hoods/kazan--sovetsky-district.webp
Kazan,Sovetsky District,Hood 5 Photo Credit,,https://commons.wikimedia.org/wiki/File:Mixail_%C4%B0say%C4%B1f_q%C3%A4bere.jpg
Kaş,hero,City Photo File,images/cities/ka.jpg,images/cities/ka.webp
Kaş,Kaş Harbor / Old Town,Hood 1 Photo File,,images/hoods/kas--kas-harbor-old-town.webp
Kaş,Kaş Harbor / Old Town,Hood 1 Photo Credit,,https://www.flickr.com/photos/92947007@N03/49217419832/
Kaş,Çukurbağ Peninsula,Hood 3 Photo File,,images/hoods/kas--cukurbag-peninsula.webp
Kaş,Çukurbağ Peninsula,Hood 3 Photo Credit,,https://commons.wikimedia.org/wiki/File:%C3%87ukurba%C4%9F_Peninsula.jpg
Kelowna,hero,City Photo File,images/cities/kelowna.jpg,images/cities/kelowna.webp
Kelowna,hero,City Photo Credit,https://commons.wikimedia.org/wiki/File:Kelowna_city_view_from_Knox_Mountain.jpg,https://commons.wikimedia.org/wiki/File:Kelowna_Vineyards_from_the_Okanagan_Lake.jpg
Kelowna,Downtown & Waterfront,Hood 1 Photo File,,images/hoods/kelowna--downtown-waterfront.webp
Kelowna,Downtown & Waterfront,Hood 1 Photo Credit,,"https://commons.wikimedia.org/wiki/File:Kelowna_(BC,_Canada),_Waterfront_Promenade_--_2022_--_201951.jpg"
Kelowna,Lower Mission,Hood 3 Photo File,,images/hoods/kelowna--lower-mission.webp
Kelowna,Lower Mission,Hood 3 Photo Credit,,"https://commons.wikimedia.org/wiki/File:Missionsgravar_-_1905_-_Diadia_missionsstation,_Kongo,_0964.0892.jpg"
Kelowna,Glenmore / North End,Hood 4 Photo File,,images/hoods/kelowna--glenmore-north-end.webp
Kelowna,Glenmore / North End,Hood 4 Photo Credit,,https://commons.wikimedia.org/wiki/File:Warung_Glenmore_(1).jpg
Kelowna,Rutland,Hood 5 Photo File,,images/hoods/kelowna--rutland.webp
Kelowna,Rutland,Hood 5 Photo Credit,,https://commons.wikimedia.org/wiki/File:Egg_Plant_Flower_(aubergine).jpg
Kerman,hero,City Photo File,images/cities/kerman.jpg,images/cities/kerman.webp
Kerman,Ganjali Khan & Grand Bazaar (Old City),Hood 1 Photo File,,images/hoods/kerman--ganjali-khan-grand-bazaar-old-city.webp
Kerman,Ganjali Khan & Grand Bazaar (Old City),Hood 1 Photo Credit,,https://commons.wikimedia.org/wiki/File:%D9%85%D8%AC%D9%85%D9%88%D8%B9%D9%87_%DA%AF%D9%86%D8%AC%D8%B9%D9%84%DB%8C%D8%AE%D8%A7%D9%86.jpg
Kerman,Azadi Square,Hood 2 Photo File,,images/hoods/kerman--azadi-square.webp
Kerman,Azadi Square,Hood 2 Photo Credit,,https://commons.wikimedia.org/wiki/File:AZADI_SQ_(1).jpg
Kerman,Jomhouri Boulevard,Hood 3 Photo File,,images/hoods/kerman--jomhouri-boulevard.webp
Kerman,Jomhouri Boulevard,Hood 3 Photo Credit,,https://commons.wikimedia.org/wiki/File:Fish_statue_-_barrier_of_Jomhouri_blv_-_Nishapur_14.JPG
Kermanshah,hero,City Photo File,images/cities/kermanshah.jpg,images/cities/kermanshah.webp
Kermanshah,Taq-e Bostan,Hood 2 Photo File,,images/hoods/kermanshah--taq-e-bostan.webp
Kermanshah,Taq-e Bostan,Hood 2 Photo Credit,,https://commons.wikimedia.org/wiki/File:1387_(Taghe_Bostan)_by_Mohsen_Rashidi_1.jpg
Kermanshah,Nobahar / Shahid Kishvari Boulevard,Hood 3 Photo File,,images/hoods/kermanshah--nobahar-shahid-kishvari-boulevard.webp
Kermanshah,Nobahar / Shahid Kishvari Boulevard,Hood 3 Photo Credit,,"https://commons.wikimedia.org/wiki/File:Nawbahar_Boulevard,_Kermashan,_2009.jpg"
Khartoum,hero,City Photo File,images/cities/khartoum.jpg,images/cities/khartoum.webp
Khartoum,Khartoum 2,Hood 3 Photo File,,images/hoods/khartoum--khartoum-2.webp
Khartoum,Khartoum 2,Hood 3 Photo Credit,,"https://commons.wikimedia.org/wiki/File:Khartoum,_Khartoum_State,_Sudan_(CAPELLA_C09_SP_GEO_HH_20230419183116_20230419183144).tiff"
Kigali,hero,City Photo File,images/cities/kigali.jpg,images/cities/kigali.webp
Kigali,Kiyovu,Hood 1 Photo File,,images/hoods/kigali--kiyovu.webp
Kigali,Kiyovu,Hood 1 Photo Credit,,"https://commons.wikimedia.org/wiki/File:Hotel_Gorillas,_Kigali_-_Flickr_-_Dave_Proffer.jpg"
Kigali,Kimihurura,Hood 3 Photo File,,images/hoods/kigali--kimihurura.webp
Kigali,Kimihurura,Hood 3 Photo Credit,,https://commons.wikimedia.org/wiki/File:Kigali_Restaurants.jpg
Kigali,Nyarutarama,Hood 4 Photo File,,images/hoods/kigali--nyarutarama.webp
Kigali,Nyarutarama,Hood 4 Photo Credit,,https://commons.wikimedia.org/wiki/File:Stade_Amahoro_Rwanda.jpeg
Kigali,Nyamirambo,Hood 5 Photo File,,images/hoods/kigali--nyamirambo.webp
Kigali,Nyamirambo,Hood 5 Photo Credit,,https://commons.wikimedia.org/wiki/File:Gang%27s.jpg
Kingston,hero,City Photo File,images/cities/kingston.jpg,images/cities/kingston.webp
Kingston,Half Way Tree,Hood 3 Photo File,,images/hoods/kingston--half-way-tree.webp
Kingston,Half Way Tree,Hood 3 Photo Credit,,https://commons.wikimedia.org/wiki/File:Toyota_Coaster_(33607382628).jpg
Kingston,Downtown Kingston,Hood 4 Photo File,,images/hoods/kingston--downtown-kingston.webp
Kingston,Downtown Kingston,Hood 4 Photo Credit,,https://commons.wikimedia.org/wiki/File:Rural_bus_terminus_Kingston_(2).jpg
Kingstown,hero,City Photo File,images/cities/kingstown.jpg,images/cities/kingstown.webp
Kingstown,Kingstown City Centre,Hood 1 Photo File,,images/hoods/kingstown--kingstown-city-centre.webp
Kingstown,Kingstown City Centre,Hood 1 Photo Credit,,"https://commons.wikimedia.org/wiki/File:Kingstown_Harbour_plans,_1830_Dun_Loaghaire.jpg"
Kingstown,Villa/Indian Bay,Hood 2 Photo File,,images/hoods/kingstown--villa-indian-bay.webp
Kingstown,Villa/Indian Bay,Hood 2 Photo Credit,,https://commons.wikimedia.org/wiki/File:Lindenfels_Villa_Luthmer_-_Christina.jpeg
Kingstown,Calliaqua/Blue Lagoon,Hood 3 Photo File,,images/hoods/kingstown--calliaqua-blue-lagoon.webp
Kingstown,Calliaqua/Blue Lagoon,Hood 3 Photo Credit,,https://commons.wikimedia.org/wiki/File:Ogcocephalus_parvus_(Saint_Vincent_and_the_Grenadines).jpg
Kingstown,Arnos Vale,Hood 4 Photo File,,images/hoods/kingstown--arnos-vale.webp
Kingstown,Arnos Vale,Hood 4 Photo Credit,,"https://commons.wikimedia.org/wiki/File:St._Vincent,_Karibik_-_E.T._Joshua_Airport_in_Kingstown_-_panoramio.jpg"
Kinshasa,hero,City Photo File,images/cities/kinshasa.jpg,images/cities/kinshasa.webp
Kinshasa,Gombe,Hood 1 Photo File,,images/hoods/kinshasa--gombe.webp
Kinshasa,Gombe,Hood 1 Photo Credit,,https://commons.wikimedia.org/wiki/File:2_Pru_gombe.jpg
Kinshasa,Ngaliema,Hood 2 Photo File,,images/hoods/kinshasa--ngaliema.webp
Kinshasa,Ngaliema,Hood 2 Photo Credit,,"https://commons.wikimedia.org/wiki/File:Pont_de_Kinsuka,_pollution.jpg"
Kinshasa,Limete,Hood 3 Photo File,,images/hoods/kinshasa--limete.webp
Kinshasa,Limete,Hood 3 Photo Credit,,https://commons.wikimedia.org/wiki/File:Viaduc_vu_du_premier_%C3%A9tage_de_la_tour_de_l%27%C3%89changeur.jpg
Kinshasa,Lemba,Hood 4 Photo File,,images/hoods/kinshasa--lemba.webp
Kinshasa,Lemba,Hood 4 Photo Credit,,https://commons.wikimedia.org/wiki/File:Notre-Dame_a_UNIKIN.jpg
Kinshasa,Kintambo,Hood 5 Photo File,,images/hoods/kinshasa--kintambo.webp
Kinshasa,Kintambo,Hood 5 Photo Credit,,https://commons.wikimedia.org/wiki/File:D%C3%A9chet_caniveau_kintambo_v%C3%A9lodrome.jpg
Klaipėda,hero,City Photo File,images/cities/klaip-da.jpg,images/cities/klaip-da.webp
Klaipėda,New Town,Hood 2 Photo File,,images/hoods/klaipeda--new-town.webp
Klaipėda,New Town,Hood 2 Photo Credit,,https://commons.wikimedia.org/wiki/File:St_Johns_Anglican_New_Town.jpg
Klaipėda,Melnragė,Hood 3 Photo File,,images/hoods/klaipeda--melnrage.webp
Klaipėda,Melnragė,Hood 3 Photo Credit,,"https://commons.wikimedia.org/wiki/File:Ztrosk1Lo%C4%8F55.753194,_21.07913.jpg"
Klaipėda,Smiltynė,Hood 4 Photo File,,images/hoods/klaipeda--smiltyne.webp
Klaipėda,Smiltynė,Hood 4 Photo Credit,,"https://commons.wikimedia.org/wiki/File:%C5%BDvejybos_laiv%C5%B3_ekspozicija,_Smyltin%C4%97,_Litva_01.jpg"
Klaipėda,Fishing Village,Hood 5 Photo File,,images/hoods/klaipeda--fishing-village.webp
Klaipėda,Fishing Village,Hood 5 Photo Credit,,https://commons.wikimedia.org/wiki/File:%E6%B5%B7%E5%B2%B8%E7%9E%AD%E6%9C%9B%E5%8F%B0.jpg
Knysna,hero,City Photo File,images/cities/knysna.jpg,images/cities/knysna.webp
Knysna,Knysna Central / Waterfront,Hood 1 Photo File,,images/hoods/knysna--knysna-central-waterfront.webp
Knysna,Knysna Central / Waterfront,Hood 1 Photo Credit,,"https://commons.wikimedia.org/wiki/File:Knysna_(ZA),_Bahnhof,_Drehscheibe_--_2024_--_2347.jpg"
Knysna,Thesen Islands,Hood 2 Photo File,,images/hoods/knysna--thesen-islands.webp
Knysna,Thesen Islands,Hood 2 Photo Credit,,"https://commons.wikimedia.org/wiki/File:KNYSNA_-_Residential_area_on_Thesen_Island,_Knysna,_South_Africa,_2017.jpg"
Knysna,Leisure Isle,Hood 3 Photo File,,images/hoods/knysna--leisure-isle.webp
Knysna,Leisure Isle,Hood 3 Photo Credit,,https://commons.wikimedia.org/wiki/File:Solent_and_Wightline_Cruises_Jenny_M_2.jpg
Knysna,The Heads,Hood 4 Photo File,,images/hoods/knysna--the-heads.webp
Knysna,The Heads,Hood 4 Photo Credit,,https://commons.wikimedia.org/wiki/File:Knysna_Heads_05.jpg
Knysna,Brenton-on-Sea,Hood 5 Photo File,,images/hoods/knysna--brenton-on-sea.webp
Knysna,Brenton-on-Sea,Hood 5 Photo Credit,,"https://commons.wikimedia.org/wiki/File:Brenton-on-Sea,_near_Knysna_(8226174867).jpg"
Ko Samui,hero,City Photo File,images/cities/ko-samui.jpg,images/cities/ko-samui.webp
Ko Samui,hero,City Photo Credit,https://commons.wikimedia.org/wiki/File:Koh_Samui_Lipa_Noi2.jpg,https://commons.wikimedia.org/wiki/File:Chaweng_Beach.jpg
Ko Samui,Chaweng,Hood 1 Photo File,,images/hoods/ko-samui--chaweng.webp
Ko Samui,Chaweng,Hood 1 Photo Credit,,"https://commons.wikimedia.org/wiki/File:Thailand,_Koh-Samui,_Chaweng_beach_-_Monkey_bay,_2011_-_panoramio.jpg"
Ko Samui,Lamai,Hood 2 Photo File,,images/hoods/ko-samui--lamai.webp
Ko Samui,Lamai,Hood 2 Photo Credit,,https://commons.wikimedia.org/wiki/File:Lamai_viewpoint_cable_car.jpg
Ko Samui,Bophut (Fisherman's Village),Hood 3 Photo File,,images/hoods/ko-samui--bophut-fisherman-s-village.webp
Ko Samui,Bophut (Fisherman's Village),Hood 3 Photo Credit,,"https://commons.wikimedia.org/wiki/File:Bo_Put,_Ko_Samui_District,_Surat_Thani,_Thailand_-_panoramio_(6).jpg"
Ko Samui,Nathon,Hood 4 Photo File,,images/hoods/ko-samui--nathon.webp
Ko Samui,Nathon,Hood 4 Photo Credit,,https://commons.wikimedia.org/wiki/File:Hainan_Temple_Nathon_3.jpg
Ko Samui,Mae Nam,Hood 5 Photo File,,images/hoods/ko-samui--mae-nam.webp
Ko Samui,Mae Nam,Hood 5 Photo Credit,,"https://commons.wikimedia.org/wiki/File:Mae_Nam,_Ko_Samui_District,_Surat_Thani,_Thailand_-_panoramio.jpg"
Kobe,hero,City Photo File,images/cities/kobe.jpg,images/cities/kobe.webp
Kobe,Sannomiya,Hood 1 Photo File,,images/hoods/kobe--sannomiya.webp
Kobe,Sannomiya,Hood 1 Photo Credit,,https://commons.wikimedia.org/wiki/File:151003_Sannomiya_Kobe_Japan02s3.jpg
Kobe,Kitano,Hood 2 Photo File,,images/hoods/kobe--kitano.webp
Kobe,Kitano,Hood 2 Photo Credit,,https://commons.wikimedia.org/wiki/File:Kitano_Street_Kobe02s3s4272.jpg
Kobe,Motomachi & Nankinmachi,Hood 3 Photo File,,images/hoods/kobe--motomachi-nankinmachi.webp
Kobe,Motomachi & Nankinmachi,Hood 3 Photo Credit,,https://commons.wikimedia.org/wiki/File:Kobe_20221209164915_(52647714977).jpg
Kobe,Harborland & Meriken Park,Hood 4 Photo File,,images/hoods/kobe--harborland-meriken-park.webp
Kobe,Harborland & Meriken Park,Hood 4 Photo Credit,,https://commons.wikimedia.org/wiki/File:Kobe_Meriken_Park_Oriental_Hotel_and_Cruise_ship_%22Concerto%22_at_Kobe_Port_at_night_3.jpg
Kobe,Nada,Hood 5 Photo File,,images/hoods/kobe--nada.webp
Kobe,Nada,Hood 5 Photo Credit,,https://commons.wikimedia.org/wiki/File:Minatokanko_Bus_Saka-bus_01.jpg
Koblenz,hero,City Photo File,images/cities/koblenz.jpg,images/cities/koblenz.webp
Koblenz,Altstadt,Hood 1 Photo File,,images/hoods/koblenz--altstadt.webp
Koblenz,Altstadt,Hood 1 Photo Credit,,https://commons.wikimedia.org/wiki/File:Erker_Dreik%C3%B6nigenhaus_Koblenz_2011.jpg
Koblenz,Ehrenbreitstein,Hood 2 Photo File,,images/hoods/koblenz--ehrenbreitstein.webp
Koblenz,Ehrenbreitstein,Hood 2 Photo Credit,,"https://commons.wikimedia.org/wiki/File:Koblenz,_Festung_Ehrenbreitstein_--_2015_--_7638.jpg"
Koblenz,Südliche Vorstadt,Hood 3 Photo File,,images/hoods/koblenz--sudliche-vorstadt.webp
Koblenz,Südliche Vorstadt,Hood 3 Photo Credit,,https://commons.wikimedia.org/wiki/File:B%C3%BCchertelefonzelle_Koblenz_s%C3%BCdliche_Vorstadt.jpg
Koblenz,Lützel,Hood 4 Photo File,,images/hoods/koblenz--lutzel.webp
Koblenz,Lützel,Hood 4 Photo Credit,,https://commons.wikimedia.org/wiki/File:Bahnhof_Koblenz-L%C3%BCtzel_2010.jpg
Koblenz,Neustadt,Hood 5 Photo File,,images/hoods/koblenz--neustadt.webp
Koblenz,Neustadt,Hood 5 Photo Credit,,https://commons.wikimedia.org/wiki/File:Deutsche_bundesbank_filiale_koblenz.jpg
Kolkata,hero,City Photo File,images/cities/kolkata.jpg,images/cities/kolkata.webp
Kolkata,hero,City Photo Credit,https://commons.wikimedia.org/wiki/File:Kolkata_maidan.jpg,https://commons.wikimedia.org/wiki/File:Victoria_Memorial_Kolkata_panorama.jpg
Kolkata,Park Street / Central,Hood 1 Photo File,,images/hoods/kolkata--park-street-central.webp
Kolkata,Park Street / Central,Hood 1 Photo Credit,,https://commons.wikimedia.org/wiki/File:Inside_the_Cemetery.jpg
Kolkata,BBD Bagh (Dalhousie Square),Hood 2 Photo File,,images/hoods/kolkata--bbd-bagh-dalhousie-square.webp
Kolkata,BBD Bagh (Dalhousie Square),Hood 2 Photo Credit,,https://commons.wikimedia.org/wiki/File:Entrance_-_RBI_Museum_Kolkata_9.jpg
Kolkata,Salt Lake (Bidhannagar),Hood 3 Photo File,,images/hoods/kolkata--salt-lake-bidhannagar.webp
Kolkata,Salt Lake (Bidhannagar),Hood 3 Photo Credit,,https://commons.wikimedia.org/wiki/File:Metro_Rail_Crossover_-_3rd_Avenue_-_Salt_Lake_City_-_Kolkata_2017-04-29_1706.JPG
Kolkata,Ballygunge,Hood 4 Photo File,,images/hoods/kolkata--ballygunge.webp
Kolkata,Ballygunge,Hood 4 Photo Credit,,"https://commons.wikimedia.org/wiki/File:A_scene_of_coin_collecting,_at_a_roadside_shop_in_Kolkata.jpg"
Kolkata,North Kolkata (Shobhabazar),Hood 5 Photo File,,images/hoods/kolkata--north-kolkata-shobhabazar.webp
Kolkata,North Kolkata (Shobhabazar),Hood 5 Photo Credit,,"https://commons.wikimedia.org/wiki/File:Kolkata_30,_street_life_(24191799784).jpg"
Konstanz,hero,City Photo File,images/cities/konstanz.jpg,images/cities/konstanz.webp
Konstanz,Altstadt (Old Town),Hood 1 Photo File,,images/hoods/konstanz--altstadt-old-town.webp
Konstanz,Altstadt (Old Town),Hood 1 Photo Credit,,"https://commons.wikimedia.org/wiki/File:Altstadt,_78462_Konstanz,_Germany_-_panoramio_(2).jpg"
Konstanz,Petershausen,Hood 2 Photo File,,images/hoods/konstanz--petershausen.webp
Konstanz,Petershausen,Hood 2 Photo Credit,,https://commons.wikimedia.org/wiki/File:MFH_Zumsteinstr._11_in_Konstanz_(2022).jpg
Konstanz,Paradies,Hood 3 Photo File,,images/hoods/konstanz--paradies.webp
Konstanz,Paradies,Hood 3 Photo Credit,,"https://commons.wikimedia.org/wiki/File:Blaue_Haust%C3%BCr_im_Paradies_(Konstanz,_2020).jpg"
Konstanz,Mainau / Litzelstetten,Hood 4 Photo File,,images/hoods/konstanz--mainau-litzelstetten.webp
Konstanz,Mainau / Litzelstetten,Hood 4 Photo Credit,,https://commons.wikimedia.org/wiki/File:Mainau_-_Deutschordenschloss_-_G%C3%A4rtnerturm_001.jpg
Konya,hero,City Photo File,images/cities/konya.jpg,images/cities/konya.webp
Konya,Mevlana / City Center (Karatay),Hood 1 Photo File,,images/hoods/konya--mevlana-city-center-karatay.webp
Konya,Mevlana / City Center (Karatay),Hood 1 Photo Credit,,https://commons.wikimedia.org/wiki/File:Mevlevi_Dergahi_in_Konya_Mevlana_House.jpg
Konya,Selcuklu,Hood 3 Photo File,,images/hoods/konya--selcuklu.webp
Konya,Selcuklu,Hood 3 Photo Credit,,https://commons.wikimedia.org/wiki/File:22.01.2012_Konya%27da_K%C4%B1%C5%9F_-_panoramio_(1).jpg
Konya,Meram,Hood 4 Photo File,,images/hoods/konya--meram.webp
Konya,Meram,Hood 4 Photo Credit,,https://commons.wikimedia.org/wiki/File:Konya_Hac%C4%B1_Hasan_Cami_3791.jpg
Kota Kinabalu,hero,City Photo File,images/cities/kota-kinabalu.jpg,images/cities/kota-kinabalu.webp
Kota Kinabalu,City Centre & Waterfront,Hood 1 Photo File,,images/hoods/kota-kinabalu--city-centre-waterfront.webp
Kota Kinabalu,City Centre & Waterfront,Hood 1 Photo Credit,,https://www.flickr.com/photos/26978304@N08/42122703042/
Kota Kinabalu,Tanjung Aru,Hood 2 Photo File,,images/hoods/kota-kinabalu--tanjung-aru.webp
Kota Kinabalu,Tanjung Aru,Hood 2 Photo Credit,,"https://commons.wikimedia.org/wiki/File:Jalan_Mat_Salleh,_Kota_Kinabalu_20260504_135811.jpg"
Kota Kinabalu,Likas,Hood 3 Photo File,,images/hoods/kota-kinabalu--likas.webp
Kota Kinabalu,Likas,Hood 3 Photo Credit,,https://commons.wikimedia.org/wiki/File:Bird_Watch_Tower_at_KK_-_panoramio.jpg
Kota Kinabalu,Sutera Harbour (Sembulan),Hood 4 Photo File,,images/hoods/kota-kinabalu--sutera-harbour-sembulan.webp
Kota Kinabalu,Sutera Harbour (Sembulan),Hood 4 Photo Credit,,"https://commons.wikimedia.org/wiki/File:Jalan_Sutera_Singkat,_88100_Kota_Kinabalu,_Sabah,_Malaysia_-_panoramio_(2).jpg"
Kota Kinabalu,Pulau Gaya,Hood 5 Photo File,,images/hoods/kota-kinabalu--pulau-gaya.webp
Kota Kinabalu,Pulau Gaya,Hood 5 Photo Credit,,https://commons.wikimedia.org/wiki/File:Gaya_Island_1.jpg
Krabi,hero,City Photo File,images/cities/krabi.jpg,images/cities/krabi.webp
Krabi,hero,City Photo Credit,https://commons.wikimedia.org/wiki/File:Wat_Tham_Sua_18.jpg,"https://commons.wikimedia.org/wiki/File:2016_Prowincja_Krabi,_Widoki_ze_statku_p%C5%82yn%C4%85cego_na_trasie_Ao_Nang_-_Ko_Lanta_Yai_(32).jpg"
Krabi,Krabi Town,Hood 1 Photo File,,images/hoods/krabi--krabi-town.webp
Krabi,Krabi Town,Hood 1 Photo Credit,,https://commons.wikimedia.org/wiki/File:2016-04-09_Krabi_Town_01.jpg
Krabi,Ao Nang,Hood 2 Photo File,,images/hoods/krabi--ao-nang.webp
Krabi,Ao Nang,Hood 2 Photo Credit,,"https://commons.wikimedia.org/wiki/File:144_%E0%B8%AB%E0%B8%A1%E0%B8%B9%E0%B9%88_7_Tambon_Ao_Nang,_Amphoe_Mueang_Krabi,_Chang_Wat_Krabi_81000,_Thailand_-_panoramio_(16).jpg"
Krabi,Railay Beach,Hood 3 Photo File,,images/hoods/krabi--railay-beach.webp
Krabi,Railay Beach,Hood 3 Photo Credit,,https://commons.wikimedia.org/wiki/File:Climbing_Ton_Sai_1.jpg
Krabi,Klong Muang Beach,Hood 4 Photo File,,images/hoods/krabi--klong-muang-beach.webp
Krabi,Klong Muang Beach,Hood 4 Photo Credit,,https://commons.wikimedia.org/wiki/File:Klong_Muang_Beach_SF0002.jpg
Kraków,hero,City Photo File,images/cities/krak-w.jpg,images/cities/krak-w.webp
Kraków,Stare Miasto (Old Town),Hood 1 Photo File,images/hoods/krakow--stare-miasto-old-town.jpg,images/hoods/krakow--stare-miasto-old-town.webp
Kraków,Kazimierz,Hood 2 Photo File,images/hoods/krakow--kazimierz.jpg,images/hoods/krakow--kazimierz.webp
Kraków,Podgórze,Hood 3 Photo File,images/hoods/krakow--podgorze.jpg,images/hoods/krakow--podgorze.webp
Kraków,Podgórze,Hood 3 Photo Credit,https://commons.wikimedia.org/wiki/File:Podg%C3%B3rski_Market_Square%2C_Podg%C3%B3rze%2C_Krak%C3%B3w%2C_Poland.jpg,https://commons.wikimedia.org/wiki/File:Saint_Joseph_church_in_Krak%C3%B3w-Podg%C3%B3rze_2016-11-05.jpg
Kraków,Nowa Huta,Hood 4 Photo File,images/hoods/krakow--nowa-huta.jpg,images/hoods/krakow--nowa-huta.webp
Kraków,Kleparz,Hood 5 Photo File,images/hoods/krakow--kleparz.jpg,images/hoods/krakow--kleparz.webp
Kralendijk,hero,City Photo File,images/cities/kralendijk.jpg,images/cities/kralendijk.webp
Kralendijk,Hato,Hood 3 Photo File,,images/hoods/kralendijk--hato.webp
Kralendijk,Hato,Hood 3 Photo Credit,,https://commons.wikimedia.org/wiki/File:R-G_Financial_Headquarters.JPG
Kuala Lumpur,hero,City Photo File,images/cities/kuala-lumpur.jpg,images/cities/kuala-lumpur.webp
Kuala Lumpur,hero,City Photo Credit,https://commons.wikimedia.org/wiki/File:Bukit_Bintang_junction_in_2024_2.jpg,https://commons.wikimedia.org/wiki/File:010875-_Skyline_of_Kuala_Lumpur.jpg
Kuala Lumpur,Bukit Bintang,Hood 1 Photo File,images/hoods/kuala-lumpur--bukit-bintang.jpg,images/hoods/kuala-lumpur--bukit-bintang.webp
Kuala Lumpur,KLCC,Hood 2 Photo File,images/hoods/kuala-lumpur--klcc.jpg,images/hoods/kuala-lumpur--klcc.webp
Kuala Lumpur,KLCC,Hood 2 Photo Credit,https://commons.wikimedia.org/wiki/File:The_Twins_SE_Asia_2019_(49171985716)_(Suria_KLCC).jpg,https://commons.wikimedia.org/wiki/File:KLCC_at_night_during_Sultan_Brunei_visit_-_full_buildings.jpg
Kuala Lumpur,Chinatown (Petaling),Hood 3 Photo File,images/hoods/kuala-lumpur--chinatown-petaling.jpg,images/hoods/kuala-lumpur--chinatown-petaling.webp
Kuala Lumpur,Bangsar,Hood 4 Photo File,images/hoods/kuala-lumpur--bangsar.jpg,images/hoods/kuala-lumpur--bangsar.webp
Kuala Lumpur,Chow Kit,Hood 5 Photo File,images/hoods/kuala-lumpur--chow-kit.jpg,images/hoods/kuala-lumpur--chow-kit.webp
Kuching,hero,City Photo File,images/cities/kuching.jpg,images/cities/kuching.webp
Kuching,Waterfront / Old Town,Hood 1 Photo File,,images/hoods/kuching--waterfront-old-town.webp
Kuching,Waterfront / Old Town,Hood 1 Photo Credit,,https://commons.wikimedia.org/wiki/File:Square_Tower_DSC05968.jpg
Kuching,Padungan,Hood 2 Photo File,,images/hoods/kuching--padungan.webp
Kuching,Padungan,Hood 2 Photo Credit,,https://commons.wikimedia.org/wiki/File:Cat_statue_of_Kuching_(Jalan_Padungan).jpg
Kuching,Carpenter Street (Chinatown),Hood 3 Photo File,,images/hoods/kuching--carpenter-street-chinatown.webp
Kuching,Carpenter Street (Chinatown),Hood 3 Photo Credit,,https://commons.wikimedia.org/wiki/File:Chinese-style_Gate.jpg
Kuching,Satok,Hood 4 Photo File,,images/hoods/kuching--satok.webp
Kuching,Satok,Hood 4 Photo Credit,,https://commons.wikimedia.org/wiki/File:06460jfCarmay_East_West_Flowers_Rizal_Rosales_Pangasinan_Bridge_Roadfvf_03.JPG
Kuching,Simpang Tiga,Hood 5 Photo File,,images/hoods/kuching--simpang-tiga.webp
Kuching,Simpang Tiga,Hood 5 Photo Credit,,https://commons.wikimedia.org/wiki/File:Gombak_Selangor_Malaysia_Sungai-Gombak-02.jpg
Kumamoto,hero,City Photo File,images/cities/kumamoto.jpg,images/cities/kumamoto.webp
Kumamoto,Shimotori (Downtown),Hood 1 Photo File,,images/hoods/kumamoto--shimotori-downtown.webp
Kumamoto,Shimotori (Downtown),Hood 1 Photo Credit,,https://commons.wikimedia.org/wiki/File:Japan_(6798914091).jpg
Kumamoto,Kamitori,Hood 2 Photo File,,images/hoods/kumamoto--kamitori.webp
Kumamoto,Kamitori,Hood 2 Photo Credit,,https://commons.wikimedia.org/wiki/File:Nagasaki_Shoten_Bookstore_Kumamoto_Kamitori.jpg
Kumamoto,Kumamoto Castle & Ninomaru,Hood 3 Photo File,,images/hoods/kumamoto--kumamoto-castle-ninomaru.webp
Kumamoto,Kumamoto Castle & Ninomaru,Hood 3 Photo Credit,,https://commons.wikimedia.org/wiki/File:Kumamoto_Castle_Hitsujisaruyagura_and_Mototaikoyagura.jpg
Kumamoto,Kumamoto Station (Kasuga),Hood 4 Photo File,,images/hoods/kumamoto--kumamoto-station-kasuga.webp
Kumamoto,Kumamoto Station (Kasuga),Hood 4 Photo Credit,,https://commons.wikimedia.org/wiki/File:Kumamoto-Ekimae_Station_Sign_and_Kumamoto_City_Tram_No.1207.jpg
Kumamoto,Suizenji,Hood 5 Photo File,,images/hoods/kumamoto--suizenji.webp
Kumamoto,Suizenji,Hood 5 Photo Credit,,https://commons.wikimedia.org/wiki/File:Electronic_signage_of_Shin-Suizenji_Station.JPG
Kumasi,hero,City Photo File,images/cities/kumasi.jpg,images/cities/kumasi.webp
Kumasi,Adum,Hood 1 Photo File,,images/hoods/kumasi--adum.webp
Kumasi,Adum,Hood 1 Photo Credit,,https://commons.wikimedia.org/wiki/File:Transpo_6.jpg
Kumasi,Nhyiaeso,Hood 2 Photo File,,images/hoods/kumasi--nhyiaeso.webp
Kumasi,Nhyiaeso,Hood 2 Photo Credit,,https://commons.wikimedia.org/wiki/File:Yegola_Street.jpg
Kumasi,Asokwa,Hood 3 Photo File,,images/hoods/kumasi--asokwa.webp
Kumasi,Asokwa,Hood 3 Photo Credit,,"https://commons.wikimedia.org/wiki/File:Sunday_dawn_in_Asokwa,_Kumasi.jpg"
Kunming,hero,City Photo File,images/cities/kunming.jpg,images/cities/kunming.webp
Kunming,Green Lake (Cuihu) & Wuhua,Hood 1 Photo File,,images/hoods/kunming--green-lake-cuihu-wuhua.webp
Kunming,Green Lake (Cuihu) & Wuhua,Hood 1 Photo Credit,,https://commons.wikimedia.org/wiki/File:55506-Kunming-Green-Lake-Park.jpg
Kunming,Panlong District,Hood 2 Photo File,,images/hoods/kunming--panlong-district.webp
Kunming,Panlong District,Hood 2 Photo Credit,,https://commons.wikimedia.org/wiki/File:Kunming_Railway_Palace_of_Culture_-_P1340588.JPG
Kunming,Xishan & Dianchi Lake,Hood 3 Photo File,,images/hoods/kunming--xishan-dianchi-lake.webp
Kunming,Xishan & Dianchi Lake,Hood 3 Photo Credit,,https://commons.wikimedia.org/wiki/File:20260222_Kunming_Dianchi_Lake_02.jpg
Kunming,Guandu Old Town,Hood 4 Photo File,,images/hoods/kunming--guandu-old-town.webp
Kunming,Guandu Old Town,Hood 4 Photo Credit,,https://commons.wikimedia.org/wiki/File:%E5%AE%98%E6%B8%A1%E5%8F%A4%E9%95%87-%E9%BA%A6%E5%BD%93%E5%8A%B3_2025-07-01.jpg
Kurashiki,hero,City Photo File,images/cities/kurashiki.jpg,images/cities/kurashiki.webp
Kurashiki,Bikan Historical Quarter,Hood 1 Photo File,,images/hoods/kurashiki--bikan-historical-quarter.webp
Kurashiki,Bikan Historical Quarter,Hood 1 Photo Credit,,https://commons.wikimedia.org/wiki/File:%E5%80%89%E6%95%B7%E7%BE%8E%E8%A6%B3%E5%9C%B0%E5%8C%BA_by_takeokahp_-_panoramio_(1).jpg
Kurashiki,Kurashiki Station / Achi,Hood 2 Photo File,,images/hoods/kurashiki--kurashiki-station-achi.webp
Kurashiki,Kurashiki Station / Achi,Hood 2 Photo Credit,,https://commons.wikimedia.org/wiki/File:JR_Kurashiki_Sta._-_panoramio.jpg
Kurashiki,Honmachi & Higashimachi,Hood 3 Photo File,,images/hoods/kurashiki--honmachi-higashimachi.webp
Kurashiki,Honmachi & Higashimachi,Hood 3 Photo Credit,,https://commons.wikimedia.org/wiki/File:Honmachi_-_panoramio_(87).jpg
Kurashiki,Kojima (Jeans Street),Hood 4 Photo File,,images/hoods/kurashiki--kojima-jeans-street.webp
Kurashiki,Kojima (Jeans Street),Hood 4 Photo Credit,,https://commons.wikimedia.org/wiki/File:Ch%C5%ABgoku_Bank_Kojima_Branch.jpg
Kurashiki,Tamashima,Hood 5 Photo File,,images/hoods/kurashiki--tamashima.webp
Kurashiki,Tamashima,Hood 5 Photo Credit,,https://commons.wikimedia.org/wiki/File:%E7%8E%89%E5%B3%B6%E7%94%BA%E4%B8%A6%E3%81%BF%E4%BF%9D%E5%AD%98%E5%9C%B0%E5%8C%BA_%EF%BC%88%E4%BB%B2%E8%B2%B7%E7%94%BA%EF%BC%89.jpg
Kusatsu,hero,City Photo File,images/cities/kusatsu.jpg,images/cities/kusatsu.webp
Kusatsu,Sai-no-Kawara,Hood 2 Photo File,,images/hoods/kusatsu--sai-no-kawara.webp
Kusatsu,Sai-no-Kawara,Hood 2 Photo Credit,,https://commons.wikimedia.org/wiki/File:Small_statues_at_a_shrine_(52281770524).jpg
Kusatsu,Shirane Foothills,Hood 5 Photo File,,images/hoods/kusatsu--shirane-foothills.webp
Kusatsu,Shirane Foothills,Hood 5 Photo Credit,,https://www.flickr.com/photos/13910409@N05/4086692003/
Kuşadası,hero,City Photo File,images/cities/ku-adas.jpg,images/cities/ku-adas.webp
Kuşadası,Ladies Beach (Kadınlar Denizi),Hood 3 Photo File,,images/hoods/kusadasi--ladies-beach-kadinlar-denizi.webp
Kuşadası,Ladies Beach (Kadınlar Denizi),Hood 3 Photo Credit,,https://commons.wikimedia.org/wiki/File:Turkey_Ku%C5%9Fadas%C4%B1_Ladys_Beach_-_panoramio.jpg
Kuşadası,Davutlar,Hood 5 Photo File,,images/hoods/kusadasi--davutlar.webp
Kuşadası,Davutlar,Hood 5 Photo Credit,,https://commons.wikimedia.org/wiki/File:Davutlar_-_panoramio_(1).jpg
Kyiv,hero,City Photo File,images/cities/kyiv.jpg,images/cities/kyiv.webp
Kyiv,Podil,Hood 1 Photo File,images/hoods/kyiv--podil.jpg,images/hoods/kyiv--podil.webp
Kyiv,Pechersk,Hood 2 Photo File,images/hoods/kyiv--pechersk.jpg,images/hoods/kyiv--pechersk.webp
Kyiv,Pechersk,Hood 2 Photo Credit,https://www.pexels.com/photo/majestic-kyiv-pechersk-lavra-cathedral-exterior-35158522/,https://commons.wikimedia.org/wiki/File:%D0%9B%D1%8F%D0%B4%D1%81%D1%8C%D0%BA%D1%96_%D0%B2%D0%BE%D1%80%D0%BE%D1%82%D0%B0_04.jpg
Kyiv,Khreshchatyk / City Center,Hood 3 Photo File,images/hoods/kyiv--khreshchatyk-city-center.jpg,images/hoods/kyiv--khreshchatyk-city-center.webp
Kyiv,Shevchenkivskyi (Golden Gate),Hood 4 Photo File,images/hoods/kyiv--shevchenkivskyi-golden-gate.jpg,images/hoods/kyiv--shevchenkivskyi-golden-gate.webp
Kyiv,Vokzalna (Railway Station Area),Hood 5 Photo File,images/hoods/kyiv--vokzalna-railway-station-area.jpg,images/hoods/kyiv--vokzalna-railway-station-area.webp
Kyoto,hero,City Photo File,images/cities/kyoto.jpg,images/cities/kyoto.webp
Kyoto,Gion,Hood 1 Photo File,images/hoods/kyoto--gion.jpg,images/hoods/kyoto--gion.webp
Kyoto,Higashiyama,Hood 2 Photo File,images/hoods/kyoto--higashiyama.jpg,images/hoods/kyoto--higashiyama.webp
Kyoto,Arashiyama,Hood 3 Photo File,images/hoods/kyoto--arashiyama.jpg,images/hoods/kyoto--arashiyama.webp
Kyoto,Pontocho,Hood 4 Photo File,images/hoods/kyoto--pontocho.jpg,images/hoods/kyoto--pontocho.webp
Kyoto,Fushimi,Hood 5 Photo File,images/hoods/kyoto--fushimi.jpg,images/hoods/kyoto--fushimi.webp
La Ceiba,hero,City Photo File,images/cities/la-ceiba.jpg,images/cities/la-ceiba.webp
La Ceiba,hero,City Photo Credit,https://commons.wikimedia.org/wiki/File:Letras_de_La_Ceiba.jpg,https://commons.wikimedia.org/wiki/File:Carnaval_La_Ceiba_Honduras.JPG
La Paz,hero,City Photo File,images/cities/la-paz.jpg,images/cities/la-paz.webp
La Paz,Sopocachi,Hood 2 Photo File,,images/hoods/la-paz--sopocachi.webp
La Paz,Sopocachi,Hood 2 Photo Credit,,https://commons.wikimedia.org/wiki/File:04_LERA_Portada_de_la_legaci%C3%B3n_de_Espa%C3%B1a_en_la_avenida_Arce_1948.jpg
La Paz,Zona Sur (Obrajes),Hood 3 Photo File,,images/hoods/la-paz--zona-sur-obrajes.webp
La Paz,Zona Sur (Obrajes),Hood 3 Photo Credit,,https://commons.wikimedia.org/wiki/File:IDB_and_ZPCAS_flags.jpg
La Paz,Calacoto / San Miguel,Hood 4 Photo File,,images/hoods/la-paz--calacoto-san-miguel.webp
La Paz,Calacoto / San Miguel,Hood 4 Photo Credit,,https://commons.wikimedia.org/wiki/File:Tit%C3%A1n_y_el_Mundo_-_Calacoto.jpg
La Paz,Miraflores,Hood 5 Photo File,,images/hoods/la-paz--miraflores.webp
La Paz,Miraflores,Hood 5 Photo Credit,,https://commons.wikimedia.org/wiki/File:Mural_Plaza_Camacho.jpg
La Romana,hero,City Photo File,images/cities/la-romana.jpg,images/cities/la-romana.webp
La Romana,La Romana Centro,Hood 1 Photo File,,images/hoods/la-romana--la-romana-centro.webp
La Romana,La Romana Centro,Hood 1 Photo Credit,,"https://commons.wikimedia.org/wiki/File:Central_Romana_trackage,_La_Romana_RD_Av_Padre_Abbreu_mirando_al_norte.jpg"
La Romana,Casa de Campo,Hood 2 Photo File,,images/hoods/la-romana--casa-de-campo.webp
La Romana,Casa de Campo,Hood 2 Photo Credit,,"https://commons.wikimedia.org/wiki/File:Altos_de_Chavon,_Casa_de_Campo,_Dominican_Republic_(51908555124).jpg"
La Romana,Bayahíbe,Hood 3 Photo File,,images/hoods/la-romana--bayahibe.webp
La Romana,Bayahíbe,Hood 3 Photo Credit,,https://commons.wikimedia.org/wiki/File:Baya_hibe_-_panoramio_-_patano_(5).jpg
La Romana,Playa Dominicus,Hood 4 Photo File,,images/hoods/la-romana--playa-dominicus.webp
La Romana,Playa Dominicus,Hood 4 Photo Credit,,https://www.flickr.com/photos/22086776@N00/336292007/
La Serena,hero,City Photo File,images/cities/la-serena.jpg,images/cities/la-serena.webp
La Serena,hero,City Photo Credit,https://commons.wikimedia.org/wiki/File:Coquimbo_por_la_noche.JPG,https://unsplash.com/photos/white-and-brown-concrete-lighthouse-under-blue-sky-during-daytime-0TshHecLBXI
La Serena,Centro Histórico,Hood 1 Photo File,,images/hoods/la-serena--centro-historico.webp
La Serena,Centro Histórico,Hood 1 Photo Credit,,https://commons.wikimedia.org/wiki/File:Faroles_en_La_Serena.JPG
La Serena,Avenida del Mar,Hood 2 Photo File,,images/hoods/la-serena--avenida-del-mar.webp
La Serena,Avenida del Mar,Hood 2 Photo Credit,,"https://commons.wikimedia.org/wiki/File:Avenida_del_Mar,_sector_Cuatro_Esquinas_-_panoramio.jpg"
La Serena,La Pampa,Hood 4 Photo File,,images/hoods/la-serena--la-pampa.webp
La Serena,La Pampa,Hood 4 Photo Credit,,https://commons.wikimedia.org/wiki/File:La_pampa.png
Laayoune,hero,City Photo File,images/cities/laayoune.jpg,images/cities/laayoune.webp
Laayoune,hero,City Photo Credit,https://commons.wikimedia.org/wiki/File:El_Aai%C3%BAn-La%C3%A2youne_Collage.png,https://commons.wikimedia.org/wiki/File:Mosque_moulay_abd_el_aziz_laayoune.jpg
Laayoune,Colomina (Colonial Quarter),Hood 1 Photo File,,images/hoods/laayoune--colomina-colonial-quarter.webp
Laayoune,Colomina (Colonial Quarter),Hood 1 Photo Credit,,"https://commons.wikimedia.org/wiki/File:Palau_de_Colomina,_Val%C3%A8ncia_01.jpg"
Laayoune,Foum el Oued,Hood 3 Photo File,,images/hoods/laayoune--foum-el-oued.webp
Laayoune,Foum el Oued,Hood 3 Photo Credit,,https://commons.wikimedia.org/wiki/File:%D8%B4%D8%A7%D8%B7%D8%A6_%D9%81%D9%85_%D8%A7%D9%84%D9%88%D8%A7%D8%AF%D8%8C_%D8%A7%D9%84%D8%B9%D9%8A%D9%88%D9%86.jpg
Labuan Bajo,hero,City Photo File,images/cities/labuan-bajo.jpg,images/cities/labuan-bajo.webp
Labuan Bajo,Town Centre & Waterfront,Hood 1 Photo File,,images/hoods/labuan-bajo--town-centre-waterfront.webp
Labuan Bajo,Town Centre & Waterfront,Hood 1 Photo Credit,,https://commons.wikimedia.org/wiki/File:A_view_of_Chatham_Waterfront_-_Medway.jpg
Labuan Bajo,Pede Beach,Hood 3 Photo File,,images/hoods/labuan-bajo--pede-beach.webp
Labuan Bajo,Pede Beach,Hood 3 Photo Credit,,https://commons.wikimedia.org/wiki/File:Pantai_Pede_flor%C3%A8s.jpg
Labuan Bajo,Batu Cermin,Hood 4 Photo File,,images/hoods/labuan-bajo--batu-cermin.webp
Labuan Bajo,Batu Cermin,Hood 4 Photo Credit,,https://commons.wikimedia.org/wiki/File:Goa_Batu_Cermin_-_Indonesia_1.jpg
Lagos,hero,City Photo File,images/cities/lagos.jpg,images/cities/lagos.webp
Lagos,Victoria Island,Hood 1 Photo File,,images/hoods/lagos--victoria-island.webp
Lagos,Victoria Island,Hood 1 Photo Credit,,https://commons.wikimedia.org/wiki/File:Black_Diamonds_Hotel.jpg
Lagos,Ikoyi,Hood 2 Photo File,,images/hoods/lagos--ikoyi.webp
Lagos,Ikoyi,Hood 2 Photo Credit,,"https://commons.wikimedia.org/wiki/File:Bedroom_Apartments_Building,_May_2023.jpg"
Lagos,Lekki,Hood 3 Photo File,,images/hoods/lagos--lekki.webp
Lagos,Lekki,Hood 3 Photo Credit,,https://commons.wikimedia.org/wiki/File:$$$$fgfffd.jpg
Lagos,Ikeja,Hood 4 Photo File,,images/hoods/lagos--ikeja.webp
Lagos,Ikeja,Hood 4 Photo Credit,,https://commons.wikimedia.org/wiki/File:A_Man_without_hands_sweeping_the_Anthony_bridge_in_Lagos.jpg
Lagos,Lagos Island,Hood 5 Photo File,,images/hoods/lagos--lagos-island.webp
Lagos,Lagos Island,Hood 5 Photo Credit,,https://commons.wikimedia.org/wiki/File:Back_of_the_Tafawa_Balewa_Square_with_white_horses_and_eagles_above_the_exist_gates.jpg
Lahore,hero,City Photo File,images/cities/lahore.jpg,images/cities/lahore.webp
Lahore,Walled City / Old Lahore,Hood 1 Photo File,,images/hoods/lahore--walled-city-old-lahore.webp
Lahore,Walled City / Old Lahore,Hood 1 Photo Credit,,https://commons.wikimedia.org/wiki/File:Badshahi_Masjid_@_Lahore_(15286367947).jpg
Lahore,Gulberg,Hood 2 Photo File,,images/hoods/lahore--gulberg.webp
Lahore,Gulberg,Hood 2 Photo Credit,,"https://commons.wikimedia.org/wiki/File:Near_Hafeez_Centre,_Gulberg,_Lahore_-_panoramio.jpg"
Lahore,Model Town,Hood 4 Photo File,,images/hoods/lahore--model-town.webp
Lahore,Model Town,Hood 4 Photo Credit,,https://commons.wikimedia.org/wiki/File:Model_Town_Park.jpg
Lahore,Anarkali,Hood 5 Photo File,,images/hoods/lahore--anarkali.webp
Lahore,Anarkali,Hood 5 Photo Credit,,https://commons.wikimedia.org/wiki/File:Anarkali_Tomb_1.jpg
Lalibela,hero,City Photo File,images/cities/lalibela.jpg,images/cities/lalibela.webp
Lalibela,Northern Group of Churches,Hood 1 Photo File,,images/hoods/lalibela--northern-group-of-churches.webp
Lalibela,Northern Group of Churches,Hood 1 Photo Credit,,https://commons.wikimedia.org/wiki/File:MarsHillChurch2012-04-29.jpg
Lalibela,Eastern Group of Churches,Hood 2 Photo File,,images/hoods/lalibela--eastern-group-of-churches.webp
Lalibela,Eastern Group of Churches,Hood 2 Photo Credit,,https://commons.wikimedia.org/wiki/File:Ethiopie-915.JPG
Lamu,hero,City Photo File,images/cities/lamu.jpg,images/cities/lamu.webp
Lamu,Lamu Old Town,Hood 1 Photo File,,images/hoods/lamu--lamu-old-town.webp
Lamu,Lamu Old Town,Hood 1 Photo Credit,,https://commons.wikimedia.org/wiki/File:Contemporary_exterior_finishing_in_Lamu.jpg
Lamu,Shela,Hood 2 Photo File,,images/hoods/lamu--shela.webp
Lamu,Shela,Hood 2 Photo Credit,,https://commons.wikimedia.org/wiki/File:Monument_aux_morts_de_Chelle-Spou_(Hautes-Pyr%C3%A9n%C3%A9es)_1.jpg
Lamu,Kipungani,Hood 3 Photo File,,images/hoods/lamu--kipungani.webp
Lamu,Kipungani,Hood 3 Photo Credit,,"https://commons.wikimedia.org/wiki/File:Kenya,_Lamu_Island,_Kipungani.jpg"
Lamu,Manda Island,Hood 4 Photo File,,images/hoods/lamu--manda-island.webp
Lamu,Manda Island,Hood 4 Photo Credit,,https://commons.wikimedia.org/wiki/File:Lamu_airport_-_panoramio_(1).jpg
Las Palmas de Gran Canaria,hero,City Photo File,images/cities/las-palmas-de-gran-canaria.jpg,images/cities/las-palmas-de-gran-canaria.webp
Las Palmas de Gran Canaria,Vegueta (Old Town),Hood 1 Photo File,,images/hoods/las-palmas-de-gran-canaria--vegueta-old-town.webp
Las Palmas de Gran Canaria,Vegueta (Old Town),Hood 1 Photo Credit,,https://commons.wikimedia.org/wiki/File:GC_Las_Palmas_Calle_de_Colon_R04.jpg
Las Palmas de Gran Canaria,Triana,Hood 2 Photo File,,images/hoods/las-palmas-de-gran-canaria--triana.webp
Las Palmas de Gran Canaria,Triana,Hood 2 Photo Credit,,https://commons.wikimedia.org/wiki/File:Triana_Major_Street-Las_Palmas_de_Gran_Canaria.jpg
Las Palmas de Gran Canaria,Santa Catalina / Puerto,Hood 3 Photo File,,images/hoods/las-palmas-de-gran-canaria--santa-catalina-puerto.webp
Las Palmas de Gran Canaria,Santa Catalina / Puerto,Hood 3 Photo Credit,,https://commons.wikimedia.org/wiki/File:Busbahnhofhalle_-_panoramio.jpg
Las Palmas de Gran Canaria,Las Canteras,Hood 4 Photo File,,images/hoods/las-palmas-de-gran-canaria--las-canteras.webp
Las Palmas de Gran Canaria,Las Canteras,Hood 4 Photo Credit,,https://commons.wikimedia.org/wiki/File:Doctor_Don_Bartolome_Apolinario_Macias_-_panoramio.jpg
Las Palmas de Gran Canaria,Ciudad Jardín,Hood 5 Photo File,,images/hoods/las-palmas-de-gran-canaria--ciudad-jardin.webp
Las Palmas de Gran Canaria,Ciudad Jardín,Hood 5 Photo Credit,,"https://commons.wikimedia.org/wiki/File:Capilla_Anglicana,_Las_Palmas_de_Gran_Canaria.JPG"
Las Vegas,hero,City Photo File,images/cities/las-vegas.jpg,images/cities/las-vegas.webp
Las Vegas,The Strip,Hood 1 Photo File,images/hoods/las-vegas--the-strip.jpg,images/hoods/las-vegas--the-strip.webp
Las Vegas,The Strip,Hood 1 Photo Credit,https://commons.wikimedia.org/wiki/File:Las_Vegas_Strip_09_2017_4897.jpg,https://commons.wikimedia.org/wiki/File:Las_Vegas_-_panoramio_(6).jpg
Las Vegas,Downtown / Fremont Street,Hood 2 Photo File,images/hoods/las-vegas--downtown-fremont-street.jpg,images/hoods/las-vegas--downtown-fremont-street.webp
Las Vegas,Summerlin,Hood 3 Photo File,images/hoods/las-vegas--summerlin.jpg,images/hoods/las-vegas--summerlin.webp
Las Vegas,Henderson,Hood 4 Photo File,,images/hoods/las-vegas--henderson.webp
Las Vegas,Henderson,Hood 4 Photo Credit,,"https://commons.wikimedia.org/wiki/File:Water_Street_District_Sign_Looking_towards_Las_Vegas_August_3,_2026.jpg"
Las Vegas,Chinatown (Spring Mountain),Hood 5 Photo File,,images/hoods/las-vegas--chinatown-spring-mountain.webp
Las Vegas,Chinatown (Spring Mountain),Hood 5 Photo Credit,,https://commons.wikimedia.org/wiki/File:LVChinatownPaifang.jpg
Lausanne,hero,City Photo File,images/cities/lausanne.jpg,images/cities/lausanne.webp
Lausanne,hero,City Photo Credit,https://commons.wikimedia.org/wiki/File:Lausanne_Wiki.jpg,https://commons.wikimedia.org/wiki/File:Lausanne_img_0586.jpg
Lausanne,Ouchy,Hood 1 Photo File,,images/hoods/lausanne--ouchy.webp
Lausanne,Ouchy,Hood 1 Photo Credit,,https://commons.wikimedia.org/wiki/File:2009-08-27_Lake_Geneva_456.JPG
Lausanne,Flon,Hood 2 Photo File,,images/hoods/lausanne--flon.webp
Lausanne,Flon,Hood 2 Photo Credit,,https://commons.wikimedia.org/wiki/File:Passerelle_sur_le_Flon.jpg
Lausanne,Cite (Old Town),Hood 3 Photo File,,images/hoods/lausanne--cite-old-town.webp
Lausanne,Cite (Old Town),Hood 3 Photo Credit,,"https://commons.wikimedia.org/wiki/File:Lausanne,_Switzerland_-_panoramio_(14).jpg"
Lausanne,Gare/Sous-Gare,Hood 4 Photo File,,images/hoods/lausanne--gare-sous-gare.webp
Lausanne,Gare/Sous-Gare,Hood 4 Photo Credit,,https://commons.wikimedia.org/wiki/File:Gare_de_Lausanne_25.09.2011.JPG
Le Gosier,hero,City Photo File,images/cities/le-gosier.jpg,images/cities/le-gosier.webp
Le Gosier,Bas-du-Fort,Hood 2 Photo File,,images/hoods/le-gosier--bas-du-fort.webp
Le Gosier,Bas-du-Fort,Hood 2 Photo Credit,,https://commons.wikimedia.org/wiki/File:Ch%C3%A2teau_du_Bas_Braine(1).JPG
Le Gosier,Pointe de la Verdure,Hood 3 Photo File,,images/hoods/le-gosier--pointe-de-la-verdure.webp
Le Gosier,Pointe de la Verdure,Hood 3 Photo Credit,,https://commons.wikimedia.org/wiki/File:Plage_de_la_pointe_de_la_Verdure_et_Grande_Baie.jpg
Le Gosier,Montauban,Hood 4 Photo File,,images/hoods/le-gosier--montauban.webp
Le Gosier,Montauban,Hood 4 Photo Credit,,https://commons.wikimedia.org/wiki/File:(Montauban)_La_%27rue_de_l%27H%C3%B4tel_de_ville%27_vue_du_%27Mus%C3%A9e_Ingres-Bourdelle%27.jpg
Le Gosier,Petit-Havre,Hood 5 Photo File,,images/hoods/le-gosier--petit-havre.webp
Le Gosier,Petit-Havre,Hood 5 Photo Credit,,https://commons.wikimedia.org/wiki/File:Anse_du_Petit_Havre.jpg
Legaspi,hero,City Photo File,images/cities/legaspi.jpg,images/cities/legaspi.webp
Legaspi,hero,City Photo Credit,https://commons.wikimedia.org/wiki/File:Cassy_Legaspi_in_2023.jpg,https://commons.wikimedia.org/wiki/File:Mt.Mayon_tam3rd.jpg
Legaspi,Legazpi Port District,Hood 1 Photo File,,images/hoods/legaspi--legazpi-port-district.webp
Legaspi,Legazpi Port District,Hood 1 Photo Credit,,https://commons.wikimedia.org/wiki/File:Legazpi_Port_District.jpg
Legaspi,Old Albay District,Hood 2 Photo File,,images/hoods/legaspi--old-albay-district.webp
Legaspi,Old Albay District,Hood 2 Photo Credit,,https://commons.wikimedia.org/wiki/File:FvfIPCenter0160_37.JPG
Legaspi,Taysan,Hood 5 Photo File,,images/hoods/legaspi--taysan.webp
Legaspi,Taysan,Hood 5 Photo Credit,,https://commons.wikimedia.org/wiki/File:BatangasProvincejf9619_14.JPG
Leipzig,hero,City Photo File,images/cities/leipzig.jpg,images/cities/leipzig.webp
Leipzig,Zentrum,Hood 1 Photo File,,images/hoods/leipzig--zentrum.webp
Leipzig,Zentrum,Hood 1 Photo Credit,,https://commons.wikimedia.org/wiki/File:160918bruehl66.jpg
Leipzig,Südvorstadt,Hood 2 Photo File,,images/hoods/leipzig--sudvorstadt.webp
Leipzig,Südvorstadt,Hood 2 Photo Credit,,https://commons.wikimedia.org/wiki/File:Bernhard-G%C3%B6ring-Stra%C3%9Fe_Leipzig_-_panoramio_(28).jpg
Leipzig,Plagwitz,Hood 3 Photo File,,images/hoods/leipzig--plagwitz.webp
Leipzig,Plagwitz,Hood 3 Photo Credit,,https://commons.wikimedia.org/wiki/File:(20230313)_Plagwitz_06.jpg
Leipzig,Waldstraßenviertel,Hood 4 Photo File,,images/hoods/leipzig--waldstrassenviertel.webp
Leipzig,Waldstraßenviertel,Hood 4 Photo Credit,,"https://commons.wikimedia.org/wiki/File:Zentrum-Nordwest,_Leipzig,_Germany_-_panoramio_(22).jpg"
Leipzig,Gohlis,Hood 5 Photo File,,images/hoods/leipzig--gohlis.webp
Leipzig,Gohlis,Hood 5 Photo Credit,,https://commons.wikimedia.org/wiki/File:Leipzig_Bahnhof_Gohlis_S-Bahnsteig.jpg
Leshan,hero,City Photo File,images/cities/leshan.jpg,images/cities/leshan.webp
Leshan,Dafo Scenic Area,Hood 1 Photo File,,images/hoods/leshan--dafo-scenic-area.webp
Leshan,Dafo Scenic Area,Hood 1 Photo Credit,,https://commons.wikimedia.org/wiki/File:2006_%E4%B9%90%E5%B1%B1%E5%A4%A7%E4%BD%9B_-_panoramio.jpg
Leshan,Wuyou Temple District,Hood 2 Photo File,,images/hoods/leshan--wuyou-temple-district.webp
Leshan,Wuyou Temple District,Hood 2 Photo Credit,,https://commons.wikimedia.org/wiki/File:Inside_the_Wuyou_Temple_in_Leshan.jpg
Leshan,Emeishan,Hood 5 Photo File,,images/hoods/leshan--emeishan.webp
Leshan,Emeishan,Hood 5 Photo Credit,,https://commons.wikimedia.org/wiki/File:%E5%A4%A7%E4%BD%9B%E7%A6%85%E9%99%A2_-_panoramio.jpg
Leticia,hero,City Photo File,images/cities/leticia.jpg,images/cities/leticia.webp
Leticia,hero,City Photo Credit,https://commons.wikimedia.org/wiki/File:Leticia_montaje.png,https://commons.wikimedia.org/wiki/File:Parque_Santander_Leticia_-_Amazonas_15-08-2015-91001.JPG
Leticia,Town Center / Santander Park,Hood 1 Photo File,,images/hoods/leticia--town-center-santander-park.webp
Leticia,Town Center / Santander Park,Hood 1 Photo Credit,,https://commons.wikimedia.org/wiki/File:Town_Center_at_Aurora.JPG
Leticia,Km 11 (Reserva Natural Tanimboca area),Hood 3 Photo File,,images/hoods/leticia--km-11-reserva-natural-tanimboca-area.webp
Leticia,Km 11 (Reserva Natural Tanimboca area),Hood 3 Photo Credit,,https://commons.wikimedia.org/wiki/File:Amazon_River_ESA22197053.tiff
Leticia,Km 11 (Reserva Natural Tanimboca area),Hood 4 Photo File,,images/hoods/leticia--km-11-reserva-natural-tanimboca-area.webp
Leticia,Km 11 (Reserva Natural Tanimboca area),Hood 4 Photo Credit,,https://commons.wikimedia.org/wiki/File:Amazon_River_ESA22197053.tiff
León,hero,City Photo File,images/cities/le-n.jpg,images/cities/le-n.webp
León,hero,City Photo Credit,https://commons.wikimedia.org/wiki/File:Collage_leon.jpg,https://commons.wikimedia.org/wiki/File:Ciudad_Le%C3%B3n.jpg
León,Centro Histórico,Hood 1 Photo File,,images/hoods/leon--centro-historico.webp
León,Centro Histórico,Hood 1 Photo Credit,,https://commons.wikimedia.org/wiki/File:Centro_hist%C3%B3rico_de_Tudela.jpg
León,Sutiaba,Hood 2 Photo File,,images/hoods/leon--sutiaba.webp
León,Sutiaba,Hood 2 Photo Credit,,https://commons.wikimedia.org/wiki/File:Iglesia_de_San_Juan_Bautista_de_Sutiava_05_2024_B_Campanario.jpg
León,Barrio San Felipe,Hood 3 Photo File,,images/hoods/leon--barrio-san-felipe.webp
León,Barrio San Felipe,Hood 3 Photo Credit,,https://commons.wikimedia.org/wiki/File:Callejeando_por_Alcal%C3%A1_de_Henares_(26454745136).jpg
Lhasa,hero,City Photo File,images/cities/lhasa.jpg,images/cities/lhasa.webp
Lhasa,Barkhor Old Town,Hood 1 Photo File,,images/hoods/lhasa--barkhor-old-town.webp
Lhasa,Barkhor Old Town,Hood 1 Photo Credit,,https://commons.wikimedia.org/wiki/File:Buildings_and_Street_in_Lhasa_Old_Town_on_19_May_2014_-_14221764442.jpg
Lhasa,Potala District,Hood 2 Photo File,,images/hoods/lhasa--potala-district.webp
Lhasa,Potala District,Hood 2 Photo Credit,,"https://commons.wikimedia.org/wiki/File:Chengguan,_Lhasa,_Tibet,_China_-_panoramio_(41).jpg"
Lhasa,Norbulingka Area,Hood 3 Photo File,,images/hoods/lhasa--norbulingka-area.webp
Lhasa,Norbulingka Area,Hood 3 Photo Credit,,"https://commons.wikimedia.org/wiki/File:Chengguan,_Lhasa,_Tibet,_China_-_panoramio_(66).jpg"
Lhasa,Sera Monastery Area,Hood 4 Photo File,,images/hoods/lhasa--sera-monastery-area.webp
Lhasa,Sera Monastery Area,Hood 4 Photo Credit,,"https://commons.wikimedia.org/wiki/File:Sera_Monastery,_Lhasa,_Tibet_-5694.jpg"
Lhasa,Chengguan New Town,Hood 5 Photo File,,images/hoods/lhasa--chengguan-new-town.webp
Lhasa,Chengguan New Town,Hood 5 Photo Credit,,https://commons.wikimedia.org/wiki/File:%E5%8D%A2%E6%B0%8F%E5%8E%BF%E6%B4%9B%E7%A5%9E%E5%85%AC%E5%9B%AD%E2%80%9C%E8%BF%9E%E7%BF%98%E8%8A%B1%E5%BC%80%E5%B9%B8%E7%A6%8F%E5%8D%A2%E6%B0%8F%E2%80%9D%E9%92%93%E9%B1%BC%E5%A4%A7%E8%B5%9B.jpg
Liberia,hero,City Photo File,images/cities/liberia.jpg,images/cities/liberia.webp
Liberia,Centro (Calle Real / Parque Central),Hood 1 Photo File,,images/hoods/liberia--centro-calle-real-parque-central.webp
Liberia,Centro (Calle Real / Parque Central),Hood 1 Photo Credit,,https://commons.wikimedia.org/wiki/File:J28_728_Calle_real.jpg
Libreville,hero,City Photo File,images/cities/libreville.jpg,images/cities/libreville.webp
Libreville,Quartier Louis,Hood 2 Photo File,,images/hoods/libreville--quartier-louis.webp
Libreville,Quartier Louis,Hood 2 Photo Credit,,https://commons.wikimedia.org/wiki/File:Jardin_des_Senteurs_ou_R%C3%A9collets.jpg
Libreville,Akébé,Hood 5 Photo File,,images/hoods/libreville--akebe.webp
Libreville,Akébé,Hood 5 Photo Credit,,https://commons.wikimedia.org/wiki/File:Mus%C3%A9e_des_civilisations_de_l%27Europe_et_de_la_M%C3%A9diterran%C3%A9e_-_Pharaoh_Superstars_exhibition_01.jpg
Lijiang,hero,City Photo File,images/cities/lijiang.jpg,images/cities/lijiang.webp
Lijiang,Dayan Old Town,Hood 1 Photo File,,images/hoods/lijiang--dayan-old-town.webp
Lijiang,Dayan Old Town,Hood 1 Photo Credit,,https://commons.wikimedia.org/wiki/File:56302-Lijiang_(28450669512).jpg
Lijiang,Shuhe Old Town,Hood 2 Photo File,,images/hoods/lijiang--shuhe-old-town.webp
Lijiang,Shuhe Old Town,Hood 2 Photo Credit,,https://commons.wikimedia.org/wiki/File:%E4%B8%BD%E6%B1%9F%E6%9D%9F%E6%B2%B3%E5%8F%A4%E9%95%87.JPG
Lijiang,Baisha Village,Hood 3 Photo File,,images/hoods/lijiang--baisha-village.webp
Lijiang,Baisha Village,Hood 3 Photo Credit,,https://commons.wikimedia.org/wiki/File:Jade_Water_Village_(21201705921).jpg
Lijiang,Lijiang New Town,Hood 4 Photo File,,images/hoods/lijiang--lijiang-new-town.webp
Lijiang,Lijiang New Town,Hood 4 Photo Credit,,https://commons.wikimedia.org/wiki/File:Lijiang_Yunnan_China-Chinese-boy-eating-local-delicassy-01.jpg
Lilongwe,hero,City Photo File,images/cities/lilongwe.jpg,images/cities/lilongwe.webp
Lilongwe,Area 10 / Presidential Way,Hood 3 Photo File,,images/hoods/lilongwe--area-10-presidential-way.webp
Lilongwe,Area 10 / Presidential Way,Hood 3 Photo Credit,,https://commons.wikimedia.org/wiki/File:Sheung_Shui_Heung_Sitting-out_Area_No._10_2025.jpg
Lilongwe,Area 47 / Area 43,Hood 4 Photo File,,images/hoods/lilongwe--area-47-area-43.webp
Lilongwe,Area 47 / Area 43,Hood 4 Photo Credit,,https://www.flickr.com/photos/75062596@N00/24194440261/
Lilongwe,Kumbali / Lumbadzi (near airport),Hood 5 Photo File,,images/hoods/lilongwe--kumbali-lumbadzi-near-airport.webp
Lilongwe,Kumbali / Lumbadzi (near airport),Hood 5 Photo Credit,,https://commons.wikimedia.org/wiki/File:Banheiro_no_meio_do_mato_(3031082329).jpg
Lima,hero,City Photo File,images/cities/lima.jpg,images/cities/lima.webp
Lima,Miraflores,Hood 1 Photo File,images/hoods/lima--miraflores.jpg,images/hoods/lima--miraflores.webp
Lima,Barranco,Hood 2 Photo File,images/hoods/lima--barranco.jpg,images/hoods/lima--barranco.webp
Lima,San Isidro,Hood 3 Photo File,images/hoods/lima--san-isidro.jpg,images/hoods/lima--san-isidro.webp
Lima,Santiago de Surco,Hood 4 Photo File,images/hoods/lima--santiago-de-surco.jpg,images/hoods/lima--santiago-de-surco.webp
Lima,San Borja,Hood 5 Photo File,images/hoods/lima--san-borja.jpg,images/hoods/lima--san-borja.webp
Lisbon,hero,City Photo File,images/cities/lisbon.jpg,images/cities/lisbon.webp
Lisbon,Alfama,Hood 1 Photo File,images/hoods/lisbon--alfama.jpg,images/hoods/lisbon--alfama.webp
Lisbon,Bairro Alto,Hood 2 Photo File,images/hoods/lisbon--bairro-alto.jpg,images/hoods/lisbon--bairro-alto.webp
Lisbon,Chiado,Hood 3 Photo File,images/hoods/lisbon--chiado.jpg,images/hoods/lisbon--chiado.webp
Lisbon,Baixa,Hood 4 Photo File,images/hoods/lisbon--baixa.jpg,images/hoods/lisbon--baixa.webp
Lisbon,Belém,Hood 5 Photo File,images/hoods/lisbon--belem.jpg,images/hoods/lisbon--belem.webp
Liverpool,hero,City Photo File,images/cities/liverpool.jpg,images/cities/liverpool.webp
Liverpool,City Centre,Hood 1 Photo File,,images/hoods/liverpool--city-centre.webp
Liverpool,City Centre,Hood 1 Photo Credit,,https://commons.wikimedia.org/wiki/File:Quest_Liverpool_City_Centre.jpg
Liverpool,Ropewalks,Hood 2 Photo File,,images/hoods/liverpool--ropewalks.webp
Liverpool,Ropewalks,Hood 2 Photo Credit,,https://commons.wikimedia.org/wiki/File:RopeWalks.jpg
Liverpool,Baltic Triangle,Hood 3 Photo File,,images/hoods/liverpool--baltic-triangle.webp
Liverpool,Baltic Triangle,Hood 3 Photo Credit,,"https://commons.wikimedia.org/wiki/File:Post_box_in_St_James_Street,_Liverpool.jpg"
Liverpool,Georgian Quarter,Hood 4 Photo File,,images/hoods/liverpool--georgian-quarter.webp
Liverpool,Georgian Quarter,Hood 4 Photo Credit,,https://commons.wikimedia.org/wiki/File:Georgian_Quarter.jpg
Liverpool,Royal Albert Dock & Waterfront,Hood 5 Photo File,,images/hoods/liverpool--royal-albert-dock-waterfront.webp
Liverpool,Royal Albert Dock & Waterfront,Hood 5 Photo Credit,,https://commons.wikimedia.org/wiki/File:Waterfront_at_Royal_Albert_Dock_-_geograph.org.uk_-_7488056.jpg
Livingstone,hero,City Photo File,images/cities/livingstone.jpg,images/cities/livingstone.webp
Livingstone,hero,City Photo Credit,https://commons.wikimedia.org/wiki/File:Livingstone.Zambia.jpg,https://commons.wikimedia.org/wiki/File:Lascar_Victoria_Falls_or_Mosi-oa-Tunya_(the_Smoke_that_Thunders)_(4548268750).jpg
Livingstone,Town Centre,Hood 1 Photo File,,images/hoods/livingstone--town-centre.webp
Livingstone,Town Centre,Hood 1 Photo Credit,,"https://commons.wikimedia.org/wiki/File:Street_scene_and_buildings_in_Chatham,_Kent.jpg"
Livingstone,Mosi-oa-Tunya Road (Falls Gateway),Hood 3 Photo File,,images/hoods/livingstone--mosi-oa-tunya-road-falls-gateway.webp
Livingstone,Mosi-oa-Tunya Road (Falls Gateway),Hood 3 Photo Credit,,"https://commons.wikimedia.org/wiki/File:Mosi-oa-Tunya_Road,_Livingstone_(20260520-P1086456).jpg"
Livingstone,Maramba,Hood 4 Photo File,,images/hoods/livingstone--maramba.webp
Livingstone,Maramba,Hood 4 Photo Credit,,https://commons.wikimedia.org/wiki/File:Daniel_Maramba_1870-1941_NHCP_Historical_Marker.jpg
Livingstone,Dambwa North,Hood 5 Photo File,,images/hoods/livingstone--dambwa-north.webp
Livingstone,Dambwa North,Hood 5 Photo Credit,,"https://commons.wikimedia.org/wiki/File:Victoria_Falls_(49653894783),_Livingstone,_crop1.jpg"
Ljubljana,hero,City Photo File,images/cities/ljubljana.jpg,images/cities/ljubljana.webp
Ljubljana,Center (Old Town),Hood 1 Photo File,images/hoods/ljubljana--center-old-town.jpg,images/hoods/ljubljana--center-old-town.webp
Ljubljana,Tabor,Hood 2 Photo File,images/hoods/ljubljana--tabor.jpg,images/hoods/ljubljana--tabor.webp
Ljubljana,Trnovo,Hood 3 Photo File,images/hoods/ljubljana--trnovo.jpg,images/hoods/ljubljana--trnovo.webp
Ljubljana,Bežigrad,Hood 4 Photo File,images/hoods/ljubljana--bezigrad.jpg,images/hoods/ljubljana--bezigrad.webp
Ljubljana,Vič,Hood 5 Photo File,,images/hoods/ljubljana--vic.webp
Ljubljana,Vič,Hood 5 Photo Credit,,https://commons.wikimedia.org/wiki/File:Vic_Slovenia_-_old_village_core.JPG
Lomé,hero,City Photo File,images/cities/lom.jpg,images/cities/lom.webp
Lomé,hero,City Photo Credit,https://en.wikipedia.org/wiki/File:C%E2%80%99est_Lom%C3%A9.jpg,https://commons.wikimedia.org/wiki/File:Boulevard_Circulaire_%C3%A0_hauteur_du_quartier_bancaire_%C3%A0_Lom%C3%A9.jpg
Lomé,Kodjoviakopé,Hood 1 Photo File,,images/hoods/lome--kodjoviakope.webp
Lomé,Kodjoviakopé,Hood 1 Photo Credit,,https://commons.wikimedia.org/wiki/File:Photos_de_Lom%C3%A9_2.jpg
Lomé,Tokoin,Hood 3 Photo File,,images/hoods/lome--tokoin.webp
Lomé,Tokoin,Hood 3 Photo Credit,,https://commons.wikimedia.org/wiki/File:A%C3%A9roport_de_Lom%C3%A9_-_D%C3%A9part_jour.jpg
Lomé,Bè,Hood 4 Photo File,,images/hoods/lome--be.webp
Lomé,Bè,Hood 4 Photo Credit,,https://commons.wikimedia.org/wiki/File:%D7%A0%D7%99%D7%95_%D7%A4%D7%90%D7%A8%D7%9D_1.jpg
Lomé,Adidogomé,Hood 5 Photo File,,images/hoods/lome--adidogome.webp
Lomé,Adidogomé,Hood 5 Photo Credit,,https://commons.wikimedia.org/wiki/File:March%C3%A9_d%27Assiy%C3%A9y%C3%A9_%C3%A0_Adidogom%C3%A9_01.jpg
London,hero,City Photo File,images/cities/london.jpg,images/cities/london.webp
London,Soho & Westminster,Hood 1 Photo File,images/hoods/london--soho-westminster.jpg,images/hoods/london--soho-westminster.webp
London,Soho & Westminster,Hood 1 Photo Credit,https://commons.wikimedia.org/wiki/File:Houses_of_Parliament_in_2022_(cropped).jpg,"https://commons.wikimedia.org/wiki/File:Ronnie_Scott_-_39_Gerrard_Street,_Soho,_London,_W1D_5QD,_City_of_Westminster.jpg"
London,Shoreditch,Hood 2 Photo File,images/hoods/london--shoreditch.jpg,images/hoods/london--shoreditch.webp
London,Kensington,Hood 3 Photo File,images/hoods/london--kensington.jpg,images/hoods/london--kensington.webp
London,Camden,Hood 4 Photo File,images/hoods/london--camden.jpg,images/hoods/london--camden.webp
London,Notting Hill,Hood 5 Photo File,images/hoods/london--notting-hill.jpg,images/hoods/london--notting-hill.webp
Longyearbyen,hero,City Photo File,images/cities/longyearbyen.jpg,images/cities/longyearbyen.webp
Longyearbyen,Sentrum (Town Centre),Hood 1 Photo File,,images/hoods/longyearbyen--sentrum-town-centre.webp
Longyearbyen,Sentrum (Town Centre),Hood 1 Photo Credit,,https://commons.wikimedia.org/wiki/File:Stolperstein_in_Oslo-Sentrum_(Oslo-Sentrum).jpg
Longyearbyen,Haugen,Hood 3 Photo File,,images/hoods/longyearbyen--haugen.webp
Longyearbyen,Haugen,Hood 3 Photo Credit,,"https://commons.wikimedia.org/wiki/File:%27Haugen%27_i_Longyearbyen,_nederst_ses_Polarflokken_Barnehage.jpg"
Longyearbyen,Nybyen,Hood 4 Photo File,,images/hoods/longyearbyen--nybyen.webp
Longyearbyen,Nybyen,Hood 4 Photo Credit,,https://commons.wikimedia.org/wiki/File:Longyearbyen_Busfahrt_nach_Longyearbyen_19.jpg
Longyearbyen,Gruvedalen,Hood 5 Photo File,,images/hoods/longyearbyen--gruvedalen.webp
Longyearbyen,Gruvedalen,Hood 5 Photo Credit,,https://commons.wikimedia.org/wiki/File:Longyearbyen-from-above-Hiorthfjellet.jpg
Los Angeles,hero,City Photo File,images/cities/los-angeles.jpg,images/cities/los-angeles.webp
Los Angeles,Hollywood,Hood 1 Photo File,images/hoods/los-angeles--hollywood.jpg,images/hoods/los-angeles--hollywood.webp
Los Angeles,Hollywood,Hood 1 Photo Credit,https://commons.wikimedia.org/wiki/File:View_from_behind_Hollywood_Sign_overlooking_LA.jpg,https://commons.wikimedia.org/wiki/File:Fonda_Theatre_(August_2024).JPG
Los Angeles,Santa Monica,Hood 2 Photo File,images/hoods/los-angeles--santa-monica.jpg,images/hoods/los-angeles--santa-monica.webp
Los Angeles,Downtown LA,Hood 3 Photo File,images/hoods/los-angeles--downtown-la.jpg,images/hoods/los-angeles--downtown-la.webp
Los Angeles,Venice,Hood 4 Photo File,images/hoods/los-angeles--venice.jpg,images/hoods/los-angeles--venice.webp
Los Angeles,Beverly Hills,Hood 5 Photo File,images/hoods/los-angeles--beverly-hills.jpg,images/hoods/los-angeles--beverly-hills.webp
Luanda,hero,City Photo File,images/cities/luanda.jpg,images/cities/luanda.webp
Luanda,Ilha de Luanda,Hood 1 Photo File,,images/hoods/luanda--ilha-de-luanda.webp
Luanda,Ilha de Luanda,Hood 1 Photo Credit,,https://commons.wikimedia.org/wiki/File:%E6%B5%B7%E6%BB%A9beach_-_panoramio.jpg
Luanda,Talatona,Hood 2 Photo File,,images/hoods/luanda--talatona.webp
Luanda,Talatona,Hood 2 Photo Credit,,https://commons.wikimedia.org/wiki/File:Rede_Vi%C3%A1ria_-_panoramio.jpg
Luanda,Miramar,Hood 3 Photo File,,images/hoods/luanda--miramar.webp
Luanda,Miramar,Hood 3 Photo Credit,,https://commons.wikimedia.org/wiki/File:Winn_Dixie_Miramar_Florida_with_scale_by_front_door.jpg
Luanda,Alvalade,Hood 4 Photo File,,images/hoods/luanda--alvalade.webp
Luanda,Alvalade,Hood 4 Photo Credit,,https://commons.wikimedia.org/wiki/File:Alvalade_railway_stop.jpg
Luanda,Ingombota (Baixa),Hood 5 Photo File,,images/hoods/luanda--ingombota-baixa.webp
Luanda,Ingombota (Baixa),Hood 5 Photo Credit,,https://commons.wikimedia.org/wiki/File:Largo_da_Ingombota_Luanda_01.JPG
Luang Prabang,hero,City Photo File,images/cities/luang-prabang.jpg,images/cities/luang-prabang.webp
Luang Prabang,The Peninsula (Old Town),Hood 1 Photo File,,images/hoods/luang-prabang--the-peninsula-old-town.webp
Luang Prabang,The Peninsula (Old Town),Hood 1 Photo Credit,,https://www.flickr.com/photos/8721758@N06/50636492958/
Lugano,hero,City Photo File,images/cities/lugano.jpg,images/cities/lugano.webp
Lugano,Centro Storico,Hood 1 Photo File,,images/hoods/lugano--centro-storico.webp
Lugano,Centro Storico,Hood 1 Photo Credit,,https://commons.wikimedia.org/wiki/File:Postamt_Via_della_Posta_7_in_Lugano_(2026).jpg
Lugano,Paradiso,Hood 2 Photo File,,images/hoods/lugano--paradiso.webp
Lugano,Paradiso,Hood 2 Photo Credit,,https://commons.wikimedia.org/wiki/File:Lugano-Paradiso_(S._Salvatore)_station_in_2022.jpg
Lugano,Cassarate,Hood 3 Photo File,,images/hoods/lugano--cassarate.webp
Lugano,Cassarate,Hood 3 Photo Credit,,https://commons.wikimedia.org/wiki/File:MV_San_Gottardo_at_Lugano.jpg
Lugano,Molino Nuovo,Hood 4 Photo File,,images/hoods/lugano--molino-nuovo.webp
Lugano,Molino Nuovo,Hood 4 Photo Credit,,https://commons.wikimedia.org/wiki/File:Chiesa_del_Sacro_Cuore_(Lugano)_interior.jpg
Lugano,Besso,Hood 5 Photo File,,images/hoods/lugano--besso.webp
Lugano,Besso,Hood 5 Photo Credit,,https://commons.wikimedia.org/wiki/File:Besso_(3).jpg
Luoyang,hero,City Photo File,images/cities/luoyang.jpg,images/cities/luoyang.webp
Luoyang,Xigong District,Hood 2 Photo File,,images/hoods/luoyang--xigong-district.webp
Luoyang,Xigong District,Hood 2 Photo Credit,,https://commons.wikimedia.org/wiki/File:%E5%91%A8%E7%8E%8B%E5%9F%8E%E5%A4%A7%E9%85%92%E5%BA%97%E5%A4%96%E9%9D%A2%E7%9A%84%E5%A4%A7%E6%A5%BC_-_panoramio.jpg
Luoyang,Jianxi District,Hood 3 Photo File,,images/hoods/luoyang--jianxi-district.webp
Luoyang,Jianxi District,Hood 3 Photo Credit,,https://commons.wikimedia.org/wiki/File:%E6%B6%A7%E8%A5%BF_DFH1-0003%E4%BA%8E%E6%B4%9B%E9%98%B3%E8%BD%B4%E6%89%BF%E5%8E%82_01.jpg
Luoyang,Luolong New District,Hood 4 Photo File,,images/hoods/luoyang--luolong-new-district.webp
Luoyang,Luolong New District,Hood 4 Photo Credit,,"https://commons.wikimedia.org/wiki/File:2017_Jinbei_New_Haise_(Shineray_Haise_X30L),_front_8.7.18.jpg"
Lusaka,hero,City Photo File,images/cities/lusaka.jpg,images/cities/lusaka.webp
Lusaka,Longacres,Hood 1 Photo File,,images/hoods/lusaka--longacres.webp
Lusaka,Longacres,Hood 1 Photo Credit,,"https://commons.wikimedia.org/wiki/File:Gazebo_viewed_from_above,_showing_rooftop,_interior_and_circulation_of_walkways._Camera_pointed_NW_from_North_Grandstand._(May_1993)_-_Longacres,_North_Grandstand,_1621_HABS_WASH,17-RENT,1F-5.tif"
Lusaka,Kabulonga,Hood 2 Photo File,,images/hoods/lusaka--kabulonga.webp
Lusaka,Kabulonga,Hood 2 Photo Credit,,https://commons.wikimedia.org/wiki/File:US_delivers_humanitarian_aid_to_Zambia_(8296117).jpg
Lusaka,City Centre (Cairo Road),Hood 3 Photo File,,images/hoods/lusaka--city-centre-cairo-road.webp
Lusaka,City Centre (Cairo Road),Hood 3 Photo Credit,,https://commons.wikimedia.org/wiki/File:Cairo_Road.jpg
Lusaka,Great East Road,Hood 4 Photo File,,images/hoods/lusaka--great-east-road.webp
Lusaka,Great East Road,Hood 4 Photo Credit,,https://commons.wikimedia.org/wiki/File:Motorcycle_on_the_Great_East_Road.tif
Lusaka,Lilayi,Hood 5 Photo File,,images/hoods/lusaka--lilayi.webp
Lusaka,Lilayi,Hood 5 Photo Credit,,https://commons.wikimedia.org/wiki/File:African_Elephant_Grass_-_Giant_Tall_Grass.jpg
Luxembourg,hero,City Photo File,images/cities/luxembourg.jpg,images/cities/luxembourg.webp
Luxembourg,Ville Haute,Hood 1 Photo File,,images/hoods/luxembourg--ville-haute.webp
Luxembourg,Ville Haute,Hood 1 Photo Credit,,https://commons.wikimedia.org/wiki/File:Dr%C3%A4i_Tierm_Ulveling_Weis_Thorn_Niedergr%C3%BCnewald.jpg
Luxembourg,Grund,Hood 2 Photo File,,images/hoods/luxembourg--grund.webp
Luxembourg,Grund,Hood 2 Photo Credit,,https://commons.wikimedia.org/wiki/File:04719-Luxemburg-1903-L_Alzette_au_Grund-Br%C3%BCck_%26_Sohn_Kunstverlag.jpg
Luxembourg,Gare,Hood 3 Photo File,,images/hoods/luxembourg--gare.webp
Luxembourg,Gare,Hood 3 Photo Credit,,https://commons.wikimedia.org/wiki/File:Bei_der_Gare.jpg
Luxembourg,Kirchberg,Hood 4 Photo File,,images/hoods/luxembourg--kirchberg.webp
Luxembourg,Kirchberg,Hood 4 Photo Credit,,https://commons.wikimedia.org/wiki/File:1939_Joerhonnertfeier_Kierchbierg.jpg
Luxembourg,Belair,Hood 5 Photo File,,images/hoods/luxembourg--belair.webp
Luxembourg,Belair,Hood 5 Photo Credit,,"https://commons.wikimedia.org/wiki/File:Luxembourg_road_sign_B,3.jpg"
Luxor,hero,City Photo File,images/cities/luxor.jpg,images/cities/luxor.webp
Luxor,Corniche (East Bank),Hood 1 Photo File,,images/hoods/luxor--corniche-east-bank.webp
Luxor,Corniche (East Bank),Hood 1 Photo Credit,,https://commons.wikimedia.org/wiki/File:Arbre_Kornish_Al_Nile_Street_-_Louxor_(EG)_-_2025-12-10_-_1.jpg
Luxor,Karnak,Hood 3 Photo File,,images/hoods/luxor--karnak.webp
Luxor,Karnak,Hood 3 Photo Credit,,https://commons.wikimedia.org/wiki/File:Temple_of_Ptah_in_Karnak_05.jpg
Luxor,Al-Gezira (West Bank),Hood 4 Photo File,,images/hoods/luxor--al-gezira-west-bank.webp
Luxor,Al-Gezira (West Bank),Hood 4 Photo Credit,,https://commons.wikimedia.org/wiki/File:%D9%83%D9%88%D8%A8_%D8%B4%D8%A7%D9%8A_%D8%B9%D9%84%D9%89_%D9%86%D9%8A%D8%B1%D8%A7%D9%86_%D8%A7%D9%84%D9%86%D8%B2%D9%88%D8%AD_%D8%AC%D9%86%D9%88%D8%A8_%D8%A7%D9%84%D8%AC%D8%B2%D9%8A%D8%B1%D8%A9.jpg
Luxor,Theban Necropolis (West Bank),Hood 5 Photo File,,images/hoods/luxor--theban-necropolis-west-bank.webp
Luxor,Theban Necropolis (West Bank),Hood 5 Photo Credit,,https://commons.wikimedia.org/wiki/File:Paysage_Ouest_Site_Deir_El_M%C3%A9dineh_-_Louxor_(EG)_-_2025-12-11_-_6.jpg
Lviv,hero,City Photo File,images/cities/lviv.jpg,images/cities/lviv.webp
Lviv,Old Town (Market Square),Hood 1 Photo File,,images/hoods/lviv--old-town-market-square.webp
Lviv,Old Town (Market Square),Hood 1 Photo Credit,,"https://commons.wikimedia.org/wiki/File:%D0%92%D1%83%D0%BB%D0%B8%D1%86%D1%8F_%D0%A1%D1%96%D1%87%D0%BE%D0%B2%D0%B8%D1%85_%D0%A1%D1%82%D1%80%D1%96%D0%BB%D1%8C%D1%86%D1%96%D0%B2,_%D0%B1%D1%83%D0%B4%D0%B8%D0%BD%D0%BE%D0%BA_%E2%84%968.jpg"
Lviv,Halytskyi,Hood 2 Photo File,,images/hoods/lviv--halytskyi.webp
Lviv,Halytskyi,Hood 2 Photo Credit,,https://commons.wikimedia.org/wiki/File:Danilo_Galitsk_Airporti.jpg
Lviv,Lychakiv,Hood 3 Photo File,,images/hoods/lviv--lychakiv.webp
Lviv,Lychakiv,Hood 3 Photo Credit,,https://commons.wikimedia.org/wiki/File:Angels_snd_saints.jpg
Lviv,Pidzamche,Hood 4 Photo File,,images/hoods/lviv--pidzamche.webp
Lviv,Pidzamche,Hood 4 Photo Credit,,"https://commons.wikimedia.org/wiki/File:3_Pidzamche_Street,_Lviv_(07).jpg"
Lyon,hero,City Photo File,images/cities/lyon.jpg,images/cities/lyon.webp
Lyon,Vieux Lyon,Hood 1 Photo File,,images/hoods/lyon--vieux-lyon.webp
Lyon,Vieux Lyon,Hood 1 Photo Credit,,https://commons.wikimedia.org/wiki/File:Vieux_cimeti%C3%A8re_de_la_Croix-Rousse_(Lyon)_-_tombe_de_D%C3%A9sir%C3%A9_Barodet.jpg
Lyon,Presqu'île,Hood 2 Photo File,,images/hoods/lyon--presqu-ile.webp
Lyon,Presqu'île,Hood 2 Photo Credit,,https://commons.wikimedia.org/wiki/File:Chapiteau_de_cirque_%C3%A0_Lyon-Confluence_(en_octobre_2020).jpg
Lyon,Croix-Rousse,Hood 3 Photo File,,images/hoods/lyon--croix-rousse.webp
Lyon,Croix-Rousse,Hood 3 Photo Credit,,https://commons.wikimedia.org/wiki/File:Ascenseur_du_m%C3%A9tro_Croix-Rousse_(Lyon).jpg
Lyon,Confluence,Hood 4 Photo File,,images/hoods/lyon--confluence.webp
Lyon,Confluence,Hood 4 Photo Credit,,https://commons.wikimedia.org/wiki/File:Confluence_Marina_Lyon.JPG
Lyon,La Guillotière,Hood 5 Photo File,,images/hoods/lyon--la-guillotiere.webp
Lyon,La Guillotière,Hood 5 Photo Credit,,"https://commons.wikimedia.org/wiki/File:Lyon_7e_-_Grande_rue_de_la_Guilloti%C3%A8re,_chantier_%C3%A0_l%27angle_de_la_rue_Tourville.jpg"
Lübeck,hero,City Photo File,images/cities/l-beck.jpg,images/cities/l-beck.webp
Lübeck,Altstadt,Hood 1 Photo File,,images/hoods/lubeck--altstadt.webp
Lübeck,Altstadt,Hood 1 Photo Credit,,"https://commons.wikimedia.org/wiki/File:Innenstadt,_L%C3%BCbeck,_Germany_-_panoramio_(14).jpg"
Lübeck,St. Lorenz,Hood 2 Photo File,,images/hoods/lubeck--st-lorenz.webp
Lübeck,St. Lorenz,Hood 2 Photo Credit,,https://commons.wikimedia.org/wiki/File:Das_Geheimnis_der_gr%C3%BCn-blauen_T%C3%BCr..._-_panoramio.jpg
Lübeck,St. Gertrud,Hood 3 Photo File,,images/hoods/lubeck--st-gertrud.webp
Lübeck,St. Gertrud,Hood 3 Photo Credit,,https://commons.wikimedia.org/wiki/File:Dr%C3%A4gerpark._-_panoramio.jpg
Lübeck,St. Jürgen,Hood 4 Photo File,,images/hoods/lubeck--st-jurgen.webp
Lübeck,St. Jürgen,Hood 4 Photo Credit,,https://commons.wikimedia.org/wiki/File:Friedhof_St._J%C3%BCrgen_1738.jpg
Lübeck,Travemünde,Hood 5 Photo File,,images/hoods/lubeck--travemunde.webp
Lübeck,Travemünde,Hood 5 Photo Credit,,https://commons.wikimedia.org/wiki/File:ALTS_Zustand_2023_1.jpg
Maastricht,hero,City Photo File,images/cities/maastricht.jpg,images/cities/maastricht.webp
Maastricht,Binnenstad (Vrijthof & Markt),Hood 1 Photo File,,images/hoods/maastricht--binnenstad-vrijthof-markt.webp
Maastricht,Binnenstad (Vrijthof & Markt),Hood 1 Photo Credit,,https://commons.wikimedia.org/wiki/File:20010708_Maastricht;_Maasboulevard_under_reconstruction.jpg
Maastricht,Wyck,Hood 2 Photo File,,images/hoods/maastricht--wyck.webp
Maastricht,Wyck,Hood 2 Photo Credit,,"https://commons.wikimedia.org/wiki/File:20171017_Maquette_van_Maastricht_(kopie),_Wyck,_ravelijn_a_d_Hoge_Maaspunt_%26_bastion_De_Rooy.jpg"
Maastricht,Céramique,Hood 3 Photo File,,images/hoods/maastricht--ceramique.webp
Maastricht,Céramique,Hood 3 Photo Credit,,"https://commons.wikimedia.org/wiki/File:2023_Maastricht,_Charles_Eyckpark,_maalsteen_Soci%C3%A9t%C3%A9_C%C3%A9ramique.jpg"
Maastricht,Jekerkwartier,Hood 4 Photo File,,images/hoods/maastricht--jekerkwartier.webp
Maastricht,Jekerkwartier,Hood 4 Photo Credit,,"https://commons.wikimedia.org/wiki/File:2023_Maastricht,_Maquette_1867_(19).jpg"
Maastricht,Sint Pieter / Villapark,Hood 5 Photo File,,images/hoods/maastricht--sint-pieter-villapark.webp
Maastricht,Sint Pieter / Villapark,Hood 5 Photo Credit,,"https://commons.wikimedia.org/wiki/File:2019_Maastricht,_kerkhof_Sint_Pieter_(2).jpg"
Macau,hero,City Photo File,images/cities/macau.jpg,images/cities/macau.webp
Macau,Macau Peninsula,Hood 1 Photo File,images/hoods/macau--macau-peninsula.jpg,images/hoods/macau--macau-peninsula.webp
Macau,Taipa,Hood 2 Photo File,images/hoods/macau--taipa.jpg,images/hoods/macau--taipa.webp
Macau,Cotai,Hood 3 Photo File,images/hoods/macau--cotai.jpg,images/hoods/macau--cotai.webp
Macau,Coloane,Hood 4 Photo File,images/hoods/macau--coloane.jpg,images/hoods/macau--coloane.webp
Macau,Senado Square,Hood 5 Photo File,images/hoods/macau--senado-square.jpg,images/hoods/macau--senado-square.webp
Maceió,hero,City Photo File,images/cities/macei.jpg,images/cities/macei.webp
Maceió,Pajuçara,Hood 1 Photo File,,images/hoods/maceio--pajucara.webp
Maceió,Pajuçara,Hood 1 Photo Credit,,"https://commons.wikimedia.org/wiki/File:Paju%C3%A7ara,_Macei%C3%B3,_Brazil.jpg"
Maceió,Ponta Verde,Hood 2 Photo File,,images/hoods/maceio--ponta-verde.webp
Maceió,Ponta Verde,Hood 2 Photo Credit,,https://commons.wikimedia.org/wiki/File:Ponta_Verde_-_Macei%C3%B3.jpg
Maceió,Jatiúca,Hood 3 Photo File,,images/hoods/maceio--jatiuca.webp
Maceió,Jatiúca,Hood 3 Photo Credit,,https://commons.wikimedia.org/wiki/File:Praia_da_Jati%C3%BAca_-_panoramio.jpg
Maceió,Cruz das Almas,Hood 4 Photo File,,images/hoods/maceio--cruz-das-almas.webp
Maceió,Cruz das Almas,Hood 4 Photo Credit,,https://commons.wikimedia.org/wiki/File:Praia_de_Cruz_das_Almas_-_panoramio.jpg
Maceió,Guaxuma,Hood 5 Photo File,,images/hoods/maceio--guaxuma.webp
Maceió,Guaxuma,Hood 5 Photo Credit,,https://www.flickr.com/photos/18149505@N06/8560687621/
Madrid,hero,City Photo File,images/cities/madrid.jpg,images/cities/madrid.webp
Madrid,Malasaña,Hood 1 Photo File,images/hoods/madrid--malasana.jpg,images/hoods/madrid--malasana.webp
Madrid,Malasaña,Hood 1 Photo Credit,https://commons.wikimedia.org/wiki/File:Tejiendo_Malasa%C3%B1a_2014_(14223976313).jpg,https://commons.wikimedia.org/wiki/File:Calle_de_Manuela_Malasa%C3%B1a_(4426392822).jpg
Madrid,Chueca,Hood 2 Photo File,images/hoods/madrid--chueca.jpg,images/hoods/madrid--chueca.webp
Madrid,La Latina,Hood 3 Photo File,images/hoods/madrid--la-latina.jpg,images/hoods/madrid--la-latina.webp
Madrid,Salamanca,Hood 4 Photo File,images/hoods/madrid--salamanca.jpg,images/hoods/madrid--salamanca.webp
Madrid,Lavapiés,Hood 5 Photo File,images/hoods/madrid--lavapies.jpg,images/hoods/madrid--lavapies.webp
Madurai,hero,City Photo File,images/cities/madurai.jpg,images/cities/madurai.webp
Madurai,Tallakulam,Hood 2 Photo File,,images/hoods/madurai--tallakulam.webp
Madurai,Tallakulam,Hood 2 Photo Credit,,https://commons.wikimedia.org/wiki/File:%E0%AE%A4%E0%AE%B2%E0%AF%8D%E0%AE%B2%E0%AE%BE%E0%AE%95%E0%AF%81%E0%AE%B3%E0%AE%AE%E0%AF%8D_%E0%AE%AA%E0%AF%86%E0%AE%B0%E0%AF%81%E0%AE%AE%E0%AE%BE%E0%AE%B3%E0%AF%8D_%E0%AE%95%E0%AF%8B%E0%AE%B5%E0%AE%BF%E0%AE%B2%E0%AF%8D_%E0%AE%95%E0%AF%8B%E0%AE%AA%E0%AF%81%E0%AE%B0%E0%AE%AE%E0%AF%8D.jpg
Madurai,Goripalayam,Hood 4 Photo File,,images/hoods/madurai--goripalayam.webp
Madurai,Goripalayam,Hood 4 Photo Credit,,https://commons.wikimedia.org/wiki/File:Gorippalayam.jpg
Magelang,hero,City Photo File,images/cities/magelang.jpg,images/cities/magelang.webp
Magelang,hero,City Photo Credit,https://commons.wikimedia.org/wiki/File:Magelang_alun_alun.JPG,https://commons.wikimedia.org/wiki/File:Borobudur-Temple-Park_Indonesia_Stupas-of-Borobudur-01.jpg
Magelang,Magelang Tengah,Hood 1 Photo File,,images/hoods/magelang--magelang-tengah.webp
Magelang,Magelang Tengah,Hood 1 Photo Credit,,"https://commons.wikimedia.org/wiki/File:Baituttaqwa_Mosque_in_Nepal_Van_Java,_Magelang.jpg"
Magelang,Borobudur,Hood 2 Photo File,,images/hoods/magelang--borobudur.webp
Magelang,Borobudur,Hood 2 Photo Credit,,"https://commons.wikimedia.org/wiki/File:Borobudur_(Central_Java,_Indonesia)_(51112185293).jpg"
Magelang,Muntilan,Hood 3 Photo File,,images/hoods/magelang--muntilan.webp
Magelang,Muntilan,Hood 3 Photo Credit,,"https://commons.wikimedia.org/wiki/File:Kerkof_Muntilan,_Magelang,_Jawa_Tengah.jpg"
Magelang,Magelang Selatan,Hood 4 Photo File,,images/hoods/magelang--magelang-selatan.webp
Magelang,Magelang Selatan,Hood 4 Photo Credit,,https://commons.wikimedia.org/wiki/File:Light_the_milky_way.jpg
Magelang,Mendut,Hood 5 Photo File,,images/hoods/magelang--mendut.webp
Magelang,Mendut,Hood 5 Photo Credit,,"https://commons.wikimedia.org/wiki/File:Banyan_tree_near_Mendut_Temple,_20220817_0909_8574.jpg"
Makassar,hero,City Photo File,images/cities/makassar.jpg,images/cities/makassar.webp
Makassar,Pantai Losari,Hood 1 Photo File,,images/hoods/makassar--pantai-losari.webp
Makassar,Pantai Losari,Hood 1 Photo Credit,,https://commons.wikimedia.org/wiki/File:Makassar_2022_Bennylin_28.jpg
Makassar,Ujung Pandang (Fort Rotterdam),Hood 2 Photo File,,images/hoods/makassar--ujung-pandang-fort-rotterdam.webp
Makassar,Ujung Pandang (Fort Rotterdam),Hood 2 Photo Credit,,https://commons.wikimedia.org/wiki/File:Aksara_Lontara_di_Bandara_Sultan_Hasanuddin.jpg
Makassar,Panakkukang,Hood 3 Photo File,,images/hoods/makassar--panakkukang.webp
Makassar,Panakkukang,Hood 3 Photo Credit,,"https://commons.wikimedia.org/wiki/File:Kantor_Kelurahan_Karampuang,_Makassar.jpg"
Makassar,Tanjung Bunga,Hood 4 Photo File,,images/hoods/makassar--tanjung-bunga.webp
Makassar,Tanjung Bunga,Hood 4 Photo Credit,,https://commons.wikimedia.org/wiki/File:Thai_sweets_shop_-_2011-03-18_-_001.jpg
Makassar,Somba Opu / Chinatown,Hood 5 Photo File,,images/hoods/makassar--somba-opu-chinatown.webp
Makassar,Somba Opu / Chinatown,Hood 5 Photo Credit,,https://commons.wikimedia.org/wiki/File:Fasad_Museum_Karaeng_Pattingalloang.jpg
Malacca,hero,City Photo File,images/cities/malacca.jpg,images/cities/malacca.webp
Malacca,Bandar Hilir,Hood 1 Photo File,,images/hoods/malacca--bandar-hilir.webp
Malacca,Bandar Hilir,Hood 1 Photo Credit,,"https://commons.wikimedia.org/wiki/File:2016_Malakka,_Pa%C5%84stwowa_Szko%C5%82a_Bandar_Hilir_(01).jpg"
Malacca,Jonker Street,Hood 2 Photo File,,images/hoods/malacca--jonker-street.webp
Malacca,Jonker Street,Hood 2 Photo Credit,,"https://commons.wikimedia.org/wiki/File:2016_Malakka,_Wej%C5%9Bcie_do_Jonker_Walk_-_s%C5%82ynnej_dzielnicy_chi%C5%84skiej_(02).jpg"
Malacca,Kampung Morten,Hood 3 Photo File,,images/hoods/malacca--kampung-morten.webp
Malacca,Kampung Morten,Hood 3 Photo Credit,,https://commons.wikimedia.org/wiki/File:Lorong_Tun_Mamat_3_Kampung_Morten.jpg
Malacca,Klebang,Hood 4 Photo File,,images/hoods/malacca--klebang.webp
Malacca,Klebang,Hood 4 Photo Credit,,https://commons.wikimedia.org/wiki/File:Dual_Sunsets_at_klebang.jpg
Malacca,Ujong Pasir,Hood 5 Photo File,,images/hoods/malacca--ujong-pasir.webp
Malacca,Ujong Pasir,Hood 5 Photo Credit,,https://commons.wikimedia.org/wiki/File:Portuguese_Settlement.JPG
Malang,hero,City Photo File,images/cities/malang.jpg,images/cities/malang.webp
Malang,Klojen (City Center),Hood 1 Photo File,,images/hoods/malang--klojen-city-center.webp
Malang,Klojen (City Center),Hood 1 Photo Credit,,https://commons.wikimedia.org/wiki/File:Food_Stall_Pasar_Klojen_Malang_6_April_2025.jpg
Malang,Ijen Boulevard,Hood 2 Photo File,,images/hoods/malang--ijen-boulevard.webp
Malang,Ijen Boulevard,Hood 2 Photo Credit,,"https://commons.wikimedia.org/wiki/File:Patung_Trip_di_Ijen,_Malang.jpg"
Malang,Lowokwaru,Hood 3 Photo File,,images/hoods/malang--lowokwaru.webp
Malang,Lowokwaru,Hood 3 Photo Credit,,https://commons.wikimedia.org/wiki/File:Pura_Astawinayaka_(3).jpg
Malang,Blimbing,Hood 4 Photo File,,images/hoods/malang--blimbing.webp
Malang,Blimbing,Hood 4 Photo Credit,,https://commons.wikimedia.org/wiki/File:Stasiun_Malang_2022.jpg
Malindi,hero,City Photo File,images/cities/malindi.jpg,images/cities/malindi.webp
Malindi,hero,City Photo Credit,https://commons.wikimedia.org/wiki/File:Pillar_of_Vasco_da_Gama.jpg,"https://commons.wikimedia.org/wiki/File:Malindi_Marine_National_Park._%D0%9C%D0%B0%D0%BB%D0%B8%D0%BD%D0%B4%D0%B8,_%D0%9A%D0%B5%D0%BD%D0%B8%D1%8F_-_panoramio.jpg"
Malindi,Malindi Town Centre (Old Town),Hood 1 Photo File,,images/hoods/malindi--malindi-town-centre-old-town.webp
Malindi,Malindi Town Centre (Old Town),Hood 1 Photo Credit,,https://commons.wikimedia.org/wiki/File:Malindi_-_Markt_in_Stadtzentrum.jpg
Malindi,Casuarina (Little Italy),Hood 2 Photo File,,images/hoods/malindi--casuarina-little-italy.webp
Malindi,Casuarina (Little Italy),Hood 2 Photo Credit,,https://commons.wikimedia.org/wiki/File:Malindi_-_Moschea_in_Casuarina_Rd_-_panoramio.jpg
Malindi,Silversands Beach,Hood 3 Photo File,,images/hoods/malindi--silversands-beach.webp
Malindi,Silversands Beach,Hood 3 Photo Credit,,"https://commons.wikimedia.org/wiki/File:Beach_at_Silversands_Bay,_Aberdour_-_geograph.org.uk_-_6016541.jpg"
Malindi,Mambrui,Hood 5 Photo File,,images/hoods/malindi--mambrui.webp
Malindi,Mambrui,Hood 5 Photo Credit,,https://commons.wikimedia.org/wiki/File:Bao_bab_di_notte_-_panoramio.jpg
Malmö,hero,City Photo File,images/cities/malm.jpg,images/cities/malm.webp
Malmö,Gamla Staden,Hood 1 Photo File,,images/hoods/malmo--gamla-staden.webp
Malmö,Gamla Staden,Hood 1 Photo Credit,,"https://commons.wikimedia.org/wiki/File:Basement_Cafe,_Gamla_V%C3%A4ster_Malm%C3%B6_-_panoramio.jpg"
Malmö,Västra Hamnen,Hood 2 Photo File,,images/hoods/malmo--vastra-hamnen.webp
Malmö,Västra Hamnen,Hood 2 Photo Credit,,"https://commons.wikimedia.org/wiki/File:02.08.2013._Hamnen,_Malm%C3%B6_-_panoramio_(1).jpg"
Malmö,Möllevången,Hood 3 Photo File,,images/hoods/malmo--mollevangen.webp
Malmö,Möllevången,Hood 3 Photo Credit,,"https://commons.wikimedia.org/wiki/File:Bangatan,_Malm%C3%B6.jpg"
Malmö,Davidshall / Triangeln,Hood 4 Photo File,,images/hoods/malmo--davidshall-triangeln.webp
Malmö,Davidshall / Triangeln,Hood 4 Photo Credit,,https://commons.wikimedia.org/wiki/File:Sk%C3%A5ne_2018-05-05_(42833002352).jpg
Malmö,Slottsstaden,Hood 5 Photo File,,images/hoods/malmo--slottsstaden.webp
Malmö,Slottsstaden,Hood 5 Photo Credit,,https://commons.wikimedia.org/wiki/File:Herrgarden_Greg_Dingizian_20130417_0187F_(8657935271).jpg
Malé,hero,City Photo File,images/cities/mal.jpg,images/cities/mal.webp
Malé,Maafannu,Hood 2 Photo File,,images/hoods/male--maafannu.webp
Malé,Maafannu,Hood 2 Photo Credit,,https://commons.wikimedia.org/wiki/File:Opening_of_new_clock_tower_in_Maafannu_ward_of_Mal%C3%A9_city_(1).jpg
Malé,Hulhumalé,Hood 4 Photo File,,images/hoods/male--hulhumale.webp
Malé,Hulhumalé,Hood 4 Photo Credit,,https://commons.wikimedia.org/wiki/File:Ascend_(Unsplash).jpg
Malé,Villimalé (Villingili),Hood 5 Photo File,,images/hoods/male--villimale-villingili.webp
Malé,Villimalé (Villingili),Hood 5 Photo Credit,,https://commons.wikimedia.org/wiki/File:Alone_(Unsplash).jpg
Mamoudzou,hero,City Photo File,images/cities/mamoudzou.jpg,images/cities/mamoudzou.webp
Mamoudzou,Kawéni,Hood 2 Photo File,,images/hoods/mamoudzou--kaweni.webp
Mamoudzou,Kawéni,Hood 2 Photo Credit,,https://commons.wikimedia.org/wiki/File:Mangrove_%C3%A0_Kaw%C3%A9ni.jpg
Mamoudzou,Passamainty,Hood 4 Photo File,,images/hoods/mamoudzou--passamainty.webp
Mamoudzou,Passamainty,Hood 4 Photo Credit,,https://commons.wikimedia.org/wiki/File:Mosqu%C3%A9e_-_panoramio_(2).jpg
Manado,hero,City Photo File,images/cities/manado.jpg,images/cities/manado.webp
Manado,Wenang,Hood 1 Photo File,,images/hoods/manado--wenang.webp
Manado,Wenang,Hood 1 Photo Credit,,https://commons.wikimedia.org/wiki/File:Cathedral_Church_Manado_-_panoramio.jpg
Manado,Wanea,Hood 3 Photo File,,images/hoods/manado--wanea.webp
Manado,Wanea,Hood 3 Photo Credit,,"https://commons.wikimedia.org/wiki/File:Location_of_Wanea_Sub-district,_Manado_City,_North_Sulawesi,_Indonesia.png"
Manado,Malalayang,Hood 4 Photo File,,images/hoods/manado--malalayang.webp
Manado,Malalayang,Hood 4 Photo Credit,,https://commons.wikimedia.org/wiki/File:Map_of_Official_and_Co-Official_Languages_of_the_Philippines_(en).png
Manado,Bunaken,Hood 5 Photo File,,images/hoods/manado--bunaken.webp
Manado,Bunaken,Hood 5 Photo Credit,,"https://commons.wikimedia.org/wiki/File:Sunset_at_Bunaken,_Manado,_Indonesia_-_panoramio.jpg"
Managua,hero,City Photo File,images/cities/managua.jpg,images/cities/managua.webp
Managua,Los Robles,Hood 1 Photo File,,images/hoods/managua--los-robles.webp
Managua,Los Robles,Hood 1 Photo Credit,,https://commons.wikimedia.org/wiki/File:Calle_los_robles.jpg
Managua,Metrocentro,Hood 2 Photo File,,images/hoods/managua--metrocentro.webp
Managua,Metrocentro,Hood 2 Photo Credit,,https://commons.wikimedia.org/wiki/File:Metrocentro_Managua.jpg
Managua,Carretera a Masaya,Hood 3 Photo File,,images/hoods/managua--carretera-a-masaya.webp
Managua,Carretera a Masaya,Hood 3 Photo Credit,,https://commons.wikimedia.org/wiki/File:Masaya_Highway.jpg
Managua,Bolonia,Hood 4 Photo File,,images/hoods/managua--bolonia.webp
Managua,Bolonia,Hood 4 Photo Credit,,"https://commons.wikimedia.org/wiki/File:Playa_de_Bolonia_,_Tarifa_(17860).jpg"
Manama,hero,City Photo File,images/cities/manama.jpg,images/cities/manama.webp
Manama,Seef,Hood 1 Photo File,,images/hoods/manama--seef.webp
Manama,Seef,Hood 1 Photo Credit,,https://commons.wikimedia.org/wiki/File:Al_Seef_Terminal.jpg
Manama,Adliya,Hood 2 Photo File,,images/hoods/manama--adliya.webp
Manama,Adliya,Hood 2 Photo Credit,,https://commons.wikimedia.org/wiki/File:Adliya_vazirligi_binosi.jpg
Manama,Juffair,Hood 3 Photo File,,images/hoods/manama--juffair.webp
Manama,Juffair,Hood 3 Photo Credit,,https://commons.wikimedia.org/wiki/File:AlFatehMosque.jpg
Manama,Amwaj Islands,Hood 5 Photo File,,images/hoods/manama--amwaj-islands.webp
Manama,Amwaj Islands,Hood 5 Photo Credit,,https://commons.wikimedia.org/wiki/File:Amwaj_Air.jpg
Manaus,hero,City Photo File,images/cities/manaus.jpg,images/cities/manaus.webp
Manaus,Centro,Hood 1 Photo File,,images/hoods/manaus--centro.webp
Manaus,Centro,Hood 1 Photo Credit,,https://commons.wikimedia.org/wiki/File:Igreja_de_Manaus_-_AM_-_panoramio.jpg
Manaus,Ponta Negra,Hood 2 Photo File,,images/hoods/manaus--ponta-negra.webp
Manaus,Ponta Negra,Hood 2 Photo Credit,,https://commons.wikimedia.org/wiki/File:Ponta_Negra_-_panoramio_-_Madison_L._Pereira_(4).jpg
Manaus,Adrianopolis,Hood 3 Photo File,,images/hoods/manaus--adrianopolis.webp
Manaus,Adrianopolis,Hood 3 Photo Credit,,https://commons.wikimedia.org/wiki/File:Residencial_Salvador_Dal%C3%AD_-_panoramio.jpg
Manaus,Nossa Senhora das Gracas,Hood 4 Photo File,,images/hoods/manaus--nossa-senhora-das-gracas.webp
Manaus,Nossa Senhora das Gracas,Hood 4 Photo Credit,,"https://commons.wikimedia.org/wiki/File:Nossa_Sra._das_Gracas,_Manaus_-_AM,_Brazil_-_panoramio.jpg"
Manchester,hero,City Photo File,images/cities/manchester.jpg,images/cities/manchester.webp
Manchester,City Centre,Hood 1 Photo File,,images/hoods/manchester--city-centre.webp
Manchester,City Centre,Hood 1 Photo Credit,,"https://commons.wikimedia.org/wiki/File:Adult_Superstore_-_Oldham_Street,_Manchester_-_geograph.org.uk_-_4782233.jpg"
Manchester,Northern Quarter,Hood 2 Photo File,,images/hoods/manchester--northern-quarter.webp
Manchester,Northern Quarter,Hood 2 Photo Credit,,https://commons.wikimedia.org/wiki/File:Inhuman_barriers_-_geograph.org.uk_-_7186969.jpg
Manchester,Ancoats,Hood 3 Photo File,,images/hoods/manchester--ancoats.webp
Manchester,Ancoats,Hood 3 Photo Credit,,https://commons.wikimedia.org/wiki/File:Ashton_Canal_Lock_1_Bridge_3_5141.JPG
Manchester,Spinningfields,Hood 4 Photo File,,images/hoods/manchester--spinningfields.webp
Manchester,Spinningfields,Hood 4 Photo Credit,,https://commons.wikimedia.org/wiki/File:Manchester_Crown_Court_(7379907090).jpg
Manchester,Castlefield,Hood 5 Photo File,,images/hoods/manchester--castlefield.webp
Manchester,Castlefield,Hood 5 Photo Credit,,https://commons.wikimedia.org/wiki/File:Beecham_Tower_MOSI_6390.JPG
Mandalay,hero,City Photo File,images/cities/mandalay.jpg,images/cities/mandalay.webp
Mandalay,hero,City Photo Credit,https://commons.wikimedia.org/wiki/File:Mandalay_-_The_worship_of_Buddha.jpg,https://commons.wikimedia.org/wiki/File:U_Bain_Bridge1.JPG
Mandalay,Aungmyethazan (Palace & Mandalay Hill),Hood 2 Photo File,,images/hoods/mandalay--aungmyethazan-palace-mandalay-hill.webp
Mandalay,Aungmyethazan (Palace & Mandalay Hill),Hood 2 Photo Credit,,"https://commons.wikimedia.org/wiki/File:Kyauk_Mosque,_Mandalay_2012.jpg"
Mandalay,Mahaaungmyay (Mahamuni),Hood 3 Photo File,,images/hoods/mandalay--mahaaungmyay-mahamuni.webp
Mandalay,Mahaaungmyay (Mahamuni),Hood 3 Photo Credit,,"https://commons.wikimedia.org/wiki/File:Mahaaungmyay,_Mandalay,_Myanmar_(Burma)_-_panoramio_(1).jpg"
Mandalay,Chanmyathazi,Hood 4 Photo File,,images/hoods/mandalay--chanmyathazi.webp
Mandalay,Chanmyathazi,Hood 4 Photo Credit,,"https://commons.wikimedia.org/wiki/File:Chanayethazan,_Mandalay,_Myanmar_(Burma)_-_panoramio.jpg"
Manila,hero,City Photo File,images/cities/manila.jpg,images/cities/manila.webp
Manila,Makati,Hood 1 Photo File,,images/hoods/manila--makati.webp
Manila,Makati,Hood 1 Photo Credit,,https://commons.wikimedia.org/wiki/File:06617jfMakati_Avenue_Bel-Air_Jupiter_Street_Kalayaan_Makati_Cityfvf_08.jpg
Manila,Intramuros,Hood 2 Photo File,,images/hoods/manila--intramuros.webp
Manila,Intramuros,Hood 2 Photo Credit,,"https://commons.wikimedia.org/wiki/File:Marcelo_H._Del_Pilar_Monument,_Intramuros,_Manila,_Mar_2026.jpg"
Manila,Pasay (Mall of Asia area),Hood 3 Photo File,,images/hoods/manila--pasay-mall-of-asia-area.webp
Manila,Pasay (Mall of Asia area),Hood 3 Photo Credit,,"https://commons.wikimedia.org/wiki/File:Pasay_City_panorama,_May_2026.tif"
Manila,"Bonifacio Global City (BGC), Taguig",Hood 4 Photo File,,images/hoods/manila--bonifacio-global-city-bgc-taguig.webp
Manila,"Bonifacio Global City (BGC), Taguig",Hood 4 Photo Credit,,https://commons.wikimedia.org/wiki/File:2413Taguig_City_Landmarks_25.jpg
Manila,Ermita/Malate,Hood 5 Photo File,,images/hoods/manila--ermita-malate.webp
Manila,Ermita/Malate,Hood 5 Photo Credit,,https://commons.wikimedia.org/wiki/File:Young_Men%E2%80%99s_Christian_Association_Manila_(Metro_Manila_Districts;_2023-08-20)_E911a_02.jpg
Manzanillo,hero,City Photo File,images/cities/manzanillo.jpg,images/cities/manzanillo.webp
Manzanillo,hero,City Photo Credit,https://commons.wikimedia.org/wiki/File:Montaje_de_Manzanillo.jpg,https://commons.wikimedia.org/wiki/File:Beach_West_of_Karmina_Palace_-_panoramio.jpg
Manzanillo,Las Brisas,Hood 2 Photo File,,images/hoods/manzanillo--las-brisas.webp
Manzanillo,Las Brisas,Hood 2 Photo Credit,,https://commons.wikimedia.org/wiki/File:ACAPULCO_LAS_BRISAS.jpg
Manzanillo,Salagua,Hood 3 Photo File,,images/hoods/manzanillo--salagua.webp
Manzanillo,Salagua,Hood 3 Photo Credit,,https://commons.wikimedia.org/wiki/File:Salagua_Colima.JPG
Manzanillo,Peninsula de Santiago (Las Hadas),Hood 4 Photo File,,images/hoods/manzanillo--peninsula-de-santiago-las-hadas.webp
Manzanillo,Peninsula de Santiago (Las Hadas),Hood 4 Photo Credit,,https://commons.wikimedia.org/wiki/File:Castillodearaya1.jpg
Manzanillo,Club Santiago / Miramar,Hood 5 Photo File,,images/hoods/manzanillo--club-santiago-miramar.webp
Manzanillo,Club Santiago / Miramar,Hood 5 Photo Credit,,https://www.flickr.com/photos/39558803@N00/3651710920/
Manzhouli,hero,City Photo File,images/cities/manzhouli.jpg,images/cities/manzhouli.webp
Manzhouli,Xingfu (Happiness) District,Hood 3 Photo File,,images/hoods/manzhouli--xingfu-happiness-district.webp
Manzhouli,Xingfu (Happiness) District,Hood 3 Photo Credit,,https://commons.wikimedia.org/wiki/File:%E6%96%B0%E5%AF%8C%E5%B8%82%E5%A0%B41127.jpg
Manzhouli,Xingfu (Happiness) District,Hood 5 Photo File,,images/hoods/manzhouli--xingfu-happiness-district.webp
Manzhouli,Xingfu (Happiness) District,Hood 5 Photo Credit,,https://commons.wikimedia.org/wiki/File:%E6%96%B0%E5%AF%8C%E5%B8%82%E5%A0%B41127.jpg
Maputo,hero,City Photo File,images/cities/maputo.jpg,images/cities/maputo.webp
Maputo,Polana (Cimento),Hood 1 Photo File,,images/hoods/maputo--polana-cimento.webp
Maputo,Polana (Cimento),Hood 1 Photo Credit,,https://commons.wikimedia.org/wiki/File:Escola_Secund%C3%A1ria_da_Polana_Maputo.JPG
Maputo,Sommerschield,Hood 2 Photo File,,images/hoods/maputo--sommerschield.webp
Maputo,Sommerschield,Hood 2 Photo Credit,,https://commons.wikimedia.org/wiki/File:Rua_Frente_de_Liberta%C3%A7%C3%A3o_Maputo_(4340331806).jpg
Maputo,Baixa (City Centre),Hood 3 Photo File,,images/hoods/maputo--baixa-city-centre.webp
Maputo,Baixa (City Centre),Hood 3 Photo Credit,,https://commons.wikimedia.org/wiki/File:Mesquita_da_Baixa_Maputo_Mozambique.jpg
Maputo,Costa do Sol,Hood 4 Photo File,,images/hoods/maputo--costa-do-sol.webp
Maputo,Costa do Sol,Hood 4 Photo Credit,,"https://commons.wikimedia.org/wiki/File:View_from_Costa_de_Sol_Restaurant,_Maputo,_Mozambique.jpg"
Maputo,Malhangalene,Hood 5 Photo File,,images/hoods/maputo--malhangalene.webp
Maputo,Malhangalene,Hood 5 Photo Credit,,"https://commons.wikimedia.org/wiki/File:Casas_Coloridas_Malhangalene_B,_Maputo.jpg"
Mar del Plata,hero,City Photo File,images/cities/mar-del-plata.jpg,images/cities/mar-del-plata.webp
Mar del Plata,Playa Bristol / Centro,Hood 1 Photo File,,images/hoods/mar-del-plata--playa-bristol-centro.webp
Mar del Plata,Playa Bristol / Centro,Hood 1 Photo Credit,,https://commons.wikimedia.org/wiki/File:MAR_DEL_PLATA_-_ARGENTINA_-_panoramio.jpg
Mar del Plata,Playa Grande,Hood 2 Photo File,,images/hoods/mar-del-plata--playa-grande.webp
Mar del Plata,Playa Grande,Hood 2 Photo Credit,,https://commons.wikimedia.org/wiki/File:MonumentoEcuestreaSanMartin-MDP-ago2016.jpg
Mar del Plata,Punta Mogotes,Hood 3 Photo File,,images/hoods/mar-del-plata--punta-mogotes.webp
Mar del Plata,Punta Mogotes,Hood 3 Photo Credit,,https://commons.wikimedia.org/wiki/File:Avenida_de_los_Trabajadores_hacia_el_sur.jpg
Mar del Plata,Constitucion Avenue,Hood 4 Photo File,,images/hoods/mar-del-plata--constitucion-avenue.webp
Mar del Plata,Constitucion Avenue,Hood 4 Photo Credit,,https://commons.wikimedia.org/wiki/File:Viviendas_en_Avenida_de_la_Constituci%C3%B3n_-_IMG_20250918_084217.jpg
Mar del Plata,Constitucion Avenue,Hood 5 Photo File,,images/hoods/mar-del-plata--constitucion-avenue.webp
Mar del Plata,Constitucion Avenue,Hood 5 Photo Credit,,https://commons.wikimedia.org/wiki/File:Viviendas_en_Avenida_de_la_Constituci%C3%B3n_-_IMG_20250918_084217.jpg
Marbella,hero,City Photo File,images/cities/marbella.jpg,images/cities/marbella.webp
Marbella,Casco Antiguo,Hood 1 Photo File,,images/hoods/marbella--casco-antiguo.webp
Marbella,Casco Antiguo,Hood 1 Photo Credit,,https://commons.wikimedia.org/wiki/File:Callej%C3%B3n_en_Marbella_-_panoramio.jpg
Marbella,Puerto Banús,Hood 2 Photo File,,images/hoods/marbella--puerto-banus.webp
Marbella,Puerto Banús,Hood 2 Photo Credit,,"https://commons.wikimedia.org/wiki/File:Nueva_Andalucia,_Marbella_(48781917463).jpg"
Marbella,Nueva Andalucía,Hood 4 Photo File,,images/hoods/marbella--nueva-andalucia.webp
Marbella,Nueva Andalucía,Hood 4 Photo Credit,,https://commons.wikimedia.org/wiki/File:A-7_Highway_at_Nueva_Andalucia_(48784552701).jpg
Marbella,San Pedro de Alcántara,Hood 5 Photo File,,images/hoods/marbella--san-pedro-de-alcantara.webp
Marbella,San Pedro de Alcántara,Hood 5 Photo Credit,,"https://commons.wikimedia.org/wiki/File:Marbella_-_San_Pedro_Alc%C3%A1ntara,_Iglesia_de_San_Pedro_01.jpg"
Mardin,hero,City Photo File,images/cities/mardin.jpg,images/cities/mardin.webp
Mardin,Old City (Eski Mardin),Hood 1 Photo File,,images/hoods/mardin--old-city-eski-mardin.webp
Mardin,Old City (Eski Mardin),Hood 1 Photo Credit,,https://commons.wikimedia.org/wiki/File:Mardin_P1050209_20080426112815.JPG
Mardin,Yeni Mardin (New Mardin),Hood 3 Photo File,,images/hoods/mardin--yeni-mardin-new-mardin.webp
Mardin,Yeni Mardin (New Mardin),Hood 3 Photo Credit,,https://commons.wikimedia.org/wiki/File:Diyarbak%C4%B1r_Outside_walls_East_side_2633_in_2005.jpg
Mariehamn,hero,City Photo File,images/cities/mariehamn.jpg,images/cities/mariehamn.webp
Mariehamn,hero,City Photo Credit,https://commons.wikimedia.org/wiki/File:Maarianhamina.vaakuna.svg,https://commons.wikimedia.org/wiki/File:Aerial_photo_of_Mariehamn_2026.jpg
Mariehamn,Centrum (City Centre),Hood 1 Photo File,,images/hoods/mariehamn--centrum-city-centre.webp
Mariehamn,Centrum (City Centre),Hood 1 Photo Credit,,"https://commons.wikimedia.org/wiki/File:So%C5%9Bnicowice_-_Kieferst%C3%A4dtel,_Delikatesy_Centrum.jpg"
Mariehamn,Västerhamn (Western Harbour),Hood 2 Photo File,,images/hoods/mariehamn--vasterhamn-western-harbour.webp
Mariehamn,Västerhamn (Western Harbour),Hood 2 Photo Credit,,https://commons.wikimedia.org/wiki/File:Aktern_p%C3%A5_Viking_Grace_i_hamnen_i_Mariehamn_20221226.jpg
Mariehamn,Österhamn (Eastern Harbour),Hood 3 Photo File,,images/hoods/mariehamn--osterhamn-eastern-harbour.webp
Mariehamn,Österhamn (Eastern Harbour),Hood 3 Photo Credit,,https://commons.wikimedia.org/wiki/File:%C3%85land_(7906507358).jpg
Mariehamn,Ytternäs,Hood 4 Photo File,,images/hoods/mariehamn--ytternas.webp
Mariehamn,Ytternäs,Hood 4 Photo Credit,,https://commons.wikimedia.org/wiki/File:Tuulimylly_1978_(KK4780-39).tif
Marigot,hero,City Photo File,images/cities/marigot.jpg,images/cities/marigot.webp
Marigot,Baie Nettlé (Nettle Bay),Hood 2 Photo File,,images/hoods/marigot--baie-nettle-nettle-bay.webp
Marigot,Baie Nettlé (Nettle Bay),Hood 2 Photo Credit,,"https://commons.wikimedia.org/wiki/File:Sandy_Ground,_Baie_Nettle_(Vue_du_Ciel)_-_panoramio.jpg"
Marigot,Grand Case,Hood 3 Photo File,,images/hoods/marigot--grand-case.webp
Marigot,Grand Case,Hood 3 Photo Credit,,"https://commons.wikimedia.org/wiki/File:Grand_Case_Beach_Club,_St._Martin_-_panoramio.jpg"
Marigot,Anse Marcel,Hood 4 Photo File,,images/hoods/marigot--anse-marcel.webp
Marigot,Anse Marcel,Hood 4 Photo Credit,,https://commons.wikimedia.org/wiki/File:Anse_Marcel_in_St._Martin_from_above_-_panoramio.jpg
Marigot,Orient Bay (Baie Orientale),Hood 5 Photo File,,images/hoods/marigot--orient-bay-baie-orientale.webp
Marigot,Orient Bay (Baie Orientale),Hood 5 Photo Credit,,https://commons.wikimedia.org/wiki/File:Saint_maartin_-_panoramio_(5).jpg
Marmaris,hero,City Photo File,images/cities/marmaris.jpg,images/cities/marmaris.webp
Marmaris,Marmaris Marina / Old Town,Hood 1 Photo File,,images/hoods/marmaris--marmaris-marina-old-town.webp
Marmaris,Marmaris Marina / Old Town,Hood 1 Photo Credit,,https://commons.wikimedia.org/wiki/File:Marmaris_-_panoramio_(2).jpg
Marmaris,Içmeler,Hood 2 Photo File,,images/hoods/marmaris--icmeler.webp
Marmaris,Içmeler,Hood 2 Photo Credit,,https://commons.wikimedia.org/wiki/File:Icmeler_2.07.2011_-_panoramio.jpg
Marne-la-Vallée,hero,City Photo File,images/cities/marne-la-vall-e.jpg,images/cities/marne-la-vall-e.webp
Marne-la-Vallée,Val d'Europe,Hood 1 Photo File,images/hoods/marne-la-vallee--val-d-europe.jpg,images/hoods/marne-la-vallee--val-d-europe.webp
Marne-la-Vallée,Val d'Europe,Hood 1 Photo Credit,https://commons.wikimedia.org/wiki/File:Serrisplacetoscaneserris.jpg,https://commons.wikimedia.org/wiki/File:France_-_Val_d%27Europe_-_Centre_commercial.JPG
Marne-la-Vallée,Chessy,Hood 2 Photo File,,images/hoods/marne-la-vallee--chessy.webp
Marne-la-Vallée,Chessy,Hood 2 Photo Credit,,https://commons.wikimedia.org/wiki/File:Ascenseur_Gare_Marne_Vall%C3%A9e_Chessy_-_Chessy_(FR77)_-_2025-10-13_-_1.jpg
Marne-la-Vallée,Serris,Hood 3 Photo File,,images/hoods/marne-la-vallee--serris.webp
Marne-la-Vallée,Serris,Hood 3 Photo Credit,,https://commons.wikimedia.org/wiki/File:Serris_-_place_Toscane_02.jpg
Marne-la-Vallée,Bailly-Romainvilliers,Hood 4 Photo File,,images/hoods/marne-la-vallee--bailly-romainvilliers.webp
Marne-la-Vallée,Bailly-Romainvilliers,Hood 4 Photo Credit,,https://commons.wikimedia.org/wiki/File:Mairie_Bailly_Romainvilliers_10.jpg
Marne-la-Vallée,Magny-le-Hongre,Hood 5 Photo File,,images/hoods/marne-la-vallee--magny-le-hongre.webp
Marne-la-Vallée,Magny-le-Hongre,Hood 5 Photo Credit,,https://commons.wikimedia.org/wiki/File:%C3%89tang_Boiserie_-_Magny-le-Hongre_(FR77)_-_2025-08-09_-_1.jpg
Marrakech,hero,City Photo File,images/cities/marrakech.jpg,images/cities/marrakech.webp
Marrakech,Medina,Hood 1 Photo File,images/hoods/marrakech--medina.jpg,images/hoods/marrakech--medina.webp
Marrakech,Gueliz,Hood 2 Photo File,images/hoods/marrakech--gueliz.jpg,images/hoods/marrakech--gueliz.webp
Marrakech,Kasbah,Hood 4 Photo File,images/hoods/marrakech--kasbah.jpg,images/hoods/marrakech--kasbah.webp
Marrakech,Palmeraie,Hood 5 Photo File,images/hoods/marrakech--palmeraie.jpg,images/hoods/marrakech--palmeraie.webp
Marsa Alam,hero,City Photo File,images/cities/marsa-alam.jpg,images/cities/marsa-alam.webp
Marsa Alam,Port Ghalib,Hood 1 Photo File,,images/hoods/marsa-alam--port-ghalib.webp
Marsa Alam,Port Ghalib,Hood 1 Photo Credit,,https://commons.wikimedia.org/wiki/File:Marsa_Alam_R22-manipulated.jpg
Marsa Alam,Abu Dabbab Bay,Hood 3 Photo File,,images/hoods/marsa-alam--abu-dabbab-bay.webp
Marsa Alam,Abu Dabbab Bay,Hood 3 Photo Credit,,https://commons.wikimedia.org/wiki/File:Marsa_Murena_Beach1.JPG
Marsa Alam,Marsa Shagra,Hood 4 Photo File,,images/hoods/marsa-alam--marsa-shagra.webp
Marsa Alam,Marsa Shagra,Hood 4 Photo Credit,,"https://commons.wikimedia.org/wiki/File:Butorides_striata_brevipes,_Marsa_Shagra,_Red_Sea,_Egypt_1.jpg"
Marseille,hero,City Photo File,images/cities/marseille.jpg,images/cities/marseille.webp
Marseille,Vieux-Port,Hood 1 Photo File,,images/hoods/marseille--vieux-port.webp
Marseille,Vieux-Port,Hood 1 Photo Credit,,https://commons.wikimedia.org/wiki/File:2014_Marseille_Immeuble_42-66_quai_du_Port.JPG
Marseille,Le Panier,Hood 2 Photo File,,images/hoods/marseille--le-panier.webp
Marseille,Le Panier,Hood 2 Photo Credit,,https://commons.wikimedia.org/wiki/File:Marseille_-_Rue_des_Moulins_(16257742749).jpg
Marseille,Cours Julien,Hood 3 Photo File,,images/hoods/marseille--cours-julien.webp
Marseille,Cours Julien,Hood 3 Photo Credit,,https://commons.wikimedia.org/wiki/File:Marseille_-_M%C3%A9tro_-_Notre_Dame_du_Mont_(7538044124).jpg
Marseille,La Corniche / Endoume,Hood 5 Photo File,,images/hoods/marseille--la-corniche-endoume.webp
Marseille,La Corniche / Endoume,Hood 5 Photo Credit,,https://commons.wikimedia.org/wiki/File:J_aime_la_vie_street_tile_Corniche_Marseille_2026.JPG
Mashhad,hero,City Photo File,images/cities/mashhad.jpg,images/cities/mashhad.webp
Mashhad,Haram (Imam Reza Shrine precinct),Hood 1 Photo File,,images/hoods/mashhad--haram-imam-reza-shrine-precinct.webp
Mashhad,Haram (Imam Reza Shrine precinct),Hood 1 Photo Credit,,https://commons.wikimedia.org/wiki/File:Haram_Emam_Reza_3.jpg
Mashhad,Imam Reza Street,Hood 2 Photo File,,images/hoods/mashhad--imam-reza-street.webp
Mashhad,Imam Reza Street,Hood 2 Photo Credit,,https://commons.wikimedia.org/wiki/File:Imam-Reza-shrine-mashhad-Iran_%D8%A7%DB%8C%D8%B1%D8%A7%D9%86-%D9%85%D8%B4%D9%87%D8%AF-%D8%AD%D8%B1%D9%85-%D8%B9%D9%84%DB%8C-%D8%A7%D8%A8%D9%86-%D9%85%D9%88%D8%B3%DB%8C-%D8%A7%D9%84%D8%B1%D8%B6%D8%A7_05.jpg
Mataram,hero,City Photo File,images/cities/mataram.jpg,images/cities/mataram.webp
Mataram,Mataram (City Center),Hood 2 Photo File,,images/hoods/mataram--mataram-city-center.webp
Mataram,Mataram (City Center),Hood 2 Photo Credit,,"https://commons.wikimedia.org/wiki/File:Esquisse_d_%27un_partie_du_terrain_de_Mataram,_indiquant_les_mouvements_rapides_qui_fit_Diepo_Negoro,_KITLV_47B11.tiff"
Mataram,Cakranegara,Hood 3 Photo File,,images/hoods/mataram--cakranegara.webp
Mataram,Cakranegara,Hood 3 Photo Credit,,https://commons.wikimedia.org/wiki/File:Tasman_Mayura_(32148367986).jpg
Mataram,Selaparang,Hood 5 Photo File,,images/hoods/mataram--selaparang.webp
Mataram,Selaparang,Hood 5 Photo Credit,,https://commons.wikimedia.org/wiki/File:The_old_Selaparang_Airport.jpg
Matera,hero,City Photo File,images/cities/matera.jpg,images/cities/matera.webp
Matera,Sasso Caveoso,Hood 1 Photo File,,images/hoods/matera--sasso-caveoso.webp
Matera,Sasso Caveoso,Hood 1 Photo Credit,,https://commons.wikimedia.org/wiki/File:Chiesa_dei_Santi_Pietro_e_Paolo_-_Matera_01.jpg
Matera,Sasso Barisano,Hood 2 Photo File,,images/hoods/matera--sasso-barisano.webp
Matera,Sasso Barisano,Hood 2 Photo Credit,,https://commons.wikimedia.org/wiki/File:Chiesa_di_San_Pietro_Barisano_-_Matera_02.jpg
Matera,Civita,Hood 3 Photo File,,images/hoods/matera--civita.webp
Matera,Civita,Hood 3 Photo Credit,,https://commons.wikimedia.org/wiki/File:Convento_delle_Sante_Lucia_e_Agata_alla_Civita_-_Matera_02.jpg
Matera,Piano (Modern Town),Hood 4 Photo File,,images/hoods/matera--piano-modern-town.webp
Matera,Piano (Modern Town),Hood 4 Photo Credit,,https://commons.wikimedia.org/wiki/File:S.Lucia_e_Agata_al_Piano.jpg
Matsumoto,hero,City Photo File,images/cities/matsumoto.jpg,images/cities/matsumoto.webp
Matsumoto,hero,City Photo Credit,https://commons.wikimedia.org/wiki/File:Matsumoto_Montage.jpg,https://commons.wikimedia.org/wiki/File:Matsumoto_-_Japan.jpg
Matsumoto,Ote,Hood 1 Photo File,,images/hoods/matsumoto--ote.webp
Matsumoto,Ote,Hood 1 Photo Credit,,https://commons.wikimedia.org/wiki/File:130608_Nawate_shop_street_Matsumoto_Nagano_pref_Japan01n.jpg
Matsumoto,Nakamachi,Hood 2 Photo File,,images/hoods/matsumoto--nakamachi.webp
Matsumoto,Nakamachi,Hood 2 Photo Credit,,https://commons.wikimedia.org/wiki/File:Nakamachi_kuranokaikan01s2048.jpg
Matsumoto,Fukashi (Matsumoto Station area),Hood 4 Photo File,,images/hoods/matsumoto--fukashi-matsumoto-station-area.webp
Matsumoto,Fukashi (Matsumoto Station area),Hood 4 Photo Credit,,https://commons.wikimedia.org/wiki/File:The_hidden_fires_of_the_Flame_Nebula.jpg
Matsumoto,Asama Onsen,Hood 5 Photo File,,images/hoods/matsumoto--asama-onsen.webp
Matsumoto,Asama Onsen,Hood 5 Photo Credit,,https://commons.wikimedia.org/wiki/File:Asama_Onsen.jpg
Matsuyama,hero,City Photo File,images/cities/matsuyama.jpg,images/cities/matsuyama.webp
Matsuyama,hero,City Photo Credit,https://commons.wikimedia.org/wiki/File:Matsuyama_montage.jpg,https://commons.wikimedia.org/wiki/File:Dogo_Hot_Spring5(Matsuyama_City).JPG
Matsuyama,Dogo Onsen,Hood 1 Photo File,,images/hoods/matsuyama--dogo-onsen.webp
Matsuyama,Dogo Onsen,Hood 1 Photo Credit,,https://commons.wikimedia.org/wiki/File:Dogoonsen_-_panoramio_(2).jpg
Matsuyama,Okaido & Gintengai (Downtown),Hood 2 Photo File,,images/hoods/matsuyama--okaido-gintengai-downtown.webp
Matsuyama,Okaido & Gintengai (Downtown),Hood 2 Photo Credit,,https://commons.wikimedia.org/wiki/File:Okaido_-_panoramio_-_DVMG.jpg
Matsuyama,Matsuyama Castle & Ropeway Street,Hood 3 Photo File,,images/hoods/matsuyama--matsuyama-castle-ropeway-street.webp
Matsuyama,Matsuyama Castle & Ropeway Street,Hood 3 Photo Credit,,"https://commons.wikimedia.org/wiki/File:Marunouchi,_Matsuyama,_Ehime_Prefecture_790-0008,_Japan_-_panoramio_(2).jpg"
Matsuyama,Matsuyama City Station,Hood 4 Photo File,,images/hoods/matsuyama--matsuyama-city-station.webp
Matsuyama,Matsuyama City Station,Hood 4 Photo Credit,,https://commons.wikimedia.org/wiki/File:Matsuyama_city_hall_tram_stop_platform.jpg
Matsuyama,JR Matsuyama Station,Hood 5 Photo File,,images/hoods/matsuyama--jr-matsuyama-station.webp
Matsuyama,JR Matsuyama Station,Hood 5 Photo Credit,,https://commons.wikimedia.org/wiki/File:JR_Matsuyama_station_-_panoramio_(7).jpg
Maun,hero,City Photo File,images/cities/maun.jpg,images/cities/maun.webp
Maun,hero,City Photo Credit,https://commons.wikimedia.org/wiki/File:MaunAirview1.jpg,"https://commons.wikimedia.org/wiki/File:Vista_a%C3%A9rea_del_delta_del_Okavango,_Botsuana,_2018-08-01,_DD_32.jpg"
Mazatlán,hero,City Photo File,images/cities/mazatl-n.jpg,images/cities/mazatl-n.webp
Mazatlán,hero,City Photo Credit,https://commons.wikimedia.org/wiki/File:Mazatl%C3%A1nCollage.png,https://commons.wikimedia.org/wiki/File:Mazatlan_Vista_(130982767).jpeg
Mazatlán,Centro Histórico (Old Town),Hood 1 Photo File,,images/hoods/mazatlan--centro-historico-old-town.webp
Mazatlán,Centro Histórico (Old Town),Hood 1 Photo Credit,,"https://commons.wikimedia.org/wiki/File:Mapa_del_Centro_Hist%C3%B3rico_de_Mazatl%C3%A1n,_3_de_marzo_de_2022.jpg"
Mazatlán,Zona Dorada (Golden Zone),Hood 2 Photo File,,images/hoods/mazatlan--zona-dorada-golden-zone.webp
Mazatlán,Zona Dorada (Golden Zone),Hood 2 Photo Credit,,https://commons.wikimedia.org/wiki/File:Las_Flores_Beach_Resort.jpg
Mazatlán,Marina Mazatlán,Hood 4 Photo File,,images/hoods/mazatlan--marina-mazatlan.webp
Mazatlán,Marina Mazatlán,Hood 4 Photo Credit,,https://commons.wikimedia.org/wiki/File:Mazatl%C3%A1n_-_panoramio.jpg
Mazatlán,Cerritos,Hood 5 Photo File,,images/hoods/mazatlan--cerritos.webp
Mazatlán,Cerritos,Hood 5 Photo Credit,,https://commons.wikimedia.org/wiki/File:HUNTINGTON_SOLANO-REEVE_Rancho_Los_Cerritos_circa_1870_official_survey_plat_by_Henry_Hancock.jpg
Mbabane,hero,City Photo File,images/cities/mbabane.jpg,images/cities/mbabane.webp
Mbabane,hero,City Photo Credit,https://en.wikipedia.org/wiki/File:Mbabane_(6035476964).jpg,https://www.pexels.com/photo/scenic-view-of-mbabane-city-with-mountain-backdrop-34040098/
Mbabane,Mbabane City Centre,Hood 1 Photo File,,images/hoods/mbabane--mbabane-city-centre.webp
Mbabane,Mbabane City Centre,Hood 1 Photo Credit,,https://commons.wikimedia.org/wiki/File:Eswatini_Bank.jpg
Mbabane,Ezulwini Valley,Hood 2 Photo File,,images/hoods/mbabane--ezulwini-valley.webp
Mbabane,Ezulwini Valley,Hood 2 Photo Credit,,"https://commons.wikimedia.org/wiki/File:La_Cha%C3%AEne_Ezulwini,_Malkerns_(Swaziland).jpg"
Mecca,hero,City Photo File,images/cities/mecca.jpg,images/cities/mecca.webp
Mecca,Al Aziziyah,Hood 1 Photo File,images/hoods/mecca--al-aziziyah.jpg,images/hoods/mecca--al-aziziyah.webp
Mecca,Ajyad,Hood 2 Photo File,images/hoods/mecca--ajyad.jpg,images/hoods/mecca--ajyad.webp
Mecca,Al Misfalah,Hood 3 Photo File,,images/hoods/mecca--al-misfalah.webp
Mecca,Al Misfalah,Hood 3 Photo Credit,,https://commons.wikimedia.org/wiki/File:Al_Reyadah_Grand_Hotel_(_Ibrahim_khalil_road_MAKKAH)_-_panoramio.jpg
Mecca,Al Shubaikah,Hood 4 Photo File,,images/hoods/mecca--al-shubaikah.webp
Mecca,Al Shubaikah,Hood 4 Photo Credit,,"https://commons.wikimedia.org/wiki/File:Ash_Shubaikah,_Mecca_24231,_Saudi_Arabia_-_panoramio.jpg"
Mecca,Al Rusaifah,Hood 5 Photo File,,images/hoods/mecca--al-rusaifah.webp
Mecca,Al Rusaifah,Hood 5 Photo Credit,,https://commons.wikimedia.org/wiki/File:Rusefa_rusefa_mosque_-_panoramio.jpg
Medan,hero,City Photo File,images/cities/medan.jpg,images/cities/medan.webp
Medan,Kesawan (Old Town),Hood 1 Photo File,,images/hoods/medan--kesawan-old-town.webp
Medan,Kesawan (Old Town),Hood 1 Photo Credit,,https://commons.wikimedia.org/wiki/File:Car_Free_Day.jpg
Medan,Merdeka / Sudirman,Hood 2 Photo File,,images/hoods/medan--merdeka-sudirman.webp
Medan,Merdeka / Sudirman,Hood 2 Photo Credit,,"https://commons.wikimedia.org/wiki/File:23.10.2025_-_Celebra%C3%A7%C3%A3o_do_anivers%C3%A1rio_do_Presidente_da_Rep%C3%BAblica,_Luiz_In%C3%A1cio_Lula_da_Silva_e_do_Presidente_da_Rep%C3%BAblica_da_Indon%C3%A9sia,_Prabowo_Subianto_(54874775946).jpg"
Medan,Polonia,Hood 3 Photo File,,images/hoods/medan--polonia.webp
Medan,Polonia,Hood 3 Photo Credit,,https://commons.wikimedia.org/wiki/File:Pitopang_Air_Landing_Di_Polonia_-_panoramio.jpg
Medan,Petisah,Hood 4 Photo File,,images/hoods/medan--petisah.webp
Medan,Petisah,Hood 4 Photo Credit,,"https://commons.wikimedia.org/wiki/File:HKBP_Pasar_Melintang,_Res._Pasar_Melintang_(02).jpg"
Medan,Kampung Madras (Little India),Hood 5 Photo File,,images/hoods/medan--kampung-madras-little-india.webp
Medan,Kampung Madras (Little India),Hood 5 Photo Credit,,https://commons.wikimedia.org/wiki/File:Little_India_Medan_01.jpg
Medellín,hero,City Photo File,images/cities/medell-n.jpg,images/cities/medell-n.webp
Medellín,El Poblado,Hood 1 Photo File,,images/hoods/medellin--el-poblado.webp
Medellín,El Poblado,Hood 1 Photo Credit,,https://commons.wikimedia.org/wiki/File:Cables_en_Medell%C3%ADn.jpg
Medellín,Laureles,Hood 2 Photo File,,images/hoods/medellin--laureles.webp
Medellín,Laureles,Hood 2 Photo Credit,,"https://commons.wikimedia.org/wiki/File:Laureles_-_Estadio,_Medell%C3%ADn,_Antioquia,_Colombia_-_panoramio_(1).jpg"
Medellín,El Centro,Hood 3 Photo File,,images/hoods/medellin--el-centro.webp
Medellín,El Centro,Hood 3 Photo Credit,,https://commons.wikimedia.org/wiki/File:Centro_Comeecial_Santaf%C3%A9_Medellin_0.jpg
Medellín,Envigado,Hood 4 Photo File,,images/hoods/medellin--envigado.webp
Medellín,Envigado,Hood 4 Photo Credit,,https://commons.wikimedia.org/wiki/File:Fly_with_me_2_-_Coltejer_(4936004007).jpg
Medellín,Sabaneta,Hood 5 Photo File,,images/hoods/medellin--sabaneta.webp
Medellín,Sabaneta,Hood 5 Photo Credit,,"https://commons.wikimedia.org/wiki/File:Parque_Ecol%C3%B3gico_La_Romera,_Sabaneta,_Antioquia,_Colombia_20220704_072026.jpg"
Medina,hero,City Photo File,images/cities/medina.jpg,images/cities/medina.webp
Medina,Quba,Hood 1 Photo File,images/hoods/medina--quba.jpg,images/hoods/medina--quba.webp
Medina,Al-Anbariyah,Hood 2 Photo File,,images/hoods/medina--al-anbariyah.webp
Medina,Al-Anbariyah,Hood 2 Photo Credit,,"https://commons.wikimedia.org/wiki/File:Anbariya_Mosque,_Madinah,_Saudi_Arabia.jpg"
Medina,Qurban,Hood 4 Photo File,,images/hoods/medina--qurban.webp
Medina,Qurban,Hood 4 Photo Credit,,https://commons.wikimedia.org/wiki/File:Kebun_Kurma_Madinah_(Umroh_Ramadhan_2023)-6.jpg
Medina,Central Area (Al Haram),Hood 5 Photo File,,images/hoods/medina--central-area-al-haram.webp
Medina,Central Area (Al Haram),Hood 5 Photo Credit,,https://commons.wikimedia.org/wiki/File:Prophet_Mosque_-_panoramio.jpg
Mek'ele,hero,City Photo File,images/cities/mek-ele.jpg,images/cities/mek-ele.webp
Mek'ele,Hawelti,Hood 2 Photo File,,images/hoods/mek-ele--hawelti.webp
Mek'ele,Hawelti,Hood 2 Photo Credit,,https://www.flickr.com/photos/141889533@N05/49044633013/
Melbourne,hero,City Photo File,images/cities/melbourne.jpg,images/cities/melbourne.webp
Melbourne,Fitzroy,Hood 1 Photo File,images/hoods/melbourne--fitzroy.jpg,images/hoods/melbourne--fitzroy.webp
Melbourne,St Kilda,Hood 2 Photo File,images/hoods/melbourne--st-kilda.jpg,images/hoods/melbourne--st-kilda.webp
Melbourne,Carlton,Hood 3 Photo File,images/hoods/melbourne--carlton.jpg,images/hoods/melbourne--carlton.webp
Melbourne,Carlton,Hood 3 Photo Credit,https://www.pexels.com/photo/streets-in-melbourne-18326531/,"https://commons.wikimedia.org/wiki/File:AUS_Melbourne,_Melbourne,_Carlton_Gardens_025.jpg"
Melbourne,Southbank,Hood 4 Photo File,images/hoods/melbourne--southbank.jpg,images/hoods/melbourne--southbank.webp
Melbourne,Richmond,Hood 5 Photo File,images/hoods/melbourne--richmond.jpg,images/hoods/melbourne--richmond.webp
Memphis,hero,City Photo File,images/cities/memphis.jpg,images/cities/memphis.webp
Memphis,Downtown / Beale Street,Hood 1 Photo File,,images/hoods/memphis--downtown-beale-street.webp
Memphis,Downtown / Beale Street,Hood 1 Photo Credit,,"https://commons.wikimedia.org/wiki/File:200_Jefferson_Building,_Jefferson_Avenue_and_B._B._King_Boulevard,_Memphis,_TN_(53699324130).jpg"
Memphis,South Main Arts District,Hood 2 Photo File,,images/hoods/memphis--south-main-arts-district.webp
Memphis,South Main Arts District,Hood 2 Photo Credit,,https://commons.wikimedia.org/wiki/File:Central_Station_-_panoramio_(1).jpg
Memphis,Midtown / Overton Square,Hood 3 Photo File,,images/hoods/memphis--midtown-overton-square.webp
Memphis,Midtown / Overton Square,Hood 3 Photo Credit,,https://commons.wikimedia.org/wiki/File:Wild_Bill_-_panoramio.jpg
Memphis,Whitehaven / Graceland,Hood 4 Photo File,,images/hoods/memphis--whitehaven-graceland.webp
Memphis,Whitehaven / Graceland,Hood 4 Photo Credit,,https://commons.wikimedia.org/wiki/File:Winbranch_Complex.jpg
Memphis,East Memphis,Hood 5 Photo File,,images/hoods/memphis--east-memphis.webp
Memphis,East Memphis,Hood 5 Photo Credit,,https://commons.wikimedia.org/wiki/File:East_High_School_Memphis_TN_Former_Annex.jpg
Mendoza,hero,City Photo File,images/cities/mendoza.jpg,images/cities/mendoza.webp
Mendoza,Área Fundacional,Hood 2 Photo File,,images/hoods/mendoza--area-fundacional.webp
Mendoza,Área Fundacional,Hood 2 Photo Credit,,https://commons.wikimedia.org/wiki/File:Maqueta_de_Mendoza.JPG
Mendoza,Quinta Sección,Hood 3 Photo File,,images/hoods/mendoza--quinta-seccion.webp
Mendoza,Quinta Sección,Hood 3 Photo Credit,,"https://commons.wikimedia.org/wiki/File:Bas%C3%ADlica_de_Nuestra_Se%C3%B1ora_de_la_Candelaria,_Candelaria,_Tenerife,_Espa%C3%B1a,_2012-12-12,_DD_06.jpg"
Mendoza,Chacras de Coria,Hood 4 Photo File,,images/hoods/mendoza--chacras-de-coria.webp
Mendoza,Chacras de Coria,Hood 4 Photo Credit,,https://commons.wikimedia.org/wiki/File:SIESTA_PUEBLERINA.jpg
Mendoza,Godoy Cruz,Hood 5 Photo File,,images/hoods/mendoza--godoy-cruz.webp
Mendoza,Godoy Cruz,Hood 5 Photo Credit,,https://commons.wikimedia.org/wiki/File:Escuela_-_panoramio_(3).jpg
Mexico City,hero,City Photo File,images/cities/mexico-city.jpg,images/cities/mexico-city.webp
Mexico City,Condesa,Hood 1 Photo File,images/hoods/mexico-city--condesa.jpg,images/hoods/mexico-city--condesa.webp
Mexico City,Roma,Hood 2 Photo File,images/hoods/mexico-city--roma.jpg,images/hoods/mexico-city--roma.webp
Mexico City,Polanco,Hood 3 Photo File,images/hoods/mexico-city--polanco.jpg,images/hoods/mexico-city--polanco.webp
Mexico City,Coyoacan,Hood 4 Photo File,images/hoods/mexico-city--coyoacan.jpg,images/hoods/mexico-city--coyoacan.webp
Mexico City,Centro Historico,Hood 5 Photo File,images/hoods/mexico-city--centro-historico.jpg,images/hoods/mexico-city--centro-historico.webp
Miami,hero,City Photo File,images/cities/miami.jpg,images/cities/miami.webp
Miami,hero,City Photo Credit,https://commons.wikimedia.org/wiki/File:Villa_Vizcaya_20110228.jpg,https://commons.wikimedia.org/wiki/File:Central_Downtown_Miami_20090513.jpg
Miami,South Beach,Hood 1 Photo File,images/hoods/miami--south-beach.jpg,images/hoods/miami--south-beach.webp
Miami,Wynwood,Hood 2 Photo File,images/hoods/miami--wynwood.jpg,images/hoods/miami--wynwood.webp
Miami,Wynwood,Hood 2 Photo Credit,https://commons.wikimedia.org/wiki/File:Midtownmiamicenter.jpg,"https://commons.wikimedia.org/wiki/File:Wynwood,_Miami,_FL,_USA_-_panoramio_(1).jpg"
Miami,Little Havana,Hood 3 Photo File,images/hoods/miami--little-havana.jpg,images/hoods/miami--little-havana.webp
Miami,Brickell,Hood 4 Photo File,images/hoods/miami--brickell.jpg,images/hoods/miami--brickell.webp
Miami,Coconut Grove,Hood 5 Photo File,images/hoods/miami--coconut-grove.jpg,images/hoods/miami--coconut-grove.webp
Milan,hero,City Photo File,images/cities/milan.jpg,images/cities/milan.webp
Milan,Duomo / Centro,Hood 1 Photo File,images/hoods/milan--duomo-centro.jpg,images/hoods/milan--duomo-centro.webp
Milan,Brera,Hood 2 Photo File,images/hoods/milan--brera.jpg,images/hoods/milan--brera.webp
Milan,Navigli,Hood 3 Photo File,images/hoods/milan--navigli.jpg,images/hoods/milan--navigli.webp
Milan,Porta Nuova,Hood 4 Photo File,images/hoods/milan--porta-nuova.jpg,images/hoods/milan--porta-nuova.webp
Milan,Isola,Hood 5 Photo File,images/hoods/milan--isola.jpg,images/hoods/milan--isola.webp
Mingora,hero,City Photo File,images/cities/mingora.jpg,images/cities/mingora.webp
Mingora,Saidu Sharif,Hood 2 Photo File,,images/hoods/mingora--saidu-sharif.webp
Mingora,Saidu Sharif,Hood 2 Photo Credit,,"https://commons.wikimedia.org/wiki/File:Faizabad,_Saidu_Shariff_Swat,_KPK,_Pakistan.JPG"
Mingora,Fizagat,Hood 4 Photo File,,images/hoods/mingora--fizagat.webp
Mingora,Fizagat,Hood 4 Photo Credit,,https://commons.wikimedia.org/wiki/File:Swat-5.JPG
Minneapolis,hero,City Photo File,images/cities/minneapolis.jpg,images/cities/minneapolis.webp
Minneapolis,North Loop,Hood 1 Photo File,,images/hoods/minneapolis--north-loop.webp
Minneapolis,North Loop,Hood 1 Photo Credit,,"https://commons.wikimedia.org/wiki/File:Grain_Belt_Beer_sign,_Minneapolis,_Minnesota_LCCN2013650731.tif"
Minneapolis,Downtown / Mill District,Hood 2 Photo File,,images/hoods/minneapolis--downtown-mill-district.webp
Minneapolis,Downtown / Mill District,Hood 2 Photo Credit,,https://commons.wikimedia.org/wiki/File:%22Assisi_on_Ninth%22_statue_-_panoramio.jpg
Minneapolis,Uptown,Hood 3 Photo File,,images/hoods/minneapolis--uptown.webp
Minneapolis,Uptown,Hood 3 Photo Credit,,https://commons.wikimedia.org/wiki/File:Fremont_Avenue_South_near_33rd_Street.jpg
Minneapolis,Northeast Minneapolis,Hood 4 Photo File,,images/hoods/minneapolis--northeast-minneapolis.webp
Minneapolis,Northeast Minneapolis,Hood 4 Photo Credit,,https://commons.wikimedia.org/wiki/File:Windom_Park_01.jpg
Minneapolis,Dinkytown,Hood 5 Photo File,,images/hoods/minneapolis--dinkytown.webp
Minneapolis,Dinkytown,Hood 5 Photo Credit,,"https://commons.wikimedia.org/wiki/File:Varsity_Theater,_detail,_1308_S._4th_Street,_Dinkeytown,_Minneapolis,_Minnesota_LCCN2017703278.tif"
Minsk,hero,City Photo File,images/cities/minsk.jpg,images/cities/minsk.webp
Minsk,City Center (Independence Avenue),Hood 1 Photo File,images/hoods/minsk--city-center-independence-avenue.jpg,images/hoods/minsk--city-center-independence-avenue.webp
Minsk,Trinity Suburb & Upper Town,Hood 2 Photo File,images/hoods/minsk--trinity-suburb-upper-town.jpg,images/hoods/minsk--trinity-suburb-upper-town.webp
Minsk,Nemiga,Hood 3 Photo File,images/hoods/minsk--nemiga.jpg,images/hoods/minsk--nemiga.webp
Minsk,Railway Station Area,Hood 4 Photo File,,images/hoods/minsk--railway-station-area.webp
Minsk,Railway Station Area,Hood 4 Photo Credit,,https://commons.wikimedia.org/wiki/File:2026.03.22_Minsk_Gate_Stalinist_Architecture_Ensemble_on_Train_Station_01.jpg
Minsk,Zalataja Horka (Golden Hill),Hood 5 Photo File,,images/hoods/minsk--zalataja-horka-golden-hill.webp
Minsk,Zalataja Horka (Golden Hill),Hood 5 Photo Credit,,https://commons.wikimedia.org/wiki/File:Zalataja_Horka_street_(Minsk)_p1.jpg
Mogadishu,hero,City Photo File,images/cities/mogadishu.jpg,images/cities/mogadishu.webp
Mogadishu,Hamar Weyne,Hood 1 Photo File,,images/hoods/mogadishu--hamar-weyne.webp
Mogadishu,Hamar Weyne,Hood 1 Photo Credit,,https://commons.wikimedia.org/wiki/File:2012_11_18_AMISOM_Hamar-Weyne_Market_A_(8199807460).jpg
Mogadishu,Airport / Halane Zone,Hood 4 Photo File,,images/hoods/mogadishu--airport-halane-zone.webp
Mogadishu,Airport / Halane Zone,Hood 4 Photo Credit,,https://commons.wikimedia.org/wiki/File:Heathrow_Airport_010.jpg
Mombasa,hero,City Photo File,images/cities/mombasa.jpg,images/cities/mombasa.webp
Mombasa,Nyali,Hood 3 Photo File,,images/hoods/mombasa--nyali.webp
Mombasa,Nyali,Hood 3 Photo Credit,,"https://commons.wikimedia.org/wiki/File:Fishing_boat_as_viewed_from_Nyali_Beach_next_to_the_Mombasa_Beach_Hotel_during_low_tide_and_still_conditions_in_Mombasa,_Kenya.jpg"
Mombasa,Bamburi Beach,Hood 4 Photo File,,images/hoods/mombasa--bamburi-beach.webp
Mombasa,Bamburi Beach,Hood 4 Photo Credit,,https://commons.wikimedia.org/wiki/File:BAMBURI_BEACH.MOMBASA_-_panoramio.jpg
Mombasa,Diani Beach,Hood 5 Photo File,,images/hoods/mombasa--diani-beach.webp
Mombasa,Diani Beach,Hood 5 Photo Credit,,https://commons.wikimedia.org/wiki/File:Diani_Beach_2013_-_panoramio_(100).jpg
Monaco,hero,City Photo File,images/cities/monaco.jpg,images/cities/monaco.webp
Monaco,Monte-Carlo,Hood 1 Photo File,images/hoods/monaco--monte-carlo.jpg,images/hoods/monaco--monte-carlo.webp
Monaco,Monte-Carlo,Hood 1 Photo Credit,https://commons.wikimedia.org/wiki/File:Panorama_von_Monaco-La_Turbie.jpg,https://commons.wikimedia.org/wiki/File:Casino_de_Monte-Carlo_plaza_Monaco_2026.JPG
Monaco,La Condamine,Hood 2 Photo File,images/hoods/monaco--la-condamine.jpg,images/hoods/monaco--la-condamine.webp
Monaco,Fontvieille,Hood 3 Photo File,images/hoods/monaco--fontvieille.jpg,images/hoods/monaco--fontvieille.webp
Monaco,Larvotto,Hood 4 Photo File,images/hoods/monaco--larvotto.jpg,images/hoods/monaco--larvotto.webp
Monaco,Beausoleil,Hood 5 Photo File,images/hoods/monaco--beausoleil.jpg,images/hoods/monaco--beausoleil.webp
Monastir,hero,City Photo File,images/cities/monastir.jpg,images/cities/monastir.webp
Monastir,Skanès (Zone Touristique),Hood 3 Photo File,,images/hoods/monastir--skanes-zone-touristique.webp
Monastir,Skanès (Zone Touristique),Hood 3 Photo Credit,,https://commons.wikimedia.org/wiki/File:Le_palais.JPG
Monastir,City Centre & Corniche,Hood 4 Photo File,,images/hoods/monastir--city-centre-corniche.webp
Monastir,City Centre & Corniche,Hood 4 Photo Credit,,https://commons.wikimedia.org/wiki/File:Muttrah-Muscat_%D9%85%D8%B7%D8%B1%D8%AD%D8%8C_%D9%85%D8%B3%D9%82%D8%B7_29_(%D9%85%D8%B1%D8%BA_%D8%AF%D8%B1%DB%8C%D8%A7%DB%8C%DB%8C).jpg
Monastir,Khniss,Hood 5 Photo File,,images/hoods/monastir--khniss.webp
Monastir,Khniss,Hood 5 Photo Credit,,"https://commons.wikimedia.org/wiki/File:Place_des_Martyrs,_Khneis_01.jpg"
Mont-Saint-Michel,hero,City Photo File,images/cities/mont-saint-michel.jpg,images/cities/mont-saint-michel.webp
Mont-Saint-Michel,Grande Rue,Hood 1 Photo File,,images/hoods/mont-saint-michel--grande-rue.webp
Mont-Saint-Michel,Grande Rue,Hood 1 Photo Credit,,"https://commons.wikimedia.org/wiki/File:Fa%C3%A7ade_est_du_Vieux_logis_(Le_Mont-Saint-Michel,_Manche,_France).jpg"
Mont-Saint-Michel,Mainland Visitor Village,Hood 2 Photo File,,images/hoods/mont-saint-michel--mainland-visitor-village.webp
Mont-Saint-Michel,Mainland Visitor Village,Hood 2 Photo Credit,,"https://commons.wikimedia.org/wiki/File:Oak_Island,_Brunswick_County,_North_Carolina,_United_States_(2024-05-18-02-25-59_UMBRA-05).tiff"
Mont-Saint-Michel,Pontorson,Hood 3 Photo File,,images/hoods/mont-saint-michel--pontorson.webp
Mont-Saint-Michel,Pontorson,Hood 3 Photo Credit,,https://commons.wikimedia.org/wiki/File:%C3%89cluse_Mont-Saint-Michel_-_panoramio.jpg
Mont-Saint-Michel,Mainland Visitor Village,Hood 4 Photo File,,images/hoods/mont-saint-michel--mainland-visitor-village.webp
Mont-Saint-Michel,Mainland Visitor Village,Hood 4 Photo Credit,,"https://commons.wikimedia.org/wiki/File:Oak_Island,_Brunswick_County,_North_Carolina,_United_States_(2024-05-18-02-25-59_UMBRA-05).tiff"
Montego Bay,hero,City Photo File,images/cities/montego-bay.jpg,images/cities/montego-bay.webp
Montego Bay,Hip Strip (Gloucester Avenue),Hood 1 Photo File,,images/hoods/montego-bay--hip-strip-gloucester-avenue.webp
Montego Bay,Hip Strip (Gloucester Avenue),Hood 1 Photo Credit,,https://www.flickr.com/photos/53301297@N00/51280888710/
Montego Bay,Rose Hall,Hood 2 Photo File,,images/hoods/montego-bay--rose-hall.webp
Montego Bay,Rose Hall,Hood 2 Photo Credit,,https://commons.wikimedia.org/wiki/File:Rose_Hall_Spillway_Montego_Bay_Jamaica_Photo_Don_Ramey_Logan.jpg
Montego Bay,Ironshore,Hood 3 Photo File,,images/hoods/montego-bay--ironshore.webp
Montego Bay,Ironshore,Hood 3 Photo Credit,,https://commons.wikimedia.org/wiki/File:West_Bay_sand_from_Conocarpus_on_Ironshore_1979_(27093331579).jpg
Montego Bay,Downtown Montego Bay,Hood 5 Photo File,,images/hoods/montego-bay--downtown-montego-bay.webp
Montego Bay,Downtown Montego Bay,Hood 5 Photo Credit,,https://commons.wikimedia.org/wiki/File:Historic_Building_Montego_Bay_Jamaica_Photo_Don_Ramey_Logan.jpg
Monterrey,hero,City Photo File,images/cities/monterrey.jpg,images/cities/monterrey.webp
Monterrey,Centro (Macroplaza),Hood 1 Photo File,,images/hoods/monterrey--centro-macroplaza.webp
Monterrey,Centro (Macroplaza),Hood 1 Photo Credit,,https://commons.wikimedia.org/wiki/File:Museo_MARCO_-_panoramio.jpg
Monterrey,Barrio Antiguo,Hood 2 Photo File,,images/hoods/monterrey--barrio-antiguo.webp
Monterrey,Barrio Antiguo,Hood 2 Photo Credit,,https://commons.wikimedia.org/wiki/File:Catedral_-_panoramio_(31).jpg
Monterrey,San Pedro Garza Garcia,Hood 3 Photo File,,images/hoods/monterrey--san-pedro-garza-garcia.webp
Monterrey,San Pedro Garza Garcia,Hood 3 Photo Credit,,"https://commons.wikimedia.org/wiki/File:El_cantante_mexicano_Deny_Kotasek_en_Fashion_Drive_en_San_Pedro_Garza_Garc%C3%ADa,_Nuevo_Le%C3%B3n,_M%C3%A9xico.jpg"
Monterrey,Valle Oriente,Hood 4 Photo File,,images/hoods/monterrey--valle-oriente.webp
Monterrey,Valle Oriente,Hood 4 Photo Credit,,https://commons.wikimedia.org/wiki/File:Virgen_del_Valle_from_Margarita_island.jpg
Monterrey,Obispado,Hood 5 Photo File,,images/hoods/monterrey--obispado.webp
Monterrey,Obispado,Hood 5 Photo Credit,,https://commons.wikimedia.org/wiki/File:Antiguo_Obispado_o_Museo_Regional_de_Nuevo_Le%C3%B3n.JPG
Montevideo,hero,City Photo File,images/cities/montevideo.jpg,images/cities/montevideo.webp
Montevideo,Ciudad Vieja,Hood 1 Photo File,,images/hoods/montevideo--ciudad-vieja.webp
Montevideo,Ciudad Vieja,Hood 1 Photo Credit,,https://commons.wikimedia.org/wiki/File:Calle_cerca_del_puerto_(6387646281).jpg
Montevideo,Centro,Hood 2 Photo File,,images/hoods/montevideo--centro.webp
Montevideo,Centro,Hood 2 Photo Credit,,https://commons.wikimedia.org/wiki/File:2016_Edificio_en_la_av_18_de_Julio_en_Montevideo.jpg
Montevideo,Pocitos,Hood 3 Photo File,,images/hoods/montevideo--pocitos.webp
Montevideo,Pocitos,Hood 3 Photo Credit,,"https://commons.wikimedia.org/wiki/File:Avenida_General_Fructuoso_Rivera,_Montevideo_-_2017-05-15.jpg"
Montevideo,Punta Carretas,Hood 4 Photo File,,images/hoods/montevideo--punta-carretas.webp
Montevideo,Punta Carretas,Hood 4 Photo Credit,,https://commons.wikimedia.org/wiki/File:At_Montevideo_2023_372.jpg
Montevideo,Carrasco,Hood 5 Photo File,,images/hoods/montevideo--carrasco.webp
Montevideo,Carrasco,Hood 5 Photo Credit,,https://commons.wikimedia.org/wiki/File:Malvin_Alto_-_panoramio.jpg
Montpellier,hero,City Photo File,images/cities/montpellier.jpg,images/cities/montpellier.webp
Montpellier,Écusson (Old Town),Hood 1 Photo File,,images/hoods/montpellier--ecusson-old-town.webp
Montpellier,Écusson (Old Town),Hood 1 Photo Credit,,https://commons.wikimedia.org/wiki/File:Montpellier_(29248339324).jpg
Montpellier,Antigone,Hood 2 Photo File,,images/hoods/montpellier--antigone.webp
Montpellier,Antigone,Hood 2 Photo Credit,,https://commons.wikimedia.org/wiki/File:All%C3%A9e_de_D%C3%A9los_(2392938665).jpg
Montpellier,Beaux-Arts,Hood 3 Photo File,,images/hoods/montpellier--beaux-arts.webp
Montpellier,Beaux-Arts,Hood 3 Photo Credit,,https://commons.wikimedia.org/wiki/File:20161010_4875B_ESBAMA_Entrance.jpg
Montpellier,Port Marianne,Hood 4 Photo File,,images/hoods/montpellier--port-marianne.webp
Montpellier,Port Marianne,Hood 4 Photo Credit,,https://commons.wikimedia.org/wiki/File:Montpellier_-_Tramway_-_Ligne_1-_Mosson-Odysseum_(6).jpg
Montpellier,Les Arceaux,Hood 5 Photo File,,images/hoods/montpellier--les-arceaux.webp
Montpellier,Les Arceaux,Hood 5 Photo Credit,,https://commons.wikimedia.org/wiki/File:Les_Arceaux_(5198926786).jpg
Montreal,hero,City Photo File,images/cities/montreal.jpg,images/cities/montreal.webp
Montreal,Plateau-Mont-Royal,Hood 1 Photo File,images/hoods/montreal--plateau-mont-royal.jpg,images/hoods/montreal--plateau-mont-royal.webp
Montreal,Mile End,Hood 2 Photo File,images/hoods/montreal--mile-end.jpg,images/hoods/montreal--mile-end.webp
Montreal,Vieux-Montréal (Old Montreal),Hood 3 Photo File,images/hoods/montreal--vieux-montreal-old-montreal.jpg,images/hoods/montreal--vieux-montreal-old-montreal.webp
Montreal,Griffintown,Hood 4 Photo File,images/hoods/montreal--griffintown.jpg,images/hoods/montreal--griffintown.webp
Montreal,Outremont,Hood 5 Photo File,images/hoods/montreal--outremont.jpg,images/hoods/montreal--outremont.webp
Montreal,Outremont,Hood 5 Photo Credit,https://commons.wikimedia.org/wiki/File:Outremont_Station_Montreal_Metro.jpg,https://commons.wikimedia.org/wiki/File:Avenue_Bernard_pi%C3%A9tonnis%C3%A9e.png
Morelia,hero,City Photo File,images/cities/morelia.jpg,images/cities/morelia.webp
Morelia,hero,City Photo Credit,https://commons.wikimedia.org/wiki/File:Capilla_de_la_Virgen_de_Guadalupe_%28Vista_Interior%29.JPG,"https://commons.wikimedia.org/wiki/File:Morelia,_centro_19.jpg"
Morelia,Centro Histórico,Hood 1 Photo File,,images/hoods/morelia--centro-historico.webp
Morelia,Centro Histórico,Hood 1 Photo Credit,,https://commons.wikimedia.org/wiki/File:Centro_Historico_Morelia.jpg
Morelia,Chapultepec Norte,Hood 2 Photo File,,images/hoods/morelia--chapultepec-norte.webp
Morelia,Chapultepec Norte,Hood 2 Photo Credit,,https://commons.wikimedia.org/wiki/File:Escultura_de_%22la_Diana_Cazadora%22.jpg
Morelia,Las Américas (Camelinas),Hood 3 Photo File,,images/hoods/morelia--las-americas-camelinas.webp
Morelia,Las Américas (Camelinas),Hood 3 Photo Credit,,https://commons.wikimedia.org/wiki/File:Unidades_Busscar_en_Las_Am%C3%A9ricas_L2.jpg
Morondava,hero,City Photo File,images/cities/morondava.jpg,images/cities/morondava.webp
Morondava,hero,City Photo Credit,https://commons.wikimedia.org/wiki/File:Strada_di_Morondava.jpg,https://commons.wikimedia.org/wiki/File:Adansonia_grandidieri03.jpg
Morondava,Nosy Kely,Hood 1 Photo File,,images/hoods/morondava--nosy-kely.webp
Morondava,Nosy Kely,Hood 1 Photo Credit,,"https://commons.wikimedia.org/wiki/File:L%27%C3%8Ele_Coco_in_Saint_Brandon,_one_of_the_Thirteen_Islands_of_Raphael_Fishing_Company.jpg"
Morondava,Andakabe,Hood 4 Photo File,,images/hoods/morondava--andakabe.webp
Morondava,Andakabe,Hood 4 Photo Credit,,https://commons.wikimedia.org/wiki/File:Tanjona_Menabe_Hotel_in_Andakabe_locality_of_Morondava.jpg
Moscow,hero,City Photo File,images/cities/moscow.jpg,images/cities/moscow.webp
Moscow,Red Square / Kitay-Gorod,Hood 1 Photo File,images/hoods/moscow--red-square-kitay-gorod.jpg,images/hoods/moscow--red-square-kitay-gorod.webp
Moscow,Arbat,Hood 2 Photo File,images/hoods/moscow--arbat.jpg,images/hoods/moscow--arbat.webp
Moscow,Krasny Oktyabr / Bolotnaya (Red October),Hood 3 Photo File,images/hoods/moscow--krasny-oktyabr-bolotnaya-red-october.jpg,images/hoods/moscow--krasny-oktyabr-bolotnaya-red-october.webp
Moscow,Zamoskvorechye,Hood 5 Photo File,images/hoods/moscow--zamoskvorechye.jpg,images/hoods/moscow--zamoskvorechye.webp
Moscow,Zamoskvorechye,Hood 5 Photo Credit,https://commons.wikimedia.org/wiki/File:Moscow_05-2012_TretyakovGallery.jpg,https://commons.wikimedia.org/wiki/File:%D0%97%D0%B0%D0%BA%D0%B0%D1%82_%D0%B2_%D0%9C%D0%BE%D1%81%D0%BA%D0%B2%D0%B5_%D0%B2_%D0%BD%D0%BE%D1%8F%D0%B1%D1%80%D0%B5.jpg
Moshi,hero,City Photo File,images/cities/moshi.jpg,images/cities/moshi.webp
Moshi,hero,City Photo Credit,https://commons.wikimedia.org/wiki/File:Moshi%2C_Tanzania_%28photomontage%29.jpg,https://commons.wikimedia.org/wiki/File:Kilimanjaro_Moshi.jpg
Moshi,Shanty Town,Hood 2 Photo File,,images/hoods/moshi--shanty-town.webp
Moshi,Shanty Town,Hood 2 Photo Credit,,https://commons.wikimedia.org/wiki/File:Callej%C3%B3n_de_un_solo_ca%C3%B1o.jpg
Moshi,Kaloleni,Hood 3 Photo File,,images/hoods/moshi--kaloleni.webp
Moshi,Kaloleni,Hood 3 Photo Credit,,https://commons.wikimedia.org/wiki/File:WikiAru931.jpg
Moshi,Uru,Hood 4 Photo File,,images/hoods/moshi--uru.webp
Moshi,Uru,Hood 4 Photo Credit,,https://commons.wikimedia.org/wiki/File:Bassins_endor%C3%A9iques_de_l%27Altiplano.jpg
Mostar,hero,City Photo File,images/cities/mostar.jpg,images/cities/mostar.webp
Mostar,Old Town (Stari Grad),Hood 1 Photo File,,images/hoods/mostar--old-town-stari-grad.webp
Mostar,Old Town (Stari Grad),Hood 1 Photo Credit,,https://commons.wikimedia.org/wiki/File:Stjepangrad_(01).jpg
Mostar,Brankovac,Hood 2 Photo File,,images/hoods/mostar--brankovac.webp
Mostar,Brankovac,Hood 2 Photo Credit,,https://commons.wikimedia.org/wiki/File:Mostar_(49032343608).jpg
Mostar,Cernica,Hood 4 Photo File,,images/hoods/mostar--cernica.webp
Mostar,Cernica,Hood 4 Photo Credit,,https://commons.wikimedia.org/wiki/File:Notocochlis_sagittata_hancockae_MA71330-a.jpg
Mumbai,hero,City Photo File,images/cities/mumbai.jpg,images/cities/mumbai.webp
Mumbai,Colaba,Hood 1 Photo File,,images/hoods/mumbai--colaba.webp
Mumbai,Colaba,Hood 1 Photo Credit,,https://commons.wikimedia.org/wiki/File:NE_Boman_Behram_Marg_Colaba_Jul25_A7CR_05948.jpg
Mumbai,Fort,Hood 2 Photo File,,images/hoods/mumbai--fort.webp
Mumbai,Fort,Hood 2 Photo Credit,,https://commons.wikimedia.org/wiki/File:Mumbai_fort_remains_5.jpg
Mumbai,Bandra West,Hood 3 Photo File,,images/hoods/mumbai--bandra-west.webp
Mumbai,Bandra West,Hood 3 Photo Credit,,https://commons.wikimedia.org/wiki/File:Father_Agnel_Ashram.jpg
Mumbai,Juhu,Hood 4 Photo File,,images/hoods/mumbai--juhu.webp
Mumbai,Juhu,Hood 4 Photo Credit,,https://commons.wikimedia.org/wiki/File:Walk_beside_me..._(17678711468).jpg
Mumbai,Lower Parel / Worli,Hood 5 Photo File,,images/hoods/mumbai--lower-parel-worli.webp
Mumbai,Lower Parel / Worli,Hood 5 Photo Credit,,https://commons.wikimedia.org/wiki/File:Mumbai_City_2.jpg
Munich,hero,City Photo File,images/cities/munich.jpg,images/cities/munich.webp
Munich,Altstadt,Hood 1 Photo File,images/hoods/munich--altstadt.jpg,images/hoods/munich--altstadt.webp
Munich,Schwabing,Hood 2 Photo File,images/hoods/munich--schwabing.jpg,images/hoods/munich--schwabing.webp
Munich,Maxvorstadt,Hood 3 Photo File,images/hoods/munich--maxvorstadt.jpg,images/hoods/munich--maxvorstadt.webp
Munich,Maxvorstadt,Hood 3 Photo Credit,https://commons.wikimedia.org/wiki/File:K%C3%B6nigsplatz_-_Propyl%C3%A4en_und_Glyptothek.jpg,"https://commons.wikimedia.org/wiki/File:Siegestor_Munich_at_dusk,_5_June_2015.jpg"
Munich,Haidhausen,Hood 4 Photo File,images/hoods/munich--haidhausen.jpg,images/hoods/munich--haidhausen.webp
Munich,Glockenbachviertel,Hood 5 Photo File,images/hoods/munich--glockenbachviertel.jpg,images/hoods/munich--glockenbachviertel.webp
Murree,hero,City Photo File,images/cities/murree.jpg,images/cities/murree.webp
Murree,Mall Road,Hood 1 Photo File,,images/hoods/murree--mall-road.webp
Murree,Mall Road,Hood 1 Photo Credit,,https://commons.wikimedia.org/wiki/File:Bharat_Sanchar_Nigam_Limited_-_Office_Building_-_Kali_Bari_Road_and_Mall_Road_-_Shimla_2014-05-07_1330-1331.TIF
Murree,Kashmir Point,Hood 2 Photo File,,images/hoods/murree--kashmir-point.webp
Murree,Kashmir Point,Hood 2 Photo Credit,,https://commons.wikimedia.org/wiki/File:Kashmir_Point_-_Murree_1.jpg
Murree,Pindi Point,Hood 3 Photo File,,images/hoods/murree--pindi-point.webp
Murree,Pindi Point,Hood 3 Photo Credit,,"https://commons.wikimedia.org/wiki/File:Pindi_Point,_Murree,_Pakistan_-_panoramio_(1).jpg"
Murree,Jhika Gali,Hood 4 Photo File,,images/hoods/murree--jhika-gali.webp
Murree,Jhika Gali,Hood 4 Photo Credit,,https://commons.wikimedia.org/wiki/File:Road_to_heaven3.jpg
Muscat,hero,City Photo File,images/cities/muscat.jpg,images/cities/muscat.webp
Muscat,Muttrah,Hood 1 Photo File,,images/hoods/muscat--muttrah.webp
Muscat,Muttrah,Hood 1 Photo Credit,,https://commons.wikimedia.org/wiki/File:Matrah_Fort_(8726811038).jpg
Muscat,Shatti Al Qurum,Hood 2 Photo File,,images/hoods/muscat--shatti-al-qurum.webp
Muscat,Shatti Al Qurum,Hood 2 Photo Credit,,"https://commons.wikimedia.org/wiki/File:Shatti_Al_Qurum,_Muscat,_Oman.jpg"
Muscat,Qurum,Hood 3 Photo File,,images/hoods/muscat--qurum.webp
Muscat,Qurum,Hood 3 Photo Credit,,https://commons.wikimedia.org/wiki/File:Busy_Qurm_neighborhood_(8727405106).jpg
Muscat,Ruwi,Hood 4 Photo File,,images/hoods/muscat--ruwi.webp
Muscat,Ruwi,Hood 4 Photo Credit,,https://commons.wikimedia.org/wiki/File:Ashok_Layland_Schoolbus.JPG
Muscat,Al Bustan / Bandar Jissah,Hood 5 Photo File,,images/hoods/muscat--al-bustan-bandar-jissah.webp
Muscat,Al Bustan / Bandar Jissah,Hood 5 Photo Credit,,https://commons.wikimedia.org/wiki/File:Al_Bustan_Oman_-_panoramio.jpg
Mykonos,hero,City Photo File,images/cities/mykonos.jpg,images/cities/mykonos.webp
Mykonos,Chora (Mykonos Town),Hood 1 Photo File,,images/hoods/mykonos--chora-mykonos-town.webp
Mykonos,Chora (Mykonos Town),Hood 1 Photo Credit,,https://commons.wikimedia.org/wiki/File:%22Mykonos_-_die_schillerndste_Insel_der_Kykladen%22._09.jpg
Mykonos,Paradise Beach,Hood 2 Photo File,,images/hoods/mykonos--paradise-beach.webp
Mykonos,Paradise Beach,Hood 2 Photo Credit,,https://commons.wikimedia.org/wiki/File:Mykonos_sunset.jpg
Mykonos,Ornos,Hood 3 Photo File,,images/hoods/mykonos--ornos.webp
Mykonos,Ornos,Hood 3 Photo Credit,,https://commons.wikimedia.org/wiki/File:Mykonos_Ornos_01.jpg
Mykonos,Platys Gialos,Hood 4 Photo File,,images/hoods/mykonos--platys-gialos.webp
Mykonos,Platys Gialos,Hood 4 Photo Credit,,"https://commons.wikimedia.org/wiki/File:Platis_Gialos_846_00,_Greece_-_panoramio.jpg"
Mykonos,Ano Mera,Hood 5 Photo File,,images/hoods/mykonos--ano-mera.webp
Mykonos,Ano Mera,Hood 5 Photo Credit,,https://commons.wikimedia.org/wiki/File:Monastery_of_Panagia_Tourliani_05.jpg
Mysore,hero,City Photo File,images/cities/mysore.jpg,images/cities/mysore.webp
Mysore,hero,City Photo Credit,https://commons.wikimedia.org/wiki/File:Mysuru_Montage.jpg,https://commons.wikimedia.org/wiki/File:Mysore_Amba_Vilas_palace.jpg
Mysore,City Centre (Palace & Agrahara),Hood 1 Photo File,,images/hoods/mysore--city-centre-palace-agrahara.webp
Mysore,City Centre (Palace & Agrahara),Hood 1 Photo Credit,,https://commons.wikimedia.org/wiki/File:Forum_Centre_City_Mall.jpg
Mysore,Gokulam,Hood 3 Photo File,,images/hoods/mysore--gokulam.webp
Mysore,Gokulam,Hood 3 Photo Credit,,"https://commons.wikimedia.org/wiki/File:A_house_on_Contur_Road,_Mysore_(01).jpg"
Mysore,Nazarbad,Hood 4 Photo File,,images/hoods/mysore--nazarbad.webp
Mysore,Nazarbad,Hood 4 Photo Credit,,"https://commons.wikimedia.org/wiki/File:A_house_on_Theobald_Road,_Mysore_(01).jpg"
Mytilene,hero,City Photo File,images/cities/mytilene.jpg,images/cities/mytilene.webp
Mytilene,hero,City Photo Credit,https://commons.wikimedia.org/wiki/File:Mytilene_Montage_L.png,https://commons.wikimedia.org/wiki/File:Mytilene_2010-04-03.jpg
Mytilene,Town Centre & Harbour,Hood 1 Photo File,,images/hoods/mytilene--town-centre-harbour.webp
Mytilene,Town Centre & Harbour,Hood 1 Photo Credit,,"https://commons.wikimedia.org/wiki/File:Eats_Street,_Harbour_Town_Shopping_Centre,_2025.jpg"
Mytilene,Epano Skala,Hood 2 Photo File,,images/hoods/mytilene--epano-skala.webp
Mytilene,Epano Skala,Hood 2 Photo Credit,,https://commons.wikimedia.org/wiki/File:20150716_Valide_Mosque_Epano_Skala_Mytilene_Lesvos_Greece.jpg
Mytilene,Varia (Vareia),Hood 3 Photo File,,images/hoods/mytilene--varia-vareia.webp
Mytilene,Varia (Vareia),Hood 3 Photo Credit,,https://commons.wikimedia.org/wiki/File:Cages_d%27%C3%A9levage_de_juv%C3%A9niles_de_p%C3%A9toncles_noirs_(Ifremer_00735-84701_-_40414).jpg
Mytilene,Sourada / Akrotiri,Hood 4 Photo File,,images/hoods/mytilene--sourada-akrotiri.webp
Mytilene,Sourada / Akrotiri,Hood 4 Photo Credit,,https://commons.wikimedia.org/wiki/File:Fedora_19_default_wallpaper.jpg
Málaga,hero,City Photo File,images/cities/m-laga.jpg,images/cities/m-laga.webp
Málaga,Centro Histórico,Hood 1 Photo File,,images/hoods/malaga--centro-historico.webp
Málaga,Centro Histórico,Hood 1 Photo Credit,,"https://commons.wikimedia.org/wiki/File:August_2011,_Malaga_(20110822-DSC02849).jpg"
Málaga,Soho,Hood 2 Photo File,,images/hoods/malaga--soho.webp
Málaga,Soho,Hood 2 Photo Credit,,"https://commons.wikimedia.org/wiki/File:Boceto_de_la_obra_de_ROA_para_MAUS_en_el_Soho_(ROA,_2013).jpg"
Málaga,La Malagueta,Hood 3 Photo File,,images/hoods/malaga--la-malagueta.webp
Málaga,La Malagueta,Hood 3 Photo Credit,,https://commons.wikimedia.org/wiki/File:L%27arena_%22La_Malagueta%22.jpg
Málaga,El Perchel-Ensanche,Hood 5 Photo File,,images/hoods/malaga--el-perchel-ensanche.webp
Málaga,El Perchel-Ensanche,Hood 5 Photo Credit,,"https://commons.wikimedia.org/wiki/File:Stella_Maris_Church,_M%C3%A1laga2.jpg"
Mérida,hero,City Photo File,images/cities/m-rida.jpg,images/cities/m-rida.webp
Mérida,hero,City Photo Credit,https://commons.wikimedia.org/wiki/File:Collage_Merida_Yucatan.jpg,https://commons.wikimedia.org/wiki/File:One_of_Merida%27s_twin_mansions_%E2%80%9CLas_Casas_Gemelas%E2%80%9D.jpg
Mérida,Centro Histórico,Hood 1 Photo File,,images/hoods/merida--centro-historico.webp
Mérida,Centro Histórico,Hood 1 Photo Credit,,"https://commons.wikimedia.org/wiki/File:Vestigios_de_piedras_mayas_reutilizadas_en_edificio_del_Centro_Hist%C3%B3rico_de_M%C3%A9rida,_Yucat%C3%A1n.jpg"
Mérida,Paseo de Montejo,Hood 2 Photo File,,images/hoods/merida--paseo-de-montejo.webp
Mérida,Paseo de Montejo,Hood 2 Photo Credit,,"https://commons.wikimedia.org/wiki/File:Casa_del_Paseo_Montejo,_M%C3%A9rida,_Yucat%C3%A1n.jpg"
Mérida,Santa Ana,Hood 3 Photo File,,images/hoods/merida--santa-ana.webp
Mérida,Santa Ana,Hood 3 Photo Credit,,"https://commons.wikimedia.org/wiki/File:Estatua_de_Andr%C3%A9s_Quintana_Roo,_M%C3%A9rida,_Yucat%C3%A1n_(02).JPG"
Mérida,García Ginerés,Hood 4 Photo File,,images/hoods/merida--garcia-gineres.webp
Mérida,García Ginerés,Hood 4 Photo Credit,,"https://commons.wikimedia.org/wiki/File:Parque_de_las_Am%C3%A9ricas,_M%C3%A9rida,_Yucat%C3%A1n,_Feb_2015_01.jpg"
Mérida,Santiago,Hood 5 Photo File,,images/hoods/merida--santiago.webp
Mérida,Santiago,Hood 5 Photo Credit,,"https://commons.wikimedia.org/wiki/File:Casa_del_%C3%81ngel_del_Sol_-_Jard%C3%ADn_de_Colibr%C3%ADes,_un_santuario_ecol%C3%B3gico_ubicado_en_el_sector_Monterrey,_El_Valle,_estado_M%C3%A9rida,_Venezuela..jpg"
N'Djamena,hero,City Photo File,images/cities/n-djamena.jpg,images/cities/n-djamena.webp
Nablus,hero,City Photo File,images/cities/nablus.jpg,images/cities/nablus.webp
Nablus,Rafidia,Hood 2 Photo File,,images/hoods/nablus--rafidia.webp
Nablus,Rafidia,Hood 2 Photo Credit,,https://commons.wikimedia.org/wiki/File:Rafidia_Hospital_001.jpg
Nablus,Ras al-Ein,Hood 3 Photo File,,images/hoods/nablus--ras-al-ein.webp
Nablus,Ras al-Ein,Hood 3 Photo Credit,,https://commons.wikimedia.org/wiki/File:The_Al-Rahma_Mosque_in_Ras_El-Bar.jpg
Nablus,Al-Manara/Downtown,Hood 5 Photo File,,images/hoods/nablus--al-manara-downtown.webp
Nablus,Al-Manara/Downtown,Hood 5 Photo Credit,,"https://commons.wikimedia.org/wiki/File:Al-Manara_Square,_Ramallah_03.jpg"
Nadi,hero,City Photo File,images/cities/nadi.jpg,images/cities/nadi.webp
Nadi,Denarau Island,Hood 1 Photo File,,images/hoods/nadi--denarau-island.webp
Nadi,Denarau Island,Hood 1 Photo Credit,,https://commons.wikimedia.org/wiki/File:Sheraton_Denarau_beach_side_view.jpg
Nadi,Wailoaloa Beach,Hood 2 Photo File,,images/hoods/nadi--wailoaloa-beach.webp
Nadi,Wailoaloa Beach,Hood 2 Photo Credit,,https://commons.wikimedia.org/wiki/File:Wailoaloa_Beach_Viti_Levu_Fiji_(1).jpg
Nadi,Nadi Town,Hood 4 Photo File,,images/hoods/nadi--nadi-town.webp
Nadi,Nadi Town,Hood 4 Photo Credit,,"https://commons.wikimedia.org/wiki/File:Admiralty_Chart_No_845_Kandavu_Passage_to_Kuata_Island,_Fiji_Islands,_Published_1879.jpg"
Nagano,hero,City Photo File,images/cities/nagano.jpg,images/cities/nagano.webp
Nagano,hero,City Photo Credit,https://commons.wikimedia.org/wiki/File:Nagano_montages.JPG,https://commons.wikimedia.org/wiki/File:Zenkouji-houjyouike.JPG
Nagano,Nagano Station Area,Hood 1 Photo File,,images/hoods/nagano--nagano-station-area.webp
Nagano,Nagano Station Area,Hood 1 Photo Credit,,https://commons.wikimedia.org/wiki/File:Alpico_Kamikochi_line_Hata_station_ticket_vending_machine.jpg
Nagano,Zenkoji Temple / Nakamise-dori,Hood 2 Photo File,,images/hoods/nagano--zenkoji-temple-nakamise-dori.webp
Nagano,Zenkoji Temple / Nakamise-dori,Hood 2 Photo Credit,,https://commons.wikimedia.org/wiki/File:Main_Hall_of_Zenkoji_in_Aug_2009.jpg
Nagano,Gondo / Chuo-dori Downtown,Hood 3 Photo File,,images/hoods/nagano--gondo-chuo-dori-downtown.webp
Nagano,Gondo / Chuo-dori Downtown,Hood 3 Photo Credit,,https://commons.wikimedia.org/wiki/File:Gondo_station_exit.jpg
Nagano,Matsushiro (Historic Samurai Town),Hood 4 Photo File,,images/hoods/nagano--matsushiro-historic-samurai-town.webp
Nagano,Matsushiro (Historic Samurai Town),Hood 4 Photo Credit,,https://commons.wikimedia.org/wiki/File:%E6%9D%BE%E4%BB%A3%E5%9F%8E%E3%82%88%E3%82%8A_Sight_from_Matsushiro_castle_2011.1.1_-_panoramio.jpg
Nagasaki,hero,City Photo File,images/cities/nagasaki.jpg,images/cities/nagasaki.webp
Nagasaki,Nagasaki Station (Ekimae),Hood 1 Photo File,,images/hoods/nagasaki--nagasaki-station-ekimae.webp
Nagasaki,Nagasaki Station (Ekimae),Hood 1 Photo Credit,,"https://commons.wikimedia.org/wiki/File:Daikokumachi,_Nagasaki,_Nagasaki_Prefecture_850-0057,_Japan_-_panoramio.jpg"
Nagasaki,Shianbashi,Hood 2 Photo File,,images/hoods/nagasaki--shianbashi.webp
Nagasaki,Shianbashi,Hood 2 Photo Credit,,https://commons.wikimedia.org/wiki/File:Hamanomachi_-_panoramio_(5).jpg
Nagasaki,Minamiyamate (Glover Garden),Hood 3 Photo File,,images/hoods/nagasaki--minamiyamate-glover-garden.webp
Nagasaki,Minamiyamate (Glover Garden),Hood 3 Photo Credit,,https://commons.wikimedia.org/wiki/File:Nagasaki_Music_Box_Museum_20140117.jpg
Nagasaki,Shinchi Chinatown,Hood 4 Photo File,,images/hoods/nagasaki--shinchi-chinatown.webp
Nagasaki,Shinchi Chinatown,Hood 4 Photo Credit,,https://commons.wikimedia.org/wiki/File:Platforms_of_Tsukimachi_Station.jpg
Nagasaki,Inasa (Mount Inasa),Hood 5 Photo File,,images/hoods/nagasaki--inasa-mount-inasa.webp
Nagasaki,Inasa (Mount Inasa),Hood 5 Photo Credit,,https://commons.wikimedia.org/wiki/File:Inasayam_view_from_Nagasaki_station_-_panoramio.jpg
Nagoya,hero,City Photo File,images/cities/nagoya.jpg,images/cities/nagoya.webp
Nagoya,Sakae,Hood 1 Photo File,,images/hoods/nagoya--sakae.webp
Nagoya,Sakae,Hood 1 Photo Credit,,https://commons.wikimedia.org/wiki/File:Nagoya_20210207-28.jpg
Nagoya,Nagoya Station (Meieki),Hood 2 Photo File,,images/hoods/nagoya--nagoya-station-meieki.webp
Nagoya,Nagoya Station (Meieki),Hood 2 Photo Credit,,https://commons.wikimedia.org/wiki/File:Nagoya_Sta_20210904-16.jpg
Nagoya,Osu,Hood 3 Photo File,,images/hoods/nagoya--osu.webp
Nagoya,Osu,Hood 3 Photo Credit,,"https://commons.wikimedia.org/wiki/File:Osu,_Nagoya,_Aichi.jpg"
Nagoya,Marunouchi (Nagoya Castle),Hood 4 Photo File,,images/hoods/nagoya--marunouchi-nagoya-castle.webp
Nagoya,Marunouchi (Nagoya Castle),Hood 4 Photo Credit,,https://commons.wikimedia.org/wiki/File:Nagoya_Subway_Marunouchi_Station_Connecting_Passageway.JPG
Nagoya,Kanayama,Hood 5 Photo File,,images/hoods/nagoya--kanayama.webp
Nagoya,Kanayama,Hood 5 Photo Credit,,https://commons.wikimedia.org/wiki/File:Naka_20211127-06.jpg
Naha,hero,City Photo File,images/cities/naha.jpg,images/cities/naha.webp
Naha,hero,City Photo Credit,https://commons.wikimedia.org/wiki/File:Naha_montage.jpg,https://commons.wikimedia.org/wiki/File:Naha_Okinawa_Japan_Shuri-Castle-01.jpg
Naha,Kokusai-dori / Makishi,Hood 1 Photo File,,images/hoods/naha--kokusai-dori-makishi.webp
Naha,Kokusai-dori / Makishi,Hood 1 Photo Credit,,https://commons.wikimedia.org/wiki/File:Arcade_of_Mutsumibashi-Dori_Shopping_Area.jpg
Naha,Shuri,Hood 2 Photo File,,images/hoods/naha--shuri.webp
Naha,Shuri,Hood 2 Photo Credit,,https://commons.wikimedia.org/wiki/File:Yuya-Bad.jpg
Naha,Omoromachi (Shintoshin),Hood 3 Photo File,,images/hoods/naha--omoromachi-shintoshin.webp
Naha,Omoromachi (Shintoshin),Hood 3 Photo Credit,,https://commons.wikimedia.org/wiki/File:JP_%E6%97%A5%E6%9C%AC_Japan_%E6%B2%96%E7%B9%A9_OKINAWA_%E9%82%A3%E9%9C%B8_Naha_Omoromachi_Station_Monorail_Line_February_2026_N13P_03.jpg
Naha,Naminoue / Wakasa,Hood 4 Photo File,,images/hoods/naha--naminoue-wakasa.webp
Naha,Naminoue / Wakasa,Hood 4 Photo Credit,,https://commons.wikimedia.org/wiki/File:111204_Naminoue_Beach_and_Naminoue-gu_Naha_Okinawa_pref_Japan05bs.jpg
Nairobi,hero,City Photo File,images/cities/nairobi.jpg,images/cities/nairobi.webp
Nairobi,hero,City Photo Credit,https://en.wikipedia.org/wiki/File:Nairobi_skyline_from_Gem_Hotel.jpg,https://unsplash.com/photos/a-view-of-a-city-with-tall-buildings-vyagy6HJpVE
Nairobi,Westlands,Hood 1 Photo File,,images/hoods/nairobi--westlands.webp
Nairobi,Westlands,Hood 1 Photo Credit,,https://commons.wikimedia.org/wiki/File:Novotel_Nairobi_front_sign.jpg
Nairobi,Karen,Hood 2 Photo File,,images/hoods/nairobi--karen.webp
Nairobi,Karen,Hood 2 Photo Credit,,https://commons.wikimedia.org/wiki/File:IMAG2990_03.jpg
Nairobi,CBD,Hood 3 Photo File,,images/hoods/nairobi--cbd.webp
Nairobi,CBD,Hood 3 Photo Credit,,"https://commons.wikimedia.org/wiki/File:Biashara_Plaza_(Nairobi)_%2B_Ufundi_Co-operative_Plaza,_2025_(01).jpg"
Nairobi,Upper Hill,Hood 4 Photo File,,images/hoods/nairobi--upper-hill.webp
Nairobi,Upper Hill,Hood 4 Photo Credit,,https://commons.wikimedia.org/wiki/File:Upperhill_area.jpg
Nairobi,Kilimani,Hood 5 Photo File,,images/hoods/nairobi--kilimani.webp
Nairobi,Kilimani,Hood 5 Photo Credit,,"https://commons.wikimedia.org/wiki/File:Admiralty_Chart_No_2935_Quelimane_to_Ilha_Epidendron,_Published_1962.jpg"
Najaf,hero,City Photo File,images/cities/najaf.jpg,images/cities/najaf.webp
Najaf,Downtown Najaf,Hood 2 Photo File,,images/hoods/najaf--downtown-najaf.webp
Najaf,Downtown Najaf,Hood 2 Photo Credit,,https://commons.wikimedia.org/wiki/File:Iraqi_police_in_An_Najaf.JPEG
Najaf,Al Kufa,Hood 4 Photo File,,images/hoods/najaf--al-kufa.webp
Najaf,Al Kufa,Hood 4 Photo Credit,,https://commons.wikimedia.org/wiki/File:Al-Hamra_Mosque_Morning.jpg
Nakhon Ratchasima,hero,City Photo File,images/cities/nakhon-ratchasima.jpg,images/cities/nakhon-ratchasima.webp
Nakhon Ratchasima,hero,City Photo Credit,https://commons.wikimedia.org/wiki/File:Thao_Suranaree_Statue_Korat_Thailand.JPG,https://unsplash.com/photos/different-vehicles-on-road-near-buildings-during-daytime-4oTcDERc1Ic
Nakhon Ratchasima,Old City (Thao Suranaree / Chumphon Gate),Hood 1 Photo File,,images/hoods/nakhon-ratchasima--old-city-thao-suranaree-chumphon-gate.webp
Nakhon Ratchasima,Old City (Thao Suranaree / Chumphon Gate),Hood 1 Photo Credit,,https://commons.wikimedia.org/wiki/File:Downtown_Korat.JPG
Nakhon Ratchasima,Mittraphap Road,Hood 2 Photo File,,images/hoods/nakhon-ratchasima--mittraphap-road.webp
Nakhon Ratchasima,Mittraphap Road,Hood 2 Photo Credit,,"https://commons.wikimedia.org/wiki/File:Friendship_Highway,_Tibet-_DSC03222.jpg"
Nakhon Ratchasima,Chira Junction,Hood 3 Photo File,,images/hoods/nakhon-ratchasima--chira-junction.webp
Nakhon Ratchasima,Chira Junction,Hood 3 Photo Credit,,"https://commons.wikimedia.org/wiki/File:%E0%B8%A3%E0%B8%96%E0%B9%84%E0%B8%9F%E0%B8%88%E0%B8%AD%E0%B8%94%E0%B8%97%E0%B8%B5%E0%B9%88%E0%B8%AA%E0%B8%96%E0%B8%B2%E0%B8%99%E0%B8%B5%E0%B8%A3%E0%B8%96%E0%B9%84%E0%B8%9F%E0%B8%99%E0%B8%84%E0%B8%A3%E0%B8%A3%E0%B8%B2%E0%B8%8A%E0%B8%AA%E0%B8%B5%E0%B8%A1%E0%B8%B2_,_Train_stop_@_Nakhonrachasrima_Train_station_-_panoramio.jpg"
Nakuru,hero,City Photo File,images/cities/nakuru.jpg,images/cities/nakuru.webp
Nakuru,hero,City Photo Credit,https://commons.wikimedia.org/wiki/File:Golden_life_mall%2C_Nakuru.jpg,https://commons.wikimedia.org/wiki/File:Flamingos_in_Lake_Nakuru.jpg
Nakuru,Milimani,Hood 1 Photo File,,images/hoods/nakuru--milimani.webp
Nakuru,Milimani,Hood 1 Photo Credit,,https://commons.wikimedia.org/wiki/File:Andropadus_milanjensis.JPG
Nakuru,Lake Nakuru National Park Area,Hood 3 Photo File,,images/hoods/nakuru--lake-nakuru-national-park-area.webp
Nakuru,Lake Nakuru National Park Area,Hood 3 Photo Credit,,https://commons.wikimedia.org/wiki/File:Laika_ac_Lake_Nakuru_National_Park_(6693368727).jpg
Nakuru,Bondeni,Hood 4 Photo File,,images/hoods/nakuru--bondeni.webp
Nakuru,Bondeni,Hood 4 Photo Credit,,https://commons.wikimedia.org/wiki/File:Msiki_wa_bondeni_wa_aswari.jpg
Nakuru,Free Area,Hood 5 Photo File,,images/hoods/nakuru--free-area.webp
Nakuru,Free Area,Hood 5 Photo Credit,,https://commons.wikimedia.org/wiki/File:Space_Shuttle_Columbia_launching.jpg
Nanjing,hero,City Photo File,images/cities/nanjing.jpg,images/cities/nanjing.webp
Nanjing,Xinjiekou / Gulou,Hood 1 Photo File,,images/hoods/nanjing--xinjiekou-gulou.webp
Nanjing,Xinjiekou / Gulou,Hood 1 Photo Credit,,https://commons.wikimedia.org/wiki/File:%E4%B8%AD%E5%B1%B1%E4%B8%9C%E8%B7%AF%E6%96%B0%E8%A1%97%E5%8F%A3%E6%AD%A5%E8%A1%8C%E8%A1%97%E8%B7%AF%E5%8F%A320210404.jpg
Nanjing,Fuzimiao / Qinhuai,Hood 2 Photo File,,images/hoods/nanjing--fuzimiao-qinhuai.webp
Nanjing,Fuzimiao / Qinhuai,Hood 2 Photo Credit,,https://commons.wikimedia.org/wiki/File:Fuzimiao_Station.jpg
Nanjing,Xuanwu / Xuanwu Lake,Hood 3 Photo File,,images/hoods/nanjing--xuanwu-xuanwu-lake.webp
Nanjing,Xuanwu / Xuanwu Lake,Hood 3 Photo Credit,,https://commons.wikimedia.org/wiki/File:%E5%8D%97%E4%BA%AC%E8%BD%A6%E7%AE%A1%E6%89%80_-_panoramio.jpg
Nanjing,Zhongshan / Purple Mountain,Hood 4 Photo File,,images/hoods/nanjing--zhongshan-purple-mountain.webp
Nanjing,Zhongshan / Purple Mountain,Hood 4 Photo Credit,,https://commons.wikimedia.org/wiki/File:%E5%8D%97%E4%BA%AC%E4%B8%AD%E5%B1%B1%E8%B7%AF_-_panoramio.jpg
Nanjing,Hexi / Jianye,Hood 5 Photo File,,images/hoods/nanjing--hexi-jianye.webp
Nanjing,Hexi / Jianye,Hood 5 Photo Credit,,https://commons.wikimedia.org/wiki/File:%E4%B8%8A%E4%B8%AD%E5%A4%AE%E5%85%AC%E5%9B%AD%E5%81%87%E5%B1%B1%E7%9A%84%E5%8F%B0%E9%98%B6._-_panoramio.jpg
Nantes,hero,City Photo File,images/cities/nantes.jpg,images/cities/nantes.webp
Nantes,Bouffay,Hood 2 Photo File,,images/hoods/nantes--bouffay.webp
Nantes,Bouffay,Hood 2 Photo Credit,,https://commons.wikimedia.org/wiki/File:Place_du_Bouffay_plaque_Tour_du_Bouffay.JPG
Nantes,Île de Nantes,Hood 3 Photo File,,images/hoods/nantes--ile-de-nantes.webp
Nantes,Île de Nantes,Hood 3 Photo Credit,,https://commons.wikimedia.org/wiki/File:Flickr_-_IngolfBLN_-_Nantes_-_Busway_-_Ligne_4_-_%C3%8Ele_de_Nantes_(10).jpg
Nantes,Hauts-Pavés – Saint-Félix,Hood 4 Photo File,,images/hoods/nantes--hauts-paves-saint-felix.webp
Nantes,Hauts-Pavés – Saint-Félix,Hood 4 Photo Credit,,https://commons.wikimedia.org/wiki/File:19_rue_des_Hauts-Pav%C3%A9s_Nantes.jpg
Nantes,Chantenay,Hood 5 Photo File,,images/hoods/nantes--chantenay.webp
Nantes,Chantenay,Hood 5 Photo Credit,,https://commons.wikimedia.org/wiki/File:Forges_Basse_Indre_%C3%A0_Chantenay.jpg
Naples,hero,City Photo File,images/cities/naples.jpg,images/cities/naples.webp
Naples,Chiaia,Hood 2 Photo File,,images/hoods/naples--chiaia.webp
Naples,Chiaia,Hood 2 Photo Credit,,https://commons.wikimedia.org/wiki/File:Neapol_via_chiaia_przy_wiadukcie.jpg
Naples,Vomero,Hood 3 Photo File,,images/hoods/naples--vomero.webp
Naples,Vomero,Hood 3 Photo Credit,,https://commons.wikimedia.org/wiki/File:Da_Sant_Elmo_(62719223).jpeg
Naples,Santa Lucia,Hood 4 Photo File,,images/hoods/naples--santa-lucia.webp
Naples,Santa Lucia,Hood 4 Photo Credit,,"https://commons.wikimedia.org/wiki/File:Fonte_battesimale_-_Santa_Lucia_Vergine_al_Monte,_Naples.jpg"
Naples,Quartieri Spagnoli,Hood 5 Photo File,,images/hoods/naples--quartieri-spagnoli.webp
Naples,Quartieri Spagnoli,Hood 5 Photo Credit,,"https://commons.wikimedia.org/wiki/File:Quartieri_Spagnoli,_Naples_20230622_01.jpg"
Nara-shi,hero,City Photo File,images/cities/nara-shi.jpg,images/cities/nara-shi.webp
Nara-shi,Nara Park / Todai-ji Area,Hood 1 Photo File,,images/hoods/nara-shi--nara-park-todai-ji-area.webp
Nara-shi,Nara Park / Todai-ji Area,Hood 1 Photo Credit,,https://commons.wikimedia.org/wiki/File:Ruas_para_motos_-_Street_for_bikes_(7842182814).jpg
Nara-shi,Naramachi (Old Town),Hood 2 Photo File,,images/hoods/nara-shi--naramachi-old-town.webp
Nara-shi,Naramachi (Old Town),Hood 2 Photo Credit,,https://commons.wikimedia.org/wiki/File:Naramachi_Map_Yasui_Collection.jpg
Nara-shi,JR Nara Station Area,Hood 3 Photo File,,images/hoods/nara-shi--jr-nara-station-area.webp
Nara-shi,JR Nara Station Area,Hood 3 Photo Credit,,https://commons.wikimedia.org/wiki/File:JR_Nara_area_redevelopment_project_completion_image_2005-05-21_-_panoramio.jpg
Nara-shi,Kintetsu Nara Station / Sanjo-dori,Hood 4 Photo File,,images/hoods/nara-shi--kintetsu-nara-station-sanjo-dori.webp
Nara-shi,Kintetsu Nara Station / Sanjo-dori,Hood 4 Photo Credit,,https://commons.wikimedia.org/wiki/File:Kintetsu-Nara-eki-2005-2-17_2.jpg
Nara-shi,Takabatake (Quiet Residential),Hood 5 Photo File,,images/hoods/nara-shi--takabatake-quiet-residential.webp
Nara-shi,Takabatake (Quiet Residential),Hood 5 Photo Credit,,https://commons.wikimedia.org/wiki/File:Naramachi_Tenjin_Akiba.jpg
Nashville,hero,City Photo File,images/cities/nashville.jpg,images/cities/nashville.webp
Nashville,Lower Broadway / Downtown,Hood 1 Photo File,,images/hoods/nashville--lower-broadway-downtown.webp
Nashville,Lower Broadway / Downtown,Hood 1 Photo Credit,,https://commons.wikimedia.org/wiki/File:Broadway_(Nashville)_lights.jpg
Nashville,The Gulch,Hood 2 Photo File,,images/hoods/nashville--the-gulch.webp
Nashville,The Gulch,Hood 2 Photo Credit,,https://commons.wikimedia.org/wiki/File:The_Biscuit_Burners_at_the_Station_Inn.jpg
Nashville,East Nashville,Hood 3 Photo File,,images/hoods/nashville--east-nashville.webp
Nashville,East Nashville,Hood 3 Photo Credit,,https://commons.wikimedia.org/wiki/File:Nashville_Skyline_-_panoramio.jpg
Nashville,Germantown,Hood 4 Photo File,,images/hoods/nashville--germantown.webp
Nashville,Germantown,Hood 4 Photo Credit,,"https://commons.wikimedia.org/wiki/File:Headquarters,_Christian_Commission_in_the_field,_Germantown_-_negative_by_J._Gardner,_positive_by_A._Gardner._LCCN2007682512.jpg"
Nashville,12 South,Hood 5 Photo File,,images/hoods/nashville--12-south.webp
Nashville,12 South,Hood 5 Photo Credit,,https://commons.wikimedia.org/wiki/File:A_view_of_the_Tennessee_State_Capitol.jpg
Nassau,hero,City Photo File,images/cities/nassau.jpg,images/cities/nassau.webp
Nassau,Cable Beach,Hood 1 Photo File,,images/hoods/nassau--cable-beach.webp
Nassau,Cable Beach,Hood 1 Photo Credit,,https://commons.wikimedia.org/wiki/File:La_Caya_Nassau_(8420435234).jpg
Nassau,Paradise Island,Hood 2 Photo File,,images/hoods/nassau--paradise-island.webp
Nassau,Paradise Island,Hood 2 Photo Credit,,https://commons.wikimedia.org/wiki/File:Bahamas_1988_(279)_Paradise_Island_Versailler_Garten_und_Kloster_(24046109351).jpg
Nassau,Downtown Nassau (Bay Street),Hood 3 Photo File,,images/hoods/nassau--downtown-nassau-bay-street.webp
Nassau,Downtown Nassau (Bay Street),Hood 3 Photo Credit,,https://commons.wikimedia.org/wiki/File:Aerial_photo_of_WTC_groundzero.jpg
Nassau,Sandyport / Western Esplanade,Hood 4 Photo File,,images/hoods/nassau--sandyport-western-esplanade.webp
Nassau,Sandyport / Western Esplanade,Hood 4 Photo Credit,,https://www.flickr.com/photos/86485297@N00/3284852339/
Natal,hero,City Photo File,images/cities/natal.jpg,images/cities/natal.webp
Natal,Ponta Negra,Hood 1 Photo File,,images/hoods/natal--ponta-negra.webp
Natal,Ponta Negra,Hood 1 Photo Credit,,https://commons.wikimedia.org/wiki/File:Cidade_Natal_-_RN_-_panoramio_(13).jpg
Natal,Via Costeira,Hood 2 Photo File,,images/hoods/natal--via-costeira.webp
Natal,Via Costeira,Hood 2 Photo Credit,,https://commons.wikimedia.org/wiki/File:Hotel_Piramide.JPG
Natal,Praia dos Artistas,Hood 3 Photo File,,images/hoods/natal--praia-dos-artistas.webp
Natal,Praia dos Artistas,Hood 3 Photo Credit,,"https://commons.wikimedia.org/wiki/File:Praia_dos_Artistas,_Natal_(RN).jpg"
Natal,Tirol,Hood 4 Photo File,,images/hoods/natal--tirol.webp
Natal,Tirol,Hood 4 Photo Credit,,"https://commons.wikimedia.org/wiki/File:Rua_Alberto_Maranh%C3%A3o,_Natal_(RN).jpg"
Natal,Ribeira,Hood 5 Photo File,,images/hoods/natal--ribeira.webp
Natal,Ribeira,Hood 5 Photo Credit,,"https://commons.wikimedia.org/wiki/File:Associa%C3%A7%C3%A3o_Comercial_do_Rio_Grande_do_Norte_(Casa_do_Empres%C3%A1rio),_Natal_(RN).jpg"
Negombo,hero,City Photo File,images/cities/negombo.jpg,images/cities/negombo.webp
Negombo,hero,City Photo Credit,https://commons.wikimedia.org/wiki/File:Negombo_Beach_resort_pool_%28Unsplash%29.jpg,https://commons.wikimedia.org/wiki/File:Negombo_Lagoon_natural_harbour.jpg
Negombo,Lewis Place,Hood 1 Photo File,,images/hoods/negombo--lewis-place.webp
Negombo,Lewis Place,Hood 1 Photo Credit,,"https://commons.wikimedia.org/wiki/File:Kudapaduwa,_Negombo,_Sri_Lanka_-_panoramio_(1).jpg"
Negombo,Kudapaduwa / Duwa,Hood 5 Photo File,,images/hoods/negombo--kudapaduwa-duwa.webp
Negombo,Kudapaduwa / Duwa,Hood 5 Photo Credit,,"https://commons.wikimedia.org/wiki/File:Kudapaduwa,_Negombo,_Sri_Lanka_-_panoramio_(2).jpg"
Nelson,hero,City Photo File,images/cities/nelson.jpg,images/cities/nelson.webp
Nelson,City Centre (Trafalgar Street),Hood 1 Photo File,,images/hoods/nelson--city-centre-trafalgar-street.webp
Nelson,City Centre (Trafalgar Street),Hood 1 Photo Credit,,https://commons.wikimedia.org/wiki/File:Centre_of_NZ_plaque_MRD.jpg
Nelson,Tāhunanui,Hood 3 Photo File,,images/hoods/nelson--tahunanui.webp
Nelson,Tāhunanui,Hood 3 Photo Credit,,https://commons.wikimedia.org/wiki/File:A_New_Favourite_(Unsplash).jpg
Nelson,Wakefield Quay,Hood 4 Photo File,,images/hoods/nelson--wakefield-quay.webp
Nelson,Wakefield Quay,Hood 4 Photo Credit,,https://commons.wikimedia.org/wiki/File:Anchor_Shipping_and_Foundry_(31396193310).jpg
Nelson,Stoke,Hood 5 Photo File,,images/hoods/nelson--stoke.webp
Nelson,Stoke,Hood 5 Photo Credit,,https://commons.wikimedia.org/wiki/File:Stoke_Turf_Hotel_003.JPG
Nelspruit,hero,City Photo File,images/cities/nelspruit.jpg,images/cities/nelspruit.webp
Nelspruit,West Acres,Hood 2 Photo File,,images/hoods/nelspruit--west-acres.webp
Nelspruit,West Acres,Hood 2 Photo Credit,,https://commons.wikimedia.org/wiki/File:All_Saints_Church_Notice_Board_-_geograph.org.uk_-_5547083.jpg
New Orleans,hero,City Photo File,images/cities/new-orleans.jpg,images/cities/new-orleans.webp
New Orleans,French Quarter (Vieux Carré),Hood 1 Photo File,,images/hoods/new-orleans--french-quarter-vieux-carre.webp
New Orleans,French Quarter (Vieux Carré),Hood 1 Photo Credit,,https://commons.wikimedia.org/wiki/File:1979-08-16-New_Orleans-167.jpg
New Orleans,Faubourg Marigny,Hood 2 Photo File,,images/hoods/new-orleans--faubourg-marigny.webp
New Orleans,Faubourg Marigny,Hood 2 Photo Credit,,https://commons.wikimedia.org/wiki/File:Faubourg_Marigny_New_Orleans_12_October_2017_-_23.jpg
New Orleans,Garden District,Hood 3 Photo File,,images/hoods/new-orleans--garden-district.webp
New Orleans,Garden District,Hood 3 Photo Credit,,https://commons.wikimedia.org/wiki/File:Garden_District_New_Orleans_(1).jpg
New Orleans,Warehouse / Arts District,Hood 4 Photo File,,images/hoods/new-orleans--warehouse-arts-district.webp
New Orleans,Warehouse / Arts District,Hood 4 Photo Credit,,"https://commons.wikimedia.org/wiki/File:Paul_Looks_at_the_Warehouse,_New_Orleans_March_2022.jpg"
New Orleans,Bywater,Hood 5 Photo File,,images/hoods/new-orleans--bywater.webp
New Orleans,Bywater,Hood 5 Photo Credit,,https://commons.wikimedia.org/wiki/File:Bywater5Feb07TwoSisters7Up.jpg
New York,hero,City Photo File,images/cities/new-york.jpg,images/cities/new-york.webp
New York,Midtown,Hood 1 Photo File,images/hoods/new-york--midtown.jpg,images/hoods/new-york--midtown.webp
New York,Midtown,Hood 1 Photo Credit,https://commons.wikimedia.org/wiki/File:West_side_of_Manhattan_from_Hudson_Commons_(95103p).jpg,https://commons.wikimedia.org/wiki/File:View_of_Empire_State_Building_from_Rockefeller_Center_New_York_City_dllu.jpg
New York,SoHo,Hood 2 Photo File,images/hoods/new-york--soho.jpg,images/hoods/new-york--soho.webp
New York,Greenwich Village,Hood 3 Photo File,images/hoods/new-york--greenwich-village.jpg,images/hoods/new-york--greenwich-village.webp
New York,Williamsburg,Hood 4 Photo File,images/hoods/new-york--williamsburg.jpg,images/hoods/new-york--williamsburg.webp
New York,Upper East Side,Hood 5 Photo File,images/hoods/new-york--upper-east-side.jpg,images/hoods/new-york--upper-east-side.webp
Nha Trang,hero,City Photo File,images/cities/nha-trang.jpg,images/cities/nha-trang.webp
Nha Trang,Cho Dam (Old Market),Hood 4 Photo File,,images/hoods/nha-trang--cho-dam-old-market.webp
Nha Trang,Cho Dam (Old Market),Hood 4 Photo Credit,,https://commons.wikimedia.org/wiki/File:Artificial_Lotus_-_Vietnam_-_Hoa_sen_gia_-_chat_lieu_bang_cao_su.jpg
Niagara Falls,hero,City Photo File,images/cities/niagara-falls.jpg,images/cities/niagara-falls.webp
Niagara Falls,Clifton Hill,Hood 1 Photo File,,images/hoods/niagara-falls--clifton-hill.webp
Niagara Falls,Clifton Hill,Hood 1 Photo Credit,,https://commons.wikimedia.org/wiki/File:DSC09342_-_Niagara_SkyWheel_(37051363742).jpg
Niagara Falls,Fallsview,Hood 2 Photo File,,images/hoods/niagara-falls--fallsview.webp
Niagara Falls,Fallsview,Hood 2 Photo Credit,,https://commons.wikimedia.org/wiki/File:Embassy_Suites_-_panoramio_(1).jpg
Niagara Falls,Queen Street (Downtown),Hood 3 Photo File,,images/hoods/niagara-falls--queen-street-downtown.webp
Niagara Falls,Queen Street (Downtown),Hood 3 Photo Credit,,https://commons.wikimedia.org/wiki/File:Meal_and_view_Queen_Victoria_Place_Niagara_Falls_Canada_2025-09-06_19-49-55_1.jpg
Niagara Falls,Chippawa,Hood 4 Photo File,,images/hoods/niagara-falls--chippawa.webp
Niagara Falls,Chippawa,Hood 4 Photo Credit,,https://commons.wikimedia.org/wiki/File:Chippawa_Town_Hall.jpg
Niagara Falls,Niagara Parkway / Dufferin Islands,Hood 5 Photo File,,images/hoods/niagara-falls--niagara-parkway-dufferin-islands.webp
Niagara Falls,Niagara Parkway / Dufferin Islands,Hood 5 Photo Credit,,https://commons.wikimedia.org/wiki/File:A_Little_Patch_of_Green_-_panoramio.jpg
Niamey,hero,City Photo File,images/cities/niamey.jpg,images/cities/niamey.webp
Niamey,hero,City Photo Credit,https://en.wikipedia.org/wiki/File:Niamey_from_grand_mosque_theatre_2006.jpg,https://commons.wikimedia.org/wiki/File:Pont_de_l%27amiti%C3%A9_Chine-Niger_-_Niamey_from_the_Sky.jpg
Niamey,Plateau,Hood 1 Photo File,,images/hoods/niamey--plateau.webp
Niamey,Plateau,Hood 1 Photo Credit,,"https://commons.wikimedia.org/wiki/File:Niamey,_Niger_(5468068625).jpg"
Niamey,Terminus,Hood 2 Photo File,,images/hoods/niamey--terminus.webp
Niamey,Terminus,Hood 2 Photo Credit,,https://commons.wikimedia.org/wiki/File:Pharmacie_el_Nasr_%C3%A0_Niamey_au_Niger.jpg
Niamey,Grand Marché,Hood 3 Photo File,,images/hoods/niamey--grand-marche.webp
Niamey,Grand Marché,Hood 3 Photo Credit,,https://commons.wikimedia.org/wiki/File:JIRCAS_tomatoes_Grand_March%C3%A9_Niamey.jpg
Niamey,Yantala,Hood 4 Photo File,,images/hoods/niamey--yantala.webp
Niamey,Yantala,Hood 4 Photo Credit,,https://commons.wikimedia.org/wiki/File:Yantala_Haut_Avenue_de_Yantala_Mapillary.jpg
Nice,hero,City Photo File,images/cities/nice.jpg,images/cities/nice.webp
Nice,Vieux Nice,Hood 1 Photo File,,images/hoods/nice--vieux-nice.webp
Nice,Vieux Nice,Hood 1 Photo Credit,,"https://commons.wikimedia.org/wiki/File:Nice,_France_(Unsplash_bLF3vK_X2Vc).jpg"
Nice,Cimiez,Hood 2 Photo File,images/hoods/nice--cimiez.jpg,images/hoods/nice--cimiez.webp
Nice,Cimiez,Hood 2 Photo Credit,https://commons.wikimedia.org/wiki/File:Mus%C3%A9e_arch%C3%A9ologique_de_Nice-Cimiez_4.jpg,https://commons.wikimedia.org/wiki/File:Ar%C3%A8nes_de_Cimiez_Nice.JPG
Nice,Le Port,Hood 3 Photo File,images/hoods/nice--le-port.jpg,images/hoods/nice--le-port.webp
Nice,Le Port,Hood 3 Photo Credit,https://commons.wikimedia.org/wiki/File:Nice_-_Le_port_Lympia.jpg,https://commons.wikimedia.org/wiki/File:Le_port_de_Nice.jpg
Nice,Liberation,Hood 4 Photo File,images/hoods/nice--liberation.jpg,images/hoods/nice--liberation.webp
Nice,Quartier des Musiciens,Hood 5 Photo File,images/hoods/nice--quartier-des-musiciens.jpg,images/hoods/nice--quartier-des-musiciens.webp
Nouakchott,hero,City Photo File,images/cities/nouakchott.jpg,images/cities/nouakchott.webp
Nouakchott,Ksar,Hood 2 Photo File,,images/hoods/nouakchott--ksar.webp
Nouakchott,Ksar,Hood 2 Photo Credit,,https://commons.wikimedia.org/wiki/File:Heddada_8372.jpg
Nouméa,hero,City Photo File,images/cities/noum-a.jpg,images/cities/noum-a.webp
Nouméa,Anse Vata,Hood 1 Photo File,,images/hoods/noumea--anse-vata.webp
Nouméa,Anse Vata,Hood 1 Photo Credit,,https://commons.wikimedia.org/wiki/File:Noum%C3%A9a_by_night.jpg
Nouméa,Baie des Citrons,Hood 2 Photo File,,images/hoods/noumea--baie-des-citrons.webp
Nouméa,Baie des Citrons,Hood 2 Photo Credit,,https://commons.wikimedia.org/wiki/File:Plage_Baie_des_Citrons.JPG
Nouméa,Quartier Latin,Hood 4 Photo File,,images/hoods/noumea--quartier-latin.webp
Nouméa,Quartier Latin,Hood 4 Photo Credit,,https://commons.wikimedia.org/wiki/File:Clocher_de_l%E2%80%99%C3%89glise_Saint-Jacques_(Montr%C3%A9al).jpg
Novi Sad,hero,City Photo File,images/cities/novi-sad.jpg,images/cities/novi-sad.webp
Novi Sad,Stari Grad (Old Town),Hood 1 Photo File,,images/hoods/novi-sad--stari-grad-old-town.webp
Novi Sad,Stari Grad (Old Town),Hood 1 Photo Credit,,https://commons.wikimedia.org/wiki/File:Daltonka_-_panoramio.jpg
Novi Sad,Petrovaradin,Hood 2 Photo File,,images/hoods/novi-sad--petrovaradin.webp
Novi Sad,Petrovaradin,Hood 2 Photo Credit,,https://commons.wikimedia.org/wiki/File:Dunav_-_panoramio_(2).jpg
Novi Sad,Liman,Hood 3 Photo File,,images/hoods/novi-sad--liman.webp
Novi Sad,Liman,Hood 3 Photo Credit,,https://commons.wikimedia.org/wiki/File:Kule_na_Limanu.JPG
Novi Sad,Grbavica,Hood 4 Photo File,,images/hoods/novi-sad--grbavica.webp
Novi Sad,Grbavica,Hood 4 Photo Credit,,https://commons.wikimedia.org/wiki/File:Novi_Sad_ETS_Mihajlo_Pupin.JPG
Novi Sad,Telep,Hood 5 Photo File,,images/hoods/novi-sad--telep.webp
Novi Sad,Telep,Hood 5 Photo Credit,,"https://commons.wikimedia.org/wiki/File:Futo%C5%A1ki_put,_Novi_Sad.JPG"
Nuku'alofa,hero,City Photo File,images/cities/nuku-alofa.jpg,images/cities/nuku-alofa.webp
Nuku'alofa,Ma'ufanga,Hood 4 Photo File,,images/hoods/nuku-alofa--ma-ufanga.webp
Nuku'alofa,Ma'ufanga,Hood 4 Photo Credit,,"https://commons.wikimedia.org/wiki/File:Royal_Palace,_Nuku%27alofa,_Nov_18.jpg"
Nuremberg,hero,City Photo File,images/cities/nuremberg.jpg,images/cities/nuremberg.webp
Nuremberg,Lorenzer Altstadt,Hood 1 Photo File,,images/hoods/nuremberg--lorenzer-altstadt.webp
Nuremberg,Lorenzer Altstadt,Hood 1 Photo Credit,,"https://commons.wikimedia.org/wiki/File:Altstadt_-_St._Lorenz,_N%C3%BCrnberg,_Germany_-_panoramio_-_Sergei_Gussev_(11).jpg"
Nuremberg,Sebalder Altstadt (Castle Quarter),Hood 2 Photo File,,images/hoods/nuremberg--sebalder-altstadt-castle-quarter.webp
Nuremberg,Sebalder Altstadt (Castle Quarter),Hood 2 Photo Credit,,https://commons.wikimedia.org/wiki/File:Egidienkirche_N%C3%BCrnberger_Altstadt_01.JPG
Nuremberg,Gostenhof,Hood 3 Photo File,,images/hoods/nuremberg--gostenhof.webp
Nuremberg,Gostenhof,Hood 3 Photo Credit,,https://commons.wikimedia.org/wiki/File:Dorfschulze_Bar_Gostenhof_N%C3%BCrnberg.jpg
Nuremberg,Südstadt,Hood 4 Photo File,,images/hoods/nuremberg--sudstadt.webp
Nuremberg,Südstadt,Hood 4 Photo Credit,,https://commons.wikimedia.org/wiki/File:1918-1939_circa_Open_GeoData_Plan_der_Hauptstadt_Hannover_1_zu_1000_(Historisch)_Kachel_So_402a.jpg
Nuremberg,St. Johannis,Hood 5 Photo File,,images/hoods/nuremberg--st-johannis.webp
Nuremberg,St. Johannis,Hood 5 Photo Credit,,https://commons.wikimedia.org/wiki/File:2021_%E2%80%94_Zweite_Julireise_Mateus2019_Batch_(140).jpg
Nuuk,hero,City Photo File,images/cities/nuuk.jpg,images/cities/nuuk.webp
Nuuk,Nuuk Centrum,Hood 1 Photo File,,images/hoods/nuuk--nuuk-centrum.webp
Nuuk,Nuuk Centrum,Hood 1 Photo Credit,,https://commons.wikimedia.org/wiki/File:Central_administration_of_Greenland.jpg
Nuuk,Old Nuuk (Kolonihavnen),Hood 2 Photo File,,images/hoods/nuuk--old-nuuk-kolonihavnen.webp
Nuuk,Old Nuuk (Kolonihavnen),Hood 2 Photo Credit,,https://commons.wikimedia.org/wiki/File:Annaassisitta-Oqaluffia-nuuk-cathedral.jpg
Nuuk,Nuussuaq,Hood 3 Photo File,,images/hoods/nuuk--nuussuaq.webp
Nuuk,Nuussuaq,Hood 3 Photo Credit,,"https://commons.wikimedia.org/wiki/File:Nuussuaq_harbor,_Nuuk,_Greenland.jpg"
Nuuk,Qinngorput,Hood 4 Photo File,,images/hoods/nuuk--qinngorput.webp
Nuuk,Qinngorput,Hood 4 Photo Credit,,https://commons.wikimedia.org/wiki/File:Nuuk_(02)_(Kenny_McFly).jpg
Nîmes,hero,City Photo File,images/cities/n-mes.jpg,images/cities/n-mes.webp
Nîmes,Écusson (Old Town),Hood 1 Photo File,,images/hoods/nimes--ecusson-old-town.webp
Nîmes,Écusson (Old Town),Hood 1 Photo Credit,,"https://commons.wikimedia.org/wiki/File:Looking_up_Rue_de_la_Madeleine_towards_%C3%89glise_Saint-Paul,_N%C3%AEmes,_2012.jpg"
Nîmes,Gambetta,Hood 2 Photo File,,images/hoods/nimes--gambetta.webp
Nîmes,Gambetta,Hood 2 Photo Credit,,https://commons.wikimedia.org/wiki/File:Passage_Gu%C3%A9rin_-_Entr%C3%A9e_boulevard_Gambetta.jpg
Nîmes,Jardins de la Fontaine,Hood 3 Photo File,,images/hoods/nimes--jardins-de-la-fontaine.webp
Nîmes,Jardins de la Fontaine,Hood 3 Photo Credit,,https://commons.wikimedia.org/wiki/File:Boules_players_-_Jardins_de_la_Fontaine_-_N%C3%AEmes_2014.JPG
Nîmes,Gare-Feuchères,Hood 4 Photo File,,images/hoods/nimes--gare-feucheres.webp
Nîmes,Gare-Feuchères,Hood 4 Photo Credit,,https://commons.wikimedia.org/wiki/File:N%C3%AEmes-Gare_Feuch%C3%A8res-Paulin_Talabot-20140526.jpg
Nîmes,Richelieu,Hood 5 Photo File,,images/hoods/nimes--richelieu.webp
Nîmes,Richelieu,Hood 5 Photo Credit,,https://commons.wikimedia.org/wiki/File:N%C3%AEmes_-_Graffiti_rue_Richelieu.jpg
Oaxaca,hero,City Photo File,images/cities/oaxaca.jpg,images/cities/oaxaca.webp
Oaxaca,hero,City Photo Credit,https://commons.wikimedia.org/wiki/File:Oaxaqa_%2841%29.jpg,"https://commons.wikimedia.org/wiki/File:Templo_de_Santo_Domingo_en_Oaxaca,_M%C3%A9xico_vista_de_frente.jpg"
Oaxaca,Centro Histórico,Hood 1 Photo File,,images/hoods/oaxaca--centro-historico.webp
Oaxaca,Centro Histórico,Hood 1 Photo Credit,,https://commons.wikimedia.org/wiki/File:Calenda_por_Santa_Cecilia_-_Oaxaca_-_22.jpg
Oaxaca,Jalatlaco,Hood 2 Photo File,,images/hoods/oaxaca--jalatlaco.webp
Oaxaca,Jalatlaco,Hood 2 Photo Credit,,"https://commons.wikimedia.org/wiki/File:Jalatlaco,_Oaxaca.jpg"
Oaxaca,Xochimilco,Hood 3 Photo File,,images/hoods/oaxaca--xochimilco.webp
Oaxaca,Xochimilco,Hood 3 Photo Credit,,https://commons.wikimedia.org/wiki/File:Dia_de_Muertos_en_Xochimilco.jpg
Oaxaca,Reforma,Hood 4 Photo File,,images/hoods/oaxaca--reforma.webp
Oaxaca,Reforma,Hood 4 Photo Credit,,"https://commons.wikimedia.org/wiki/File:Paseo_de_la_Reforma_Torre_Reforma,_Chapultepec_Uno_and_Torre_Mayor.jpg"
Odense,hero,City Photo File,images/cities/odense.jpg,images/cities/odense.webp
Odense,Odense C (City Centre),Hood 1 Photo File,,images/hoods/odense--odense-c-city-centre.webp
Odense,Odense C (City Centre),Hood 1 Photo Credit,,https://commons.wikimedia.org/wiki/File:Odense_Stadion_maj_2015.JPG
Odense,H.C. Andersen Quarter,Hood 2 Photo File,,images/hoods/odense--h-c-andersen-quarter.webp
Odense,H.C. Andersen Quarter,Hood 2 Photo Credit,,https://commons.wikimedia.org/wiki/File:Carl_Nielsen_c._1908.jpg
Odense,Odense M,Hood 4 Photo File,,images/hoods/odense--odense-m.webp
Odense,Odense M,Hood 4 Photo Credit,,https://commons.wikimedia.org/wiki/File:Denmark-Odense_railroad_station-platforms_east.JPG
Odessa,hero,City Photo File,images/cities/odessa.jpg,images/cities/odessa.webp
Odessa,Prymorskyi (Historic Center),Hood 1 Photo File,,images/hoods/odessa--prymorskyi-historic-center.webp
Odessa,Prymorskyi (Historic Center),Hood 1 Photo Credit,,"https://commons.wikimedia.org/wiki/File:%D0%9B%D1%8C%D0%B2%D0%B0_%D0%A2%D0%BE%D0%BB%D1%81%D1%82%D0%BE%D0%B3%D0%BE_%D0%B2%D1%83%D0%BB.,_1_DSC_0424.jpg"
Odessa,Arkadia,Hood 2 Photo File,,images/hoods/odessa--arkadia.webp
Odessa,Arkadia,Hood 2 Photo Credit,,"https://commons.wikimedia.org/wiki/File:Arcadia,_Odessa,_Odessa_Oblast,_Ukraine_-_panoramio_(51).jpg"
Odessa,Frantsuzkyi Boulevard,Hood 3 Photo File,,images/hoods/odessa--frantsuzkyi-boulevard.webp
Odessa,Frantsuzkyi Boulevard,Hood 3 Photo Credit,,https://commons.wikimedia.org/wiki/File:Odesa_Frantsusky_blvr_21_SAM_5981_51-101-1374.jpg
Ohrid,hero,City Photo File,images/cities/ohrid.jpg,images/cities/ohrid.webp
Ohrid,Old Town (Star Grad),Hood 1 Photo File,,images/hoods/ohrid--old-town-star-grad.webp
Ohrid,Old Town (Star Grad),Hood 1 Photo Credit,,https://commons.wikimedia.org/wiki/File:Ohrid_Church_Constantine_and_Elena.jpg
Ohrid,Centar,Hood 4 Photo File,,images/hoods/ohrid--centar.webp
Ohrid,Centar,Hood 4 Photo Credit,,https://commons.wikimedia.org/wiki/File:%D0%91%D0%B8%D1%81%D1%82%D0%B0_%D0%BD%D0%B0_%D0%9C%D1%83%D1%81%D1%82%D0%B0%D1%84%D0%B0_%D0%9A%D0%B5%D0%BC%D0%B0%D0%BB_%D0%90%D1%82%D0%B0%D1%82%D1%83%D1%80%D0%BA_%D0%B2%D0%BE_%D0%A6%D0%B5%D0%BD%D1%82%D0%B0%D1%80_%D0%96%D1%83%D0%BF%D0%B0.jpg
Ohrid,Sveti Stefan / Lagadin,Hood 5 Photo File,,images/hoods/ohrid--sveti-stefan-lagadin.webp
Ohrid,Sveti Stefan / Lagadin,Hood 5 Photo Credit,,https://commons.wikimedia.org/wiki/File:Budva_-_Sveti_Stefan_2.jpg
Olomouc,hero,City Photo File,images/cities/olomouc.jpg,images/cities/olomouc.webp
Olomouc,Horní Náměstí (Upper Square),Hood 1 Photo File,,images/hoods/olomouc--horni-namesti-upper-square.webp
Olomouc,Horní Náměstí (Upper Square),Hood 1 Photo Credit,,"https://commons.wikimedia.org/wiki/File:Ditrich%C5%A1tejsk%C3%BD_pal%C3%A1c,_%C4%8Dp._364,_Opletalova,_Olomouc.jpg"
Olomouc,Dolní Náměstí (Lower Square),Hood 2 Photo File,,images/hoods/olomouc--dolni-namesti-lower-square.webp
Olomouc,Dolní Náměstí (Lower Square),Hood 2 Photo Credit,,https://commons.wikimedia.org/wiki/File:Masn%C3%A9_kr%C3%A1my_(Olomouc).JPG
Olomouc,Nová Ulice,Hood 3 Photo File,,images/hoods/olomouc--nova-ulice.webp
Olomouc,Nová Ulice,Hood 3 Photo Credit,,"https://commons.wikimedia.org/wiki/File:Olomouc,_Poup%C4%9Btova_2,_n%C3%A1dra%C5%BE%C3%AD_Olomouc-Nov%C3%A1_Ulice.jpg"
Olomouc,Hodolany,Hood 4 Photo File,,images/hoods/olomouc--hodolany.webp
Olomouc,Hodolany,Hood 4 Photo Credit,,"https://commons.wikimedia.org/wiki/File:Plastika_Kl%C3%AD%C4%8Dov%C3%A1_socha_(Kl%C3%AD%C4%8Dov%C3%A1_revoluce),_Olomouc-Hodolany,_Olomouc,_okres_Olomouc_01.jpg"
Olomouc,Lazce,Hood 5 Photo File,,images/hoods/olomouc--lazce.webp
Olomouc,Lazce,Hood 5 Photo Credit,,https://commons.wikimedia.org/wiki/File:Katedr%C3%A1la_sv_V%C3%A1clava.jpg
Oran,hero,City Photo File,images/cities/oran.jpg,images/cities/oran.webp
Oran,Es Seddikia,Hood 2 Photo File,,images/hoods/oran--es-seddikia.webp
Oran,Es Seddikia,Hood 2 Photo Credit,,https://commons.wikimedia.org/wiki/File:TessalaIMO9761243MarmaraEre%C4%9Flisi_(3).jpg
Oran,Miramar,Hood 3 Photo File,,images/hoods/oran--miramar.webp
Oran,Miramar,Hood 3 Photo Credit,,https://commons.wikimedia.org/wiki/File:Miramar_-_Mediterranean_Revival_building.jpg
Oranjestad,hero,City Photo File,images/cities/oranjestad.jpg,images/cities/oranjestad.webp
Oranjestad,hero,City Photo Credit,https://en.wikipedia.org/wiki/Oranjestad,https://commons.wikimedia.org/wiki/File:ARUBA-oranjestad-royalplaza.jpg
Oranjestad,Downtown Oranjestad,Hood 1 Photo File,,images/hoods/oranjestad--downtown-oranjestad.webp
Oranjestad,Downtown Oranjestad,Hood 1 Photo Credit,,https://commons.wikimedia.org/wiki/File:Buildings_in_Oranjestad_Aruba_02_03_33_541000.jpeg
Oranjestad,Palm Beach,Hood 2 Photo File,,images/hoods/oranjestad--palm-beach.webp
Oranjestad,Palm Beach,Hood 2 Photo Credit,,"https://commons.wikimedia.org/wiki/File:Aad_Stolwijk,_Palm_Beach;_Keito,_ANA-DIG-COL-STOLWIJK-LUCHTF-VEL-472-08,_Archivo_Nacional_Aruba.jpg"
Oranjestad,Eagle Beach,Hood 3 Photo File,,images/hoods/oranjestad--eagle-beach.webp
Oranjestad,Eagle Beach,Hood 3 Photo Credit,,https://commons.wikimedia.org/wiki/File:Oduber_Hospital_21_31_19_556000.jpeg
Oranjestad,Noord,Hood 4 Photo File,,images/hoods/oranjestad--noord.webp
Oranjestad,Noord,Hood 4 Photo Credit,,https://commons.wikimedia.org/wiki/File:Saint_Anna_Church_in_Noord.jpg
Oranjestad,Malmok / Arashi,Hood 5 Photo File,,images/hoods/oranjestad--malmok-arashi.webp
Oranjestad,Malmok / Arashi,Hood 5 Photo Credit,,"https://commons.wikimedia.org/wiki/File:Aad_Stolwijk,_Malmok;_Boca_Catalina,_ANA-DIG-COL-STOLWIJK-LUCHTF-VEL-467-01,_Archivo_Nacional_Aruba.jpg"
Orlando,hero,City Photo File,images/cities/orlando.jpg,images/cities/orlando.webp
Orlando,Downtown Orlando,Hood 1 Photo File,images/hoods/orlando--downtown-orlando.jpg,images/hoods/orlando--downtown-orlando.webp
Orlando,Winter Park,Hood 2 Photo File,images/hoods/orlando--winter-park.jpg,images/hoods/orlando--winter-park.webp
Orlando,Lake Nona,Hood 3 Photo File,,images/hoods/orlando--lake-nona.webp
Orlando,Lake Nona,Hood 3 Photo Credit,,https://commons.wikimedia.org/wiki/File:College_of_Medicine_-_panoramio.jpg
Orlando,Thornton Park,Hood 4 Photo File,images/hoods/orlando--thornton-park.jpg,images/hoods/orlando--thornton-park.webp
Orlando,International Drive,Hood 5 Photo File,images/hoods/orlando--international-drive.jpg,images/hoods/orlando--international-drive.webp
Osaka,hero,City Photo File,images/cities/osaka.jpg,images/cities/osaka.webp
Osaka,Namba (Minami),Hood 1 Photo File,images/hoods/osaka--namba-minami.jpg,images/hoods/osaka--namba-minami.webp
Osaka,Umeda (Kita),Hood 2 Photo File,images/hoods/osaka--umeda-kita.jpg,images/hoods/osaka--umeda-kita.webp
Osaka,Shinsekai,Hood 3 Photo File,images/hoods/osaka--shinsekai.jpg,images/hoods/osaka--shinsekai.webp
Osaka,Tennoji,Hood 4 Photo File,images/hoods/osaka--tennoji.jpg,images/hoods/osaka--tennoji.webp
Osaka,Shinsaibashi,Hood 5 Photo File,images/hoods/osaka--shinsaibashi.jpg,images/hoods/osaka--shinsaibashi.webp
Oslo,hero,City Photo File,images/cities/oslo.jpg,images/cities/oslo.webp
Oslo,Grunerlokka,Hood 1 Photo File,images/hoods/oslo--grunerlokka.jpg,images/hoods/oslo--grunerlokka.webp
Oslo,Frogner,Hood 2 Photo File,images/hoods/oslo--frogner.jpg,images/hoods/oslo--frogner.webp
Oslo,Majorstuen,Hood 3 Photo File,images/hoods/oslo--majorstuen.jpg,images/hoods/oslo--majorstuen.webp
Oslo,Gronland,Hood 4 Photo File,images/hoods/oslo--gronland.jpg,images/hoods/oslo--gronland.webp
Oslo,Aker Brygge,Hood 5 Photo File,images/hoods/oslo--aker-brygge.jpg,images/hoods/oslo--aker-brygge.webp
Osogbo,hero,City Photo File,images/cities/osogbo.jpg,images/cities/osogbo.webp
Osogbo,hero,City Photo Credit,https://commons.wikimedia.org/wiki/File:Osun_groove_Osogbo.jpg,"https://commons.wikimedia.org/wiki/File:Osun_Osogbo_forest,_river_and_sacred_groove_08.jpg"
Osogbo,Oja Oba,Hood 1 Photo File,,images/hoods/osogbo--oja-oba.webp
Osogbo,Oja Oba,Hood 1 Photo Credit,,"https://commons.wikimedia.org/wiki/File:Oja_Oba_Oluwatedo,_Oru_Ijebu.jpg"
Osogbo,Isale-Osun,Hood 3 Photo File,,images/hoods/osogbo--isale-osun.webp
Osogbo,Isale-Osun,Hood 3 Photo Credit,,https://commons.wikimedia.org/wiki/File:Osogbo_Oroki_shrine.jpg
Ostrava,hero,City Photo File,images/cities/ostrava.jpg,images/cities/ostrava.webp
Ostrava,hero,City Photo Credit,https://commons.wikimedia.org/wiki/File:Ostravakolaz.png,https://commons.wikimedia.org/wiki/File:Ostrava-mainsquare.jpg
Ostrava,Moravská Ostrava (Center),Hood 1 Photo File,,images/hoods/ostrava--moravska-ostrava-center.webp
Ostrava,Moravská Ostrava (Center),Hood 1 Photo Credit,,"https://commons.wikimedia.org/wiki/File:Moravsk%C3%A1_Ostrava_a_P%C5%99%C3%ADvoz,_Czech_Republic_-_panoramio_-_Jiri_Novak_(1).jpg"
Ostrava,Vítkovice,Hood 2 Photo File,,images/hoods/ostrava--vitkovice.webp
Ostrava,Vítkovice,Hood 2 Photo Credit,,https://commons.wikimedia.org/wiki/File:193_807_D-RAILL_Ostrava-Vitkovice.jpg
Ostrava,Poruba,Hood 3 Photo File,,images/hoods/ostrava--poruba.webp
Ostrava,Poruba,Hood 3 Photo Credit,,"https://commons.wikimedia.org/wiki/File:Tv%C3%A1%C5%99_se_slzou,_V%C5%A0B-TU_Ostrava,_Ostrava-Poruba_2.jpg"
Ostrava,Slezská Ostrava,Hood 4 Photo File,,images/hoods/ostrava--slezska-ostrava.webp
Ostrava,Slezská Ostrava,Hood 4 Photo Credit,,"https://commons.wikimedia.org/wiki/File:Kelti%C4%8Dkova_kov%C3%A1rna,_nau%C4%8Dn%C3%A1_stezka_Slezsk%C3%A1_Ostrava,_Ostrava,_Moravskoslezsk%C3%BD_kraj,_%C4%8Cesk%C3%A1_republika.jpg"
Otaru,hero,City Photo File,images/cities/otaru.jpg,images/cities/otaru.webp
Otaru,hero,City Photo Credit,https://commons.wikimedia.org/wiki/File:Otaru_Montage.jpg,https://commons.wikimedia.org/wiki/File:Otaru_Canal03bs3.jpg
Otaru,Otaru Canal Area,Hood 1 Photo File,,images/hoods/otaru--otaru-canal-area.webp
Otaru,Otaru Canal Area,Hood 1 Photo Credit,,https://www.flickr.com/photos/42438962@N05/16484684766/
Otaru,Sakaimachi Street,Hood 2 Photo File,,images/hoods/otaru--sakaimachi-street.webp
Otaru,Sakaimachi Street,Hood 2 Photo Credit,,https://commons.wikimedia.org/wiki/File:Sakaimachi_street_Otaru_Hokkaido08n.jpg
Otaru,Otaru Station Area,Hood 3 Photo File,,images/hoods/otaru--otaru-station-area.webp
Otaru,Otaru Station Area,Hood 3 Photo Credit,,https://commons.wikimedia.org/wiki/File:Toyohirakoensta-form.jpg
Otaru,Temiya,Hood 4 Photo File,,images/hoods/otaru--temiya.webp
Otaru,Temiya,Hood 4 Photo Credit,,"https://commons.wikimedia.org/wiki/File:%E6%89%8B%E5%AE%AE%E7%B7%9A%E8%B7%A1_Former_Temiya_Line,_Otaru_2015-02-27_(16720959551).jpg"
Otaru,Shukutsu,Hood 5 Photo File,,images/hoods/otaru--shukutsu.webp
Otaru,Shukutsu,Hood 5 Photo Credit,,https://commons.wikimedia.org/wiki/File:Pleurogrammus_azonus_otaru.jpg
Ottawa,hero,City Photo File,images/cities/ottawa.jpg,images/cities/ottawa.webp
Ottawa,ByWard Market,Hood 1 Photo File,,images/hoods/ottawa--byward-market.webp
Ottawa,ByWard Market,Hood 1 Photo Credit,,"https://commons.wikimedia.org/wiki/File:Bell_Media,_ByWard_Market_(14763394481).jpg"
Ottawa,Downtown / Centretown,Hood 2 Photo File,,images/hoods/ottawa--downtown-centretown.webp
Ottawa,Downtown / Centretown,Hood 2 Photo Credit,,https://commons.wikimedia.org/wiki/File:Bell_Canada_-_Ottawa_(14579877690).jpg
Ottawa,The Glebe,Hood 3 Photo File,,images/hoods/ottawa--the-glebe.webp
Ottawa,The Glebe,Hood 3 Photo Credit,,"https://commons.wikimedia.org/wiki/File:Loblaws,_Ottawa,_Ontario_(29440346423).jpg"
Ottawa,Sandy Hill,Hood 4 Photo File,,images/hoods/ottawa--sandy-hill.webp
Ottawa,Sandy Hill,Hood 4 Photo Credit,,https://commons.wikimedia.org/wiki/File:Complexe_residentiel_90_Universite.jpg
Ottawa,Westboro,Hood 5 Photo File,,images/hoods/ottawa--westboro.webp
Ottawa,Westboro,Hood 5 Photo Credit,,https://commons.wikimedia.org/wiki/File:Bushtukah_(36369148274).jpg
Ouagadougou,hero,City Photo File,images/cities/ouagadougou.jpg,images/cities/ouagadougou.webp
Ouagadougou,hero,City Photo Credit,https://en.wikipedia.org/wiki/File:Ouagadougou_Skyline.jpg,https://commons.wikimedia.org/wiki/File:Uma_vista_de_Hotel_Bravia_em_Ouagadougou_para_ruas_de_Burkina_Faso.jpg
Ouagadougou,Ouaga 2000,Hood 1 Photo File,,images/hoods/ouagadougou--ouaga-2000.webp
Ouagadougou,Ouaga 2000,Hood 1 Photo Credit,,https://commons.wikimedia.org/wiki/File:Vue_sur_le_ciel_de_Ouaga_2000_-_%C3%89changeur_de_Ouaga_2000.jpg
Ouagadougou,Zone du Bois,Hood 3 Photo File,,images/hoods/ouagadougou--zone-du-bois.webp
Ouagadougou,Zone du Bois,Hood 3 Photo Credit,,https://commons.wikimedia.org/wiki/File:Famille_en_bois.jpg
Ouagadougou,Koulouba,Hood 4 Photo File,,images/hoods/ouagadougou--koulouba.webp
Ouagadougou,Koulouba,Hood 4 Photo Credit,,https://commons.wikimedia.org/wiki/File:Liza_Mall.jpg
Ouagadougou,Gounghin,Hood 5 Photo File,,images/hoods/ouagadougou--gounghin.webp
Ouagadougou,Gounghin,Hood 5 Photo Credit,,https://commons.wikimedia.org/wiki/File:Ouaga_watertower.png
Ouarzazate,hero,City Photo File,images/cities/ouarzazate.jpg,images/cities/ouarzazate.webp
Ouarzazate,Taourirt,Hood 2 Photo File,,images/hoods/ouarzazate--taourirt.webp
Ouarzazate,Taourirt,Hood 2 Photo Credit,,https://commons.wikimedia.org/wiki/File:Ayoub_Dr_Lamdint_Ouarzazate.jpg
Ouarzazate,Tabounte,Hood 3 Photo File,,images/hoods/ouarzazate--tabounte.webp
Ouarzazate,Tabounte,Hood 3 Photo Credit,,https://commons.wikimedia.org/wiki/File:Lava_Flow_on_Precambrian_Ignimbrite_near_Tabounte_in_Morocco.jpg
Ouarzazate,Sidi Daoud,Hood 4 Photo File,,images/hoods/ouarzazate--sidi-daoud.webp
Ouarzazate,Sidi Daoud,Hood 4 Photo Credit,,https://commons.wikimedia.org/wiki/File:Tunisie_station_sidi_daoud_1.jpg
Oxford,hero,City Photo File,images/cities/oxford.jpg,images/cities/oxford.webp
Oxford,City Centre,Hood 1 Photo File,,images/hoods/oxford--city-centre.webp
Oxford,City Centre,Hood 1 Photo Credit,,https://commons.wikimedia.org/wiki/File:Oxford_from_the_Westgate_Centre_-_geograph.org.uk_-_6394921.jpg
Oxford,Jericho,Hood 2 Photo File,,images/hoods/oxford--jericho.webp
Oxford,Jericho,Hood 2 Photo Credit,,"https://commons.wikimedia.org/wiki/File:Combe_Road,_Jericho,_Oxford-geograph-3606658-by-David-Hallam-Jones.jpg"
Oxford,Cowley,Hood 3 Photo File,,images/hoods/oxford--cowley.webp
Oxford,Cowley,Hood 3 Photo Credit,,https://commons.wikimedia.org/wiki/File:Atomic_Burger_on_Cowley_Road_-_geograph.org.uk_-_5169085.jpg
Oxford,Summertown,Hood 4 Photo File,,images/hoods/oxford--summertown.webp
Oxford,Summertown,Hood 4 Photo Credit,,https://commons.wikimedia.org/wiki/File:Belbroughton_Road_Summertown_-_geograph.org.uk_-_2482940.jpg
Oxford,Headington,Hood 5 Photo File,,images/hoods/oxford--headington.webp
Oxford,Headington,Hood 5 Photo Credit,,"https://commons.wikimedia.org/wiki/File:10_Old_High_Street,_Headington,_Oxford_(42667465175).jpg"
Padang,hero,City Photo File,images/cities/padang.jpg,images/cities/padang.webp
Padang,Padang Barat (City Center),Hood 1 Photo File,,images/hoods/padang--padang-barat-city-center.webp
Padang,Padang Barat (City Center),Hood 1 Photo Credit,,https://commons.wikimedia.org/wiki/File:Piai_Tangah_-_Pauh_-_Padang_01.jpg
Padang,Kota Tua Padang (Old Town),Hood 2 Photo File,,images/hoods/padang--kota-tua-padang-old-town.webp
Padang,Kota Tua Padang (Old Town),Hood 2 Photo Credit,,https://commons.wikimedia.org/wiki/File:Masjid_Assalam_di_Tuapejat_20230807.jpg
Padang,Pantai Purus (Taplau Beachfront),Hood 3 Photo File,,images/hoods/padang--pantai-purus-taplau-beachfront.webp
Padang,Pantai Purus (Taplau Beachfront),Hood 3 Photo Credit,,https://commons.wikimedia.org/wiki/File:Pantai_purus_padang.jpg
Padang,Air Tawar (Padang Utara),Hood 4 Photo File,,images/hoods/padang--air-tawar-padang-utara.webp
Padang,Air Tawar (Padang Utara),Hood 4 Photo Credit,,"https://commons.wikimedia.org/wiki/File:Campus_IV_Limau_Manis,_Padang_State_University.jpg"
Padang,Khatib Sulaiman,Hood 5 Photo File,,images/hoods/padang--khatib-sulaiman.webp
Padang,Khatib Sulaiman,Hood 5 Photo Credit,,https://commons.wikimedia.org/wiki/File:Transmart_Padang.jpg
Pai,hero,City Photo File,images/cities/pai.jpg,images/cities/pai.webp
Pai,Pai Walking Street,Hood 1 Photo File,,images/hoods/pai--pai-walking-street.webp
Pai,Pai Walking Street,Hood 1 Photo Credit,,https://commons.wikimedia.org/wiki/File:Pai_Walking_Street_5.jpg
Pai,Wat Phra That Mae Yen,Hood 3 Photo File,,images/hoods/pai--wat-phra-that-mae-yen.webp
Pai,Wat Phra That Mae Yen,Hood 3 Photo Credit,,https://commons.wikimedia.org/wiki/File:Wat_Phra_That_Mae_Yen_1.jpg
Pai,Wat Phra That Mae Yen,Hood 5 Photo File,,images/hoods/pai--wat-phra-that-mae-yen.webp
Pai,Wat Phra That Mae Yen,Hood 5 Photo Credit,,https://commons.wikimedia.org/wiki/File:Wat_Phra_That_Mae_Yen_1.jpg
Palermo,hero,City Photo File,images/cities/palermo.jpg,images/cities/palermo.webp
Palermo,hero,City Photo Credit,https://commons.wikimedia.org/wiki/File:Sicilia_Palermo5_tango7174.jpg,https://commons.wikimedia.org/wiki/File:Palermo-Panorama-bjs-1.jpg
Palermo,Centro Storico,Hood 1 Photo File,,images/hoods/palermo--centro-storico.webp
Palermo,Centro Storico,Hood 1 Photo Credit,,https://commons.wikimedia.org/wiki/File:San_Giovanni_dei_Napoletani_(Palermo)_14_07_2019_02.jpg
Palermo,La Kalsa,Hood 2 Photo File,,images/hoods/palermo--la-kalsa.webp
Palermo,La Kalsa,Hood 2 Photo Credit,,https://commons.wikimedia.org/wiki/File:Palermo-AP-p1070649.jpg
Palermo,Vucciria,Hood 3 Photo File,,images/hoods/palermo--vucciria.webp
Palermo,Vucciria,Hood 3 Photo Credit,,https://commons.wikimedia.org/wiki/File:Ritratto_di_Guttuso._Nino_Franchina_1935.jpg
Palermo,Politeama (Liberta),Hood 4 Photo File,,images/hoods/palermo--politeama-liberta.webp
Palermo,Politeama (Liberta),Hood 4 Photo Credit,,https://commons.wikimedia.org/wiki/File:Teatro_Politeama_%22Garibaldi%22_-_panoramio.jpg
Palermo,Mondello,Hood 5 Photo File,,images/hoods/palermo--mondello.webp
Palermo,Mondello,Hood 5 Photo Credit,,https://commons.wikimedia.org/wiki/File:Chiesa_Maria_SS._Assunta_a_Mondello-Valdesi.jpg
Palma de Mallorca,hero,City Photo File,images/cities/palma-de-mallorca.jpg,images/cities/palma-de-mallorca.webp
Palma de Mallorca,Casco Antiguo (Old Town),Hood 1 Photo File,images/hoods/palma-de-mallorca--casco-antiguo-old-town.jpg,images/hoods/palma-de-mallorca--casco-antiguo-old-town.webp
Palma de Mallorca,Santa Catalina,Hood 2 Photo File,,images/hoods/palma-de-mallorca--santa-catalina.webp
Palma de Mallorca,Santa Catalina,Hood 2 Photo Credit,,https://commons.wikimedia.org/wiki/File:Manche_der_Windm%C3%BChlen_im_Viertel_Es_Jonquiet_erstrahlen_in_neuem_Glanz_-_panoramio.jpg
Palma de Mallorca,El Terreno,Hood 3 Photo File,images/hoods/palma-de-mallorca--el-terreno.jpg,images/hoods/palma-de-mallorca--el-terreno.webp
Palma de Mallorca,Portixol,Hood 4 Photo File,images/hoods/palma-de-mallorca--portixol.jpg,images/hoods/palma-de-mallorca--portixol.webp
Palma de Mallorca,Son Espanyolet,Hood 5 Photo File,images/hoods/palma-de-mallorca--son-espanyolet.jpg,images/hoods/palma-de-mallorca--son-espanyolet.webp
Pamplona,hero,City Photo File,images/cities/pamplona.jpg,images/cities/pamplona.webp
Pamplona,Casco Viejo,Hood 1 Photo File,,images/hoods/pamplona--casco-viejo.webp
Pamplona,Casco Viejo,Hood 1 Photo Credit,,"https://commons.wikimedia.org/wiki/File:The_Bull_Run,_Pamplona_-_panoramio.jpg"
Pamplona,Ensanche,Hood 2 Photo File,,images/hoods/pamplona--ensanche.webp
Pamplona,Ensanche,Hood 2 Photo Credit,,https://commons.wikimedia.org/wiki/File:Goberno_Militar_Pamplona_2.jpg
Pamplona,San Juan,Hood 3 Photo File,,images/hoods/pamplona--san-juan.webp
Pamplona,San Juan,Hood 3 Photo Credit,,"https://commons.wikimedia.org/wiki/File:Pamplona,_1904.jpg"
Pamplona,Rochapea,Hood 4 Photo File,,images/hoods/pamplona--rochapea.webp
Pamplona,Rochapea,Hood 4 Photo Credit,,https://commons.wikimedia.org/wiki/File:Ikastola_Ptxi_Larrainzar_Pamplona.jpg
Pamplona,Iturrama,Hood 5 Photo File,,images/hoods/pamplona--iturrama.webp
Pamplona,Iturrama,Hood 5 Photo Credit,,https://commons.wikimedia.org/wiki/File:141_16_21_C_Pamplona_EPSG25830_E2000_2020_02.jpg
Panama City,hero,City Photo File,images/cities/panama-city.jpg,images/cities/panama-city.webp
Panama City,Casco Viejo,Hood 1 Photo File,,images/hoods/panama-city--casco-viejo.webp
Panama City,Casco Viejo,Hood 1 Photo Credit,,https://commons.wikimedia.org/wiki/File:Antiguo_colegio_Bolivar.jpg
Panama City,El Cangrejo,Hood 2 Photo File,,images/hoods/panama-city--el-cangrejo.webp
Panama City,El Cangrejo,Hood 2 Photo Credit,,"https://commons.wikimedia.org/wiki/File:El_Cangrejo,_Panam%C3%A1,_Panama_-_panoramio.jpg"
Panama City,Bella Vista,Hood 3 Photo File,,images/hoods/panama-city--bella-vista.webp
Panama City,Bella Vista,Hood 3 Photo Credit,,"https://commons.wikimedia.org/wiki/File:Bella_Vista,_Panama_City.jpg"
Panama City,Marbella,Hood 4 Photo File,,images/hoods/panama-city--marbella.webp
Panama City,Marbella,Hood 4 Photo Credit,,https://www.flickr.com/photos/70601645@N00/3863305392/
Panama City,Punta Pacifica,Hood 5 Photo File,,images/hoods/panama-city--punta-pacifica.webp
Panama City,Punta Pacifica,Hood 5 Photo Credit,,https://commons.wikimedia.org/wiki/File:Punta_Pacifica_Skyline_2013-05-01.jpg
Panglao,hero,City Photo File,images/cities/panglao.jpg,images/cities/panglao.webp
Panglao,Alona Beach (Tawala),Hood 1 Photo File,,images/hoods/panglao--alona-beach-tawala.webp
Panglao,Alona Beach (Tawala),Hood 1 Photo Credit,,"https://commons.wikimedia.org/wiki/File:Alona_Beach,_Panglao_Island_(2052095707).jpg"
Panglao,Doljo Beach,Hood 2 Photo File,,images/hoods/panglao--doljo-beach.webp
Panglao,Doljo Beach,Hood 2 Photo Credit,,https://commons.wikimedia.org/wiki/File:Doljo_Beach_in_Panglao.jpg
Panglao,Momo Beach / Danao,Hood 3 Photo File,,images/hoods/panglao--momo-beach-danao.webp
Panglao,Momo Beach / Danao,Hood 3 Photo Credit,,"https://commons.wikimedia.org/wiki/File:Huts_at_Momo_beach,_Panglao_-_panoramio.jpg"
Panglao,Panglao Poblacion (Town Proper),Hood 4 Photo File,,images/hoods/panglao--panglao-poblacion-town-proper.webp
Panglao,Panglao Poblacion (Town Proper),Hood 4 Photo Credit,,https://commons.wikimedia.org/wiki/File:Balicasag_Island.jpg
Panglao,Dumaluan / Bikini Beach (Bolod),Hood 5 Photo File,,images/hoods/panglao--dumaluan-bikini-beach-bolod.webp
Panglao,Dumaluan / Bikini Beach (Bolod),Hood 5 Photo Credit,,https://commons.wikimedia.org/wiki/File:Dumaluan_Beach_after_a_typhoon.jpg
Papeete,hero,City Photo File,images/cities/papeete.jpg,images/cities/papeete.webp
Papeete,Fare Ute,Hood 2 Photo File,,images/hoods/papeete--fare-ute.webp
Papeete,Fare Ute,Hood 2 Photo Credit,,https://commons.wikimedia.org/wiki/File:View_of_the_harbour_and_town_from_the_bridge_-_panoramio.jpg
Papeete,Pirae,Hood 4 Photo File,,images/hoods/papeete--pirae.webp
Papeete,Pirae,Hood 4 Photo Credit,,https://commons.wikimedia.org/wiki/File:Cimeti%C3%A8re_de_Pirae_-_Laurent_Seignobos.jpg
Papeete,Punaauia,Hood 5 Photo File,,images/hoods/papeete--punaauia.webp
Papeete,Punaauia,Hood 5 Photo Credit,,"https://commons.wikimedia.org/wiki/File:Tahiti,_French_Polynesia_(48032642913).jpg"
Paphos,hero,City Photo File,images/cities/paphos.jpg,images/cities/paphos.webp
Paphos,Kato Paphos,Hood 1 Photo File,,images/hoods/paphos--kato-paphos.webp
Paphos,Kato Paphos,Hood 1 Photo Credit,,"https://commons.wikimedia.org/wiki/File:Amphitheater_and_viewpoint,_Kato_Paphos,_Paphos,_Cyprus.jpg"
Paphos,Ktima (Upper Town),Hood 2 Photo File,,images/hoods/paphos--ktima-upper-town.webp
Paphos,Ktima (Upper Town),Hood 2 Photo Credit,,"https://commons.wikimedia.org/wiki/File:Paphos,_T%C3%BCrkisches_Bad_am_Markt_-_panoramio.jpg"
Paphos,Coral Bay,Hood 4 Photo File,,images/hoods/paphos--coral-bay.webp
Paphos,Coral Bay,Hood 4 Photo Credit,,"https://commons.wikimedia.org/wiki/File:Coral_Bay,_Peyia,_Cyprus_-_panoramio_(10).jpg"
Paphos,Geroskipou,Hood 5 Photo File,,images/hoods/paphos--geroskipou.webp
Paphos,Geroskipou,Hood 5 Photo Credit,,https://commons.wikimedia.org/wiki/File:Blick_auf_das_Athena_Beach_Hotel_Paphos_-_panoramio.jpg
Paris,hero,City Photo File,images/cities/paris.jpg,images/cities/paris.webp
Paris,Le Marais,Hood 1 Photo File,images/hoods/paris--le-marais.jpg,images/hoods/paris--le-marais.webp
Paris,Saint-Germain-des-Prés,Hood 2 Photo File,images/hoods/paris--saint-germain-des-pres.jpg,images/hoods/paris--saint-germain-des-pres.webp
Paris,Montmartre,Hood 3 Photo File,images/hoods/paris--montmartre.jpg,images/hoods/paris--montmartre.webp
Paris,Latin Quarter,Hood 4 Photo File,images/hoods/paris--latin-quarter.jpg,images/hoods/paris--latin-quarter.webp
Paris,Champs-Élysées,Hood 5 Photo File,images/hoods/paris--champs-elysees.jpg,images/hoods/paris--champs-elysees.webp
Parma,hero,City Photo File,images/cities/parma.jpg,images/cities/parma.webp
Parma,Centro Storico,Hood 1 Photo File,,images/hoods/parma--centro-storico.webp
Parma,Centro Storico,Hood 1 Photo Credit,,https://commons.wikimedia.org/wiki/File:Palazzo_Comunale_Parma_vista_da_Via_Cavour.JPG
Parma,Oltretorrente,Hood 2 Photo File,,images/hoods/parma--oltretorrente.webp
Parma,Oltretorrente,Hood 2 Photo Credit,,https://commons.wikimedia.org/wiki/File:Oltretorrente.JPG
Pattaya-Chonburi,hero,City Photo File,images/cities/pattaya-chonburi.jpg,images/cities/pattaya-chonburi.webp
Pattaya-Chonburi,Central Pattaya,Hood 1 Photo File,images/hoods/pattaya-chonburi--central-pattaya.jpg,images/hoods/pattaya-chonburi--central-pattaya.webp
Pattaya-Chonburi,North Pattaya,Hood 2 Photo File,images/hoods/pattaya-chonburi--north-pattaya.jpg,images/hoods/pattaya-chonburi--north-pattaya.webp
Pattaya-Chonburi,South Pattaya,Hood 3 Photo File,images/hoods/pattaya-chonburi--south-pattaya.jpg,images/hoods/pattaya-chonburi--south-pattaya.webp
Pattaya-Chonburi,Jomtien Beach,Hood 4 Photo File,images/hoods/pattaya-chonburi--jomtien-beach.jpg,images/hoods/pattaya-chonburi--jomtien-beach.webp
Pattaya-Chonburi,Naklua,Hood 5 Photo File,images/hoods/pattaya-chonburi--naklua.jpg,images/hoods/pattaya-chonburi--naklua.webp
Pemba,hero,City Photo File,images/cities/pemba.jpg,images/cities/pemba.webp
Pemba,hero,City Photo Credit,https://commons.wikimedia.org/wiki/File:Wimbe_Beach_2_%284871485865%29.jpg,https://commons.wikimedia.org/wiki/File:Wimbe_Beach_2_(4871485865).jpg
Pemba,Wimbe Beach (Praia do Wimbe),Hood 1 Photo File,,images/hoods/pemba--wimbe-beach-praia-do-wimbe.webp
Pemba,Wimbe Beach (Praia do Wimbe),Hood 1 Photo Credit,,https://commons.wikimedia.org/wiki/File:South_of_Pemba_(2914724558).jpg
Pemba,Cariacó,Hood 4 Photo File,,images/hoods/pemba--cariaco.webp
Pemba,Cariacó,Hood 4 Photo Credit,,"https://commons.wikimedia.org/wiki/File:Admiralty_Chart_No_230_Isla_de_Margarita_and_Golfo_de_Cariaco,_Published_1952.jpg"
Perpignan,hero,City Photo File,images/cities/perpignan.jpg,images/cities/perpignan.webp
Perpignan,Centre Historique (Le Castillet & La Loge),Hood 1 Photo File,,images/hoods/perpignan--centre-historique-le-castillet-la-loge.webp
Perpignan,Centre Historique (Le Castillet & La Loge),Hood 1 Photo Credit,,https://commons.wikimedia.org/wiki/File:Palau_de_la_diputaci%C3%B3.jpg
Perpignan,Quartier de la Gare,Hood 2 Photo File,,images/hoods/perpignan--quartier-de-la-gare.webp
Perpignan,Quartier de la Gare,Hood 2 Photo Credit,,https://commons.wikimedia.org/wiki/File:Perpignan_-_5_rue_des_Jardins.jpg
Perpignan,Saint-Mathieu,Hood 3 Photo File,,images/hoods/perpignan--saint-mathieu.webp
Perpignan,Saint-Mathieu,Hood 3 Photo Credit,,https://commons.wikimedia.org/wiki/File:Perpignan_rue_St_Mathieu_%C3%A9glise.jpg
Perpignan,Moulin à Vent,Hood 4 Photo File,,images/hoods/perpignan--moulin-a-vent.webp
Perpignan,Moulin à Vent,Hood 4 Photo Credit,,https://commons.wikimedia.org/wiki/File:Entre-moulin-vent.jpg
Perpignan,Porte d'Espagne,Hood 5 Photo File,,images/hoods/perpignan--porte-d-espagne.webp
Perpignan,Porte d'Espagne,Hood 5 Photo Credit,,https://commons.wikimedia.org/wiki/File:C%C3%A9ret-09.JPG
Perth,hero,City Photo File,images/cities/perth.jpg,images/cities/perth.webp
Perth,Perth CBD,Hood 1 Photo File,,images/hoods/perth--perth-cbd.webp
Perth,Perth CBD,Hood 1 Photo Credit,,"https://commons.wikimedia.org/wiki/File:Christmas_decorations_in_Perth_CBD,_December_2025_01.jpg"
Perth,Northbridge,Hood 2 Photo File,,images/hoods/perth--northbridge.webp
Perth,Northbridge,Hood 2 Photo Credit,,"https://commons.wikimedia.org/wiki/File:An_Historic_Grapevine,_sign_detail_-_panoramio.jpg"
Perth,Fremantle,Hood 3 Photo File,,images/hoods/perth--fremantle.webp
Perth,Fremantle,Hood 3 Photo Credit,,https://commons.wikimedia.org/wiki/File:Community_Recycling_Yard_-_panoramio.jpg
Perth,Subiaco,Hood 4 Photo File,,images/hoods/perth--subiaco.webp
Perth,Subiaco,Hood 4 Photo Credit,,https://commons.wikimedia.org/wiki/File:Subiaco_-_Rupert_Street_from_N.jpg
Perth,Scarborough,Hood 5 Photo File,,images/hoods/perth--scarborough.webp
Perth,Scarborough,Hood 5 Photo Credit,,"https://commons.wikimedia.org/wiki/File:AUS_Perth,_Stirling,_Calais_Road_002.jpg"
Perugia,hero,City Photo File,images/cities/perugia.jpg,images/cities/perugia.webp
Perugia,Centro Storico,Hood 1 Photo File,,images/hoods/perugia--centro-storico.webp
Perugia,Centro Storico,Hood 1 Photo Credit,,"https://commons.wikimedia.org/wiki/File:Fontana_Maggiore,_centro_storico_Perugia.JPG"
Perugia,Borgo Sant'Angelo,Hood 2 Photo File,,images/hoods/perugia--borgo-sant-angelo.webp
Perugia,Borgo Sant'Angelo,Hood 2 Photo Credit,,https://commons.wikimedia.org/wiki/File:14_498_Passetto_di_Borgo.jpg
Perugia,Elce,Hood 3 Photo File,,images/hoods/perugia--elce.webp
Perugia,Elce,Hood 3 Photo Credit,,https://commons.wikimedia.org/wiki/File:Elze_Stadtansicht_mit_Peter_und_Paul_Kirche.jpg
Perugia,Monteluce,Hood 4 Photo File,,images/hoods/perugia--monteluce.webp
Perugia,Monteluce,Hood 4 Photo Credit,,https://commons.wikimedia.org/wiki/File:Chiesa_Santa_Maria_della_Piet%C3%A0_da_Via_Cialdini.jpg
Perugia,Fontivegge,Hood 5 Photo File,,images/hoods/perugia--fontivegge.webp
Perugia,Fontivegge,Hood 5 Photo Credit,,"https://commons.wikimedia.org/wiki/File:Perugia,_Italy_-_panoramio.jpg"
Petrópolis,hero,City Photo File,images/cities/petr-polis.jpg,images/cities/petr-polis.webp
Petrópolis,Centro Histórico,Hood 1 Photo File,,images/hoods/petropolis--centro-historico.webp
Petrópolis,Centro Histórico,Hood 1 Photo Credit,,"https://commons.wikimedia.org/wiki/File:Petr%C3%B3polis_RJ_Brasil_-_Palacio_Amarelo,_sede_da_C%C3%A2mara_Municipal_-_panoramio.jpg"
Petrópolis,Quitandinha,Hood 2 Photo File,,images/hoods/petropolis--quitandinha.webp
Petrópolis,Quitandinha,Hood 2 Photo Credit,,https://commons.wikimedia.org/wiki/File:Pal%C3%A1cio_Quitandinha_-_Petr%C3%B3polis_(3673187095).jpg
Petrópolis,Itaipava,Hood 3 Photo File,,images/hoods/petropolis--itaipava.webp
Petrópolis,Itaipava,Hood 3 Photo Credit,,https://commons.wikimedia.org/wiki/File:Camarao_amarelo_-_panoramio.jpg
Petrópolis,Corrêas,Hood 4 Photo File,,images/hoods/petropolis--correas.webp
Petrópolis,Corrêas,Hood 4 Photo Credit,,https://commons.wikimedia.org/wiki/File:Correa_reflexa_x_alba_01.jpg
Petrópolis,Nogueira/Cascatinha,Hood 5 Photo File,,images/hoods/petropolis--nogueira-cascatinha.webp
Petrópolis,Nogueira/Cascatinha,Hood 5 Photo Credit,,"https://commons.wikimedia.org/wiki/File:Vice_Pres._Marshall_%26_group,_1-31-20_LCCN2016827411.jpg"
Philadelphia,hero,City Photo File,images/cities/philadelphia.jpg,images/cities/philadelphia.webp
Philadelphia,Center City (Rittenhouse Square),Hood 1 Photo File,,images/hoods/philadelphia--center-city-rittenhouse-square.webp
Philadelphia,Center City (Rittenhouse Square),Hood 1 Photo Credit,,https://commons.wikimedia.org/wiki/File:1033_Chestnut_Street.jpg
Philadelphia,Old City,Hood 2 Photo File,,images/hoods/philadelphia--old-city.webp
Philadelphia,Old City,Hood 2 Photo Credit,,https://commons.wikimedia.org/wiki/File:102-106_Arch_Street.jpg
Philadelphia,Fishtown,Hood 3 Photo File,,images/hoods/philadelphia--fishtown.webp
Philadelphia,Fishtown,Hood 3 Photo Credit,,"https://commons.wikimedia.org/wiki/File:Brownhill_%26_Kramer_Hose,_NE_Philly_4.jpg"
Philadelphia,University City,Hood 4 Photo File,,images/hoods/philadelphia--university-city.webp
Philadelphia,University City,Hood 4 Photo Credit,,https://commons.wikimedia.org/wiki/File:36th_Street_and_Market_SEPTA_10_Train.JPG
Philadelphia,South Philadelphia (East Passyunk),Hood 5 Photo File,,images/hoods/philadelphia--south-philadelphia-east-passyunk.webp
Philadelphia,South Philadelphia (East Passyunk),Hood 5 Photo Credit,,https://commons.wikimedia.org/wiki/File:636CHRISTIANST19147_20160608.jpg
Philipsburg,hero,City Photo File,images/cities/philipsburg.jpg,images/cities/philipsburg.webp
Philipsburg,Front Street & the Boardwalk,Hood 1 Photo File,,images/hoods/philipsburg--front-street-the-boardwalk.webp
Philipsburg,Front Street & the Boardwalk,Hood 1 Photo Credit,,https://www.flickr.com/photos/27718315@N02/6155911290/
Philipsburg,Little Bay,Hood 2 Photo File,,images/hoods/philipsburg--little-bay.webp
Philipsburg,Little Bay,Hood 2 Photo Credit,,"https://commons.wikimedia.org/wiki/File:Philipsburg,_Sint_Maarten_(Dutch)_-_the_southern_half_of_the_Caribbean_island_of_Saint_Martin_-_panoramio_(14).jpg"
Philipsburg,Simpson Bay,Hood 3 Photo File,,images/hoods/philipsburg--simpson-bay.webp
Philipsburg,Simpson Bay,Hood 3 Photo Credit,,https://commons.wikimedia.org/wiki/File:Saint_maartin_-_panoramio_(2).jpg
Philipsburg,Maho & Mullet Bay,Hood 4 Photo File,,images/hoods/philipsburg--maho-mullet-bay.webp
Philipsburg,Maho & Mullet Bay,Hood 4 Photo Credit,,https://commons.wikimedia.org/wiki/File:Mullet_Bay_Beach_View_(6543993807).jpg
Phitsanulok,hero,City Photo File,images/cities/phitsanulok.jpg,images/cities/phitsanulok.webp
Phitsanulok,hero,City Photo Credit,https://commons.wikimedia.org/wiki/File:Route_12_in_Phitsanulok_2.jpg,https://commons.wikimedia.org/wiki/File:%E0%B8%A7%E0%B8%B1%E0%B8%94%E0%B8%9E%E0%B8%A3%E0%B8%B0%E0%B8%A8%E0%B8%A3%E0%B8%B5%E0%B8%A1%E0%B8%AB%E0%B8%B2%E0%B8%98%E0%B8%B2%E0%B8%95%E0%B8%B82_-_panoramio.jpg
Phitsanulok,Wat Chan,Hood 2 Photo File,,images/hoods/phitsanulok--wat-chan.webp
Phitsanulok,Wat Chan,Hood 2 Photo Credit,,https://commons.wikimedia.org/wiki/File:Wat_Chan_Tawan-ok_%E0%B8%A7%E0%B8%B1%E0%B8%94%E0%B8%88%E0%B8%B1%E0%B8%99%E0%B8%97%E0%B8%A3%E0%B9%8C%E0%B8%95%E0%B8%B0%E0%B8%A7%E0%B8%B1%E0%B8%99%E0%B8%AD%E0%B8%AD%E0%B8%81_-_img_05.jpg
Phitsanulok,Aranyik,Hood 3 Photo File,,images/hoods/phitsanulok--aranyik.webp
Phitsanulok,Aranyik,Hood 3 Photo Credit,,https://commons.wikimedia.org/wiki/File:Wat_Aranyik_Phitsanulok_(March_2022)_%E0%B8%A7%E0%B8%B1%E0%B8%94%E0%B8%AD%E0%B8%A3%E0%B8%B1%E0%B8%8D%E0%B8%8D%E0%B8%B4%E0%B8%81_%E0%B8%9E%E0%B8%B4%E0%B8%A9%E0%B8%93%E0%B8%B8%E0%B9%82%E0%B8%A5%E0%B8%81_-_IMG_08.jpg
Phitsanulok,Tha Pho (Naresuan University),Hood 4 Photo File,,images/hoods/phitsanulok--tha-pho-naresuan-university.webp
Phitsanulok,Tha Pho (Naresuan University),Hood 4 Photo Credit,,https://commons.wikimedia.org/wiki/File:Luang_Pho_Phet_(Wat_Tha_Thanon)_02.jpg
Phnom Penh,hero,City Photo File,images/cities/phnom-penh.jpg,images/cities/phnom-penh.webp
Phnom Penh,hero,City Photo Credit,https://commons.wikimedia.org/wiki/File:Phnom_Penh_street_scene_November_1964.jpg,"https://commons.wikimedia.org/wiki/File:Sangkat_Chey_Chumneah,_Phnom_Penh_12206,_Cambodia_-_panoramio_(2).jpg"
Phnom Penh,Daun Penh (Riverside),Hood 1 Photo File,,images/hoods/phnom-penh--daun-penh-riverside.webp
Phnom Penh,Daun Penh (Riverside),Hood 1 Photo Credit,,https://commons.wikimedia.org/wiki/File:Wat_Phnom_and_Cathedral_of_Phnom_Penh.jpg
Phnom Penh,Toul Tom Poung (Russian Market),Hood 3 Photo File,,images/hoods/phnom-penh--toul-tom-poung-russian-market.webp
Phnom Penh,Toul Tom Poung (Russian Market),Hood 3 Photo Credit,,https://commons.wikimedia.org/wiki/File:Crabs_(6735121945).jpg
Phnom Penh,Chroy Changvar,Hood 4 Photo File,,images/hoods/phnom-penh--chroy-changvar.webp
Phnom Penh,Chroy Changvar,Hood 4 Photo Credit,,https://commons.wikimedia.org/wiki/File:West_Statue_Chroy_Changvar_Bridge.jpg
Phnom Penh,Tonle Bassac,Hood 5 Photo File,,images/hoods/phnom-penh--tonle-bassac.webp
Phnom Penh,Tonle Bassac,Hood 5 Photo Credit,,"https://commons.wikimedia.org/wiki/File:2016_Phnom_Penh,_Promenada_przy_rzece_w_centrum_miasta.jpg"
Phoenix,hero,City Photo File,images/cities/phoenix.jpg,images/cities/phoenix.webp
Phoenix,Downtown Phoenix,Hood 1 Photo File,,images/hoods/phoenix--downtown-phoenix.webp
Phoenix,Downtown Phoenix,Hood 1 Photo Credit,,https://commons.wikimedia.org/wiki/File:Heritage_Square_Clock.jpg
Phoenix,Roosevelt Row,Hood 2 Photo File,,images/hoods/phoenix--roosevelt-row.webp
Phoenix,Roosevelt Row,Hood 2 Photo Credit,,"https://commons.wikimedia.org/wiki/File:Open_the_page_for_this_picture_to_access_the_series_Opening_a_Door_for_You_on_Phoenix%27_Roosevelt_Row,_2013_-_panoramio.jpg"
Phoenix,Arcadia,Hood 3 Photo File,,images/hoods/phoenix--arcadia.webp
Phoenix,Arcadia,Hood 3 Photo Credit,,"https://commons.wikimedia.org/wiki/File:Arizona_Falls,_Phoenix,_AZ.jpg"
Phoenix,Biltmore,Hood 4 Photo File,,images/hoods/phoenix--biltmore.webp
Phoenix,Biltmore,Hood 4 Photo Credit,,"https://commons.wikimedia.org/wiki/File:Arizona_Biltmore_Hotel,_Missouri_Ave,_Biltmore_Area,_Phoenix,_AZ_-_54438130100.jpg"
Phoenix,Midtown,Hood 5 Photo File,,images/hoods/phoenix--midtown.webp
Phoenix,Midtown,Hood 5 Photo Credit,,"https://commons.wikimedia.org/wiki/File:Central_Phoenix,_AZ,_W_Thomas_Road_near_Central_Avenue,_from_left,_Bank_of_America,_Phoenix_Professional_Tower,_Phoenix_Corporate_Center,_Phoenix_Plaza,_Hilton_Suites,_CenturyLink,_2011_-_panoramio.jpg"
Phu Quoc,hero,City Photo File,images/cities/phu-quoc.jpg,images/cities/phu-quoc.webp
Phu Quoc,Duong Dong (Town Center),Hood 1 Photo File,,images/hoods/phu-quoc--duong-dong-town-center.webp
Phu Quoc,Duong Dong (Town Center),Hood 1 Photo Credit,,"https://commons.wikimedia.org/wiki/File:Ng%E1%BB%8Dn_H%E1%BA%A3i_%C4%90%C4%83ng,_D%C6%B0%C6%A1ng_%C4%91%C3%B4ng_Ph%C3%BA_Qu%E1%BB%91c_,_ki%C3%AAn_Giang,_Vietnam_-_panoramio.jpg"
Phu Quoc,Long Beach (Bai Truong),Hood 2 Photo File,,images/hoods/phu-quoc--long-beach-bai-truong.webp
Phu Quoc,Long Beach (Bai Truong),Hood 2 Photo Credit,,"https://commons.wikimedia.org/wiki/File:Bai_Truong_(Long_Beach)_Ph%C3%BA_Qu%E1%BB%91c,_Vietnam_(3859473907).jpg"
Phu Quoc,An Thoi (South),Hood 3 Photo File,,images/hoods/phu-quoc--an-thoi-south.webp
Phu Quoc,An Thoi (South),Hood 3 Photo Credit,,https://commons.wikimedia.org/wiki/File:Johora_(10.3897-zookeys.994.56810)_Figure_9.jpg
Phu Quoc,Bai Sao (Sao Beach),Hood 4 Photo File,,images/hoods/phu-quoc--bai-sao-sao-beach.webp
Phu Quoc,Bai Sao (Sao Beach),Hood 4 Photo Credit,,https://commons.wikimedia.org/wiki/File:B%C3%A3i_Sao_Beach.jpg
Phu Quoc,Ganh Dau (North),Hood 5 Photo File,,images/hoods/phu-quoc--ganh-dau-north.webp
Phu Quoc,Ganh Dau (North),Hood 5 Photo Credit,,https://www.flickr.com/photos/9626531@N07/26781351221/
Phuket,hero,City Photo File,images/cities/phuket.jpg,images/cities/phuket.webp
Phuket,Patong,Hood 1 Photo File,images/hoods/phuket--patong.jpg,images/hoods/phuket--patong.webp
Phuket,Karon,Hood 2 Photo File,images/hoods/phuket--karon.jpg,images/hoods/phuket--karon.webp
Phuket,Kata,Hood 3 Photo File,images/hoods/phuket--kata.jpg,images/hoods/phuket--kata.webp
Phuket,Phuket Old Town,Hood 4 Photo File,images/hoods/phuket--phuket-old-town.jpg,images/hoods/phuket--phuket-old-town.webp
Phuket,Kamala,Hood 5 Photo File,images/hoods/phuket--kamala.jpg,images/hoods/phuket--kamala.webp
Pilsen,hero,City Photo File,images/cities/pilsen.jpg,images/cities/pilsen.webp
Pilsen,hero,City Photo Credit,https://commons.wikimedia.org/wiki/File:Plze%C5%88_Montage_I.png,"https://commons.wikimedia.org/wiki/File:Pilseno,_Teatro_Josef_Kajet%C3%A1n_Tyl,_13.jpg"
Pilsen,Old Town,Hood 1 Photo File,,images/hoods/pilsen--old-town.webp
Pilsen,Old Town,Hood 1 Photo Credit,,https://www.flickr.com/photos/84554176@N00/52052397951/
Pilsen,Lochotín,Hood 3 Photo File,,images/hoods/pilsen--lochotin.webp
Pilsen,Lochotín,Hood 3 Photo Credit,,https://commons.wikimedia.org/wiki/File:Eli%C5%A1ky_Kr%C3%A1snohorsk%C3%A9_ulice.jpg
Pilsen,Bory,Hood 4 Photo File,,images/hoods/pilsen--bory.webp
Pilsen,Bory,Hood 4 Photo Credit,,https://commons.wikimedia.org/wiki/File:ZCU-FAV-FST-UUD1.jpg
Pilsen,Slovany,Hood 5 Photo File,,images/hoods/pilsen--slovany.webp
Pilsen,Slovany,Hood 5 Photo Credit,,"https://commons.wikimedia.org/wiki/File:Plze%C5%88,_Vozovna_Slovany,_n%C3%ADzkopodla%C5%BEn%C3%AD_T3,_uvnit%C5%99.JPG"
Pisa,hero,City Photo File,images/cities/pisa.jpg,images/cities/pisa.webp
Pisa,Santa Maria (Piazza dei Miracoli),Hood 1 Photo File,,images/hoods/pisa--santa-maria-piazza-dei-miracoli.webp
Pisa,Santa Maria (Piazza dei Miracoli),Hood 1 Photo Credit,,"https://commons.wikimedia.org/wiki/File:Pisa,_mura,_torre_di_santa_maria,_01.jpg"
Pisa,San Francesco (Piazza dei Cavalieri),Hood 2 Photo File,,images/hoods/pisa--san-francesco-piazza-dei-cavalieri.webp
Pisa,San Francesco (Piazza dei Cavalieri),Hood 2 Photo Credit,,https://commons.wikimedia.org/wiki/File:Alberschwende-Franz_from_Assisi_memorial-02ASD.jpg
Pisa,San Martino (Lungarno),Hood 3 Photo File,,images/hoods/pisa--san-martino-lungarno.webp
Pisa,San Martino (Lungarno),Hood 3 Photo Credit,,"https://commons.wikimedia.org/wiki/File:Pisa,_s._martino_02_retreo.JPG"
Pisa,Pisa Centrale / Corso Italia,Hood 4 Photo File,,images/hoods/pisa--pisa-centrale-corso-italia.webp
Pisa,Pisa Centrale / Corso Italia,Hood 4 Photo Credit,,https://commons.wikimedia.org/wiki/File:Pisa_Centrale_symbol_Ticket_markers.JPG
Pittsburgh,hero,City Photo File,images/cities/pittsburgh.jpg,images/cities/pittsburgh.webp
Pittsburgh,hero,City Photo Credit,https://commons.wikimedia.org/wiki/File:Ascending_the_Duquesne_Incline.jpg,https://commons.wikimedia.org/wiki/File:Downtown_Pittsburgh_from_Duquesne_Incline_in_the_morning.jpg
Pittsburgh,Downtown (Golden Triangle),Hood 1 Photo File,,images/hoods/pittsburgh--downtown-golden-triangle.webp
Pittsburgh,Downtown (Golden Triangle),Hood 1 Photo Credit,,https://commons.wikimedia.org/wiki/File:109-115_Wood_Street.jpg
Pittsburgh,Strip District,Hood 2 Photo File,,images/hoods/pittsburgh--strip-district.webp
Pittsburgh,Strip District,Hood 2 Photo Credit,,"https://commons.wikimedia.org/wiki/File:Strip_District_at_Dusk,_October_2019.jpg"
Pittsburgh,Lawrenceville,Hood 3 Photo File,,images/hoods/pittsburgh--lawrenceville.webp
Pittsburgh,Lawrenceville,Hood 3 Photo Credit,,"https://commons.wikimedia.org/wiki/File:4045_Penn_Avenue,_Lawrenceville,_2024-10-04.jpg"
Pittsburgh,Shadyside,Hood 4 Photo File,,images/hoods/pittsburgh--shadyside.webp
Pittsburgh,Shadyside,Hood 4 Photo Credit,,"https://commons.wikimedia.org/wiki/File:311_Lehigh_Avenue,_Shadyside,_2025-12-17.jpg"
Pittsburgh,Oakland,Hood 5 Photo File,,images/hoods/pittsburgh--oakland.webp
Pittsburgh,Oakland,Hood 5 Photo Credit,,"https://commons.wikimedia.org/wiki/File:20050604_01_Pittsburgh,_PA_(10893723916).jpg"
Playa del Carmen,hero,City Photo File,images/cities/playa-del-carmen.jpg,images/cities/playa-del-carmen.webp
Playa del Carmen,hero,City Photo Credit,https://commons.wikimedia.org/wiki/File:PlayadelCarmen3.png,"https://commons.wikimedia.org/wiki/File:Aerial_of_Playa_del_Carmen,_Mexico_(28708057347).jpg"
Playa del Carmen,Playacar,Hood 2 Photo File,,images/hoods/playa-del-carmen--playacar.webp
Playa del Carmen,Playacar,Hood 2 Photo Credit,,https://commons.wikimedia.org/wiki/File:Playacar_en_Playa_del_Carmen.jpg
Playa del Carmen,Gonzalo Guerrero,Hood 3 Photo File,,images/hoods/playa-del-carmen--gonzalo-guerrero.webp
Playa del Carmen,Gonzalo Guerrero,Hood 3 Photo Credit,,"https://commons.wikimedia.org/wiki/File:Gonzalo_Guerrero,_77720_Playa_del_Carmen,_Q.R.,_Mexico_-_panoramio_(1).jpg"
Playa del Carmen,Zazil-Ha (Coco Beach),Hood 4 Photo File,,images/hoods/playa-del-carmen--zazil-ha-coco-beach.webp
Playa del Carmen,Zazil-Ha (Coco Beach),Hood 4 Photo Credit,,https://commons.wikimedia.org/wiki/File:Fosa_en_Colonia_Dignidad.JPG
Playa del Carmen,Colosio,Hood 5 Photo File,,images/hoods/playa-del-carmen--colosio.webp
Playa del Carmen,Colosio,Hood 5 Photo Credit,,https://commons.wikimedia.org/wiki/File:20260716_monumento_vista_general_luis_donaldo_colosio_murrieta_avenida30_con_avenidaColosio.jpg
Plettenberg Bay,hero,City Photo File,images/cities/plettenberg-bay.jpg,images/cities/plettenberg-bay.webp
Plettenberg Bay,Central Plett / Main Beach,Hood 1 Photo File,,images/hoods/plettenberg-bay--central-plett-main-beach.webp
Plettenberg Bay,Central Plett / Main Beach,Hood 1 Photo Credit,,https://commons.wikimedia.org/wiki/File:TIMBER_SHED_PLETT_1.JPG
Plettenberg Bay,Robberg Beach (Millionaire's Row),Hood 2 Photo File,,images/hoods/plettenberg-bay--robberg-beach-millionaire-s-row.webp
Plettenberg Bay,Robberg Beach (Millionaire's Row),Hood 2 Photo Credit,,"https://commons.wikimedia.org/wiki/File:Bosluiskop_(ZA),_Robberg_Nature_Reserve,_Strand_--_2024_--_2166.jpg"
Plettenberg Bay,Keurbooms,Hood 3 Photo File,,images/hoods/plettenberg-bay--keurbooms.webp
Plettenberg Bay,Keurbooms,Hood 3 Photo Credit,,https://commons.wikimedia.org/wiki/File:Beacon_Island_Hotel.jpg
Plettenberg Bay,The Crags,Hood 5 Photo File,,images/hoods/plettenberg-bay--the-crags.webp
Plettenberg Bay,The Crags,Hood 5 Photo Credit,,https://commons.wikimedia.org/wiki/File:Cresswell_crags_-_panoramio_(1).jpg
Plovdiv,hero,City Photo File,images/cities/plovdiv.jpg,images/cities/plovdiv.webp
Plovdiv,Old Town,Hood 1 Photo File,,images/hoods/plovdiv--old-town.webp
Plovdiv,Old Town,Hood 1 Photo Credit,,https://commons.wikimedia.org/wiki/File:Bulgaria_Bulgaria-0729_-_Near_Eastern_Gate_(7432374622).jpg
Plovdiv,Kapana,Hood 2 Photo File,,images/hoods/plovdiv--kapana.webp
Plovdiv,Kapana,Hood 2 Photo Credit,,https://commons.wikimedia.org/wiki/File:Cardos_en_Tiahuanacu_.jpg
Plovdiv,Center (Main Street),Hood 3 Photo File,,images/hoods/plovdiv--center-main-street.webp
Plovdiv,Center (Main Street),Hood 3 Photo Credit,,"https://commons.wikimedia.org/wiki/File:Plovdiv_Center,_Plovdiv,_Bulgaria_-_panoramio.jpg"
Plovdiv,Trakia,Hood 5 Photo File,,images/hoods/plovdiv--trakia.webp
Plovdiv,Trakia,Hood 5 Photo Credit,,"https://commons.wikimedia.org/wiki/File:Trakiya_district,_Plovdiv_1.JPG"
Podgorica,hero,City Photo File,images/cities/podgorica.jpg,images/cities/podgorica.webp
Podgorica,Nova Varos (Center),Hood 1 Photo File,,images/hoods/podgorica--nova-varos-center.webp
Podgorica,Nova Varos (Center),Hood 1 Photo Credit,,"https://commons.wikimedia.org/wiki/File:Downtown,_Podgorica_81000,_Montenegro_-_panoramio_(2).jpg"
Podgorica,Stara Varos,Hood 2 Photo File,,images/hoods/podgorica--stara-varos.webp
Podgorica,Stara Varos,Hood 2 Photo Credit,,https://commons.wikimedia.org/wiki/File:Clock_Tower_in_2020.03.jpg
Podgorica,Preko Morace,Hood 3 Photo File,,images/hoods/podgorica--preko-morace.webp
Podgorica,Preko Morace,Hood 3 Photo Credit,,https://commons.wikimedia.org/wiki/File:Zgrade_Pet_udovica_Podgorica.jpg
Podgorica,Stari Aerodrom,Hood 4 Photo File,,images/hoods/podgorica--stari-aerodrom.webp
Podgorica,Stari Aerodrom,Hood 4 Photo Credit,,"https://commons.wikimedia.org/wiki/File:Stari_Aerodrom,_Podgorica,_Montenegro_-_panoramio.jpg"
Podgorica,Zabjelo,Hood 5 Photo File,,images/hoods/podgorica--zabjelo.webp
Podgorica,Zabjelo,Hood 5 Photo Credit,,"https://commons.wikimedia.org/wiki/File:Zabjelo,_Podgorica,_Montenegro_-_panoramio_(1).jpg"
Pokhara,hero,City Photo File,images/cities/pokhara.jpg,images/cities/pokhara.webp
Pokhara,Lakeside (Baidam),Hood 1 Photo File,,images/hoods/pokhara--lakeside-baidam.webp
Pokhara,Lakeside (Baidam),Hood 1 Photo Credit,,https://commons.wikimedia.org/wiki/File:Lakeside_Pokhara_at_Night.jpg
Pokhara,Damside (Pardi),Hood 2 Photo File,,images/hoods/pokhara--damside-pardi.webp
Pokhara,Damside (Pardi),Hood 2 Photo Credit,,https://commons.wikimedia.org/wiki/File:Machhapuchre.jpg
Pokhara,Sarangkot,Hood 3 Photo File,,images/hoods/pokhara--sarangkot.webp
Pokhara,Sarangkot,Hood 3 Photo Credit,,https://commons.wikimedia.org/wiki/File:My_room_@_Sarangkot_-_panoramio.jpg
Pokhara,Old Bazaar (Bindhyabasini),Hood 4 Photo File,,images/hoods/pokhara--old-bazaar-bindhyabasini.webp
Pokhara,Old Bazaar (Bindhyabasini),Hood 4 Photo Credit,,https://commons.wikimedia.org/wiki/File:Jagdamba_Devi_Temple_Serunga_Ramcha_Bazaar_waling_Synga_Nepal_Rajesh_Dhungana_(2).jpg
Ponce,hero,City Photo File,images/cities/ponce.jpg,images/cities/ponce.webp
Ponce,hero,City Photo Credit,https://commons.wikimedia.org/wiki/File:Castillo_Serralles.JPG,https://commons.wikimedia.org/wiki/File:Parque_de_Bombas_-_Ponce_Puerto_Rico.jpg
Ponce,Ponce Pueblo (Historic Center),Hood 1 Photo File,,images/hoods/ponce--ponce-pueblo-historic-center.webp
Ponce,Ponce Pueblo (Historic Center),Hood 1 Photo Credit,,https://commons.wikimedia.org/wiki/File:Plaza_del_Mercado_entrance_-_Ponce_Puerto_Rico.jpg
Ponce,Playa de Ponce,Hood 2 Photo File,,images/hoods/ponce--playa-de-ponce.webp
Ponce,Playa de Ponce,Hood 2 Photo Credit,,https://commons.wikimedia.org/wiki/File:Puesta_de_Sol_Club_Nautico_de_Ponce_-_panoramio.jpg
Ponce,Canas,Hood 4 Photo File,,images/hoods/ponce--canas.webp
Ponce,Canas,Hood 4 Photo Credit,,"https://commons.wikimedia.org/wiki/File:Hotel_Solace_by_the_Sea_(antiguo_Hotel_Ponce_Quality_Inn),_Sector_Las_Cucharas,_Bo._Canas,_Ponce,_Puerto_Rico,_mirando_al_suroeste_(DSC02893B).jpg"
Poprad,hero,City Photo File,images/cities/poprad.jpg,images/cities/poprad.webp
Poprad,City Centre (Stred),Hood 1 Photo File,,images/hoods/poprad--city-centre-stred.webp
Poprad,City Centre (Stred),Hood 1 Photo Credit,,"https://commons.wikimedia.org/wiki/File:Kostol_sv%C3%A4t%C3%A9ho_Eg%C3%ADdia_%26_Zvonica_v_Poprade,_Poprad,_2026.jpg"
Poprad,Spišská Sobota,Hood 2 Photo File,,images/hoods/poprad--spisska-sobota.webp
Poprad,Spišská Sobota,Hood 2 Photo Credit,,https://commons.wikimedia.org/wiki/File:Spi%C5%A1ska_Sobota_church_tower_-_panoramio.jpg
Poprad,Juh,Hood 3 Photo File,,images/hoods/poprad--juh.webp
Poprad,Juh,Hood 3 Photo Credit,,"https://commons.wikimedia.org/wiki/File:Kassa-D%C3%A9lv%C3%A1ros_eml%C3%A9kfa,_B%C3%A9ke_t%C3%A9r,_2017_Angyalf%C3%B6ld.jpg"
Poprad,AquaCity / Kvetnica,Hood 4 Photo File,,images/hoods/poprad--aquacity-kvetnica.webp
Poprad,AquaCity / Kvetnica,Hood 4 Photo Credit,,https://www.flickr.com/photos/35124296@N00/844752920/
Poprad,Veľká,Hood 5 Photo File,,images/hoods/poprad--velka.webp
Poprad,Veľká,Hood 5 Photo Credit,,https://commons.wikimedia.org/wiki/File:Nagypaka-Kispaka_vil%C3%A1gh%C3%A1bor%C3%BAs_eml%C3%A9km%C5%B1_1.jpg
Port Elizabeth,hero,City Photo File,images/cities/port-elizabeth.jpg,images/cities/port-elizabeth.webp
Port Elizabeth,Summerstrand,Hood 1 Photo File,,images/hoods/port-elizabeth--summerstrand.webp
Port Elizabeth,Summerstrand,Hood 1 Photo Credit,,https://commons.wikimedia.org/wiki/File:Garden_entrance_bnb_Margate_Place_Summerstrand.jpg
Port Elizabeth,Humewood,Hood 2 Photo File,,images/hoods/port-elizabeth--humewood.webp
Port Elizabeth,Humewood,Hood 2 Photo Credit,,https://commons.wikimedia.org/wiki/File:Port_Elizabeth_Humewood_Hotel_02.jpg
Port Elizabeth,Central (CBD),Hood 3 Photo File,,images/hoods/port-elizabeth--central-cbd.webp
Port Elizabeth,Central (CBD),Hood 3 Photo Credit,,https://commons.wikimedia.org/wiki/File:Port_Elizabeth_The_Hill_Presbyterian_Church.jpg
Port Elizabeth,Richmond Hill,Hood 4 Photo File,,images/hoods/port-elizabeth--richmond-hill.webp
Port Elizabeth,Richmond Hill,Hood 4 Photo Credit,,"https://commons.wikimedia.org/wiki/File:Duchess_of_Teck_Memorial_Fountain,_Richmond_Gate.jpg"
Port Elizabeth,Walmer,Hood 5 Photo File,,images/hoods/port-elizabeth--walmer.webp
Port Elizabeth,Walmer,Hood 5 Photo Credit,,"https://commons.wikimedia.org/wiki/File:11,_The_Beach_-_geograph.org.uk_-_6790320.jpg"
Port Louis,hero,City Photo File,images/cities/port-louis.jpg,images/cities/port-louis.webp
Port Louis,Grand Baie,Hood 2 Photo File,,images/hoods/port-louis--grand-baie.webp
Port Louis,Grand Baie,Hood 2 Photo Credit,,"https://commons.wikimedia.org/wiki/File:Grand_Baie,_catholic_church,_interieur.jpg"
Port Louis,Pereybère,Hood 3 Photo File,,images/hoods/port-louis--pereybere.webp
Port Louis,Pereybère,Hood 3 Photo Credit,,"https://commons.wikimedia.org/wiki/File:Pereyb%C3%A8re,_Rue_-_panoramio.jpg"
Port Moresby,hero,City Photo File,images/cities/port-moresby.jpg,images/cities/port-moresby.webp
Port Moresby,Ela Beach,Hood 2 Photo File,,images/hoods/port-moresby--ela-beach.webp
Port Moresby,Ela Beach,Hood 2 Photo Credit,,https://commons.wikimedia.org/wiki/File:Ela_Beach_May_2015.jpg
Port Moresby,Waigani,Hood 3 Photo File,,images/hoods/port-moresby--waigani.webp
Port Moresby,Waigani,Hood 3 Photo Credit,,https://commons.wikimedia.org/wiki/File:Pineapple_Building.jpg
Port Moresby,Boroko/Gordons,Hood 4 Photo File,,images/hoods/port-moresby--boroko-gordons.webp
Port Moresby,Boroko/Gordons,Hood 4 Photo Credit,,https://commons.wikimedia.org/wiki/File:Ambassadeur_Agalawal_01.jpg
Port of Spain,hero,City Photo File,images/cities/port-of-spain.jpg,images/cities/port-of-spain.webp
Port of Spain,Woodbrook,Hood 1 Photo File,,images/hoods/port-of-spain--woodbrook.webp
Port of Spain,Woodbrook,Hood 1 Photo Credit,,https://commons.wikimedia.org/wiki/File:Woodbrook_Delaware.jpg
Port of Spain,St. Clair,Hood 2 Photo File,,images/hoods/port-of-spain--st-clair.webp
Port of Spain,St. Clair,Hood 2 Photo Credit,,https://commons.wikimedia.org/wiki/File:TnT_Port_of_Spain_3.jpg
Port of Spain,St. Ann's,Hood 3 Photo File,,images/hoods/port-of-spain--st-ann-s.webp
Port of Spain,St. Ann's,Hood 3 Photo Credit,,"https://commons.wikimedia.org/wiki/File:24_St_Ann%27s_Terrace,_St_John%E2%80%99s_Wood,_October_2023.jpg"
Port of Spain,Newtown,Hood 4 Photo File,,images/hoods/port-of-spain--newtown.webp
Port of Spain,Newtown,Hood 4 Photo Credit,,https://commons.wikimedia.org/wiki/File:CanadianHC_PortofSpain.jpg
Port of Spain,Downtown,Hood 5 Photo File,,images/hoods/port-of-spain--downtown.webp
Port of Spain,Downtown,Hood 5 Photo Credit,,https://commons.wikimedia.org/wiki/File:TnT_PoS_Downtown.jpg
Port Sudan,hero,City Photo File,images/cities/port-sudan.jpg,images/cities/port-sudan.webp
Port Vila,hero,City Photo File,images/cities/port-vila.jpg,images/cities/port-vila.webp
Port Vila,Port Vila Town Centre (Downtown),Hood 1 Photo File,,images/hoods/port-vila--port-vila-town-centre-downtown.webp
Port Vila,Port Vila Town Centre (Downtown),Hood 1 Photo Credit,,"https://commons.wikimedia.org/wiki/File:Admiralty_Chart_No_2494_Ayr_to_Ardrossan,_Published_1941.jpg"
Port Vila,Erakor Lagoon,Hood 2 Photo File,,images/hoods/port-vila--erakor-lagoon.webp
Port Vila,Erakor Lagoon,Hood 2 Photo Credit,,https://commons.wikimedia.org/wiki/File:Erakor_Bridge_At_Sunset_(96007123).jpeg
Port Vila,Iririki Island & Harbour Waterfront,Hood 3 Photo File,,images/hoods/port-vila--iririki-island-harbour-waterfront.webp
Port Vila,Iririki Island & Harbour Waterfront,Hood 3 Photo Credit,,"https://commons.wikimedia.org/wiki/File:Waterfront,_Port_Vila,_2007_(1).JPG"
Port Vila,Pango Point / Devil's Point,Hood 4 Photo File,,images/hoods/port-vila--pango-point-devil-s-point.webp
Port Vila,Pango Point / Devil's Point,Hood 4 Photo Credit,,https://commons.wikimedia.org/wiki/File:Nautilus_vanuatuensis.jpg
Port Vila,Mele Bay (Hideaway Island),Hood 5 Photo File,,images/hoods/port-vila--mele-bay-hideaway-island.webp
Port Vila,Mele Bay (Hideaway Island),Hood 5 Photo Credit,,https://www.flickr.com/photos/42033648@N00/2420288094/
Port-au-Prince,hero,City Photo File,images/cities/port-au-prince.jpg,images/cities/port-au-prince.webp
Port-au-Prince,hero,City Photo Credit,https://en.wikipedia.org/wiki/File:Ouest_Department%2C_Haiti_-_panoramio_(5).jpg,https://unsplash.com/photos/white-and-brown-concrete-houses-near-green-trees-during-daytime-P8ZZ0aofrXI
Port-au-Prince,Pétion-Ville,Hood 1 Photo File,,images/hoods/port-au-prince--petion-ville.webp
Port-au-Prince,Pétion-Ville,Hood 1 Photo Credit,,"https://commons.wikimedia.org/wiki/File:Petion-Ville,_Haiti_-_panoramio.jpg"
Port-au-Prince,Delmas,Hood 3 Photo File,,images/hoods/port-au-prince--delmas.webp
Port-au-Prince,Delmas,Hood 3 Photo Credit,,https://commons.wikimedia.org/wiki/File:Delmas_75.jpg
Portland,hero,City Photo File,images/cities/portland.jpg,images/cities/portland.webp
Portland,Downtown,Hood 1 Photo File,,images/hoods/portland--downtown.webp
Portland,Downtown,Hood 1 Photo Credit,,"https://commons.wikimedia.org/wiki/File:Hyatt_Centric,_Portland,_Oregon,_2021_1.jpg"
Portland,Pearl District,Hood 2 Photo File,,images/hoods/portland--pearl-district.webp
Portland,Pearl District,Hood 2 Photo Credit,,"https://commons.wikimedia.org/wiki/File:Musician_in_the_Pearl_District_(Portland,_Oregon).jpg"
Portland,Alberta Arts District,Hood 3 Photo File,,images/hoods/portland--alberta-arts-district.webp
Portland,Alberta Arts District,Hood 3 Photo Credit,,"https://commons.wikimedia.org/wiki/File:Alberta_Street_Pub,_2022_-_Portland,_Oregon.jpg"
Portland,Hawthorne District,Hood 4 Photo File,,images/hoods/portland--hawthorne-district.webp
Portland,Hawthorne District,Hood 4 Photo Credit,,"https://commons.wikimedia.org/wiki/File:Portland,_Oregon_in_January_2025_-_134.jpg"
Portland,Nob Hill (NW 23rd),Hood 5 Photo File,,images/hoods/portland--nob-hill-nw-23rd.webp
Portland,Nob Hill (NW 23rd),Hood 5 Photo Credit,,"https://commons.wikimedia.org/wiki/File:Nob_Hill_Food_Carts,_Portland,_Oregon,_2025_-_03.jpg"
Porto,hero,City Photo File,images/cities/porto.jpg,images/cities/porto.webp
Porto,Ribeira,Hood 1 Photo File,images/hoods/porto--ribeira.jpg,images/hoods/porto--ribeira.webp
Porto,Cedofeita,Hood 3 Photo File,images/hoods/porto--cedofeita.jpg,images/hoods/porto--cedofeita.webp
Porto,Bonfim,Hood 4 Photo File,images/hoods/porto--bonfim.jpg,images/hoods/porto--bonfim.webp
Porto,Foz do Douro,Hood 5 Photo File,images/hoods/porto--foz-do-douro.jpg,images/hoods/porto--foz-do-douro.webp
Porto Seguro,hero,City Photo File,images/cities/porto-seguro.jpg,images/cities/porto-seguro.webp
Porto Seguro,Taperapuã,Hood 3 Photo File,,images/hoods/porto-seguro--taperapua.webp
Porto Seguro,Taperapuã,Hood 3 Photo Credit,,"https://commons.wikimedia.org/wiki/File:Vista_da_Praia_de_Taperapu%C3%A3,_Porto_Seguro_BA.JPG"
Porto Seguro,Orla Norte (Coroa Vermelha),Hood 4 Photo File,,images/hoods/porto-seguro--orla-norte-coroa-vermelha.webp
Porto Seguro,Orla Norte (Coroa Vermelha),Hood 4 Photo Credit,,https://commons.wikimedia.org/wiki/File:Farol_de_Porto_Seguro.jpg
Porto Seguro,Arraial d'Ajuda,Hood 5 Photo File,,images/hoods/porto-seguro--arraial-d-ajuda.webp
Porto Seguro,Arraial d'Ajuda,Hood 5 Photo Credit,,https://commons.wikimedia.org/wiki/File:Fonte_Nossa_Senhora_D%27Ajuda.jpg
Porto-Novo,hero,City Photo File,images/cities/porto-novo.jpg,images/cities/porto-novo.webp
Porto-Novo,Houinmè (Royal Quarter),Hood 2 Photo File,,images/hoods/porto-novo--houinme-royal-quarter.webp
Porto-Novo,Houinmè (Royal Quarter),Hood 2 Photo Credit,,https://commons.wikimedia.org/wiki/File:Ecole_maternelle_de_Houinme.jpg
Porto-Novo,Ouando (Port & Market District),Hood 4 Photo File,,images/hoods/porto-novo--ouando-port-market-district.webp
Porto-Novo,Ouando (Port & Market District),Hood 4 Photo Credit,,https://commons.wikimedia.org/wiki/File:Marche_ouando_porto-novo.jpg
Positano,hero,City Photo File,images/cities/positano.jpg,images/cities/positano.webp
Positano,Fornillo,Hood 2 Photo File,,images/hoods/positano--fornillo.webp
Positano,Fornillo,Hood 2 Photo Credit,,https://commons.wikimedia.org/wiki/File:Fornillos_de_Fermoselle_02.jpg
Positano,Nocelle,Hood 4 Photo File,,images/hoods/positano--nocelle.webp
Positano,Nocelle,Hood 4 Photo Credit,,https://commons.wikimedia.org/wiki/File:Sentiero_degli_Dei_27_Campania.jpg
Positano,Via Cristoforo Colombo (Upper Town),Hood 5 Photo File,,images/hoods/positano--via-cristoforo-colombo-upper-town.webp
Positano,Via Cristoforo Colombo (Upper Town),Hood 5 Photo Credit,,https://commons.wikimedia.org/wiki/File:Positiano_10.JPG
Potosí,hero,City Photo File,images/cities/potos.jpg,images/cities/potos.webp
Potosí,Centro Histórico,Hood 1 Photo File,,images/hoods/potosi--centro-historico.webp
Potosí,Centro Histórico,Hood 1 Photo Credit,,https://commons.wikimedia.org/wiki/File:01._Carretera_Toluca_-_San_Luis_07.jpg
Potosí,San Francisco,Hood 2 Photo File,,images/hoods/potosi--san-francisco.webp
Potosí,San Francisco,Hood 2 Photo Credit,,https://commons.wikimedia.org/wiki/File:20170807_Bolivia_1358_Potos%C3%AD_sRGB_(37270479084).jpg
Potosí,Cerro Rico / Pailaviri,Hood 3 Photo File,,images/hoods/potosi--cerro-rico-pailaviri.webp
Potosí,Cerro Rico / Pailaviri,Hood 3 Photo Credit,,"https://commons.wikimedia.org/wiki/File:Vista_del_Cerro_Rico_de_Potos%C3%AD,_en_Potos%C3%AD_-_Bolivia_(2018).jpg"
Potosí,San Pedro,Hood 4 Photo File,,images/hoods/potosi--san-pedro.webp
Potosí,San Pedro,Hood 4 Photo Credit,,https://commons.wikimedia.org/wiki/File:Erkl%C3%A4rung-Urkunde.jpg
Potosí,La Cancha / Mercado Central,Hood 5 Photo File,,images/hoods/potosi--la-cancha-mercado-central.webp
Potosí,La Cancha / Mercado Central,Hood 5 Photo Credit,,https://commons.wikimedia.org/wiki/File:Cancha_serrana_tostada.JPG
Poznań,hero,City Photo File,images/cities/pozna.jpg,images/cities/pozna.webp
Poznań,Stare Miasto (Old Market Square),Hood 1 Photo File,,images/hoods/poznan--stare-miasto-old-market-square.webp
Poznań,Stare Miasto (Old Market Square),Hood 1 Photo Credit,,"https://commons.wikimedia.org/wiki/File:Stare_Miasto,_Pozna%C5%84,_Poland_-_panoramio.jpg"
Poznań,Jeżyce,Hood 2 Photo File,,images/hoods/poznan--jezyce.webp
Poznań,Jeżyce,Hood 2 Photo Credit,,"https://commons.wikimedia.org/wiki/File:Brama_na_D%C4%85browskiego,_Pozna%C5%84_(1).jpg"
Poznań,Św. Łazarz,Hood 3 Photo File,,images/hoods/poznan--sw-lazarz.webp
Poznań,Św. Łazarz,Hood 3 Photo Credit,,https://commons.wikimedia.org/wiki/File:KS_Poznanianka.jpg
Poznań,Wilda,Hood 4 Photo File,,images/hoods/poznan--wilda.webp
Poznań,Wilda,Hood 4 Photo Credit,,https://commons.wikimedia.org/wiki/File:Przydro%C5%BCna_kapliczka_na_ulicy_Dolna_Wilda_w_Poznaniu_-_grudzie%C5%84_2017_-_2.jpg
Poznań,Malta / Nowe Miasto,Hood 5 Photo File,,images/hoods/poznan--malta-nowe-miasto.webp
Poznań,Malta / Nowe Miasto,Hood 5 Photo Credit,,https://commons.wikimedia.org/wiki/File:Malta_Szklarka_Poznan.jpg
Prague,hero,City Photo File,images/cities/prague.jpg,images/cities/prague.webp
Prague,Old Town,Hood 1 Photo File,images/hoods/prague--old-town.jpg,images/hoods/prague--old-town.webp
Prague,Malá Strana,Hood 2 Photo File,images/hoods/prague--mala-strana.jpg,images/hoods/prague--mala-strana.webp
Prague,New Town,Hood 3 Photo File,images/hoods/prague--new-town.jpg,images/hoods/prague--new-town.webp
Prague,Vinohrady,Hood 4 Photo File,images/hoods/prague--vinohrady.jpg,images/hoods/prague--vinohrady.webp
Prague,Žižkov,Hood 5 Photo File,images/hoods/prague--zizkov.jpg,images/hoods/prague--zizkov.webp
Praia,hero,City Photo File,images/cities/praia.jpg,images/cities/praia.webp
Praia,Plateau,Hood 1 Photo File,,images/hoods/praia--plateau.webp
Praia,Plateau,Hood 1 Photo Credit,,"https://commons.wikimedia.org/wiki/File:Plato_Praia,_Santiago.JPG"
Praia,Prainha,Hood 2 Photo File,,images/hoods/praia--prainha.webp
Praia,Prainha,Hood 2 Photo Credit,,https://commons.wikimedia.org/wiki/File:Praia-Ambassade_du_S%C3%A9n%C3%A9gal.jpg
Praia,Achada de Santo António,Hood 3 Photo File,,images/hoods/praia--achada-de-santo-antonio.webp
Praia,Achada de Santo António,Hood 3 Photo Credit,,"https://commons.wikimedia.org/wiki/File:Hotel_de_Santiago,_reforma_de_c._2020,_Achada_de_Santo_Ant%C3%B3nio,_cidade_da_Praia,_ilha_de_Santiago,_Cabo_Verde_-_2022-06-25_-_Image_213007.jpg"
Praia,Palmarejo,Hood 4 Photo File,,images/hoods/praia--palmarejo.webp
Praia,Palmarejo,Hood 4 Photo Credit,,"https://commons.wikimedia.org/wiki/File:Palmarejo,_Praia.jpg"
Praia,Gamboa,Hood 5 Photo File,,images/hoods/praia--gamboa.webp
Praia,Gamboa,Hood 5 Photo Credit,,https://commons.wikimedia.org/wiki/File:Praia-Plage_de_Gamboa_(4).jpg
Pretoria,hero,City Photo File,images/cities/pretoria.jpg,images/cities/pretoria.webp
Pretoria,Arcadia,Hood 1 Photo File,,images/hoods/pretoria--arcadia.webp
Pretoria,Arcadia,Hood 1 Photo Credit,,"https://commons.wikimedia.org/wiki/File:Prinshof_349-Jr,_Arcadia,_Sunnyside,_Muckleneuk.jpg"
Pretoria,Hatfield,Hood 2 Photo File,,images/hoods/pretoria--hatfield.webp
Pretoria,Hatfield,Hood 2 Photo Credit,,"https://commons.wikimedia.org/wiki/File:St_Wilfrid%27s_Anglican_Church,_Hatfield,_Pretoria.jpg"
Pretoria,Brooklyn,Hood 3 Photo File,,images/hoods/pretoria--brooklyn.webp
Pretoria,Brooklyn,Hood 3 Photo Credit,,https://commons.wikimedia.org/wiki/File:SAMSA_Head_Office-_Pretoria_-_panoramio.jpg
Pretoria,Waterkloof,Hood 4 Photo File,,images/hoods/pretoria--waterkloof.webp
Pretoria,Waterkloof,Hood 4 Photo Credit,,https://commons.wikimedia.org/wiki/File:South_Africa-AFB_Waterkloof-002.jpg
Pretoria,Menlyn,Hood 5 Photo File,,images/hoods/pretoria--menlyn.webp
Pretoria,Menlyn,Hood 5 Photo Credit,,https://commons.wikimedia.org/wiki/File:Wall_of_Wine_at_MooMoo_Restaurant.jpg
Pristina,hero,City Photo File,images/cities/pristina.jpg,images/cities/pristina.webp
Pristina,Mother Teresa Square,Hood 1 Photo File,,images/hoods/pristina--mother-teresa-square.webp
Pristina,Mother Teresa Square,Hood 1 Photo Credit,,https://commons.wikimedia.org/wiki/File:Skulptura_e_N%C3%ABn%C3%AB_Terez%C3%ABs_n%C3%AB_Prishtin%C3%AB.jpg
Pristina,Çarshi (Old Bazaar Quarter),Hood 2 Photo File,,images/hoods/pristina--carshi-old-bazaar-quarter.webp
Pristina,Çarshi (Old Bazaar Quarter),Hood 2 Photo Credit,,"https://commons.wikimedia.org/wiki/File:Prishtina,_mosque_1.jpg"
Pristina,Dragodan / Velania,Hood 3 Photo File,,images/hoods/pristina--dragodan-velania.webp
Pristina,Dragodan / Velania,Hood 3 Photo Credit,,https://commons.wikimedia.org/wiki/File:Prishtina_in_fog.jpg
Pristina,Dragodan / Velania,Hood 5 Photo File,,images/hoods/pristina--dragodan-velania.webp
Pristina,Dragodan / Velania,Hood 5 Photo Credit,,https://commons.wikimedia.org/wiki/File:Prishtina_in_fog.jpg
Pucón,hero,City Photo File,images/cities/puc-n.jpg,images/cities/puc-n.webp
Pucón,Centro (Downtown Pucón),Hood 1 Photo File,,images/hoods/pucon--centro-downtown-pucon.webp
Pucón,Centro (Downtown Pucón),Hood 1 Photo Credit,,https://commons.wikimedia.org/wiki/File:Volcan_Villarica_-_panoramio_(1).jpg
Pucón,La Poza,Hood 2 Photo File,,images/hoods/pucon--la-poza.webp
Pucón,La Poza,Hood 2 Photo Credit,,https://commons.wikimedia.org/wiki/File:2014-04-13_Norte_de_Burgos_026_-_Poza_de_la_Sal_(15878124675).jpg
Pucón,Quelhue,Hood 3 Photo File,,images/hoods/pucon--quelhue.webp
Pucón,Quelhue,Hood 3 Photo Credit,,https://commons.wikimedia.org/wiki/File:Playa_quelhue_01.jpg
Pucón,Camino a Villarrica,Hood 4 Photo File,,images/hoods/pucon--camino-a-villarrica.webp
Pucón,Camino a Villarrica,Hood 4 Photo Credit,,"https://commons.wikimedia.org/wiki/File:Camino_a_Termas_de_Palguin,_Parque_Nacional_Villarrica.jpg"
Puducherry,hero,City Photo File,images/cities/puducherry.jpg,images/cities/puducherry.webp
Puducherry,White Town (French Quarter),Hood 1 Photo File,,images/hoods/puducherry--white-town-french-quarter.webp
Puducherry,White Town (French Quarter),Hood 1 Photo Credit,,https://commons.wikimedia.org/wiki/File:Puducherry-White_Town-WUS02344.jpg
Puducherry,Auroville,Hood 3 Photo File,,images/hoods/puducherry--auroville.webp
Puducherry,Auroville,Hood 3 Photo Credit,,https://commons.wikimedia.org/wiki/File:Auroville_campus_2K22TNKAN_(10).jpg
Puducherry,Serenity Beach,Hood 4 Photo File,,images/hoods/puducherry--serenity-beach.webp
Puducherry,Serenity Beach,Hood 4 Photo Credit,,https://commons.wikimedia.org/wiki/File:Early_morning_at_Serenity_Beach_Puducherry.jpg
Puebla,hero,City Photo File,images/cities/puebla.jpg,images/cities/puebla.webp
Puebla,hero,City Photo Credit,https://commons.wikimedia.org/wiki/File:Mexico-Popocatepetl.jpg,https://commons.wikimedia.org/wiki/File:CALLEDEPUEBLA.jpg
Puebla,Centro Historico,Hood 1 Photo File,,images/hoods/puebla--centro-historico.webp
Puebla,Centro Historico,Hood 1 Photo Credit,,https://commons.wikimedia.org/wiki/File:BUAPLibraryBldg_(cropped).JPG
Puebla,Zona Angelopolis,Hood 2 Photo File,,images/hoods/puebla--zona-angelopolis.webp
Puebla,Zona Angelopolis,Hood 2 Photo Credit,,https://commons.wikimedia.org/wiki/File:Vista_de_los_edificios_de_la_zona_Angel%C3%B3polis_desde_los_fuertes_de_Loreto_y_Guadalupe.jpg
Puebla,Barrio del Alto / Paseo San Francisco,Hood 3 Photo File,,images/hoods/puebla--barrio-del-alto-paseo-san-francisco.webp
Puebla,Barrio del Alto / Paseo San Francisco,Hood 3 Photo Credit,,"https://commons.wikimedia.org/wiki/File:Barrio_del_Alto,_Puebla,_Pue.,_Mexico_-_panoramio.jpg"
Puebla,Cholula,Hood 4 Photo File,,images/hoods/puebla--cholula.webp
Puebla,Cholula,Hood 4 Photo Credit,,https://commons.wikimedia.org/wiki/File:Cholula_(Puebla)_I.jpg
Puerto Iguazú,hero,City Photo File,images/cities/puerto-iguaz.jpg,images/cities/puerto-iguaz.webp
Puerto Iguazú,hero,City Photo Credit,https://commons.wikimedia.org/wiki/File:Downtown_Puerto_Iguazu%2C_Misiones%2C_Argentina%2C_6th._Jan._2011_-_Flickr_-_PhillipC.jpg,https://commons.wikimedia.org/wiki/File:017_Iguazu_Falls_Argentina_side_-_Iguaz%C3%BA_National_Park_landscape.jpg
Puerto Iguazú,Downtown Puerto Iguazú,Hood 1 Photo File,,images/hoods/puerto-iguazu--downtown-puerto-iguazu.webp
Puerto Iguazú,Downtown Puerto Iguazú,Hood 1 Photo Credit,,"https://commons.wikimedia.org/wiki/File:Downtown_Puerto_Iguazu,_Misiones,_Argentina,_6th._Jan._2011_-_Flickr_-_PhillipC.jpg"
Puerto Madryn,hero,City Photo File,images/cities/puerto-madryn.jpg,images/cities/puerto-madryn.webp
Puerto Madryn,Rambla (Waterfront),Hood 1 Photo File,,images/hoods/puerto-madryn--rambla-waterfront.webp
Puerto Madryn,Rambla (Waterfront),Hood 1 Photo Credit,,https://commons.wikimedia.org/wiki/File:La_Rambla_(Sabadell)1348852698089.jpg
Puerto Madryn,Downtown,Hood 2 Photo File,,images/hoods/puerto-madryn--downtown.webp
Puerto Madryn,Downtown,Hood 2 Photo Credit,,https://commons.wikimedia.org/wiki/File:Downtown_Beaufort_SC_1972.png
Puerto Natales,hero,City Photo File,images/cities/puerto-natales.jpg,images/cities/puerto-natales.webp
Puerto Natales,Puerto Bories,Hood 3 Photo File,,images/hoods/puerto-natales--puerto-bories.webp
Puerto Natales,Puerto Bories,Hood 3 Photo Credit,,"https://commons.wikimedia.org/wiki/File:Antigua_locomotora_de_vapor_Avonside,_a%C3%B1o_1920,_en_Puerto_Natales,_Magallanes,_sur_de_Chile.jpg"
Puerto Natales,Sector Norte (Ruta 9),Hood 4 Photo File,,images/hoods/puerto-natales--sector-norte-ruta-9.webp
Puerto Natales,Sector Norte (Ruta 9),Hood 4 Photo Credit,,https://commons.wikimedia.org/wiki/File:Sendero-laguna-los-tres.jpg
Puerto Plata,hero,City Photo File,images/cities/puerto-plata.jpg,images/cities/puerto-plata.webp
Puerto Plata,Playa Dorada,Hood 2 Photo File,,images/hoods/puerto-plata--playa-dorada.webp
Puerto Plata,Playa Dorada,Hood 2 Photo Credit,,"https://commons.wikimedia.org/wiki/File:Hotel_en_Playa_Dorada,_Provincia_Puerto_Plata_-_panoramio.jpg"
Puerto Plata,Sosúa,Hood 4 Photo File,,images/hoods/puerto-plata--sosua.webp
Puerto Plata,Sosúa,Hood 4 Photo Credit,,https://commons.wikimedia.org/wiki/File:Eleutherodactylus_weinlandi.jpg
Puerto Plata,Cofresí,Hood 5 Photo File,images/hoods/puerto-plata--cofres.jpg,images/hoods/puerto-plata--cofres.webp
Puerto Princesa,hero,City Photo File,images/cities/puerto-princesa.jpg,images/cities/puerto-princesa.webp
Puerto Princesa,City Proper (Rizal Avenue),Hood 1 Photo File,,images/hoods/puerto-princesa--city-proper-rizal-avenue.webp
Puerto Princesa,City Proper (Rizal Avenue),Hood 1 Photo Credit,,"https://commons.wikimedia.org/wiki/File:483Barangay_Northside,_Makati_City_06.jpg"
Puerto Princesa,Bancao-Bancao,Hood 2 Photo File,,images/hoods/puerto-princesa--bancao-bancao.webp
Puerto Princesa,Bancao-Bancao,Hood 2 Photo Credit,,https://commons.wikimedia.org/wiki/File:Banc%C3%A3o_(11968466184).jpg
Puerto Princesa,Sabang,Hood 3 Photo File,,images/hoods/puerto-princesa--sabang.webp
Puerto Princesa,Sabang,Hood 3 Photo Credit,,https://commons.wikimedia.org/wiki/File:Group_of_Tourists_at_Puerto_Princesa_Underground_River.jpg
Puerto Princesa,Sta. Lourdes (Honda Bay),Hood 4 Photo File,,images/hoods/puerto-princesa--sta-lourdes-honda-bay.webp
Puerto Princesa,Sta. Lourdes (Honda Bay),Hood 4 Photo Credit,,https://commons.wikimedia.org/wiki/File:0027jfLourdes_Shrine_Procession_San_Jose_Monte_Bulacanfvf_02.JPG
Puerto Princesa,San Manuel,Hood 5 Photo File,,images/hoods/puerto-princesa--san-manuel.webp
Puerto Princesa,San Manuel,Hood 5 Photo Credit,,https://commons.wikimedia.org/wiki/File:SanManuelPangasinanjf631.JPG
Puerto Vallarta,hero,City Photo File,images/cities/puerto-vallarta.jpg,images/cities/puerto-vallarta.webp
Puerto Vallarta,hero,City Photo Credit,https://commons.wikimedia.org/wiki/File:Collage_Puerto_Vallarta.jpg,https://commons.wikimedia.org/wiki/File:Puerto_Vallarta_downtown_street.jpg
Puerto Vallarta,Zona Romántica (Old Town),Hood 1 Photo File,,images/hoods/puerto-vallarta--zona-romantica-old-town.webp
Puerto Vallarta,Zona Romántica (Old Town),Hood 1 Photo Credit,,"https://commons.wikimedia.org/wiki/File:March_2023_in_Puerto_Vallarta,_Jalisco_-_002.jpg"
Puerto Vallarta,El Centro (Malecón),Hood 2 Photo File,,images/hoods/puerto-vallarta--el-centro-malecon.webp
Puerto Vallarta,El Centro (Malecón),Hood 2 Photo Credit,,"https://commons.wikimedia.org/wiki/File:Puerto_Vallarta,_Jalisco_(February_2023)_-_001.jpg"
Puerto Vallarta,Marina Vallarta,Hood 3 Photo File,,images/hoods/puerto-vallarta--marina-vallarta.webp
Puerto Vallarta,Marina Vallarta,Hood 3 Photo Credit,,"https://commons.wikimedia.org/wiki/File:Puerto_Vallarta,_Jalisco,_2025_-_171.jpg"
Puerto Vallarta,Conchas Chinas,Hood 5 Photo File,,images/hoods/puerto-vallarta--conchas-chinas.webp
Puerto Vallarta,Conchas Chinas,Hood 5 Photo Credit,,"https://commons.wikimedia.org/wiki/File:Puerto_Vallarta,_Mexico_(February_2023)_-_011.jpg"
Pula,hero,City Photo File,images/cities/pula.jpg,images/cities/pula.webp
Pula,Old Town (Arena & Kaštel),Hood 1 Photo File,,images/hoods/pula--old-town-arena-kastel.webp
Pula,Old Town (Arena & Kaštel),Hood 1 Photo Credit,,https://commons.wikimedia.org/wiki/File:Pula_(Croatia)_(54292764509).jpg
Pula,Verudela,Hood 2 Photo File,,images/hoods/pula--verudela.webp
Pula,Verudela,Hood 2 Photo Credit,,https://commons.wikimedia.org/wiki/File:Verudela_Canyon.jpg
Pula,Stoja,Hood 3 Photo File,,images/hoods/pula--stoja.webp
Pula,Stoja,Hood 3 Photo Credit,,https://commons.wikimedia.org/wiki/File:Stoja_Galebove_stijene_Beach_Pula_1990_04.jpg
Pula,Veruda,Hood 4 Photo File,,images/hoods/pula--veruda.webp
Pula,Veruda,Hood 4 Photo Credit,,https://commons.wikimedia.org/wiki/File:Marina_w_Verudeli_-_panoramio.jpg
Pula,Vidikovac,Hood 5 Photo File,,images/hoods/pula--vidikovac.webp
Pula,Vidikovac,Hood 5 Photo Credit,,https://commons.wikimedia.org/wiki/File:Vidikovac_Sremski_Karlovci_8295_01.jpg
Puno,hero,City Photo File,images/cities/puno.jpg,images/cities/puno.webp
Puno,Plaza de Armas,Hood 1 Photo File,,images/hoods/puno--plaza-de-armas.webp
Puno,Plaza de Armas,Hood 1 Photo Credit,,https://commons.wikimedia.org/wiki/File:Bas%C3%ADlica_Catedral_de_Puno_03.jpg
Puno,Malecon/Puerto,Hood 2 Photo File,,images/hoods/puno--malecon-puerto.webp
Puno,Malecon/Puerto,Hood 2 Photo Credit,,https://commons.wikimedia.org/wiki/File:Malec%C3%B3n_de_Puno_04.jpg
Puno,Huajsapata,Hood 3 Photo File,,images/hoods/puno--huajsapata.webp
Puno,Huajsapata,Hood 3 Photo Credit,,"https://commons.wikimedia.org/wiki/File:Cerrito_Huajsapata,_Puno_04.jpg"
Puno,Jr. Lima,Hood 4 Photo File,,images/hoods/puno--jr-lima.webp
Puno,Jr. Lima,Hood 4 Photo Credit,,https://commons.wikimedia.org/wiki/File:Jir%C3%B3n_Puno_en_Lima_01.jpg
Puno,Salcedo,Hood 5 Photo File,,images/hoods/puno--salcedo.webp
Puno,Salcedo,Hood 5 Photo Credit,,https://commons.wikimedia.org/wiki/File:Mapa_chuta_chota.png
Punta Arenas,hero,City Photo File,images/cities/punta-arenas.jpg,images/cities/punta-arenas.webp
Punta Arenas,hero,City Photo Credit,https://commons.wikimedia.org/wiki/File:Montaje_Punta_Arenas.png,https://commons.wikimedia.org/wiki/File:Punta_arenas.jpg
Punta Arenas,Cerro de la Cruz,Hood 2 Photo File,,images/hoods/punta-arenas--cerro-de-la-cruz.webp
Punta Arenas,Cerro de la Cruz,Hood 2 Photo Credit,,https://commons.wikimedia.org/wiki/File:CerroCruzMapa.png
Punta Arenas,Costanera del Estrecho,Hood 3 Photo File,,images/hoods/punta-arenas--costanera-del-estrecho.webp
Punta Arenas,Costanera del Estrecho,Hood 3 Photo Credit,,https://commons.wikimedia.org/wiki/File:Chile_2015-11-12_(23682815530).jpg
Punta Arenas,Barrio Croata,Hood 4 Photo File,,images/hoods/punta-arenas--barrio-croata.webp
Punta Arenas,Barrio Croata,Hood 4 Photo Credit,,https://commons.wikimedia.org/wiki/File:Baum_Veli_Losinj.JPG
Punta Arenas,Zona Norte,Hood 5 Photo File,,images/hoods/punta-arenas--zona-norte.webp
Punta Arenas,Zona Norte,Hood 5 Photo Credit,,https://commons.wikimedia.org/wiki/File:Monumento_a_Magallanes_vista_norte.jpg
Punta Cana,hero,City Photo File,images/cities/punta-cana.jpg,images/cities/punta-cana.webp
Punta Cana,Bavaro,Hood 1 Photo File,images/hoods/punta-cana--bavaro.jpg,images/hoods/punta-cana--bavaro.webp
Punta Cana,Cap Cana,Hood 2 Photo File,images/hoods/punta-cana--cap-cana.jpg,images/hoods/punta-cana--cap-cana.webp
Punta Cana,Punta Cana Village,Hood 3 Photo File,,images/hoods/punta-cana--punta-cana-village.webp
Punta Cana,Punta Cana Village,Hood 3 Photo Credit,,https://commons.wikimedia.org/wiki/File:Punta_Cana_Apartment_House.jpg
Punta Cana,Uvero Alto,Hood 5 Photo File,images/hoods/punta-cana--uvero-alto.jpg,images/hoods/punta-cana--uvero-alto.webp
Pyatigorsk,hero,City Photo File,images/cities/pyatigorsk.jpg,images/cities/pyatigorsk.webp
Pyatigorsk,Prospekt Kirova (Centre),Hood 2 Photo File,,images/hoods/pyatigorsk--prospekt-kirova-centre.webp
Pyatigorsk,Prospekt Kirova (Centre),Hood 2 Photo Credit,,https://commons.wikimedia.org/wiki/File:%D0%9A%D0%B8%D1%80%D0%BE%D0%B2%D0%B0_18%D0%B0_IMG_0275.jpg
Pyatigorsk,Mount Mashuk & Proval,Hood 3 Photo File,,images/hoods/pyatigorsk--mount-mashuk-proval.webp
Pyatigorsk,Mount Mashuk & Proval,Hood 3 Photo Credit,,https://commons.wikimedia.org/wiki/File:P.B._Le_proval_a_Piatigorsk_(TyP._J._Claye)._(Fussart)._Floriant_Gille._Lettres_sur_le_Caucase_et_la_Crim%C3%A9e._1859.jpg
Pyatigorsk,Goryachevodsky,Hood 4 Photo File,,images/hoods/pyatigorsk--goryachevodsky.webp
Pyatigorsk,Goryachevodsky,Hood 4 Photo Credit,,https://commons.wikimedia.org/wiki/File:%D0%9F%D1%8F%D1%82%D0%B8%D0%B3%D0%BE%D1%80%D1%81%D0%BA._%D0%93%D0%BE%D1%80%D1%8F%D1%87%D0%B0%D1%8F_%D0%B3%D0%BE%D1%80%D0%B0_-_panoramio.jpg
Pyatigorsk,Novopyatigorsk,Hood 5 Photo File,,images/hoods/pyatigorsk--novopyatigorsk.webp
Pyatigorsk,Novopyatigorsk,Hood 5 Photo Credit,,https://commons.wikimedia.org/wiki/File:Novopyatigorsk.jpg
Pyongyang,hero,City Photo File,images/cities/pyongyang.jpg,images/cities/pyongyang.webp
Pyongyang,Central District (Chung-guyok),Hood 1 Photo File,,images/hoods/pyongyang--central-district-chung-guyok.webp
Pyongyang,Central District (Chung-guyok),Hood 1 Photo Credit,,https://commons.wikimedia.org/wiki/File:Cromwell_Gorge_(1).jpg
Pyongyang,Yanggak Island (Yanggakdo),Hood 2 Photo File,,images/hoods/pyongyang--yanggak-island-yanggakdo.webp
Pyongyang,Yanggak Island (Yanggakdo),Hood 2 Photo Credit,,https://commons.wikimedia.org/wiki/File:North_Korea-Pyongyang-Yanggakdo-0w.jpg
Pyongyang,Mangyongdae District (Sports Village),Hood 3 Photo File,,images/hoods/pyongyang--mangyongdae-district-sports-village.webp
Pyongyang,Mangyongdae District (Sports Village),Hood 3 Photo Credit,,https://commons.wikimedia.org/wiki/File:On_Mangyong_Hill_05.JPG
Pyongyang,Moranbong District,Hood 4 Photo File,,images/hoods/pyongyang--moranbong-district.webp
Pyongyang,Moranbong District,Hood 4 Photo Credit,,"https://commons.wikimedia.org/wiki/File:%E5%B9%B3%E5%A3%A4%E9%A3%8E%E5%85%89_Pyongyang,_the_Democratic_People%27s_Republic_of_Korea_-_panoramio_(1).jpg"
Pécs,hero,City Photo File,images/cities/p-cs.jpg,images/cities/p-cs.webp
Pécs,hero,City Photo Credit,https://commons.wikimedia.org/wiki/File:P%C3%A9cs_Montage.jpg,https://commons.wikimedia.org/wiki/File:P%C3%A9cs_(145).jpg
Pécs,Belváros,Hood 1 Photo File,,images/hoods/pecs--belvaros.webp
Pécs,Belváros,Hood 1 Photo Credit,,"https://commons.wikimedia.org/wiki/File:P%C3%A9cs,_Hungary_-_panoramio_(14).jpg"
Pécs,Zsolnay Negyed,Hood 2 Photo File,,images/hoods/pecs--zsolnay-negyed.webp
Pécs,Zsolnay Negyed,Hood 2 Photo Credit,,https://commons.wikimedia.org/wiki/File:Ceramic_statue_and_tourist_information_in_Zsolnay_quarter.JPG
Pécs,Tettye,Hood 3 Photo File,,images/hoods/pecs--tettye.webp
Pécs,Tettye,Hood 3 Photo Credit,,"https://commons.wikimedia.org/wiki/File:P%C3%A9cs,_Tettye_-_panoramio.jpg"
Pécs,Uránváros,Hood 4 Photo File,,images/hoods/pecs--uranvaros.webp
Pécs,Uránváros,Hood 4 Photo Credit,,https://commons.wikimedia.org/wiki/File:P%C3%A9cs_Ur%C3%A1nv%C3%A1ros_eml%C3%A9kt%C3%A1bla.jpg
Pécs,Kertváros,Hood 5 Photo File,,images/hoods/pecs--kertvaros.webp
Pécs,Kertváros,Hood 5 Photo Credit,,"https://commons.wikimedia.org/wiki/File:A_k%C3%ADv%C3%A1ncsi_kecske,_K%C3%BClter%C3%BClet,_2017_Esztergom-Kertv%C3%A1ros.jpg"
Qingdao,hero,City Photo File,images/cities/qingdao.jpg,images/cities/qingdao.webp
Qingdao,Badaguan,Hood 2 Photo File,,images/hoods/qingdao--badaguan.webp
Qingdao,Badaguan,Hood 2 Photo Credit,,https://commons.wikimedia.org/wiki/File:%E5%A4%AA%E5%B9%B3%E8%A7%92%E5%85%AC%E5%9B%ADAe.jpg
Qingdao,May Fourth Square / CBD,Hood 3 Photo File,,images/hoods/qingdao--may-fourth-square-cbd.webp
Qingdao,May Fourth Square / CBD,Hood 3 Photo Credit,,"https://commons.wikimedia.org/wiki/File:Aofan_Base_Marina_City_Shangquan,_Shinan,_Qingdao,_Shandong,_China_-_panoramio.jpg"
Qingdao,Laoshan (Shilaoren),Hood 4 Photo File,,images/hoods/qingdao--laoshan-shilaoren.webp
Qingdao,Laoshan (Shilaoren),Hood 4 Photo Credit,,https://commons.wikimedia.org/wiki/File:Big_screen_-_panoramio.jpg
Qingdao,Licang / Shibei (Taidong),Hood 5 Photo File,,images/hoods/qingdao--licang-shibei-taidong.webp
Qingdao,Licang / Shibei (Taidong),Hood 5 Photo Credit,,https://commons.wikimedia.org/wiki/File:%E9%9D%92%E5%B2%9B%E9%85%92%E5%BA%97%E7%AE%A1%E7%90%86%E8%81%8C%E4%B8%9A%E6%8A%80%E6%9C%AF%E5%AD%A6%E9%99%A2.jpg
Qinhuangdao,hero,City Photo File,images/cities/qinhuangdao.jpg,images/cities/qinhuangdao.webp
Qinhuangdao,hero,City Photo Credit,https://commons.wikimedia.org/wiki/File:Qinhuangdao_%E7%A7%A6%E7%9A%87%E5%B2%9B.jpg,https://commons.wikimedia.org/wiki/File:Beach_at_Old_Dragon_Head.jpg
Qinhuangdao,Haigang District,Hood 1 Photo File,,images/hoods/qinhuangdao--haigang-district.webp
Qinhuangdao,Haigang District,Hood 1 Photo Credit,,https://commons.wikimedia.org/wiki/File:%E5%86%B0%E7%80%91%EF%BC%88%E4%BB%96%E4%BA%BA%E4%BD%9C%E5%93%81_%E8%87%B4%E6%AD%89%EF%BC%89_-_panoramio.jpg
Qinhuangdao,Beidaihe District,Hood 2 Photo File,,images/hoods/qinhuangdao--beidaihe-district.webp
Qinhuangdao,Beidaihe District,Hood 2 Photo Credit,,"https://commons.wikimedia.org/wiki/File:Beidaihe,_Qinhuangdao,_Hebei,_China_-_panoramio_(10).jpg"
Qinhuangdao,Shanhaiguan District,Hood 3 Photo File,,images/hoods/qinhuangdao--shanhaiguan-district.webp
Qinhuangdao,Shanhaiguan District,Hood 3 Photo Credit,,https://commons.wikimedia.org/wiki/File:Facades_of_shanhaiguan_railway_station.jpg
Qinhuangdao,Nandaihe,Hood 4 Photo File,,images/hoods/qinhuangdao--nandaihe.webp
Qinhuangdao,Nandaihe,Hood 4 Photo Credit,,https://commons.wikimedia.org/wiki/File:Nandaihe_-_panoramio.jpg
Qom,hero,City Photo File,images/cities/qom.jpg,images/cities/qom.webp
Qom,Haram (Shrine District),Hood 1 Photo File,,images/hoods/qom--haram-shrine-district.webp
Qom,Haram (Shrine District),Hood 1 Photo Credit,,https://commons.wikimedia.org/wiki/File:Haram_Qom.jpg
Qom,Jamkaran,Hood 2 Photo File,,images/hoods/qom--jamkaran.webp
Qom,Jamkaran,Hood 2 Photo Credit,,"https://commons.wikimedia.org/wiki/File:Jamkar%C4%81n,_Qom,_Iran_-_panoramio.jpg"
Qom,Pardisan,Hood 3 Photo File,,images/hoods/qom--pardisan.webp
Qom,Pardisan,Hood 3 Photo Credit,,"https://commons.wikimedia.org/wiki/File:Vista_de_Teher%C3%A1n_desde_la_Torre_Milad,_Ir%C3%A1n,_2016-09-17,_DD_76_(cropped).jpg"
Qom,Bazaar / Old Town,Hood 4 Photo File,,images/hoods/qom--bazaar-old-town.webp
Qom,Bazaar / Old Town,Hood 4 Photo Credit,,https://commons.wikimedia.org/wiki/File:Grand_Timcheh_of_Qom_2007_and_2009_Photographer_Mostafa_Meraji_15.jpg
Quanzhou,hero,City Photo File,images/cities/quanzhou.jpg,images/cities/quanzhou.webp
Quanzhou,Tumen Street & Qingjing Mosque,Hood 2 Photo File,,images/hoods/quanzhou--tumen-street-qingjing-mosque.webp
Quanzhou,Tumen Street & Qingjing Mosque,Hood 2 Photo Credit,,https://commons.wikimedia.org/wiki/File:Quanzhou_Tonghuai_Guanyue_Miao_20120229-01.jpg
Quanzhou,Zhongshan Road,Hood 3 Photo File,,images/hoods/quanzhou--zhongshan-road.webp
Quanzhou,Zhongshan Road,Hood 3 Photo Credit,,https://commons.wikimedia.org/wiki/File:20240730_106_Zhongshan_Road.jpg
Quanzhou,Xunpu Village,Hood 5 Photo File,,images/hoods/quanzhou--xunpu-village.webp
Quanzhou,Xunpu Village,Hood 5 Photo Credit,,https://commons.wikimedia.org/wiki/File:Xunpu_Village_1.jpg
Quetzaltenango,hero,City Photo File,images/cities/quetzaltenango.jpg,images/cities/quetzaltenango.webp
Quetzaltenango,hero,City Photo Credit,https://commons.wikimedia.org/wiki/File:Palacio_Municipal_de_Quetzaltenango.jpg,https://commons.wikimedia.org/wiki/File:Centro_Historico_Quetzaltenango_Guatemala.jpg
Quetzaltenango,Zona 1 (Centro Histórico),Hood 1 Photo File,,images/hoods/quetzaltenango--zona-1-centro-historico.webp
Quetzaltenango,Zona 1 (Centro Histórico),Hood 1 Photo Credit,,"https://commons.wikimedia.org/wiki/File:11_avenida,_Zona_1,_Quetzaltenango_03.jpg"
Quetzaltenango,Bella Vista,Hood 4 Photo File,,images/hoods/quetzaltenango--bella-vista.webp
Quetzaltenango,Bella Vista,Hood 4 Photo Credit,,"https://commons.wikimedia.org/wiki/File:Paisaje_entre_Cant%C3%B3n_Chitay_y_Chiquilaj%C3%A1,_Quetzaltenango_21.jpg"
Quetzaltenango,Zona 3,Hood 5 Photo File,,images/hoods/quetzaltenango--zona-3.webp
Quetzaltenango,Zona 3,Hood 5 Photo Credit,,"https://commons.wikimedia.org/wiki/File:Iglesia_de_San_Nicol%C3%A1s,_Quetzaltenango_01.jpg"
Quito,hero,City Photo File,images/cities/quito.jpg,images/cities/quito.webp
Quito,La Mariscal,Hood 1 Photo File,,images/hoods/quito--la-mariscal.webp
Quito,La Mariscal,Hood 1 Photo Credit,,https://commons.wikimedia.org/wiki/File:Calle-foch-quito.jpg
Quito,Centro Histórico (Old Town),Hood 2 Photo File,,images/hoods/quito--centro-historico-old-town.webp
Quito,Centro Histórico (Old Town),Hood 2 Photo Credit,,https://commons.wikimedia.org/wiki/File:(El_Centro_Hist%C3%B3rico_de_Quito)_pic.bb1a.jpg
Quito,La Floresta,Hood 3 Photo File,,images/hoods/quito--la-floresta.webp
Quito,La Floresta,Hood 3 Photo Credit,,https://commons.wikimedia.org/wiki/File:QuitoMorning.jpg
Quito,La Carolina,Hood 4 Photo File,,images/hoods/quito--la-carolina.webp
Quito,La Carolina,Hood 4 Photo Credit,,https://commons.wikimedia.org/wiki/File:Parada_Metro_Parque_La_Carolina.jpg
Quito,Cumbayá,Hood 5 Photo File,,images/hoods/quito--cumbaya.webp
Quito,Cumbayá,Hood 5 Photo Credit,,https://commons.wikimedia.org/wiki/File:Quito_teleferico.jpg
Québec,hero,City Photo File,images/cities/qu-bec.jpg,images/cities/qu-bec.webp
Québec,Vieux-Québec – Haute-Ville (Upper Town),Hood 1 Photo File,,images/hoods/quebec--vieux-quebec-haute-ville-upper-town.webp
Québec,Vieux-Québec – Haute-Ville (Upper Town),Hood 1 Photo Credit,,https://commons.wikimedia.org/wiki/File:Assembl%C3%A9e_nationale_du_Qu%C3%A9bec_(la_nuit)_-_panoramio.jpg
Québec,Petit-Champlain / Place-Royale (Basse-Ville),Hood 2 Photo File,,images/hoods/quebec--petit-champlain-place-royale-basse-ville.webp
Québec,Petit-Champlain / Place-Royale (Basse-Ville),Hood 2 Photo Credit,,https://commons.wikimedia.org/wiki/File:2016-11_rue_du_Petit-Champlain_Quebec_City_01.jpg
Québec,Saint-Jean-Baptiste,Hood 3 Photo File,,images/hoods/quebec--saint-jean-baptiste.webp
Québec,Saint-Jean-Baptiste,Hood 3 Photo Credit,,https://commons.wikimedia.org/wiki/File:Eglise_Saint-Jean-Baptiste_-_Quebec_20.jpg
Québec,Montcalm / Grande Allée,Hood 4 Photo File,,images/hoods/quebec--montcalm-grande-allee.webp
Québec,Montcalm / Grande Allée,Hood 4 Photo Credit,,"https://commons.wikimedia.org/wiki/File:1039,_avenue_des_Erables,_Quebec.jpg"
Québec,Saint-Roch,Hood 5 Photo File,,images/hoods/quebec--saint-roch.webp
Québec,Saint-Roch,Hood 5 Photo Credit,,https://commons.wikimedia.org/wiki/File:Coin_St-Joseph_et_Dorchester.jpg
Rabat,hero,City Photo File,images/cities/rabat.jpg,images/cities/rabat.webp
Rabat,Medina,Hood 1 Photo File,,images/hoods/rabat--medina.webp
Rabat,Medina,Hood 1 Photo Credit,,https://commons.wikimedia.org/wiki/File:A_street_in_the_old_Medina_of_Rabat_08112020.jpg
Rabat,Hassan (Quartier Hassan),Hood 2 Photo File,,images/hoods/rabat--hassan-quartier-hassan.webp
Rabat,Hassan (Quartier Hassan),Hood 2 Photo Credit,,"https://commons.wikimedia.org/wiki/File:Quartier_Hassan,_Rabat,_Morocco_-_panoramio_(1).jpg"
Rabat,Agdal,Hood 3 Photo File,,images/hoods/rabat--agdal.webp
Rabat,Agdal,Hood 3 Photo Credit,,https://commons.wikimedia.org/wiki/File:Plaque_Lalla_Khadija_Mosque_Rabat_Nov25_A7CR_08887.jpg
Rabat,Ville Nouvelle,Hood 4 Photo File,,images/hoods/rabat--ville-nouvelle.webp
Rabat,Ville Nouvelle,Hood 4 Photo Credit,,https://commons.wikimedia.org/wiki/File:Beautiful_view_from_Rabat_Experimental_Park.jpg
Rabat,Souissi,Hood 5 Photo File,,images/hoods/rabat--souissi.webp
Rabat,Souissi,Hood 5 Photo Credit,,https://commons.wikimedia.org/wiki/File:HEM_Business_School.jpg
Recife,hero,City Photo File,images/cities/recife.jpg,images/cities/recife.webp
Recife,Boa Viagem,Hood 1 Photo File,,images/hoods/recife--boa-viagem.webp
Recife,Boa Viagem,Hood 1 Photo Credit,,"https://commons.wikimedia.org/wiki/File:Av._Boa_Viagem_y_Rua_Atlantico,_Boa_Viagem,_Recife.jpg"
Recife,Recife Antigo (Bairro do Recife),Hood 2 Photo File,,images/hoods/recife--recife-antigo-bairro-do-recife.webp
Recife,Recife Antigo (Bairro do Recife),Hood 2 Photo Credit,,https://commons.wikimedia.org/wiki/File:Rua_do_bairro_do_Recife.jpg
Recife,Pina,Hood 3 Photo File,,images/hoods/recife--pina.webp
Recife,Pina,Hood 3 Photo Credit,,"https://commons.wikimedia.org/wiki/File:Rua_Nogueira_de_Souza,_Pina,_Recife,_abril_de_2026.jpg"
Recife,Boa Vista,Hood 4 Photo File,,images/hoods/recife--boa-vista.webp
Recife,Boa Vista,Hood 4 Photo Credit,,https://commons.wikimedia.org/wiki/File:%222022%22_Parque_13_de_Maio.jpg
Regensburg,hero,City Photo File,images/cities/regensburg.jpg,images/cities/regensburg.webp
Regensburg,Altstadt,Hood 1 Photo File,,images/hoods/regensburg--altstadt.webp
Regensburg,Altstadt,Hood 1 Photo Credit,,https://commons.wikimedia.org/wiki/File:Jakobstra%C3%9Fe_-_Regensburg_006.jpg
Regensburg,Stadtamhof,Hood 2 Photo File,,images/hoods/regensburg--stadtamhof.webp
Regensburg,Stadtamhof,Hood 2 Photo Credit,,https://commons.wikimedia.org/wiki/File:N%C3%A4he_Dultplatz_-_panoramio_(2).jpg
Regensburg,Ostenviertel,Hood 3 Photo File,,images/hoods/regensburg--ostenviertel.webp
Regensburg,Ostenviertel,Hood 3 Photo Credit,,https://commons.wikimedia.org/wiki/File:Luitpoldstra%C3%9Fe_9_-_Regensburg.jpg
Regensburg,Kumpfmühl,Hood 4 Photo File,,images/hoods/regensburg--kumpfmuhl.webp
Regensburg,Kumpfmühl,Hood 4 Photo Credit,,https://commons.wikimedia.org/wiki/File:St_Theresia_-_Regensburg_003.jpg
Regensburg,Universitätsviertel,Hood 5 Photo File,,images/hoods/regensburg--universitatsviertel.webp
Regensburg,Universitätsviertel,Hood 5 Photo Credit,,https://commons.wikimedia.org/wiki/File:Zum_Guten_Hirten_Universit%C3%A4tsviertel_Kruzifix.jpg
Reims,hero,City Photo File,images/cities/reims.jpg,images/cities/reims.webp
Reims,Cathédrale,Hood 1 Photo File,,images/hoods/reims--cathedrale.webp
Reims,Cathédrale,Hood 1 Photo Credit,,https://commons.wikimedia.org/wiki/File:Maitrise_cath%C3%A9drale_1520282.jpg
Reims,Drouet-d'Erlon,Hood 2 Photo File,,images/hoods/reims--drouet-d-erlon.webp
Reims,Drouet-d'Erlon,Hood 2 Photo Credit,,https://commons.wikimedia.org/wiki/File:Immeuble_Art_Deco_place_Drouet_d%27Erlon.jpg
Reims,Saint-Rémi,Hood 3 Photo File,,images/hoods/reims--saint-remi.webp
Reims,Saint-Rémi,Hood 3 Photo Credit,,"https://commons.wikimedia.org/wiki/File:Basilique_Saint-Remi_de_Reims_Exterior_2,_Reims,_France_-_Diliff.jpg"
Reims,Boulingrin,Hood 4 Photo File,,images/hoods/reims--boulingrin.webp
Reims,Boulingrin,Hood 4 Photo Credit,,https://commons.wikimedia.org/wiki/File:Reims_-_halles_du_Boulingrin_(05).JPG
Reims,Clairmarais,Hood 5 Photo File,,images/hoods/reims--clairmarais.webp
Reims,Clairmarais,Hood 5 Photo Credit,,https://commons.wikimedia.org/wiki/File:143_bis_rue_courcelles_1568774.jpg
Reno,hero,City Photo File,images/cities/reno.jpg,images/cities/reno.webp
Reno,Downtown Reno,Hood 1 Photo File,,images/hoods/reno--downtown-reno.webp
Reno,Downtown Reno,Hood 1 Photo Credit,,https://commons.wikimedia.org/wiki/File:Reno_(Nevada).JPG
Reno,Midtown,Hood 2 Photo File,,images/hoods/reno--midtown.webp
Reno,Midtown,Hood 2 Photo Credit,,https://commons.wikimedia.org/wiki/File:RTS_Bar_Safari_-_Midtown_Lounge_-_panoramio.jpg
Reno,Northwest Reno,Hood 3 Photo File,,images/hoods/reno--northwest-reno.webp
Reno,Northwest Reno,Hood 3 Photo Credit,,https://commons.wikimedia.org/wiki/File:Carpenter_surveyor_tenleytown.jpg
Reno,South Reno,Hood 4 Photo File,,images/hoods/reno--south-reno.webp
Reno,South Reno,Hood 4 Photo Credit,,"https://commons.wikimedia.org/wiki/File:South_Reno,_Nevada_(17578685734).jpg"
Reykjavík,hero,City Photo File,images/cities/reykjav-k.jpg,images/cities/reykjav-k.webp
Reykjavík,101 Reykjavík / City Centre,Hood 1 Photo File,images/hoods/reykjavik--101-reykjavik-city-centre.jpg,images/hoods/reykjavik--101-reykjavik-city-centre.webp
Reykjavík,Old Harbour (Grandi),Hood 2 Photo File,images/hoods/reykjavik--old-harbour-grandi.jpg,images/hoods/reykjavik--old-harbour-grandi.webp
Reykjavík,Laugavegur / Hlemmur,Hood 3 Photo File,images/hoods/reykjavik--laugavegur-hlemmur.jpg,images/hoods/reykjavik--laugavegur-hlemmur.webp
Reykjavík,Laugardalur,Hood 4 Photo File,images/hoods/reykjavik--laugardalur.jpg,images/hoods/reykjavik--laugardalur.webp
Rhodes,hero,City Photo File,images/cities/rhodes.jpg,images/cities/rhodes.webp
Rhodes,Rhodes Old Town (Medieval City),Hood 1 Photo File,images/hoods/rhodes--rhodes-old-town-medieval-city.jpg,images/hoods/rhodes--rhodes-old-town-medieval-city.webp
Rhodes,Neochori (New Town),Hood 2 Photo File,,images/hoods/rhodes--neochori-new-town.webp
Rhodes,Neochori (New Town),Hood 2 Photo Credit,,https://commons.wikimedia.org/wiki/File:Hotel_Casino_Rhodos.jpg
Rhodes,Ixia,Hood 3 Photo File,images/hoods/rhodes--ixia.jpg,images/hoods/rhodes--ixia.webp
Rhodes,Ialysos,Hood 4 Photo File,images/hoods/rhodes--ialysos.jpg,images/hoods/rhodes--ialysos.webp
Riga,hero,City Photo File,images/cities/riga.jpg,images/cities/riga.webp
Riga,Vecrīga (Old Town),Hood 1 Photo File,images/hoods/riga--vecriga-old-town.jpg,images/hoods/riga--vecriga-old-town.webp
Riga,Āgenskalns,Hood 3 Photo File,images/hoods/riga--agenskalns.jpg,images/hoods/riga--agenskalns.webp
Riga,Miera iela (Miera Quarter),Hood 4 Photo File,images/hoods/riga--miera-iela-miera-quarter.jpg,images/hoods/riga--miera-iela-miera-quarter.webp
Riga,Maskavas Forštate (Central Market District),Hood 5 Photo File,images/hoods/riga--maskavas-forstate-central-market-district.jpg,images/hoods/riga--maskavas-forstate-central-market-district.webp
Riga,Maskavas Forštate (Central Market District),Hood 5 Photo Credit,https://commons.wikimedia.org/wiki/File:Riga_Central_Market_Hall.jpg,https://commons.wikimedia.org/wiki/File:The_water_tower_on_Maz%C4%81_Mat%C4%ABsa_street_in_R%C4%ABga_-_panoramio.jpg
Rimini,hero,City Photo File,images/cities/rimini.jpg,images/cities/rimini.webp
Rimini,hero,City Photo Credit,https://commons.wikimedia.org/wiki/File:Rimini_Montage.jpg,"https://commons.wikimedia.org/wiki/File:Arco_d%27Augusto,_Rimini_Italy.jpg"
Rimini,Borgo San Giuliano,Hood 3 Photo File,,images/hoods/rimini--borgo-san-giuliano.webp
Rimini,Borgo San Giuliano,Hood 3 Photo Credit,,https://commons.wikimedia.org/wiki/File:Rimini_Borgo_San_Giuliano_5.jpg
Rimini,Miramare,Hood 4 Photo File,,images/hoods/rimini--miramare.webp
Rimini,Miramare,Hood 4 Photo Credit,,"https://commons.wikimedia.org/wiki/File:Miramare,_47924_Rimini_RN,_Italy_-_panoramio_(1).jpg"
Rimini,Viserba,Hood 5 Photo File,,images/hoods/rimini--viserba.webp
Rimini,Viserba,Hood 5 Photo Credit,,"https://commons.wikimedia.org/wiki/File:Villa_Adelia,_Viserba.jpg"
Rio de Janeiro,hero,City Photo File,images/cities/rio-de-janeiro.jpg,images/cities/rio-de-janeiro.webp
Rio de Janeiro,Copacabana,Hood 1 Photo File,images/hoods/rio-de-janeiro--copacabana.jpg,images/hoods/rio-de-janeiro--copacabana.webp
Rio de Janeiro,Ipanema,Hood 2 Photo File,images/hoods/rio-de-janeiro--ipanema.jpg,images/hoods/rio-de-janeiro--ipanema.webp
Rio de Janeiro,Leblon,Hood 3 Photo File,images/hoods/rio-de-janeiro--leblon.jpg,images/hoods/rio-de-janeiro--leblon.webp
Rio de Janeiro,Santa Teresa,Hood 4 Photo File,images/hoods/rio-de-janeiro--santa-teresa.jpg,images/hoods/rio-de-janeiro--santa-teresa.webp
Rio de Janeiro,Lapa / Centro,Hood 5 Photo File,images/hoods/rio-de-janeiro--lapa-centro.jpg,images/hoods/rio-de-janeiro--lapa-centro.webp
Riyadh,hero,City Photo File,images/cities/riyadh.jpg,images/cities/riyadh.webp
Riyadh,Olaya,Hood 1 Photo File,images/hoods/riyadh--olaya.jpg,images/hoods/riyadh--olaya.webp
Riyadh,Al Malaz,Hood 2 Photo File,images/hoods/riyadh--al-malaz.jpg,images/hoods/riyadh--al-malaz.webp
Riyadh,Diplomatic Quarter,Hood 3 Photo File,images/hoods/riyadh--diplomatic-quarter.jpg,images/hoods/riyadh--diplomatic-quarter.webp
Riyadh,King Abdullah Financial District,Hood 5 Photo File,images/hoods/riyadh--king-abdullah-financial-district.jpg,images/hoods/riyadh--king-abdullah-financial-district.webp
Road Town,hero,City Photo File,images/cities/road-town.jpg,images/cities/road-town.webp
Road Town,Wickhams Cay 1,Hood 1 Photo File,,images/hoods/road-town--wickhams-cay-1.webp
Road Town,Wickhams Cay 1,Hood 1 Photo Credit,,https://commons.wikimedia.org/wiki/File:Karibik_-_Brit._Jungferninseln_-_Road_Town_%E2%80%93_Wickhams_Cay_1_-_%22Mein_Schiff_2%22_-_panoramio.jpg
Road Town,Nanny Cay / Sea Cows Bay,Hood 5 Photo File,,images/hoods/road-town--nanny-cay-sea-cows-bay.webp
Road Town,Nanny Cay / Sea Cows Bay,Hood 5 Photo Credit,,"https://commons.wikimedia.org/wiki/File:A_man_sits_next_to_sign_in_the_marina_of_Nanny_Cay_on_the_British_Virgin_Island_of_Tortola,_which_suffered_widespread_damage_and_destruction_when_Hurricane_Irma_passed_over_on_6_September_2017_(36706814783).jpg"
Rome,hero,City Photo File,images/cities/rome.jpg,images/cities/rome.webp
Rome,Centro Storico,Hood 1 Photo File,images/hoods/rome--centro-storico.jpg,images/hoods/rome--centro-storico.webp
Rome,Trastevere,Hood 2 Photo File,images/hoods/rome--trastevere.jpg,images/hoods/rome--trastevere.webp
Rome,Trastevere,Hood 2 Photo Credit,https://commons.wikimedia.org/wiki/File:Santa_Maria_in_Trastevere_fountain.jpg,https://commons.wikimedia.org/wiki/File:Chiesa_di_Santa_Margherita_in_Trastevere.jpg
Rome,Monti,Hood 3 Photo File,images/hoods/rome--monti.jpg,images/hoods/rome--monti.webp
Rome,Prati (Vaticano),Hood 4 Photo File,images/hoods/rome--prati-vaticano.jpg,images/hoods/rome--prati-vaticano.webp
Rome,Prati (Vaticano),Hood 4 Photo Credit,https://commons.wikimedia.org/wiki/File:Basilica_di_San_Pietro_in_Vaticano_September_2015-1a.jpg,https://commons.wikimedia.org/wiki/File:Hotel_Prati_in_Rome.jpg
Rome,Testaccio,Hood 5 Photo File,images/hoods/rome--testaccio.jpg,images/hoods/rome--testaccio.webp
Roseau,hero,City Photo File,images/cities/roseau.jpg,images/cities/roseau.webp
Roseau,Roseau City Centre,Hood 1 Photo File,,images/hoods/roseau--roseau-city-centre.webp
Roseau,Roseau City Centre,Hood 1 Photo Credit,,"https://commons.wikimedia.org/wiki/File:ASC_Leiden_-_van_Achterberg_Collection_-_05_-_53_-_Un_camp_touareg_juste_%C3%A0_l%27ext%C3%A9rieur_de_la_ville_-_Tombouctou,_Mali_-_Novembre-d%C3%A9cembre_1993.jpg"
Roseau,Castle Comfort,Hood 2 Photo File,,images/hoods/roseau--castle-comfort.webp
Roseau,Castle Comfort,Hood 2 Photo Credit,,"https://commons.wikimedia.org/wiki/File:Dominica,_particulars_of_a_valuable_Sugar_Estate_-_called_%22Castle_Comfort,%22_situate_in_the_Parish_of_Saint_George,_in_the_Island_of_Dominica,_and_containing_240_acres,_or_thereabouts_-_which_will_LOC_2016586667-4.jpg"
Roseau,Trafalgar / Roseau Valley,Hood 3 Photo File,,images/hoods/roseau--trafalgar-roseau-valley.webp
Roseau,Trafalgar / Roseau Valley,Hood 3 Photo Credit,,"https://commons.wikimedia.org/wiki/File:Dominica,_Karibik_-_Resting_Place_on_the_Cable_Car_-_panoramio.jpg"
Roseau,Wotten Waven,Hood 4 Photo File,,images/hoods/roseau--wotten-waven.webp
Roseau,Wotten Waven,Hood 4 Photo Credit,,"https://commons.wikimedia.org/wiki/File:Dominica,_Karibik_-_Laudat_-_Wotten_Waven_%E2%80%93_Fond_Cani_-_panoramio.jpg"
Roseau,Goodwill / Bath Estate,Hood 5 Photo File,,images/hoods/roseau--goodwill-bath-estate.webp
Roseau,Goodwill / Bath Estate,Hood 5 Photo Credit,,"https://commons.wikimedia.org/wiki/File:Dominica,_Karibik_-_Roseau,_Bath_Estate_-_Goodwill_-_panoramio.jpg"
Rostock,hero,City Photo File,images/cities/rostock.jpg,images/cities/rostock.webp
Rostock,Stadtmitte (Altstadt),Hood 1 Photo File,,images/hoods/rostock--stadtmitte-altstadt.webp
Rostock,Stadtmitte (Altstadt),Hood 1 Photo Credit,,https://commons.wikimedia.org/wiki/File:Rostock_Wendenstr.jpg
Rostock,Kröpeliner-Tor-Vorstadt (KTV),Hood 2 Photo File,,images/hoods/rostock--kropeliner-tor-vorstadt-ktv.webp
Rostock,Kröpeliner-Tor-Vorstadt (KTV),Hood 2 Photo Credit,,https://commons.wikimedia.org/wiki/File:Cygnus_olor_Kabutzenhof_mirroring_ice_surface_2011-03-05_A.jpg
Rostock,Warnemünde,Hood 3 Photo File,,images/hoods/rostock--warnemunde.webp
Rostock,Warnemünde,Hood 3 Photo Credit,,https://commons.wikimedia.org/wiki/File:Warnemuende_Kirche_2017.jpg
Rostock,Steintor-Vorstadt,Hood 4 Photo File,,images/hoods/rostock--steintor-vorstadt.webp
Rostock,Steintor-Vorstadt,Hood 4 Photo Credit,,https://commons.wikimedia.org/wiki/File:Rostock_Augustenstrasse_90_Holzpflaster_2011-09-10.jpg
Rostock,Hohe Düne,Hood 5 Photo File,,images/hoods/rostock--hohe-dune.webp
Rostock,Hohe Düne,Hood 5 Photo Credit,,https://commons.wikimedia.org/wiki/File:Rostock_Warnemuende_Lotsenstation_2011-05-17.jpg
Rotorua,hero,City Photo File,images/cities/rotorua.jpg,images/cities/rotorua.webp
Rotorua,hero,City Photo Credit,https://commons.wikimedia.org/wiki/File:Government_Gardens_in_Rotorua_01.jpg,https://unsplash.com/photos/aerial-view-of-city-buildings-during-daytime-yuitRKBAXAY
Rotorua,Lakefront,Hood 2 Photo File,,images/hoods/rotorua--lakefront.webp
Rotorua,Lakefront,Hood 2 Photo Credit,,"https://commons.wikimedia.org/wiki/File:Cultura_Maori,_Rotorua,_Nueva_Zelanda_-_panoramio.jpg"
Rotorua,Ohinemutu,Hood 3 Photo File,,images/hoods/rotorua--ohinemutu.webp
Rotorua,Ohinemutu,Hood 3 Photo Credit,,"https://commons.wikimedia.org/wiki/File:Ohinemutu,_the_Bell_of_ceremonie_in_Tamatekapua_Meeting_House.jpg"
Rotorua,Fenton Street / Glenholme,Hood 4 Photo File,,images/hoods/rotorua--fenton-street-glenholme.webp
Rotorua,Fenton Street / Glenholme,Hood 4 Photo Credit,,https://commons.wikimedia.org/wiki/File:Fenton_Street_in_Rotorua.jpg
Rotorua,Whakarewarewa,Hood 5 Photo File,,images/hoods/rotorua--whakarewarewa.webp
Rotorua,Whakarewarewa,Hood 5 Photo Credit,,https://commons.wikimedia.org/wiki/File:2018-12-30_151552_Whakarewarewa_Thermal_Village_anagoria.jpg
Rotterdam,hero,City Photo File,images/cities/rotterdam.jpg,images/cities/rotterdam.webp
Rotterdam,Centrum,Hood 1 Photo File,,images/hoods/rotterdam--centrum.webp
Rotterdam,Centrum,Hood 1 Photo Credit,,https://commons.wikimedia.org/wiki/File:Phoenix_by_Ian_Kirkpatrick.jpg
Rotterdam,Kop van Zuid,Hood 2 Photo File,,images/hoods/rotterdam--kop-van-zuid.webp
Rotterdam,Kop van Zuid,Hood 2 Photo Credit,,https://commons.wikimedia.org/wiki/File:Contrafforte_-_panoramio.jpg
Rotterdam,Katendrecht,Hood 3 Photo File,,images/hoods/rotterdam--katendrecht.webp
Rotterdam,Katendrecht,Hood 3 Photo Credit,,"https://commons.wikimedia.org/wiki/File:Fenixloodsen,_Rotterdam_-_Constant_development_(39787875410).jpg"
Rotterdam,Delfshaven,Hood 4 Photo File,,images/hoods/rotterdam--delfshaven.webp
Rotterdam,Delfshaven,Hood 4 Photo Credit,,https://commons.wikimedia.org/wiki/File:Es_tu_turno_para_escribir_una_multa_-_panoramio.jpg
Rotterdam,Cool District,Hood 5 Photo File,,images/hoods/rotterdam--cool-district.webp
Rotterdam,Cool District,Hood 5 Photo Credit,,"https://commons.wikimedia.org/wiki/File:Lady_in_Orange,_Rotterdam_(13663794263).jpg"
Rouen,hero,City Photo File,images/cities/rouen.jpg,images/cities/rouen.webp
Rouen,Vieux Rouen,Hood 1 Photo File,,images/hoods/rouen--vieux-rouen.webp
Rouen,Vieux Rouen,Hood 1 Photo Credit,,https://commons.wikimedia.org/wiki/File:Rouen_-_36_rue_du_Vieux_Palais_-_Escalier_sur_cour_01.jpg
Rouen,Saint-Marc,Hood 3 Photo File,,images/hoods/rouen--saint-marc.webp
Rouen,Saint-Marc,Hood 3 Photo Credit,,https://commons.wikimedia.org/wiki/File:Rouen_-_Place_Saint-Marc_-_bo%C3%AEte_%C3%A0_livres.jpg
Rouen,Jouvenet,Hood 4 Photo File,,images/hoods/rouen--jouvenet.webp
Rouen,Jouvenet,Hood 4 Photo Credit,,https://www.flickr.com/photos/38712296@N07/6050734146/
Rouen,Saint-Sever,Hood 5 Photo File,,images/hoods/rouen--saint-sever.webp
Rouen,Saint-Sever,Hood 5 Photo Credit,,https://commons.wikimedia.org/wiki/File:Prairie_Saint-Sever-2.jpg
Rovaniemi,hero,City Photo File,images/cities/rovaniemi.jpg,images/cities/rovaniemi.webp
Rovaniemi,hero,City Photo Credit,https://commons.wikimedia.org/wiki/File:Rovaniemi_Montage.jpg,https://commons.wikimedia.org/wiki/File:J%C3%A4tk%C3%A4nkynttil%C3%A4_Bridge_3.jpg
Rovaniemi,City Centre (Keskusta),Hood 1 Photo File,,images/hoods/rovaniemi--city-centre-keskusta.webp
Rovaniemi,City Centre (Keskusta),Hood 1 Photo Credit,,https://commons.wikimedia.org/wiki/File:Muurola_road_sign.jpg
Rovaniemi,Santa Claus Village,Hood 2 Photo File,,images/hoods/rovaniemi--santa-claus-village.webp
Rovaniemi,Santa Claus Village,Hood 2 Photo Credit,,https://commons.wikimedia.org/wiki/File:Arctic_Circle_marker_Santa_Claus_Village_Rovaniemi_2022-09-15_06.jpg
Rovaniemi,Ounasvaara,Hood 3 Photo File,,images/hoods/rovaniemi--ounasvaara.webp
Rovaniemi,Ounasvaara,Hood 3 Photo Credit,,https://commons.wikimedia.org/wiki/File:Ounasvaara_2.jpg
Rovaniemi,Saarenkylä,Hood 5 Photo File,,images/hoods/rovaniemi--saarenkyla.webp
Rovaniemi,Saarenkylä,Hood 5 Photo Credit,,https://commons.wikimedia.org/wiki/File:Church_of_Saari_in_Finland.JPG
Sa Pa,hero,City Photo File,images/cities/sa-pa.jpg,images/cities/sa-pa.webp
Sa Pa,hero,City Photo Credit,https://commons.wikimedia.org/wiki/File:Thacbac3.jpg,https://unsplash.com/photos/terraced-rice-fields-in-mountain-valley-9r2yeRccyls
Sa Pa,Sa Pa Town Center,Hood 1 Photo File,,images/hoods/sa-pa--sa-pa-town-center.webp
Sa Pa,Sa Pa Town Center,Hood 1 Photo Credit,,"https://commons.wikimedia.org/wiki/File:EXAMPLE_OF_STONE_END_WITH_SLIT_VENTILATORS_-_Barn,_County_Road,_Strasburg,_Lancaster_County,_PA_HABS_PA,36-STRAS.V,1A-1.tif"
Sa Pa,Cat Cat Village,Hood 2 Photo File,,images/hoods/sa-pa--cat-cat-village.webp
Sa Pa,Cat Cat Village,Hood 2 Photo Credit,,"https://commons.wikimedia.org/wiki/File:Water_wheel_in_Cat_Cat_village,_Sa_Pa,_Vietnam,_20240126_1142_3543.jpg"
Sa Pa,Ta Van / Lao Chai,Hood 3 Photo File,,images/hoods/sa-pa--ta-van-lao-chai.webp
Sa Pa,Ta Van / Lao Chai,Hood 3 Photo Credit,,https://commons.wikimedia.org/wiki/File:Buffaloes_in_T%E1%BA%A3_Van.jpg
Saint John's,hero,City Photo File,images/cities/saint-john-s.jpg,images/cities/saint-john-s.webp
Saint John's,Dickenson Bay,Hood 3 Photo File,,images/hoods/saint-john-s--dickenson-bay.webp
Saint John's,Dickenson Bay,Hood 3 Photo Credit,,https://commons.wikimedia.org/wiki/File:Dickenson_Bay_(5149395640).jpg
Saint Martin's Island,hero,City Photo File,images/cities/saint-martin-s-island.jpg,images/cities/saint-martin-s-island.webp
Saint Martin's Island,Main Village (Jetty Area),Hood 1 Photo File,,images/hoods/saint-martin-s-island--main-village-jetty-area.webp
Saint Martin's Island,Main Village (Jetty Area),Hood 1 Photo Credit,,https://commons.wikimedia.org/wiki/File:Percy_Main_(geograph_2421107).jpg
Saint Martin's Island,West Beach,Hood 2 Photo File,,images/hoods/saint-martin-s-island--west-beach.webp
Saint Martin's Island,West Beach,Hood 2 Photo Credit,,"https://commons.wikimedia.org/wiki/File:East_platform,_West_Palm_Beach_station.jpg"
Saint Martin's Island,Northern Coconut Groves,Hood 3 Photo File,,images/hoods/saint-martin-s-island--northern-coconut-groves.webp
Saint Martin's Island,Northern Coconut Groves,Hood 3 Photo Credit,,https://commons.wikimedia.org/wiki/File:Gavin_Newsom_signs_SB206_on_The_Shop_02.jpg
Saint Martin's Island,Northern Coconut Groves,Hood 5 Photo File,,images/hoods/saint-martin-s-island--northern-coconut-groves.webp
Saint Martin's Island,Northern Coconut Groves,Hood 5 Photo Credit,,https://commons.wikimedia.org/wiki/File:Gavin_Newsom_signs_SB206_on_The_Shop_02.jpg
Saint Petersburg,hero,City Photo File,images/cities/saint-petersburg.jpg,images/cities/saint-petersburg.webp
Saint Petersburg,Admiralteysky (Nevsky Prospekt),Hood 1 Photo File,,images/hoods/saint-petersburg--admiralteysky-nevsky-prospekt.webp
Saint Petersburg,Admiralteysky (Nevsky Prospekt),Hood 1 Photo Credit,,https://commons.wikimedia.org/wiki/File:Municipal_Institutions_Building_(Sadovaya_Street)_gargoyle1.jpg
Saint Petersburg,Tsentralny,Hood 2 Photo File,,images/hoods/saint-petersburg--tsentralny.webp
Saint Petersburg,Tsentralny,Hood 2 Photo Credit,,"https://commons.wikimedia.org/wiki/File:Tsentralny_District,_St_Petersburg,_Russia_-_panoramio_(168).jpg"
Saint Petersburg,Petrogradsky,Hood 3 Photo File,,images/hoods/saint-petersburg--petrogradsky.webp
Saint Petersburg,Petrogradsky,Hood 3 Photo Credit,,"https://commons.wikimedia.org/wiki/File:%D0%A1%D0%B0%D0%BD%D0%BA%D1%82-%D0%9F%D0%B5%D1%82%D0%B5%D1%80%D0%B1%D1%83%D1%80%D0%B3,_%D0%BF%D0%BB%D0%BE%D1%89%D0%B0%D0%B4%D1%8C_%D0%A2%D0%B0%D1%80%D0%B0%D1%81%D0%B0_%D0%A8%D0%B5%D0%B2%D1%87%D0%B5%D0%BD%D0%BA%D0%BE_%D1%81%D0%B2%D0%B5%D1%80%D1%85%D1%83.jpg"
Saint Petersburg,Vasileostrovsky,Hood 4 Photo File,,images/hoods/saint-petersburg--vasileostrovsky.webp
Saint Petersburg,Vasileostrovsky,Hood 4 Photo Credit,,https://commons.wikimedia.org/wiki/File:Saint_Petersburg_tram_0526_2007-09_1191066130_Vasileostrovsky_tram_depot_LM-99AVN.JPG
Saint-Denis,hero,City Photo File,images/cities/saint-denis.jpg,images/cities/saint-denis.webp
Saint-Denis,hero,City Photo Credit,https://commons.wikimedia.org/wiki/File:SaintDenisReunion005.JPG,https://commons.wikimedia.org/wiki/File:Rathaus_Saint-Denis_02.jpg
Saint-Denis,Le Barachois,Hood 1 Photo File,,images/hoods/saint-denis--le-barachois.webp
Saint-Denis,Le Barachois,Hood 1 Photo Credit,,https://commons.wikimedia.org/wiki/File:Houle_cyclonique_2008_-_panoramio.jpg
Saint-Denis,Sainte-Clotilde,Hood 3 Photo File,,images/hoods/saint-denis--sainte-clotilde.webp
Saint-Denis,Sainte-Clotilde,Hood 3 Photo Credit,,https://commons.wikimedia.org/wiki/File:Bo%C3%AEte_Lettres_Poste_A2C2G4_Avenue_Sainte_Clotilde_-_Gagny_(FR93)_-_2021-04-10_-_1.jpg
Saint-Denis,Bellepierre,Hood 4 Photo File,,images/hoods/saint-denis--bellepierre.webp
Saint-Denis,Bellepierre,Hood 4 Photo Credit,,https://commons.wikimedia.org/wiki/File:Saint-Denis_vu_depuis_le_belv%C3%A9d%C3%A8re_de_la_Montagne.jpg
Saint-Denis,La Montagne,Hood 5 Photo File,,images/hoods/saint-denis--la-montagne.webp
Saint-Denis,La Montagne,Hood 5 Photo Credit,,https://commons.wikimedia.org/wiki/File:Le_colorado_et_les_hauts_de_Saint-Denis_-_panoramio.jpg
Saint-Louis,hero,City Photo File,images/cities/saint-louis.jpg,images/cities/saint-louis.webp
Saint-Louis,Île de Saint-Louis,Hood 1 Photo File,,images/hoods/saint-louis--ile-de-saint-louis.webp
Saint-Louis,Île de Saint-Louis,Hood 1 Photo Credit,,https://commons.wikimedia.org/wiki/File:Island_of_Saint-Louis-113791.jpg
Saint-Louis,Hydrobase,Hood 4 Photo File,,images/hoods/saint-louis--hydrobase.webp
Saint-Louis,Hydrobase,Hood 4 Photo Credit,,https://commons.wikimedia.org/wiki/File:Plage_de_Saint-Louis.jpg
Saint-Pierre,hero,City Photo File,images/cities/saint-pierre.jpg,images/cities/saint-pierre.webp
Saint-Pierre,Pointe aux Canons,Hood 2 Photo File,,images/hoods/saint-pierre--pointe-aux-canons.webp
Saint-Pierre,Pointe aux Canons,Hood 2 Photo Credit,,https://commons.wikimedia.org/wiki/File:Saint-Pierre-et-Miquelon_la_Pointe_aux_Canons.jpg
Saint-Tropez,hero,City Photo File,images/cities/saint-tropez.jpg,images/cities/saint-tropez.webp
Saint-Tropez,Vieux Port (Old Port),Hood 1 Photo File,,images/hoods/saint-tropez--vieux-port-old-port.webp
Saint-Tropez,Vieux Port (Old Port),Hood 1 Photo Credit,,https://commons.wikimedia.org/wiki/File:Seine_Balise_R01.jpg
Saint-Tropez,La Ponche,Hood 2 Photo File,,images/hoods/saint-tropez--la-ponche.webp
Saint-Tropez,La Ponche,Hood 2 Photo Credit,,"https://commons.wikimedia.org/wiki/File:Aerial_view_of_Ponche_Beach,_Saint-Tropez,_France_(52723268452).jpg"
Saint-Tropez,Place des Lices,Hood 3 Photo File,,images/hoods/saint-tropez--place-des-lices.webp
Saint-Tropez,Place des Lices,Hood 3 Photo Credit,,https://commons.wikimedia.org/wiki/File:Una_piazza_-_panoramio.jpg
Saint-Tropez,Pampelonne Beach,Hood 4 Photo File,,images/hoods/saint-tropez--pampelonne-beach.webp
Saint-Tropez,Pampelonne Beach,Hood 4 Photo Credit,,"https://commons.wikimedia.org/wiki/File:Aerial_view_of_Pampelonne_Beach,_Saint-Tropez,_France_(52723263302).jpg"
Saipan,hero,City Photo File,images/cities/saipan.jpg,images/cities/saipan.webp
Saipan,Garapan,Hood 1 Photo File,,images/hoods/saipan--garapan.webp
Saipan,Garapan,Hood 1 Photo Credit,,https://commons.wikimedia.org/wiki/File:Cruise_ship_blues_(Unsplash).jpg
Saipan,Susupe / Chalan Kanoa,Hood 2 Photo File,,images/hoods/saipan--susupe-chalan-kanoa.webp
Saipan,Susupe / Chalan Kanoa,Hood 2 Photo Credit,,https://commons.wikimedia.org/wiki/File:Saipan_Sunset_(15551933139).jpg
Saipan,San Antonio,Hood 3 Photo File,,images/hoods/saipan--san-antonio.webp
Saipan,San Antonio,Hood 3 Photo Credit,,https://commons.wikimedia.org/wiki/File:Minnesota_Soldiers_and_Sailors_Monument.tif
Salalah,hero,City Photo File,images/cities/salalah.jpg,images/cities/salalah.webp
Salalah,Al Haffa,Hood 1 Photo File,,images/hoods/salalah--al-haffa.webp
Salalah,Al Haffa,Hood 1 Photo Credit,,"https://commons.wikimedia.org/wiki/File:Oman,_Salalah,_Haffa_Souq_(Souq_al-Hosn),_Frankincense.jpg"
Salalah,Al Saada,Hood 3 Photo File,,images/hoods/salalah--al-saada.webp
Salalah,Al Saada,Hood 3 Photo Credit,,https://commons.wikimedia.org/wiki/File:BrankoSahamVsNasr.jpg
Salalah,Al Wadi,Hood 4 Photo File,,images/hoods/salalah--al-wadi.webp
Salalah,Al Wadi,Hood 4 Photo Credit,,https://commons.wikimedia.org/wiki/File:Petroglyphs_in_Wadi_Ejili.jpg
Salalah,Salalah Central,Hood 5 Photo File,,images/hoods/salalah--salalah-central.webp
Salalah,Salalah Central,Hood 5 Photo Credit,,https://commons.wikimedia.org/wiki/File:USS_BOXER_(LHD_4)_131101-N-GM561-158_(11027121104).jpg
Salamanca,hero,City Photo File,images/cities/salamanca.jpg,images/cities/salamanca.webp
Salamanca,Centro Histórico (Plaza Mayor),Hood 1 Photo File,,images/hoods/salamanca--centro-historico-plaza-mayor.webp
Salamanca,Centro Histórico (Plaza Mayor),Hood 1 Photo Credit,,"https://commons.wikimedia.org/wiki/File:Vistas_de_Salamanca,_Guanajuato_2008_05.jpg"
Salamanca,Barrio del Oeste,Hood 2 Photo File,,images/hoods/salamanca--barrio-del-oeste.webp
Salamanca,Barrio del Oeste,Hood 2 Photo Credit,,https://commons.wikimedia.org/wiki/File:Plano_de_situaci%C3%B3n_y_emplazamiento_BO_ab17.jpg
Salamanca,Arrabal (Tormes riverside),Hood 4 Photo File,,images/hoods/salamanca--arrabal-tormes-riverside.webp
Salamanca,Arrabal (Tormes riverside),Hood 4 Photo Credit,,https://commons.wikimedia.org/wiki/File:20210716_180908(0)_Iglesia_vieja_del_arrabal_en_Salamanca.jpg
Salerno,hero,City Photo File,images/cities/salerno.jpg,images/cities/salerno.webp
Salerno,Lungomare Trieste,Hood 2 Photo File,,images/hoods/salerno--lungomare-trieste.webp
Salerno,Lungomare Trieste,Hood 2 Photo Credit,,https://commons.wikimedia.org/wiki/File:Binari_del_raccordo_portule_di_Salerno_sul_lungomare_Trieste.jpg
Salerno,Carmine / Stazione,Hood 3 Photo File,,images/hoods/salerno--carmine-stazione.webp
Salerno,Carmine / Stazione,Hood 3 Photo Credit,,https://commons.wikimedia.org/wiki/File:Momento_della_processione_del_Corpus_Domini_e_passaggio_di_alcuni_membri_della_confraternita_della_chiesa_di_Santa_Maria_del_Carmine_presso_piazza_Annunziata_di_Angri_(Sa).jpg
Salerno,Torrione,Hood 4 Photo File,,images/hoods/salerno--torrione.webp
Salerno,Torrione,Hood 4 Photo Credit,,https://commons.wikimedia.org/wiki/File:Metropolitana_in_arrivo_Salerno_Centrale.jpg
Salerno,Pastena,Hood 5 Photo File,,images/hoods/salerno--pastena.webp
Salerno,Pastena,Hood 5 Photo Credit,,"https://commons.wikimedia.org/wiki/File:Pastena,_chiesa_di_Santa_Maria_Maggiore_-_Interno_verso_la_controfacciata.jpg"
Salt Lake City,hero,City Photo File,images/cities/salt-lake-city.jpg,images/cities/salt-lake-city.webp
Salt Lake City,Downtown / Temple Square,Hood 1 Photo File,,images/hoods/salt-lake-city--downtown-temple-square.webp
Salt Lake City,Downtown / Temple Square,Hood 1 Photo Credit,,"https://commons.wikimedia.org/wiki/File:Corvette_C7,_Lexus_LFA,_Corvette_C5_and_Nissan_GT-R.jpg"
Salt Lake City,The Avenues,Hood 2 Photo File,,images/hoods/salt-lake-city--the-avenues.webp
Salt Lake City,The Avenues,Hood 2 Photo Credit,,https://www.flickr.com/photos/75683070@N00/9387970277/
Salt Lake City,Sugar House,Hood 3 Photo File,,images/hoods/salt-lake-city--sugar-house.webp
Salt Lake City,Sugar House,Hood 3 Photo Credit,,https://commons.wikimedia.org/wiki/File:Arbuckle_House_SLC.jpeg
Salt Lake City,Central Ninth / Granary District,Hood 4 Photo File,,images/hoods/salt-lake-city--central-ninth-granary-district.webp
Salt Lake City,Central Ninth / Granary District,Hood 4 Photo Credit,,"https://commons.wikimedia.org/wiki/File:110329-F-XA488-066_USAF_Female_F-15E_Pilot_Maj._Tracy_Schmidt_suits_up_at_Bagram_Airfield,_Afghanistan.jpg"
Salta,hero,City Photo File,images/cities/salta.jpg,images/cities/salta.webp
Salta,Centro Histórico,Hood 1 Photo File,,images/hoods/salta--centro-historico.webp
Salta,Centro Histórico,Hood 1 Photo Credit,,https://commons.wikimedia.org/wiki/File:Salta_-_America_Cultural_Center_01.jpg
Salta,Balcarce,Hood 2 Photo File,,images/hoods/salta--balcarce.webp
Salta,Balcarce,Hood 2 Photo Credit,,https://commons.wikimedia.org/wiki/File:Balcarce_01.jpg
Salta,Tres Cerritos,Hood 3 Photo File,,images/hoods/salta--tres-cerritos.webp
Salta,Tres Cerritos,Hood 3 Photo Credit,,https://commons.wikimedia.org/wiki/File:Bajo_la_sombra_de_un_mezquite.JPG
Salta,San Lorenzo,Hood 4 Photo File,,images/hoods/salta--san-lorenzo.webp
Salta,San Lorenzo,Hood 4 Photo Credit,,https://commons.wikimedia.org/wiki/File:L%C3%ADmite_hist%C3%B3rico_en_base_a_los_hitos_de_1898_fijados_por_los_peritos_en_el_Campo_de_Hielo_Patag%C3%B3nico_Sur_(Chile-Argentina).png
Salta,Parque San Martín / Cerro San Bernardo,Hood 5 Photo File,,images/hoods/salta--parque-san-martin-cerro-san-bernardo.webp
Salta,Parque San Martín / Cerro San Bernardo,Hood 5 Photo Credit,,https://commons.wikimedia.org/wiki/File:SALTA2022480.jpg
Salvador,hero,City Photo File,images/cities/salvador.jpg,images/cities/salvador.webp
Salvador,Pelourinho / Centro Histórico,Hood 1 Photo File,,images/hoods/salvador--pelourinho-centro-historico.webp
Salvador,Pelourinho / Centro Histórico,Hood 1 Photo Credit,,https://commons.wikimedia.org/wiki/File:Brasilidade.jpg
Salvador,Barra,Hood 2 Photo File,,images/hoods/salvador--barra.webp
Salvador,Barra,Hood 2 Photo Credit,,"https://commons.wikimedia.org/wiki/File:Barra,_Salvador,_Brasil_-_panoramio_-_Nelson_P%C3%A9rez_(1).jpg"
Salvador,Rio Vermelho,Hood 3 Photo File,,images/hoods/salvador--rio-vermelho.webp
Salvador,Rio Vermelho,Hood 3 Photo Credit,,"https://commons.wikimedia.org/wiki/File:Barraca_no_mercado_Santa_Cruz_em_Salvador,_Bahia,_Brasil.jpg"
Salvador,Ondina,Hood 4 Photo File,,images/hoods/salvador--ondina.webp
Salvador,Ondina,Hood 4 Photo Credit,,https://commons.wikimedia.org/wiki/File:OYO_Hotel_Praia_de_Ondina.jpg
Salvador,Itapuã,Hood 5 Photo File,,images/hoods/salvador--itapua.webp
Salvador,Itapuã,Hood 5 Photo Credit,,https://commons.wikimedia.org/wiki/File:2011.11.22.152306_Itapu%C3%A3_Beach_Salvador_Brazil.jpg
Salzburg,hero,City Photo File,images/cities/salzburg.jpg,images/cities/salzburg.webp
Salzburg,Altstadt (Old Town),Hood 1 Photo File,,images/hoods/salzburg--altstadt-old-town.webp
Salzburg,Altstadt (Old Town),Hood 1 Photo Credit,,https://commons.wikimedia.org/wiki/File:Stadtteil_altstadt.jpg
Salzburg,Neustadt,Hood 2 Photo File,,images/hoods/salzburg--neustadt.webp
Salzburg,Neustadt,Hood 2 Photo Credit,,https://commons.wikimedia.org/wiki/File:20190128_Salzburg_8825_(33481217878).jpg
Salzburg,Nonntal,Hood 3 Photo File,,images/hoods/salzburg--nonntal.webp
Salzburg,Nonntal,Hood 3 Photo Credit,,https://commons.wikimedia.org/wiki/File:Overview_(131555087).jpeg
Salzburg,Riedenburg,Hood 4 Photo File,,images/hoods/salzburg--riedenburg.webp
Salzburg,Riedenburg,Hood 4 Photo Credit,,https://commons.wikimedia.org/wiki/File:Salzburg_-_Riedenburg_-_Pfarrkirche_St_Paul_-_2025_07_22-8a.jpg
Salzburg,Elisabeth-Vorstadt,Hood 5 Photo File,,images/hoods/salzburg--elisabeth-vorstadt.webp
Salzburg,Elisabeth-Vorstadt,Hood 5 Photo Credit,,https://commons.wikimedia.org/wiki/File:Hauptbahnhof_Salzburg_(13).jpg
Samarkand,hero,City Photo File,images/cities/samarkand.jpg,images/cities/samarkand.webp
Samarkand,Registan & Old City,Hood 1 Photo File,,images/hoods/samarkand--registan-old-city.webp
Samarkand,Registan & Old City,Hood 1 Photo Credit,,"https://commons.wikimedia.org/wiki/File:Andijan_Old_City,_Registan_square.jpg"
Samarkand,University Boulevard,Hood 2 Photo File,,images/hoods/samarkand--university-boulevard.webp
Samarkand,University Boulevard,Hood 2 Photo Credit,,"https://commons.wikimedia.org/wiki/File:%D0%A1%D0%B0%D0%BC%D0%B0%D1%80%D0%BA%D0%B0%D0%BD%D0%B4._%D0%A3%D0%BD%D0%B8%D0%B2%D0%B5%D1%80%D1%81%D0%B8%D1%82%D0%B5%D1%82%D1%81%D0%BA%D0%B8%D0%B9_%D0%B1%D1%83%D0%BB%D1%8C%D0%B2%D0%B0%D1%80,_3_03.jpg"
Samarkand,Siyob Bazaar & Bibi-Khanym,Hood 3 Photo File,,images/hoods/samarkand--siyob-bazaar-bibi-khanym.webp
Samarkand,Siyob Bazaar & Bibi-Khanym,Hood 3 Photo Credit,,"https://commons.wikimedia.org/wiki/File:Registan,_Samarkand_(8612696877).jpg"
Samarkand,Silk Road Samarkand,Hood 4 Photo File,,images/hoods/samarkand--silk-road-samarkand.webp
Samarkand,Silk Road Samarkand,Hood 4 Photo Credit,,"https://commons.wikimedia.org/wiki/File:%D0%A1%D0%B0%D0%BC%D0%B0%D1%80%D0%BA%D0%B0%D0%BD%D0%B4,_%D0%BC%D1%83%D0%B7%D0%B5%D0%B9_%D0%A8%D1%91%D0%BB%D0%BA%D0%BE%D0%B2%D0%BE%D0%B3%D0%BE_%D0%BF%D1%83%D1%82%D0%B8,_%D0%B1%D0%BB%D1%8E%D0%B4%D0%B0_03.jpg"
Samarkand,Bogishamol,Hood 5 Photo File,,images/hoods/samarkand--bogishamol.webp
Samarkand,Bogishamol,Hood 5 Photo Credit,,https://commons.wikimedia.org/wiki/File:Boqiy_shahar.jpg
San Andrés,hero,City Photo File,images/cities/san-andr-s.jpg,images/cities/san-andr-s.webp
San Andrés,El Centro (Town Center),Hood 1 Photo File,,images/hoods/san-andres--el-centro-town-center.webp
San Andrés,El Centro (Town Center),Hood 1 Photo Credit,,https://commons.wikimedia.org/wiki/File:Farming_in_the_El_Centro_region_in_California_LCCN2013633417.tif
San Andrés,San Luis,Hood 2 Photo File,,images/hoods/san-andres--san-luis.webp
San Andrés,San Luis,Hood 2 Photo Credit,,https://commons.wikimedia.org/wiki/File:Atardecer_en_Villa_de_la_Quebrada_San_Luis_-_Via_Crucis_del_Cristo.jpg
San Antonio,hero,City Photo File,images/cities/san-antonio.jpg,images/cities/san-antonio.webp
San Antonio,hero,City Photo Credit,https://commons.wikimedia.org/wiki/File:San_Antonio_Botanical_Garden_Overlook_View.jpg,https://commons.wikimedia.org/wiki/File:San_Antonio_Texas_Alamo.JPG
San Antonio,Downtown / River Walk,Hood 1 Photo File,,images/hoods/san-antonio--downtown-river-walk.webp
San Antonio,Downtown / River Walk,Hood 1 Photo Credit,,"https://commons.wikimedia.org/wiki/File:Downtown,_San_Antonio,_TX,_USA_-_panoramio_(10).jpg"
San Antonio,Southtown,Hood 2 Photo File,,images/hoods/san-antonio--southtown.webp
San Antonio,Southtown,Hood 2 Photo Credit,,"https://commons.wikimedia.org/wiki/File:312_of_%27(Our_own_country._Descriptive,_historical,_pictorial.)%27_(11177382603).jpg"
San Antonio,Pearl District,Hood 3 Photo File,,images/hoods/san-antonio--pearl-district.webp
San Antonio,Pearl District,Hood 3 Photo Credit,,https://www.flickr.com/photos/97402086@N00/39167537325/
San Antonio,Alamo Heights,Hood 4 Photo File,,images/hoods/san-antonio--alamo-heights.webp
San Antonio,Alamo Heights,Hood 4 Photo Credit,,"https://commons.wikimedia.org/wiki/File:Alamo_Heights,_San_Antonio,_TX,_USA_-_panoramio.jpg"
San Cristóbal de las Casas,hero,City Photo File,images/cities/san-crist-bal-de-las-casas.jpg,images/cities/san-crist-bal-de-las-casas.webp
San Cristóbal de las Casas,hero,City Photo Credit,https://commons.wikimedia.org/wiki/File:Montaje_de_San_Crist%C3%B3bal_de_Las_Casas.jpg,https://commons.wikimedia.org/wiki/File:KioskMainPlazaSanCris.JPG
San Cristóbal de las Casas,Centro Histórico,Hood 1 Photo File,,images/hoods/san-cristobal-de-las-casas--centro-historico.webp
San Cristóbal de las Casas,Centro Histórico,Hood 1 Photo Credit,,"https://commons.wikimedia.org/wiki/File:Sede_del_Centro_de_Investigaciones_Multidisciplinarias_sobre_Chiapas_y_la_Frontera_Sur,_San_Crist%C3%B3bal_de_Las_Casas.jpg"
San Cristóbal de las Casas,Real de Guadalupe,Hood 2 Photo File,,images/hoods/san-cristobal-de-las-casas--real-de-guadalupe.webp
San Cristóbal de las Casas,Real de Guadalupe,Hood 2 Photo Credit,,https://commons.wikimedia.org/wiki/File:RealGuadalupeSanCris.JPG
San Cristóbal de las Casas,Barrio de Guadalupe,Hood 3 Photo File,,images/hoods/san-cristobal-de-las-casas--barrio-de-guadalupe.webp
San Cristóbal de las Casas,Barrio de Guadalupe,Hood 3 Photo Credit,,"https://commons.wikimedia.org/wiki/File:Barrio_de_Guadalupe_durante_la_celebraci%C3%B3n_del_12_de_diciembre_de_2014,_Aguascalientes_11.JPG"
San Cristóbal de las Casas,Barrio de Santa Lucía,Hood 4 Photo File,,images/hoods/san-cristobal-de-las-casas--barrio-de-santa-lucia.webp
San Cristóbal de las Casas,Barrio de Santa Lucía,Hood 4 Photo Credit,,https://commons.wikimedia.org/wiki/File:Vitoria_-_Santa_Luc%C3%ADa.jpg
San Cristóbal de las Casas,Barrio del Cerrillo,Hood 5 Photo File,,images/hoods/san-cristobal-de-las-casas--barrio-del-cerrillo.webp
San Cristóbal de las Casas,Barrio del Cerrillo,Hood 5 Photo Credit,,https://commons.wikimedia.org/wiki/File:Convento_Santo_Domingo_01_ID_12_DBannasch.jpg
San Diego,hero,City Photo File,images/cities/san-diego.jpg,images/cities/san-diego.webp
San Diego,hero,City Photo Credit,https://commons.wikimedia.org/wiki/File:La_Jolla_Shores_view_%28cropped%29.jpg,https://commons.wikimedia.org/wiki/File:Mission_Bay_at_Bahia_Point_Beach_-_San_Diego.jpg
San Diego,Gaslamp Quarter (Downtown),Hood 1 Photo File,,images/hoods/san-diego--gaslamp-quarter-downtown.webp
San Diego,Gaslamp Quarter (Downtown),Hood 1 Photo Credit,,https://commons.wikimedia.org/wiki/File:Dell_advertising_during_SDCCI_2018.jpg
San Diego,La Jolla,Hood 2 Photo File,,images/hoods/san-diego--la-jolla.webp
San Diego,La Jolla,Hood 2 Photo Credit,,"https://commons.wikimedia.org/wiki/File:Grapefruit_sorbet,_finger_lime_(11111788995).jpg"
San Diego,Little Italy,Hood 3 Photo File,,images/hoods/san-diego--little-italy.webp
San Diego,Little Italy,Hood 3 Photo Credit,,"https://commons.wikimedia.org/wiki/File:Little_Italy,_San_Diego,_CA_92101,_USA_-_panoramio_(5).jpg"
San Diego,North Park,Hood 4 Photo File,,images/hoods/san-diego--north-park.webp
San Diego,North Park,Hood 4 Photo Credit,,https://commons.wikimedia.org/wiki/File:Choose_(15853086440).jpg
San Diego,Coronado,Hood 5 Photo File,,images/hoods/san-diego--coronado.webp
San Diego,Coronado,Hood 5 Photo Credit,,https://www.flickr.com/photos/54771565@N03/46159840974/
San Francisco,hero,City Photo File,images/cities/san-francisco.jpg,images/cities/san-francisco.webp
San Francisco,Mission District,Hood 1 Photo File,images/hoods/san-francisco--mission-district.jpg,images/hoods/san-francisco--mission-district.webp
San Francisco,Haight-Ashbury,Hood 2 Photo File,images/hoods/san-francisco--haight-ashbury.jpg,images/hoods/san-francisco--haight-ashbury.webp
San Francisco,Haight-Ashbury,Hood 2 Photo Credit,https://commons.wikimedia.org/wiki/File:SF_Haight_Ashbury_2_CA.jpg,"https://commons.wikimedia.org/wiki/File:1550_Page_St.,_San_Francisco,_CA_3-4-2012_4-13-37_PM.JPG"
San Francisco,Nob Hill,Hood 3 Photo File,images/hoods/san-francisco--nob-hill.jpg,images/hoods/san-francisco--nob-hill.webp
San Francisco,Chinatown,Hood 4 Photo File,images/hoods/san-francisco--chinatown.jpg,images/hoods/san-francisco--chinatown.webp
San Francisco,The Castro,Hood 5 Photo File,images/hoods/san-francisco--the-castro.jpg,images/hoods/san-francisco--the-castro.webp
San José,hero,City Photo File,images/cities/san-jos.jpg,images/cities/san-jos.webp
San José,Barrio Escalante,Hood 2 Photo File,,images/hoods/san-jose--barrio-escalante.webp
San José,Barrio Escalante,Hood 2 Photo Credit,,https://commons.wikimedia.org/wiki/File:Km4_moran.JPG
San José,Escazú,Hood 3 Photo File,,images/hoods/san-jose--escazu.webp
San José,Escazú,Hood 3 Photo Credit,,"https://commons.wikimedia.org/wiki/File:Iglesia_San_Rafael,_Lent_2009_-_panoramio.jpg"
San José,Paseo Colón/Sabana,Hood 4 Photo File,,images/hoods/san-jose--paseo-colon-sabana.webp
San José,Paseo Colón/Sabana,Hood 4 Photo Credit,,"https://commons.wikimedia.org/wiki/File:Paseo_Col%C3%B3n,_La_Esquina_m%C3%A1s_ruidosa_-_panoramio.jpg"
San José,Los Yoses/San Pedro,Hood 5 Photo File,,images/hoods/san-jose--los-yoses-san-pedro.webp
San José,Los Yoses/San Pedro,Hood 5 Photo Credit,,https://commons.wikimedia.org/wiki/File:Fatima-2.jpg
San Juan,hero,City Photo File,images/cities/san-juan.jpg,images/cities/san-juan.webp
San Juan,Old San Juan (Viejo San Juan),Hood 1 Photo File,,images/hoods/san-juan--old-san-juan-viejo-san-juan.webp
San Juan,Old San Juan (Viejo San Juan),Hood 1 Photo Credit,,https://commons.wikimedia.org/wiki/File:Bastion_San_Antonio_garita_1_-_San_Juan_NHS_Puerto_Rico.jpg
San Juan,Condado,Hood 2 Photo File,,images/hoods/san-juan--condado.webp
San Juan,Condado,Hood 2 Photo Credit,,https://commons.wikimedia.org/wiki/File:La_Palma_del_Condado_135.jpg
San Juan,Santurce,Hood 3 Photo File,,images/hoods/san-juan--santurce.webp
San Juan,Santurce,Hood 3 Photo Credit,,https://commons.wikimedia.org/wiki/File:2016-366-41_Free_to_Leave_(24832563552).jpg
San Juan,Isla Verde,Hood 4 Photo File,,images/hoods/san-juan--isla-verde.webp
San Juan,Isla Verde,Hood 4 Photo Credit,,"https://commons.wikimedia.org/wiki/File:Vista_Aerea,_Hoteles_,_Carretera_hacia_Pi%C3%B1ones,_Isla_Verde,_Ya_Aterrizando_en_el_aereopuerto_Luis_Mu%C3%B1os_Mar%C3%ADn_,_P.R._-_panoramio.jpg"
San Juan,Miramar,Hood 5 Photo File,,images/hoods/san-juan--miramar.webp
San Juan,Miramar,Hood 5 Photo Credit,,"https://commons.wikimedia.org/wiki/File:Laguna_del_Condado,_obelisco_de_Baldorioty.jpg"
San Marino,hero,City Photo File,images/cities/san-marino.jpg,images/cities/san-marino.webp
San Marino,Città di San Marino (Historic Center),Hood 1 Photo File,images/hoods/san-marino--citta-di-san-marino-historic-center.jpg,images/hoods/san-marino--citta-di-san-marino-historic-center.webp
San Marino,Borgo Maggiore,Hood 2 Photo File,images/hoods/san-marino--borgo-maggiore.jpg,images/hoods/san-marino--borgo-maggiore.webp
San Marino,Dogana,Hood 3 Photo File,images/hoods/san-marino--dogana.jpg,images/hoods/san-marino--dogana.webp
San Marino,Domagnano,Hood 4 Photo File,images/hoods/san-marino--domagnano.jpg,images/hoods/san-marino--domagnano.webp
San Pedro de Atacama,hero,City Photo File,images/cities/san-pedro-de-atacama.jpg,images/cities/san-pedro-de-atacama.webp
San Pedro de Atacama,Ayllu de Solcor,Hood 2 Photo File,images/hoods/san-pedro-de-atacama--ayllu-de-solcor.jpg,images/hoods/san-pedro-de-atacama--ayllu-de-solcor.webp
San Pedro Sula,hero,City Photo File,images/cities/san-pedro-sula.jpg,images/cities/san-pedro-sula.webp
San Pedro Sula,hero,City Photo Credit,https://commons.wikimedia.org/wiki/File:Collage_of_San_Pedro_Sula_Honduras.jpg,https://commons.wikimedia.org/wiki/File:San_Pedro_Sula_Cathedral.jpg
San Pedro Sula,Barrio El Centro,Hood 1 Photo File,,images/hoods/san-pedro-sula--barrio-el-centro.webp
San Pedro Sula,Barrio El Centro,Hood 1 Photo Credit,,"https://commons.wikimedia.org/wiki/File:Calle_Arones_395,_Barrio_San_Pedro.jpg"
San Pedro Sula,Jardines del Valle,Hood 4 Photo File,,images/hoods/san-pedro-sula--jardines-del-valle.webp
San Pedro Sula,Jardines del Valle,Hood 4 Photo Credit,,https://commons.wikimedia.org/wiki/File:Santa_Rita_(azulejo).jpg
San Pedro Sula,Barrio Los Andes,Hood 5 Photo File,,images/hoods/san-pedro-sula--barrio-los-andes.webp
San Pedro Sula,Barrio Los Andes,Hood 5 Photo Credit,,https://commons.wikimedia.org/wiki/File:Casa_Colectiva_Parque_Los_Andes_03.JPG
San Salvador,hero,City Photo File,images/cities/san-salvador.jpg,images/cities/san-salvador.webp
San Salvador,Zona Rosa / San Benito,Hood 1 Photo File,,images/hoods/san-salvador--zona-rosa-san-benito.webp
San Salvador,Zona Rosa / San Benito,Hood 1 Photo Credit,,https://commons.wikimedia.org/wiki/File:Monumento_Inca_Garcilaso.jpg
San Salvador,Colonia Escalón,Hood 2 Photo File,,images/hoods/san-salvador--colonia-escalon.webp
San Salvador,Colonia Escalón,Hood 2 Photo Credit,,https://commons.wikimedia.org/wiki/File:Desde_la_azotea_de_Plaza_Villavicencio_-_Colonia_Escal%C3%B3n_-_panoramio.jpg
San Salvador,Centro Histórico,Hood 3 Photo File,,images/hoods/san-salvador--centro-historico.webp
San Salvador,Centro Histórico,Hood 3 Photo Credit,,"https://commons.wikimedia.org/wiki/File:Centro_Hist%C3%B3rico_de_San_Salvador,_El_Salvador.JPG"
San Salvador,Santa Elena / Antiguo Cuscatlán,Hood 5 Photo File,,images/hoods/san-salvador--santa-elena-antiguo-cuscatlan.webp
San Salvador,Santa Elena / Antiguo Cuscatlán,Hood 5 Photo Credit,,https://commons.wikimedia.org/wiki/File:Embajadora_Manes_visita_San_Vicente_(32092794164).jpg
San Sebastián,hero,City Photo File,images/cities/san-sebasti-n.jpg,images/cities/san-sebasti-n.webp
San Sebastián,Parte Vieja (Old Town),Hood 1 Photo File,,images/hoods/san-sebastian--parte-vieja-old-town.webp
San Sebastián,Parte Vieja (Old Town),Hood 1 Photo Credit,,https://commons.wikimedia.org/wiki/File:Donostia_-_carrer_a_la_ciutat_vella_20180801_161751.jpg
San Sebastián,Centro (Área Romántica),Hood 2 Photo File,,images/hoods/san-sebastian--centro-area-romantica.webp
San Sebastián,Centro (Área Romántica),Hood 2 Photo Credit,,https://commons.wikimedia.org/wiki/File:Clara_Campoamorri_eskainitako_eskultura.jpg
San Sebastián,Gros,Hood 3 Photo File,,images/hoods/san-sebastian--gros.webp
San Sebastián,Gros,Hood 3 Photo Credit,,"https://commons.wikimedia.org/wiki/File:Gros_Islet,_Saint_Lucia_(2024-05-28-14-00-22_UMBRA-04).tiff"
San Sebastián,Antiguo,Hood 4 Photo File,,images/hoods/san-sebastian--antiguo.webp
San Sebastián,Antiguo,Hood 4 Photo Credit,,https://commons.wikimedia.org/wiki/File:Parroquia_la_Antigua_photo2.jpg
San Sebastián,Amara,Hood 5 Photo File,,images/hoods/san-sebastian--amara.webp
San Sebastián,Amara,Hood 5 Photo Credit,,https://commons.wikimedia.org/wiki/File:1313_Errota_Berri_baserria_margolana_(34784795293).jpg
Sana'a,hero,City Photo File,images/cities/sana-a.jpg,images/cities/sana-a.webp
Sana'a,Old City,Hood 1 Photo File,,images/hoods/sana-a--old-city.webp
Sana'a,Old City,Hood 1 Photo Credit,,https://commons.wikimedia.org/wiki/File:10_S._2nd_Street.jpg
Sana'a,Hadda,Hood 3 Photo File,,images/hoods/sana-a--hadda.webp
Sana'a,Hadda,Hood 3 Photo Credit,,"https://commons.wikimedia.org/wiki/File:Hadda_Street,_Sana%27a_-_panoramio.jpg"
Sana'a,Al-Sabeen,Hood 5 Photo File,,images/hoods/sana-a--al-sabeen.webp
Sana'a,Al-Sabeen,Hood 5 Photo Credit,,"https://commons.wikimedia.org/wiki/File:Al_Sabeen,_Sana%27a,_Yemen_-_panoramio_-_%D8%A7%D9%84%D8%AF%D9%8A%D8%A7%D9%86%D9%8A.jpg"
Santa Cruz de la Sierra,hero,City Photo File,images/cities/santa-cruz-de-la-sierra.jpg,images/cities/santa-cruz-de-la-sierra.webp
Santa Cruz de la Sierra,Centro (Casco Viejo),Hood 1 Photo File,,images/hoods/santa-cruz-de-la-sierra--centro-casco-viejo.webp
Santa Cruz de la Sierra,Centro (Casco Viejo),Hood 1 Photo Credit,,https://commons.wikimedia.org/wiki/File:Banco_de_la_Naci%C3%B3n_y_Consulado_Argentino_en_Santa_Cruz_de_la_Sierra_-_panoramio.jpg
Santa Cruz de la Sierra,Equipetrol,Hood 2 Photo File,,images/hoods/santa-cruz-de-la-sierra--equipetrol.webp
Santa Cruz de la Sierra,Equipetrol,Hood 2 Photo Credit,,"https://commons.wikimedia.org/wiki/File:Ventura_Mall,_San_Cruz.jpg"
Santa Cruz de la Sierra,Urubo (Colinas del Urubo),Hood 4 Photo File,,images/hoods/santa-cruz-de-la-sierra--urubo-colinas-del-urubo.webp
Santa Cruz de la Sierra,Urubo (Colinas del Urubo),Hood 4 Photo Credit,,https://commons.wikimedia.org/wiki/File:Buho_Athene_cunicularia.png
Santa Cruz de la Sierra,Zona Norte,Hood 5 Photo File,,images/hoods/santa-cruz-de-la-sierra--zona-norte.webp
Santa Cruz de la Sierra,Zona Norte,Hood 5 Photo Credit,,"https://commons.wikimedia.org/wiki/File:Bairro_Flamboyant_no_bairro_Minas_Gerais,_Zona_Norte_de_Uberl%C3%A2ndia.jpg"
Santa Cruz de Tenerife,hero,City Photo File,images/cities/santa-cruz-de-tenerife.jpg,images/cities/santa-cruz-de-tenerife.webp
Santa Cruz de Tenerife,Zona Centro,Hood 1 Photo File,,images/hoods/santa-cruz-de-tenerife--zona-centro.webp
Santa Cruz de Tenerife,Zona Centro,Hood 1 Photo Credit,,https://commons.wikimedia.org/wiki/File:Calle_Castillo.JPG
Santa Cruz de Tenerife,Los Llanos,Hood 2 Photo File,,images/hoods/santa-cruz-de-tenerife--los-llanos.webp
Santa Cruz de Tenerife,Los Llanos,Hood 2 Photo Credit,,"https://commons.wikimedia.org/wiki/File:Los_Llanos_de_Aridane,_Santa_Cruz_de_Tenerife,_Canary_Islands,_Spain_(CAPELLA_C10_SP_GEO_HH_20240803010929_20240803010957).tiff"
Santa Cruz de Tenerife,La Salle,Hood 3 Photo File,,images/hoods/santa-cruz-de-tenerife--la-salle.webp
Santa Cruz de Tenerife,La Salle,Hood 3 Photo Credit,,"https://commons.wikimedia.org/wiki/File:Izquierda_Unida_Canaria,_antigua_sede.jpg"
Santa Cruz de Tenerife,San Andres & Las Teresitas,Hood 4 Photo File,,images/hoods/santa-cruz-de-tenerife--san-andres-las-teresitas.webp
Santa Cruz de Tenerife,San Andres & Las Teresitas,Hood 4 Photo Credit,,https://commons.wikimedia.org/wiki/File:Cementerio_de_San_Andres_Teneriffe.jpg
Santa Cruz de Tenerife,San Cristobal de La Laguna,Hood 5 Photo File,,images/hoods/santa-cruz-de-tenerife--san-cristobal-de-la-laguna.webp
Santa Cruz de Tenerife,San Cristobal de La Laguna,Hood 5 Photo Credit,,https://commons.wikimedia.org/wiki/File:At_Tenerife_2019_643.jpg
Santa Marta,hero,City Photo File,images/cities/santa-marta.jpg,images/cities/santa-marta.webp
Santa Marta,Centro Histórico,Hood 1 Photo File,,images/hoods/santa-marta--centro-historico.webp
Santa Marta,Centro Histórico,Hood 1 Photo Credit,,https://commons.wikimedia.org/wiki/File:2019_Santa_Marta_-_Casas_en_el_Centro_hist%C3%B3rico_-_Calle_19_con_carrera_6.jpg
Santa Marta,El Rodadero,Hood 2 Photo File,,images/hoods/santa-marta--el-rodadero.webp
Santa Marta,El Rodadero,Hood 2 Photo Credit,,https://commons.wikimedia.org/wiki/File:Isla_pelicano_santa_marta.png
Santa Marta,Taganga,Hood 3 Photo File,,images/hoods/santa-marta--taganga.webp
Santa Marta,Taganga,Hood 3 Photo Credit,,"https://commons.wikimedia.org/wiki/File:20251105_Pa%C3%ADs_de_la_Belleza-_IV_Cumbre_CELAC-_UE,_Santa_Marta_Juan_Cano.jpg"
Santa Marta,Pozos Colorados,Hood 5 Photo File,,images/hoods/santa-marta--pozos-colorados.webp
Santa Marta,Pozos Colorados,Hood 5 Photo Credit,,https://commons.wikimedia.org/wiki/File:Sankta_Marta_-_Feb_2015_1_-_1.jpg
Santander,hero,City Photo File,images/cities/santander.jpg,images/cities/santander.webp
Santander,Centro,Hood 1 Photo File,,images/hoods/santander--centro.webp
Santander,Centro,Hood 1 Photo Credit,,https://commons.wikimedia.org/wiki/File:Centro_Bot%C3%ADn_de_Arte_y_Cultura_3.jpg
Santander,Puertochico,Hood 2 Photo File,,images/hoods/santander--puertochico.webp
Santander,Puertochico,Hood 2 Photo Credit,,https://commons.wikimedia.org/wiki/File:Cantabria._Puerto_Chico_Port._Street_lamp._Santander_(3379202271).jpg
Santander,El Sardinero,Hood 4 Photo File,,images/hoods/santander--el-sardinero.webp
Santander,El Sardinero,Hood 4 Photo Credit,,https://commons.wikimedia.org/wiki/File:Football-recycling-bin-Santander.jpg
Santiago,hero,City Photo File,images/cities/santiago.jpg,images/cities/santiago.webp
Santiago,Providencia,Hood 1 Photo File,images/hoods/santiago--providencia.jpg,images/hoods/santiago--providencia.webp
Santiago,Las Condes,Hood 2 Photo File,images/hoods/santiago--las-condes.jpg,images/hoods/santiago--las-condes.webp
Santiago,Bellavista,Hood 3 Photo File,images/hoods/santiago--bellavista.jpg,images/hoods/santiago--bellavista.webp
Santiago,Vitacura,Hood 4 Photo File,images/hoods/santiago--vitacura.jpg,images/hoods/santiago--vitacura.webp
Santiago,Nunoa,Hood 5 Photo File,images/hoods/santiago--nunoa.jpg,images/hoods/santiago--nunoa.webp
Santiago,Nunoa,Hood 5 Photo Credit,https://commons.wikimedia.org/wiki/File:Municipalidad_Plaza_%C3%91u%C3%B1oa_-_A740218.jpg,"https://commons.wikimedia.org/wiki/File:Cuartel_General_de_Bomberos,_%C3%91u%C3%B1oa_-_A740192.jpg"
Santiago de Compostela,hero,City Photo File,images/cities/santiago-de-compostela.jpg,images/cities/santiago-de-compostela.webp
Santiago de Compostela,Casco Histórico (Old Town),Hood 1 Photo File,,images/hoods/santiago-de-compostela--casco-historico-old-town.webp
Santiago de Compostela,Casco Histórico (Old Town),Hood 1 Photo Credit,,https://commons.wikimedia.org/wiki/File:Convento_das_Concepcionistas.jpg
Santiago de Compostela,San Lázaro,Hood 3 Photo File,,images/hoods/santiago-de-compostela--san-lazaro.webp
Santiago de Compostela,San Lázaro,Hood 3 Photo Credit,,"https://commons.wikimedia.org/wiki/File:Iglesia_de_San_L%C3%A1zaro,_Santiago_de_Compostela_02.jpg"
Santiago de Compostela,Fontiñas,Hood 5 Photo File,,images/hoods/santiago-de-compostela--fontinas.webp
Santiago de Compostela,Fontiñas,Hood 5 Photo Credit,,https://commons.wikimedia.org/wiki/File:2026._Bar_Pamp%C3%ADn._Ruela_das_Fonti%C3%B1as._Santiago_de_Compostela.jpg
Santiago de Cuba,hero,City Photo File,images/cities/santiago-de-cuba.jpg,images/cities/santiago-de-cuba.webp
Santiago de Cuba,Centro Historico,Hood 1 Photo File,,images/hoods/santiago-de-cuba--centro-historico.webp
Santiago de Cuba,Centro Historico,Hood 1 Photo Credit,,https://commons.wikimedia.org/wiki/File:Cross_section_of_buildings_in_Centro_Historico_Vitoria_1.jpg
Santiago de Cuba,Tivoli,Hood 2 Photo File,,images/hoods/santiago-de-cuba--tivoli.webp
Santiago de Cuba,Tivoli,Hood 2 Photo Credit,,https://commons.wikimedia.org/wiki/File:Casa_de_las_Tradiciones_294A5261_Stgo_Cuba.jpg
Santiago de Cuba,Vista Alegre,Hood 3 Photo File,,images/hoods/santiago-de-cuba--vista-alegre.webp
Santiago de Cuba,Vista Alegre,Hood 3 Photo Credit,,"https://commons.wikimedia.org/wiki/File:R._Manduley_Avenue,_Vista_Alegre_-_Santiago_de_Cuba,_asset_l1klXPLUIWhKkfoVqo21pNls.jpg"
Santiago de Cuba,Sueno,Hood 4 Photo File,,images/hoods/santiago-de-cuba--sueno.webp
Santiago de Cuba,Sueno,Hood 4 Photo Credit,,https://commons.wikimedia.org/wiki/File:Solar_panels_in_Santiago_de_Cuba_2026-07.jpg
Santiago de Querétaro,hero,City Photo File,images/cities/santiago-de-quer-taro.jpg,images/cities/santiago-de-quer-taro.webp
Santiago de Querétaro,Centro Histórico,Hood 1 Photo File,,images/hoods/santiago-de-queretaro--centro-historico.webp
Santiago de Querétaro,Centro Histórico,Hood 1 Photo Credit,,https://commons.wikimedia.org/wiki/File:Escultura_de_Leonardo_Nierman_en_Quer%C3%A9taro.jpg
Santiago de Querétaro,Barrio de la Cruz,Hood 2 Photo File,,images/hoods/santiago-de-queretaro--barrio-de-la-cruz.webp
Santiago de Querétaro,Barrio de la Cruz,Hood 2 Photo Credit,,"https://commons.wikimedia.org/wiki/File:Murales_alrededor_del_Pante%C3%B3n_de_la_Cruz,_barrio_de_Guadalupe_18.jpg"
Santiago de Querétaro,Alameda Hidalgo,Hood 3 Photo File,,images/hoods/santiago-de-queretaro--alameda-hidalgo.webp
Santiago de Querétaro,Alameda Hidalgo,Hood 3 Photo Credit,,https://commons.wikimedia.org/wiki/File:Alameda_Miguel_Hidalgo_Santiago_de_Quer%C3%A9taro.jpg
Santiago de Querétaro,Juriquilla,Hood 5 Photo File,,images/hoods/santiago-de-queretaro--juriquilla.webp
Santiago de Querétaro,Juriquilla,Hood 5 Photo Credit,,https://commons.wikimedia.org/wiki/File:Centro_de_F%C3%ADsica_Aplicada_y_Tecnolog%C3%ADa_Avanzada_(UNAM).jpg
Santo Domingo,hero,City Photo File,images/cities/santo-domingo.jpg,images/cities/santo-domingo.webp
Santo Domingo,Zona Colonial,Hood 1 Photo File,,images/hoods/santo-domingo--zona-colonial.webp
Santo Domingo,Zona Colonial,Hood 1 Photo Credit,,https://commons.wikimedia.org/wiki/File:Julia_de_Burgos_Santo_Domingo.jpg
Santo Domingo,Gazcue,Hood 2 Photo File,,images/hoods/santo-domingo--gazcue.webp
Santo Domingo,Gazcue,Hood 2 Photo Credit,,https://commons.wikimedia.org/wiki/File:Palacio_Nacional_Republica_Dominicana_06_2018_8848.jpg
Santo Domingo,Naco,Hood 4 Photo File,,images/hoods/santo-domingo--naco.webp
Santo Domingo,Naco,Hood 4 Photo Credit,,"https://commons.wikimedia.org/wiki/File:Exterior,_Border_Patrol_Station,_Naco,_Arizona_LCCN2010719666.tif"
Santo Domingo,Malecón / Bella Vista,Hood 5 Photo File,,images/hoods/santo-domingo--malecon-bella-vista.webp
Santo Domingo,Malecón / Bella Vista,Hood 5 Photo Credit,,https://commons.wikimedia.org/wiki/File:Hilton_Hotel_during_tropical_storm_-_panoramio.jpg
Santorini,hero,City Photo File,images/cities/santorini.jpg,images/cities/santorini.webp
Santorini,hero,City Photo Credit,https://commons.wikimedia.org/wiki/File:Sunset_Santorini_Greece.jpg,https://commons.wikimedia.org/wiki/File:1000_Three_domes_of_Oia_in_Santorini_Photo_by_Giles_Laurent.jpg
Santorini,Fira,Hood 1 Photo File,,images/hoods/santorini--fira.webp
Santorini,Fira,Hood 1 Photo Credit,,https://commons.wikimedia.org/wiki/File:%22Fira_-_Santorins_malerische_Hauptstadt%22._05.jpg
Santorini,Oia,Hood 2 Photo File,,images/hoods/santorini--oia.webp
Santorini,Oia,Hood 2 Photo Credit,,"https://commons.wikimedia.org/wiki/File:Santorini,_Greece_(38409532571).jpg"
Santorini,Imerovigli,Hood 3 Photo File,,images/hoods/santorini--imerovigli.webp
Santorini,Imerovigli,Hood 3 Photo Credit,,https://commons.wikimedia.org/wiki/File:Imerovigli_al_tramonto_-_panoramio.jpg
Santorini,Kamari / Perissa,Hood 4 Photo File,,images/hoods/santorini--kamari-perissa.webp
Santorini,Kamari / Perissa,Hood 4 Photo Credit,,https://commons.wikimedia.org/wiki/File:Kamari_05.jpg
Santorini,Firostefani,Hood 5 Photo File,,images/hoods/santorini--firostefani.webp
Santorini,Firostefani,Hood 5 Photo Credit,,"https://commons.wikimedia.org/wiki/File:Santorini,_Route_9,_22M8922,_Firostefani_and_Fira.jpg"
Sanya,hero,City Photo File,images/cities/sanya.jpg,images/cities/sanya.webp
Sanya,Dadonghai,Hood 1 Photo File,,images/hoods/sanya--dadonghai.webp
Sanya,Dadonghai,Hood 1 Photo Credit,,https://commons.wikimedia.org/wiki/File:Sanya_Dadonghay_Mandarin_Oriental_-_panoramio_(1).jpg
Sanya,Yalong Bay,Hood 2 Photo File,,images/hoods/sanya--yalong-bay.webp
Sanya,Yalong Bay,Hood 2 Photo Credit,,https://commons.wikimedia.org/wiki/File:%E7%99%BE%E8%8A%B1%E8%B0%B7_La_Floret_-_panoramio.jpg
Sanya,Sanya Bay,Hood 3 Photo File,,images/hoods/sanya--sanya-bay.webp
Sanya,Sanya Bay,Hood 3 Photo Credit,,https://commons.wikimedia.org/wiki/File:Sanya_-_panoramio_(1).jpg
Sanya,Haitang Bay,Hood 4 Photo File,,images/hoods/sanya--haitang-bay.webp
Sanya,Haitang Bay,Hood 4 Photo Credit,,"https://commons.wikimedia.org/wiki/File:Haitang,_Sanya,_Hainan,_China_-_panoramio_(1).jpg"
Sapporo,hero,City Photo File,images/cities/sapporo.jpg,images/cities/sapporo.webp
Sapporo,Susukino,Hood 1 Photo File,images/hoods/sapporo--susukino.jpg,images/hoods/sapporo--susukino.webp
Sapporo,Odori,Hood 2 Photo File,images/hoods/sapporo--odori.jpg,images/hoods/sapporo--odori.webp
Sapporo,Chuo,Hood 3 Photo File,,images/hoods/sapporo--chuo.webp
Sapporo,Chuo,Hood 3 Photo Credit,,https://commons.wikimedia.org/wiki/File:Sapporo_-_Sapporo7175.jpg
Sapporo,Maruyama,Hood 4 Photo File,images/hoods/sapporo--maruyama.jpg,images/hoods/sapporo--maruyama.webp
Sapporo,Kita (Station area),Hood 5 Photo File,,images/hoods/sapporo--kita-station-area.webp
Sapporo,Kita (Station area),Hood 5 Photo Credit,,https://commons.wikimedia.org/wiki/File:Hokkaido_University_in_Winter_-_panoramio_(1).jpg
Sarajevo,hero,City Photo File,images/cities/sarajevo.jpg,images/cities/sarajevo.webp
Sarajevo,Baščaršija,Hood 1 Photo File,images/hoods/sarajevo--bascarsija.jpg,images/hoods/sarajevo--bascarsija.webp
Sarajevo,Marijin Dvor,Hood 2 Photo File,images/hoods/sarajevo--marijin-dvor.jpg,images/hoods/sarajevo--marijin-dvor.webp
Sarajevo,Centar (Ferhadija),Hood 3 Photo File,images/hoods/sarajevo--centar-ferhadija.jpg,images/hoods/sarajevo--centar-ferhadija.webp
Sarajevo,Vratnik,Hood 4 Photo File,images/hoods/sarajevo--vratnik.jpg,images/hoods/sarajevo--vratnik.webp
Sarajevo,Ilidža,Hood 5 Photo File,images/hoods/sarajevo--ilidza.jpg,images/hoods/sarajevo--ilidza.webp
Saskatoon,hero,City Photo File,images/cities/saskatoon.jpg,images/cities/saskatoon.webp
Saskatoon,Downtown,Hood 1 Photo File,,images/hoods/saskatoon--downtown.webp
Saskatoon,Downtown,Hood 1 Photo Credit,,"https://commons.wikimedia.org/wiki/File:Central_Business_District,_23rd_St_E,_Saskatoon_(505690)_(25993032242).jpg"
Saskatoon,City Park,Hood 2 Photo File,,images/hoods/saskatoon--city-park.webp
Saskatoon,City Park,Hood 2 Photo Credit,,https://commons.wikimedia.org/wiki/File:Spadina_Crescent_Bridge.jpg
Savonlinna,hero,City Photo File,images/cities/savonlinna.jpg,images/cities/savonlinna.webp
Savonlinna,Keskusta,Hood 1 Photo File,,images/hoods/savonlinna--keskusta.webp
Savonlinna,Keskusta,Hood 1 Photo Credit,,"https://commons.wikimedia.org/wiki/File:Jussilantie,_Kerava_C_DSC00098.JPG"
Savonlinna,Kyrönniemi,Hood 2 Photo File,,images/hoods/savonlinna--kyronniemi.webp
Savonlinna,Kyrönniemi,Hood 2 Photo Credit,,https://commons.wikimedia.org/wiki/File:Tena_tent_1967_(JOKAUAS2_14366-12).tif
Savonlinna,Kasinonsaari,Hood 3 Photo File,,images/hoods/savonlinna--kasinonsaari.webp
Savonlinna,Kasinonsaari,Hood 3 Photo Credit,,https://commons.wikimedia.org/wiki/File:View_from_Kasinonsaari_over_Koululahti_to_the_southeast.tif
Savonlinna,Pihlajaniemi,Hood 4 Photo File,,images/hoods/savonlinna--pihlajaniemi.webp
Savonlinna,Pihlajaniemi,Hood 4 Photo Credit,,https://commons.wikimedia.org/wiki/File:Talvikangas_School_Oulu_20250614_04.jpg
Savonlinna,Pihlajaniemi,Hood 5 Photo File,,images/hoods/savonlinna--pihlajaniemi.webp
Savonlinna,Pihlajaniemi,Hood 5 Photo Credit,,https://commons.wikimedia.org/wiki/File:Talvikangas_School_Oulu_20250614_04.jpg
Scottsdale,hero,City Photo File,images/cities/scottsdale.jpg,images/cities/scottsdale.webp
Scottsdale,Old Town Scottsdale,Hood 1 Photo File,,images/hoods/scottsdale--old-town-scottsdale.webp
Scottsdale,Old Town Scottsdale,Hood 1 Photo Credit,,"https://commons.wikimedia.org/wiki/File:Scottsdale,_Arizona,_USA_-_panoramio_(1).jpg"
Scottsdale,North Scottsdale,Hood 2 Photo File,,images/hoods/scottsdale--north-scottsdale.webp
Scottsdale,North Scottsdale,Hood 2 Photo Credit,,"https://commons.wikimedia.org/wiki/File:North_Scottsdale,_Scottsdale,_AZ,_USA_-_panoramio.jpg"
Scottsdale,McCormick Ranch,Hood 3 Photo File,,images/hoods/scottsdale--mccormick-ranch.webp
Scottsdale,McCormick Ranch,Hood 3 Photo Credit,,https://commons.wikimedia.org/wiki/File:McCormick_Ranch_Entrance_-_Scottsdale_Rd.jpg
Scottsdale,Gainey Ranch,Hood 4 Photo File,,images/hoods/scottsdale--gainey-ranch.webp
Scottsdale,Gainey Ranch,Hood 4 Photo Credit,,https://commons.wikimedia.org/wiki/File:Supra_(19375818800).jpg
Scottsdale,South Scottsdale,Hood 5 Photo File,,images/hoods/scottsdale--south-scottsdale.webp
Scottsdale,South Scottsdale,Hood 5 Photo Credit,,"https://commons.wikimedia.org/wiki/File:Transmission_Towers_-_Guelph,_Ontario_2020-06-19.jpg"
Seattle,hero,City Photo File,images/cities/seattle.jpg,images/cities/seattle.webp
Seattle,Downtown / Pike Place,Hood 1 Photo File,,images/hoods/seattle--downtown-pike-place.webp
Seattle,Downtown / Pike Place,Hood 1 Photo Credit,,"https://commons.wikimedia.org/wiki/File:%27Christmas_in_Seattle%27_event_brochure,_1977_(51768841797).jpg"
Seattle,Capitol Hill,Hood 2 Photo File,,images/hoods/seattle--capitol-hill.webp
Seattle,Capitol Hill,Hood 2 Photo Credit,,"https://commons.wikimedia.org/wiki/File:December_28,_2022,_Seattle_-_001.jpg"
Seattle,Belltown,Hood 3 Photo File,,images/hoods/seattle--belltown.webp
Seattle,Belltown,Hood 3 Photo Credit,,https://commons.wikimedia.org/wiki/File:SIFF_Cinema_Downtown_April_2026_02.jpg
Seattle,Ballard,Hood 4 Photo File,,images/hoods/seattle--ballard.webp
Seattle,Ballard,Hood 4 Photo Credit,,https://commons.wikimedia.org/wiki/File:21_0513_-149_60th_Overlook_Park_Bench_View.jpg
Seattle,Fremont,Hood 5 Photo File,,images/hoods/seattle--fremont.webp
Seattle,Fremont,Hood 5 Photo Credit,,https://commons.wikimedia.org/wiki/File:Fremont_Brewing_Company_(14751922017).jpg
Selçuk,hero,City Photo File,images/cities/sel-uk.jpg,images/cities/sel-uk.webp
Selçuk,Selçuk Town Center,Hood 1 Photo File,,images/hoods/selcuk--selcuk-town-center.webp
Selçuk,Selçuk Town Center,Hood 1 Photo Credit,,https://commons.wikimedia.org/wiki/File:Sel%C3%A7uk_Castle_-_view_from_side_of_town_in_2011_3158.jpg
Selçuk,Şirince,Hood 2 Photo File,,images/hoods/selcuk--sirince.webp
Selçuk,Şirince,Hood 2 Photo Credit,,"https://commons.wikimedia.org/wiki/File:Aziz_John_Baptist_Kilisesi,_%C5%9Eirince_03.jpg"
Seoul,hero,City Photo File,images/cities/seoul.jpg,images/cities/seoul.webp
Seoul,Myeongdong,Hood 1 Photo File,images/hoods/seoul--myeongdong.jpg,images/hoods/seoul--myeongdong.webp
Seoul,Hongdae,Hood 2 Photo File,images/hoods/seoul--hongdae.jpg,images/hoods/seoul--hongdae.webp
Seoul,Gangnam,Hood 3 Photo File,images/hoods/seoul--gangnam.jpg,images/hoods/seoul--gangnam.webp
Seoul,Insadong,Hood 4 Photo File,images/hoods/seoul--insadong.jpg,images/hoods/seoul--insadong.webp
Seoul,Itaewon,Hood 5 Photo File,images/hoods/seoul--itaewon.jpg,images/hoods/seoul--itaewon.webp
Serekunda,hero,City Photo File,images/cities/serekunda.jpg,images/cities/serekunda.webp
Serekunda,hero,City Photo Credit,https://commons.wikimedia.org/wiki/File:Senegambia%2C_Serekunda_roundabout_2_Gambia_2025.jpg,https://commons.wikimedia.org/wiki/File:Serekunda_market.jpg
Serekunda,Kololi (Senegambia Strip),Hood 1 Photo File,,images/hoods/serekunda--kololi-senegambia-strip.webp
Serekunda,Kololi (Senegambia Strip),Hood 1 Photo Credit,,https://commons.wikimedia.org/wiki/File:-_panoramio_(5297).jpg
Serekunda,Kotu,Hood 2 Photo File,,images/hoods/serekunda--kotu.webp
Serekunda,Kotu,Hood 2 Photo Credit,,https://commons.wikimedia.org/wiki/File:Spur-winged_lapwing_(Vanellus_spinosus)_in_flight.jpg
Serekunda,Bakau,Hood 3 Photo File,,images/hoods/serekunda--bakau.webp
Serekunda,Bakau,Hood 3 Photo Credit,,https://commons.wikimedia.org/wiki/File:Bakau_fishermen_(14610939821).jpg
Serekunda,Fajara,Hood 4 Photo File,,images/hoods/serekunda--fajara.webp
Serekunda,Fajara,Hood 4 Photo Credit,,https://commons.wikimedia.org/wiki/File:Gambia_(463325256).jpg
Serekunda,Serekunda Market (Town Centre),Hood 5 Photo File,,images/hoods/serekunda--serekunda-market-town-centre.webp
Serekunda,Serekunda Market (Town Centre),Hood 5 Photo Credit,,"https://commons.wikimedia.org/wiki/File:Chilli_by_the_dozen,_Serrekunda_market,_The_Gambia_(6646713697).jpg"
Sergiyev Posad,hero,City Photo File,images/cities/sergiyev-posad.jpg,images/cities/sergiyev-posad.webp
Seville,hero,City Photo File,images/cities/seville.jpg,images/cities/seville.webp
Seville,Santa Cruz,Hood 1 Photo File,images/hoods/seville--santa-cruz.jpg,images/hoods/seville--santa-cruz.webp
Seville,Triana,Hood 2 Photo File,images/hoods/seville--triana.jpg,images/hoods/seville--triana.webp
Seville,El Arenal,Hood 3 Photo File,images/hoods/seville--el-arenal.jpg,images/hoods/seville--el-arenal.webp
Seville,La Macarena,Hood 4 Photo File,images/hoods/seville--la-macarena.jpg,images/hoods/seville--la-macarena.webp
Seville,Alameda,Hood 5 Photo File,images/hoods/seville--alameda.jpg,images/hoods/seville--alameda.webp
Shanghai,hero,City Photo File,images/cities/shanghai.jpg,images/cities/shanghai.webp
Shanghai,The Bund,Hood 1 Photo File,images/hoods/shanghai--the-bund.jpg,images/hoods/shanghai--the-bund.webp
Shanghai,Lujiazui,Hood 2 Photo File,images/hoods/shanghai--lujiazui.jpg,images/hoods/shanghai--lujiazui.webp
Shanghai,Former French Concession,Hood 3 Photo File,images/hoods/shanghai--former-french-concession.jpg,images/hoods/shanghai--former-french-concession.webp
Shanghai,Jing'an,Hood 4 Photo File,images/hoods/shanghai--jing-an.jpg,images/hoods/shanghai--jing-an.webp
Shanghai,Xintiandi,Hood 5 Photo File,images/hoods/shanghai--xintiandi.jpg,images/hoods/shanghai--xintiandi.webp
Shangri-La,hero,City Photo File,images/cities/shangri-la.jpg,images/cities/shangri-la.webp
Shangri-La,Dukezong Old Town,Hood 1 Photo File,,images/hoods/shangri-la--dukezong-old-town.webp
Shangri-La,Dukezong Old Town,Hood 1 Photo Credit,,https://commons.wikimedia.org/wiki/File:20260225_Dukezong_Ancient_Town_gate_Shangri-La_05.jpg
Shangri-La,Songzanlin Monastery area,Hood 3 Photo File,,images/hoods/shangri-la--songzanlin-monastery-area.webp
Shangri-La,Songzanlin Monastery area,Hood 3 Photo Credit,,https://commons.wikimedia.org/wiki/File:Songzanlin_Monastery_front_area_1.JPG
Shaoxing,hero,City Photo File,images/cities/shaoxing.jpg,images/cities/shaoxing.webp
Shaoxing,Yuecheng (Old City),Hood 1 Photo File,,images/hoods/shaoxing--yuecheng-old-city.webp
Shaoxing,Yuecheng (Old City),Hood 1 Photo Credit,,"https://commons.wikimedia.org/wiki/File:Yuecheng,_Shaoxing,_Zhejiang,_China_-_panoramio.jpg"
Shaoxing,Keqiao,Hood 2 Photo File,,images/hoods/shaoxing--keqiao.webp
Shaoxing,Keqiao,Hood 2 Photo Credit,,https://commons.wikimedia.org/wiki/File:Anchang_%E5%AE%89%E6%98%8C_-_panoramio.jpg
Shaoxing,Shangyu,Hood 3 Photo File,,images/hoods/shaoxing--shangyu.webp
Shaoxing,Shangyu,Hood 3 Photo Credit,,https://commons.wikimedia.org/wiki/File:%E4%B8%8A%E8%99%9E%E5%8D%97%E7%AB%99_202403.jpg
Sharjah,hero,City Photo File,images/cities/sharjah.jpg,images/cities/sharjah.webp
Sharjah,Al Nahda,Hood 2 Photo File,,images/hoods/sharjah--al-nahda.webp
Sharjah,Al Nahda,Hood 2 Photo Credit,,https://commons.wikimedia.org/wiki/File:Al_amman_signal_-_panoramio.jpg
Sharjah,Al Khan,Hood 3 Photo File,images/hoods/sharjah--al-khan.jpg,images/hoods/sharjah--al-khan.webp
Sharjah,Al Khan,Hood 3 Photo Credit,https://commons.wikimedia.org/wiki/File:Al-Khan_Lagoon%2C_Sharjah.jpg,https://commons.wikimedia.org/wiki/File:Khan_al-Saboon.jpg
Sharjah,Al Taawun,Hood 4 Photo File,,images/hoods/sharjah--al-taawun.webp
Sharjah,Al Taawun,Hood 4 Photo Credit,,https://commons.wikimedia.org/wiki/File:A_beautiful_view_from_a_balcony.jpg
Sharjah,Heart of Sharjah,Hood 5 Photo File,,images/hoods/sharjah--heart-of-sharjah.webp
Sharjah,Heart of Sharjah,Hood 5 Photo Credit,,https://commons.wikimedia.org/wiki/File:Heart_of_Sharjah.jpg
Sharm El Sheikh,hero,City Photo File,images/cities/sharm-el-sheikh.jpg,images/cities/sharm-el-sheikh.webp
Sharm El Sheikh,Naama Bay,Hood 1 Photo File,,images/hoods/sharm-el-sheikh--naama-bay.webp
Sharm El Sheikh,Naama Bay,Hood 1 Photo Credit,,https://commons.wikimedia.org/wiki/File:Naama_Bay_Promenade_R02.jpg
Sharm El Sheikh,Old Market (Sharm El Maya),Hood 2 Photo File,,images/hoods/sharm-el-sheikh--old-market-sharm-el-maya.webp
Sharm El Sheikh,Old Market (Sharm El Maya),Hood 2 Photo Credit,,https://commons.wikimedia.org/wiki/File:Al-Sahaba_Mosque_in_Sharm_El-Sheikh_02.jpg
Sharm El Sheikh,Hadaba,Hood 3 Photo File,,images/hoods/sharm-el-sheikh--hadaba.webp
Sharm El Sheikh,Hadaba,Hood 3 Photo Credit,,https://commons.wikimedia.org/wiki/File:%D0%9F%D0%B0%D0%BC%D1%8F%D1%82%D0%BD%D0%B8%D0%BA_%D0%B6%D0%B5%D1%80%D1%82%D0%B2%D0%B0%D0%BC_%D0%B0%D0%B2%D0%B8%D0%B0%D0%BA%D0%B0%D1%82%D0%B0%D1%81%D1%82%D1%80%D0%BE%D1%84%D1%8B_2004-01-03_-_02.jpg
Sharm El Sheikh,Nabq Bay,Hood 4 Photo File,,images/hoods/sharm-el-sheikh--nabq-bay.webp
Sharm El Sheikh,Nabq Bay,Hood 4 Photo Credit,,https://commons.wikimedia.org/wiki/File:%D0%A8%D0%B0%D1%80%D0%BC-%D0%AD%D0%BB%D1%8C-%D0%A8%D0%B5%D0%B9%D1%85._%D0%94%D0%B5%D0%BA%D0%B0%D0%B1%D1%80%D1%8C_2010_-_panoramio.jpg
Sharm El Sheikh,Sharks Bay,Hood 5 Photo File,,images/hoods/sharm-el-sheikh--sharks-bay.webp
Sharm El Sheikh,Sharks Bay,Hood 5 Photo Credit,,"https://commons.wikimedia.org/wiki/File:Sharm_el_Sheikh,_Sultan_Gardens_Resort_-_panoramio_(1).jpg"
Shenzhen,hero,City Photo File,images/cities/shenzhen.jpg,images/cities/shenzhen.webp
Shenzhen,Futian,Hood 1 Photo File,images/hoods/shenzhen--futian.jpg,images/hoods/shenzhen--futian.webp
Shenzhen,Luohu,Hood 2 Photo File,images/hoods/shenzhen--luohu.jpg,images/hoods/shenzhen--luohu.webp
Shenzhen,Nanshan,Hood 3 Photo File,images/hoods/shenzhen--nanshan.jpg,images/hoods/shenzhen--nanshan.webp
Shenzhen,Nanshan,Hood 3 Photo Credit,https://pixabay.com/photos/shenzhen-city-panoramic-4789821/,https://commons.wikimedia.org/wiki/File:SHENZHEN_BAY_(DEEP_BAY)_(110).jpg
Shenzhen,Bao'an,Hood 4 Photo File,,images/hoods/shenzhen--bao-an.webp
Shenzhen,Bao'an,Hood 4 Photo Credit,,https://commons.wikimedia.org/wiki/File:Bay_Glory_2022.jpg
Shenzhen,OCT (Overseas Chinese Town),Hood 5 Photo File,images/hoods/shenzhen--oct-overseas-chinese-town.jpg,images/hoods/shenzhen--oct-overseas-chinese-town.webp
Shiraz,hero,City Photo File,images/cities/shiraz.jpg,images/cities/shiraz.webp
Shiraz,hero,City Photo Credit,https://commons.wikimedia.org/wiki/File:Darvaze_Ghoran11.jpg,https://unsplash.com/photos/people-walking-on-park-during-daytime-kmjH-aZnzYU
Shiraz,Zand (Historic Core),Hood 1 Photo File,,images/hoods/shiraz--zand-historic-core.webp
Shiraz,Zand (Historic Core),Hood 1 Photo Credit,,https://commons.wikimedia.org/wiki/File:Architecture_of_Shiraz_(1).jpg
Shiraz,Eram Garden Area,Hood 3 Photo File,,images/hoods/shiraz--eram-garden-area.webp
Shiraz,Eram Garden Area,Hood 3 Photo Credit,,https://commons.wikimedia.org/wiki/File:(((%D8%A8%D8%A7%D8%BA_%D8%A7%D8%B1%D9%85_%D8%B4%DB%8C%D8%B1%D8%A7%D8%B2)))_-_panoramio.jpg
Shiraz,Hafezieh (Hafez Tomb),Hood 4 Photo File,,images/hoods/shiraz--hafezieh-hafez-tomb.webp
Shiraz,Hafezieh (Hafez Tomb),Hood 4 Photo Credit,,"https://commons.wikimedia.org/wiki/File:Mezquita_de_Nasirolmolk,_Shiraz,_Ir%C3%A1n,_2016-09-24,_DD_60-62_HDR.jpg"
Shiraz,Chamran Boulevard (Northwest),Hood 5 Photo File,,images/hoods/shiraz--chamran-boulevard-northwest.webp
Shiraz,Chamran Boulevard (Northwest),Hood 5 Photo Credit,,"https://commons.wikimedia.org/wiki/File:2022-03-25_Iran,_Shiraz_DSC_0462_DxO.jpg"
Siargao,hero,City Photo File,images/cities/siargao.jpg,images/cities/siargao.webp
Siargao,hero,City Photo Credit,https://en.wikipedia.org/wiki/Love%2C_Siargao,https://commons.wikimedia.org/wiki/File:Siargao_18.jpg
Siargao,General Luna,Hood 1 Photo File,,images/hoods/siargao--general-luna.webp
Siargao,General Luna,Hood 1 Photo Credit,,https://commons.wikimedia.org/wiki/File:From_the_beach_next_to_Patricks_on_the_beach_-_panoramio.jpg
Siargao,Dapa,Hood 4 Photo File,,images/hoods/siargao--dapa.webp
Siargao,Dapa,Hood 4 Photo Credit,,https://commons.wikimedia.org/wiki/File:Siargao_38.jpg
Sibiu,hero,City Photo File,images/cities/sibiu.jpg,images/cities/sibiu.webp
Sibiu,Old Town (Upper Town),Hood 1 Photo File,,images/hoods/sibiu--old-town-upper-town.webp
Sibiu,Old Town (Upper Town),Hood 1 Photo Credit,,"https://commons.wikimedia.org/wiki/File:Sibiu,_house_in_Old_Town_1.jpg"
Sibiu,Lower Town (Orasul de Jos),Hood 2 Photo File,,images/hoods/sibiu--lower-town-orasul-de-jos.webp
Sibiu,Lower Town (Orasul de Jos),Hood 2 Photo Credit,,https://commons.wikimedia.org/wiki/File:Council_Tower_seen_from_the_Small_Square_in_Sibiu_(2023).jpg
Sibiu,Piata Unirii / Centru,Hood 3 Photo File,,images/hoods/sibiu--piata-unirii-centru.webp
Sibiu,Piata Unirii / Centru,Hood 3 Photo Credit,,https://commons.wikimedia.org/wiki/File:Hermann_t%C3%A9r_(Piata_Unirii)._Fortepan_86577.jpg
Sibiu,Sub Arini,Hood 4 Photo File,,images/hoods/sibiu--sub-arini.webp
Sibiu,Sub Arini,Hood 4 Photo Credit,,https://commons.wikimedia.org/wiki/File:Josephinische_Landaufnahme_pg011.jpg
Sibiu,Terezian,Hood 5 Photo File,,images/hoods/sibiu--terezian.webp
Sibiu,Terezian,Hood 5 Photo Credit,,https://commons.wikimedia.org/wiki/File:Sibiu_Biserica_Terezian.jpg
Siddharthanagar,hero,City Photo File,images/cities/siddharthanagar.jpg,images/cities/siddharthanagar.webp
Siddharthanagar,Lumbini (Sacred Garden),Hood 4 Photo File,,images/hoods/siddharthanagar--lumbini-sacred-garden.webp
Siddharthanagar,Lumbini (Sacred Garden),Hood 4 Photo Credit,,https://commons.wikimedia.org/wiki/File:Austrian_monastery.jpg
Siddharthanagar,Belahiya (Sunauli Border),Hood 5 Photo File,,images/hoods/siddharthanagar--belahiya-sunauli-border.webp
Siddharthanagar,Belahiya (Sunauli Border),Hood 5 Photo Credit,,https://commons.wikimedia.org/wiki/File:Inadia_Nepal_Border_Gate.jpg
Siem Reap,hero,City Photo File,images/cities/siem-reap.jpg,images/cities/siem-reap.webp
Siem Reap,Old Market/Pub Street,Hood 1 Photo File,,images/hoods/siem-reap--old-market-pub-street.webp
Siem Reap,Old Market/Pub Street,Hood 1 Photo Credit,,https://commons.wikimedia.org/wiki/File:Old_Market_(Krong_Siem_Reap).jpg
Siem Reap,Wat Bo,Hood 2 Photo File,,images/hoods/siem-reap--wat-bo.webp
Siem Reap,Wat Bo,Hood 2 Photo Credit,,https://commons.wikimedia.org/wiki/File:01-Wat_Bo_Siem_Reap-NglL-06610.jpg
Siem Reap,Sok San Road,Hood 4 Photo File,,images/hoods/siem-reap--sok-san-road.webp
Siem Reap,Sok San Road,Hood 4 Photo Credit,,https://commons.wikimedia.org/wiki/File:The_best_restaurant_in_Siem_Reap_-_L%27Annexe_French_Cuisine_at_Sok_San_Road.jpg
Siem Reap,Svay Dangkum,Hood 5 Photo File,,images/hoods/siem-reap--svay-dangkum.webp
Siem Reap,Svay Dangkum,Hood 5 Photo Credit,,"https://commons.wikimedia.org/wiki/File:Sangkat_Svay_Dangkum,_Krong_Siem_Reap,_Cambodia_-_panoramio_(7).jpg"
Sigiriya,hero,City Photo File,images/cities/sigiriya.jpg,images/cities/sigiriya.webp
Sigiriya,Sigiriya Village,Hood 1 Photo File,,images/hoods/sigiriya--sigiriya-village.webp
Sigiriya,Sigiriya Village,Hood 1 Photo Credit,,https://commons.wikimedia.org/wiki/File:Ahala-Cassia_fistula-Sri_Lanka_(1).jpg
Sigiriya,Pidurangala Rock,Hood 2 Photo File,,images/hoods/sigiriya--pidurangala-rock.webp
Sigiriya,Pidurangala Rock,Hood 2 Photo Credit,,https://commons.wikimedia.org/wiki/File:Aussicht_vom_Pidurangala-Fels.jpg
Sigiriya,Inamaluwa,Hood 3 Photo File,,images/hoods/sigiriya--inamaluwa.webp
Sigiriya,Inamaluwa,Hood 3 Photo Credit,,"https://commons.wikimedia.org/wiki/File:Inamaluwa,_Sri_Lanka_-_panoramio.jpg"
Sigiriya,Sigiriya Village,Hood 4 Photo File,,images/hoods/sigiriya--sigiriya-village.webp
Sigiriya,Sigiriya Village,Hood 4 Photo Credit,,https://commons.wikimedia.org/wiki/File:Ahala-Cassia_fistula-Sri_Lanka_(1).jpg
Sigiriya,Pidurangala Rock,Hood 5 Photo File,,images/hoods/sigiriya--pidurangala-rock.webp
Sigiriya,Pidurangala Rock,Hood 5 Photo Credit,,https://commons.wikimedia.org/wiki/File:Aussicht_vom_Pidurangala-Fels.jpg
Sihanoukville,hero,City Photo File,images/cities/sihanoukville.jpg,images/cities/sihanoukville.webp
Sihanoukville,Serendipity / Ochheuteal Beach,Hood 1 Photo File,,images/hoods/sihanoukville--serendipity-ochheuteal-beach.webp
Sihanoukville,Serendipity / Ochheuteal Beach,Hood 1 Photo Credit,,"https://commons.wikimedia.org/wiki/File:2016_Sihanoukville,_Pla%C5%BCa_Serendipity_(04).jpg"
Sihanoukville,Otres Beach,Hood 2 Photo File,,images/hoods/sihanoukville--otres-beach.webp
Sihanoukville,Otres Beach,Hood 2 Photo Credit,,"https://commons.wikimedia.org/wiki/File:Tropical_beach,_Otres_Cambodia.jpg"
Sihanoukville,Downtown (Ekareach Street),Hood 3 Photo File,,images/hoods/sihanoukville--downtown-ekareach-street.webp
Sihanoukville,Downtown (Ekareach Street),Hood 3 Photo Credit,,https://commons.wikimedia.org/wiki/File:Downtown_Gulfport.jpg
Sihanoukville,Victory Hill,Hood 4 Photo File,,images/hoods/sihanoukville--victory-hill.webp
Sihanoukville,Victory Hill,Hood 4 Photo Credit,,"https://commons.wikimedia.org/wiki/File:The_Victory_Inn,_St_Mawes,_Cornwall_-_June_2025.jpg"
Sihanoukville,Independence Beach / Sokha,Hood 5 Photo File,,images/hoods/sihanoukville--independence-beach-sokha.webp
Sihanoukville,Independence Beach / Sokha,Hood 5 Photo Credit,,https://commons.wikimedia.org/wiki/File:Sihanoukville_-_Independence_beach_in_the_morning.jpg
Singapore,hero,City Photo File,images/cities/singapore.jpg,images/cities/singapore.webp
Singapore,Marina Bay,Hood 1 Photo File,images/hoods/singapore--marina-bay.jpg,images/hoods/singapore--marina-bay.webp
Singapore,Chinatown,Hood 2 Photo File,images/hoods/singapore--chinatown.jpg,images/hoods/singapore--chinatown.webp
Singapore,Little India,Hood 3 Photo File,images/hoods/singapore--little-india.jpg,images/hoods/singapore--little-india.webp
Singapore,Orchard,Hood 4 Photo File,images/hoods/singapore--orchard.jpg,images/hoods/singapore--orchard.webp
Singapore,Kampong Glam,Hood 5 Photo File,images/hoods/singapore--kampong-glam.jpg,images/hoods/singapore--kampong-glam.webp
Siwa Oasis,hero,City Photo File,images/cities/siwa-oasis.jpg,images/cities/siwa-oasis.webp
Siwa Oasis,Shali Town Center,Hood 1 Photo File,,images/hoods/siwa-oasis--shali-town-center.webp
Siwa Oasis,Shali Town Center,Hood 1 Photo Credit,,https://commons.wikimedia.org/wiki/File:Shali_(Historic_Center_of_Siwa)_01.JPG
Siwa Oasis,Temple of the Oracle (Aghurmi),Hood 2 Photo File,,images/hoods/siwa-oasis--temple-of-the-oracle-aghurmi.webp
Siwa Oasis,Temple of the Oracle (Aghurmi),Hood 2 Photo Credit,,https://commons.wikimedia.org/wiki/File:Le_temple_Amoun_(um_obayda)_-_panoramio_(1).jpg
Skardu,hero,City Photo File,images/cities/skardu.jpg,images/cities/skardu.webp
Skardu,Skardu Bazaar,Hood 1 Photo File,,images/hoods/skardu--skardu-bazaar.webp
Skardu,Skardu Bazaar,Hood 1 Photo Credit,,https://commons.wikimedia.org/wiki/File:Skar8.jpg
Skopje,hero,City Photo File,images/cities/skopje.jpg,images/cities/skopje.webp
Skopje,Centar,Hood 1 Photo File,images/hoods/skopje--centar.jpg,images/hoods/skopje--centar.webp
Skopje,Old Bazaar,Hood 2 Photo File,images/hoods/skopje--old-bazaar.jpg,images/hoods/skopje--old-bazaar.webp
Skopje,Debar Maalo,Hood 3 Photo File,images/hoods/skopje--debar-maalo.jpg,images/hoods/skopje--debar-maalo.webp
Skopje,Aerodrom,Hood 4 Photo File,,images/hoods/skopje--aerodrom.webp
Skopje,Aerodrom,Hood 4 Photo Credit,,https://commons.wikimedia.org/wiki/File:Cevahir_towers.jpg
Skopje,Vodno,Hood 5 Photo File,images/hoods/skopje--vodno.jpg,images/hoods/skopje--vodno.webp
Sochi,hero,City Photo File,images/cities/sochi.jpg,images/cities/sochi.webp
Sochi,Tsentralny (Central Sochi),Hood 1 Photo File,,images/hoods/sochi--tsentralny-central-sochi.webp
Sochi,Tsentralny (Central Sochi),Hood 1 Photo Credit,,"https://commons.wikimedia.org/wiki/File:Sochi,_Krasnodar_Krai,_Russia_-_panoramio_-_karel291_(13).jpg"
Sochi,Adler,Hood 2 Photo File,,images/hoods/sochi--adler.webp
Sochi,Adler,Hood 2 Photo Credit,,"https://commons.wikimedia.org/wiki/File:Adler,_Krasnodar_Krai,_Russia_-_panoramio_(10).jpg"
Sochi,Krasnaya Polyana,Hood 3 Photo File,,images/hoods/sochi--krasnaya-polyana.webp
Sochi,Krasnaya Polyana,Hood 3 Photo Credit,,"https://commons.wikimedia.org/wiki/File:Gazpromavia,_Mil_Mi-8MTV-1_(RA-25799).jpg"
Sochi,Khosta,Hood 4 Photo File,,images/hoods/sochi--khosta.webp
Sochi,Khosta,Hood 4 Photo Credit,,https://commons.wikimedia.org/wiki/File:%D0%A2%D0%B8%D1%81%D0%BE-%D0%A1%D0%B0%D0%BC%D1%88%D0%B8%D1%82%D0%BE%D0%B2%D0%B0%D1%8F_%D1%80%D0%BE%D1%89%D0%B0_-_%D1%80%D0%B5%D0%BA%D0%B0_%22%D0%A5%D0%BE%D1%81%D1%82%D0%B0%22.jpg
Sochi,Matsesta,Hood 5 Photo File,,images/hoods/sochi--matsesta.webp
Sochi,Matsesta,Hood 5 Photo Credit,,https://commons.wikimedia.org/wiki/File:%D0%9C%D0%B0%D1%86%D0%B5%D1%81%D1%82%D0%B0_(50532).jpg
Sofia,hero,City Photo File,images/cities/sofia.jpg,images/cities/sofia.webp
Sofia,Sofia Center,Hood 1 Photo File,images/hoods/sofia--sofia-center.jpg,images/hoods/sofia--sofia-center.webp
Sofia,Vitosha Boulevard,Hood 2 Photo File,images/hoods/sofia--vitosha-boulevard.jpg,images/hoods/sofia--vitosha-boulevard.webp
Sofia,NDK / Ivan Vazov,Hood 3 Photo File,images/hoods/sofia--ndk-ivan-vazov.jpg,images/hoods/sofia--ndk-ivan-vazov.webp
Sofia,Lozenets,Hood 4 Photo File,images/hoods/sofia--lozenets.jpg,images/hoods/sofia--lozenets.webp
Sofia,Oborishte,Hood 5 Photo File,images/hoods/sofia--oborishte.jpg,images/hoods/sofia--oborishte.webp
Sokcho,hero,City Photo File,images/cities/sokcho.jpg,images/cities/sokcho.webp
Sokcho,Sokcho Beach,Hood 1 Photo File,,images/hoods/sokcho--sokcho-beach.webp
Sokcho,Sokcho Beach,Hood 1 Photo Credit,,https://commons.wikimedia.org/wiki/File:Deungdae_Beach_and_Sokcho_Lighthouse.jpg
Sokcho,Abai Village,Hood 2 Photo File,,images/hoods/sokcho--abai-village.webp
Sokcho,Abai Village,Hood 2 Photo Credit,,https://commons.wikimedia.org/wiki/File:Abai_village_-_5433870320.jpg
Sokcho,Seoraksan Entrance (Soraksan-dong),Hood 3 Photo File,,images/hoods/sokcho--seoraksan-entrance-soraksan-dong.webp
Sokcho,Seoraksan Entrance (Soraksan-dong),Hood 3 Photo Credit,,https://commons.wikimedia.org/wiki/File:Seoraksan_Entrance.jpg
Sokcho,Daepo-dong (Harbor),Hood 4 Photo File,,images/hoods/sokcho--daepo-dong-harbor.webp
Sokcho,Daepo-dong (Harbor),Hood 4 Photo Credit,,https://commons.wikimedia.org/wiki/File:Sokcho-gangwon-map.png
Sokcho,Sokcho Central Market,Hood 5 Photo File,,images/hoods/sokcho--sokcho-central-market.webp
Sokcho,Sokcho Central Market,Hood 5 Photo Credit,,https://commons.wikimedia.org/wiki/File:Sokcho_Central_Market_01.jpg
Sopot,hero,City Photo File,images/cities/sopot.jpg,images/cities/sopot.webp
Sopot,Dolny Sopot (Lower Sopot),Hood 1 Photo File,,images/hoods/sopot--dolny-sopot-lower-sopot.webp
Sopot,Dolny Sopot (Lower Sopot),Hood 1 Photo Credit,,"https://commons.wikimedia.org/wiki/File:Pomnik_Marynarzy,_Park_P%C3%B3lnocny,_Sopot,_Polsko.jpg"
Sopot,Górny Sopot (Upper Sopot),Hood 2 Photo File,,images/hoods/sopot--gorny-sopot-upper-sopot.webp
Sopot,Górny Sopot (Upper Sopot),Hood 2 Photo Credit,,https://commons.wikimedia.org/wiki/File:Sopot_ulica_Abrahama_(jesie%C5%84_2010).JPG
Sopot,Kamienny Potok,Hood 3 Photo File,,images/hoods/sopot--kamienny-potok.webp
Sopot,Kamienny Potok,Hood 3 Photo Credit,,https://commons.wikimedia.org/wiki/File:Sopot_(10).JPG
Sopot,Karlikowo,Hood 4 Photo File,,images/hoods/sopot--karlikowo.webp
Sopot,Karlikowo,Hood 4 Photo Credit,,https://commons.wikimedia.org/wiki/File:Granica_Gda%C5%84ska_i_Sopotu.JPG
Sousse,hero,City Photo File,images/cities/sousse.jpg,images/cities/sousse.webp
Sousse,Medina of Sousse,Hood 1 Photo File,,images/hoods/sousse--medina-of-sousse.webp
Sousse,Medina of Sousse,Hood 1 Photo Credit,,https://commons.wikimedia.org/wiki/File:Medina_Sousse_Nov_2021_002.jpg
Sousse,Sousse Ville (City Center),Hood 2 Photo File,,images/hoods/sousse--sousse-ville-city-center.webp
Sousse,Sousse Ville (City Center),Hood 2 Photo Credit,,https://commons.wikimedia.org/wiki/File:The_Candyguy.jpg
Sousse,Port El Kantaoui,Hood 5 Photo File,,images/hoods/sousse--port-el-kantaoui.webp
Sousse,Port El Kantaoui,Hood 5 Photo Credit,,https://commons.wikimedia.org/wiki/File:2008-11-25-El-Kantaoui-97.JPG
Split,hero,City Photo File,images/cities/split.jpg,images/cities/split.webp
Split,Old Town (Diocletian's Palace),Hood 1 Photo File,,images/hoods/split--old-town-diocletian-s-palace.webp
Split,Old Town (Diocletian's Palace),Hood 1 Photo Credit,,https://www.flickr.com/photos/42201095@N03/44360273215/
Split,Varoš,Hood 2 Photo File,,images/hoods/split--varos.webp
Split,Varoš,Hood 2 Photo Credit,,"https://commons.wikimedia.org/wiki/File:Church_of_St._Nicholas_in_Split,_Croatia_20231223_01.jpg"
Split,Bačvice,Hood 3 Photo File,,images/hoods/split--bacvice.webp
Split,Bačvice,Hood 3 Photo Credit,,"https://commons.wikimedia.org/wiki/File:Jules_and_Gabriel_at_the_Bacvice_Beach,_Split,_Croatia_(PPL2-Enhanced)_julesvernex2.jpg"
Split,Meje,Hood 4 Photo File,,images/hoods/split--meje.webp
Split,Meje,Hood 4 Photo Credit,,"https://commons.wikimedia.org/wiki/File:Ivan_Me%C5%A1trovi%C4%87_Gallery,_Split_01.jpg"
Split,Manuš,Hood 5 Photo File,,images/hoods/split--manus.webp
Split,Manuš,Hood 5 Photo Credit,,"https://commons.wikimedia.org/wiki/File:O%C5%A0_Dobri-Manu%C5%A1,_Split_20210515_001.jpg"
Srimangal,hero,City Photo File,images/cities/srimangal.jpg,images/cities/srimangal.webp
Srimangal,hero,City Photo Credit,https://commons.wikimedia.org/wiki/File:Sreemangal_tea_garden_2017-08-20.jpg,"https://commons.wikimedia.org/wiki/File:Tea_Garden_near_Srimangal,_Sylhet,_Bangladesh.jpg"
Srimangal,Tea Garden Belt,Hood 2 Photo File,,images/hoods/srimangal--tea-garden-belt.webp
Srimangal,Tea Garden Belt,Hood 2 Photo Credit,,"https://commons.wikimedia.org/wiki/File:Ordnance_Survey_Half-Inch_Sheet_9_Harrogate_Leeds_and_Bradford,_Published_1912.jpg"
Srimangal,Lawachara National Park,Hood 3 Photo File,,images/hoods/srimangal--lawachara-national-park.webp
Srimangal,Lawachara National Park,Hood 3 Photo Credit,,https://commons.wikimedia.org/wiki/File:A_piece_of_peace.jpg
Srinagar,hero,City Photo File,images/cities/srinagar.jpg,images/cities/srinagar.webp
Srinagar,hero,City Photo Credit,https://commons.wikimedia.org/wiki/File:Red_and_Yellow_Tulips.JPG,https://commons.wikimedia.org/wiki/File:Dal_Lake_1.jpg
Srinagar,Boulevard Road (Dal Lake),Hood 1 Photo File,,images/hoods/srinagar--boulevard-road-dal-lake.webp
Srinagar,Boulevard Road (Dal Lake),Hood 1 Photo Credit,,https://commons.wikimedia.org/wiki/File:Close-up_on_the_Pedestrian_overpass_on_Taiwan_Blvd._near_Henan_Rd._03.jpg
Srinagar,Lal Chowk,Hood 2 Photo File,,images/hoods/srinagar--lal-chowk.webp
Srinagar,Lal Chowk,Hood 2 Photo Credit,,https://commons.wikimedia.org/wiki/File:Clock_tower_at_Lal_Chowk.jpg
Srinagar,Rajbagh,Hood 3 Photo File,,images/hoods/srinagar--rajbagh.webp
Srinagar,Rajbagh,Hood 3 Photo Credit,,https://commons.wikimedia.org/wiki/File:Rajbagh_Srinagar_-_vrvvkbjk2k23iph_(10).jpg
Srinagar,Nishat,Hood 4 Photo File,,images/hoods/srinagar--nishat.webp
Srinagar,Nishat,Hood 4 Photo Credit,,https://commons.wikimedia.org/wiki/File:Ceiling_work_inside_a_pavilion_in_Shalimar_Bagh.jpg
St. George's,hero,City Photo File,images/cities/st-george-s.jpg,images/cities/st-george-s.webp
St. George's,True Blue,Hood 2 Photo File,,images/hoods/st-george-s--true-blue.webp
St. George's,True Blue,Hood 2 Photo Credit,,https://commons.wikimedia.org/wiki/File:America%27s_best_kept_secret.jpg
St. George's,Lance aux Epines,Hood 3 Photo File,,images/hoods/st-george-s--lance-aux-epines.webp
St. George's,Lance aux Epines,Hood 3 Photo Credit,,https://commons.wikimedia.org/wiki/File:Grenada_The_Red_Crab_Restaurant_-_panoramio.jpg
St. George's,Morne Rouge,Hood 4 Photo File,,images/hoods/st-george-s--morne-rouge.webp
St. George's,Morne Rouge,Hood 4 Photo Credit,,https://commons.wikimedia.org/wiki/File:Calvaire_de_Morne-Rouge.jpg
St. George's,St. George's (The Carenage),Hood 5 Photo File,,images/hoods/st-george-s--st-george-s-the-carenage.webp
St. George's,St. George's (The Carenage),Hood 5 Photo Credit,,"https://commons.wikimedia.org/wiki/File:Admiralty_Chart_No_743_St_George_Harbour,_Published_1866.jpg"
Stanley,hero,City Photo File,images/cities/stanley.jpg,images/cities/stanley.webp
Stanley,Stanley Waterfront / Ross Road,Hood 1 Photo File,,images/hoods/stanley--stanley-waterfront-ross-road.webp
Stanley,Stanley Waterfront / Ross Road,Hood 1 Photo Credit,,https://commons.wikimedia.org/wiki/File:Bust_of_Bertie_Reed_(base).jpg
Stanley,Ross Road East,Hood 2 Photo File,,images/hoods/stanley--ross-road-east.webp
Stanley,Ross Road East,Hood 2 Photo Credit,,https://commons.wikimedia.org/wiki/File:A_famous_sign_in_a_hedge_at_entrance_to_pub_car_park_-_geograph.org.uk_-_5977591.jpg
Stanley,West Stanley,Hood 3 Photo File,,images/hoods/stanley--west-stanley.webp
Stanley,West Stanley,Hood 3 Photo Credit,,"https://commons.wikimedia.org/wiki/File:Pavilion_at_east_end_of_screen_wall,_Stanley_Park_4.jpg"
Stavanger,hero,City Photo File,images/cities/stavanger.jpg,images/cities/stavanger.webp
Stavanger,hero,City Photo Credit,https://commons.wikimedia.org/wiki/File:Breiavatnet_-_Stavanger%2C_Norway_2021-08-01_%2802%29.jpg,https://commons.wikimedia.org/wiki/File:Stavanger_V%C3%A5gen_Skagenkaien_Norway_(2022.06.23).jpg
Stavanger,Sentrum,Hood 1 Photo File,,images/hoods/stavanger--sentrum.webp
Stavanger,Sentrum,Hood 1 Photo Credit,,https://commons.wikimedia.org/wiki/File:Stavanger_bybru_IMG_5870.jpg
Stavanger,Gamle Stavanger,Hood 2 Photo File,,images/hoods/stavanger--gamle-stavanger.webp
Stavanger,Gamle Stavanger,Hood 2 Photo Credit,,https://commons.wikimedia.org/wiki/File:Gamle_Stavanger_10_(52606705190).jpg
Stavanger,Storhaug,Hood 3 Photo File,,images/hoods/stavanger--storhaug.webp
Stavanger,Storhaug,Hood 3 Photo Credit,,https://commons.wikimedia.org/wiki/File:Hillari_at_byLarm_2023_03.jpg
Stavanger,Eiganes & Valand,Hood 4 Photo File,,images/hoods/stavanger--eiganes-valand.webp
Stavanger,Eiganes & Valand,Hood 4 Photo Credit,,"https://commons.wikimedia.org/wiki/File:V%C3%A5landst%C3%A5rnet,_V%C3%A5landspipa,_Stavanger.jpg"
Stockholm,hero,City Photo File,images/cities/stockholm.jpg,images/cities/stockholm.webp
Stockholm,Gamla Stan,Hood 1 Photo File,images/hoods/stockholm--gamla-stan.jpg,images/hoods/stockholm--gamla-stan.webp
Stockholm,Sodermalm,Hood 2 Photo File,images/hoods/stockholm--sodermalm.jpg,images/hoods/stockholm--sodermalm.webp
Stockholm,Ostermalm,Hood 3 Photo File,images/hoods/stockholm--ostermalm.jpg,images/hoods/stockholm--ostermalm.webp
Stockholm,Norrmalm,Hood 4 Photo File,images/hoods/stockholm--norrmalm.jpg,images/hoods/stockholm--norrmalm.webp
Stockholm,Vasastan,Hood 5 Photo File,images/hoods/stockholm--vasastan.jpg,images/hoods/stockholm--vasastan.webp
Strasbourg,hero,City Photo File,images/cities/strasbourg.jpg,images/cities/strasbourg.webp
Strasbourg,Grande Ile (Centre-ville),Hood 1 Photo File,,images/hoods/strasbourg--grande-ile-centre-ville.webp
Strasbourg,Grande Ile (Centre-ville),Hood 1 Photo Credit,,https://commons.wikimedia.org/wiki/File:Strasbourg_(4724841357).jpg
Strasbourg,Petite France,Hood 2 Photo File,,images/hoods/strasbourg--petite-france.webp
Strasbourg,Petite France,Hood 2 Photo Credit,,https://commons.wikimedia.org/wiki/File:14-02-02-straszburg-RalfR-179.jpg
Strasbourg,Krutenau,Hood 3 Photo File,,images/hoods/strasbourg--krutenau.webp
Strasbourg,Krutenau,Hood 3 Photo Credit,,"https://commons.wikimedia.org/wiki/File:SMUR_Strasbourg_%26_VSAV,_Krutenau_2019.jpg"
Strasbourg,Neustadt,Hood 4 Photo File,,images/hoods/strasbourg--neustadt.webp
Strasbourg,Neustadt,Hood 4 Photo Credit,,https://commons.wikimedia.org/wiki/File:Palais_des_F%C3%AAtes_ou_S%C3%A4ngerhaus_(30973190297).jpg
Strasbourg,Quartier Europeen,Hood 5 Photo File,,images/hoods/strasbourg--quartier-europeen.webp
Strasbourg,Quartier Europeen,Hood 5 Photo Credit,,https://commons.wikimedia.org/wiki/File:Schiltigheim_rRome_1_(2).JPG
Stuttgart,hero,City Photo File,images/cities/stuttgart.jpg,images/cities/stuttgart.webp
Stuttgart,Stuttgart-Mitte,Hood 1 Photo File,,images/hoods/stuttgart--stuttgart-mitte.webp
Stuttgart,Stuttgart-Mitte,Hood 1 Photo Credit,,https://commons.wikimedia.org/wiki/File:CA_Heideloff_-_Kreuzgang_der_Hospitalkirche_Stuttgart_1855_(Zustand_vor_1839).jpg
Stuttgart,Stuttgart-West,Hood 2 Photo File,,images/hoods/stuttgart--stuttgart-west.webp
Stuttgart,Stuttgart-West,Hood 2 Photo Credit,,https://commons.wikimedia.org/wiki/File:Augenweide_-_panoramio.jpg
Stuttgart,Stuttgart-Sud,Hood 3 Photo File,,images/hoods/stuttgart--stuttgart-sud.webp
Stuttgart,Stuttgart-Sud,Hood 3 Photo Credit,,https://commons.wikimedia.org/wiki/File:20170806_Stuttgart_-_Markuskirche_SO.jpg
Stuttgart,Bohnenviertel,Hood 4 Photo File,,images/hoods/stuttgart--bohnenviertel.webp
Stuttgart,Bohnenviertel,Hood 4 Photo Credit,,https://commons.wikimedia.org/wiki/File:Brunnenwirt_Stuttgart.jpg
Stuttgart,Bad Cannstatt,Hood 5 Photo File,,images/hoods/stuttgart--bad-cannstatt.webp
Stuttgart,Bad Cannstatt,Hood 5 Photo Credit,,https://commons.wikimedia.org/wiki/File:Calisthenics_Park_Stuttgart-Bad_Cannstatt_(54190).jpg
Sucre,hero,City Photo File,images/cities/sucre.jpg,images/cities/sucre.webp
Sucre,Centro Histórico,Hood 1 Photo File,,images/hoods/sucre--centro-historico.webp
Sucre,Centro Histórico,Hood 1 Photo Credit,,https://commons.wikimedia.org/wiki/File:Casco_colonial_de_Petare_1.jpg
Sucre,La Recoleta,Hood 2 Photo File,,images/hoods/sucre--la-recoleta.webp
Sucre,La Recoleta,Hood 2 Photo Credit,,https://commons.wikimedia.org/wiki/File:IGLESIA_DEL_CONVENTO_DE_LA_RECOLETA.jpg
Sukhothai,hero,City Photo File,images/cities/sukhothai.jpg,images/cities/sukhothai.webp
Sukhothai,New Sukhothai (Town),Hood 1 Photo File,,images/hoods/sukhothai--new-sukhothai-town.webp
Sukhothai,New Sukhothai (Town),Hood 1 Photo Credit,,https://commons.wikimedia.org/wiki/File:201401021054b_(Hartmann_Linge)_Sukhothaii_Pa_Phai..jpg
Sukhothai,Wat Si Chum,Hood 3 Photo File,,images/hoods/sukhothai--wat-si-chum.webp
Sukhothai,Wat Si Chum,Hood 3 Photo Credit,,"https://commons.wikimedia.org/wiki/File:13th_Century_Thai_City_of_Sukhothai-_Wat_Si_Chum,_Buddha_Statue,_Sukhothai_Historical_Park_a.jpg"
Sukhothai,Ramkhamhaeng National Museum,Hood 4 Photo File,,images/hoods/sukhothai--ramkhamhaeng-national-museum.webp
Sukhothai,Ramkhamhaeng National Museum,Hood 4 Photo Credit,,https://commons.wikimedia.org/wiki/File:Ram_Khamhaeng_National_Museum.jpg
Surabaya,hero,City Photo File,images/cities/surabaya.jpg,images/cities/surabaya.webp
Surabaya,Tunjungan / Embong Malang,Hood 1 Photo File,,images/hoods/surabaya--tunjungan-embong-malang.webp
Surabaya,Tunjungan / Embong Malang,Hood 1 Photo Credit,,https://commons.wikimedia.org/wiki/File:TP_6_building_when_under_construction.jpg
Surabaya,Gubeng,Hood 2 Photo File,,images/hoods/surabaya--gubeng.webp
Surabaya,Gubeng,Hood 2 Photo Credit,,https://commons.wikimedia.org/wiki/File:BII_%5E_Air_Mancur_Perempatan_Gubeng_-_panoramio.jpg
Surabaya,Darmo,Hood 3 Photo File,,images/hoods/surabaya--darmo.webp
Surabaya,Darmo,Hood 3 Photo Credit,,https://commons.wikimedia.org/wiki/File:Rusa_dengan_tanduk.jpg
Surabaya,Old Town (Kota Lama),Hood 4 Photo File,,images/hoods/surabaya--old-town-kota-lama.webp
Surabaya,Old Town (Kota Lama),Hood 4 Photo Credit,,"https://commons.wikimedia.org/wiki/File:Pand_van_de_importfirma_Geo_Wehry_%26_Co._verderop_in_de_straat_een_rijtuig_van_de_import-_en_exportfirma_Jacobson_van_den_Berg_%26_Co._Soerabaja,_KITLV_28918.tiff"
Surabaya,West Surabaya (Pakuwon),Hood 5 Photo File,,images/hoods/surabaya--west-surabaya-pakuwon.webp
Surabaya,West Surabaya (Pakuwon),Hood 5 Photo Credit,,"https://commons.wikimedia.org/wiki/File:Kantor_Gubernur_Jawa_Timur,_2025_(01).jpg"
Surakarta,hero,City Photo File,images/cities/surakarta.jpg,images/cities/surakarta.webp
Surakarta,hero,City Photo Credit,https://commons.wikimedia.org/wiki/File:Kraton_Solo.jpg,https://unsplash.com/photos/a-blue-and-red-building-with-a-clock-tower-in-the-background-9LL-SqgMYYs
Surakarta,Kraton & Kauman,Hood 1 Photo File,,images/hoods/surakarta--kraton-kauman.webp
Surakarta,Kraton & Kauman,Hood 1 Photo Credit,,https://commons.wikimedia.org/wiki/File:GrandMosqueYogya.JPG
Surakarta,Kampung Batik Laweyan,Hood 2 Photo File,,images/hoods/surakarta--kampung-batik-laweyan.webp
Surakarta,Kampung Batik Laweyan,Hood 2 Photo Credit,,https://commons.wikimedia.org/wiki/File:Becak_Kampung_Batik_Laweyan.jpg
Surakarta,Slamet Riyadi (City Center),Hood 3 Photo File,,images/hoods/surakarta--slamet-riyadi-city-center.webp
Surakarta,Slamet Riyadi (City Center),Hood 3 Photo Credit,,https://commons.wikimedia.org/wiki/File:Slamet_Riyadi_Statue_in_Surakarta.jpg
Surakarta,Jebres,Hood 4 Photo File,,images/hoods/surakarta--jebres.webp
Surakarta,Jebres,Hood 4 Photo Credit,,"https://commons.wikimedia.org/wiki/File:HKBP_Solo_(Surakarta),_Res._Solo_(05).jpg"
Surat Thani,hero,City Photo File,images/cities/surat-thani.jpg,images/cities/surat-thani.webp
Surat Thani,Phunphin,Hood 3 Photo File,,images/hoods/surat-thani--phunphin.webp
Surat Thani,Phunphin,Hood 3 Photo Credit,,https://commons.wikimedia.org/wiki/File:Phunphin_clock_tower.jpg
Surat Thani,Bang Bai Mai,Hood 4 Photo File,,images/hoods/surat-thani--bang-bai-mai.webp
Surat Thani,Bang Bai Mai,Hood 4 Photo Credit,,https://commons.wikimedia.org/wiki/File:Entrance_of_Ko_Lamphu.jpg
Suzhou,hero,City Photo File,images/cities/suzhou.jpg,images/cities/suzhou.webp
Suzhou,Gusu / Old Town (Pingjiang Road),Hood 1 Photo File,,images/hoods/suzhou--gusu-old-town-pingjiang-road.webp
Suzhou,Gusu / Old Town (Pingjiang Road),Hood 1 Photo Credit,,https://commons.wikimedia.org/wiki/File:Suzhou_Sunset_-_panoramio.jpg
Suzhou,Suzhou Industrial Park (Jinji Lake),Hood 2 Photo File,,images/hoods/suzhou--suzhou-industrial-park-jinji-lake.webp
Suzhou,Suzhou Industrial Park (Jinji Lake),Hood 2 Photo Credit,,https://commons.wikimedia.org/wiki/File:A_passenger_swipe_the_ID_card_on_the_new_gate_in_Suzhou_Industrial_Park_Railway_Station.jpg
Suzhou,Shantang Street,Hood 3 Photo File,,images/hoods/suzhou--shantang-street.webp
Suzhou,Shantang Street,Hood 3 Photo Credit,,"https://commons.wikimedia.org/wiki/File:Gusu,_Suzhou,_Jiangsu,_China_-_panoramio_(104).jpg"
Suzhou,Wuzhong (Mudu / Lake Tai),Hood 4 Photo File,,images/hoods/suzhou--wuzhong-mudu-lake-tai.webp
Suzhou,Wuzhong (Mudu / Lake Tai),Hood 4 Photo Credit,,"https://commons.wikimedia.org/wiki/File:Wuzhong,_Suzhou,_Jiangsu,_China_-_panoramio_(334).jpg"
Suzhou,Huqiu / Tiger Hill,Hood 5 Photo File,,images/hoods/suzhou--huqiu-tiger-hill.webp
Suzhou,Huqiu / Tiger Hill,Hood 5 Photo Credit,,https://commons.wikimedia.org/wiki/File:Platform_(to_SND)_of_Huqiu_Sta._of_Suzhou_Metro_Line_4_20260628.jpg
Sydney,hero,City Photo File,images/cities/sydney.jpg,images/cities/sydney.webp
Sydney,CBD,Hood 1 Photo File,images/hoods/sydney--cbd.jpg,images/hoods/sydney--cbd.webp
Sydney,The Rocks,Hood 2 Photo File,images/hoods/sydney--the-rocks.jpg,images/hoods/sydney--the-rocks.webp
Sydney,Bondi,Hood 3 Photo File,images/hoods/sydney--bondi.jpg,images/hoods/sydney--bondi.webp
Sydney,Darling Harbour,Hood 4 Photo File,images/hoods/sydney--darling-harbour.jpg,images/hoods/sydney--darling-harbour.webp
Sydney,Surry Hills,Hood 5 Photo File,images/hoods/sydney--surry-hills.jpg,images/hoods/sydney--surry-hills.webp
Sylhet,hero,City Photo File,images/cities/sylhet.jpg,images/cities/sylhet.webp
Sylhet,Zindabazar,Hood 1 Photo File,,images/hoods/sylhet--zindabazar.webp
Sylhet,Zindabazar,Hood 1 Photo Credit,,https://commons.wikimedia.org/wiki/File:Sylheti_Nagari_Alphabet_Monument.jpg
Sylhet,Ambarkhana,Hood 2 Photo File,,images/hoods/sylhet--ambarkhana.webp
Sylhet,Ambarkhana,Hood 2 Photo Credit,,https://commons.wikimedia.org/wiki/File:Amberkhana.jpg
Sylhet,Dargah Gate (Shah Jalal),Hood 3 Photo File,,images/hoods/sylhet--dargah-gate-shah-jalal.webp
Sylhet,Dargah Gate (Shah Jalal),Hood 3 Photo Credit,,https://commons.wikimedia.org/wiki/File:Front_gate_of_Shah_Jalal_Dargah.jpg
Sylhet,Airport Road (Baghbari),Hood 5 Photo File,,images/hoods/sylhet--airport-road-baghbari.webp
Sylhet,Airport Road (Baghbari),Hood 5 Photo Credit,,"https://commons.wikimedia.org/wiki/File:Airport_road,_Sylhet_1.jpg"
São Paulo,hero,City Photo File,images/cities/s-o-paulo.jpg,images/cities/s-o-paulo.webp
São Paulo,Vila Madalena,Hood 1 Photo File,images/hoods/sao-paulo--vila-madalena.jpg,images/hoods/sao-paulo--vila-madalena.webp
São Paulo,Jardins,Hood 2 Photo File,images/hoods/sao-paulo--jardins.jpg,images/hoods/sao-paulo--jardins.webp
São Paulo,Pinheiros,Hood 3 Photo File,images/hoods/sao-paulo--pinheiros.jpg,images/hoods/sao-paulo--pinheiros.webp
São Paulo,Itaim Bibi,Hood 4 Photo File,images/hoods/sao-paulo--itaim-bibi.jpg,images/hoods/sao-paulo--itaim-bibi.webp
São Paulo,Liberdade,Hood 5 Photo File,images/hoods/sao-paulo--liberdade.jpg,images/hoods/sao-paulo--liberdade.webp
São Tomé,hero,City Photo File,images/cities/s-o-tom.jpg,images/cities/s-o-tom.webp
São Tomé,hero,City Photo Credit,https://en.wikipedia.org/wiki/File:2012SaoTome-8_(8042889363).jpg,https://unsplash.com/photos/aerial-photography-of-green-plants-near-seashore-2cUnx3MzlYM
São Tomé,Centro (Downtown),Hood 1 Photo File,,images/hoods/sao-tome--centro-downtown.webp
São Tomé,Centro (Downtown),Hood 1 Photo Credit,,https://commons.wikimedia.org/wiki/File:Armaz%C3%A9m_da_Ro%C3%A7a_%C3%81gua-Iz%C3%A9_-_IMG_6908.jpg
São Tomé,Praia Lagarto (Airport Beach),Hood 2 Photo File,,images/hoods/sao-tome--praia-lagarto-airport-beach.webp
São Tomé,Praia Lagarto (Airport Beach),Hood 2 Photo Credit,,https://commons.wikimedia.org/wiki/File:Esp%C3%A9cime_de_lagarto_sem_patas_bem_comum_na_reserva_sapiranga.jpg
São Tomé,Marginal 12 de Julho,Hood 4 Photo File,,images/hoods/sao-tome--marginal-12-de-julho.webp
São Tomé,Marginal 12 de Julho,Hood 4 Photo Credit,,https://commons.wikimedia.org/wiki/File:2012SaoTome-44_(8042890033).jpg
Ta'if,hero,City Photo File,images/cities/ta-if.jpg,images/cities/ta-if.webp
Ta'if,hero,City Photo Credit,https://commons.wikimedia.org/wiki/File:%D8%A7%D9%84%D8%B7%D8%A7%D8%A6%D9%81_%D9%85%D9%86_%D8%AC%D8%A8%D9%84_%D8%A7%D9%84%D9%87%D8%AF%D9%891.jpg,https://unsplash.com/photos/a-view-of-a-mountain-with-a-road-going-through-it-x1heis0E1ms
Ta'if,Al Hada,Hood 2 Photo File,,images/hoods/ta-if--al-hada.webp
Ta'if,Al Hada,Hood 2 Photo Credit,,"https://commons.wikimedia.org/wiki/File:Al-Hada_sunset,_near_al-Taif,_Saudi_Arabia_(10).jpg"
Ta'if,Al Shafa,Hood 3 Photo File,,images/hoods/ta-if--al-shafa.webp
Ta'if,Al Shafa,Hood 3 Photo Credit,,"https://commons.wikimedia.org/wiki/File:Jabal_Dakka,_Al_Shafa.jpg"
Tabriz,hero,City Photo File,images/cities/tabriz.jpg,images/cities/tabriz.webp
Tabriz,Bazaar / Old City,Hood 1 Photo File,,images/hoods/tabriz--bazaar-old-city.webp
Tabriz,Bazaar / Old City,Hood 1 Photo Credit,,https://commons.wikimedia.org/wiki/File:%D8%A8%D8%A7%D8%B2%D8%A7%D8%B1_%D8%AA%D8%A8%D8%B1%DB%8C%D8%B2_%D8%A7%D8%B1%D8%AA%D8%A8%D8%A7%D8%B7_%D8%B6%D9%84%D8%B9_%D8%B4%D9%85%D8%A7%D9%84%DB%8C_%D8%A8%D8%A7%D8%B2%D8%A7%D8%B1_%D8%A8%D8%A7_%D8%B6%D9%84%D8%B9_%D8%AC%D9%86%D9%88%D8%A8%DB%8C.jpg
Tabriz,El Goli,Hood 2 Photo File,,images/hoods/tabriz--el-goli.webp
Tabriz,El Goli,Hood 2 Photo Credit,,https://commons.wikimedia.org/wiki/File:Elg%C3%B6l%C3%BC_front.jpg
Tabriz,Valiasr,Hood 3 Photo File,,images/hoods/tabriz--valiasr.webp
Tabriz,Valiasr,Hood 3 Photo Credit,,"https://commons.wikimedia.org/wiki/File:Valiasr,_Tabriz,_East_Azerbaijan_Province,_Iran_-_panoramio_(1).jpg"
Tai'an,hero,City Photo File,images/cities/tai-an.jpg,images/cities/tai-an.webp
Tai'an,Dai Temple / Daizong Fang,Hood 1 Photo File,,images/hoods/tai-an--dai-temple-daizong-fang.webp
Tai'an,Dai Temple / Daizong Fang,Hood 1 Photo Credit,,https://commons.wikimedia.org/wiki/File:Tai%27an_Dai_Miao_2015.08.13_09-46-45.jpg
Tai'an,Taishan District Center,Hood 2 Photo File,,images/hoods/tai-an--taishan-district-center.webp
Tai'an,Taishan District Center,Hood 2 Photo Credit,,https://commons.wikimedia.org/wiki/File:Xin_Wu_Tai_Civil_Sports_Center-2016-6-21.jpg
Tai'an,Daiyue District,Hood 3 Photo File,,images/hoods/tai-an--daiyue-district.webp
Tai'an,Daiyue District,Hood 3 Photo Credit,,https://commons.wikimedia.org/wiki/File:%E6%B3%B0%E5%AE%89%E9%AB%98%E9%93%81%E7%AB%99_-_Tai%E2%80%98an_High-Speed_Rail_Station_-_2012.06_-_panoramio.jpg
Tai'an,Hongmen / Mount Tai Base,Hood 4 Photo File,,images/hoods/tai-an--hongmen-mount-tai-base.webp
Tai'an,Hongmen / Mount Tai Base,Hood 4 Photo Credit,,https://commons.wikimedia.org/wiki/File:%E7%99%BD%E9%B9%A4%E6%B3%89_-_White_Crane_Spring_-_2012.06_-_panoramio.jpg
Tai'an,Mount Tai Summit (Tianjie),Hood 5 Photo File,,images/hoods/tai-an--mount-tai-summit-tianjie.webp
Tai'an,Mount Tai Summit (Tianjie),Hood 5 Photo Credit,,"https://commons.wikimedia.org/wiki/File:%E7%BA%9C%E8%BB%8A_%E7%BC%86%E8%BD%A6_cable_car_%E6%97%85%E9%81%8A%E4%BA%BA%E6%B5%81_%E6%97%85%E6%B8%B8%E4%BA%BA%E6%B5%81_Travel_Human_Logistics_%E5%B1%B1%E6%9D%B1%E7%9C%81%E6%B3%B0%E5%B1%B1_%E5%B1%B1%E4%B8%9C%E7%9C%81%E6%B3%B0%E5%B1%B1_Mount_Tai,_Shandong_Province_%E4%B8%AD%E5%9C%8B%E6%97%85%E9%81%8A_%E4%B8%AD%E5%9B%BD%E6%97%85%E6%B8%B8_China_Tourism_SML.20121011.7D.09489.C23PS_(8363556430).jpg"
Taichung,hero,City Photo File,images/cities/taichung.jpg,images/cities/taichung.webp
Taichung,West District (Xiqu),Hood 1 Photo File,,images/hoods/taichung--west-district-xiqu.webp
Taichung,West District (Xiqu),Hood 1 Photo Credit,,"https://commons.wikimedia.org/wiki/File:20171204_Intersection_of_Jianxing_Road_and_Section_2,_Taiwan_Boulevard_in_West_District,_Taichung,_Taiwan_%E5%8F%B0%E7%81%A3%E5%8F%B0%E4%B8%AD%E5%B8%82%E8%A5%BF%E5%8D%80%E5%81%A5%E8%A1%8C%E8%B7%AF%E5%8F%8A%E5%8F%B0%E7%81%A3%E5%A4%A7%E9%81%93%E4%BA%8C%E6%AE%B5%E8%B7%AF%E5%8F%A3_(IMG_0801).jpg"
Taichung,Central District (Zhongqu),Hood 2 Photo File,,images/hoods/taichung--central-district-zhongqu.webp
Taichung,Central District (Zhongqu),Hood 2 Photo Credit,,https://commons.wikimedia.org/wiki/File:20250207_080413_Hotel_Leisure_Taichung.jpg
Taichung,Xitun District (Fengjia),Hood 3 Photo File,,images/hoods/taichung--xitun-district-fengjia.webp
Taichung,Xitun District (Fengjia),Hood 3 Photo Credit,,"https://commons.wikimedia.org/wiki/File:407,_Taiwan,_%E5%8F%B0%E4%B8%AD%E5%B8%82%E8%A5%BF%E5%B1%AF%E5%8D%80%E6%83%A0%E4%BE%86%E9%87%8C_-_panoramio_(7).jpg"
Taichung,North District (Beiqu),Hood 4 Photo File,,images/hoods/taichung--north-district-beiqu.webp
Taichung,North District (Beiqu),Hood 4 Photo Credit,,https://commons.wikimedia.org/wiki/File:20250310_131859_skykid_skyschool.jpg
Taichung,Beitun District,Hood 5 Photo File,,images/hoods/taichung--beitun-district.webp
Taichung,Beitun District,Hood 5 Photo Credit,,https://commons.wikimedia.org/wiki/File:20250721_150434_Beitun_Road_from_TMRT_Songzhu.jpg
Tainan,hero,City Photo File,images/cities/tainan.jpg,images/cities/tainan.webp
Tainan,West Central District (Zhongxi),Hood 1 Photo File,,images/hoods/tainan--west-central-district-zhongxi.webp
Tainan,West Central District (Zhongxi),Hood 1 Photo Credit,,https://commons.wikimedia.org/wiki/File:2013-09-14_10.25.26_%E5%8F%B0%E5%8D%97%E5%B8%82%E5%8F%AF%E6%84%9B%E7%9C%8B%E6%9D%BF.jpg
Tainan,Anping District,Hood 2 Photo File,,images/hoods/tainan--anping-district.webp
Tainan,Anping District,Hood 2 Photo Credit,,https://commons.wikimedia.org/wiki/File:%E5%8F%B0%E5%8D%97%E5%B8%82%E4%BA%8C%E4%BA%8C%E5%85%AB%E7%B4%80%E5%BF%B5%E7%A2%91%E5%81%B4%E6%99%AF.jpg
Tainan,East District (Dong Qu),Hood 3 Photo File,,images/hoods/tainan--east-district-dong-qu.webp
Tainan,East District (Dong Qu),Hood 3 Photo Credit,,https://commons.wikimedia.org/wiki/File:%E9%80%81%E5%AD%90%E8%A7%80%E9%9F%B3.jpg
Tainan,North District (Bei Qu),Hood 4 Photo File,,images/hoods/tainan--north-district-bei-qu.webp
Tainan,North District (Bei Qu),Hood 4 Photo Credit,,https://commons.wikimedia.org/wiki/File:Tainan_Park_%E5%8F%B0%E5%8D%97%E5%85%AC%E5%9C%92_-_panoramio.jpg
Tainan,South District (Nan Qu),Hood 5 Photo File,,images/hoods/tainan--south-district-nan-qu.webp
Tainan,South District (Nan Qu),Hood 5 Photo Credit,,https://commons.wikimedia.org/wiki/File:Xinxing_PublicHousing_Sight2.jpg
Taipei,hero,City Photo File,images/cities/taipei.jpg,images/cities/taipei.webp
Taipei,Xinyi,Hood 1 Photo File,images/hoods/taipei--xinyi.jpg,images/hoods/taipei--xinyi.webp
Taipei,Ximending,Hood 2 Photo File,images/hoods/taipei--ximending.jpg,images/hoods/taipei--ximending.webp
Taipei,Da'an,Hood 3 Photo File,images/hoods/taipei--da-an.jpg,images/hoods/taipei--da-an.webp
Taipei,Zhongshan,Hood 4 Photo File,images/hoods/taipei--zhongshan.jpg,images/hoods/taipei--zhongshan.webp
Taipei,Shilin,Hood 5 Photo File,images/hoods/taipei--shilin.jpg,images/hoods/taipei--shilin.webp
Takamatsu,hero,City Photo File,images/cities/takamatsu.jpg,images/cities/takamatsu.webp
Takamatsu,hero,City Photo Credit,https://commons.wikimedia.org/wiki/File:Hanazyukai20220729_7a.jpg,https://commons.wikimedia.org/wiki/File:Takamatsu_from_Mineyama.JPG
Takamatsu,Takamatsu Station / Sunport,Hood 1 Photo File,,images/hoods/takamatsu--takamatsu-station-sunport.webp
Takamatsu,Takamatsu Station / Sunport,Hood 1 Photo Credit,,https://commons.wikimedia.org/wiki/File:JR_Takamatsu_Sta._-_panoramio.jpg
Takamatsu,Kawaramachi,Hood 2 Photo File,,images/hoods/takamatsu--kawaramachi.webp
Takamatsu,Kawaramachi,Hood 2 Photo Credit,,https://commons.wikimedia.org/wiki/File:Kotoden_Kawaramachi_Building.jpg
Takamatsu,Ritsurin Garden area,Hood 3 Photo File,,images/hoods/takamatsu--ritsurin-garden-area.webp
Takamatsu,Ritsurin Garden area,Hood 3 Photo Credit,,https://commons.wikimedia.org/wiki/File:Photo_du_Gun%27o-chi.jpg
Takamatsu,Yashima,Hood 4 Photo File,,images/hoods/takamatsu--yashima.webp
Takamatsu,Yashima,Hood 4 Photo Credit,,https://commons.wikimedia.org/wiki/File:Beautifully_Abandoned_(8924879937).jpg
Tallinn,hero,City Photo File,images/cities/tallinn.jpg,images/cities/tallinn.webp
Tallinn,Vanalinn (Old Town),Hood 1 Photo File,images/hoods/tallinn--vanalinn-old-town.jpg,images/hoods/tallinn--vanalinn-old-town.webp
Tallinn,Kalamaja,Hood 2 Photo File,images/hoods/tallinn--kalamaja.jpg,images/hoods/tallinn--kalamaja.webp
Tallinn,Kadriorg,Hood 3 Photo File,images/hoods/tallinn--kadriorg.jpg,images/hoods/tallinn--kadriorg.webp
Tallinn,Pirita,Hood 4 Photo File,images/hoods/tallinn--pirita.jpg,images/hoods/tallinn--pirita.webp
Tallinn,Rotermann,Hood 5 Photo File,images/hoods/tallinn--rotermann.jpg,images/hoods/tallinn--rotermann.webp
Tallinn,Rotermann,Hood 5 Photo Credit,https://www.pexels.com/photo/night-street-view-with-light-trails-in-tallinn-36566370/,https://commons.wikimedia.org/wiki/File:Rotermann_Quarter_Tallinn_-_panoramio_(1).jpg
Tamanrasset,hero,City Photo File,images/cities/tamanrasset.jpg,images/cities/tamanrasset.webp
Tamanrasset,hero,City Photo Credit,https://commons.wikimedia.org/wiki/File:Cour_d%27assises_de_Tamanrasset_%D9%85%D8%AC%D9%84%D8%B3_%D9%82%D8%B6%D8%A7%D8%A1_%D8%AA%D9%85%D9%86%D8%B1%D8%A7%D8%B3%D8%AA.jpg,https://commons.wikimedia.org/wiki/File:Lever_de_soleil_Tamanrasset.jpg
Tampa,hero,City Photo File,images/cities/tampa.jpg,images/cities/tampa.webp
Tampa,Downtown / Water Street,Hood 1 Photo File,,images/hoods/tampa--downtown-water-street.webp
Tampa,Downtown / Water Street,Hood 1 Photo Credit,,https://commons.wikimedia.org/wiki/File:Architect_Stephanie_Ferrell_of_Tampa_represents_DSG_in_Tampa_(8471024625).jpg
Tampa,Ybor City,Hood 2 Photo File,,images/hoods/tampa--ybor-city.webp
Tampa,Ybor City,Hood 2 Photo Credit,,"https://commons.wikimedia.org/wiki/File:East_Tampa,_Tampa,_FL,_USA_-_panoramio_(1).jpg"
Tampa,Hyde Park,Hood 3 Photo File,,images/hoods/tampa--hyde-park.webp
Tampa,Hyde Park,Hood 3 Photo Credit,,"https://commons.wikimedia.org/wiki/File:Tampa,Florida,USA._-_panoramio_(8).jpg"
Tampa,Channel District,Hood 4 Photo File,,images/hoods/tampa--channel-district.webp
Tampa,Channel District,Hood 4 Photo Credit,,https://commons.wikimedia.org/wiki/File:20120414_John_H_Glenn_fireboat_sunset.JPG
Tampa,Westshore,Hood 5 Photo File,,images/hoods/tampa--westshore.webp
Tampa,Westshore,Hood 5 Photo Credit,,"https://commons.wikimedia.org/wiki/File:Westshore_Palms,_Tampa,_FL_33609,_USA_-_panoramio.jpg"
Tampere,hero,City Photo File,images/cities/tampere.jpg,images/cities/tampere.webp
Tampere,hero,City Photo Credit,https://commons.wikimedia.org/wiki/File:Tampere.lippu.svg,https://commons.wikimedia.org/wiki/File:Tampere3.jpg
Tampere,Keskusta (City Centre),Hood 1 Photo File,,images/hoods/tampere--keskusta-city-centre.webp
Tampere,Keskusta (City Centre),Hood 1 Photo Credit,,https://commons.wikimedia.org/wiki/File:FI-Tampere-20131006_143924_HDR.JPG
Tampere,Pyynikki,Hood 3 Photo File,,images/hoods/tampere--pyynikki.webp
Tampere,Pyynikki,Hood 3 Photo Credit,,https://commons.wikimedia.org/wiki/File:Pyynikin_n%C3%A4k%C3%B6torni_Tampere.jpg
Tampere,Tammela,Hood 4 Photo File,,images/hoods/tampere--tammela.webp
Tampere,Tammela,Hood 4 Photo Credit,,https://commons.wikimedia.org/wiki/File:FI-Tampere-20131007_153348_HDR.JPG
Tangier,hero,City Photo File,images/cities/tangier.jpg,images/cities/tangier.webp
Tangier,hero,City Photo Credit,https://commons.wikimedia.org/wiki/File:Tanger_cor.jpg,https://commons.wikimedia.org/wiki/File:Markala_beautiful_beach_in_Tangier_Morocco.jpg
Tangier,Medina,Hood 1 Photo File,,images/hoods/tangier--medina.webp
Tangier,Medina,Hood 1 Photo Credit,,https://commons.wikimedia.org/wiki/File:La_Grande_Mosqu%C3%A9e_de_Tanger.jpg
Tangier,Kasbah,Hood 2 Photo File,,images/hoods/tangier--kasbah.webp
Tangier,Kasbah,Hood 2 Photo Credit,,https://commons.wikimedia.org/wiki/File:Kasbah_de_Tanger_3.jpg
Tangier,Malabata,Hood 4 Photo File,,images/hoods/tangier--malabata.webp
Tangier,Malabata,Hood 4 Photo Credit,,https://commons.wikimedia.org/wiki/File:Faro_de_Cabo_Malabata.jpg
Tangier,Marshan,Hood 5 Photo File,,images/hoods/tangier--marshan.webp
Tangier,Marshan,Hood 5 Photo Credit,,"https://commons.wikimedia.org/wiki/File:Marshan,_Tangier,_Morocco_-_panoramio.jpg"
Taormina,hero,City Photo File,images/cities/taormina.jpg,images/cities/taormina.webp
Taormina,Corso Umberto (Historic Center),Hood 1 Photo File,,images/hoods/taormina--corso-umberto-historic-center.webp
Taormina,Corso Umberto (Historic Center),Hood 1 Photo Credit,,"https://commons.wikimedia.org/wiki/File:98039_Taormina,_Province_of_Messina,_Italy_-_panoramio_(3).jpg"
Taormina,Castelmola,Hood 2 Photo File,,images/hoods/taormina--castelmola.webp
Taormina,Castelmola,Hood 2 Photo Credit,,https://commons.wikimedia.org/wiki/File:Castelmola_Sicilia.jpg
Taormina,Mazzarò,Hood 3 Photo File,,images/hoods/taormina--mazzaro.webp
Taormina,Mazzarò,Hood 3 Photo Credit,,https://commons.wikimedia.org/wiki/File:Beautiful_beaches_of_Isola_Bella_Taormina_(5749375610).jpg
Taormina,Giardini Naxos,Hood 4 Photo File,,images/hoods/taormina--giardini-naxos.webp
Taormina,Giardini Naxos,Hood 4 Photo Credit,,"https://commons.wikimedia.org/wiki/File:Lungomare_Tysandros,_78,_Giardini_Naxos_ME,_Italy_-_panoramio.jpg"
Taormina,Mazzarò,Hood 5 Photo File,,images/hoods/taormina--mazzaro.webp
Taormina,Mazzarò,Hood 5 Photo Credit,,https://commons.wikimedia.org/wiki/File:Beautiful_beaches_of_Isola_Bella_Taormina_(5749375610).jpg
Tarragona,hero,City Photo File,images/cities/tarragona.jpg,images/cities/tarragona.webp
Tarragona,Part Alta,Hood 1 Photo File,,images/hoods/tarragona--part-alta.webp
Tarragona,Part Alta,Hood 1 Photo Credit,,"https://commons.wikimedia.org/wiki/File:Pla%C3%A7a_del_Rei,_Tarragona_01.jpg"
Tarragona,Rambla Nova (Centre),Hood 2 Photo File,,images/hoods/tarragona--rambla-nova-centre.webp
Tarragona,Rambla Nova (Centre),Hood 2 Photo Credit,,https://commons.wikimedia.org/wiki/File:Concurs_de_Castells_de_Tarragona_2024_-_20241006_082823.jpg
Tarragona,El Serrallo,Hood 3 Photo File,,images/hoods/tarragona--el-serrallo.webp
Tarragona,El Serrallo,Hood 3 Photo Credit,,https://commons.wikimedia.org/wiki/File:3de7a_Xiquets_del_Serrallo-2010.jpg
Tarragona,El Miracle (Beachfront),Hood 4 Photo File,,images/hoods/tarragona--el-miracle-beachfront.webp
Tarragona,El Miracle (Beachfront),Hood 4 Photo Credit,,https://commons.wikimedia.org/wiki/File:Se%C3%B1aletica_El_Milagro.jpg
Tashkent,hero,City Photo File,images/cities/tashkent.jpg,images/cities/tashkent.webp
Tashkent,City Center (Amir Timur Square),Hood 1 Photo File,,images/hoods/tashkent--city-center-amir-timur-square.webp
Tashkent,City Center (Amir Timur Square),Hood 1 Photo Credit,,https://commons.wikimedia.org/wiki/File:Toshkent_city_mall.jpg
Tashkent,Yunusabad,Hood 2 Photo File,,images/hoods/tashkent--yunusabad.webp
Tashkent,Yunusabad,Hood 2 Photo Credit,,https://commons.wikimedia.org/wiki/File:%D0%92%D1%8B%D1%81%D1%88%D0%B0%D1%8F_%D1%82%D0%BE%D1%87%D0%BA%D0%B0_%D1%8E%D0%BD%D1%83%D1%81%D0%B0%D0%B1%D0%B0%D0%B4_%D0%B0%D0%BA%D1%82%D0%B5%D0%BF%D0%B0.jpg
Tashkent,Old City (Chorsu),Hood 3 Photo File,,images/hoods/tashkent--old-city-chorsu.webp
Tashkent,Old City (Chorsu),Hood 3 Photo Credit,,https://commons.wikimedia.org/wiki/File:Tashkent_Old_City.jpg
Tashkent,Mirzo Ulugbek,Hood 4 Photo File,,images/hoods/tashkent--mirzo-ulugbek.webp
Tashkent,Mirzo Ulugbek,Hood 4 Photo Credit,,https://commons.wikimedia.org/wiki/File:Mirzo_Ulug%CA%BBbek_haykali.jpg
Tashkent,Yakkasaray,Hood 5 Photo File,,images/hoods/tashkent--yakkasaray.webp
Tashkent,Yakkasaray,Hood 5 Photo Credit,,https://commons.wikimedia.org/wiki/File:18.10.2024_a.jpg
Taupo,hero,City Photo File,images/cities/taupo.jpg,images/cities/taupo.webp
Taupo,Two Mile Bay,Hood 2 Photo File,,images/hoods/taupo--two-mile-bay.webp
Taupo,Two Mile Bay,Hood 2 Photo Credit,,https://commons.wikimedia.org/wiki/File:Astro_at_West_Bay_-_Flickr_-_Robin_Mulligan.jpg
Taupo,Acacia Bay,Hood 3 Photo File,,images/hoods/taupo--acacia-bay.webp
Taupo,Acacia Bay,Hood 3 Photo Credit,,https://commons.wikimedia.org/wiki/File:Milnthorpe_Park_ADW_004.jpg
Taupo,Nukuhau,Hood 4 Photo File,,images/hoods/taupo--nukuhau.webp
Taupo,Nukuhau,Hood 4 Photo Credit,,https://commons.wikimedia.org/wiki/File:Close-up_of_the_inscription_(OpenBenches_3117).jpg
Taupo,Kinloch,Hood 5 Photo File,,images/hoods/taupo--kinloch.webp
Taupo,Kinloch,Hood 5 Photo Credit,,"https://commons.wikimedia.org/wiki/File:Lake_Taupo,_North_Island,_New_Zealand_-_panoramio.jpg"
Tbilisi,hero,City Photo File,images/cities/tbilisi.jpg,images/cities/tbilisi.webp
Tbilisi,Old Town (Dzveli Tbilisi),Hood 1 Photo File,images/hoods/tbilisi--old-town-dzveli-tbilisi.jpg,images/hoods/tbilisi--old-town-dzveli-tbilisi.webp
Tbilisi,Vake,Hood 2 Photo File,images/hoods/tbilisi--vake.jpg,images/hoods/tbilisi--vake.webp
Tbilisi,Vera,Hood 3 Photo File,images/hoods/tbilisi--vera.jpg,images/hoods/tbilisi--vera.webp
Tbilisi,Saburtalo,Hood 4 Photo File,images/hoods/tbilisi--saburtalo.jpg,images/hoods/tbilisi--saburtalo.webp
Tbilisi,Sololaki,Hood 5 Photo File,images/hoods/tbilisi--sololaki.jpg,images/hoods/tbilisi--sololaki.webp
Tegucigalpa,hero,City Photo File,images/cities/tegucigalpa.jpg,images/cities/tegucigalpa.webp
Tegucigalpa,Colonia Palmira,Hood 1 Photo File,,images/hoods/tegucigalpa--colonia-palmira.webp
Tegucigalpa,Colonia Palmira,Hood 1 Photo Credit,,https://commons.wikimedia.org/wiki/File:UTUPalmira.jpg
Tegucigalpa,Boulevard Morazán / Multiplaza,Hood 3 Photo File,,images/hoods/tegucigalpa--boulevard-morazan-multiplaza.webp
Tegucigalpa,Boulevard Morazán / Multiplaza,Hood 3 Photo Credit,,https://commons.wikimedia.org/wiki/File:Estadio_Morazan_5.jpg
Tegucigalpa,Comayagüela / Centro Histórico,Hood 4 Photo File,,images/hoods/tegucigalpa--comayaguela-centro-historico.webp
Tegucigalpa,Comayagüela / Centro Histórico,Hood 4 Photo Credit,,https://commons.wikimedia.org/wiki/File:InmaculadaConcepci%C3%B3nComayaguela_01.JPG
Tegucigalpa,Colonia San Carlos / Los Próceres,Hood 5 Photo File,,images/hoods/tegucigalpa--colonia-san-carlos-los-proceres.webp
Tegucigalpa,Colonia San Carlos / Los Próceres,Hood 5 Photo Credit,,https://commons.wikimedia.org/wiki/File:Muelle_en_la_laguna_Iber%C3%A1_(Colonia_Carlos_Pellegrini).jpg
Tehran,hero,City Photo File,images/cities/tehran.jpg,images/cities/tehran.webp
Tehran,Downtown (Ferdowsi/Imam Khomeini Square),Hood 1 Photo File,,images/hoods/tehran--downtown-ferdowsi-imam-khomeini-square.webp
Tehran,Downtown (Ferdowsi/Imam Khomeini Square),Hood 1 Photo Credit,,https://commons.wikimedia.org/wiki/File:Sanandaj_city_center.jpg
Tehran,Vali Asr / Vanak,Hood 2 Photo File,,images/hoods/tehran--vali-asr-vanak.webp
Tehran,Vali Asr / Vanak,Hood 2 Photo Credit,,https://commons.wikimedia.org/wiki/File:Meydan-e_Vali_Asr_Metro_Station_Entrance.jpg
Tehran,Elahieh / Jordan (Africa Street),Hood 4 Photo File,,images/hoods/tehran--elahieh-jordan-africa-street.webp
Tehran,Elahieh / Jordan (Africa Street),Hood 4 Photo Credit,,"https://commons.wikimedia.org/wiki/File:Iran_Elahiyeh,_Tehran,_Iran_(9116203127).jpg"
Tehran,Tajrish,Hood 5 Photo File,,images/hoods/tehran--tajrish.webp
Tehran,Tajrish,Hood 5 Photo Credit,,https://commons.wikimedia.org/wiki/File:Iran_-_Tehran_view_from_Jamshidiyeh_Park_-_panoramio.jpg
Tel Aviv,hero,City Photo File,images/cities/tel-aviv.jpg,images/cities/tel-aviv.webp
Tel Aviv,Florentin,Hood 1 Photo File,,images/hoods/tel-aviv--florentin.webp
Tel Aviv,Florentin,Hood 1 Photo Credit,,https://commons.wikimedia.org/wiki/File:PikiWiki_Israel_69381_old_building_in_south_tel_aviv.jpg
Tel Aviv,Neve Tzedek,Hood 2 Photo File,images/hoods/tel-aviv--neve-tzedek.jpg,images/hoods/tel-aviv--neve-tzedek.webp
Tel Aviv,Jaffa (Yafo),Hood 3 Photo File,images/hoods/tel-aviv--jaffa-yafo.jpg,images/hoods/tel-aviv--jaffa-yafo.webp
Tel Aviv,Rothschild (Lev Ha'ir),Hood 4 Photo File,images/hoods/tel-aviv--rothschild-lev-ha-ir.jpg,images/hoods/tel-aviv--rothschild-lev-ha-ir.webp
The Hague,hero,City Photo File,images/cities/the-hague.jpg,images/cities/the-hague.webp
The Hague,Centrum,Hood 1 Photo File,,images/hoods/the-hague--centrum.webp
The Hague,Centrum,Hood 1 Photo Credit,,"https://commons.wikimedia.org/wiki/File:Netherlands,_The_Hague,_Spekstraat_(02).jpg"
The Hague,Scheveningen,Hood 2 Photo File,,images/hoods/the-hague--scheveningen.webp
The Hague,Scheveningen,Hood 2 Photo Credit,,https://commons.wikimedia.org/wiki/File:A_place_to_rest_(21085930125).jpg
The Hague,Statenkwartier,Hood 3 Photo File,,images/hoods/the-hague--statenkwartier.webp
The Hague,Statenkwartier,Hood 3 Photo Credit,,https://commons.wikimedia.org/wiki/File:Europol_Building;_The_Hague;_Eisenhowerlaan;_Statenkwartier;_2014;_photo_nr._41850.jpg
The Hague,Zeeheldenkwartier,Hood 4 Photo File,,images/hoods/the-hague--zeeheldenkwartier.webp
The Hague,Zeeheldenkwartier,Hood 4 Photo Credit,,"https://commons.wikimedia.org/wiki/File:Den_Haag-Zeeheldenkwartier,_muurschildering_van_Mariska_Veres_op_het_Prins_Hendrikplein_gemaakt_door_Beyond_IMG_00682021-08-03_09.16.jpg"
The Hague,Archipelbuurt,Hood 5 Photo File,,images/hoods/the-hague--archipelbuurt.webp
The Hague,Archipelbuurt,Hood 5 Photo Credit,,https://commons.wikimedia.org/wiki/File:Nassauplein13_01.jpg
The Valley,hero,City Photo File,images/cities/the-valley.jpg,images/cities/the-valley.webp
The Valley,hero,City Photo Credit,https://commons.wikimedia.org/wiki/File:Wallblake_House%2C_The_Valley.jpg,https://commons.wikimedia.org/wiki/File:Cap_Juluca_-_Anguilla.jpg
The Valley,The Valley (Town Centre),Hood 1 Photo File,,images/hoods/the-valley--the-valley-town-centre.webp
The Valley,The Valley (Town Centre),Hood 1 Photo Credit,,"https://commons.wikimedia.org/wiki/File:Charlton_Athletic_Football_Club_Ground,_SE7_-_geograph.org.uk_-_3970783.jpg"
The Valley,Shoal Bay East,Hood 3 Photo File,,images/hoods/the-valley--shoal-bay-east.webp
The Valley,Shoal Bay East,Hood 3 Photo Credit,,https://commons.wikimedia.org/wiki/File:Brittle_stars_at_East_Shoal_P8150962.JPG
The Valley,Meads Bay,Hood 4 Photo File,,images/hoods/the-valley--meads-bay.webp
The Valley,Meads Bay,Hood 4 Photo Credit,,https://commons.wikimedia.org/wiki/File:Bigelow%27s_monkeyflower_Mimulus_bigelovii_(f7e3d85c-f3d3-487b-a8c5-b40f9f910b59).jpg
The Valley,Rendezvous Bay,Hood 5 Photo File,,images/hoods/the-valley--rendezvous-bay.webp
The Valley,Rendezvous Bay,Hood 5 Photo Credit,,https://commons.wikimedia.org/wiki/File:005_Pre-EVA-1_Right_Window_Pan_Hi-Res.webp
Thessaloniki,hero,City Photo File,images/cities/thessaloniki.jpg,images/cities/thessaloniki.webp
Thessaloniki,Ladadika,Hood 1 Photo File,images/hoods/thessaloniki--ladadika.jpg,images/hoods/thessaloniki--ladadika.webp
Thessaloniki,Ano Poli,Hood 2 Photo File,images/hoods/thessaloniki--ano-poli.jpg,images/hoods/thessaloniki--ano-poli.webp
Thessaloniki,Kalamaria,Hood 3 Photo File,images/hoods/thessaloniki--kalamaria.jpg,images/hoods/thessaloniki--kalamaria.webp
Thessaloniki,Panorama,Hood 4 Photo File,images/hoods/thessaloniki--panorama.jpg,images/hoods/thessaloniki--panorama.webp
Thessaloniki,Toumba,Hood 5 Photo File,images/hoods/thessaloniki--toumba.jpg,images/hoods/thessaloniki--toumba.webp
Thimphu,hero,City Photo File,images/cities/thimphu.jpg,images/cities/thimphu.webp
Thimphu,hero,City Photo Credit,https://en.wikipedia.org/wiki/File:Tashich%C3%B6dzong_Thimphu-2008-01-23.jpg,"https://commons.wikimedia.org/wiki/File:Tashichho_Dzong,_Bhutan_02.jpg"
Thimphu,Norzin Lam (City Centre),Hood 1 Photo File,,images/hoods/thimphu--norzin-lam-city-centre.webp
Thimphu,Norzin Lam (City Centre),Hood 1 Photo Credit,,"https://commons.wikimedia.org/wiki/File:17_lower_Norzin_Lam,_Thimphu.jpg"
Thimphu,Chang Lam / Chubachu,Hood 2 Photo File,,images/hoods/thimphu--chang-lam-chubachu.webp
Thimphu,Chang Lam / Chubachu,Hood 2 Photo Credit,,"https://commons.wikimedia.org/wiki/File:Dewa_Khangzang_building,_Changlam,_Thimphu.jpg"
Thimphu,Motithang,Hood 3 Photo File,,images/hoods/thimphu--motithang.webp
Thimphu,Motithang,Hood 3 Photo Credit,,"https://commons.wikimedia.org/wiki/File:Royal_Takin_Preserve,_Bhutan_02.jpg"
Thiruvananthapuram,hero,City Photo File,images/cities/thiruvananthapuram.jpg,images/cities/thiruvananthapuram.webp
Thiruvananthapuram,Palayam & MG Road,Hood 2 Photo File,,images/hoods/thiruvananthapuram--palayam-mg-road.webp
Thiruvananthapuram,Palayam & MG Road,Hood 2 Photo Credit,,https://commons.wikimedia.org/wiki/File:NightViewMGRoadTrvm.jpg
Thiruvananthapuram,Kovalam,Hood 3 Photo File,,images/hoods/thiruvananthapuram--kovalam.webp
Thiruvananthapuram,Kovalam,Hood 3 Photo Credit,,https://commons.wikimedia.org/wiki/File:Kovalam_beach(1).jpg
Thiruvananthapuram,Technopark (Kazhakkoottam),Hood 4 Photo File,,images/hoods/thiruvananthapuram--technopark-kazhakkoottam.webp
Thiruvananthapuram,Technopark (Kazhakkoottam),Hood 4 Photo Credit,,https://commons.wikimedia.org/wiki/File:Highmast_light_Technopark.jpg
Timbuktu,hero,City Photo File,images/cities/timbuktu.jpg,images/cities/timbuktu.webp
Timbuktu,Djingareyber,Hood 1 Photo File,,images/hoods/timbuktu--djingareyber.webp
Timbuktu,Djingareyber,Hood 1 Photo Credit,,https://commons.wikimedia.org/wiki/File:Djingareiber_cour.jpg
Timbuktu,Sankoré,Hood 2 Photo File,,images/hoods/timbuktu--sankore.webp
Timbuktu,Sankoré,Hood 2 Photo Credit,,https://commons.wikimedia.org/wiki/File:Sankore_Madrasah.jpg
Timimoun,hero,City Photo File,images/cities/timimoun.jpg,images/cities/timimoun.webp
Timimoun,Old Ksar (Red Town),Hood 1 Photo File,,images/hoods/timimoun--old-ksar-red-town.webp
Timimoun,Old Ksar (Red Town),Hood 1 Photo Credit,,"https://commons.wikimedia.org/wiki/File:Homann_Erben,_Topographica_repraesentatio_barbarici_portus_et_urbis_muntiae_Oran_(FL13722952_2471761).jpg"
Timimoun,Palm Oasis,Hood 2 Photo File,,images/hoods/timimoun--palm-oasis.webp
Timimoun,Palm Oasis,Hood 2 Photo Credit,,https://commons.wikimedia.org/wiki/File:Oasis_Del_Sol_Blade.jpg
Timimoun,Market Area,Hood 3 Photo File,,images/hoods/timimoun--market-area.webp
Timimoun,Market Area,Hood 3 Photo Credit,,https://commons.wikimedia.org/wiki/File:K%C3%9Ctahya_Market_area_8954.jpg
Timimoun,Market Area,Hood 4 Photo File,,images/hoods/timimoun--market-area.webp
Timimoun,Market Area,Hood 4 Photo Credit,,https://commons.wikimedia.org/wiki/File:K%C3%9Ctahya_Market_area_8954.jpg
Tirana,hero,City Photo File,images/cities/tirana.jpg,images/cities/tirana.webp
Tirana,Center (Skanderbeg Square),Hood 1 Photo File,images/hoods/tirana--center-skanderbeg-square.jpg,images/hoods/tirana--center-skanderbeg-square.webp
Tirana,Blloku,Hood 2 Photo File,images/hoods/tirana--blloku.jpg,images/hoods/tirana--blloku.webp
Tirana,Komuna e Parisit,Hood 3 Photo File,images/hoods/tirana--komuna-e-parisit.jpg,images/hoods/tirana--komuna-e-parisit.webp
Tirana,Pyramid / Artificial Lake area,Hood 4 Photo File,images/hoods/tirana--pyramid-artificial-lake-area.jpg,images/hoods/tirana--pyramid-artificial-lake-area.webp
Tirana,Pazari i Ri (New Bazaar),Hood 5 Photo File,images/hoods/tirana--pazari-i-ri-new-bazaar.jpg,images/hoods/tirana--pazari-i-ri-new-bazaar.webp
Tirupati,hero,City Photo File,images/cities/tirupati.jpg,images/cities/tirupati.webp
Tirupati,Tirumala,Hood 1 Photo File,,images/hoods/tirupati--tirumala.webp
Tirupati,Tirumala,Hood 1 Photo Credit,,https://commons.wikimedia.org/wiki/File:Tirumala_tour_2023_01.jpg
Tirupati,Renigunta Road,Hood 3 Photo File,,images/hoods/tirupati--renigunta-road.webp
Tirupati,Renigunta Road,Hood 3 Photo Credit,,https://commons.wikimedia.org/wiki/File:Matheran_India_Map_1911.jpg
Tirupati,Alipiri,Hood 4 Photo File,,images/hoods/tirupati--alipiri.webp
Tirupati,Alipiri,Hood 4 Photo Credit,,https://commons.wikimedia.org/wiki/File:Tirupati_gopuram.jpg
Tofino,hero,City Photo File,images/cities/tofino.jpg,images/cities/tofino.webp
Tofino,hero,City Photo Credit,https://commons.wikimedia.org/wiki/File:Tofino.Vue_vers_l%27est.JPG,https://commons.wikimedia.org/wiki/File:Tofinobeachkjfmartin.jpg
Tofino,Downtown Tofino,Hood 1 Photo File,,images/hoods/tofino--downtown-tofino.webp
Tofino,Downtown Tofino,Hood 1 Photo Credit,,https://commons.wikimedia.org/wiki/File:Pacific_Terminus_(522840541).jpg
Tofino,Chesterman Beach,Hood 2 Photo File,,images/hoods/tofino--chesterman-beach.webp
Tofino,Chesterman Beach,Hood 2 Photo Credit,,https://commons.wikimedia.org/wiki/File:Wickaninnish_Inn_-_panoramio.jpg
Tofino,Cox Bay,Hood 3 Photo File,,images/hoods/tofino--cox-bay.webp
Tofino,Cox Bay,Hood 3 Photo Credit,,"https://commons.wikimedia.org/wiki/File:Driftwood,_Cox_Bay_(5946417240).jpg"
Tofino,MacKenzie Beach,Hood 4 Photo File,,images/hoods/tofino--mackenzie-beach.webp
Tofino,MacKenzie Beach,Hood 4 Photo Credit,,https://commons.wikimedia.org/wiki/File:MacKenzie_Beach_(4137179444).jpg
Tofino,Clayoquot Sound / Around Tofino,Hood 5 Photo File,,images/hoods/tofino--clayoquot-sound-around-tofino.webp
Tofino,Clayoquot Sound / Around Tofino,Hood 5 Photo Credit,,https://commons.wikimedia.org/wiki/File:Birds_in_Provincial_Park_on_Flores_Island.jpg
Tokyo,hero,City Photo File,images/cities/tokyo.jpg,images/cities/tokyo.webp
Tokyo,Shinjuku,Hood 1 Photo File,images/hoods/tokyo--shinjuku.jpg,images/hoods/tokyo--shinjuku.webp
Tokyo,Shinjuku,Hood 1 Photo Credit,https://commons.wikimedia.org/wiki/File:Skyscrapers_of_Shinjuku_2009_January.jpg,https://commons.wikimedia.org/wiki/File:Businesses_in_Shinjuku.jpg
Tokyo,Shibuya,Hood 2 Photo File,images/hoods/tokyo--shibuya.jpg,images/hoods/tokyo--shibuya.webp
Tokyo,Ginza,Hood 3 Photo File,images/hoods/tokyo--ginza.jpg,images/hoods/tokyo--ginza.webp
Tokyo,Asakusa,Hood 4 Photo File,images/hoods/tokyo--asakusa.jpg,images/hoods/tokyo--asakusa.webp
Tokyo,Akihabara,Hood 5 Photo File,images/hoods/tokyo--akihabara.jpg,images/hoods/tokyo--akihabara.webp
Toronto,hero,City Photo File,images/cities/toronto.jpg,images/cities/toronto.webp
Toronto,Kensington Market,Hood 1 Photo File,images/hoods/toronto--kensington-market.jpg,images/hoods/toronto--kensington-market.webp
Toronto,The Annex,Hood 2 Photo File,images/hoods/toronto--the-annex.jpg,images/hoods/toronto--the-annex.webp
Toronto,Yorkville,Hood 3 Photo File,images/hoods/toronto--yorkville.jpg,images/hoods/toronto--yorkville.webp
Toronto,Distillery District,Hood 4 Photo File,images/hoods/toronto--distillery-district.jpg,images/hoods/toronto--distillery-district.webp
Toronto,Queen West,Hood 5 Photo File,images/hoods/toronto--queen-west.jpg,images/hoods/toronto--queen-west.webp
Toulon,hero,City Photo File,images/cities/toulon.jpg,images/cities/toulon.webp
Toulon,hero,City Photo Credit,https://commons.wikimedia.org/wiki/File:Montage_Toulon.JPG,https://commons.wikimedia.org/wiki/File:Toulon_Faron3_P1440701-P1440708.jpg
Toulon,Vieille Ville (Old Town),Hood 1 Photo File,,images/hoods/toulon--vieille-ville-old-town.webp
Toulon,Vieille Ville (Old Town),Hood 1 Photo Credit,,https://commons.wikimedia.org/wiki/File:Vienne_Saint_Maurice_28_07_2011_02_Feuille.jpg
Toulon,Le Mourillon,Hood 2 Photo File,,images/hoods/toulon--le-mourillon.webp
Toulon,Le Mourillon,Hood 2 Photo Credit,,"https://commons.wikimedia.org/wiki/File:Monument_%C3%A0_Toulon_aux_parachutistes_tu%C3%A9s_%C3%A0_Manheim,.jpg"
Toulon,Le Port (Waterfront),Hood 3 Photo File,,images/hoods/toulon--le-port-waterfront.webp
Toulon,Le Port (Waterfront),Hood 3 Photo Credit,,https://commons.wikimedia.org/wiki/File:Statue_sur_la_port_(Toulon).jpg
Toulon,Haute Ville,Hood 4 Photo File,,images/hoods/toulon--haute-ville.webp
Toulon,Haute Ville,Hood 4 Photo Credit,,"https://commons.wikimedia.org/wiki/File:Saint-Georges-Hauteville_(Loire,_Fr),_croix_de_fer.JPG"
Toulouse,hero,City Photo File,images/cities/toulouse.jpg,images/cities/toulouse.webp
Toulouse,Capitole,Hood 1 Photo File,,images/hoods/toulouse--capitole.webp
Toulouse,Capitole,Hood 1 Photo Credit,,https://commons.wikimedia.org/wiki/File:A_street_in_downtown_Toulouse_(6366367193).jpg
Toulouse,Les Carmes,Hood 2 Photo File,,images/hoods/toulouse--les-carmes.webp
Toulouse,Les Carmes,Hood 2 Photo Credit,,https://commons.wikimedia.org/wiki/File:Place_de_la_trinite_face_ouest_toulouse.jpg
Toulouse,Saint-Cyprien,Hood 3 Photo File,,images/hoods/toulouse--saint-cyprien.webp
Toulouse,Saint-Cyprien,Hood 3 Photo Credit,,https://commons.wikimedia.org/wiki/File:Toulouse_Saint-Cyprien_de_nuit.JPG
Toulouse,Saint-Pierre,Hood 4 Photo File,,images/hoods/toulouse--saint-pierre.webp
Toulouse,Saint-Pierre,Hood 4 Photo Credit,,https://commons.wikimedia.org/wiki/File:Neige_2013_Toulouse_-_Lampadaire_Quai_Saint-Pierre.jpg
Toulouse,Saint-Étienne,Hood 5 Photo File,,images/hoods/toulouse--saint-etienne.webp
Toulouse,Saint-Étienne,Hood 5 Photo Credit,,"https://commons.wikimedia.org/wiki/File:Toulouse_,_fontaine_Saint-Etienne_-_Fonds_Trutat_-_MHNT.PHa.912.T028.jpg"
Tours,hero,City Photo File,images/cities/tours.jpg,images/cities/tours.webp
Tours,Vieux-Tours (Place Plumereau),Hood 1 Photo File,,images/hoods/tours--vieux-tours-place-plumereau.webp
Tours,Vieux-Tours (Place Plumereau),Hood 1 Photo Credit,,https://commons.wikimedia.org/wiki/File:Tour_Saint-Jean-le-Vieux_01.jpg
Tours,Cathédrale Quarter,Hood 2 Photo File,,images/hoods/tours--cathedrale-quarter.webp
Tours,Cathédrale Quarter,Hood 2 Photo Credit,,https://www.flickr.com/photos/90589513@N00/7474891710/
Tours,Gare & Grammont,Hood 3 Photo File,,images/hoods/tours--gare-grammont.webp
Tours,Gare & Grammont,Hood 3 Photo Credit,,https://commons.wikimedia.org/wiki/File:Gare_de_Grammont_-_2019-08-19_-_escaliers_-_01.jpg
Tours,Les Halles,Hood 4 Photo File,,images/hoods/tours--les-halles.webp
Tours,Les Halles,Hood 4 Photo Credit,,https://commons.wikimedia.org/wiki/File:Tours_-_Les_Halles_-_March%C3%A9_2017.jpg
Tours,Prébendes d'Oé,Hood 5 Photo File,,images/hoods/tours--prebendes-d-oe.webp
Tours,Prébendes d'Oé,Hood 5 Photo Credit,,https://commons.wikimedia.org/wiki/File:Tours_-_Jardin_des_Pr%C3%A9bendes_d%27O%C3%A9_-_09.jpg
Tozeur,hero,City Photo File,images/cities/tozeur.jpg,images/cities/tozeur.webp
Tozeur,Ouled el-Hadef (Medina),Hood 1 Photo File,,images/hoods/tozeur--ouled-el-hadef-medina.webp
Tozeur,Ouled el-Hadef (Medina),Hood 1 Photo Credit,,"https://commons.wikimedia.org/wiki/File:Bortal_Abderrazak_El_Hadfi,_Medina_of_Tozeur_(Ouled_El_Hadef)_02.jpg"
Tozeur,Bled El Hadhar,Hood 5 Photo File,,images/hoods/tozeur--bled-el-hadhar.webp
Tozeur,Bled El Hadhar,Hood 5 Photo Credit,,https://commons.wikimedia.org/wiki/File:Mosque_of_Bled_El_Hadhar_01.jpg
Trabzon,hero,City Photo File,images/cities/trabzon.jpg,images/cities/trabzon.webp
Trabzon,Meydan (Atatürk Alanı),Hood 1 Photo File,,images/hoods/trabzon--meydan-ataturk-alani.webp
Trabzon,Meydan (Atatürk Alanı),Hood 1 Photo Credit,,https://commons.wikimedia.org/wiki/File:ATATURK_HEYKELI.TRABZON_-_panoramio.jpg
Trabzon,Ortahisar,Hood 2 Photo File,,images/hoods/trabzon--ortahisar.webp
Trabzon,Ortahisar,Hood 2 Photo Credit,,https://commons.wikimedia.org/wiki/File:Ortahisar_qalas%C4%B1_Trabzon_(1).jpg
Trabzon,Boztepe,Hood 4 Photo File,,images/hoods/trabzon--boztepe.webp
Trabzon,Boztepe,Hood 4 Photo Credit,,"https://commons.wikimedia.org/wiki/File:Pubblicazioni_edite_a_trebisonda,_anni_1930,_boztepe.jpg"
Trier,hero,City Photo File,images/cities/trier.jpg,images/cities/trier.webp
Trier,Altstadt (Old Town),Hood 1 Photo File,,images/hoods/trier--altstadt-old-town.webp
Trier,Altstadt (Old Town),Hood 1 Photo Credit,,https://commons.wikimedia.org/wiki/File:Trier_BW_2016-08-22_19-39-10.jpg
Trier,Trier-Süd,Hood 2 Photo File,,images/hoods/trier--trier-sud.webp
Trier,Trier-Süd,Hood 2 Photo Credit,,"https://commons.wikimedia.org/wiki/File:Aerial_view_of_Trier_airfield,_Germany,_on_26_August_1944_(215003863).jpg"
Trier,Zurlauben,Hood 3 Photo File,,images/hoods/trier--zurlauben.webp
Trier,Zurlauben,Hood 3 Photo Credit,,https://commons.wikimedia.org/wiki/File:Trier_Mosel_Flood_in_December_1993_-_Zurlauben.jpg
Trier,Kürenz,Hood 4 Photo File,,images/hoods/trier--kurenz.webp
Trier,Kürenz,Hood 4 Photo Credit,,https://commons.wikimedia.org/wiki/File:Trier_BW_2018-06-03_09-33-52.jpg
Trier,Pallien,Hood 5 Photo File,,images/hoods/trier--pallien.webp
Trier,Pallien,Hood 5 Photo Credit,,https://commons.wikimedia.org/wiki/File:Kaiser-Wilhelm-Br%C3%BCcke-in-Trier-HB05129.jpg
Trincomalee,hero,City Photo File,images/cities/trincomalee.jpg,images/cities/trincomalee.webp
Trincomalee,Uppuveli,Hood 2 Photo File,,images/hoods/trincomalee--uppuveli.webp
Trincomalee,Uppuveli,Hood 2 Photo Credit,,"https://commons.wikimedia.org/wiki/File:Puffer_fish_at_Nilaveli,_Sri_lanka.jpg"
Trincomalee,Nilaveli,Hood 3 Photo File,,images/hoods/trincomalee--nilaveli.webp
Trincomalee,Nilaveli,Hood 3 Photo Credit,,https://commons.wikimedia.org/wiki/File:Bade_Tag_-_panoramio.jpg
Trincomalee,Dutch Bay,Hood 4 Photo File,,images/hoods/trincomalee--dutch-bay.webp
Trincomalee,Dutch Bay,Hood 4 Photo Credit,,"https://commons.wikimedia.org/wiki/File:De_pers_wordt_met_roeiboten_vanaf_H.M._kruiser_De_Ruyter_in_Saba_aan_land_gebrac,_Bestanddeelnr_252-3966.jpg"
Trinidad,hero,City Photo File,images/cities/trinidad.jpg,images/cities/trinidad.webp
Trinidad,Plaza Mayor,Hood 1 Photo File,,images/hoods/trinidad--plaza-mayor.webp
Trinidad,Plaza Mayor,Hood 1 Photo Credit,,https://commons.wikimedia.org/wiki/File:Perspectiva_basada_en_la_verja_de_Plaza_Mayor_-_panoramio.jpg
Trinidad,Barrio La Popa,Hood 2 Photo File,,images/hoods/trinidad--barrio-la-popa.webp
Trinidad,Barrio La Popa,Hood 2 Photo Credit,,https://commons.wikimedia.org/wiki/File:Postal_Cartegena_de_Indias_-_Barrio_al_Pie_de_la_Popa.jpg
Trinidad,Calle Colón / San Procopio,Hood 4 Photo File,,images/hoods/trinidad--calle-colon-san-procopio.webp
Trinidad,Calle Colón / San Procopio,Hood 4 Photo Credit,,https://commons.wikimedia.org/wiki/File:Archivo_Municipal_e_Instituto_de_la_Mujer_(5017127689).jpg
Trinidad,Playa Ancón,Hood 5 Photo File,,images/hoods/trinidad--playa-ancon.webp
Trinidad,Playa Ancón,Hood 5 Photo Credit,,https://commons.wikimedia.org/wiki/File:Caribe-Grill_-_panoramio.jpg
Tripoli,hero,City Photo File,images/cities/tripoli.jpg,images/cities/tripoli.webp
Tripoli,Medina (Old City),Hood 1 Photo File,,images/hoods/tripoli--medina-old-city.webp
Tripoli,Medina (Old City),Hood 1 Photo Credit,,"https://commons.wikimedia.org/wiki/File:Karamanli_Mosque_-_Old_Market,_Tripoli,_Libya_-_panoramio.jpg"
Tripoli,Martyrs' Square / Downtown Waterfront,Hood 2 Photo File,,images/hoods/tripoli--martyrs-square-downtown-waterfront.webp
Tripoli,Martyrs' Square / Downtown Waterfront,Hood 2 Photo Credit,,"https://commons.wikimedia.org/wiki/File:The_Green_Square_at_Tripoli,_Libya_-_panoramio.jpg"
Tripoli,Hay Andalus,Hood 4 Photo File,,images/hoods/tripoli--hay-andalus.webp
Tripoli,Hay Andalus,Hood 4 Photo Credit,,https://commons.wikimedia.org/wiki/File:C%C3%A1ntaro_de_Moveros.jpg
Tripoli,Janzour,Hood 5 Photo File,,images/hoods/tripoli--janzour.webp
Tripoli,Janzour,Hood 5 Photo Credit,,https://commons.wikimedia.org/wiki/File:%D9%85%D8%AF%D9%8A%D9%86%D8%A9_%D8%AC%D9%86%D8%B2%D9%88%D8%B1.jpg
Tromso,hero,City Photo File,images/cities/tromso.jpg,images/cities/tromso.webp
Tromso,Tromsdalen,Hood 2 Photo File,,images/hoods/tromso--tromsdalen.webp
Tromso,Tromsdalen,Hood 2 Photo Credit,,https://commons.wikimedia.org/wiki/File:Tromsdalen_(7801606058).jpg
Tromso,Bjerkaker,Hood 3 Photo File,,images/hoods/tromso--bjerkaker.webp
Tromso,Bjerkaker,Hood 3 Photo Credit,,https://commons.wikimedia.org/wiki/File:Myreng_-_panoramio.jpg
Tromso,Breivika,Hood 4 Photo File,,images/hoods/tromso--breivika.webp
Tromso,Breivika,Hood 4 Photo Credit,,https://commons.wikimedia.org/wiki/File:2010-08-02_-_Troms%C3%B8_-_Blick_vom_Hafen_-_panoramio.jpg
Trujillo,hero,City Photo File,images/cities/trujillo.jpg,images/cities/trujillo.webp
Trujillo,Centro Histórico,Hood 1 Photo File,,images/hoods/trujillo--centro-historico.webp
Trujillo,Centro Histórico,Hood 1 Photo Credit,,"https://commons.wikimedia.org/wiki/File:Abendstimung,_Centro_Historico,_Victor_Larco_Herrera_13001,_Trujillo,_Peru_-_panoramio.jpg"
Trujillo,Huanchaco,Hood 2 Photo File,,images/hoods/trujillo--huanchaco.webp
Trujillo,Huanchaco,Hood 2 Photo Credit,,https://commons.wikimedia.org/wiki/File:14-Pan-American_Highway_(Peru)-nX-2.jpg
Trujillo,Urb. San Andrés,Hood 3 Photo File,,images/hoods/trujillo--urb-san-andres.webp
Trujillo,Urb. San Andrés,Hood 3 Photo Credit,,https://commons.wikimedia.org/wiki/File:AS09-21-3266_(21728046980).jpg
Tunis,hero,City Photo File,images/cities/tunis.jpg,images/cities/tunis.webp
Tunis,Medina,Hood 1 Photo File,,images/hoods/tunis--medina.webp
Tunis,Medina,Hood 1 Photo Credit,,https://commons.wikimedia.org/wiki/File:Mesjed_El_Arich-_entr%C3%A9e_principale.jpg
Tunis,Les Berges du Lac,Hood 3 Photo File,,images/hoods/tunis--les-berges-du-lac.webp
Tunis,Les Berges du Lac,Hood 3 Photo Credit,,https://commons.wikimedia.org/wiki/File:After_sunset_lac_tunisia.jpg
Tunis,Sidi Bou Said,Hood 4 Photo File,,images/hoods/tunis--sidi-bou-said.webp
Tunis,Sidi Bou Said,Hood 4 Photo Credit,,https://commons.wikimedia.org/wiki/File:Sidi_Bou_Sa%C3%AFd_Lighthouse.jpg
Tunis,Gammarth,Hood 5 Photo File,,images/hoods/tunis--gammarth.webp
Tunis,Gammarth,Hood 5 Photo Credit,,https://commons.wikimedia.org/wiki/File:H%C3%B4tel_El_Mouradi_Gammarth_-_DAE.jpg
Turin,hero,City Photo File,images/cities/turin.jpg,images/cities/turin.webp
Turin,Centro (Piazza Castello),Hood 1 Photo File,,images/hoods/turin--centro-piazza-castello.webp
Turin,Centro (Piazza Castello),Hood 1 Photo Credit,,https://commons.wikimedia.org/wiki/File:Palazzo_Madama_Turin_Piemonte_2-12-24.jpg
Turin,Quadrilatero Romano,Hood 2 Photo File,,images/hoods/turin--quadrilatero-romano.webp
Turin,Quadrilatero Romano,Hood 2 Photo Credit,,https://commons.wikimedia.org/wiki/File:Turin_Via_Garibaldi_and_Via_dei_Mercanti_2-12-2024.jpg
Turin,San Salvario,Hood 3 Photo File,,images/hoods/turin--san-salvario.webp
Turin,San Salvario,Hood 3 Photo Credit,,https://commons.wikimedia.org/wiki/File:Via_Nizza_Torino.JPG
Turin,Crocetta,Hood 4 Photo File,,images/hoods/turin--crocetta.webp
Turin,Crocetta,Hood 4 Photo Credit,,"https://commons.wikimedia.org/wiki/File:Crocetta,_Torino,_Italy_-_panoramio_(1).jpg"
Turin,Vanchiglia,Hood 5 Photo File,,images/hoods/turin--vanchiglia.webp
Turin,Vanchiglia,Hood 5 Photo Credit,,https://commons.wikimedia.org/wiki/File:Gasometro_in_Vanchiglia.JPG
Turku,hero,City Photo File,images/cities/turku.jpg,images/cities/turku.webp
Turku,City Centre (Keskusta),Hood 1 Photo File,,images/hoods/turku--city-centre-keskusta.webp
Turku,City Centre (Keskusta),Hood 1 Photo Credit,,"https://commons.wikimedia.org/wiki/File:Mannerheiminpuisto,_Turku.jpg"
Turku,Kakola,Hood 2 Photo File,,images/hoods/turku--kakola.webp
Turku,Kakola,Hood 2 Photo Credit,,https://commons.wikimedia.org/wiki/File:Granite_prison_building_(4693050110).jpg
Turku,Kupittaa,Hood 3 Photo File,,images/hoods/turku--kupittaa.webp
Turku,Kupittaa,Hood 3 Photo Credit,,https://commons.wikimedia.org/wiki/File:Kupittaa_bus_station_20231225_04.jpg
Turpan,hero,City Photo File,images/cities/turpan.jpg,images/cities/turpan.webp
Turpan,Old City Centre (Gaochang District),Hood 1 Photo File,,images/hoods/turpan--old-city-centre-gaochang-district.webp
Turpan,Old City Centre (Gaochang District),Hood 1 Photo Credit,,https://commons.wikimedia.org/wiki/File:%C4%B0%C3%A7%C9%99ri%C5%9F%C9%99h%C9%99r_Muzey_M%C9%99rk%C9%99zi.jpg
Turpan,Grape Valley (Putaogou),Hood 2 Photo File,,images/hoods/turpan--grape-valley-putaogou.webp
Turpan,Grape Valley (Putaogou),Hood 2 Photo Credit,,https://commons.wikimedia.org/wiki/File:Turpan_Grape_in_July_2026.jpg
Tórshavn,hero,City Photo File,images/cities/t-rshavn.jpg,images/cities/t-rshavn.webp
Tórshavn,Viðarlund,Hood 2 Photo File,,images/hoods/torshavn--vi-arlund.webp
Tórshavn,Viðarlund,Hood 2 Photo Credit,,https://commons.wikimedia.org/wiki/File:A_walk_in_the_woods_(7447699988).jpg
Udaipur,hero,City Photo File,images/cities/udaipur.jpg,images/cities/udaipur.webp
Udaipur,Lal Ghat,Hood 1 Photo File,,images/hoods/udaipur--lal-ghat.webp
Udaipur,Lal Ghat,Hood 1 Photo Credit,,"https://commons.wikimedia.org/wiki/File:Udaipur,_Lal_ghat_(9710319787).jpg"
Udaipur,Hanuman Ghat,Hood 2 Photo File,,images/hoods/udaipur--hanuman-ghat.webp
Udaipur,Hanuman Ghat,Hood 2 Photo Credit,,https://commons.wikimedia.org/wiki/File:Madhav_Narayan_idol.jpg
Udaipur,Gangaur Ghat / Jagdish Chowk,Hood 3 Photo File,,images/hoods/udaipur--gangaur-ghat-jagdish-chowk.webp
Udaipur,Gangaur Ghat / Jagdish Chowk,Hood 3 Photo Credit,,https://commons.wikimedia.org/wiki/File:Udaipur_Gangaur_Ghat_Birds_feeding.jpg
Udaipur,Fateh Sagar Lake,Hood 4 Photo File,,images/hoods/udaipur--fateh-sagar-lake.webp
Udaipur,Fateh Sagar Lake,Hood 4 Photo Credit,,"https://commons.wikimedia.org/wiki/File:Fateh_Sagar_Lake,_Udaipur,_India_(54345526249).jpg"
Udaipur,Chetak Circle / Sukhadia,Hood 5 Photo File,,images/hoods/udaipur--chetak-circle-sukhadia.webp
Udaipur,Chetak Circle / Sukhadia,Hood 5 Photo Credit,,"https://commons.wikimedia.org/wiki/File:Hanuman_(Ramleela),_folk_art,_Bharatiya_Lok_Kala_Museum,_Udaipur,_India.jpg"
Ulm,hero,City Photo File,images/cities/ulm.jpg,images/cities/ulm.webp
Ulm,Altstadt,Hood 1 Photo File,,images/hoods/ulm--altstadt.webp
Ulm,Altstadt,Hood 1 Photo Credit,,https://commons.wikimedia.org/wiki/File:Ulm_Hafenbad_Blick_Richtung_Kunsthalle_Weishaupt.jpg
Ulm,Fischerviertel,Hood 2 Photo File,,images/hoods/ulm--fischerviertel.webp
Ulm,Fischerviertel,Hood 2 Photo Credit,,https://commons.wikimedia.org/wiki/File:Fischergasse_-_Ulm_I.jpg
Ulm,Weststadt,Hood 3 Photo File,,images/hoods/ulm--weststadt.webp
Ulm,Weststadt,Hood 3 Photo Credit,,https://commons.wikimedia.org/wiki/File:BS_Weststadt_Buecherschrank.JPG
Ulm,Söflingen,Hood 4 Photo File,,images/hoods/ulm--soflingen.webp
Ulm,Söflingen,Hood 4 Photo Credit,,https://commons.wikimedia.org/wiki/File:H%C3%B6hle_im_Gewann_Haldenberg.jpg
Ulm,Eselsberg,Hood 5 Photo File,,images/hoods/ulm--eselsberg.webp
Ulm,Eselsberg,Hood 5 Photo Credit,,https://commons.wikimedia.org/wiki/File:Oberer_Eselsberg_-_Ulm.jpg
Urganch,hero,City Photo File,images/cities/urganch.jpg,images/cities/urganch.webp
Urganch,hero,City Photo Credit,https://commons.wikimedia.org/wiki/File:Waterfront_of_Shavat_canal_in_Urganch.jpg,https://commons.wikimedia.org/wiki/File:Statue_of_Muhammad_ibn_Musa_al-Khwarizmi_in_Urgench.jpg
Urganch,Airport District,Hood 4 Photo File,,images/hoods/urganch--airport-district.webp
Urganch,Airport District,Hood 4 Photo Credit,,https://commons.wikimedia.org/wiki/File:Tocumen_International_Airport_alt.jpg
Urganch,Shavat Canal Park,Hood 5 Photo File,,images/hoods/urganch--shavat-canal-park.webp
Urganch,Shavat Canal Park,Hood 5 Photo Credit,,https://commons.wikimedia.org/wiki/File:Bridge_through_Shavat_canal_in_%22Avesto%22_park.jpg
Ushuaia,hero,City Photo File,images/cities/ushuaia.jpg,images/cities/ushuaia.webp
Ushuaia,Port / Downtown (San Martin Ave),Hood 1 Photo File,,images/hoods/ushuaia--port-downtown-san-martin-ave.webp
Ushuaia,Port / Downtown (San Martin Ave),Hood 1 Photo Credit,,https://commons.wikimedia.org/wiki/File:189_-_Ushuaia_-_A%C3%A9roport_-_Janvier_2010.jpg
Ushuaia,Martial Glacier Area,Hood 2 Photo File,,images/hoods/ushuaia--martial-glacier-area.webp
Ushuaia,Martial Glacier Area,Hood 2 Photo Credit,,"https://commons.wikimedia.org/wiki/File:Calm_sea,_Beagle_Channel,_Tierra_del_Fuego,_Argentina.jpg"
Utrecht,hero,City Photo File,images/cities/utrecht.jpg,images/cities/utrecht.webp
Utrecht,Binnenstad (City Centre),Hood 1 Photo File,,images/hoods/utrecht--binnenstad-city-centre.webp
Utrecht,Binnenstad (City Centre),Hood 1 Photo Credit,,"https://commons.wikimedia.org/wiki/File:A_historic_gate_A.D._1680_with_inscription,_Diaconie_(church_help_for_poor_people)_House_for_old_man_and_woman_-_panoramio.jpg"
Utrecht,Lombok,Hood 2 Photo File,,images/hoods/utrecht--lombok.webp
Utrecht,Lombok,Hood 2 Photo Credit,,"https://commons.wikimedia.org/wiki/File:Lombok-West,_Utrecht,_Netherlands_-_panoramio_(7).jpg"
Utrecht,Wilhelminapark,Hood 3 Photo File,,images/hoods/utrecht--wilhelminapark.webp
Utrecht,Wilhelminapark,Hood 3 Photo Credit,,https://commons.wikimedia.org/wiki/File:Utrecht_TeaHouse_Wilhelminapark_018_2431.jpg
Utrecht,Leidsche Rijn,Hood 5 Photo File,,images/hoods/utrecht--leidsche-rijn.webp
Utrecht,Leidsche Rijn,Hood 5 Photo Credit,,https://commons.wikimedia.org/wiki/File:Woontoren_Leidsche_Rijn.jpg
Vaduz,hero,City Photo File,images/cities/vaduz.jpg,images/cities/vaduz.webp
Vaduz,Vaduz Städtle (City Center),Hood 1 Photo File,images/hoods/vaduz--vaduz-stadtle-city-center.jpg,images/hoods/vaduz--vaduz-stadtle-city-center.webp
Vaduz,Schaan,Hood 2 Photo File,images/hoods/vaduz--schaan.jpg,images/hoods/vaduz--schaan.webp
Valencia,hero,City Photo File,images/cities/valencia.jpg,images/cities/valencia.webp
Valencia,Ciutat Vella,Hood 1 Photo File,images/hoods/valencia--ciutat-vella.jpg,images/hoods/valencia--ciutat-vella.webp
Valencia,Ruzafa (Russafa),Hood 2 Photo File,images/hoods/valencia--ruzafa-russafa.jpg,images/hoods/valencia--ruzafa-russafa.webp
Valencia,El Carmen,Hood 3 Photo File,images/hoods/valencia--el-carmen.jpg,images/hoods/valencia--el-carmen.webp
Valencia,El Cabanyal,Hood 4 Photo File,,images/hoods/valencia--el-cabanyal.webp
Valencia,El Cabanyal,Hood 4 Photo Credit,,https://commons.wikimedia.org/wiki/File:Street_of_Caba%C3%B1al_-_51675229115.jpg
Valencia,Eixample,Hood 5 Photo File,,images/hoods/valencia--eixample.webp
Valencia,Eixample,Hood 5 Photo Credit,,https://commons.wikimedia.org/wiki/File:Mercado_colon_valencia.jpg
Valletta,hero,City Photo File,images/cities/valletta.jpg,images/cities/valletta.webp
Valletta,Valletta,Hood 1 Photo File,images/hoods/valletta--valletta.jpg,images/hoods/valletta--valletta.webp
Valletta,Sliema,Hood 2 Photo File,images/hoods/valletta--sliema.jpg,images/hoods/valletta--sliema.webp
Valletta,Sliema,Hood 2 Photo Credit,https://pixabay.com/photos/sliema-bay-valletta-malta-2398143/,"https://commons.wikimedia.org/wiki/File:55_Triq_Ix_-_Xatt,_Tas-Sliema_SLM_1022,_Malta_-_panoramio_(10).jpg"
Valletta,St Julian's / Paceville,Hood 3 Photo File,images/hoods/valletta--st-julian-s-paceville.jpg,images/hoods/valletta--st-julian-s-paceville.webp
Valletta,St Julian's / Paceville,Hood 3 Photo Credit,https://commons.wikimedia.org/wiki/File:Malta-stjulians-hotels-207.jpg,"https://commons.wikimedia.org/wiki/File:Valletta,_Malta_-_panoramio_(34).jpg"
Valletta,Mdina & Rabat,Hood 4 Photo File,images/hoods/valletta--mdina-rabat.jpg,images/hoods/valletta--mdina-rabat.webp
Valletta,Bugibba / St Paul's Bay,Hood 5 Photo File,,images/hoods/valletta--bugibba-st-paul-s-bay.webp
Valletta,Bugibba / St Paul's Bay,Hood 5 Photo Credit,,https://commons.wikimedia.org/wiki/File:Malta_-_St._Paul%27s_Bay_-_Dawret_il-Gzejjer%2BHarbour_01_ies.jpg
Valparaíso,hero,City Photo File,images/cities/valpara-so.jpg,images/cities/valpara-so.webp
Valparaíso,Cerro Alegre,Hood 2 Photo File,,images/hoods/valparaiso--cerro-alegre.webp
Valparaíso,Cerro Alegre,Hood 2 Photo Credit,,https://commons.wikimedia.org/wiki/File:Caf%C3%A9_Cuentos.jpg
Valparaíso,Cerro Concepción,Hood 3 Photo File,,images/hoods/valparaiso--cerro-concepcion.webp
Valparaíso,Cerro Concepción,Hood 3 Photo Credit,,https://commons.wikimedia.org/wiki/File:Paseo_Atkinson_Cerro_Concepci%C3%B3n.jpg
Valparaíso,Cerro Bellavista,Hood 4 Photo File,,images/hoods/valparaiso--cerro-bellavista.webp
Valparaíso,Cerro Bellavista,Hood 4 Photo Credit,,https://commons.wikimedia.org/wiki/File:Arquitectura_porte%C3%B1a.jpg
Valparaíso,Cerro Playa Ancha,Hood 5 Photo File,,images/hoods/valparaiso--cerro-playa-ancha.webp
Valparaíso,Cerro Playa Ancha,Hood 5 Photo Credit,,https://commons.wikimedia.org/wiki/File:Borde_costero.jpg
Vancouver,hero,City Photo File,images/cities/vancouver.jpg,images/cities/vancouver.webp
Vancouver,Gastown,Hood 1 Photo File,images/hoods/vancouver--gastown.jpg,images/hoods/vancouver--gastown.webp
Vancouver,Yaletown,Hood 2 Photo File,images/hoods/vancouver--yaletown.jpg,images/hoods/vancouver--yaletown.webp
Vancouver,Kitsilano,Hood 3 Photo File,images/hoods/vancouver--kitsilano.jpg,images/hoods/vancouver--kitsilano.webp
Vancouver,West End,Hood 4 Photo File,images/hoods/vancouver--west-end.jpg,images/hoods/vancouver--west-end.webp
Vancouver,Mount Pleasant,Hood 5 Photo File,images/hoods/vancouver--mount-pleasant.jpg,images/hoods/vancouver--mount-pleasant.webp
Varanasi,hero,City Photo File,images/cities/varanasi.jpg,images/cities/varanasi.webp
Varanasi,Assi Ghat,Hood 2 Photo File,,images/hoods/varanasi--assi-ghat.webp
Varanasi,Assi Ghat,Hood 2 Photo Credit,,https://commons.wikimedia.org/wiki/File:ASSI_GHAT_TOP_VIEW_BANARAS.jpg
Varanasi,Cantonment (Cantt),Hood 3 Photo File,,images/hoods/varanasi--cantonment-cantt.webp
Varanasi,Cantonment (Cantt),Hood 3 Photo Credit,,https://commons.wikimedia.org/wiki/File:Varanasi_20.jpg
Varanasi,Sigra,Hood 4 Photo File,,images/hoods/varanasi--sigra.webp
Varanasi,Sigra,Hood 4 Photo Credit,,https://commons.wikimedia.org/wiki/File:Varanasi_256a_-_IP_Mall_Sigra_(45872317822).jpg
Varanasi,Sarnath,Hood 5 Photo File,,images/hoods/varanasi--sarnath.webp
Varanasi,Sarnath,Hood 5 Photo Credit,,"https://commons.wikimedia.org/wiki/File:Ashoka_Pillar_at_sarnath,_Thai_Buddha_Vihara_in_Sarnath,_Varanasi,_Uttar_Pradesh,_India.jpg"
Varna,hero,City Photo File,images/cities/varna.jpg,images/cities/varna.webp
Varna,hero,City Photo Credit,https://commons.wikimedia.org/wiki/File:Varna-Collage-TB.jpg,https://commons.wikimedia.org/wiki/File:City_of_Varna.jpg
Varna,City Centre,Hood 1 Photo File,,images/hoods/varna--city-centre.webp
Varna,City Centre,Hood 1 Photo Credit,,https://commons.wikimedia.org/wiki/File:Mikhail_Vorontsov_Monument_in_Odesa2025.jpg
Varna,Primorski (Sea Garden),Hood 2 Photo File,,images/hoods/varna--primorski-sea-garden.webp
Varna,Primorski (Sea Garden),Hood 2 Photo Credit,,https://commons.wikimedia.org/wiki/File:Bul._%22Primorski%22_121_Varna_01.jpg
Varna,Chaika,Hood 3 Photo File,,images/hoods/varna--chaika.webp
Varna,Chaika,Hood 3 Photo Credit,,https://commons.wikimedia.org/wiki/File:Chaika_district_in_Varna.JPG
Varna,Asparuhovo,Hood 4 Photo File,,images/hoods/varna--asparuhovo.webp
Varna,Asparuhovo,Hood 4 Photo Credit,,https://commons.wikimedia.org/wiki/File:Asparuhovo_Rayon_administration_1.jpg
Vatican City,hero,City Photo File,images/cities/vatican-city.jpg,images/cities/vatican-city.webp
Vatican City,hero,City Photo Credit,https://commons.wikimedia.org/wiki/File:Vatican_City_national_football_team.svg,"https://commons.wikimedia.org/wiki/File:Vatican_Sunset_-_Rome,_Italy_-_Easter_2008.jpg"
Vatican City,St. Peter's Basilica,Hood 1 Photo File,,images/hoods/vatican-city--st-peter-s-basilica.webp
Vatican City,St. Peter's Basilica,Hood 1 Photo Credit,,https://commons.wikimedia.org/wiki/File:Charlemagne_Agostino_Cornacchini_Vatican_2.jpg
Vatican City,Vatican Museums,Hood 3 Photo File,,images/hoods/vatican-city--vatican-museums.webp
Vatican City,Vatican Museums,Hood 3 Photo Credit,,https://commons.wikimedia.org/wiki/File:Ingresso_dei_Musei_Vaticani_-_panoramio.jpg
Vatican City,Borgo,Hood 5 Photo File,,images/hoods/vatican-city--borgo.webp
Vatican City,Borgo,Hood 5 Photo Credit,,https://commons.wikimedia.org/wiki/File:Houses_at_the_Passetto_di_Borgo_(Via_del_Mascherino_opposite_to_Piazza_Della_Citta_Leonina).jpg
Velikiy Novgorod,hero,City Photo File,images/cities/velikiy-novgorod.jpg,images/cities/velikiy-novgorod.webp
Velikiy Novgorod,hero,City Photo Credit,https://commons.wikimedia.org/wiki/File:Veliky_Novgorod_montage_%282015%29.png,https://commons.wikimedia.org/wiki/File:%D0%9D%D0%BE%D0%B2%D0%B3%D0%BE%D1%80%D0%BE%D0%B4%D1%81%D0%BA%D0%B8%D0%B9_%D0%9A%D1%80%D0%B5%D0%BC%D0%BB%D1%8C12345.jpg
Velikiy Novgorod,Kremlin (Detinets),Hood 1 Photo File,,images/hoods/velikiy-novgorod--kremlin-detinets.webp
Velikiy Novgorod,Kremlin (Detinets),Hood 1 Photo Credit,,https://commons.wikimedia.org/wiki/File:NV_Kreml_10.jpg
Velikiy Novgorod,Yaroslav's Court (Torgovaya Storona),Hood 2 Photo File,,images/hoods/velikiy-novgorod--yaroslav-s-court-torgovaya-storona.webp
Velikiy Novgorod,Yaroslav's Court (Torgovaya Storona),Hood 2 Photo Credit,,https://commons.wikimedia.org/wiki/File:Kolokolnia_Nokolsk.jpg
Velikiy Novgorod,Antonovo,Hood 4 Photo File,,images/hoods/velikiy-novgorod--antonovo.webp
Velikiy Novgorod,Antonovo,Hood 4 Photo Credit,,https://commons.wikimedia.org/wiki/File:Antonovo_dog.jpg
Venice,hero,City Photo File,images/cities/venice.jpg,images/cities/venice.webp
Venice,San Marco,Hood 1 Photo File,images/hoods/venice--san-marco.jpg,images/hoods/venice--san-marco.webp
Venice,Cannaregio,Hood 2 Photo File,images/hoods/venice--cannaregio.jpg,images/hoods/venice--cannaregio.webp
Venice,Dorsoduro,Hood 3 Photo File,images/hoods/venice--dorsoduro.jpg,images/hoods/venice--dorsoduro.webp
Venice,Castello,Hood 4 Photo File,images/hoods/venice--castello.jpg,images/hoods/venice--castello.webp
Venice,San Polo,Hood 5 Photo File,images/hoods/venice--san-polo.jpg,images/hoods/venice--san-polo.webp
Veracruz,hero,City Photo File,images/cities/veracruz.jpg,images/cities/veracruz.webp
Veracruz,Centro Histórico,Hood 1 Photo File,,images/hoods/veracruz--centro-historico.webp
Veracruz,Centro Histórico,Hood 1 Photo Credit,,https://commons.wikimedia.org/wiki/File:R%C3%B3tulos_de_calles_en_el_Centro_Hist%C3%B3rico_de_Veracruz_01.jpg
Veracruz,Malecón,Hood 2 Photo File,,images/hoods/veracruz--malecon.webp
Veracruz,Malecón,Hood 2 Photo Credit,,https://commons.wikimedia.org/wiki/File:CarrLighthouseVeracruz.JPG
Veracruz,Boca del Río,Hood 3 Photo File,,images/hoods/veracruz--boca-del-rio.webp
Veracruz,Boca del Río,Hood 3 Photo Credit,,https://commons.wikimedia.org/wiki/File:Calzada_ruiz_cortinez_boca_del_rio.jpg
Veracruz,Playa Mocambo,Hood 4 Photo File,,images/hoods/veracruz--playa-mocambo.webp
Veracruz,Playa Mocambo,Hood 4 Photo Credit,,https://commons.wikimedia.org/wiki/File:Mirador_Acuario_de_Veracruz_-_panoramio.jpg
Veracruz,Costa de Oro,Hood 5 Photo File,,images/hoods/veracruz--costa-de-oro.webp
Veracruz,Costa de Oro,Hood 5 Photo Credit,,"https://commons.wikimedia.org/wiki/File:La_Ci%C3%A9naga,_Muelle_Antiguo_de_Madera,_Parque_Nacional_Henri_Pittier,_La_Ci%C3%A9naga,_Aragua.jpg"
Verona,hero,City Photo File,images/cities/verona.jpg,images/cities/verona.webp
Verona,San Zeno,Hood 3 Photo File,images/hoods/verona--san-zeno.jpg,images/hoods/verona--san-zeno.webp
Verona,Borgo Trento,Hood 4 Photo File,,images/hoods/verona--borgo-trento.webp
Verona,Borgo Trento,Hood 4 Photo Credit,,https://commons.wikimedia.org/wiki/File:Arsenale_Franz_Josef_I_-_Wikigita_Verona_PIM2728.jpg
Verona,Cittadella,Hood 5 Photo File,,images/hoods/verona--cittadella.webp
Verona,Cittadella,Hood 5 Photo Credit,,"https://commons.wikimedia.org/wiki/File:Portoni_della_Bra,_Verona,_Italy.jpg"
Victoria,hero,City Photo File,images/cities/victoria.jpg,images/cities/victoria.webp
Victoria,Victoria Town Centre,Hood 1 Photo File,,images/hoods/victoria--victoria-town-centre.webp
Victoria,Victoria Town Centre,Hood 1 Photo Credit,,https://commons.wikimedia.org/wiki/File:Sanity_Watergardens_Taylors_Lakes.jpg
Victoria,Beau Vallon,Hood 2 Photo File,,images/hoods/victoria--beau-vallon.webp
Victoria,Beau Vallon,Hood 2 Photo Credit,,https://commons.wikimedia.org/wiki/File:2006-06-23_13-33-09_Seychelles_Beau_Vallon_Beau_Vallon.jpg
Victoria,Eden Island,Hood 3 Photo File,,images/hoods/victoria--eden-island.webp
Victoria,Eden Island,Hood 3 Photo Credit,,https://commons.wikimedia.org/wiki/File:Victoria_Eden_Island_asv2024-09_img1.jpg
Victoria,Bel Ombre / Glacis,Hood 4 Photo File,,images/hoods/victoria--bel-ombre-glacis.webp
Victoria,Bel Ombre / Glacis,Hood 4 Photo Credit,,https://commons.wikimedia.org/wiki/File:Bel_Ombre_blue_pigeon_asv2024-10.jpg
Victoria,Anse Royale,Hood 5 Photo File,,images/hoods/victoria--anse-royale.webp
Victoria,Anse Royale,Hood 5 Photo Credit,,https://commons.wikimedia.org/wiki/File:Anse_Royale_-_South_Coast_Road.jpg
Victoria Falls,hero,City Photo File,images/cities/victoria-falls.jpg,images/cities/victoria-falls.webp
Victoria Falls,Sprayview / Parkway,Hood 2 Photo File,,images/hoods/victoria-falls--sprayview-parkway.webp
Victoria Falls,Sprayview / Parkway,Hood 2 Photo Credit,,https://commons.wikimedia.org/wiki/File:Victoria_Falls_Airport_(1980)_-Sprayview_Aerodrome_-_FVSV_-_panoramio.jpg
Victoria Falls,Zambezi National Park / Safari Lodge Estate,Hood 4 Photo File,,images/hoods/victoria-falls--zambezi-national-park-safari-lodge-estate.webp
Victoria Falls,Zambezi National Park / Safari Lodge Estate,Hood 4 Photo Credit,,"https://commons.wikimedia.org/wiki/File:Mosi_o_tunya,_Vic_falls.jpg"
Victoria Falls,Chinotimba / Aerodrome,Hood 5 Photo File,,images/hoods/victoria-falls--chinotimba-aerodrome.webp
Victoria Falls,Chinotimba / Aerodrome,Hood 5 Photo Credit,,https://www.flickr.com/photos/74922557@N00/53105536501/
Vienna,hero,City Photo File,images/cities/vienna.jpg,images/cities/vienna.webp
Vienna,Innere Stadt,Hood 1 Photo File,images/hoods/vienna--innere-stadt.jpg,images/hoods/vienna--innere-stadt.webp
Vienna,Leopoldstadt,Hood 2 Photo File,images/hoods/vienna--leopoldstadt.jpg,images/hoods/vienna--leopoldstadt.webp
Vienna,Mariahilf,Hood 3 Photo File,images/hoods/vienna--mariahilf.jpg,images/hoods/vienna--mariahilf.webp
Vienna,Mariahilf,Hood 3 Photo Credit,https://commons.wikimedia.org/wiki/File:Wien_-_Naschmarkt.JPG,"https://commons.wikimedia.org/wiki/File:Linke_Wienzeile_4,_1060_Wien.JPG"
Vienna,Neubau,Hood 4 Photo File,images/hoods/vienna--neubau.jpg,images/hoods/vienna--neubau.webp
Vienna,Landstraße,Hood 5 Photo File,images/hoods/vienna--landstra-e.jpg,images/hoods/vienna--landstra-e.webp
Vienna,Landstraße,Hood 5 Photo Credit,https://commons.wikimedia.org/wiki/File:Palacio_Belvedere%2C_Viena%2C_Austria%2C_2020-02-01%2C_DD_93-95_HDR.jpg,https://commons.wikimedia.org/wiki/File:13-05-24-wien-RalfR-211.jpg
Vientiane,hero,City Photo File,images/cities/vientiane.jpg,images/cities/vientiane.webp
Vientiane,Nam Phou Fountain,Hood 1 Photo File,,images/hoods/vientiane--nam-phou-fountain.webp
Vientiane,Nam Phou Fountain,Hood 1 Photo Credit,,https://commons.wikimedia.org/wiki/File:Nam_Phou_Fountain_-_panoramio.jpg
Vientiane,Mekong Riverfront,Hood 2 Photo File,,images/hoods/vientiane--mekong-riverfront.webp
Vientiane,Mekong Riverfront,Hood 2 Photo Credit,,https://commons.wikimedia.org/wiki/File:Market_along_the_Mekong_in_Vientiane.jpg
Vientiane,Lane Xang / Patuxai,Hood 3 Photo File,,images/hoods/vientiane--lane-xang-patuxai.webp
Vientiane,Lane Xang / Patuxai,Hood 3 Photo Credit,,https://commons.wikimedia.org/wiki/File:Ave._Lane_Xang.jpg
Vientiane,That Luang,Hood 4 Photo File,,images/hoods/vientiane--that-luang.webp
Vientiane,That Luang,Hood 4 Photo Credit,,https://commons.wikimedia.org/wiki/File:Vientiane_-_Wat_That_Luang_Neua_-_0007.jpg
Vientiane,Talat Sao,Hood 5 Photo File,,images/hoods/vientiane--talat-sao.webp
Vientiane,Talat Sao,Hood 5 Photo Credit,,https://commons.wikimedia.org/wiki/File:Wat_That_Phoun_2.jpg
Vigan,hero,City Photo File,images/cities/vigan.jpg,images/cities/vigan.webp
Vigan,hero,City Photo Credit,https://commons.wikimedia.org/wiki/File:Allan_Jay_Quesada_-_Vigan_Cathedral_001.jpg,https://commons.wikimedia.org/wiki/File:Historic_town_of_vigan.JPG
Vigan,Calle Crisologo / Mestizo District,Hood 1 Photo File,,images/hoods/vigan--calle-crisologo-mestizo-district.webp
Vigan,Calle Crisologo / Mestizo District,Hood 1 Photo Credit,,https://commons.wikimedia.org/wiki/File:A.jpeg.jpg
Vigan,Plaza Salcedo / Downtown Poblacion,Hood 2 Photo File,,images/hoods/vigan--plaza-salcedo-downtown-poblacion.webp
Vigan,Plaza Salcedo / Downtown Poblacion,Hood 2 Photo Credit,,https://commons.wikimedia.org/wiki/File:Elpidio_Quirino_Monument_in_Vigan_City_01.jpg
Vigan,Pagburnayan (Pottery District),Hood 3 Photo File,,images/hoods/vigan--pagburnayan-pottery-district.webp
Vigan,Pagburnayan (Pottery District),Hood 3 Photo Credit,,https://commons.wikimedia.org/wiki/File:Burnayan_Pottery_making_of_Vigan.jpg
Vilnius,hero,City Photo File,images/cities/vilnius.jpg,images/cities/vilnius.webp
Vilnius,Senamiestis (Old Town),Hood 1 Photo File,images/hoods/vilnius--senamiestis-old-town.jpg,images/hoods/vilnius--senamiestis-old-town.webp
Vilnius,Uzupis,Hood 2 Photo File,images/hoods/vilnius--uzupis.jpg,images/hoods/vilnius--uzupis.webp
Vilnius,Naujamiestis,Hood 3 Photo File,images/hoods/vilnius--naujamiestis.jpg,images/hoods/vilnius--naujamiestis.webp
Vilnius,Zverynas,Hood 4 Photo File,images/hoods/vilnius--zverynas.jpg,images/hoods/vilnius--zverynas.webp
Vilnius,Antakalnis,Hood 5 Photo File,images/hoods/vilnius--antakalnis.jpg,images/hoods/vilnius--antakalnis.webp
Visby,hero,City Photo File,images/cities/visby.jpg,images/cities/visby.webp
Visby,Innerstaden (Old Town),Hood 1 Photo File,,images/hoods/visby--innerstaden-old-town.webp
Visby,Innerstaden (Old Town),Hood 1 Photo Credit,,https://commons.wikimedia.org/wiki/File:Skyview_%C3%B6ver_fina_innerstaden_i_Visby.jpg
Visby,Almedalen & Harbour,Hood 2 Photo File,,images/hoods/visby--almedalen-harbour.webp
Visby,Almedalen & Harbour,Hood 2 Photo Credit,,https://commons.wikimedia.org/wiki/File:Tre_Kronor_af_Stockholm.jpg
Visby,Norderstrand / Snäckgärdet,Hood 3 Photo File,,images/hoods/visby--norderstrand-snackgardet.webp
Visby,Norderstrand / Snäckgärdet,Hood 3 Photo Credit,,https://commons.wikimedia.org/wiki/File:Utegym_Norderstrand_17_42_06_081000.jpeg
Viña del Mar,hero,City Photo File,images/cities/vi-a-del-mar.jpg,images/cities/vi-a-del-mar.webp
Viña del Mar,Centro (Plaza Vergara),Hood 1 Photo File,,images/hoods/vina-del-mar--centro-plaza-vergara.webp
Viña del Mar,Centro (Plaza Vergara),Hood 1 Photo Credit,,"https://commons.wikimedia.org/wiki/File:Paseo_Vi%C3%B1a_Centro,_Vi%C3%B1a_del_Mar_20200120_11.jpg"
Viña del Mar,Reñaca,Hood 2 Photo File,,images/hoods/vina-del-mar--renaca.webp
Viña del Mar,Reñaca,Hood 2 Photo Credit,,https://commons.wikimedia.org/wiki/File:Acceso_Condominio_en_Vi%C3%B1a_del_Mar.jpg
Viña del Mar,Cerro Castillo,Hood 3 Photo File,,images/hoods/vina-del-mar--cerro-castillo.webp
Viña del Mar,Cerro Castillo,Hood 3 Photo Credit,,https://commons.wikimedia.org/wiki/File:Afternoon_walk_-_panoramio_(10).jpg
Viña del Mar,Las Salinas,Hood 5 Photo File,,images/hoods/vina-del-mar--las-salinas.webp
Viña del Mar,Las Salinas,Hood 5 Photo Credit,,"https://commons.wikimedia.org/wiki/File:Vi%C3%B1a_del_Mar,_Valparaiso_Region,_Chile_-_panoramio_(10).jpg"
Vladimir,hero,City Photo File,images/cities/vladimir.jpg,images/cities/vladimir.webp
Vladimir,Klyazma Riverside,Hood 4 Photo File,,images/hoods/vladimir--klyazma-riverside.webp
Vladimir,Klyazma Riverside,Hood 4 Photo Credit,,"https://commons.wikimedia.org/wiki/File:%D0%A0%D0%B5%D0%BA%D0%B0_%D0%9A%D0%BB%D1%8F%D0%B7%D1%8C%D0%BC%D0%B0,_%D0%9A%D0%BE%D0%B2%D1%80%D0%BE%D0%B2%D1%81%D0%BA%D0%B8%D0%B9_%D1%80%D0%B0%D0%B9%D0%BE%D0%BD,_%D0%B2%D0%B5%D1%81%D0%BD%D0%B0_2016_%D0%B3%D0%BE%D0%B4%D0%B0.jpg"
Vladivostok,hero,City Photo File,images/cities/vladivostok.jpg,images/cities/vladivostok.webp
Vladivostok,Central (Aleutskaya / Svetlanskaya),Hood 1 Photo File,,images/hoods/vladivostok--central-aleutskaya-svetlanskaya.webp
Vladivostok,Central (Aleutskaya / Svetlanskaya),Hood 1 Photo Credit,,https://commons.wikimedia.org/wiki/File:%D0%9F%D0%B0%D0%BD%D0%BE%D1%80%D0%B0%D0%BC%D0%B0_%D0%B8%D0%B7_20-%D1%82%D0%B8_%D0%BA%D0%B0%D0%B4%D1%80%D0%BE%D0%B2-%D0%A1.jpg
Vladivostok,Sportivnaya Harbour (Embankment),Hood 2 Photo File,,images/hoods/vladivostok--sportivnaya-harbour-embankment.webp
Vladivostok,Sportivnaya Harbour (Embankment),Hood 2 Photo Credit,,https://commons.wikimedia.org/wiki/File:%D0%91%D1%83%D1%85%D1%82%D0%B0_%D0%A1%D0%BF%D0%BE%D1%80%D1%82%D0%B8%D0%B2%D0%BD%D0%B0%D1%8F_-_panoramio.jpg
Vladivostok,Egersheld,Hood 3 Photo File,,images/hoods/vladivostok--egersheld.webp
Vladivostok,Egersheld,Hood 3 Photo Credit,,"https://commons.wikimedia.org/wiki/File:%D0%92%D0%BB%D0%B0%D0%B4%D0%B8%D0%B2%D0%BE%D1%81%D1%82%D0%BE%D0%BA,_%D0%BC%D0%B0%D1%8F%D0%BA_%D0%BD%D0%B0_%D0%AD%D0%B3%D0%B5%D1%80%D1%88%D0%B5%D0%BB%D1%8C%D0%B4%D0%B5.JPG"
Vladivostok,Eagle's Nest / Funicular,Hood 4 Photo File,,images/hoods/vladivostok--eagle-s-nest-funicular.webp
Vladivostok,Eagle's Nest / Funicular,Hood 4 Photo Credit,,https://commons.wikimedia.org/wiki/File:Antenna_of_Eagle%27s_Nest_in_Vladivostok_2.jpg
Warsaw,hero,City Photo File,images/cities/warsaw.jpg,images/cities/warsaw.webp
Warsaw,Stare Miasto (Old Town),Hood 1 Photo File,images/hoods/warsaw--stare-miasto-old-town.jpg,images/hoods/warsaw--stare-miasto-old-town.webp
Warsaw,Srodmiescie,Hood 2 Photo File,images/hoods/warsaw--srodmiescie.jpg,images/hoods/warsaw--srodmiescie.webp
Warsaw,Praga,Hood 3 Photo File,images/hoods/warsaw--praga.jpg,images/hoods/warsaw--praga.webp
Warsaw,Mokotow,Hood 4 Photo File,images/hoods/warsaw--mokotow.jpg,images/hoods/warsaw--mokotow.webp
Warsaw,Wilanow,Hood 5 Photo File,images/hoods/warsaw--wilanow.jpg,images/hoods/warsaw--wilanow.webp
"Washington, D.C.",hero,City Photo File,images/cities/washington-d-c.jpg,images/cities/washington-d-c.webp
"Washington, D.C.",Georgetown,Hood 1 Photo File,images/hoods/washington-d-c--georgetown.jpg,images/hoods/washington-d-c--georgetown.webp
"Washington, D.C.",Dupont Circle,Hood 2 Photo File,images/hoods/washington-d-c--dupont-circle.jpg,images/hoods/washington-d-c--dupont-circle.webp
"Washington, D.C.",Adams Morgan,Hood 3 Photo File,images/hoods/washington-d-c--adams-morgan.jpg,images/hoods/washington-d-c--adams-morgan.webp
"Washington, D.C.",Capitol Hill,Hood 4 Photo File,images/hoods/washington-d-c--capitol-hill.jpg,images/hoods/washington-d-c--capitol-hill.webp
"Washington, D.C.",Shaw,Hood 5 Photo File,images/hoods/washington-d-c--shaw.jpg,images/hoods/washington-d-c--shaw.webp
Weimar,hero,City Photo File,images/cities/weimar.jpg,images/cities/weimar.webp
Weimar,Altstadt (Historic Center),Hood 1 Photo File,,images/hoods/weimar--altstadt-historic-center.webp
Weimar,Altstadt (Historic Center),Hood 1 Photo Credit,,"https://commons.wikimedia.org/wiki/File:Weimar,_Germany_-_panoramio_(41).jpg"
Weimar,Park an der Ilm,Hood 2 Photo File,,images/hoods/weimar--park-an-der-ilm.webp
Weimar,Park an der Ilm,Hood 2 Photo Credit,,https://commons.wikimedia.org/wiki/File:Efeu.jpg
Weimar,Nordvorstadt (Hauptbahnhof),Hood 3 Photo File,,images/hoods/weimar--nordvorstadt-hauptbahnhof.webp
Weimar,Nordvorstadt (Hauptbahnhof),Hood 3 Photo Credit,,"https://commons.wikimedia.org/wiki/File:Sporthalle_%27Tonne%27,_Wimaria-Stadion,_Florian-Geyer-Stra%C3%9Fe_81,_Nordvorstadt,_99423_Weimar_03.jpg"
Wellington,hero,City Photo File,images/cities/wellington.jpg,images/cities/wellington.webp
Wellington,Te Aro,Hood 1 Photo File,,images/hoods/wellington--te-aro.webp
Wellington,Te Aro,Hood 1 Photo Credit,,https://commons.wikimedia.org/wiki/File:Ng%C4%81_Kaikanikani_%C5%8D_te_Rangi_01.jpg
Wellington,Mount Victoria,Hood 2 Photo File,,images/hoods/wellington--mount-victoria.webp
Wellington,Mount Victoria,Hood 2 Photo Credit,,https://commons.wikimedia.org/wiki/File:WikiCon_2026_Te_Papa_tour_PA03.jpg
Wellington,Oriental Bay,Hood 3 Photo File,,images/hoods/wellington--oriental-bay.webp
Wellington,Oriental Bay,Hood 3 Photo Credit,,https://commons.wikimedia.org/wiki/File:Eleven-armed_Sea_Star.jpg
Wellington,Thorndon,Hood 4 Photo File,,images/hoods/wellington--thorndon.webp
Wellington,Thorndon,Hood 4 Photo Credit,,https://commons.wikimedia.org/wiki/File:1_Stanwell_Green_Postbox_-_geograph.org.uk_-_4571162.jpg
Wellington,Lambton Quay,Hood 5 Photo File,,images/hoods/wellington--lambton-quay.webp
Wellington,Lambton Quay,Hood 5 Photo Credit,,"https://commons.wikimedia.org/wiki/File:Lambton_Quay,_Wellington,_(ca_1908-1912)_(5053310102).jpg"
Whistler,hero,City Photo File,images/cities/whistler.jpg,images/cities/whistler.webp
Whistler,hero,City Photo Credit,https://commons.wikimedia.org/wiki/File:James_mcneill_whistler%2C_combinazione_in_grigio%2C_ritratto_del_pittore%2C_1872_ca.jpg,https://commons.wikimedia.org/wiki/File:Otvorene_zicare_-_Visler.JPG
Whistler,Whistler Village,Hood 1 Photo File,,images/hoods/whistler--whistler-village.webp
Whistler,Whistler Village,Hood 1 Photo Credit,,https://commons.wikimedia.org/wiki/File:Town_Plaza_(48762753641).jpg
Whistler,Upper Village (Blackcomb),Hood 2 Photo File,,images/hoods/whistler--upper-village-blackcomb.webp
Whistler,Upper Village (Blackcomb),Hood 2 Photo Credit,,https://commons.wikimedia.org/wiki/File:DSC08653_-_Horse-drawn_Boat_(37220943815).jpg
Whistler,Creekside,Hood 3 Photo File,,images/hoods/whistler--creekside.webp
Whistler,Creekside,Hood 3 Photo Credit,,https://commons.wikimedia.org/wiki/File:Barely_frozen_creek_under_Franz%27s_Chair_(31301945805).jpg
Whistler,Function Junction,Hood 4 Photo File,,images/hoods/whistler--function-junction.webp
Whistler,Function Junction,Hood 4 Photo Credit,,https://commons.wikimedia.org/wiki/File:One_red_leaf_(37562795504).jpg
Whistler,Alta Lake / Lakeside,Hood 5 Photo File,,images/hoods/whistler--alta-lake-lakeside.webp
Whistler,Alta Lake / Lakeside,Hood 5 Photo Credit,,https://commons.wikimedia.org/wiki/File:Whistler_(45110682182).jpg
Willemstad,hero,City Photo File,images/cities/willemstad.jpg,images/cities/willemstad.webp
Willemstad,Punda,Hood 1 Photo File,,images/hoods/willemstad--punda.webp
Willemstad,Punda,Hood 1 Photo Credit,,"https://commons.wikimedia.org/wiki/File:Temple_Emanuel,_Willemstad,_Cura%C3%A7ao_-_February_2020.jpg"
Willemstad,Otrobanda,Hood 2 Photo File,,images/hoods/willemstad--otrobanda.webp
Willemstad,Otrobanda,Hood 2 Photo Credit,,"https://commons.wikimedia.org/wiki/File:Otrabanda,_Conscientiesteeg_40,_42,_42A_-_20652054_-_RCE.jpg"
Willemstad,Pietermaai,Hood 3 Photo File,,images/hoods/willemstad--pietermaai.webp
Willemstad,Pietermaai,Hood 3 Photo Credit,,https://commons.wikimedia.org/wiki/File:Ansinghstraat_15_(520132.15-17)_fachada.jpg
Willemstad,Scharloo,Hood 4 Photo File,,images/hoods/willemstad--scharloo.webp
Willemstad,Scharloo,Hood 4 Photo Credit,,"https://commons.wikimedia.org/wiki/File:Bargestraat_3,_baroque_gable.png"
Willemstad,Jan Thiel,Hood 5 Photo File,,images/hoods/willemstad--jan-thiel.webp
Willemstad,Jan Thiel,Hood 5 Photo Credit,,"https://commons.wikimedia.org/wiki/File:Jan_Thiel,_Cura%C3%A7ao_-_panoramio.jpg"
Windermere,hero,City Photo File,images/cities/windermere.jpg,images/cities/windermere.webp
Windermere,hero,City Photo Credit,https://commons.wikimedia.org/wiki/File:Prime_Minister_Sir_Keir_Starmer_Official_Portrait_%28cropped%29.jpg,"https://commons.wikimedia.org/wiki/File:80_Creuer_pel_llac_Windermere,_Bowness_Bay_Marina_(Bowness-on-Windermere).jpg"
Windermere,Bowness-on-Windermere,Hood 1 Photo File,,images/hoods/windermere--bowness-on-windermere.webp
Windermere,Bowness-on-Windermere,Hood 1 Photo Credit,,https://commons.wikimedia.org/wiki/File:A_busy_beach_at_Bowness_-_geograph.org.uk_-_3496104.jpg
Windermere,Windermere town,Hood 2 Photo File,,images/hoods/windermere--windermere-town.webp
Windermere,Windermere town,Hood 2 Photo Credit,,"https://commons.wikimedia.org/wiki/File:Carver_Memorial_Chapel,_Windermere.jpg"
Windermere,Troutbeck,Hood 3 Photo File,,images/hoods/windermere--troutbeck.webp
Windermere,Troutbeck,Hood 3 Photo Credit,,"https://commons.wikimedia.org/wiki/File:Troutbeck_Bridge_,_A591_-_geograph.org.uk_-_6355298.jpg"
Windermere,Storrs / Storrs Park,Hood 4 Photo File,,images/hoods/windermere--storrs-storrs-park.webp
Windermere,Storrs / Storrs Park,Hood 4 Photo Credit,,https://commons.wikimedia.org/wiki/File:Lake_Windermere_MMB_96.jpg
Windhoek,hero,City Photo File,images/cities/windhoek.jpg,images/cities/windhoek.webp
Windhoek,Klein Windhoek,Hood 1 Photo File,,images/hoods/windhoek--klein-windhoek.webp
Windhoek,Klein Windhoek,Hood 1 Photo Credit,,"https://commons.wikimedia.org/wiki/File:Klein_Windhoek,_Windhoek,_Namibia_-_panoramio_(1).jpg"
Windhoek,Eros,Hood 2 Photo File,,images/hoods/windhoek--eros.webp
Windhoek,Eros,Hood 2 Photo Credit,,https://commons.wikimedia.org/wiki/File:V5-GPX_in_FYWE_2018.jpg
Windhoek,Ludwigsdorf,Hood 4 Photo File,,images/hoods/windhoek--ludwigsdorf.webp
Windhoek,Ludwigsdorf,Hood 4 Photo Credit,,https://commons.wikimedia.org/wiki/File:Denkmal_Deutscher_Krieg_Deutsch_Franz%C3%B6sischer_Krieg_Ludwigsdorf_G%C3%B6rlitz.JPG
Winnipeg,hero,City Photo File,images/cities/winnipeg.jpg,images/cities/winnipeg.webp
Winnipeg,Downtown,Hood 1 Photo File,,images/hoods/winnipeg--downtown.webp
Winnipeg,Downtown,Hood 1 Photo Credit,,"https://commons.wikimedia.org/wiki/File:Downtown_Area,_Winnipeg_(505204)_(25578353641).jpg"
Winnipeg,The Exchange District,Hood 2 Photo File,,images/hoods/winnipeg--the-exchange-district.webp
Winnipeg,The Exchange District,Hood 2 Photo Credit,,"https://commons.wikimedia.org/wiki/File:Union_Bank_Tower,_Winnipeg_Manitoba_01.JPG"
Winnipeg,St. Boniface,Hood 3 Photo File,,images/hoods/winnipeg--st-boniface.webp
Winnipeg,St. Boniface,Hood 3 Photo Credit,,"https://commons.wikimedia.org/wiki/File:Condominiums_in_St_Boniface,_Winnipeg.JPG"
Winnipeg,Polo Park,Hood 4 Photo File,,images/hoods/winnipeg--polo-park.webp
Winnipeg,Polo Park,Hood 4 Photo Credit,,"https://commons.wikimedia.org/wiki/File:Polo_Park_Shopping_Centre,_Portage_Ave,_Winnipeg_(502287)_(16387906198).jpg"
Winnipeg,The Forks,Hood 5 Photo File,,images/hoods/winnipeg--the-forks.webp
Winnipeg,The Forks,Hood 5 Photo Credit,,https://commons.wikimedia.org/wiki/File:A_tree_from_above_(274293043).jpg
Wrocław,hero,City Photo File,images/cities/wroc-aw.jpg,images/cities/wroc-aw.webp
Wrocław,Stare Miasto (Old Town / Rynek),Hood 1 Photo File,,images/hoods/wroclaw--stare-miasto-old-town-rynek.webp
Wrocław,Stare Miasto (Old Town / Rynek),Hood 1 Photo Credit,,https://commons.wikimedia.org/wiki/File:2019-12-26_18-11-04_Wroc%C5%82aw.jpg
Wrocław,Ostrów Tumski (Cathedral Island),Hood 2 Photo File,,images/hoods/wroclaw--ostrow-tumski-cathedral-island.webp
Wrocław,Ostrów Tumski (Cathedral Island),Hood 2 Photo Credit,,https://commons.wikimedia.org/wiki/File:Archikatedra_%C5%9Aw._Jana_Chrzciciela_we_Wroc%C5%82awiu_(2025-12-13).jpg
Wrocław,Nadodrze,Hood 3 Photo File,,images/hoods/wroclaw--nadodrze.webp
Wrocław,Nadodrze,Hood 3 Photo Credit,,https://commons.wikimedia.org/wiki/File:Wroc%C5%82aw_-_Dworzec_Nadodrze_(7529902678).jpg
Wrocław,Przedmieście Oławskie,Hood 4 Photo File,,images/hoods/wroclaw--przedmiescie-olawskie.webp
Wrocław,Przedmieście Oławskie,Hood 4 Photo Credit,,https://commons.wikimedia.org/wiki/File:Wroc%C5%82aw_-_Przedmie%C5%9Bcie_O%C5%82awskie_55.jpg
Wrocław,Krzyki,Hood 5 Photo File,,images/hoods/wroclaw--krzyki.webp
Wrocław,Krzyki,Hood 5 Photo Credit,,https://commons.wikimedia.org/wiki/File:Wzg%C3%B3rzeGajowe-SkyTower-Pion-JKosiaty.jpg
Wuyishan,hero,City Photo File,images/cities/wuyishan.jpg,images/cities/wuyishan.webp
Wuyishan,Sangu Resort Area,Hood 1 Photo File,images/hoods/wuyishan--sangu-resort-area.jpg,images/hoods/wuyishan--sangu-resort-area.webp
Wuyishan,Wuyishan City Center,Hood 2 Photo File,,images/hoods/wuyishan--wuyishan-city-center.webp
Wuyishan,Wuyishan City Center,Hood 2 Photo Credit,,https://commons.wikimedia.org/wiki/File:%E6%AD%A6%E5%A4%B7%E5%B1%B1%E5%B8%82%E4%B8%AD%E5%BF%83_-_Wuyishan_City_Center_-_2015.11_-_panoramio.jpg
Würzburg,hero,City Photo File,images/cities/w-rzburg.jpg,images/cities/w-rzburg.webp
Würzburg,Altstadt,Hood 1 Photo File,,images/hoods/wurzburg--altstadt.webp
Würzburg,Altstadt,Hood 1 Photo Credit,,"https://commons.wikimedia.org/wiki/File:Bayern,_W%C3%BCrzburg,_Altstadt_W%C3%BCrzburg_NIK_5029.jpg"
Würzburg,Zellerau,Hood 2 Photo File,,images/hoods/wurzburg--zellerau.webp
Würzburg,Zellerau,Hood 2 Photo Credit,,https://commons.wikimedia.org/wiki/File:W%C3%BCrzburg_-_Frankfurter_Stra%C3%9Fe_19_Ecce-Homo-Figur.jpg
Würzburg,Sanderau,Hood 3 Photo File,,images/hoods/wurzburg--sanderau.webp
Würzburg,Sanderau,Hood 3 Photo Credit,,"https://commons.wikimedia.org/wiki/File:St._Adalbero,_W%C3%BCrzburg,_Nave_20150103_1.jpg"
Würzburg,Frauenland,Hood 4 Photo File,,images/hoods/wurzburg--frauenland.webp
Würzburg,Frauenland,Hood 4 Photo Credit,,https://commons.wikimedia.org/wiki/File:Agrimonia_eupatoria_(28159514941).jpg
Würzburg,Grombühl,Hood 5 Photo File,,images/hoods/wurzburg--grombuhl.webp
Würzburg,Grombühl,Hood 5 Photo Credit,,"https://commons.wikimedia.org/wiki/File:Bismarckw%C3%A4ldchen,_Weinberge_in_Gromb%C3%BChl,_W%C3%BCrzburg.JPG"
Xi'an,hero,City Photo File,images/cities/xi-an.jpg,images/cities/xi-an.webp
Xi'an,Beilin / City Wall & Bell Tower,Hood 1 Photo File,,images/hoods/xi-an--beilin-city-wall-bell-tower.webp
Xi'an,Beilin / City Wall & Bell Tower,Hood 1 Photo Credit,,https://commons.wikimedia.org/wiki/File:Xian_35_(5459468538).jpg
Xi'an,Muslim Quarter (Huimin Jie),Hood 2 Photo File,,images/hoods/xi-an--muslim-quarter-huimin-jie.webp
Xi'an,Muslim Quarter (Huimin Jie),Hood 2 Photo Credit,,https://commons.wikimedia.org/wiki/File:Ablaq_IMG_1544.jpg
Xi'an,Yanta / Big Wild Goose Pagoda,Hood 3 Photo File,,images/hoods/xi-an--yanta-big-wild-goose-pagoda.webp
Xi'an,Yanta / Big Wild Goose Pagoda,Hood 3 Photo Credit,,"https://commons.wikimedia.org/wiki/File:Hi-tech_Shangquan,_Xi%27an,_Shaanxi,_China_-_panoramio_-_monicker.jpg"
Xi'an,Qujiang New District,Hood 4 Photo File,,images/hoods/xi-an--qujiang-new-district.webp
Xi'an,Qujiang New District,Hood 4 Photo Credit,,https://commons.wikimedia.org/wiki/File:%E4%B8%AD%E7%A7%8B%E7%9A%84%E6%9B%B2%E6%B1%9F%E9%81%97%E5%9D%80%E5%85%AC%E5%9B%AD_-_panoramio.jpg
Xi'an,Weiyang / High-tech Zone,Hood 5 Photo File,,images/hoods/xi-an--weiyang-high-tech-zone.webp
Xi'an,Weiyang / High-tech Zone,Hood 5 Photo Credit,,https://commons.wikimedia.org/wiki/File:1999%E5%B9%B4%E5%BB%BA%E6%88%90%E7%9A%84%E5%9F%8E%E8%BF%90%E6%9D%91_-_panoramio.jpg
Xiamen,hero,City Photo File,images/cities/xiamen.jpg,images/cities/xiamen.webp
Xiamen,Siming / Zhongshan Road (Old Town),Hood 1 Photo File,,images/hoods/xiamen--siming-zhongshan-road-old-town.webp
Xiamen,Siming / Zhongshan Road (Old Town),Hood 1 Photo Credit,,https://commons.wikimedia.org/wiki/File:Xiamen-Zhongshan_gongyuan_bonsai.jpg
Xiamen,Gulangyu Island,Hood 2 Photo File,,images/hoods/xiamen--gulangyu-island.webp
Xiamen,Gulangyu Island,Hood 2 Photo Credit,,https://commons.wikimedia.org/wiki/File:Street_view_on_Gulangyu_Island_1.jpg
Xiamen,Huli / SM City & Ferry,Hood 4 Photo File,,images/hoods/xiamen--huli-sm-city-ferry.webp
Xiamen,Huli / SM City & Ferry,Hood 4 Photo Credit,,"https://commons.wikimedia.org/wiki/File:Exit_2,_Huli_Innovation_Park_Station,_Xiamen_Metro.jpg"
Xiamen,Jimei,Hood 5 Photo File,,images/hoods/xiamen--jimei.webp
Xiamen,Jimei,Hood 5 Photo Credit,,https://commons.wikimedia.org/wiki/File:Horticulture_Expo_Garden_Bus_Station.jpg
Yamoussoukro,hero,City Photo File,images/cities/yamoussoukro.jpg,images/cities/yamoussoukro.webp
Yamoussoukro,hero,City Photo Credit,https://commons.wikimedia.org/wiki/File:Yamoussoukro_panorama.jpg,https://commons.wikimedia.org/wiki/File:Basilique_notre_Dame_de_la_Paix_de_Yamoussoukro_16.jpg
Yamoussoukro,Habitat,Hood 3 Photo File,,images/hoods/yamoussoukro--habitat.webp
Yamoussoukro,Habitat,Hood 3 Photo Credit,,https://commons.wikimedia.org/wiki/File:Earth_from_Space-_C%C3%B4te_d%27Ivoire_ESA25482285.tiff
Yangon,hero,City Photo File,images/cities/yangon.jpg,images/cities/yangon.webp
Yangon,Downtown/Sule Pagoda,Hood 1 Photo File,,images/hoods/yangon--downtown-sule-pagoda.webp
Yangon,Downtown/Sule Pagoda,Hood 1 Photo Credit,,https://commons.wikimedia.org/wiki/File:Gandhi_Hall_-_panoramio.jpg
Yangon,Bahan/Shwedagon-Golden Valley,Hood 3 Photo File,,images/hoods/yangon--bahan-shwedagon-golden-valley.webp
Yangon,Bahan/Shwedagon-Golden Valley,Hood 3 Photo Credit,,https://commons.wikimedia.org/wiki/File:Buddhist_female_monk_IMG_20180407_091755_yan_aye_street_bahan_yangoon.jpg
Yangon,Kandawgyi Lake Area,Hood 4 Photo File,,images/hoods/yangon--kandawgyi-lake-area.webp
Yangon,Kandawgyi Lake Area,Hood 4 Photo Credit,,"https://commons.wikimedia.org/wiki/File:Bahan,_Yangon,_Myanmar_(Burma)_-_panoramio_(10).jpg"
Yangon,Inya Lake/Mayangone,Hood 5 Photo File,,images/hoods/yangon--inya-lake-mayangone.webp
Yangon,Inya Lake/Mayangone,Hood 5 Photo Credit,,https://commons.wikimedia.org/wiki/File:Inya_lake_-_panoramio.jpg
Yangshuo,hero,City Photo File,images/cities/yangshuo.jpg,images/cities/yangshuo.webp
Yangshuo,West Street (Xi Jie),Hood 1 Photo File,,images/hoods/yangshuo--west-street-xi-jie.webp
Yangshuo,West Street (Xi Jie),Hood 1 Photo Credit,,"https://commons.wikimedia.org/wiki/File:Yangshuo,_Guilin,_Guangxi,_China_-_panoramio_(13).jpg"
Yangshuo,Yangshuo Riverside (Pantao Road),Hood 2 Photo File,,images/hoods/yangshuo--yangshuo-riverside-pantao-road.webp
Yangshuo,Yangshuo Riverside (Pantao Road),Hood 2 Photo Credit,,https://commons.wikimedia.org/wiki/File:Yangshuo-Mushan-Snow_Lion_Riverside_Resort-18-Balkon-2012-gje.jpg
Yangshuo,Yulong River Area (Baisha & Jiuxian),Hood 3 Photo File,,images/hoods/yangshuo--yulong-river-area-baisha-jiuxian.webp
Yangshuo,Yulong River Area (Baisha & Jiuxian),Hood 3 Photo Credit,,https://commons.wikimedia.org/wiki/File:021_soteska_tigrovega_skoka_(16).JPG
Yangshuo,Moon Hill / Gaotian,Hood 4 Photo File,,images/hoods/yangshuo--moon-hill-gaotian.webp
Yangshuo,Moon Hill / Gaotian,Hood 4 Photo Credit,,"https://commons.wikimedia.org/wiki/File:%E6%9C%88%E4%BA%AE%E5%B1%B1,_%E9%98%B3%E6%9C%94,_%E4%B8%AD%E5%9B%BD_(5238095116).jpg"
Yangzhou,hero,City Photo File,images/cities/yangzhou.jpg,images/cities/yangzhou.webp
Yangzhou,Old City (Dongguan Street),Hood 1 Photo File,,images/hoods/yangzhou--old-city-dongguan-street.webp
Yangzhou,Old City (Dongguan Street),Hood 1 Photo Credit,,https://commons.wikimedia.org/wiki/File:Yangzhou_-_Looking_south_from_Yangjiang_Road_bridge_-_P1130221.JPG
Yangzhou,Wenchang Pavilion (Downtown),Hood 3 Photo File,,images/hoods/yangzhou--wenchang-pavilion-downtown.webp
Yangzhou,Wenchang Pavilion (Downtown),Hood 3 Photo Credit,,https://commons.wikimedia.org/wiki/File:%E9%9B%A8%E4%B8%AD%E7%9A%84%E6%96%87%E6%98%8C%E9%98%81_-_panoramio.jpg
Yangzhou,Hanjiang New District,Hood 4 Photo File,,images/hoods/yangzhou--hanjiang-new-district.webp
Yangzhou,Hanjiang New District,Hood 4 Photo Credit,,https://commons.wikimedia.org/wiki/File:%E5%8F%B2%E5%8F%AF%E6%B3%95%E7%BA%AA%E5%BF%B5%E9%A6%8620230805_01.jpg
Yaoundé,hero,City Photo File,images/cities/yaound.jpg,images/cities/yaound.webp
Yaoundé,Bastos,Hood 1 Photo File,,images/hoods/yaounde--bastos.webp
Yaoundé,Bastos,Hood 1 Photo Credit,,https://commons.wikimedia.org/wiki/File:Bastos_under_the_moon.jpg
Yaoundé,Nlongkak,Hood 3 Photo File,,images/hoods/yaounde--nlongkak.webp
Yaoundé,Nlongkak,Hood 3 Photo Credit,,https://commons.wikimedia.org/wiki/File:Vue_du_rond_point_nlongkak.jpg
Yaoundé,Mvog-Betsi,Hood 4 Photo File,,images/hoods/yaounde--mvog-betsi.webp
Yaoundé,Mvog-Betsi,Hood 4 Photo Credit,,https://commons.wikimedia.org/wiki/File:Deux_lionnes_dans_un_parc_zoologique_camerounais.jpg
Yaoundé,Mokolo,Hood 5 Photo File,,images/hoods/yaounde--mokolo.webp
Yaoundé,Mokolo,Hood 5 Photo Credit,,https://commons.wikimedia.org/wiki/File:Messa_02.jpg
Yaroslavl,hero,City Photo File,images/cities/yaroslavl.jpg,images/cities/yaroslavl.webp
Yaroslavl,hero,City Photo Credit,https://commons.wikimedia.org/wiki/File:Yaroslavl_Russia_Montage.jpg,https://commons.wikimedia.org/wiki/File:Assumption_Cathedral_in_Yaroslavl_01.jpg
Yaroslavl,City Centre (Kirovsky),Hood 1 Photo File,,images/hoods/yaroslavl--city-centre-kirovsky.webp
Yaroslavl,City Centre (Kirovsky),Hood 1 Photo Credit,,https://commons.wikimedia.org/wiki/File:20190807_Yaroslavl_view_16.jpg
Yaroslavl,Strelka & Volga Embankment,Hood 2 Photo File,,images/hoods/yaroslavl--strelka-volga-embankment.webp
Yaroslavl,Strelka & Volga Embankment,Hood 2 Photo Credit,,"https://commons.wikimedia.org/wiki/File:Leninskiy_rayon,_Yaroslavl%27,_Yaroslavskaya_oblast%27,_Russia_-_panoramio_(301).jpg"
Yaroslavl,Korovniki,Hood 3 Photo File,,images/hoods/yaroslavl--korovniki.webp
Yaroslavl,Korovniki,Hood 3 Photo Credit,,"https://commons.wikimedia.org/wiki/File:Frunzenskiy_rayon,_Yaroslavl%27,_Yaroslavskaya_oblast%27,_Russia_-_panoramio_(25).jpg"
Yaroslavl,Zavolzhsky (Left Bank),Hood 4 Photo File,,images/hoods/yaroslavl--zavolzhsky-left-bank.webp
Yaroslavl,Zavolzhsky (Left Bank),Hood 4 Photo Credit,,"https://commons.wikimedia.org/wiki/File:Zavolzhsky,_Tverskaya_oblast.jpg"
Yaroslavl,Krasny Perekop (Tolchkovo),Hood 5 Photo File,,images/hoods/yaroslavl--krasny-perekop-tolchkovo.webp
Yaroslavl,Krasny Perekop (Tolchkovo),Hood 5 Photo Credit,,https://commons.wikimedia.org/wiki/File:%D0%96%D0%B5%D0%BB%D0%B5%D0%B7%D0%BD%D0%BE%D0%B4%D0%BE%D1%80%D0%BE%D0%B6%D0%BD%D1%8B%D0%B9_%D0%BC%D0%BE%D1%81%D1%82_%D1%83_%D0%BC%D0%B0%D0%BD%D1%83%D1%84%D0%B0%D0%BA%D1%82%D1%83%D1%80%D1%8B_-_panoramio.jpg
Yazd,hero,City Photo File,images/cities/yazd.jpg,images/cities/yazd.webp
Yazd,Fahadan (Old City),Hood 1 Photo File,,images/hoods/yazd--fahadan-old-city.webp
Yazd,Fahadan (Old City),Hood 1 Photo Credit,,https://commons.wikimedia.org/wiki/File:Yazd_khane_lariha_(2).jpg
Yazd,Amir Chakhmaq,Hood 2 Photo File,,images/hoods/yazd--amir-chakhmaq.webp
Yazd,Amir Chakhmaq,Hood 2 Photo Credit,,https://commons.wikimedia.org/wiki/File:Amir_Chakhmagh_mosque_-_panoramio.jpg
Yazd,Bazaar / Jameh Mosque,Hood 3 Photo File,,images/hoods/yazd--bazaar-jameh-mosque.webp
Yazd,Bazaar / Jameh Mosque,Hood 3 Photo Credit,,https://commons.wikimedia.org/wiki/File:Bazar_in_Yazd.jpg
Yazd,Dowlatabad Garden,Hood 4 Photo File,,images/hoods/yazd--dowlatabad-garden.webp
Yazd,Dowlatabad Garden,Hood 4 Photo Credit,,https://commons.wikimedia.org/wiki/File:2_%D8%A2%D8%A8%E2%80%8C%D8%A7%D9%86%D8%A8%D8%A7%D8%B1_%D8%AF%D9%88%D9%84%D8%AA%E2%80%8C%D8%A2%D8%A8%D8%A7%D8%AF.jpg
Yazd,Safaiyeh,Hood 5 Photo File,,images/hoods/yazd--safaiyeh.webp
Yazd,Safaiyeh,Hood 5 Photo Credit,,"https://commons.wikimedia.org/wiki/File:Safaiyeh_Hotel,_Yazd.jpg"
Yerevan,hero,City Photo File,images/cities/yerevan.jpg,images/cities/yerevan.webp
Yerevan,Kentron (City Center),Hood 1 Photo File,,images/hoods/yerevan--kentron-city-center.webp
Yerevan,Kentron (City Center),Hood 1 Photo Credit,,"https://commons.wikimedia.org/wiki/File:Saint_John_the_Baptist_Church,_Kond_01.jpg"
Yerevan,Kond,Hood 2 Photo File,,images/hoods/yerevan--kond.webp
Yerevan,Kond,Hood 2 Photo Credit,,"https://commons.wikimedia.org/wiki/File:Tepebashi_Mosque,_Kond_(2).jpg"
Yerevan,Cascade / Opera District,Hood 3 Photo File,,images/hoods/yerevan--cascade-opera-district.webp
Yerevan,Cascade / Opera District,Hood 3 Photo Credit,,"https://commons.wikimedia.org/wiki/File:Cascade_Memorial,_door_from_the_inside.jpg"
Yerevan,Tsitsernakaberd,Hood 4 Photo File,,images/hoods/yerevan--tsitsernakaberd.webp
Yerevan,Tsitsernakaberd,Hood 4 Photo Credit,,https://commons.wikimedia.org/wiki/File:Ruins_of_the_huge_wall_of_castle_of_ancient_Armenian_settlement_Tsitsernakaberd_in_Yerevan_-_panoramio_(2).jpg
Yerevan,Erebuni,Hood 5 Photo File,,images/hoods/yerevan--erebuni.webp
Yerevan,Erebuni,Hood 5 Photo Credit,,"https://commons.wikimedia.org/wiki/File:2014_Erywa%C5%84,_Erebuni,_Ruiny_twierdzy_(02).jpg"
Yogyakarta,hero,City Photo File,images/cities/yogyakarta.jpg,images/cities/yogyakarta.webp
Yogyakarta,Malioboro,Hood 1 Photo File,,images/hoods/yogyakarta--malioboro.webp
Yogyakarta,Malioboro,Hood 1 Photo Credit,,"https://commons.wikimedia.org/wiki/File:A_statue_at_Jalan_Malioboro,_Yogyakarta_(December_2015).jpg"
Yogyakarta,Sosrowijayan,Hood 2 Photo File,,images/hoods/yogyakarta--sosrowijayan.webp
Yogyakarta,Sosrowijayan,Hood 2 Photo Credit,,https://commons.wikimedia.org/wiki/File:Sosrowijayan_Yogyakarta.jpg
Yogyakarta,Prawirotaman,Hood 3 Photo File,,images/hoods/yogyakarta--prawirotaman.webp
Yogyakarta,Prawirotaman,Hood 3 Photo Credit,,https://commons.wikimedia.org/wiki/File:Palka_Art_Craft_Prawirotaman.jpg
Yogyakarta,Kraton (Alun-Alun),Hood 4 Photo File,,images/hoods/yogyakarta--kraton-alun-alun.webp
Yogyakarta,Kraton (Alun-Alun),Hood 4 Photo Credit,,https://commons.wikimedia.org/wiki/File:Gamelan_Gender_Kanjeng_Nyai_Mari_Kangen_01.jpg
Yogyakarta,Kotagede,Hood 5 Photo File,,images/hoods/yogyakarta--kotagede.webp
Yogyakarta,Kotagede,Hood 5 Photo Credit,,https://commons.wikimedia.org/wiki/File:Alun-alun_Cokro.JPG
Yokohama,hero,City Photo File,images/cities/yokohama.jpg,images/cities/yokohama.webp
Yokohama,Minato Mirai 21,Hood 1 Photo File,,images/hoods/yokohama--minato-mirai-21.webp
Yokohama,Minato Mirai 21,Hood 1 Photo Credit,,"https://commons.wikimedia.org/wiki/File:2_Chome-1_Minatomirai,_Nishi-ku,_Yokohama-shi,_Kanagawa-ken_220-0012,_Japan_-_panoramio_-_jetsun_(3).jpg"
Yokohama,Kannai / Chinatown (Chukagai),Hood 2 Photo File,,images/hoods/yokohama--kannai-chinatown-chukagai.webp
Yokohama,Kannai / Chinatown (Chukagai),Hood 2 Photo Credit,,https://commons.wikimedia.org/wiki/File:Fujiki-kigyo_headquarter.jpg
Yokohama,Motomachi / Yamate,Hood 3 Photo File,,images/hoods/yokohama--motomachi-yamate.webp
Yokohama,Motomachi / Yamate,Hood 3 Photo Credit,,https://commons.wikimedia.org/wiki/File:Motomachi_shopping_street.jpg
Yokohama,Yokohama Station West,Hood 4 Photo File,,images/hoods/yokohama--yokohama-station-west.webp
Yokohama,Yokohama Station West,Hood 4 Photo Credit,,https://commons.wikimedia.org/wiki/File:Keikyu-railway-KK28-Tsurumi-ichiba-station-entrance-east-20220306-135236.jpg
Yokohama,Shin-Yokohama,Hood 5 Photo File,,images/hoods/yokohama--shin-yokohama.webp
Yokohama,Shin-Yokohama,Hood 5 Photo Credit,,https://commons.wikimedia.org/wiki/File:Shin-Yokohama_Station_(Shin-Yokohama_Line)_20240406.jpg
York,hero,City Photo File,images/cities/york.jpg,images/cities/york.webp
York,The Shambles,Hood 1 Photo File,,images/hoods/york--the-shambles.webp
York,The Shambles,Hood 1 Photo Credit,,"https://commons.wikimedia.org/wiki/File:The_Shambles,_York_-_geograph.org.uk_-_5323188.jpg"
York,Micklegate,Hood 2 Photo File,,images/hoods/york--micklegate.webp
York,Micklegate,Hood 2 Photo Credit,,https://commons.wikimedia.org/wiki/File:61_Micklegate_York_02.jpg
York,Bishopthorpe Road,Hood 3 Photo File,,images/hoods/york--bishopthorpe-road.webp
York,Bishopthorpe Road,Hood 3 Photo Credit,,"https://commons.wikimedia.org/wiki/File:Pexton%27s,_Bishopsthorpe_Road,_York_(5743800992).jpg"
York,Fossgate & Walmgate,Hood 4 Photo File,,images/hoods/york--fossgate-walmgate.webp
York,Fossgate & Walmgate,Hood 4 Photo Credit,,https://commons.wikimedia.org/wiki/File:Foss_Bridge_House_-_geograph.org.uk_-_6000220.jpg
York,Clifton,Hood 5 Photo File,,images/hoods/york--clifton.webp
York,Clifton,Hood 5 Photo Credit,,https://commons.wikimedia.org/wiki/File:T.V_15_(5184868915).jpg
Zacatecas,hero,City Photo File,images/cities/zacatecas.jpg,images/cities/zacatecas.webp
Zacatecas,hero,City Photo Credit,https://commons.wikimedia.org/wiki/File:Campo_en_zona_arqueol%C3%B3gica_La_Quemada.jpg,https://commons.wikimedia.org/wiki/File:Zacatecas_Panoramic_View.jpg
Zacatecas,Centro Historico,Hood 1 Photo File,,images/hoods/zacatecas--centro-historico.webp
Zacatecas,Centro Historico,Hood 1 Photo Credit,,https://commons.wikimedia.org/wiki/File:Callej%C3%B3n_de_las_Campanas.jpg
Zacatecas,Sierra de Alica,Hood 2 Photo File,,images/hoods/zacatecas--sierra-de-alica.webp
Zacatecas,Sierra de Alica,Hood 2 Photo Credit,,"https://commons.wikimedia.org/wiki/File:Santuario_Diocesano_de_Ntra._Se%C3%B1ora_de_Guadalupe_(Guadalupito),_Zacatecas,_Zac._01.jpg"
Zacatecas,Guadalupe,Hood 3 Photo File,,images/hoods/zacatecas--guadalupe.webp
Zacatecas,Guadalupe,Hood 3 Photo Credit,,https://commons.wikimedia.org/wiki/File:ESCUDOCIUDADGUADALUPE2013.jpg
Zadar,hero,City Photo File,images/cities/zadar.jpg,images/cities/zadar.webp
Zadar,Old Town (Poluotok),Hood 1 Photo File,,images/hoods/zadar--old-town-poluotok.webp
Zadar,Old Town (Poluotok),Hood 1 Photo Credit,,https://commons.wikimedia.org/wiki/File:Z-1736_-Templarska_gradina_-_Pako%C5%A1tane_07.jpg
Zadar,Kolovare,Hood 2 Photo File,,images/hoods/zadar--kolovare.webp
Zadar,Kolovare,Hood 2 Photo Credit,,"https://commons.wikimedia.org/wiki/File:Diving_tower_in_Zadar,_Croatia_(48670242446).jpg"
Zadar,Borik,Hood 3 Photo File,,images/hoods/zadar--borik.webp
Zadar,Borik,Hood 3 Photo Credit,,"https://commons.wikimedia.org/wiki/File:Aerial_view_of_Zadar,_Croatia_(48607322198).jpg"
Zadar,Diklo,Hood 4 Photo File,,images/hoods/zadar--diklo.webp
Zadar,Diklo,Hood 4 Photo Credit,,https://commons.wikimedia.org/wiki/File:Diklo_Kroatien_4.JPG
Zadar,Puntamika,Hood 5 Photo File,,images/hoods/zadar--puntamika.webp
Zadar,Puntamika,Hood 5 Photo Credit,,https://commons.wikimedia.org/wiki/File:Nad_brzegiem_-_panoramio.jpg
Zagreb,hero,City Photo File,images/cities/zagreb.jpg,images/cities/zagreb.webp
Zagreb,Gornji Grad (Upper Town),Hood 1 Photo File,,images/hoods/zagreb--gornji-grad-upper-town.webp
Zagreb,Gornji Grad (Upper Town),Hood 1 Photo Credit,,https://commons.wikimedia.org/wiki/File:Zagreb_-_Gradec_Gornji_grad.jpg
Zagreb,Donji Grad (Lower Town),Hood 2 Photo File,,images/hoods/zagreb--donji-grad-lower-town.webp
Zagreb,Donji Grad (Lower Town),Hood 2 Photo Credit,,https://commons.wikimedia.org/wiki/File:Me%C5%A1trovi%C4%87_Pavilion_under_renovation_Zagreb_2026.JPG
Zagreb,Kaptol,Hood 3 Photo File,,images/hoods/zagreb--kaptol.webp
Zagreb,Kaptol,Hood 3 Photo Credit,,https://commons.wikimedia.org/wiki/File:Zagreb_chapel.jpg
Zagreb,Britanski trg,Hood 4 Photo File,,images/hoods/zagreb--britanski-trg.webp
Zagreb,Britanski trg,Hood 4 Photo Credit,,"https://commons.wikimedia.org/wiki/File:Zagreb,_Croatia_-_panoramio_(43).jpg"
Zagreb,Jarun,Hood 5 Photo File,,images/hoods/zagreb--jarun.webp
Zagreb,Jarun,Hood 5 Photo Credit,,https://commons.wikimedia.org/wiki/File:Zagreb_Jarun_cycle_way.jpg
Zanzibar City,hero,City Photo File,images/cities/zanzibar-city.jpg,images/cities/zanzibar-city.webp
Zanzibar City,Shangani,Hood 2 Photo File,,images/hoods/zanzibar-city--shangani.webp
Zanzibar City,Shangani,Hood 2 Photo Credit,,https://commons.wikimedia.org/wiki/File:Tippu_Tip%27s_House_in_Zanzibar_-march_2021.jpg
Zanzibar City,Darajani/Malindi,Hood 3 Photo File,,images/hoods/zanzibar-city--darajani-malindi.webp
Zanzibar City,Darajani/Malindi,Hood 3 Photo Credit,,"https://commons.wikimedia.org/wiki/File:Darajani_market_scene,_Mjini,_Zanzibar.jpg"
Zaragoza,hero,City Photo File,images/cities/zaragoza.jpg,images/cities/zaragoza.webp
Zaragoza,Casco Antiguo,Hood 1 Photo File,,images/hoods/zaragoza--casco-antiguo.webp
Zaragoza,Casco Antiguo,Hood 1 Photo Credit,,"https://commons.wikimedia.org/wiki/File:Casco_Antiguo,_Zaragoza,_Spain_-_panoramio.jpg"
Zaragoza,Delicias,Hood 3 Photo File,,images/hoods/zaragoza--delicias.webp
Zaragoza,Delicias,Hood 3 Photo Credit,,https://commons.wikimedia.org/wiki/File:Manos_Monumento_a_la_protecci%C3%B3n_del_Planeta.jpg
Zaragoza,Actur-Rey Fernando,Hood 4 Photo File,,images/hoods/zaragoza--actur-rey-fernando.webp
Zaragoza,Actur-Rey Fernando,Hood 4 Photo Credit,,https://commons.wikimedia.org/wiki/File:Bloque_de_viviendas_Actur.jpg
Zhangjiajie,hero,City Photo File,images/cities/zhangjiajie.jpg,images/cities/zhangjiajie.webp
Zhangjiajie,Yongding District (Downtown Zhangjiajie),Hood 1 Photo File,,images/hoods/zhangjiajie--yongding-district-downtown-zhangjiajie.webp
Zhangjiajie,Yongding District (Downtown Zhangjiajie),Hood 1 Photo Credit,,https://commons.wikimedia.org/wiki/File:China_IMG_2806_(29474763552).jpg
Zhangjiajie,Wulingyuan District,Hood 2 Photo File,,images/hoods/zhangjiajie--wulingyuan-district.webp
Zhangjiajie,Wulingyuan District,Hood 2 Photo Credit,,https://commons.wikimedia.org/wiki/File:China_IMG_3171_(29109847064).jpg
Zhangye,hero,City Photo File,images/cities/zhangye.jpg,images/cities/zhangye.webp
Zhangye,West Railway Station / New District,Hood 5 Photo File,,images/hoods/zhangye--west-railway-station-new-district.webp
Zhangye,West Railway Station / New District,Hood 5 Photo Credit,,https://commons.wikimedia.org/wiki/File:West_Calder_Railway_Station.jpg
Zhaoqing,hero,City Photo File,images/cities/zhaoqing.jpg,images/cities/zhaoqing.webp
Zhaoqing,Star Lake / Seven Star Crags Area,Hood 1 Photo File,,images/hoods/zhaoqing--star-lake-seven-star-crags-area.webp
Zhaoqing,Star Lake / Seven Star Crags Area,Hood 1 Photo Credit,,https://commons.wikimedia.org/wiki/File:%E8%82%87%E5%BA%86%E7%89%8C%E5%9D%8A%E5%B9%BF%E5%9C%BA%E8%88%9E%E5%8F%B0%EF%BC%8C%E6%91%84%E4%BA%8E%E7%89%8C%E5%9D%8A%E5%B9%BF%E5%9C%BA%EF%BC%8C2025-08.jpg
Zhaoqing,Dinghu District,Hood 4 Photo File,,images/hoods/zhaoqing--dinghu-district.webp
Zhaoqing,Dinghu District,Hood 4 Photo Credit,,"https://commons.wikimedia.org/wiki/File:%E5%B9%BF%E4%B8%9C%E8%82%87%E5%BA%86%E8%A5%BF%E6%B1%9F_Xi_River_,_Zhaoqing,_Guangdong_-_panoramio.jpg"
Zhoushan,hero,City Photo File,images/cities/zhoushan.jpg,images/cities/zhoushan.webp
Zhoushan,Mt. Putuo (Putuoshan),Hood 2 Photo File,,images/hoods/zhoushan--mt-putuo-putuoshan.webp
Zhoushan,Mt. Putuo (Putuoshan),Hood 2 Photo Credit,,https://commons.wikimedia.org/wiki/File:The_Thousand_Buddha_Temple_02.jpg
Zhoushan,Zhujiajian Island,Hood 3 Photo File,,images/hoods/zhoushan--zhujiajian-island.webp
Zhoushan,Zhujiajian Island,Hood 3 Photo Credit,,https://commons.wikimedia.org/wiki/File:%E4%B9%8C%E7%9F%B3%E7%A0%BE%E5%A1%98_20191004.jpg
Zhoushan,Shenjiamen (Putuo District),Hood 4 Photo File,,images/hoods/zhoushan--shenjiamen-putuo-district.webp
Zhoushan,Shenjiamen (Putuo District),Hood 4 Photo Credit,,https://commons.wikimedia.org/wiki/File:%E6%B2%88%E5%AE%B6%E9%97%A8%E6%B8%AF_-_panoramio.jpg
Zhuhai,hero,City Photo File,images/cities/zhuhai.jpg,images/cities/zhuhai.webp
Zhuhai,Gongbei,Hood 1 Photo File,images/hoods/zhuhai--gongbei.jpg,images/hoods/zhuhai--gongbei.webp
Zhuhai,Xiangzhou,Hood 2 Photo File,images/hoods/zhuhai--xiangzhou.jpg,images/hoods/zhuhai--xiangzhou.webp
Zhuhai,Jida,Hood 3 Photo File,images/hoods/zhuhai--jida.jpg,images/hoods/zhuhai--jida.webp
Zhuhai,Tangjiawan,Hood 4 Photo File,,images/hoods/zhuhai--tangjiawan.webp
Zhuhai,Tangjiawan,Hood 4 Photo Credit,,https://commons.wikimedia.org/wiki/File:%E5%94%90%E5%AE%B6%E6%B9%BE%E9%95%87_-_%E5%B1%B1%E6%88%BF%E8%B7%AF_-_2026-05-10.jpg
Zhuhai,Hengqin,Hood 5 Photo File,images/hoods/zhuhai--hengqin.jpg,images/hoods/zhuhai--hengqin.webp
Ziguinchor,hero,City Photo File,images/cities/ziguinchor.jpg,images/cities/ziguinchor.webp
Ziguinchor,Escale (Centre-Ville),Hood 1 Photo File,,images/hoods/ziguinchor--escale-centre-ville.webp
Ziguinchor,Escale (Centre-Ville),Hood 1 Photo Credit,,https://commons.wikimedia.org/wiki/File:Ziguinchor6.JPG
Zurich,hero,City Photo File,images/cities/zurich.jpg,images/cities/zurich.webp
Zurich,Altstadt,Hood 1 Photo File,images/hoods/zurich--altstadt.jpg,images/hoods/zurich--altstadt.webp
Zurich,Niederdorf,Hood 2 Photo File,images/hoods/zurich--niederdorf.jpg,images/hoods/zurich--niederdorf.webp
Zurich,Langstrasse (Kreis 4),Hood 3 Photo File,images/hoods/zurich--langstrasse-kreis-4.jpg,images/hoods/zurich--langstrasse-kreis-4.webp
Zurich,Zurich-West,Hood 4 Photo File,images/hoods/zurich--zurich-west.jpg,images/hoods/zurich--zurich-west.webp
Zurich,Seefeld,Hood 5 Photo File,images/hoods/zurich--seefeld.jpg,images/hoods/zurich--seefeld.webp
Ålesund,hero,City Photo File,images/cities/lesund.jpg,images/cities/lesund.webp
Ålesund,Sentrum,Hood 1 Photo File,,images/hoods/alesund--sentrum.webp
Ålesund,Sentrum,Hood 1 Photo Credit,,https://commons.wikimedia.org/wiki/File:Soldiering_On_(7808126).jpeg
Ålesund,Aspøya,Hood 2 Photo File,,images/hoods/alesund--aspoya.webp
Ålesund,Aspøya,Hood 2 Photo Credit,,https://commons.wikimedia.org/wiki/File:Alesund_-_Aspoya.jpg
Ålesund,Volsdalen,Hood 3 Photo File,,images/hoods/alesund--volsdalen.webp
Ålesund,Volsdalen,Hood 3 Photo Credit,,https://commons.wikimedia.org/wiki/File:Alesund_-_Voldsdalen_kirke_-_Exterior.jpg
Århus,hero,City Photo File,images/cities/rhus.jpg,images/cities/rhus.webp
Århus,Midtbyen (City Center),Hood 1 Photo File,,images/hoods/arhus--midtbyen-city-center.webp
Århus,Midtbyen (City Center),Hood 1 Photo Credit,,"https://commons.wikimedia.org/wiki/File:Midtbyen,_Aarhus,_Denmark_-_panoramio_(13).jpg"
Århus,Latinerkvarteret (Latin Quarter),Hood 2 Photo File,,images/hoods/arhus--latinerkvarteret-latin-quarter.webp
Århus,Latinerkvarteret (Latin Quarter),Hood 2 Photo Credit,,https://commons.wikimedia.org/wiki/File:Guldsmedgade_30.JPG
Århus,Aarhus Ø (The Docks),Hood 3 Photo File,,images/hoods/arhus--aarhus-o-the-docks.webp
Århus,Aarhus Ø (The Docks),Hood 3 Photo Credit,,https://commons.wikimedia.org/wiki/File:AARhus.jpg
Århus,Frederiksbjerg,Hood 4 Photo File,,images/hoods/arhus--frederiksbjerg.webp
Århus,Frederiksbjerg,Hood 4 Photo Credit,,https://commons.wikimedia.org/wiki/File:Hans_broges_gade.jpg
Århus,Trøjborg,Hood 5 Photo File,,images/hoods/arhus--trojborg.webp
Århus,Trøjborg,Hood 5 Photo Credit,,https://commons.wikimedia.org/wiki/File:ToHunde.JPG
Çeşme,hero,City Photo File,images/cities/e-me.jpg,images/cities/e-me.webp
Çeşme,Alaçatı Beach,Hood 3 Photo File,,images/hoods/cesme--alacati-beach.webp
Çeşme,Alaçatı Beach,Hood 3 Photo Credit,,https://commons.wikimedia.org/wiki/File:S%C3%BCzer_Sun_Dreams_Beach_5_-_panoramio.jpg
Çeşme,Ilıca,Hood 4 Photo File,,images/hoods/cesme--ilica.webp
Çeşme,Ilıca,Hood 4 Photo Credit,,"https://commons.wikimedia.org/wiki/File:A_photo_from_%C3%87e%C5%9Fme,_Turkey.jpg"
Çeşme,Boyalık,Hood 5 Photo File,,images/hoods/cesme--boyalik.webp
Çeşme,Boyalık,Hood 5 Photo Credit,,https://commons.wikimedia.org/wiki/File:%22bizimkiler%22_gene_y%C3%BCr%C3%BCy%C3%BCse_cikmis_-)_-_panoramio.jpg
Şanlıurfa,hero,City Photo File,images/cities/anl-urfa.jpg,images/cities/anl-urfa.webp
Şanlıurfa,Balıklıgöl (Old City),Hood 1 Photo File,,images/hoods/sanliurfa--balikligol-old-city.webp
Şanlıurfa,Balıklıgöl (Old City),Hood 1 Photo Credit,,https://commons.wikimedia.org/wiki/File:Balikli_G%C3%B6l_01.jpg
Şanlıurfa,Haleplibahçe,Hood 2 Photo File,,images/hoods/sanliurfa--haleplibahce.webp
Şanlıurfa,Haleplibahçe,Hood 2 Photo Credit,,https://commons.wikimedia.org/wiki/File:Haleplibah%C3%A7e_Mozaik_M%C3%BCzesi_giri%C5%9F.jpg
Şanlıurfa,Karaköprü,Hood 4 Photo File,,images/hoods/sanliurfa--karakopru.webp
Şanlıurfa,Karaköprü,Hood 4 Photo Credit,,https://commons.wikimedia.org/wiki/File:Saybur%C3%A7_excavation_site.jpg
Şanlıurfa,Sarayönü (City Centre),Hood 5 Photo File,,images/hoods/sanliurfa--sarayonu-city-centre.webp
Şanlıurfa,Sarayönü (City Centre),Hood 5 Photo Credit,,https://commons.wikimedia.org/wiki/File:%C5%9Eanl%C4%B1urfa_Yusuf_Pasa_Mosque_Exterior_in_2025_9378.jpg
Kano,hero,City Photo File,,images/cities/kano.webp
Kano,hero,City Photo Credit,,https://commons.wikimedia.org/wiki/File:Dala_Hills_%28Dutse_Dala%29.jpg
Kano,Bompai,Hood 5 Photo File,,images/hoods/kano--bompai.webp
Kano,Bompai,Hood 5 Photo Credit,,https://commons.wikimedia.org/wiki/File:Natural_plantation_beide_tiny_flowing_river_getsi_in_Police_Barrack_Bompai_Kano_state_(2).jpg
Ibadan,hero,City Photo File,,images/cities/ibadan.webp
Ibadan,hero,City Photo Credit,,https://commons.wikimedia.org/wiki/File:Aerial_view_of_the_National_Museum_of_Unity%2C_Aleshinloye%2C_Ibadan_2024-06-02.jpg
Ibadan,Bodija,Hood 1 Photo File,,images/hoods/ibadan--bodija.webp
Ibadan,Bodija,Hood 1 Photo Credit,,https://commons.wikimedia.org/wiki/File:Lafunsection_Amala.jpg
Ibadan,Dugbe (City Centre),Hood 2 Photo File,,images/hoods/ibadan--dugbe-city-centre.webp
Ibadan,Dugbe (City Centre),Hood 2 Photo Credit,,https://commons.wikimedia.org/wiki/File:Mobolaji_Johnson_house_Dugbe_Ibadan.jpg
Ibadan,Ring Road,Hood 4 Photo File,,images/hoods/ibadan--ring-road.webp
Ibadan,Ring Road,Hood 4 Photo Credit,,"https://commons.wikimedia.org/wiki/File:L.A._Ring,_Road_in_the_Village_of_Baldersbr%C3%B8nde_(Winter_Day),_1912,_NG6658,_National_Gallery.png"
Ibadan,Sango / UI Area,Hood 5 Photo File,,images/hoods/ibadan--sango-ui-area.webp
Ibadan,Sango / UI Area,Hood 5 Photo Credit,,https://commons.wikimedia.org/wiki/File:Polytechnic_Of_Ibadan.jpg
Ahmedabad,hero,City Photo File,,images/cities/ahmedabad.webp
Ahmedabad,hero,City Photo Credit,,https://commons.wikimedia.org/wiki/File:Sabarmati_riverside.jpg
Ahmedabad,Navrangpura,Hood 2 Photo File,,images/hoods/ahmedabad--navrangpura.webp
Ahmedabad,Navrangpura,Hood 2 Photo Credit,,https://commons.wikimedia.org/wiki/File:M_G_Science_Institute_Ahmedabad.jpg
Ahmedabad,CG Road / Ellisbridge,Hood 3 Photo File,,images/hoods/ahmedabad--cg-road-ellisbridge.webp
Ahmedabad,CG Road / Ellisbridge,Hood 3 Photo Credit,,https://commons.wikimedia.org/wiki/File:Blue_Cloudy_Sky.jpg
Ahmedabad,Maninagar,Hood 5 Photo File,,images/hoods/ahmedabad--maninagar.webp
Ahmedabad,Maninagar,Hood 5 Photo Credit,,https://commons.wikimedia.org/wiki/File:K_K_Shastri_Educational_Campus_Ahmedabad.jpg
Monrovia,hero,City Photo File,,images/cities/monrovia.webp
Monrovia,hero,City Photo Credit,,https://en.wikipedia.org/wiki/File:Liberia%2C_Africa_-_panoramio_(256).jpg
Monrovia,Mamba Point,Hood 1 Photo File,,images/hoods/monrovia--mamba-point.webp
Monrovia,Mamba Point,Hood 1 Photo Credit,,"https://commons.wikimedia.org/wiki/File:ASC_Leiden_-_F._van_der_Kraaij_Collection_-_14_-_69_-_Tall_slender_palm_trees_behind_an_asphalt_road_near_the_Atlantic_Ocean_-_Mamba_Point,_Monrovia,_Montserrado_County,_Liberia_-_1977-1978.tif"
Monrovia,Downtown / Broad Street,Hood 2 Photo File,,images/hoods/monrovia--downtown-broad-street.webp
Monrovia,Downtown / Broad Street,Hood 2 Photo Credit,,https://commons.wikimedia.org/wiki/File:Atlantic_Compound_Pool_side_-_panoramio.jpg
Monrovia,Sinkor,Hood 3 Photo File,,images/hoods/monrovia--sinkor.webp
Monrovia,Sinkor,Hood 3 Photo Credit,,"https://commons.wikimedia.org/wiki/File:Liberia,_Africa_-_panoramio_(180).jpg"
Monrovia,Congo Town,Hood 4 Photo File,,images/hoods/monrovia--congo-town.webp
Monrovia,Congo Town,Hood 4 Photo Credit,,https://commons.wikimedia.org/wiki/File:Dried_fish_-_Oyo_-_Congo.JPG
Monrovia,Airport Road / Kendeja,Hood 5 Photo File,,images/hoods/monrovia--airport-road-kendeja.webp
Monrovia,Airport Road / Kendeja,Hood 5 Photo Credit,,https://commons.wikimedia.org/wiki/File:Airport_Road_Brampton.jpg
Maseru,hero,City Photo File,,images/cities/maseru.webp
Maseru,hero,City Photo Credit,,https://en.wikipedia.org/wiki/File:Maseru_City_CBD.jpg
Maseru,City Centre,Hood 1 Photo File,,images/hoods/maseru--city-centre.webp
Maseru,City Centre,Hood 1 Photo Credit,,https://commons.wikimedia.org/wiki/File:Lesotho_ESA23916531.jpeg
Maseru,Hillsview,Hood 3 Photo File,,images/hoods/maseru--hillsview.webp
Maseru,Hillsview,Hood 3 Photo Credit,,https://commons.wikimedia.org/wiki/File:Controls_at_David_Dunlap_Observatory.jpg
Maseru,Maqalika,Hood 5 Photo File,,images/hoods/maseru--maqalika.webp
Maseru,Maqalika,Hood 5 Photo Credit,,https://commons.wikimedia.org/wiki/File:ISS024-E-12750_-_View_of_Lesotho_and_South_Africa_-_Ladybrand_-_Wolwekop_and_Platbergsdrift_-_Maseru_-_Caledon_River_-_mountain_Qoaling_-_Maqalika_Lake_(cropped).jpg
Bissau,hero,City Photo File,,images/cities/bissau.webp
Bissau,hero,City Photo Credit,,"https://commons.wikimedia.org/wiki/File:View_of_Bissau_Velho,_Bissau.jpg"
Bissau,Bissau Velho (Old Town),Hood 1 Photo File,,images/hoods/bissau--bissau-velho-old-town.webp
Bissau,Bissau Velho (Old Town),Hood 1 Photo Credit,,https://commons.wikimedia.org/wiki/File:Bissau_Velho-_cidade_de_Bissau.jpg
Bissau,Praça / Avenida Amílcar Cabral,Hood 2 Photo File,,images/hoods/bissau--praca-avenida-amilcar-cabral.webp
Bissau,Praça / Avenida Amílcar Cabral,Hood 2 Photo Credit,,"https://commons.wikimedia.org/wiki/File:Pra%C3%A7a_Che_Guevara,_Bissau_2.jpg"
Banjul,hero,City Photo File,,images/cities/banjul.webp
Banjul,hero,City Photo Credit,,https://en.wikipedia.org/wiki/File:Gambia%2C_Banjul%2C_Arch_22.jpg
Banjul,Banjul (Downtown/Ferry Terminal),Hood 1 Photo File,,images/hoods/banjul--banjul-downtown-ferry-terminal.webp
Banjul,Banjul (Downtown/Ferry Terminal),Hood 1 Photo Credit,,https://commons.wikimedia.org/wiki/File:Banjul_Gambia_downtown_(2346354698).jpg
Banjul,Fajara,Hood 2 Photo File,,images/hoods/banjul--fajara.webp
Banjul,Fajara,Hood 2 Photo Credit,,https://commons.wikimedia.org/wiki/File:Fajara_War_Cemetery_Gambia.jpg
Banjul,Bakau / Cape Point,Hood 3 Photo File,,images/hoods/banjul--bakau-cape-point.webp
Banjul,Bakau / Cape Point,Hood 3 Photo Credit,,https://commons.wikimedia.org/wiki/File:Gambia_(9380869553).jpg
Malabo,hero,City Photo File,,images/cities/malabo.webp
Malabo,hero,City Photo Credit,,https://en.wikipedia.org/wiki/File:Hotel_de_Federaciones_02.jpg
Malabo,Centro Histórico,Hood 1 Photo File,,images/hoods/malabo--centro-historico.webp
Malabo,Centro Histórico,Hood 1 Photo Credit,,https://commons.wikimedia.org/wiki/File:Malabo_(16513091145).jpg
Malabo,Carretera del Aeropuerto,Hood 2 Photo File,,images/hoods/malabo--carretera-del-aeropuerto.webp
Malabo,Carretera del Aeropuerto,Hood 2 Photo Credit,,https://commons.wikimedia.org/wiki/File:UNED-GQ_IMG_6285_(6510140931).jpg
Malabo,Sipopo,Hood 3 Photo File,,images/hoods/malabo--sipopo.webp
Malabo,Sipopo,Hood 3 Photo Credit,,https://commons.wikimedia.org/wiki/File:Islotes_Horacio_1.JPG
Malabo,Caracolas,Hood 4 Photo File,,images/hoods/malabo--caracolas.webp
Malabo,Caracolas,Hood 4 Photo Credit,,https://commons.wikimedia.org/wiki/File:Caracola_(1994).101_-_A_Coru%C3%B1a.jpg
Malabo,Malabo II,Hood 5 Photo File,,images/hoods/malabo--malabo-ii.webp
Malabo,Malabo II,Hood 5 Photo Credit,,https://commons.wikimedia.org/wiki/File:Paraiso_Strassenbild_2013_5.JPG
Djibouti City,hero,City Photo File,,images/cities/djibouti-city.webp
Djibouti City,hero,City Photo Credit,,https://commons.wikimedia.org/wiki/File:Place_Menelik_in_Djibouti_city_(25058480721).jpg
Djibouti City,Plateau du Serpent,Hood 2 Photo File,,images/hoods/djibouti-city--plateau-du-serpent.webp
Djibouti City,Plateau du Serpent,Hood 2 Photo Credit,,https://commons.wikimedia.org/wiki/File:Plateau_du_Serpent_(25151636855).jpg
Djibouti City,Ambouli,Hood 4 Photo File,,images/hoods/djibouti-city--ambouli.webp
Djibouti City,Ambouli,Hood 4 Photo Credit,,https://commons.wikimedia.org/wiki/File:Secretary_Tillerson_is_Greeted_by_Djiboutian_Foreign_Minister_Youssouf_(25836678027).jpg
Moroni,hero,City Photo File,,images/cities/moroni.webp
Moroni,hero,City Photo Credit,,https://commons.wikimedia.org/wiki/File:Moroni_Medina_Comoros_3.jpg
Moroni,Medina (Old Town),Hood 1 Photo File,,images/hoods/moroni--medina-old-town.webp
Moroni,Medina (Old Town),Hood 1 Photo Credit,,"https://commons.wikimedia.org/wiki/File:Flickr_-_Woodlouse_-_Old_Friday_Mosque_and_harbour,_Moroni.jpg"
Moroni,Itsandra,Hood 4 Photo File,,images/hoods/moroni--itsandra.webp
Moroni,Itsandra,Hood 4 Photo Credit,,https://commons.wikimedia.org/wiki/File:Moroni_beach.jpg
Moroni,Coulée,Hood 5 Photo File,,images/hoods/moroni--coulee.webp
Moroni,Coulée,Hood 5 Photo Credit,,https://commons.wikimedia.org/wiki/File:Coulee_Grou_02.jpg
Funafuti,hero,City Photo File,,images/cities/funafuti.webp
Funafuti,hero,City Photo Credit,,https://commons.wikimedia.org/wiki/File:Tuvalu_-_Funafuti_-_Beach_-_3-2000.jpg
Funafuti,Vaiaku,Hood 1 Photo File,,images/hoods/funafuti--vaiaku.webp
Funafuti,Vaiaku,Hood 1 Photo Credit,,https://commons.wikimedia.org/wiki/File:Tuvalu_Women_for_Change.jpg
Koror,hero,City Photo File,,images/cities/koror.webp
Koror,hero,City Photo Credit,,https://en.wikipedia.org/wiki/File:Main_St%2C_Koror%2C_Palau_-_panoramio_(1).jpg
Koror,Malakal Island,Hood 2 Photo File,,images/hoods/koror--malakal-island.webp
Koror,Malakal Island,Hood 2 Photo Credit,,https://commons.wikimedia.org/wiki/File:Sea_Passion_Hotel_from_Palau_Vacation_Hotel.jpg
Koror,Meyuns (Arakabesang Peninsula),Hood 3 Photo File,,images/hoods/koror--meyuns-arakabesang-peninsula.webp
Koror,Meyuns (Arakabesang Peninsula),Hood 3 Photo Credit,,https://commons.wikimedia.org/wiki/File:Belau_National_Hospital.JPG
Koror,Airai (near airport),Hood 4 Photo File,,images/hoods/koror--airai-near-airport.webp
Koror,Airai (near airport),Hood 4 Photo Credit,,"https://commons.wikimedia.org/wiki/File:Palau_International_Airport,_Arrivals.jpg"
Koror,Ngerbeched/Ngermid,Hood 5 Photo File,,images/hoods/koror--ngerbeched-ngermid.webp
Koror,Ngerbeched/Ngermid,Hood 5 Photo Credit,,"https://commons.wikimedia.org/wiki/File:Spotted_Jellyfish,_Aquarium_at_Palau_International_Coral_Reef_Center,_Koror_(9723403702).jpg"
Yaren,hero,City Photo File,,images/cities/yaren.webp
Yaren,hero,City Photo Credit,,https://commons.wikimedia.org/wiki/File:Living_on_a_Blue_Planet_-_Nauru.jpg
Yaren,Yaren,Hood 1 Photo File,,images/hoods/yaren--yaren.webp
Yaren,Yaren,Hood 1 Photo Credit,,https://commons.wikimedia.org/wiki/File:YAREN.png
Yaren,Aiwo,Hood 2 Photo File,,images/hoods/yaren--aiwo.webp
Yaren,Aiwo,Hood 2 Photo Credit,,https://commons.wikimedia.org/wiki/File:AIWO.png
Weno,hero,City Photo File,,images/cities/weno.webp
Weno,hero,City Photo Credit,,https://en.wikipedia.org/wiki/File:Weno_Chuuk_Mountain.jpg
Weno,Iras,Hood 1 Photo File,,images/hoods/weno--iras.webp
Weno,Iras,Hood 1 Photo Credit,,https://commons.wikimedia.org/wiki/File:A_lucky_observation_of_an_enigmatic_cloud_(potw1008a).tiff
Majuro,hero,City Photo File,,images/cities/majuro.webp
Majuro,hero,City Photo Credit,,https://en.wikipedia.org/wiki/File:Eneko_Islet_02.JPG
Majuro,Uliga,Hood 1 Photo File,,images/hoods/majuro--uliga.webp
Majuro,Uliga,Hood 1 Photo Credit,,https://commons.wikimedia.org/wiki/File:12.03_%E3%80%8C%E7%B9%81%E6%A6%AE%E5%8D%97%E5%B3%B6_%E6%99%BA%E6%85%A7%E6%B0%B8%E7%BA%8C%E3%80%8D%E7%B8%BD%E7%B5%B1%E8%A6%96%E5%AF%9F%E6%88%91%E5%9C%8B%E9%A7%90%E9%A6%AC%E5%9C%8B%E6%8A%80%E8%A1%93%E5%9C%98%E3%80%8C%E9%A6%AC%E7%B4%B9%E7%88%BE%E7%BE%A4%E5%B3%B6%E5%8F%8A%E5%8F%B0%E7%81%A3%E9%A7%90%E9%A6%AC%E5%9C%8B%E6%8A%80%E8%A1%93%E5%9C%98%E5%B8%82%E9%9B%86%E3%80%8D_(54180811614).jpg
Majuro,Delap,Hood 2 Photo File,,images/hoods/majuro--delap.webp
Majuro,Delap,Hood 2 Photo Credit,,https://commons.wikimedia.org/wiki/File:F20250713AH-3815_President_Donald_Trump_and_First_Lady_Melania_Trump_attend_the_FIFA_Club_World_Cup_Final_soccer_match.jpg
Majuro,"Outer Islets (Eneko, Bikendrik & Arno)",Hood 5 Photo File,,images/hoods/majuro--outer-islets-eneko-bikendrik-arno.webp
Majuro,"Outer Islets (Eneko, Bikendrik & Arno)",Hood 5 Photo Credit,,https://commons.wikimedia.org/wiki/File:Stromness_Outer_Holm_seen_from_Stromness_Museum.jpg
Tarawa,hero,City Photo File,,images/cities/tarawa.webp
Tarawa,hero,City Photo Credit,,https://en.wikipedia.org/wiki/File:South_Tarawa_from_the_air.jpg
Tarawa,Betio,Hood 1 Photo File,,images/hoods/tarawa--betio.webp
Tarawa,Betio,Hood 1 Photo Credit,,"https://commons.wikimedia.org/wiki/File:Loading_copra_at_Betio_port,_Kiribati.JPG"
Tarawa,Bikenibeu,Hood 2 Photo File,,images/hoods/tarawa--bikenibeu.webp
Tarawa,Bikenibeu,Hood 2 Photo Credit,,https://commons.wikimedia.org/wiki/File:Secondary_School_students_in_Bikenibeu._Kiribati_2007._Photo-_Lorrie_Graham_(10720882343).jpg
Tarawa,Ambo,Hood 3 Photo File,,images/hoods/tarawa--ambo.webp
Tarawa,Ambo,Hood 3 Photo Credit,,https://commons.wikimedia.org/wiki/File:Zentralbibliothek_Z%C3%BCrich_-_Ambo_in_SS._Giovanni_e_Paolo_zu_Ravenna_-_991046598359705501.jpg
Tarawa,North Tarawa,Hood 4 Photo File,,images/hoods/tarawa--north-tarawa.webp
Tarawa,North Tarawa,Hood 4 Photo Credit,,https://commons.wikimedia.org/wiki/File:Abaiang-Tarawa_1873_map_nla.obj-233983677-1.jpg
Paramaribo,hero,City Photo File,,images/cities/paramaribo.webp
Paramaribo,hero,City Photo Credit,,https://commons.wikimedia.org/wiki/File:Paramaribo_district_07.jpg
Paramaribo,Waterkant,Hood 2 Photo File,,images/hoods/paramaribo--waterkant.webp
Paramaribo,Waterkant,Hood 2 Photo Credit,,"https://commons.wikimedia.org/wiki/File:Dag_der_Marrons,_Paramaribo,_2020_-_01.jpg"
Paramaribo,Tourtonne,Hood 3 Photo File,,images/hoods/paramaribo--tourtonne.webp
Paramaribo,Tourtonne,Hood 3 Photo Credit,,"https://commons.wikimedia.org/wiki/File:Op_den_westdam_van_Tourtonne_(titel_op_object),_NG-1994-65-2-32-2.jpg"
Paramaribo,Zorg en Hoop,Hood 4 Photo File,,images/hoods/paramaribo--zorg-en-hoop.webp
Paramaribo,Zorg en Hoop,Hood 4 Photo Credit,,"https://commons.wikimedia.org/wiki/File:Zendapparatuur_waarschijnlijk_bij_de_airstrip_Zorg_en_Hoop_(Paramaribo),_Bestanddeelnr_252-2331.jpg"
Ulaanbaatar,hero,City Photo File,images/cities/ulan-bator.jpg,images/cities/ulaanbaatar.webp
Ulaanbaatar,hero,City Photo Credit,https://commons.wikimedia.org/wiki/File:UB_downtown.jpg,https://en.wikipedia.org/wiki/File:UB_downtown.jpg
Ulaanbaatar,City Center (Sukhbaatar Square),Hood 1 Photo File,,images/hoods/ulaanbaatar--city-center-sukhbaatar-square.webp
Ulaanbaatar,City Center (Sukhbaatar Square),Hood 1 Photo Credit,,"https://commons.wikimedia.org/wiki/File:Lobby_entrance_in_City_center,_Ulaanbaatar.jpg"
Ulaanbaatar,Peace Avenue,Hood 2 Photo File,,images/hoods/ulaanbaatar--peace-avenue.webp
Ulaanbaatar,Peace Avenue,Hood 2 Photo Credit,,https://commons.wikimedia.org/wiki/File:Peace_Avenue_(2397992099).jpg
Ulaanbaatar,Gandan Quarter,Hood 3 Photo File,,images/hoods/ulaanbaatar--gandan-quarter.webp
Ulaanbaatar,Gandan Quarter,Hood 3 Photo Credit,,https://commons.wikimedia.org/wiki/File:Yurt_quarter_in_Ulaanbaatar.jpg
Ulaanbaatar,Khan-Uul District,Hood 4 Photo File,,images/hoods/ulaanbaatar--khan-uul-district.webp
Ulaanbaatar,Khan-Uul District,Hood 4 Photo Credit,,https://commons.wikimedia.org/wiki/File:Karabakh_Azerbaijan_Restaurant.jpg
Ulaanbaatar,Zaisan,Hood 5 Photo File,,images/hoods/ulaanbaatar--zaisan.webp
Ulaanbaatar,Zaisan,Hood 5 Photo Credit,,https://commons.wikimedia.org/wiki/File:Sokat_v%C3%A1ltozott_a_vil%C3%A1g_60_%C3%A9v_alatt..._(The_world_changed_a_lot_in_the_last_60_years...)_-_panoramio.jpg
Kuwait City,hero,City Photo File,,images/cities/kuwait-city.webp
Kuwait City,hero,City Photo Credit,,https://en.wikipedia.org/wiki/File:Kuwait_City_Skyline_1.jpg
Kuwait City,Sharq,Hood 1 Photo File,,images/hoods/kuwait-city--sharq.webp
Kuwait City,Sharq,Hood 1 Photo Credit,,"https://commons.wikimedia.org/wiki/File:Fishing_rod,_Souq_Sharq,_Kuwait.jpg"
Kuwait City,Kuwait City Center (Al Hamra),Hood 2 Photo File,,images/hoods/kuwait-city--kuwait-city-center-al-hamra.webp
Kuwait City,Kuwait City Center (Al Hamra),Hood 2 Photo Credit,,https://commons.wikimedia.org/wiki/File:Kuwait_Alhamra_Tower_(37472150).jpeg
Kuwait City,Salmiya,Hood 3 Photo File,,images/hoods/kuwait-city--salmiya.webp
Kuwait City,Salmiya,Hood 3 Photo Credit,,"https://commons.wikimedia.org/wiki/File:Kuwait_Scientific_Centre,_Salmiya,_Kuwait_01.jpg"
Kuwait City,Hawally,Hood 4 Photo File,,images/hoods/kuwait-city--hawally.webp
Kuwait City,Hawally,Hood 4 Photo Credit,,"https://commons.wikimedia.org/wiki/File:Walkover_bridge,_Hawally,_Kuwait.jpg"
Kuwait City,Farwaniya,Hood 5 Photo File,,images/hoods/kuwait-city--farwaniya.webp
Kuwait City,Farwaniya,Hood 5 Photo Credit,,https://commons.wikimedia.org/wiki/File:Farwaniya_Kuwait.jpg
Nicosia,hero,City Photo File,,images/cities/nicosia.webp
Nicosia,hero,City Photo Credit,,https://en.wikipedia.org/wiki/File:Nicosia's_skyline_2024.jpg
Nicosia,Laiki Geitonia (Old Town),Hood 1 Photo File,,images/hoods/nicosia--laiki-geitonia-old-town.webp
Nicosia,Laiki Geitonia (Old Town),Hood 1 Photo Credit,,https://commons.wikimedia.org/wiki/File:Laiki_Geitonia_-_panoramio.jpg
Nicosia,Eleftheria Square / City Centre,Hood 2 Photo File,,images/hoods/nicosia--eleftheria-square-city-centre.webp
Nicosia,Eleftheria Square / City Centre,Hood 2 Photo Credit,,https://commons.wikimedia.org/wiki/File:Christmas_Fair_in_Nicosia.jpg
Nicosia,Engomi,Hood 3 Photo File,,images/hoods/nicosia--engomi.webp
Nicosia,Engomi,Hood 3 Photo Credit,,https://commons.wikimedia.org/wiki/File:Engomi_Town_Hall_2015.jpg
Nicosia,Strovolos,Hood 5 Photo File,,images/hoods/nicosia--strovolos.webp
Nicosia,Strovolos,Hood 5 Photo Credit,,https://commons.wikimedia.org/wiki/File:CYPRUS_CENTRAL_BANK_PANORAMIC_PHOTO_BY_GEORGY_-_panoramio.jpg
Kotor,hero,City Photo File,,images/cities/kotor.webp
Kotor,hero,City Photo Credit,,https://commons.wikimedia.org/wiki/File:20090719_Crkva_Gospa_od_Zdravlja_Kotor_Bay_Montenegro.jpg
Kotor,Old Town (Stari Grad),Hood 1 Photo File,,images/hoods/kotor--old-town-stari-grad.webp
Kotor,Old Town (Stari Grad),Hood 1 Photo Credit,,https://commons.wikimedia.org/wiki/File:Kotor_Cathedral_church.jpg
Kotor,Dobrota,Hood 2 Photo File,,images/hoods/kotor--dobrota.webp
Kotor,Dobrota,Hood 2 Photo Credit,,https://www.pexels.com/photo/saint-matthias-church-in-dobrota-by-the-bay-of-kotor-26706425/
Kotor,Perast,Hood 3 Photo File,,images/hoods/kotor--perast.webp
Kotor,Perast,Hood 3 Photo Credit,,https://commons.wikimedia.org/wiki/File:Perast_100.jpg
Kotor,Prčanj,Hood 4 Photo File,,images/hoods/kotor--prcanj.webp
Kotor,Prčanj,Hood 4 Photo Credit,,https://commons.wikimedia.org/wiki/File:Prcanj.jpg
Kotor,Muo,Hood 5 Photo File,,images/hoods/kotor--muo.webp
Kotor,Muo,Hood 5 Photo Credit,,https://commons.wikimedia.org/wiki/File:D02.07_Muo.jpg
